algo,linkage,eps,clusters,min_samples,num_clusters,silhouette_score,min_cluster_size,num_representative_clusters,silhouette_score_representative_clusters
DBSCAN,,0.9799158227686102,"[{'avg_silhouette': 0.3963080934390722, 'num_points': 7181}, {'avg_silhouette': 0.4355446363298974, 'num_points': 11}, {'avg_silhouette': 0.6223519064164543, 'num_points': 16}, {'avg_silhouette': 0.5467269716903085, 'num_points': 40}, {'avg_silhouette': 0.45231550460343123, 'num_points': 73}, {'avg_silhouette': 0.3435261728184774, 'num_points': 20}, {'avg_silhouette': 0.3556157502610564, 'num_points': 22}, {'avg_silhouette': 0.45310270643396666, 'num_points': 39}, {'avg_silhouette': 0.36623293330262396, 'num_points': 15}, {'avg_silhouette': 0.3314882278841339, 'num_points': 32}, {'avg_silhouette': 0.3469045318070645, 'num_points': 14}, {'avg_silhouette': 0.32322677238375014, 'num_points': 16}, {'avg_silhouette': 0.5083552531471539, 'num_points': 22}]",10.0,13,0.3822432237612289,,1,
DBSCAN,,0.9699158227686102,"[{'avg_silhouette': 0.3963080934390722, 'num_points': 7181}, {'avg_silhouette': 0.4355446363298974, 'num_points': 11}, {'avg_silhouette': 0.6223519064164543, 'num_points': 16}, {'avg_silhouette': 0.5467269716903085, 'num_points': 40}, {'avg_silhouette': 0.45231550460343123, 'num_points': 73}, {'avg_silhouette': 0.3435261728184774, 'num_points': 20}, {'avg_silhouette': 0.3556157502610564, 'num_points': 22}, {'avg_silhouette': 0.45310270643396666, 'num_points': 39}, {'avg_silhouette': 0.36623293330262396, 'num_points': 15}, {'avg_silhouette': 0.3314882278841339, 'num_points': 32}, {'avg_silhouette': 0.3469045318070645, 'num_points': 14}, {'avg_silhouette': 0.32322677238375014, 'num_points': 16}, {'avg_silhouette': 0.5083552531471539, 'num_points': 22}]",10.0,13,0.3822432237612289,,1,
DBSCAN,,0.9899158227686102,"[{'avg_silhouette': 0.39618854176019525, 'num_points': 7182}, {'avg_silhouette': 0.4355746345182611, 'num_points': 11}, {'avg_silhouette': 0.6223732395812416, 'num_points': 16}, {'avg_silhouette': 0.5467473546102133, 'num_points': 40}, {'avg_silhouette': 0.4523420142986897, 'num_points': 73}, {'avg_silhouette': 0.3435562338009543, 'num_points': 20}, {'avg_silhouette': 0.35564251431007515, 'num_points': 22}, {'avg_silhouette': 0.45313159303205014, 'num_points': 39}, {'avg_silhouette': 0.36626455076027536, 'num_points': 15}, {'avg_silhouette': 0.33151675308489725, 'num_points': 32}, {'avg_silhouette': 0.34693135342486503, 'num_points': 14}, {'avg_silhouette': 0.323256367061405, 'num_points': 16}, {'avg_silhouette': 0.5083699169977391, 'num_points': 22}]",10.0,13,0.38221121039102524,,1,
DBSCAN,,0.9599158227686102,"[{'avg_silhouette': 0.3964389565383738, 'num_points': 7179}, {'avg_silhouette': 0.6223017861468001, 'num_points': 16}, {'avg_silhouette': 0.5466630399365775, 'num_points': 40}, {'avg_silhouette': 0.4354681088880532, 'num_points': 11}, {'avg_silhouette': 0.4522391734115888, 'num_points': 73}, {'avg_silhouette': 0.3434529906290858, 'num_points': 20}, {'avg_silhouette': 0.3555324662900119, 'num_points': 22}, {'avg_silhouette': 0.4530306843622576, 'num_points': 39}, {'avg_silhouette': 0.3314095846015227, 'num_points': 32}, {'avg_silhouette': 0.39816647337762834, 'num_points': 13}, {'avg_silhouette': 0.3231454828666167, 'num_points': 16}, {'avg_silhouette': 0.366155603836379, 'num_points': 15}, {'avg_silhouette': 0.5083158857025917, 'num_points': 22}]",10.0,13,0.38218272684865817,,1,
DBSCAN,,0.9999158227686102,"[{'avg_silhouette': 0.39601256305572413, 'num_points': 7183}, {'avg_silhouette': 0.4356265329044874, 'num_points': 11}, {'avg_silhouette': 0.6224079188020177, 'num_points': 16}, {'avg_silhouette': 0.5467853554132984, 'num_points': 40}, {'avg_silhouette': 0.45238984491282974, 'num_points': 73}, {'avg_silhouette': 0.34360499236838715, 'num_points': 20}, {'avg_silhouette': 0.355694678811079, 'num_points': 22}, {'avg_silhouette': 0.45318118443187944, 'num_points': 39}, {'avg_silhouette': 0.366317398418609, 'num_points': 15}, {'avg_silhouette': 0.3315616424763477, 'num_points': 32}, {'avg_silhouette': 0.3469876166803291, 'num_points': 14}, {'avg_silhouette': 0.3233056942982563, 'num_points': 16}, {'avg_silhouette': 0.5083903506688316, 'num_points': 22}]",10.0,13,0.3821264395986995,,1,
DBSCAN,,0.9399158227686102,"[{'avg_silhouette': 0.3964169917623075, 'num_points': 7178}, {'avg_silhouette': 0.6222810629634178, 'num_points': 16}, {'avg_silhouette': 0.5466411103093287, 'num_points': 40}, {'avg_silhouette': 0.4354371577450808, 'num_points': 11}, {'avg_silhouette': 0.4522130989698249, 'num_points': 73}, {'avg_silhouette': 0.3434226864182661, 'num_points': 20}, {'avg_silhouette': 0.35549969520849395, 'num_points': 22}, {'avg_silhouette': 0.452999543411221, 'num_points': 39}, {'avg_silhouette': 0.34369381663723114, 'num_points': 31}, {'avg_silhouette': 0.3981397024072501, 'num_points': 13}, {'avg_silhouette': 0.3231140979559686, 'num_points': 16}, {'avg_silhouette': 0.3661218370063219, 'num_points': 15}, {'avg_silhouette': 0.5083004188777608, 'num_points': 22}]",10.0,13,0.38203597227163183,,1,
DBSCAN,,0.9299158227686102,"[{'avg_silhouette': 0.3964169917623075, 'num_points': 7178}, {'avg_silhouette': 0.6222810629634178, 'num_points': 16}, {'avg_silhouette': 0.5466411103093287, 'num_points': 40}, {'avg_silhouette': 0.4354371577450808, 'num_points': 11}, {'avg_silhouette': 0.4522130989698249, 'num_points': 73}, {'avg_silhouette': 0.3434226864182661, 'num_points': 20}, {'avg_silhouette': 0.35549969520849395, 'num_points': 22}, {'avg_silhouette': 0.452999543411221, 'num_points': 39}, {'avg_silhouette': 0.34369381663723114, 'num_points': 31}, {'avg_silhouette': 0.3981397024072501, 'num_points': 13}, {'avg_silhouette': 0.3231140979559686, 'num_points': 16}, {'avg_silhouette': 0.3661218370063219, 'num_points': 15}, {'avg_silhouette': 0.5083004188777608, 'num_points': 22}]",10.0,13,0.38203597227163183,,1,
DBSCAN,,0.9199158227686102,"[{'avg_silhouette': 0.3964169917623075, 'num_points': 7178}, {'avg_silhouette': 0.6222810629634178, 'num_points': 16}, {'avg_silhouette': 0.5466411103093287, 'num_points': 40}, {'avg_silhouette': 0.4522130989698249, 'num_points': 73}, {'avg_silhouette': 0.3434226864182661, 'num_points': 20}, {'avg_silhouette': 0.35549969520849395, 'num_points': 22}, {'avg_silhouette': 0.452999543411221, 'num_points': 39}, {'avg_silhouette': 0.34369381663723114, 'num_points': 31}, {'avg_silhouette': 0.3981397024072501, 'num_points': 13}, {'avg_silhouette': 0.3661218370063219, 'num_points': 15}, {'avg_silhouette': 0.5083004188777608, 'num_points': 22}, {'avg_silhouette': 0.3231140979559686, 'num_points': 16}, {'avg_silhouette': 0.4354371577450808, 'num_points': 11}]",10.0,13,0.38203597227163183,,1,
DBSCAN,,0.9499158227686102,"[{'avg_silhouette': 0.3962933194084953, 'num_points': 7179}, {'avg_silhouette': 0.6223017861468001, 'num_points': 16}, {'avg_silhouette': 0.5466630399365775, 'num_points': 40}, {'avg_silhouette': 0.4354681088880532, 'num_points': 11}, {'avg_silhouette': 0.4522391734115888, 'num_points': 73}, {'avg_silhouette': 0.3434529906290858, 'num_points': 20}, {'avg_silhouette': 0.3555324662900119, 'num_points': 22}, {'avg_silhouette': 0.4530306843622576, 'num_points': 39}, {'avg_silhouette': 0.3437248364637577, 'num_points': 31}, {'avg_silhouette': 0.39816647337762834, 'num_points': 13}, {'avg_silhouette': 0.3231454828666167, 'num_points': 16}, {'avg_silhouette': 0.366155603836379, 'num_points': 15}, {'avg_silhouette': 0.5083158857025917, 'num_points': 22}]",10.0,13,0.3819988708893867,,1,
DBSCAN,,0.9099158227686102,"[{'avg_silhouette': 0.3964169917623075, 'num_points': 7178}, {'avg_silhouette': 0.6222810629634178, 'num_points': 16}, {'avg_silhouette': 0.5466411103093287, 'num_points': 40}, {'avg_silhouette': 0.4522130989698249, 'num_points': 73}, {'avg_silhouette': 0.3434226864182661, 'num_points': 20}, {'avg_silhouette': 0.35549969520849395, 'num_points': 22}, {'avg_silhouette': 0.452999543411221, 'num_points': 39}, {'avg_silhouette': 0.34369381663723114, 'num_points': 31}, {'avg_silhouette': 0.3981397024072501, 'num_points': 13}, {'avg_silhouette': 0.3661218370063219, 'num_points': 15}, {'avg_silhouette': 0.525953727220118, 'num_points': 21}, {'avg_silhouette': 0.3231140979559686, 'num_points': 16}, {'avg_silhouette': 0.4354371577450808, 'num_points': 11}]",10.0,13,0.381942208941804,,1,
DBSCAN,,0.8999158227686102,"[{'avg_silhouette': 0.39635984486257897, 'num_points': 7177}, {'avg_silhouette': 0.6222583611218929, 'num_points': 16}, {'avg_silhouette': 0.5466136553086803, 'num_points': 40}, {'avg_silhouette': 0.45217730437327436, 'num_points': 73}, {'avg_silhouette': 0.36129555630736954, 'num_points': 19}, {'avg_silhouette': 0.36721233258353475, 'num_points': 21}, {'avg_silhouette': 0.45296905971072904, 'num_points': 39}, {'avg_silhouette': 0.35382090936827587, 'num_points': 30}, {'avg_silhouette': 0.3981052065786148, 'num_points': 13}, {'avg_silhouette': 0.3660885147287051, 'num_points': 15}, {'avg_silhouette': 0.5259374691334218, 'num_points': 21}, {'avg_silhouette': 0.32307739952255826, 'num_points': 16}, {'avg_silhouette': 0.43540319783264647, 'num_points': 11}]",10.0,13,0.3816304110537793,,1,
DBSCAN,,0.8899158227686101,"[{'avg_silhouette': 0.39649335205795955, 'num_points': 7176}, {'avg_silhouette': 0.6222346273324052, 'num_points': 16}, {'avg_silhouette': 0.546588236660335, 'num_points': 40}, {'avg_silhouette': 0.4521462819618741, 'num_points': 73}, {'avg_silhouette': 0.36125998410117094, 'num_points': 19}, {'avg_silhouette': 0.3671769747687984, 'num_points': 21}, {'avg_silhouette': 0.45293421744206486, 'num_points': 39}, {'avg_silhouette': 0.3537863683877134, 'num_points': 30}, {'avg_silhouette': 0.3980792622077098, 'num_points': 13}, {'avg_silhouette': 0.36605256807132325, 'num_points': 15}, {'avg_silhouette': 0.544117656879061, 'num_points': 20}, {'avg_silhouette': 0.32304286471293875, 'num_points': 16}, {'avg_silhouette': 0.4353710213091974, 'num_points': 11}]",10.0,13,0.38157754609123756,,1,
DBSCAN,,0.8799158227686101,"[{'avg_silhouette': 0.39654650567845795, 'num_points': 7175}, {'avg_silhouette': 0.6222159477028404, 'num_points': 16}, {'avg_silhouette': 0.5465690674438287, 'num_points': 40}, {'avg_silhouette': 0.4521198771771381, 'num_points': 73}, {'avg_silhouette': 0.3612345838324226, 'num_points': 19}, {'avg_silhouette': 0.380429567125014, 'num_points': 20}, {'avg_silhouette': 0.4529060671887159, 'num_points': 39}, {'avg_silhouette': 0.3537602617447144, 'num_points': 30}, {'avg_silhouette': 0.39805493736422515, 'num_points': 13}, {'avg_silhouette': 0.3890302342449384, 'num_points': 14}, {'avg_silhouette': 0.5441045075151998, 'num_points': 20}, {'avg_silhouette': 0.3230189014830639, 'num_points': 16}, {'avg_silhouette': 0.43534537267045076, 'num_points': 11}]",10.0,13,0.38143255356457045,,1,
DBSCAN,,0.8699158227686101,"[{'avg_silhouette': 0.39655025919562864, 'num_points': 7174}, {'avg_silhouette': 0.6221915739047159, 'num_points': 16}, {'avg_silhouette': 0.5465394399819478, 'num_points': 40}, {'avg_silhouette': 0.45208508181614493, 'num_points': 73}, {'avg_silhouette': 0.3611961809652601, 'num_points': 19}, {'avg_silhouette': 0.3803917761805683, 'num_points': 20}, {'avg_silhouette': 0.45287023927908177, 'num_points': 39}, {'avg_silhouette': 0.3660582532580402, 'num_points': 29}, {'avg_silhouette': 0.39801589152123884, 'num_points': 13}, {'avg_silhouette': 0.38899003477260424, 'num_points': 14}, {'avg_silhouette': 0.5440852812279184, 'num_points': 20}, {'avg_silhouette': 0.3229762832155829, 'num_points': 16}, {'avg_silhouette': 0.43530742115832477, 'num_points': 11}]",10.0,13,0.3812957023055483,,1,
DBSCAN,,0.8599158227686101,"[{'avg_silhouette': 0.39677587487804794, 'num_points': 7172}, {'avg_silhouette': 0.622135111798997, 'num_points': 16}, {'avg_silhouette': 0.5464737693351971, 'num_points': 40}, {'avg_silhouette': 0.452002484453602, 'num_points': 73}, {'avg_silhouette': 0.3611112215324504, 'num_points': 19}, {'avg_silhouette': 0.39950443688012305, 'num_points': 19}, {'avg_silhouette': 0.4527855733743847, 'num_points': 39}, {'avg_silhouette': 0.36597433519825334, 'num_points': 29}, {'avg_silhouette': 0.39792816054001184, 'num_points': 13}, {'avg_silhouette': 0.3888979480625158, 'num_points': 14}, {'avg_silhouette': 0.5440455522953586, 'num_points': 20}, {'avg_silhouette': 0.3358542432840317, 'num_points': 15}, {'avg_silhouette': 0.43521989527925287, 'num_points': 11}]",10.0,13,0.38121698568198686,,1,
DBSCAN,,0.8499158227686101,"[{'avg_silhouette': 0.39558743433758237, 'num_points': 7171}, {'avg_silhouette': 0.6221150749704689, 'num_points': 16}, {'avg_silhouette': 0.5645037864964326, 'num_points': 39}, {'avg_silhouette': 0.45196901416323815, 'num_points': 73}, {'avg_silhouette': 0.36108536292161236, 'num_points': 19}, {'avg_silhouette': 0.3994686479580831, 'num_points': 19}, {'avg_silhouette': 0.4527537610063614, 'num_points': 39}, {'avg_silhouette': 0.36594284415392464, 'num_points': 29}, {'avg_silhouette': 0.42170740067532614, 'num_points': 12}, {'avg_silhouette': 0.3888635529768399, 'num_points': 14}, {'avg_silhouette': 0.5440297798249019, 'num_points': 20}, {'avg_silhouette': 0.33582205338938625, 'num_points': 15}, {'avg_silhouette': 0.43519030902336164, 'num_points': 11}]",10.0,13,0.3799258940563659,,1,
DBSCAN,,0.8399158227686101,"[{'avg_silhouette': 0.3948632862203464, 'num_points': 7170}, {'avg_silhouette': 0.62208796037812, 'num_points': 16}, {'avg_silhouette': 0.5644711259252913, 'num_points': 39}, {'avg_silhouette': 0.4519270407881485, 'num_points': 73}, {'avg_silhouette': 0.409107643447559, 'num_points': 16}, {'avg_silhouette': 0.4206865352162903, 'num_points': 18}, {'avg_silhouette': 0.4825480392044294, 'num_points': 37}, {'avg_silhouette': 0.36590448472352977, 'num_points': 29}, {'avg_silhouette': 0.42166239386635856, 'num_points': 12}, {'avg_silhouette': 0.3888209108155212, 'num_points': 14}, {'avg_silhouette': 0.5440094884984547, 'num_points': 20}, {'avg_silhouette': 0.33577881640023366, 'num_points': 15}, {'avg_silhouette': 0.4622673804308256, 'num_points': 10}]",10.0,13,0.37873625620257617,,1,
DBSCAN,,0.8299158227686101,"[{'avg_silhouette': 0.39430297129326713, 'num_points': 7168}, {'avg_silhouette': 0.6220392700492552, 'num_points': 16}, {'avg_silhouette': 0.564426298000041, 'num_points': 39}, {'avg_silhouette': 0.45186355161589425, 'num_points': 73}, {'avg_silhouette': 0.4090395662993915, 'num_points': 16}, {'avg_silhouette': 0.4381047996100932, 'num_points': 17}, {'avg_silhouette': 0.48248261759097133, 'num_points': 37}, {'avg_silhouette': 0.36583665967318074, 'num_points': 29}, {'avg_silhouette': 0.4216010763354771, 'num_points': 12}, {'avg_silhouette': 0.40278357922437225, 'num_points': 13}, {'avg_silhouette': 0.560072617154296, 'num_points': 19}, {'avg_silhouette': 0.3726639157349481, 'num_points': 12}, {'avg_silhouette': 0.4622055308434393, 'num_points': 10}]",10.0,13,0.3775293816476049,,1,
DBSCAN,,0.7999158227686101,"[{'avg_silhouette': 0.39529277745488206, 'num_points': 7164}, {'avg_silhouette': 0.6219575529509268, 'num_points': 16}, {'avg_silhouette': 0.5643364593551681, 'num_points': 39}, {'avg_silhouette': 0.4517406401996433, 'num_points': 73}, {'avg_silhouette': 0.42430035724116183, 'num_points': 15}, {'avg_silhouette': 0.4379770885580052, 'num_points': 17}, {'avg_silhouette': 0.4823605179588021, 'num_points': 37}, {'avg_silhouette': 0.37341408253217073, 'num_points': 28}, {'avg_silhouette': 0.42147455808065964, 'num_points': 12}, {'avg_silhouette': 0.41816733620015073, 'num_points': 12}, {'avg_silhouette': 0.5600165691021308, 'num_points': 19}]",10.0,11,0.376264961707122,,1,
DBSCAN,,0.8199158227686101,"[{'avg_silhouette': 0.3932979628226112, 'num_points': 7166}, {'avg_silhouette': 0.6219976640026991, 'num_points': 16}, {'avg_silhouette': 0.5643856078181788, 'num_points': 39}, {'avg_silhouette': 0.45180447795614664, 'num_points': 73}, {'avg_silhouette': 0.4089812795415145, 'num_points': 16}, {'avg_silhouette': 0.43804121227722687, 'num_points': 17}, {'avg_silhouette': 0.4824206100211899, 'num_points': 37}, {'avg_silhouette': 0.3657787047162996, 'num_points': 29}, {'avg_silhouette': 0.42154387773626056, 'num_points': 12}, {'avg_silhouette': 0.4027189955901843, 'num_points': 13}, {'avg_silhouette': 0.5600451382976824, 'num_points': 19}, {'avg_silhouette': 0.3962223639107212, 'num_points': 11}]",10.0,12,0.37551746427525795,,1,
DBSCAN,,0.77991582276861,"[{'avg_silhouette': 0.3949359860515613, 'num_points': 7159}, {'avg_silhouette': 0.6218731570302221, 'num_points': 16}, {'avg_silhouette': 0.5778091921549181, 'num_points': 38}, {'avg_silhouette': 0.4515980140757883, 'num_points': 73}, {'avg_silhouette': 0.4822290662361672, 'num_points': 37}, {'avg_silhouette': 0.373272390398883, 'num_points': 28}, {'avg_silhouette': 0.4430397513465151, 'num_points': 11}, {'avg_silhouette': 0.41802478904927165, 'num_points': 12}, {'avg_silhouette': 0.45704182960211814, 'num_points': 16}, {'avg_silhouette': 0.5793116962677733, 'num_points': 18}, {'avg_silhouette': 0.42417772677039234, 'num_points': 15}]",10.0,11,0.37521533008034524,,1,
DBSCAN,,0.78991582276861,"[{'avg_silhouette': 0.3948097611002058, 'num_points': 7160}, {'avg_silhouette': 0.6218917753507751, 'num_points': 16}, {'avg_silhouette': 0.5778312946352212, 'num_points': 38}, {'avg_silhouette': 0.4516298081197476, 'num_points': 73}, {'avg_silhouette': 0.48225681687567257, 'num_points': 37}, {'avg_silhouette': 0.37330478213693935, 'num_points': 28}, {'avg_silhouette': 0.4242063081206719, 'num_points': 15}, {'avg_silhouette': 0.4430678370361617, 'num_points': 11}, {'avg_silhouette': 0.4180529201764826, 'num_points': 12}, {'avg_silhouette': 0.457073138289166, 'num_points': 16}, {'avg_silhouette': 0.5793277256716429, 'num_points': 18}]",10.0,11,0.37516854632084073,,1,
DBSCAN,,0.8099158227686101,"[{'avg_silhouette': 0.3922707688209234, 'num_points': 7165}, {'avg_silhouette': 0.621979395360319, 'num_points': 16}, {'avg_silhouette': 0.5643631903676855, 'num_points': 39}, {'avg_silhouette': 0.4517745032399183, 'num_points': 73}, {'avg_silhouette': 0.42433055493737976, 'num_points': 15}, {'avg_silhouette': 0.43801349955712354, 'num_points': 17}, {'avg_silhouette': 0.4823935586826543, 'num_points': 37}, {'avg_silhouette': 0.3734466834602489, 'num_points': 28}, {'avg_silhouette': 0.42151082415556895, 'num_points': 12}, {'avg_silhouette': 0.41820119678608486, 'num_points': 12}, {'avg_silhouette': 0.5600323935489339, 'num_points': 19}, {'avg_silhouette': 0.4000260063351001, 'num_points': 10}]",10.0,12,0.37414393797944073,,1,
DBSCAN,,1.0099158227686102,"[{'avg_silhouette': 0.38032586155498743, 'num_points': 7507}, {'avg_silhouette': 0.627040570947121, 'num_points': 16}, {'avg_silhouette': 0.5119911445457022, 'num_points': 22}]",10.0,3,0.3702584808536263,,1,
DBSCAN,,0.76991582276861,"[{'avg_silhouette': 0.3882227361408667, 'num_points': 7158}, {'avg_silhouette': 0.678489617122683, 'num_points': 15}, {'avg_silhouette': 0.5777827619179389, 'num_points': 38}, {'avg_silhouette': 0.4515640897728581, 'num_points': 73}, {'avg_silhouette': 0.48219588213644077, 'num_points': 37}, {'avg_silhouette': 0.3732408350907432, 'num_points': 28}, {'avg_silhouette': 0.4570067216531343, 'num_points': 16}, {'avg_silhouette': 0.5792984115658331, 'num_points': 18}, {'avg_silhouette': 0.4327643817098403, 'num_points': 11}, {'avg_silhouette': 0.4837560457485989, 'num_points': 10}, {'avg_silhouette': 0.4293871596524362, 'num_points': 14}]",10.0,11,0.3685919026630176,,1,
DBSCAN,,0.74991582276861,"[{'avg_silhouette': 0.38849743463348724, 'num_points': 7152}, {'avg_silhouette': 0.6783916679153952, 'num_points': 15}, {'avg_silhouette': 0.5776645722243615, 'num_points': 38}, {'avg_silhouette': 0.45140720845371474, 'num_points': 73}, {'avg_silhouette': 0.48204468172022263, 'num_points': 37}, {'avg_silhouette': 0.3730921006019127, 'num_points': 28}, {'avg_silhouette': 0.4755794040837464, 'num_points': 15}, {'avg_silhouette': 0.5792325010865973, 'num_points': 18}, {'avg_silhouette': 0.42946836380818265, 'num_points': 10}, {'avg_silhouette': 0.4835852742762995, 'num_points': 10}, {'avg_silhouette': 0.47279247049521733, 'num_points': 12}]",10.0,11,0.36803516832196,,1,
DBSCAN,,0.75991582276861,"[{'avg_silhouette': 0.3881709279955254, 'num_points': 7155}, {'avg_silhouette': 0.678437224140726, 'num_points': 15}, {'avg_silhouette': 0.5777217096660916, 'num_points': 38}, {'avg_silhouette': 0.4514778440502915, 'num_points': 73}, {'avg_silhouette': 0.4821123258367567, 'num_points': 37}, {'avg_silhouette': 0.37316104307891884, 'num_points': 28}, {'avg_silhouette': 0.47564660405947295, 'num_points': 15}, {'avg_silhouette': 0.5792646074209942, 'num_points': 18}, {'avg_silhouette': 0.42954089201129114, 'num_points': 10}, {'avg_silhouette': 0.4836640376028056, 'num_points': 10}, {'avg_silhouette': 0.4728585788068311, 'num_points': 12}]",10.0,11,0.367950788563581,,1,
DBSCAN,,0.73991582276861,"[{'avg_silhouette': 0.3885276863357648, 'num_points': 7151}, {'avg_silhouette': 0.678379534256031, 'num_points': 15}, {'avg_silhouette': 0.5776502452726815, 'num_points': 38}, {'avg_silhouette': 0.4513881243122101, 'num_points': 73}, {'avg_silhouette': 0.482024627021122, 'num_points': 37}, {'avg_silhouette': 0.3730762017451954, 'num_points': 28}, {'avg_silhouette': 0.49689580124670274, 'num_points': 14}, {'avg_silhouette': 0.5792269391791751, 'num_points': 18}, {'avg_silhouette': 0.4294459474343039, 'num_points': 10}, {'avg_silhouette': 0.48356190625393414, 'num_points': 10}, {'avg_silhouette': 0.47277577285819755, 'num_points': 12}]",10.0,11,0.36789336625951613,,1,
DBSCAN,,0.72991582276861,"[{'avg_silhouette': 0.3891353544430049, 'num_points': 7148}, {'avg_silhouette': 0.6783163005424423, 'num_points': 15}, {'avg_silhouette': 0.577566138583803, 'num_points': 38}, {'avg_silhouette': 0.46225273007595363, 'num_points': 71}, {'avg_silhouette': 0.4906954713049117, 'num_points': 36}, {'avg_silhouette': 0.392860756508255, 'num_points': 25}, {'avg_silhouette': 0.4967926856641202, 'num_points': 14}, {'avg_silhouette': 0.5791771209964276, 'num_points': 18}, {'avg_silhouette': 0.48345023111879337, 'num_points': 10}, {'avg_silhouette': 0.4809729147654551, 'num_points': 11}]",10.0,10,0.36704404155430864,,1,
DBSCAN,,0.71991582276861,"[{'avg_silhouette': 0.38942448582259376, 'num_points': 7145}, {'avg_silhouette': 0.5775059034725324, 'num_points': 38}, {'avg_silhouette': 0.47608868200889515, 'num_points': 69}, {'avg_silhouette': 0.49061674438062636, 'num_points': 36}, {'avg_silhouette': 0.40041610921606713, 'num_points': 24}, {'avg_silhouette': 0.6782651873418656, 'num_points': 15}, {'avg_silhouette': 0.49671537104623525, 'num_points': 14}, {'avg_silhouette': 0.5791458112733736, 'num_points': 18}, {'avg_silhouette': 0.48336225001498984, 'num_points': 10}, {'avg_silhouette': 0.48090038230981835, 'num_points': 11}]",10.0,10,0.36690861439154066,,1,
DBSCAN,,0.70991582276861,"[{'avg_silhouette': 0.39013706279416366, 'num_points': 7137}, {'avg_silhouette': 0.5773599266677442, 'num_points': 38}, {'avg_silhouette': 0.4758942967175079, 'num_points': 69}, {'avg_silhouette': 0.4904347869183656, 'num_points': 36}, {'avg_silhouette': 0.4002446610388734, 'num_points': 24}, {'avg_silhouette': 0.6781428561551311, 'num_points': 15}, {'avg_silhouette': 0.4965241807394591, 'num_points': 14}, {'avg_silhouette': 0.5790786609259756, 'num_points': 18}, {'avg_silhouette': 0.4831551904904642, 'num_points': 10}, {'avg_silhouette': 0.5009699623971222, 'num_points': 10}]",10.0,10,0.36689256885755706,,1,
DBSCAN,,0.9799158227686102,"[{'avg_silhouette': 0.3737247223898934, 'num_points': 7181}, {'avg_silhouette': 0.4355446363298974, 'num_points': 11}, {'avg_silhouette': 0.6223519064164543, 'num_points': 16}, {'avg_silhouette': 0.5467269716903085, 'num_points': 40}, {'avg_silhouette': 0.42297703577910234, 'num_points': 9}, {'avg_silhouette': 0.45231550460343123, 'num_points': 73}, {'avg_silhouette': 0.6522791694376997, 'num_points': 5}, {'avg_silhouette': 0.3435261728184774, 'num_points': 20}, {'avg_silhouette': 0.3556157502610564, 'num_points': 22}, {'avg_silhouette': 0.45310270643396666, 'num_points': 39}, {'avg_silhouette': 0.36623293330262396, 'num_points': 15}, {'avg_silhouette': 0.3314882278841339, 'num_points': 32}, {'avg_silhouette': 0.3469045318070645, 'num_points': 14}, {'avg_silhouette': 0.32322677238375014, 'num_points': 16}, {'avg_silhouette': 0.5083552531471539, 'num_points': 22}, {'avg_silhouette': 0.4943894436516592, 'num_points': 8}, {'avg_silhouette': 0.862294377566337, 'num_points': 5}, {'avg_silhouette': 0.403645161752507, 'num_points': 6}]",5.0,18,0.36440691272986725,,1,
DBSCAN,,0.9699158227686102,"[{'avg_silhouette': 0.3737247223898934, 'num_points': 7181}, {'avg_silhouette': 0.4355446363298974, 'num_points': 11}, {'avg_silhouette': 0.6223519064164543, 'num_points': 16}, {'avg_silhouette': 0.5467269716903085, 'num_points': 40}, {'avg_silhouette': 0.42297703577910234, 'num_points': 9}, {'avg_silhouette': 0.45231550460343123, 'num_points': 73}, {'avg_silhouette': 0.6522791694376997, 'num_points': 5}, {'avg_silhouette': 0.3435261728184774, 'num_points': 20}, {'avg_silhouette': 0.3556157502610564, 'num_points': 22}, {'avg_silhouette': 0.45310270643396666, 'num_points': 39}, {'avg_silhouette': 0.36623293330262396, 'num_points': 15}, {'avg_silhouette': 0.3314882278841339, 'num_points': 32}, {'avg_silhouette': 0.3469045318070645, 'num_points': 14}, {'avg_silhouette': 0.32322677238375014, 'num_points': 16}, {'avg_silhouette': 0.5083552531471539, 'num_points': 22}, {'avg_silhouette': 0.4943894436516592, 'num_points': 8}, {'avg_silhouette': 0.862294377566337, 'num_points': 5}, {'avg_silhouette': 0.403645161752507, 'num_points': 6}]",5.0,18,0.36440691272986725,,1,
DBSCAN,,0.9599158227686102,"[{'avg_silhouette': 0.37388196394774176, 'num_points': 7179}, {'avg_silhouette': 0.4354681088880532, 'num_points': 11}, {'avg_silhouette': 0.6223017861468001, 'num_points': 16}, {'avg_silhouette': 0.5466630399365775, 'num_points': 40}, {'avg_silhouette': 0.42290219898024933, 'num_points': 9}, {'avg_silhouette': 0.4522391734115888, 'num_points': 73}, {'avg_silhouette': 0.6522260842723344, 'num_points': 5}, {'avg_silhouette': 0.3434529906290858, 'num_points': 20}, {'avg_silhouette': 0.3555324662900119, 'num_points': 22}, {'avg_silhouette': 0.4530306843622576, 'num_points': 39}, {'avg_silhouette': 0.366155603836379, 'num_points': 15}, {'avg_silhouette': 0.3314095846015227, 'num_points': 32}, {'avg_silhouette': 0.39816647337762834, 'num_points': 13}, {'avg_silhouette': 0.3231454828666167, 'num_points': 16}, {'avg_silhouette': 0.5083158857025917, 'num_points': 22}, {'avg_silhouette': 0.49432147340013055, 'num_points': 8}, {'avg_silhouette': 0.8622698529954086, 'num_points': 5}, {'avg_silhouette': 0.403557542839822, 'num_points': 6}]",5.0,18,0.36438312510976045,,1,
DBSCAN,,0.9899158227686102,"[{'avg_silhouette': 0.37360423194965103, 'num_points': 7182}, {'avg_silhouette': 0.4355746345182611, 'num_points': 11}, {'avg_silhouette': 0.6223732395812416, 'num_points': 16}, {'avg_silhouette': 0.5467473546102133, 'num_points': 40}, {'avg_silhouette': 0.423006047594776, 'num_points': 9}, {'avg_silhouette': 0.4523420142986897, 'num_points': 73}, {'avg_silhouette': 0.6523012649574795, 'num_points': 5}, {'avg_silhouette': 0.3435562338009543, 'num_points': 20}, {'avg_silhouette': 0.35564251431007515, 'num_points': 22}, {'avg_silhouette': 0.45313159303205014, 'num_points': 39}, {'avg_silhouette': 0.36626455076027536, 'num_points': 15}, {'avg_silhouette': 0.33151675308489725, 'num_points': 32}, {'avg_silhouette': 0.34693135342486503, 'num_points': 14}, {'avg_silhouette': 0.323256367061405, 'num_points': 16}, {'avg_silhouette': 0.5083699169977391, 'num_points': 22}, {'avg_silhouette': 0.4944166800039853, 'num_points': 8}, {'avg_silhouette': 0.8623042836298064, 'num_points': 5}, {'avg_silhouette': 0.40367668487339303, 'num_points': 6}]",5.0,18,0.36437017508554165,,1,
DBSCAN,,0.9399158227686102,"[{'avg_silhouette': 0.37395504357132753, 'num_points': 7178}, {'avg_silhouette': 0.4354371577450808, 'num_points': 11}, {'avg_silhouette': 0.6222810629634178, 'num_points': 16}, {'avg_silhouette': 0.5466411103093287, 'num_points': 40}, {'avg_silhouette': 0.4228733174766099, 'num_points': 9}, {'avg_silhouette': 0.4522130989698249, 'num_points': 73}, {'avg_silhouette': 0.6522040684264262, 'num_points': 5}, {'avg_silhouette': 0.3434226864182661, 'num_points': 20}, {'avg_silhouette': 0.35549969520849395, 'num_points': 22}, {'avg_silhouette': 0.452999543411221, 'num_points': 39}, {'avg_silhouette': 0.3661218370063219, 'num_points': 15}, {'avg_silhouette': 0.34369381663723114, 'num_points': 31}, {'avg_silhouette': 0.3981397024072501, 'num_points': 13}, {'avg_silhouette': 0.3231140979559686, 'num_points': 16}, {'avg_silhouette': 0.5083004188777608, 'num_points': 22}, {'avg_silhouette': 0.49429352680338234, 'num_points': 8}, {'avg_silhouette': 0.8622595626690149, 'num_points': 5}, {'avg_silhouette': 0.4035226269046621, 'num_points': 6}]",5.0,18,0.36433137591183173,,1,
DBSCAN,,0.9299158227686102,"[{'avg_silhouette': 0.37395504357132753, 'num_points': 7178}, {'avg_silhouette': 0.4354371577450808, 'num_points': 11}, {'avg_silhouette': 0.6222810629634178, 'num_points': 16}, {'avg_silhouette': 0.5466411103093287, 'num_points': 40}, {'avg_silhouette': 0.4228733174766099, 'num_points': 9}, {'avg_silhouette': 0.4522130989698249, 'num_points': 73}, {'avg_silhouette': 0.6522040684264262, 'num_points': 5}, {'avg_silhouette': 0.3434226864182661, 'num_points': 20}, {'avg_silhouette': 0.35549969520849395, 'num_points': 22}, {'avg_silhouette': 0.452999543411221, 'num_points': 39}, {'avg_silhouette': 0.3661218370063219, 'num_points': 15}, {'avg_silhouette': 0.34369381663723114, 'num_points': 31}, {'avg_silhouette': 0.3981397024072501, 'num_points': 13}, {'avg_silhouette': 0.3231140979559686, 'num_points': 16}, {'avg_silhouette': 0.5083004188777608, 'num_points': 22}, {'avg_silhouette': 0.49429352680338234, 'num_points': 8}, {'avg_silhouette': 0.8622595626690149, 'num_points': 5}, {'avg_silhouette': 0.4035226269046621, 'num_points': 6}]",5.0,18,0.36433137591183173,,1,
DBSCAN,,0.9199158227686102,"[{'avg_silhouette': 0.37395504357132753, 'num_points': 7178}, {'avg_silhouette': 0.4354371577450808, 'num_points': 11}, {'avg_silhouette': 0.6222810629634178, 'num_points': 16}, {'avg_silhouette': 0.5466411103093287, 'num_points': 40}, {'avg_silhouette': 0.4228733174766099, 'num_points': 9}, {'avg_silhouette': 0.4522130989698249, 'num_points': 73}, {'avg_silhouette': 0.6522040684264262, 'num_points': 5}, {'avg_silhouette': 0.3434226864182661, 'num_points': 20}, {'avg_silhouette': 0.35549969520849395, 'num_points': 22}, {'avg_silhouette': 0.452999543411221, 'num_points': 39}, {'avg_silhouette': 0.3661218370063219, 'num_points': 15}, {'avg_silhouette': 0.34369381663723114, 'num_points': 31}, {'avg_silhouette': 0.3981397024072501, 'num_points': 13}, {'avg_silhouette': 0.3231140979559686, 'num_points': 16}, {'avg_silhouette': 0.5083004188777608, 'num_points': 22}, {'avg_silhouette': 0.49429352680338234, 'num_points': 8}, {'avg_silhouette': 0.8622595626690149, 'num_points': 5}, {'avg_silhouette': 0.4035226269046621, 'num_points': 6}]",5.0,18,0.36433137591183173,,1,
DBSCAN,,0.9499158227686102,"[{'avg_silhouette': 0.37383027918335815, 'num_points': 7179}, {'avg_silhouette': 0.4354681088880532, 'num_points': 11}, {'avg_silhouette': 0.6223017861468001, 'num_points': 16}, {'avg_silhouette': 0.5466630399365775, 'num_points': 40}, {'avg_silhouette': 0.42290219898024933, 'num_points': 9}, {'avg_silhouette': 0.4522391734115888, 'num_points': 73}, {'avg_silhouette': 0.6522260842723344, 'num_points': 5}, {'avg_silhouette': 0.3434529906290858, 'num_points': 20}, {'avg_silhouette': 0.3555324662900119, 'num_points': 22}, {'avg_silhouette': 0.4530306843622576, 'num_points': 39}, {'avg_silhouette': 0.366155603836379, 'num_points': 15}, {'avg_silhouette': 0.3437248364637577, 'num_points': 31}, {'avg_silhouette': 0.39816647337762834, 'num_points': 13}, {'avg_silhouette': 0.3231454828666167, 'num_points': 16}, {'avg_silhouette': 0.5083158857025917, 'num_points': 22}, {'avg_silhouette': 0.49432147340013055, 'num_points': 8}, {'avg_silhouette': 0.8622698529954086, 'num_points': 5}, {'avg_silhouette': 0.403557542839822, 'num_points': 6}]",5.0,18,0.3642892994597362,,1,
DBSCAN,,0.9099158227686102,"[{'avg_silhouette': 0.37395504357132753, 'num_points': 7178}, {'avg_silhouette': 0.4354371577450808, 'num_points': 11}, {'avg_silhouette': 0.6222810629634178, 'num_points': 16}, {'avg_silhouette': 0.5466411103093287, 'num_points': 40}, {'avg_silhouette': 0.4228733174766099, 'num_points': 9}, {'avg_silhouette': 0.4522130989698249, 'num_points': 73}, {'avg_silhouette': 0.6522040684264262, 'num_points': 5}, {'avg_silhouette': 0.3434226864182661, 'num_points': 20}, {'avg_silhouette': 0.35549969520849395, 'num_points': 22}, {'avg_silhouette': 0.452999543411221, 'num_points': 39}, {'avg_silhouette': 0.3661218370063219, 'num_points': 15}, {'avg_silhouette': 0.34369381663723114, 'num_points': 31}, {'avg_silhouette': 0.3981397024072501, 'num_points': 13}, {'avg_silhouette': 0.3231140979559686, 'num_points': 16}, {'avg_silhouette': 0.525953727220118, 'num_points': 21}, {'avg_silhouette': 0.49429352680338234, 'num_points': 8}, {'avg_silhouette': 0.8622595626690149, 'num_points': 5}, {'avg_silhouette': 0.4035226269046621, 'num_points': 6}]",5.0,18,0.3642404322817705,,1,
DBSCAN,,0.9999158227686102,"[{'avg_silhouette': 0.3732470320916991, 'num_points': 7184}, {'avg_silhouette': 0.4356748850215571, 'num_points': 11}, {'avg_silhouette': 0.6224367328311431, 'num_points': 16}, {'avg_silhouette': 0.5468240614949966, 'num_points': 40}, {'avg_silhouette': 0.42310145322256915, 'num_points': 9}, {'avg_silhouette': 0.4524394951208641, 'num_points': 73}, {'avg_silhouette': 0.6523675679070614, 'num_points': 5}, {'avg_silhouette': 0.34364687654366793, 'num_points': 20}, {'avg_silhouette': 0.35574720062492593, 'num_points': 22}, {'avg_silhouette': 0.45322725824000687, 'num_points': 39}, {'avg_silhouette': 0.3663678373760575, 'num_points': 15}, {'avg_silhouette': 0.33160952927380277, 'num_points': 32}, {'avg_silhouette': 0.3470433514455623, 'num_points': 14}, {'avg_silhouette': 0.3233580438093133, 'num_points': 16}, {'avg_silhouette': 0.5084149427529348, 'num_points': 22}, {'avg_silhouette': 0.4945047738001753, 'num_points': 8}, {'avg_silhouette': 0.862335686828289, 'num_points': 5}, {'avg_silhouette': 0.4037887745938647, 'num_points': 6}]",5.0,18,0.36418156966351833,,1,
DBSCAN,,0.8999158227686102,"[{'avg_silhouette': 0.374002386606487, 'num_points': 7177}, {'avg_silhouette': 0.43540319783264647, 'num_points': 11}, {'avg_silhouette': 0.6222583611218929, 'num_points': 16}, {'avg_silhouette': 0.5466136553086803, 'num_points': 40}, {'avg_silhouette': 0.4228400250006039, 'num_points': 9}, {'avg_silhouette': 0.45217730437327436, 'num_points': 73}, {'avg_silhouette': 0.6521794130570315, 'num_points': 5}, {'avg_silhouette': 0.36129555630736954, 'num_points': 19}, {'avg_silhouette': 0.36721233258353475, 'num_points': 21}, {'avg_silhouette': 0.45296905971072904, 'num_points': 39}, {'avg_silhouette': 0.3660885147287051, 'num_points': 15}, {'avg_silhouette': 0.35382090936827587, 'num_points': 30}, {'avg_silhouette': 0.3981052065786148, 'num_points': 13}, {'avg_silhouette': 0.32307739952255826, 'num_points': 16}, {'avg_silhouette': 0.5259374691334218, 'num_points': 21}, {'avg_silhouette': 0.4942620489899059, 'num_points': 8}, {'avg_silhouette': 0.8622479535034648, 'num_points': 5}, {'avg_silhouette': 0.4034852970605323, 'num_points': 6}]",5.0,18,0.36403363963900875,,1,
DBSCAN,,0.8699158227686101,"[{'avg_silhouette': 0.37438402524550735, 'num_points': 7174}, {'avg_silhouette': 0.43530742115832477, 'num_points': 11}, {'avg_silhouette': 0.6221915739047159, 'num_points': 16}, {'avg_silhouette': 0.5465394399819478, 'num_points': 40}, {'avg_silhouette': 0.4227453425833983, 'num_points': 9}, {'avg_silhouette': 0.45208508181614493, 'num_points': 73}, {'avg_silhouette': 0.6521101739181594, 'num_points': 5}, {'avg_silhouette': 0.3611961809652601, 'num_points': 19}, {'avg_silhouette': 0.3803917761805683, 'num_points': 20}, {'avg_silhouette': 0.45287023927908177, 'num_points': 39}, {'avg_silhouette': 0.365984323018634, 'num_points': 15}, {'avg_silhouette': 0.353720367597697, 'num_points': 30}, {'avg_silhouette': 0.39801589152123884, 'num_points': 13}, {'avg_silhouette': 0.3229762832155829, 'num_points': 16}, {'avg_silhouette': 0.5440852812279184, 'num_points': 20}, {'avg_silhouette': 0.49417215592828545, 'num_points': 8}, {'avg_silhouette': 0.8622171941448336, 'num_points': 5}, {'avg_silhouette': 0.4033772726474209, 'num_points': 6}]",5.0,18,0.3640013231996404,,1,
DBSCAN,,0.8899158227686101,"[{'avg_silhouette': 0.3741371643334064, 'num_points': 7176}, {'avg_silhouette': 0.4353710213091974, 'num_points': 11}, {'avg_silhouette': 0.6222346273324052, 'num_points': 16}, {'avg_silhouette': 0.546588236660335, 'num_points': 40}, {'avg_silhouette': 0.42280600485439357, 'num_points': 9}, {'avg_silhouette': 0.4521462819618741, 'num_points': 73}, {'avg_silhouette': 0.6521544405855924, 'num_points': 5}, {'avg_silhouette': 0.36125998410117094, 'num_points': 19}, {'avg_silhouette': 0.3671769747687984, 'num_points': 21}, {'avg_silhouette': 0.45293421744206486, 'num_points': 39}, {'avg_silhouette': 0.36605256807132325, 'num_points': 15}, {'avg_silhouette': 0.3537863683877134, 'num_points': 30}, {'avg_silhouette': 0.3980792622077098, 'num_points': 13}, {'avg_silhouette': 0.32304286471293875, 'num_points': 16}, {'avg_silhouette': 0.544117656879061, 'num_points': 20}, {'avg_silhouette': 0.4942289967951955, 'num_points': 8}, {'avg_silhouette': 0.8622369565033583, 'num_points': 5}, {'avg_silhouette': 0.40344635152229635, 'num_points': 6}]",5.0,18,0.36398969044042656,,1,
DBSCAN,,0.8799158227686101,"[{'avg_silhouette': 0.37424590296431187, 'num_points': 7175}, {'avg_silhouette': 0.43534537267045076, 'num_points': 11}, {'avg_silhouette': 0.6222159477028404, 'num_points': 16}, {'avg_silhouette': 0.5465690674438287, 'num_points': 40}, {'avg_silhouette': 0.4227797532923362, 'num_points': 9}, {'avg_silhouette': 0.4521198771771381, 'num_points': 73}, {'avg_silhouette': 0.6521342567344833, 'num_points': 5}, {'avg_silhouette': 0.3612345838324226, 'num_points': 19}, {'avg_silhouette': 0.380429567125014, 'num_points': 20}, {'avg_silhouette': 0.4529060671887159, 'num_points': 39}, {'avg_silhouette': 0.366025378288206, 'num_points': 15}, {'avg_silhouette': 0.3537602617447144, 'num_points': 30}, {'avg_silhouette': 0.39805493736422515, 'num_points': 13}, {'avg_silhouette': 0.3230189014830639, 'num_points': 16}, {'avg_silhouette': 0.5441045075151998, 'num_points': 20}, {'avg_silhouette': 0.49420393075386587, 'num_points': 8}, {'avg_silhouette': 0.8622271113641979, 'num_points': 5}, {'avg_silhouette': 0.40341567452551214, 'num_points': 6}]",5.0,18,0.36395824055600334,,1,
DBSCAN,,0.8599158227686101,"[{'avg_silhouette': 0.37437032849610724, 'num_points': 7174}, {'avg_silhouette': 0.43530742115832477, 'num_points': 11}, {'avg_silhouette': 0.6221915739047159, 'num_points': 16}, {'avg_silhouette': 0.5465394399819478, 'num_points': 40}, {'avg_silhouette': 0.4227453425833983, 'num_points': 9}, {'avg_silhouette': 0.45208508181614493, 'num_points': 73}, {'avg_silhouette': 0.6521101739181594, 'num_points': 5}, {'avg_silhouette': 0.3611961809652601, 'num_points': 19}, {'avg_silhouette': 0.39959045391313525, 'num_points': 19}, {'avg_silhouette': 0.45287023927908177, 'num_points': 39}, {'avg_silhouette': 0.353720367597697, 'num_points': 30}, {'avg_silhouette': 0.39801589152123884, 'num_points': 13}, {'avg_silhouette': 0.3359451999979646, 'num_points': 15}, {'avg_silhouette': 0.365984323018634, 'num_points': 15}, {'avg_silhouette': 0.5440852812279184, 'num_points': 20}, {'avg_silhouette': 0.49417215592828545, 'num_points': 8}, {'avg_silhouette': 0.8622171941448336, 'num_points': 5}, {'avg_silhouette': 0.4033772726474209, 'num_points': 6}]",5.0,18,0.36385238653252516,,1,
DBSCAN,,0.69991582276861,"[{'avg_silhouette': 0.38924126444527607, 'num_points': 7131}, {'avg_silhouette': 0.6212301392140425, 'num_points': 35}, {'avg_silhouette': 0.4847517362496903, 'num_points': 68}, {'avg_silhouette': 0.49033558884521977, 'num_points': 36}, {'avg_silhouette': 0.6780807267082122, 'num_points': 15}, {'avg_silhouette': 0.4111279063836234, 'num_points': 22}, {'avg_silhouette': 0.5157156036756253, 'num_points': 13}, {'avg_silhouette': 0.6022685499123173, 'num_points': 16}]",10.0,8,0.3635237624427849,,1,
DBSCAN,,0.8499158227686101,"[{'avg_silhouette': 0.37384198389888484, 'num_points': 7172}, {'avg_silhouette': 0.4352295690642785, 'num_points': 11}, {'avg_silhouette': 0.6221428317917905, 'num_points': 16}, {'avg_silhouette': 0.5645293777235872, 'num_points': 39}, {'avg_silhouette': 0.4226676423008009, 'num_points': 9}, {'avg_silhouette': 0.45200466618848506, 'num_points': 73}, {'avg_silhouette': 0.65205630967805, 'num_points': 5}, {'avg_silhouette': 0.36112345097031395, 'num_points': 19}, {'avg_silhouette': 0.39950829576159563, 'num_points': 19}, {'avg_silhouette': 0.45279385271794637, 'num_points': 39}, {'avg_silhouette': 0.3536398685805155, 'num_points': 30}, {'avg_silhouette': 0.3979332991570186, 'num_points': 13}, {'avg_silhouette': 0.3358594884356881, 'num_points': 15}, {'avg_silhouette': 0.36590302430397503, 'num_points': 15}, {'avg_silhouette': 0.5440438705857084, 'num_points': 20}, {'avg_silhouette': 0.49409807838154396, 'num_points': 8}, {'avg_silhouette': 0.8621913868896751, 'num_points': 5}, {'avg_silhouette': 0.40328901708159764, 'num_points': 6}]",5.0,18,0.3631877021564011,,1,
DBSCAN,,0.8199158227686101,"[{'avg_silhouette': 0.37427186464898426, 'num_points': 7168}, {'avg_silhouette': 0.6220486837112739, 'num_points': 16}, {'avg_silhouette': 0.5644387995685222, 'num_points': 39}, {'avg_silhouette': 0.46221909406108647, 'num_points': 10}, {'avg_silhouette': 0.45417273117717216, 'num_points': 8}, {'avg_silhouette': 0.4518730572795628, 'num_points': 73}, {'avg_silhouette': 0.6519626643146623, 'num_points': 5}, {'avg_silhouette': 0.3773268192048679, 'num_points': 17}, {'avg_silhouette': 0.4206307485093093, 'num_points': 18}, {'avg_silhouette': 0.4824899347621928, 'num_points': 37}, {'avg_silhouette': 0.3535115873880166, 'num_points': 30}, {'avg_silhouette': 0.3977987335458596, 'num_points': 13}, {'avg_silhouette': 0.33572427738303934, 'num_points': 15}, {'avg_silhouette': 0.3887618888192191, 'num_points': 14}, {'avg_silhouette': 0.5439792030629186, 'num_points': 20}, {'avg_silhouette': 0.49398032258156943, 'num_points': 8}, {'avg_silhouette': 0.8621445509828568, 'num_points': 5}, {'avg_silhouette': 0.40313822062693294, 'num_points': 6}]",5.0,18,0.36277302380975873,,1,
DBSCAN,,0.8399158227686101,"[{'avg_silhouette': 0.3738816462494678, 'num_points': 7171}, {'avg_silhouette': 0.46230510961218185, 'num_points': 10}, {'avg_silhouette': 0.6221157293609331, 'num_points': 16}, {'avg_silhouette': 0.5644967292014248, 'num_points': 39}, {'avg_silhouette': 0.42262920527149256, 'num_points': 9}, {'avg_silhouette': 0.4519627096606354, 'num_points': 73}, {'avg_silhouette': 0.6520302920224756, 'num_points': 5}, {'avg_silhouette': 0.3774195447169354, 'num_points': 17}, {'avg_silhouette': 0.42072567231499414, 'num_points': 18}, {'avg_silhouette': 0.482587620815476, 'num_points': 37}, {'avg_silhouette': 0.3536017807783567, 'num_points': 30}, {'avg_silhouette': 0.39788665994295574, 'num_points': 13}, {'avg_silhouette': 0.33581626798861436, 'num_points': 15}, {'avg_silhouette': 0.36586126440146977, 'num_points': 15}, {'avg_silhouette': 0.5440235854881484, 'num_points': 20}, {'avg_silhouette': 0.4940613403726163, 'num_points': 8}, {'avg_silhouette': 0.8621774760669456, 'num_points': 5}, {'avg_silhouette': 0.403241742200895, 'num_points': 6}]",5.0,18,0.36275577691007144,,1,
DBSCAN,,0.8299158227686101,"[{'avg_silhouette': 0.3740211547918479, 'num_points': 7170}, {'avg_silhouette': 0.46227621820537984, 'num_points': 10}, {'avg_silhouette': 0.6220902515484007, 'num_points': 16}, {'avg_silhouette': 0.564479453470037, 'num_points': 39}, {'avg_silhouette': 0.42260442293760425, 'num_points': 9}, {'avg_silhouette': 0.4519320789712518, 'num_points': 73}, {'avg_silhouette': 0.6520058049953532, 'num_points': 5}, {'avg_silhouette': 0.3773849149911325, 'num_points': 17}, {'avg_silhouette': 0.42069422482060936, 'num_points': 18}, {'avg_silhouette': 0.48255188857943865, 'num_points': 37}, {'avg_silhouette': 0.3535684071587536, 'num_points': 30}, {'avg_silhouette': 0.39785829195654776, 'num_points': 13}, {'avg_silhouette': 0.3357832901122835, 'num_points': 15}, {'avg_silhouette': 0.3888271386308011, 'num_points': 14}, {'avg_silhouette': 0.5440077017392314, 'num_points': 20}, {'avg_silhouette': 0.4940328207641208, 'num_points': 8}, {'avg_silhouette': 0.8621661502174932, 'num_points': 5}, {'avg_silhouette': 0.40320706900721454, 'num_points': 6}]",5.0,18,0.3627551551820448,,1,
DBSCAN,,0.8099158227686101,"[{'avg_silhouette': 0.3743135217897929, 'num_points': 7167}, {'avg_silhouette': 0.6220304328151489, 'num_points': 16}, {'avg_silhouette': 0.5644164013799208, 'num_points': 39}, {'avg_silhouette': 0.4621895364274956, 'num_points': 10}, {'avg_silhouette': 0.4541451411245869, 'num_points': 8}, {'avg_silhouette': 0.45184310859667776, 'num_points': 73}, {'avg_silhouette': 0.6519428932970073, 'num_points': 5}, {'avg_silhouette': 0.3888753366122011, 'num_points': 16}, {'avg_silhouette': 0.42060323148049855, 'num_points': 18}, {'avg_silhouette': 0.48246290821264454, 'num_points': 37}, {'avg_silhouette': 0.3735152531783812, 'num_points': 28}, {'avg_silhouette': 0.39776550326384624, 'num_points': 13}, {'avg_silhouette': 0.3356946650483615, 'num_points': 15}, {'avg_silhouette': 0.3887314883739449, 'num_points': 14}, {'avg_silhouette': 0.5439657309549475, 'num_points': 20}, {'avg_silhouette': 0.4939542161482687, 'num_points': 8}, {'avg_silhouette': 0.8621345587397815, 'num_points': 5}, {'avg_silhouette': 0.40310700405015304, 'num_points': 6}]",5.0,18,0.36254471305741526,,1,
DBSCAN,,0.7999158227686101,"[{'avg_silhouette': 0.3745787410002065, 'num_points': 7165}, {'avg_silhouette': 0.6219853846213539, 'num_points': 16}, {'avg_silhouette': 0.5643621191642002, 'num_points': 39}, {'avg_silhouette': 0.4621207020164987, 'num_points': 10}, {'avg_silhouette': 0.4540774771260603, 'num_points': 8}, {'avg_silhouette': 0.4517763922443792, 'num_points': 73}, {'avg_silhouette': 0.6518964481247072, 'num_points': 5}, {'avg_silhouette': 0.3888107962610371, 'num_points': 16}, {'avg_silhouette': 0.4205331509923262, 'num_points': 18}, {'avg_silhouette': 0.48240018850883454, 'num_points': 37}, {'avg_silhouette': 0.37344876771909313, 'num_points': 28}, {'avg_silhouette': 0.39769335398605266, 'num_points': 13}, {'avg_silhouette': 0.38866246276891464, 'num_points': 14}, {'avg_silhouette': 0.5600301858979178, 'num_points': 19}, {'avg_silhouette': 0.4938925300097484, 'num_points': 8}, {'avg_silhouette': 0.8621128328670936, 'num_points': 5}, {'avg_silhouette': 0.34410832894200494, 'num_points': 14}, {'avg_silhouette': 0.40302897692750655, 'num_points': 6}]",5.0,18,0.3624545920270424,,1,
DBSCAN,,0.76991582276861,"[{'avg_silhouette': 0.374976197190666, 'num_points': 7160}, {'avg_silhouette': 0.6785231040273543, 'num_points': 15}, {'avg_silhouette': 0.564244420655388, 'num_points': 39}, {'avg_silhouette': 0.4619641480672215, 'num_points': 10}, {'avg_silhouette': 0.4539304772492655, 'num_points': 8}, {'avg_silhouette': 0.45162828381538866, 'num_points': 73}, {'avg_silhouette': 0.6517894720290747, 'num_points': 5}, {'avg_silhouette': 0.42419977476393467, 'num_points': 15}, {'avg_silhouette': 0.4203745647819614, 'num_points': 18}, {'avg_silhouette': 0.48225105430596926, 'num_points': 37}, {'avg_silhouette': 0.3733058472013546, 'num_points': 28}, {'avg_silhouette': 0.41595413945857, 'num_points': 12}, {'avg_silhouette': 0.3884964504517448, 'num_points': 14}, {'avg_silhouette': 0.5793293183518948, 'num_points': 18}, {'avg_silhouette': 0.5641986622774356, 'num_points': 7}, {'avg_silhouette': 0.8620612809929582, 'num_points': 5}, {'avg_silhouette': 0.3439485253050029, 'num_points': 14}, {'avg_silhouette': 0.40285252073193734, 'num_points': 6}]",5.0,18,0.36215975656647575,,1,
DBSCAN,,0.77991582276861,"[{'avg_silhouette': 0.3747576608396524, 'num_points': 7162}, {'avg_silhouette': 0.6219362636176902, 'num_points': 16}, {'avg_silhouette': 0.5642972536371703, 'num_points': 39}, {'avg_silhouette': 0.4620402459812055, 'num_points': 10}, {'avg_silhouette': 0.4539967637192295, 'num_points': 8}, {'avg_silhouette': 0.4516979704768267, 'num_points': 73}, {'avg_silhouette': 0.651842164605051, 'num_points': 5}, {'avg_silhouette': 0.42427048569598175, 'num_points': 15}, {'avg_silhouette': 0.42044938487633726, 'num_points': 18}, {'avg_silhouette': 0.48232392387677625, 'num_points': 37}, {'avg_silhouette': 0.3733720975851522, 'num_points': 28}, {'avg_silhouette': 0.41603053017434616, 'num_points': 12}, {'avg_silhouette': 0.38857649072196127, 'num_points': 14}, {'avg_silhouette': 0.5793556291724101, 'num_points': 18}, {'avg_silhouette': 0.5642570274615608, 'num_points': 7}, {'avg_silhouette': 0.8620863868733679, 'num_points': 5}, {'avg_silhouette': 0.3440231940532982, 'num_points': 14}, {'avg_silhouette': 0.40293728560084613, 'num_points': 6}]",5.0,18,0.36211807869407203,,1,
DBSCAN,,0.78991582276861,"[{'avg_silhouette': 0.3746520410757185, 'num_points': 7163}, {'avg_silhouette': 0.6219533359176674, 'num_points': 16}, {'avg_silhouette': 0.5643169274585608, 'num_points': 39}, {'avg_silhouette': 0.46206647364037723, 'num_points': 10}, {'avg_silhouette': 0.45402147543813426, 'num_points': 8}, {'avg_silhouette': 0.45171974818972865, 'num_points': 73}, {'avg_silhouette': 0.6518597949986716, 'num_points': 5}, {'avg_silhouette': 0.4242927337969706, 'num_points': 15}, {'avg_silhouette': 0.42047455043391246, 'num_points': 18}, {'avg_silhouette': 0.482349160645247, 'num_points': 37}, {'avg_silhouette': 0.37339427736336817, 'num_points': 28}, {'avg_silhouette': 0.41605599619696626, 'num_points': 12}, {'avg_silhouette': 0.3886049388490554, 'num_points': 14}, {'avg_silhouette': 0.5793642057781452, 'num_points': 18}, {'avg_silhouette': 0.5642771660825164, 'num_points': 7}, {'avg_silhouette': 0.86209465900039, 'num_points': 5}, {'avg_silhouette': 0.34404930336753614, 'num_points': 14}, {'avg_silhouette': 0.40296695501210505, 'num_points': 6}]",5.0,18,0.3620913672857021,,1,
DBSCAN,,0.68991582276861,"[{'avg_silhouette': 0.38872807889576955, 'num_points': 7128}, {'avg_silhouette': 0.6212018418121854, 'num_points': 35}, {'avg_silhouette': 0.48471140853313865, 'num_points': 68}, {'avg_silhouette': 0.5012364762968945, 'num_points': 35}, {'avg_silhouette': 0.4656034980007613, 'num_points': 17}, {'avg_silhouette': 0.6269433929967444, 'num_points': 10}, {'avg_silhouette': 0.602247378948051, 'num_points': 16}, {'avg_silhouette': 0.6780522779913237, 'num_points': 15}]",10.0,8,0.36204596195073024,,1,
DBSCAN,,0.75991582276861,"[{'avg_silhouette': 0.3751732670533987, 'num_points': 7157}, {'avg_silhouette': 0.6784711474859025, 'num_points': 15}, {'avg_silhouette': 0.5641708820781357, 'num_points': 39}, {'avg_silhouette': 0.4618724795106651, 'num_points': 10}, {'avg_silhouette': 0.45384252068764, 'num_points': 8}, {'avg_silhouette': 0.4515356236749465, 'num_points': 73}, {'avg_silhouette': 0.6517274827077657, 'num_points': 5}, {'avg_silhouette': 0.4632854267108027, 'num_points': 13}, {'avg_silhouette': 0.42027813101706757, 'num_points': 18}, {'avg_silhouette': 0.4821655668325995, 'num_points': 37}, {'avg_silhouette': 0.3732151790650248, 'num_points': 28}, {'avg_silhouette': 0.41585377237688764, 'num_points': 12}, {'avg_silhouette': 0.3884019424436894, 'num_points': 14}, {'avg_silhouette': 0.579289896279079, 'num_points': 18}, {'avg_silhouette': 0.5641206120345325, 'num_points': 7}, {'avg_silhouette': 0.8620310257693209, 'num_points': 5}, {'avg_silhouette': 0.3603809874130835, 'num_points': 13}, {'avg_silhouette': 0.40275000392814864, 'num_points': 6}]",5.0,18,0.3618988459471082,,1,
DBSCAN,,0.67991582276861,"[{'avg_silhouette': 0.38878247018350703, 'num_points': 7124}, {'avg_silhouette': 0.6211564087938369, 'num_points': 35}, {'avg_silhouette': 0.48464710322210014, 'num_points': 68}, {'avg_silhouette': 0.5011792629600448, 'num_points': 35}, {'avg_silhouette': 0.6269007016863333, 'num_points': 10}, {'avg_silhouette': 0.6022235962572084, 'num_points': 16}, {'avg_silhouette': 0.4795352556509094, 'num_points': 16}, {'avg_silhouette': 0.6780130547878369, 'num_points': 15}]",10.0,8,0.36168782732639115,,1,
DBSCAN,,0.74991582276861,"[{'avg_silhouette': 0.37516671434912247, 'num_points': 7154}, {'avg_silhouette': 0.6784256287482772, 'num_points': 15}, {'avg_silhouette': 0.5641125407632926, 'num_points': 39}, {'avg_silhouette': 0.48731645388218187, 'num_points': 9}, {'avg_silhouette': 0.4537707498377136, 'num_points': 8}, {'avg_silhouette': 0.45146504834579704, 'num_points': 73}, {'avg_silhouette': 0.6516786186929455, 'num_points': 5}, {'avg_silhouette': 0.46321942017339335, 'num_points': 13}, {'avg_silhouette': 0.43769147706174216, 'num_points': 17}, {'avg_silhouette': 0.4820979786767941, 'num_points': 37}, {'avg_silhouette': 0.37314629159866125, 'num_points': 28}, {'avg_silhouette': 0.44288753680758186, 'num_points': 11}, {'avg_silhouette': 0.4013016929894828, 'num_points': 13}, {'avg_silhouette': 0.5792578136982794, 'num_points': 18}, {'avg_silhouette': 0.6506961165225222, 'num_points': 6}, {'avg_silhouette': 0.8620062727007664, 'num_points': 5}, {'avg_silhouette': 0.360299896249703, 'num_points': 13}, {'avg_silhouette': 0.40267409816498617, 'num_points': 6}]",5.0,18,0.3612710318930525,,1,
DBSCAN,,0.73991582276861,"[{'avg_silhouette': 0.37537219484337914, 'num_points': 7152}, {'avg_silhouette': 0.6783957637832643, 'num_points': 15}, {'avg_silhouette': 0.564074999155471, 'num_points': 39}, {'avg_silhouette': 0.4872690120581725, 'num_points': 9}, {'avg_silhouette': 0.4537249048408065, 'num_points': 8}, {'avg_silhouette': 0.45141410838726687, 'num_points': 73}, {'avg_silhouette': 0.6516439006769617, 'num_points': 5}, {'avg_silhouette': 0.4631767593773825, 'num_points': 13}, {'avg_silhouette': 0.4539731405780313, 'num_points': 16}, {'avg_silhouette': 0.48205011815129506, 'num_points': 37}, {'avg_silhouette': 0.3730979412407978, 'num_points': 28}, {'avg_silhouette': 0.44283717890244695, 'num_points': 11}, {'avg_silhouette': 0.4012500746392297, 'num_points': 13}, {'avg_silhouette': 0.5792361960590372, 'num_points': 18}, {'avg_silhouette': 0.6506597880484445, 'num_points': 6}, {'avg_silhouette': 0.8619890707140593, 'num_points': 5}, {'avg_silhouette': 0.360247380989969, 'num_points': 13}, {'avg_silhouette': 0.40261554962436225, 'num_points': 6}]",5.0,18,0.3612353237303535,,1,
DBSCAN,,0.72991582276861,"[{'avg_silhouette': 0.37572803235392654, 'num_points': 7149}, {'avg_silhouette': 0.678332552726337, 'num_points': 15}, {'avg_silhouette': 0.5639886516334209, 'num_points': 39}, {'avg_silhouette': 0.48716548888815076, 'num_points': 9}, {'avg_silhouette': 0.45361517655757727, 'num_points': 8}, {'avg_silhouette': 0.46227878664557515, 'num_points': 71}, {'avg_silhouette': 0.6515714599703749, 'num_points': 5}, {'avg_silhouette': 0.46307974895949455, 'num_points': 13}, {'avg_silhouette': 0.4907208914801457, 'num_points': 36}, {'avg_silhouette': 0.37298870277950974, 'num_points': 28}, {'avg_silhouette': 0.44272334601919766, 'num_points': 11}, {'avg_silhouette': 0.40113988807178874, 'num_points': 13}, {'avg_silhouette': 0.4755558049539554, 'num_points': 15}, {'avg_silhouette': 0.579186391192042, 'num_points': 18}, {'avg_silhouette': 0.6505797703642918, 'num_points': 6}, {'avg_silhouette': 0.8619545591874171, 'num_points': 5}, {'avg_silhouette': 0.3712173171772993, 'num_points': 12}, {'avg_silhouette': 0.44116419960949027, 'num_points': 5}]",5.0,18,0.36086555637388334,,1,
DBSCAN,,0.6599158227686099,"[{'avg_silhouette': 0.3886073579975904, 'num_points': 7112}, {'avg_silhouette': 0.6505055735049232, 'num_points': 33}, {'avg_silhouette': 0.48955639129111295, 'num_points': 67}, {'avg_silhouette': 0.500951390532661, 'num_points': 35}, {'avg_silhouette': 0.6267434356773813, 'num_points': 10}, {'avg_silhouette': 0.6021222484720334, 'num_points': 16}, {'avg_silhouette': 0.4793125888251837, 'num_points': 16}, {'avg_silhouette': 0.6778672323732694, 'num_points': 15}]",10.0,8,0.36040115516308713,,1,
DBSCAN,,0.66991582276861,"[{'avg_silhouette': 0.3880680235027911, 'num_points': 7118}, {'avg_silhouette': 0.6505797813033154, 'num_points': 33}, {'avg_silhouette': 0.48967648523269947, 'num_points': 67}, {'avg_silhouette': 0.5010617636950772, 'num_points': 35}, {'avg_silhouette': 0.6268202625437412, 'num_points': 10}, {'avg_silhouette': 0.6021705765027364, 'num_points': 16}, {'avg_silhouette': 0.479421355220356, 'num_points': 16}, {'avg_silhouette': 0.6779387775953307, 'num_points': 15}]",10.0,8,0.3603366814659489,,1,
DBSCAN,,0.6499158227686099,"[{'avg_silhouette': 0.38841657390629103, 'num_points': 7105}, {'avg_silhouette': 0.669476003211148, 'num_points': 32}, {'avg_silhouette': 0.4894046132944584, 'num_points': 67}, {'avg_silhouette': 0.5008070422346746, 'num_points': 35}, {'avg_silhouette': 0.6266407195344825, 'num_points': 10}, {'avg_silhouette': 0.6020628151257277, 'num_points': 16}, {'avg_silhouette': 0.4897557458041061, 'num_points': 15}, {'avg_silhouette': 0.6777703835256477, 'num_points': 15}]",10.0,8,0.3595484596669827,,1,
DBSCAN,,0.71991582276861,"[{'avg_silhouette': 0.3755178243125724, 'num_points': 7146}, {'avg_silhouette': 0.6782814592251974, 'num_points': 15}, {'avg_silhouette': 0.5775205329992111, 'num_points': 38}, {'avg_silhouette': 0.4535365881137997, 'num_points': 8}, {'avg_silhouette': 0.4761148114159838, 'num_points': 69}, {'avg_silhouette': 0.651514840764946, 'num_points': 5}, {'avg_silhouette': 0.46301090201497686, 'num_points': 13}, {'avg_silhouette': 0.4906421945683759, 'num_points': 36}, {'avg_silhouette': 0.37291377313142016, 'num_points': 28}, {'avg_silhouette': 0.4426358579381395, 'num_points': 11}, {'avg_silhouette': 0.40104928338428153, 'num_points': 13}, {'avg_silhouette': 0.4754757416715034, 'num_points': 15}, {'avg_silhouette': 0.5791550915114911, 'num_points': 18}, {'avg_silhouette': 0.6505186562782389, 'num_points': 6}, {'avg_silhouette': 0.861926821056422, 'num_points': 5}, {'avg_silhouette': 0.4394482434351509, 'num_points': 7}, {'avg_silhouette': 0.4870876911814875, 'num_points': 9}]",5.0,17,0.35939920579432705,,1,
DBSCAN,,0.70991582276861,"[{'avg_silhouette': 0.3754275042320031, 'num_points': 7140}, {'avg_silhouette': 0.6781849878103702, 'num_points': 15}, {'avg_silhouette': 0.5774083458268171, 'num_points': 38}, {'avg_silhouette': 0.45338880585403407, 'num_points': 8}, {'avg_silhouette': 0.47596454999197174, 'num_points': 69}, {'avg_silhouette': 0.6514027975397663, 'num_points': 5}, {'avg_silhouette': 0.4628764362506611, 'num_points': 13}, {'avg_silhouette': 0.4904986250599813, 'num_points': 36}, {'avg_silhouette': 0.37277920287967303, 'num_points': 28}, {'avg_silhouette': 0.4832292692726369, 'num_points': 10}, {'avg_silhouette': 0.41748030371897576, 'num_points': 12}, {'avg_silhouette': 0.4753208998240623, 'num_points': 15}, {'avg_silhouette': 0.5791033023894089, 'num_points': 18}, {'avg_silhouette': 0.6504006290568763, 'num_points': 6}, {'avg_silhouette': 0.8618732084552008, 'num_points': 5}, {'avg_silhouette': 0.4393035876874794, 'num_points': 7}, {'avg_silhouette': 0.5333851281470036, 'num_points': 8}]",5.0,17,0.35867135532541733,,1,
DBSCAN,,0.69991582276861,"[{'avg_silhouette': 0.37556605575684543, 'num_points': 7136}, {'avg_silhouette': 0.6781445083588278, 'num_points': 15}, {'avg_silhouette': 0.5773531330429623, 'num_points': 38}, {'avg_silhouette': 0.4533208894034502, 'num_points': 8}, {'avg_silhouette': 0.47589642723746584, 'num_points': 69}, {'avg_silhouette': 0.6513538106916201, 'num_points': 5}, {'avg_silhouette': 0.490431871731914, 'num_points': 36}, {'avg_silhouette': 0.46282220363885507, 'num_points': 13}, {'avg_silhouette': 0.3727179480331028, 'num_points': 28}, {'avg_silhouette': 0.48315013095901166, 'num_points': 10}, {'avg_silhouette': 0.4174048412907505, 'num_points': 12}, {'avg_silhouette': 0.5158116437887105, 'num_points': 13}, {'avg_silhouette': 0.5790804992988936, 'num_points': 18}, {'avg_silhouette': 0.6503471697959764, 'num_points': 6}, {'avg_silhouette': 0.861849936850121, 'num_points': 5}, {'avg_silhouette': 0.43922968460872897, 'num_points': 7}, {'avg_silhouette': 0.533316596624322, 'num_points': 8}]",5.0,17,0.35830785742267923,,1,
DBSCAN,,0.6399158227686099,"[{'avg_silhouette': 0.38646156165933837, 'num_points': 7094}, {'avg_silhouette': 0.6693544090724651, 'num_points': 32}, {'avg_silhouette': 0.4892059762201131, 'num_points': 67}, {'avg_silhouette': 0.5006092683593103, 'num_points': 35}, {'avg_silhouette': 0.626488589348955, 'num_points': 10}, {'avg_silhouette': 0.6826674407611341, 'num_points': 12}, {'avg_silhouette': 0.7132597572491877, 'num_points': 14}, {'avg_silhouette': 0.5005505353356072, 'num_points': 14}]",10.0,8,0.3562413302011733,,1,
DBSCAN,,0.6299158227686099,"[{'avg_silhouette': 0.38651486162732746, 'num_points': 7085}, {'avg_silhouette': 0.6850576912621896, 'num_points': 31}, {'avg_silhouette': 0.4890440983122449, 'num_points': 67}, {'avg_silhouette': 0.5108259533234168, 'num_points': 34}, {'avg_silhouette': 0.6826370644328706, 'num_points': 12}, {'avg_silhouette': 0.7131681880981657, 'num_points': 14}, {'avg_silhouette': 0.6263885426761735, 'num_points': 10}, {'avg_silhouette': 0.5251065235830779, 'num_points': 12}]",10.0,8,0.3552269627306578,,1,
DBSCAN,,0.68991582276861,"[{'avg_silhouette': 0.3731548572574367, 'num_points': 7134}, {'avg_silhouette': 0.678125616234128, 'num_points': 15}, {'avg_silhouette': 0.5773358599081891, 'num_points': 38}, {'avg_silhouette': 0.4758722793880161, 'num_points': 69}, {'avg_silhouette': 0.6513355129148638, 'num_points': 5}, {'avg_silhouette': 0.5013472198768523, 'num_points': 35}, {'avg_silhouette': 0.46279221444344454, 'num_points': 13}, {'avg_silhouette': 0.3882791900396104, 'num_points': 25}, {'avg_silhouette': 0.48312744048342876, 'num_points': 10}, {'avg_silhouette': 0.4173786079508986, 'num_points': 12}, {'avg_silhouette': 0.5434642121539498, 'num_points': 12}, {'avg_silhouette': 0.5790665464050495, 'num_points': 18}, {'avg_silhouette': 0.6503294209644476, 'num_points': 6}, {'avg_silhouette': 0.8618416637697752, 'num_points': 5}, {'avg_silhouette': 0.4307900815974676, 'num_points': 6}, {'avg_silhouette': 0.6554355238649493, 'num_points': 6}, {'avg_silhouette': 0.4870689118966139, 'num_points': 7}]",5.0,17,0.3550484793326864,,1,
DBSCAN,,0.6199158227686099,"[{'avg_silhouette': 0.38718746068569343, 'num_points': 7078}, {'avg_silhouette': 0.6849795979869565, 'num_points': 31}, {'avg_silhouette': 0.48891371179963317, 'num_points': 67}, {'avg_silhouette': 0.5370703664937696, 'num_points': 31}, {'avg_silhouette': 0.6826126184599892, 'num_points': 12}, {'avg_silhouette': 0.7559260597386056, 'num_points': 13}]",10.0,6,0.353995119808589,,1,
DBSCAN,,0.6099158227686099,"[{'avg_silhouette': 0.38798272770920644, 'num_points': 7068}, {'avg_silhouette': 0.6848771078612123, 'num_points': 31}, {'avg_silhouette': 0.5080314793571757, 'num_points': 64}, {'avg_silhouette': 0.5369297486392304, 'num_points': 31}, {'avg_silhouette': 0.7285062750829514, 'num_points': 10}, {'avg_silhouette': 0.755851680406078, 'num_points': 13}]",10.0,6,0.3534813382812602,,1,
DBSCAN,,0.67991582276861,"[{'avg_silhouette': 0.3706634634240056, 'num_points': 7130}, {'avg_silhouette': 0.678082854039425, 'num_points': 15}, {'avg_silhouette': 0.5772802678206883, 'num_points': 38}, {'avg_silhouette': 0.4758011309039825, 'num_points': 69}, {'avg_silhouette': 0.6512847561898416, 'num_points': 5}, {'avg_silhouette': 0.5012848475153037, 'num_points': 35}, {'avg_silhouette': 0.46273473799240883, 'num_points': 13}, {'avg_silhouette': 0.3944464474492333, 'num_points': 24}, {'avg_silhouette': 0.48305398808669864, 'num_points': 10}, {'avg_silhouette': 0.41730868270384297, 'num_points': 12}, {'avg_silhouette': 0.5434023013906731, 'num_points': 12}, {'avg_silhouette': 0.5790393045099874, 'num_points': 18}, {'avg_silhouette': 0.6502767122340402, 'num_points': 6}, {'avg_silhouette': 0.8618176373742417, 'num_points': 5}, {'avg_silhouette': 0.43072303542548723, 'num_points': 6}, {'avg_silhouette': 0.769223768860948, 'num_points': 5}, {'avg_silhouette': 0.4869999750762644, 'num_points': 7}]",5.0,17,0.3522642584348193,,1,
K-means,,,"[{'avg_silhouette': 0.2746962762649733, 'num_points': 72}, {'avg_silhouette': 0.6263411367143585, 'num_points': 1964}, {'avg_silhouette': 0.28870750394156036, 'num_points': 239}, {'avg_silhouette': 0.06831831757654788, 'num_points': 85}, {'avg_silhouette': 0.24836232139420467, 'num_points': 513}, {'avg_silhouette': 0.3462988987773647, 'num_points': 723}, {'avg_silhouette': 0.37885226028245, 'num_points': 74}, {'avg_silhouette': -0.0914770314145687, 'num_points': 30}, {'avg_silhouette': 0.06898404244355305, 'num_points': 87}, {'avg_silhouette': 0.15725833184851334, 'num_points': 157}, {'avg_silhouette': 0.41723906621980755, 'num_points': 310}, {'avg_silhouette': 0.2248670732311455, 'num_points': 214}, {'avg_silhouette': 0.44209907051876396, 'num_points': 1090}, {'avg_silhouette': 0.16671768297885978, 'num_points': 162}, {'avg_silhouette': -0.1793445194140253, 'num_points': 195}, {'avg_silhouette': 0.24736605813572432, 'num_points': 139}, {'avg_silhouette': 0.2863227450583989, 'num_points': 126}, {'avg_silhouette': 0.3552880393904679, 'num_points': 47}, {'avg_silhouette': 0.14237582584450464, 'num_points': 52}, {'avg_silhouette': 0.21407953073345173, 'num_points': 25}, {'avg_silhouette': 0.2226049621292032, 'num_points': 25}, {'avg_silhouette': 0.26433238066786624, 'num_points': 129}, {'avg_silhouette': 0.037828098041086486, 'num_points': 8}, {'avg_silhouette': 0.18645377708295294, 'num_points': 35}, {'avg_silhouette': -0.024288975985626765, 'num_points': 64}, {'avg_silhouette': 0.41733856952711984, 'num_points': 24}, {'avg_silhouette': 0.2748256684561989, 'num_points': 7}, {'avg_silhouette': -0.11538499726612299, 'num_points': 20}, {'avg_silhouette': 0.31596237696961, 'num_points': 231}, {'avg_silhouette': 0.21889680871953687, 'num_points': 113}, {'avg_silhouette': 0.07032299669302175, 'num_points': 61}, {'avg_silhouette': 0.13293919345711755, 'num_points': 23}, {'avg_silhouette': 0.1815749933775634, 'num_points': 189}, {'avg_silhouette': 0.216015279632752, 'num_points': 80}, {'avg_silhouette': 0.02267073396506807, 'num_points': 43}, {'avg_silhouette': -0.07073583705915218, 'num_points': 147}, {'avg_silhouette': -0.11132259642573636, 'num_points': 120}, {'avg_silhouette': -0.024599083708127592, 'num_points': 60}]",,38,0.35100502562966485,,4,0.41577535685117295
K-means,,,"[{'avg_silhouette': 0.11597642137645632, 'num_points': 159}, {'avg_silhouette': -0.1311757088142217, 'num_points': 187}, {'avg_silhouette': 0.16071747974949305, 'num_points': 626}, {'avg_silhouette': 0.2711189180523354, 'num_points': 1173}, {'avg_silhouette': 0.3879135524021775, 'num_points': 74}, {'avg_silhouette': 0.593935195448025, 'num_points': 2294}, {'avg_silhouette': 0.4381322032142675, 'num_points': 1099}, {'avg_silhouette': 0.2691362374350607, 'num_points': 381}, {'avg_silhouette': 0.4231281240331728, 'num_points': 24}, {'avg_silhouette': 0.2957046345350103, 'num_points': 52}, {'avg_silhouette': 0.2284392067871132, 'num_points': 233}, {'avg_silhouette': 0.222828571017037, 'num_points': 146}, {'avg_silhouette': 0.09016613070174215, 'num_points': 222}, {'avg_silhouette': -0.11140785309860529, 'num_points': 124}, {'avg_silhouette': 0.2821429125469605, 'num_points': 128}, {'avg_silhouette': 0.2769309123056214, 'num_points': 241}, {'avg_silhouette': 0.03192795236267462, 'num_points': 109}, {'avg_silhouette': 0.2816110927380453, 'num_points': 72}, {'avg_silhouette': 0.11838566521819896, 'num_points': 194}, {'avg_silhouette': 0.22722709790646606, 'num_points': 145}]",,20,0.3498375675958745,,4,0.36597594911603026
K-means,,,"[{'avg_silhouette': 0.11895523864079634, 'num_points': 169}, {'avg_silhouette': 0.6379801604609854, 'num_points': 1937}, {'avg_silhouette': 0.35197308148522216, 'num_points': 842}, {'avg_silhouette': -0.0069104317068830285, 'num_points': 31}, {'avg_silhouette': 0.09588545285376865, 'num_points': 117}, {'avg_silhouette': 0.4597931169418473, 'num_points': 794}, {'avg_silhouette': 0.13423832908476155, 'num_points': 183}, {'avg_silhouette': 0.5067083960501586, 'num_points': 293}, {'avg_silhouette': 0.31718649365573987, 'num_points': 450}, {'avg_silhouette': 0.20738527384915423, 'num_points': 145}, {'avg_silhouette': 0.09628954232391351, 'num_points': 19}, {'avg_silhouette': 0.34282602868510964, 'num_points': 48}, {'avg_silhouette': 0.2012316269305948, 'num_points': 15}, {'avg_silhouette': 0.031103772370185592, 'num_points': 50}, {'avg_silhouette': 0.2498083522557634, 'num_points': 238}, {'avg_silhouette': 0.326206988683654, 'num_points': 227}, {'avg_silhouette': 0.22055394576646675, 'num_points': 140}, {'avg_silhouette': 0.141682712929192, 'num_points': 37}, {'avg_silhouette': 0.2002997414684124, 'num_points': 52}, {'avg_silhouette': 0.10135206292586067, 'num_points': 169}, {'avg_silhouette': -0.08309614730366542, 'num_points': 183}, {'avg_silhouette': 0.047725593562216416, 'num_points': 121}, {'avg_silhouette': 0.2862941344057137, 'num_points': 315}, {'avg_silhouette': 0.27955528117671036, 'num_points': 125}, {'avg_silhouette': 0.23252373942521146, 'num_points': 24}, {'avg_silhouette': 0.36639039573191656, 'num_points': 40}, {'avg_silhouette': -0.0687044981874603, 'num_points': 112}, {'avg_silhouette': -0.016295025829885842, 'num_points': 27}, {'avg_silhouette': -0.12670328280049584, 'num_points': 60}, {'avg_silhouette': -0.1341917318455391, 'num_points': 192}, {'avg_silhouette': 0.20083540019485685, 'num_points': 59}, {'avg_silhouette': 0.17449995201792334, 'num_points': 152}, {'avg_silhouette': 0.2551387989281863, 'num_points': 72}, {'avg_silhouette': 0.3957933645254408, 'num_points': 55}, {'avg_silhouette': 0.35051016176817335, 'num_points': 9}, {'avg_silhouette': -0.03844049767808645, 'num_points': 112}, {'avg_silhouette': 0.31046275725798994, 'num_points': 22}, {'avg_silhouette': 0.09721479081208129, 'num_points': 26}, {'avg_silhouette': 0.102397547230254, 'num_points': 21}]",,39,0.348493211966638,,4,0.4417332131359487
DBSCAN,,0.66991582276861,"[{'avg_silhouette': 0.36610324743894135, 'num_points': 7124}, {'avg_silhouette': 0.6779995350016718, 'num_points': 15}, {'avg_silhouette': 0.2823826206191168, 'num_points': 6}, {'avg_silhouette': 0.5028528759154438, 'num_points': 32}, {'avg_silhouette': 0.4756671655377766, 'num_points': 69}, {'avg_silhouette': 0.6511887255124409, 'num_points': 5}, {'avg_silhouette': 0.5011544527571412, 'num_points': 35}, {'avg_silhouette': 0.4764603474105121, 'num_points': 12}, {'avg_silhouette': 0.409135940508095, 'num_points': 23}, {'avg_silhouette': 0.4829131747502663, 'num_points': 10}, {'avg_silhouette': 0.41716269218829166, 'num_points': 12}, {'avg_silhouette': 0.5432910813586376, 'num_points': 12}, {'avg_silhouette': 0.5789809952338218, 'num_points': 18}, {'avg_silhouette': 0.6501751766868681, 'num_points': 6}, {'avg_silhouette': 0.8617687780475741, 'num_points': 5}, {'avg_silhouette': 0.43059944878307976, 'num_points': 6}, {'avg_silhouette': 0.7691661291041607, 'num_points': 5}, {'avg_silhouette': 0.486874187013978, 'num_points': 7}]",5.0,18,0.34686722679305715,,1,
DBSCAN,,0.6599158227686099,"[{'avg_silhouette': 0.3666260359182342, 'num_points': 7118}, {'avg_silhouette': 0.2823826206191168, 'num_points': 6}, {'avg_silhouette': 0.5028528759154438, 'num_points': 32}, {'avg_silhouette': 0.47555618070507677, 'num_points': 69}, {'avg_silhouette': 0.6511152168916475, 'num_points': 5}, {'avg_silhouette': 0.5010550365096295, 'num_points': 35}, {'avg_silhouette': 0.4763661552667544, 'num_points': 12}, {'avg_silhouette': 0.4150530363663828, 'num_points': 22}, {'avg_silhouette': 0.6779350137986377, 'num_points': 15}, {'avg_silhouette': 0.48279889959061856, 'num_points': 10}, {'avg_silhouette': 0.4288167039700052, 'num_points': 11}, {'avg_silhouette': 0.5432058839057888, 'num_points': 12}, {'avg_silhouette': 0.5789370113958062, 'num_points': 18}, {'avg_silhouette': 0.6500927217100215, 'num_points': 6}, {'avg_silhouette': 0.8617290776897063, 'num_points': 5}, {'avg_silhouette': 0.7691204188455832, 'num_points': 5}, {'avg_silhouette': 0.4867691521990614, 'num_points': 7}]",5.0,17,0.3465697879275304,,1,
AGGLC,ward,,"[{'avg_silhouette': 0.31966669103958323, 'num_points': 680}, {'avg_silhouette': -0.2478924696032595, 'num_points': 145}, {'avg_silhouette': 0.23485255646843825, 'num_points': 494}, {'avg_silhouette': -0.015947007062955827, 'num_points': 86}, {'avg_silhouette': -0.09344635619527772, 'num_points': 134}, {'avg_silhouette': -0.05773906196853274, 'num_points': 49}, {'avg_silhouette': 0.38504208937227946, 'num_points': 73}, {'avg_silhouette': -0.11942197249680353, 'num_points': 56}, {'avg_silhouette': -0.1885200692101134, 'num_points': 72}, {'avg_silhouette': 0.4308549532163982, 'num_points': 777}, {'avg_silhouette': 0.25858471589578885, 'num_points': 130}, {'avg_silhouette': 0.24880668478185777, 'num_points': 70}, {'avg_silhouette': 0.10951176399420981, 'num_points': 26}, {'avg_silhouette': 0.26108330525196016, 'num_points': 188}, {'avg_silhouette': 0.1399153692379618, 'num_points': 35}, {'avg_silhouette': -0.1792376173038617, 'num_points': 70}, {'avg_silhouette': 0.026737942916037767, 'num_points': 102}, {'avg_silhouette': 0.6164497401280292, 'num_points': 1980}, {'avg_silhouette': 0.14075483531938396, 'num_points': 164}, {'avg_silhouette': 0.16520980872927268, 'num_points': 15}, {'avg_silhouette': 0.011427816564773808, 'num_points': 114}, {'avg_silhouette': 0.21370695540252277, 'num_points': 109}, {'avg_silhouette': 0.3524124415745882, 'num_points': 105}, {'avg_silhouette': 0.4042178063667945, 'num_points': 43}, {'avg_silhouette': 0.27999538882914476, 'num_points': 22}, {'avg_silhouette': 0.3609482657218826, 'num_points': 40}, {'avg_silhouette': 0.28520451129061636, 'num_points': 227}, {'avg_silhouette': 0.33602734159083947, 'num_points': 9}, {'avg_silhouette': 0.0059027904290137765, 'num_points': 65}, {'avg_silhouette': 0.20376993414309397, 'num_points': 16}, {'avg_silhouette': 0.13105090387201898, 'num_points': 16}, {'avg_silhouette': 0.13649011617288162, 'num_points': 158}, {'avg_silhouette': 0.3142506101583046, 'num_points': 115}, {'avg_silhouette': 0.2111992671470995, 'num_points': 78}, {'avg_silhouette': 0.34894572574276644, 'num_points': 21}, {'avg_silhouette': 0.4174125251996572, 'num_points': 289}, {'avg_silhouette': -0.12114488477388954, 'num_points': 56}, {'avg_silhouette': 0.40548521283742306, 'num_points': 211}, {'avg_silhouette': -0.09251188200067224, 'num_points': 11}, {'avg_silhouette': 0.15233265254777636, 'num_points': 40}, {'avg_silhouette': 0.2355505631492497, 'num_points': 154}, {'avg_silhouette': 0.19700345777873787, 'num_points': 58}, {'avg_silhouette': 0.11923167652897185, 'num_points': 20}, {'avg_silhouette': -0.034725838596812796, 'num_points': 37}, {'avg_silhouette': 0.18274644619502858, 'num_points': 66}, {'avg_silhouette': 0.41384692464280626, 'num_points': 24}, {'avg_silhouette': 0.32656811978125055, 'num_points': 9}, {'avg_silhouette': 0.70858966515276, 'num_points': 224}]",,48,0.34609510266751786,,4,0.4004559852131122
K-means,,,"[{'avg_silhouette': -0.14536615250991536, 'num_points': 243}, {'avg_silhouette': 0.23421118319648193, 'num_points': 342}, {'avg_silhouette': 0.3599716050585099, 'num_points': 654}, {'avg_silhouette': 0.22776617662878726, 'num_points': 137}, {'avg_silhouette': 0.5031259521270068, 'num_points': 292}, {'avg_silhouette': 0.3382774363890342, 'num_points': 47}, {'avg_silhouette': 0.2861192282812653, 'num_points': 106}, {'avg_silhouette': 0.46226831944875174, 'num_points': 803}, {'avg_silhouette': 0.6494994065344067, 'num_points': 1858}, {'avg_silhouette': 0.22675009190236714, 'num_points': 107}, {'avg_silhouette': 0.12843092314948748, 'num_points': 54}, {'avg_silhouette': -0.053466157156312547, 'num_points': 56}, {'avg_silhouette': 0.2044060339419575, 'num_points': 221}, {'avg_silhouette': 0.2540458978782655, 'num_points': 238}, {'avg_silhouette': 0.39808953365548033, 'num_points': 17}, {'avg_silhouette': 0.14955628729763198, 'num_points': 154}, {'avg_silhouette': 0.020465962007765445, 'num_points': 18}, {'avg_silhouette': 0.18060431227485066, 'num_points': 35}, {'avg_silhouette': 0.047268877558229484, 'num_points': 43}, {'avg_silhouette': -0.07026862362943039, 'num_points': 171}, {'avg_silhouette': 0.3247619906491334, 'num_points': 228}, {'avg_silhouette': 0.11118060614453133, 'num_points': 75}, {'avg_silhouette': 0.028860857166669154, 'num_points': 38}, {'avg_silhouette': -0.054752326109023836, 'num_points': 62}, {'avg_silhouette': 0.3430189620303854, 'num_points': 405}, {'avg_silhouette': 0.3443045553544285, 'num_points': 41}, {'avg_silhouette': 0.0530504000126615, 'num_points': 51}, {'avg_silhouette': 0.12419542284484879, 'num_points': 20}, {'avg_silhouette': 0.07328127694118837, 'num_points': 15}, {'avg_silhouette': 0.2738287932567708, 'num_points': 125}, {'avg_silhouette': 0.3058327124573205, 'num_points': 22}, {'avg_silhouette': 0.11354695002106784, 'num_points': 89}, {'avg_silhouette': 0.2340713522054908, 'num_points': 155}, {'avg_silhouette': 0.23024750338675584, 'num_points': 76}, {'avg_silhouette': 0.3425854879181561, 'num_points': 11}, {'avg_silhouette': 0.2985790109677828, 'num_points': 52}, {'avg_silhouette': 0.2704933600453757, 'num_points': 7}, {'avg_silhouette': -0.12262799195132672, 'num_points': 70}, {'avg_silhouette': 0.15906637247949132, 'num_points': 49}, {'avg_silhouette': 0.0, 'num_points': 1}, {'avg_silhouette': -0.1313119879895628, 'num_points': 30}, {'avg_silhouette': -0.053261774892077694, 'num_points': 134}, {'avg_silhouette': 0.17791766657378533, 'num_points': 149}, {'avg_silhouette': -0.06314506558373259, 'num_points': 16}, {'avg_silhouette': -0.013469248179886999, 'num_points': 45}, {'avg_silhouette': 0.4965369144259754, 'num_points': 41}, {'avg_silhouette': 0.1386676408096209, 'num_points': 38}, {'avg_silhouette': 0.20352966761386504, 'num_points': 16}, {'avg_silhouette': 0.11126412483861021, 'num_points': 26}]",,49,0.34532180851358374,,4,0.4536895732680134
DBSCAN,,0.6499158227686099,"[{'avg_silhouette': 0.3671322879117219, 'num_points': 7111}, {'avg_silhouette': 0.2823826206191168, 'num_points': 6}, {'avg_silhouette': 0.5028528759154438, 'num_points': 32}, {'avg_silhouette': 0.4754060706949925, 'num_points': 69}, {'avg_silhouette': 0.6510121383799082, 'num_points': 5}, {'avg_silhouette': 0.5009147610216468, 'num_points': 35}, {'avg_silhouette': 0.5534735834958163, 'num_points': 8}, {'avg_silhouette': 0.4242457467082437, 'num_points': 21}, {'avg_silhouette': 0.67784053315726, 'num_points': 15}, {'avg_silhouette': 0.4940566140048193, 'num_points': 9}, {'avg_silhouette': 0.44111590100781434, 'num_points': 10}, {'avg_silhouette': 0.5430791975089673, 'num_points': 12}, {'avg_silhouette': 0.5788758863351982, 'num_points': 18}, {'avg_silhouette': 0.6499768948313668, 'num_points': 6}, {'avg_silhouette': 0.8616752630768849, 'num_points': 5}, {'avg_silhouette': 0.7690562363570888, 'num_points': 5}]",5.0,16,0.34523324877232436,,1,
K-means,,,"[{'avg_silhouette': 0.617444798866091, 'num_points': 1982}, {'avg_silhouette': 0.23881215862002336, 'num_points': 199}, {'avg_silhouette': 0.5344934299917865, 'num_points': 690}, {'avg_silhouette': -0.06195483512047897, 'num_points': 75}, {'avg_silhouette': 0.3452782650806389, 'num_points': 515}, {'avg_silhouette': 0.43274313099035705, 'num_points': 306}, {'avg_silhouette': 0.22760908779336106, 'num_points': 24}, {'avg_silhouette': 0.20067722363909912, 'num_points': 111}, {'avg_silhouette': 0.29763478654112846, 'num_points': 494}, {'avg_silhouette': 0.22828510908684477, 'num_points': 239}, {'avg_silhouette': 0.11979172022762688, 'num_points': 47}, {'avg_silhouette': 0.3755412828672466, 'num_points': 74}, {'avg_silhouette': 0.11932222219465234, 'num_points': 20}, {'avg_silhouette': 0.17316812467413104, 'num_points': 90}, {'avg_silhouette': -0.1344959614044225, 'num_points': 41}, {'avg_silhouette': 0.21518465426098954, 'num_points': 144}, {'avg_silhouette': 0.32354791482855566, 'num_points': 48}, {'avg_silhouette': 0.15825832561511938, 'num_points': 36}, {'avg_silhouette': 0.19767960372799728, 'num_points': 158}, {'avg_silhouette': -0.03481010593317681, 'num_points': 10}, {'avg_silhouette': 0.33935259502553533, 'num_points': 22}, {'avg_silhouette': 0.3468935127030146, 'num_points': 226}, {'avg_silhouette': 0.146302567524771, 'num_points': 162}, {'avg_silhouette': 0.33912700625881925, 'num_points': 11}, {'avg_silhouette': -0.025310534592786323, 'num_points': 114}, {'avg_silhouette': 0.13606824952922233, 'num_points': 155}, {'avg_silhouette': 0.0808772698957997, 'num_points': 46}, {'avg_silhouette': 0.08328063677868429, 'num_points': 102}, {'avg_silhouette': 0.2814070205757459, 'num_points': 125}, {'avg_silhouette': 0.14424241538295818, 'num_points': 13}, {'avg_silhouette': -0.043719161165442874, 'num_points': 85}, {'avg_silhouette': 0.011126361845361029, 'num_points': 52}, {'avg_silhouette': -0.0685424242691952, 'num_points': 145}, {'avg_silhouette': 0.19031450538216974, 'num_points': 37}, {'avg_silhouette': -0.11911427311144085, 'num_points': 154}, {'avg_silhouette': 0.3578062374712317, 'num_points': 11}, {'avg_silhouette': -0.11960748880264517, 'num_points': 125}, {'avg_silhouette': 0.30502279788635006, 'num_points': 68}, {'avg_silhouette': 0.22918462581202872, 'num_points': 157}, {'avg_silhouette': 0.012424534852336565, 'num_points': 56}, {'avg_silhouette': 0.06037866029210086, 'num_points': 30}, {'avg_silhouette': 0.39458563521178014, 'num_points': 29}, {'avg_silhouette': 0.23620690691897286, 'num_points': 92}, {'avg_silhouette': 0.3368363288790094, 'num_points': 9}, {'avg_silhouette': 0.3459296371729072, 'num_points': 41}, {'avg_silhouette': 0.2971542461434287, 'num_points': 313}]",,46,0.34517752445448613,,4,0.4487128201199112
DBSCAN,,0.6399158227686099,"[{'avg_silhouette': 0.36793813608430304, 'num_points': 7102}, {'avg_silhouette': 0.2823826206191168, 'num_points': 6}, {'avg_silhouette': 0.5028528759154438, 'num_points': 32}, {'avg_silhouette': 0.4752356128682791, 'num_points': 69}, {'avg_silhouette': 0.6508918877619568, 'num_points': 5}, {'avg_silhouette': 0.5007525393511204, 'num_points': 35}, {'avg_silhouette': 0.5533267876574743, 'num_points': 8}, {'avg_silhouette': 0.4330845402467548, 'num_points': 20}, {'avg_silhouette': 0.6777370386921611, 'num_points': 15}, {'avg_silhouette': 0.4938889785643601, 'num_points': 9}, {'avg_silhouette': 0.45863243142397536, 'num_points': 9}, {'avg_silhouette': 0.5429251772719755, 'num_points': 12}, {'avg_silhouette': 0.5788060810895045, 'num_points': 18}, {'avg_silhouette': 0.649841084475155, 'num_points': 6}, {'avg_silhouette': 0.8616133735265287, 'num_points': 5}, {'avg_silhouette': 0.7689802580515513, 'num_points': 5}]",5.0,16,0.34516052711506834,,1,
DBSCAN,,0.6299158227686099,"[{'avg_silhouette': 0.36797598988162206, 'num_points': 7094}, {'avg_silhouette': 0.28604499833506875, 'num_points': 6}, {'avg_silhouette': 0.5305778072408772, 'num_points': 31}, {'avg_silhouette': 0.4750849084885075, 'num_points': 69}, {'avg_silhouette': 0.6507853177449776, 'num_points': 5}, {'avg_silhouette': 0.5006091606544907, 'num_points': 35}, {'avg_silhouette': 0.5531968161274854, 'num_points': 8}, {'avg_silhouette': 0.523237468798452, 'num_points': 8}, {'avg_silhouette': 0.4580974847307456, 'num_points': 17}, {'avg_silhouette': 0.5498250538352784, 'num_points': 6}, {'avg_silhouette': 0.5427941974379014, 'num_points': 12}, {'avg_silhouette': 0.5787515597830605, 'num_points': 18}, {'avg_silhouette': 0.6497230903753284, 'num_points': 6}, {'avg_silhouette': 0.8615605170954812, 'num_points': 5}, {'avg_silhouette': 0.6776448153686296, 'num_points': 15}, {'avg_silhouette': 0.7689031524737506, 'num_points': 5}]",5.0,16,0.34387826908789965,,1,
K-means,,,"[{'avg_silhouette': 0.4774854688534797, 'num_points': 781}, {'avg_silhouette': 0.6191882608362782, 'num_points': 1968}, {'avg_silhouette': 0.02658780126328101, 'num_points': 53}, {'avg_silhouette': -0.028306233566461638, 'num_points': 121}, {'avg_silhouette': 0.23685270952649007, 'num_points': 131}, {'avg_silhouette': -0.0054496343076608725, 'num_points': 27}, {'avg_silhouette': 0.378131064331566, 'num_points': 74}, {'avg_silhouette': 0.020426199814528968, 'num_points': 122}, {'avg_silhouette': 0.3027621612366914, 'num_points': 123}, {'avg_silhouette': 0.5012609294790995, 'num_points': 293}, {'avg_silhouette': -0.08285265964480483, 'num_points': 16}, {'avg_silhouette': 0.41630244355449714, 'num_points': 24}, {'avg_silhouette': -0.10291602426378871, 'num_points': 26}, {'avg_silhouette': -0.06490457660077761, 'num_points': 72}, {'avg_silhouette': 0.1808483038149067, 'num_points': 164}, {'avg_silhouette': 0.07617570416478169, 'num_points': 109}, {'avg_silhouette': 0.16641046309459379, 'num_points': 149}, {'avg_silhouette': 0.18199272849062018, 'num_points': 230}, {'avg_silhouette': 0.2817074459734275, 'num_points': 317}, {'avg_silhouette': 0.1605599067204312, 'num_points': 29}, {'avg_silhouette': 0.16601778815041465, 'num_points': 139}, {'avg_silhouette': 0.33602044144706844, 'num_points': 381}, {'avg_silhouette': 0.19789909832014926, 'num_points': 146}, {'avg_silhouette': 0.1957144481421955, 'num_points': 34}, {'avg_silhouette': -0.053425785935453975, 'num_points': 14}, {'avg_silhouette': 0.34649679439792386, 'num_points': 41}, {'avg_silhouette': 0.46079690565791387, 'num_points': 38}, {'avg_silhouette': -0.025497456640593264, 'num_points': 59}, {'avg_silhouette': 0.03435815539080958, 'num_points': 49}, {'avg_silhouette': 0.346524757306758, 'num_points': 225}, {'avg_silhouette': -0.12745769962945389, 'num_points': 88}, {'avg_silhouette': 0.3046219525983164, 'num_points': 69}, {'avg_silhouette': 0.19947876892764524, 'num_points': 165}, {'avg_silhouette': -0.046122472645403166, 'num_points': 29}, {'avg_silhouette': 0.2569596029051067, 'num_points': 234}, {'avg_silhouette': 0.3268584468420977, 'num_points': 536}, {'avg_silhouette': 0.15527558264740599, 'num_points': 92}, {'avg_silhouette': 0.14002641005712518, 'num_points': 70}, {'avg_silhouette': 0.1702555095305395, 'num_points': 124}, {'avg_silhouette': 0.0, 'num_points': 1}, {'avg_silhouette': -0.11251178764586856, 'num_points': 142}, {'avg_silhouette': 0.3056629911210072, 'num_points': 22}, {'avg_silhouette': 0.13855629503804232, 'num_points': 16}, {'avg_silhouette': 0.12619466631403095, 'num_points': 24}, {'avg_silhouette': -0.0728230043947574, 'num_points': 116}]",,45,0.3436194940169441,,3,0.4745107255106185
AGGLC,ward,,"[{'avg_silhouette': 0.3339760120739912, 'num_points': 358}, {'avg_silhouette': 0.31966703387927226, 'num_points': 680}, {'avg_silhouette': 0.23720186457275103, 'num_points': 494}, {'avg_silhouette': -0.015947007062955827, 'num_points': 86}, {'avg_silhouette': -0.23735588395607873, 'num_points': 145}, {'avg_silhouette': -0.04826388746118475, 'num_points': 49}, {'avg_silhouette': 0.385204518971302, 'num_points': 73}, {'avg_silhouette': -0.11942197249680353, 'num_points': 56}, {'avg_silhouette': -0.16184350490403265, 'num_points': 72}, {'avg_silhouette': 0.4308549532163982, 'num_points': 777}, {'avg_silhouette': 0.25858471589578885, 'num_points': 130}, {'avg_silhouette': 0.24880668478185777, 'num_points': 70}, {'avg_silhouette': 0.1105224844641153, 'num_points': 26}, {'avg_silhouette': 0.26108330525196016, 'num_points': 188}, {'avg_silhouette': 0.14158244108537732, 'num_points': 35}, {'avg_silhouette': -0.17459986339304515, 'num_points': 70}, {'avg_silhouette': 0.02692658160836529, 'num_points': 102}, {'avg_silhouette': 0.616551273245174, 'num_points': 1980}, {'avg_silhouette': 0.14253158419432857, 'num_points': 164}, {'avg_silhouette': 0.16520980872927268, 'num_points': 15}, {'avg_silhouette': 0.011970852938460291, 'num_points': 114}, {'avg_silhouette': 0.21370695540252277, 'num_points': 109}, {'avg_silhouette': 0.353202156587573, 'num_points': 105}, {'avg_silhouette': 0.4042178063667945, 'num_points': 43}, {'avg_silhouette': 0.2802067976628165, 'num_points': 22}, {'avg_silhouette': 0.3618514309298637, 'num_points': 40}, {'avg_silhouette': 0.28520451129061636, 'num_points': 227}, {'avg_silhouette': 0.33669525236303804, 'num_points': 9}, {'avg_silhouette': 0.0059027904290137765, 'num_points': 65}, {'avg_silhouette': 0.20376993414309397, 'num_points': 16}, {'avg_silhouette': 0.13105090387201898, 'num_points': 16}, {'avg_silhouette': 0.13649011617288162, 'num_points': 158}, {'avg_silhouette': 0.3142506101583046, 'num_points': 115}, {'avg_silhouette': 0.2139600198606135, 'num_points': 78}, {'avg_silhouette': 0.35147652572540944, 'num_points': 21}, {'avg_silhouette': 0.4174125251996572, 'num_points': 289}, {'avg_silhouette': -0.11783471713187307, 'num_points': 56}, {'avg_silhouette': 0.40548521283742306, 'num_points': 211}, {'avg_silhouette': -0.09237272242761589, 'num_points': 11}, {'avg_silhouette': 0.15233265254777636, 'num_points': 40}, {'avg_silhouette': 0.2355505631492497, 'num_points': 154}, {'avg_silhouette': 0.19700345777873787, 'num_points': 58}, {'avg_silhouette': 0.11923167652897185, 'num_points': 20}, {'avg_silhouette': -0.034725838596812796, 'num_points': 37}, {'avg_silhouette': 0.18274644619502858, 'num_points': 66}, {'avg_silhouette': 0.41401144203808754, 'num_points': 24}, {'avg_silhouette': 0.3325449035911159, 'num_points': 9}]",,47,0.3435013582391707,,4,0.40106878122839884
AGGLC,ward,,"[{'avg_silhouette': -0.06528608948037054, 'num_points': 18}, {'avg_silhouette': 0.31966703387927226, 'num_points': 680}, {'avg_silhouette': 0.3339760120739912, 'num_points': 358}, {'avg_silhouette': -0.015947007062955827, 'num_points': 86}, {'avg_silhouette': -0.23735588395607873, 'num_points': 145}, {'avg_silhouette': -0.04826388746118475, 'num_points': 49}, {'avg_silhouette': 0.23720186457275103, 'num_points': 494}, {'avg_silhouette': -0.11942197249680353, 'num_points': 56}, {'avg_silhouette': -0.16184350490403265, 'num_points': 72}, {'avg_silhouette': 0.4308549532163982, 'num_points': 777}, {'avg_silhouette': 0.25858471589578885, 'num_points': 130}, {'avg_silhouette': 0.24880668478185777, 'num_points': 70}, {'avg_silhouette': 0.1105224844641153, 'num_points': 26}, {'avg_silhouette': 0.385204518971302, 'num_points': 73}, {'avg_silhouette': 0.14158244108537732, 'num_points': 35}, {'avg_silhouette': -0.17459986339304515, 'num_points': 70}, {'avg_silhouette': 0.02692658160836529, 'num_points': 102}, {'avg_silhouette': 0.616551273245174, 'num_points': 1980}, {'avg_silhouette': 0.14253158419432857, 'num_points': 164}, {'avg_silhouette': 0.16520980872927268, 'num_points': 15}, {'avg_silhouette': 0.011970852938460291, 'num_points': 114}, {'avg_silhouette': 0.21370695540252277, 'num_points': 109}, {'avg_silhouette': 0.353202156587573, 'num_points': 105}, {'avg_silhouette': 0.4042178063667945, 'num_points': 43}, {'avg_silhouette': 0.2802067976628165, 'num_points': 22}, {'avg_silhouette': 0.3618514309298637, 'num_points': 40}, {'avg_silhouette': 0.28520451129061636, 'num_points': 227}, {'avg_silhouette': 0.26108330525196016, 'num_points': 188}, {'avg_silhouette': 0.0059027904290137765, 'num_points': 65}, {'avg_silhouette': 0.20376993414309397, 'num_points': 16}, {'avg_silhouette': 0.13105090387201898, 'num_points': 16}, {'avg_silhouette': 0.13649011617288162, 'num_points': 158}, {'avg_silhouette': 0.3142506101583046, 'num_points': 115}, {'avg_silhouette': 0.2139600198606135, 'num_points': 78}, {'avg_silhouette': 0.35147652572540944, 'num_points': 21}, {'avg_silhouette': 0.4174125251996572, 'num_points': 289}, {'avg_silhouette': -0.11783471713187307, 'num_points': 56}, {'avg_silhouette': 0.40548521283742306, 'num_points': 211}, {'avg_silhouette': -0.09237272242761589, 'num_points': 11}, {'avg_silhouette': 0.15233265254777636, 'num_points': 40}, {'avg_silhouette': 0.2355505631492497, 'num_points': 154}, {'avg_silhouette': 0.19700345777873787, 'num_points': 58}, {'avg_silhouette': 0.11923167652897185, 'num_points': 20}, {'avg_silhouette': -0.034725838596812796, 'num_points': 37}, {'avg_silhouette': 0.18274644619502858, 'num_points': 66}, {'avg_silhouette': 0.41401144203808754, 'num_points': 24}]",,46,0.34256444414126175,,4,0.40106878122839884
DBSCAN,,0.6199158227686099,"[{'avg_silhouette': 0.36812607201696096, 'num_points': 7089}, {'avg_silhouette': 0.28604499833506875, 'num_points': 6}, {'avg_silhouette': 0.5305778072408772, 'num_points': 31}, {'avg_silhouette': 0.47499333304427316, 'num_points': 69}, {'avg_silhouette': 0.6507135907067598, 'num_points': 5}, {'avg_silhouette': 0.5185896087857607, 'num_points': 33}, {'avg_silhouette': 0.553106839889557, 'num_points': 8}, {'avg_silhouette': 0.5231480385066685, 'num_points': 8}, {'avg_silhouette': 0.5152847450534881, 'num_points': 13}, {'avg_silhouette': 0.5497330220573978, 'num_points': 6}, {'avg_silhouette': 0.565418355410022, 'num_points': 11}, {'avg_silhouette': 0.38065220758604174, 'num_points': 12}, {'avg_silhouette': 0.6496530120122004, 'num_points': 6}, {'avg_silhouette': 0.8615263869836616, 'num_points': 5}, {'avg_silhouette': 0.6569102537124376, 'num_points': 5}, {'avg_silhouette': 0.6775793436613992, 'num_points': 15}, {'avg_silhouette': 0.7688606933709617, 'num_points': 5}]",5.0,17,0.3424789109238752,,1,
AGGLC,ward,,"[{'avg_silhouette': 0.1207044789615886, 'num_points': 35}, {'avg_silhouette': -0.06528608948037054, 'num_points': 18}, {'avg_silhouette': 0.3339760120739912, 'num_points': 358}, {'avg_silhouette': 0.31966703387927226, 'num_points': 680}, {'avg_silhouette': -0.23735588395607873, 'num_points': 145}, {'avg_silhouette': -0.04826388746118475, 'num_points': 49}, {'avg_silhouette': 0.23720186457275103, 'num_points': 494}, {'avg_silhouette': -0.11942197249680353, 'num_points': 56}, {'avg_silhouette': -0.015947007062955827, 'num_points': 86}, {'avg_silhouette': 0.4308549532163982, 'num_points': 777}, {'avg_silhouette': 0.25858471589578885, 'num_points': 130}, {'avg_silhouette': 0.24880668478185777, 'num_points': 70}, {'avg_silhouette': 0.1105224844641153, 'num_points': 26}, {'avg_silhouette': 0.385204518971302, 'num_points': 73}, {'avg_silhouette': 0.14158244108537732, 'num_points': 35}, {'avg_silhouette': -0.17459986339304515, 'num_points': 70}, {'avg_silhouette': 0.02692658160836529, 'num_points': 102}, {'avg_silhouette': 0.616551273245174, 'num_points': 1980}, {'avg_silhouette': -0.16184350490403265, 'num_points': 72}, {'avg_silhouette': 0.16520980872927268, 'num_points': 15}, {'avg_silhouette': 0.011970852938460291, 'num_points': 114}, {'avg_silhouette': 0.21370695540252277, 'num_points': 109}, {'avg_silhouette': 0.353202156587573, 'num_points': 105}, {'avg_silhouette': 0.4042178063667945, 'num_points': 43}, {'avg_silhouette': 0.2802067976628165, 'num_points': 22}, {'avg_silhouette': 0.3618514309298637, 'num_points': 40}, {'avg_silhouette': 0.28520451129061636, 'num_points': 227}, {'avg_silhouette': 0.26108330525196016, 'num_points': 188}, {'avg_silhouette': 0.0059027904290137765, 'num_points': 65}, {'avg_silhouette': 0.20376993414309397, 'num_points': 16}, {'avg_silhouette': 0.13105090387201898, 'num_points': 16}, {'avg_silhouette': 0.13649011617288162, 'num_points': 158}, {'avg_silhouette': 0.3142506101583046, 'num_points': 115}, {'avg_silhouette': 0.2139600198606135, 'num_points': 78}, {'avg_silhouette': 0.35147652572540944, 'num_points': 21}, {'avg_silhouette': 0.4174125251996572, 'num_points': 289}, {'avg_silhouette': -0.11783471713187307, 'num_points': 56}, {'avg_silhouette': 0.40548521283742306, 'num_points': 211}, {'avg_silhouette': 0.14253158419432857, 'num_points': 164}, {'avg_silhouette': 0.15233265254777636, 'num_points': 40}, {'avg_silhouette': 0.2355505631492497, 'num_points': 154}, {'avg_silhouette': 0.19700345777873787, 'num_points': 58}, {'avg_silhouette': 0.11923167652897185, 'num_points': 20}, {'avg_silhouette': -0.034725838596812796, 'num_points': 37}, {'avg_silhouette': 0.18274644619502858, 'num_points': 66}]",,45,0.34195328731468955,,4,0.40106878122839884
AGGLC,ward,,"[{'avg_silhouette': 0.662682515484511, 'num_points': 2191}, {'avg_silhouette': -0.1939405938452637, 'num_points': 273}, {'avg_silhouette': 0.11807330251677121, 'num_points': 187}, {'avg_silhouette': 0.22195293707813674, 'num_points': 1211}, {'avg_silhouette': 0.3903043468646056, 'num_points': 1568}, {'avg_silhouette': 0.21751930754377785, 'num_points': 658}, {'avg_silhouette': 0.39996162791244655, 'num_points': 73}, {'avg_silhouette': -0.05613165058995474, 'num_points': 47}, {'avg_silhouette': 0.15626094627273965, 'num_points': 235}, {'avg_silhouette': 0.13834995547691223, 'num_points': 35}, {'avg_silhouette': -0.13103761459741486, 'num_points': 121}, {'avg_silhouette': 0.4285703612683146, 'num_points': 43}, {'avg_silhouette': 0.37559327778720036, 'num_points': 40}, {'avg_silhouette': 0.33554452292194187, 'num_points': 188}, {'avg_silhouette': 0.17407758562442338, 'num_points': 35}, {'avg_silhouette': 0.39608335714317205, 'num_points': 115}, {'avg_silhouette': -0.04220145445423876, 'num_points': 577}, {'avg_silhouette': 0.0684117602391629, 'num_points': 86}]",,18,0.3419183099466478,,5,0.2900515305033584
K-means,,,"[{'avg_silhouette': 0.29820948450466006, 'num_points': 124}, {'avg_silhouette': 0.6195262648542819, 'num_points': 1981}, {'avg_silhouette': 0.48666693563686625, 'num_points': 778}, {'avg_silhouette': 0.25399795421223903, 'num_points': 683}, {'avg_silhouette': -0.1188363558168026, 'num_points': 287}, {'avg_silhouette': 0.3407013223821745, 'num_points': 48}, {'avg_silhouette': 0.13432640504911367, 'num_points': 163}, {'avg_silhouette': 0.22921444805021243, 'num_points': 36}, {'avg_silhouette': 0.04206772976453783, 'num_points': 50}, {'avg_silhouette': -0.061927470868577174, 'num_points': 16}, {'avg_silhouette': 0.3493385427345969, 'num_points': 41}, {'avg_silhouette': 0.20213286617909917, 'num_points': 139}, {'avg_silhouette': 0.5036183927069102, 'num_points': 293}, {'avg_silhouette': 0.21080805414167675, 'num_points': 25}, {'avg_silhouette': 0.21375722284645746, 'num_points': 143}, {'avg_silhouette': 0.09620241058215892, 'num_points': 26}, {'avg_silhouette': -0.07390177856819055, 'num_points': 97}, {'avg_silhouette': 0.3766563315727569, 'num_points': 74}, {'avg_silhouette': -0.08085186070537423, 'num_points': 155}, {'avg_silhouette': -0.0825226308067106, 'num_points': 23}, {'avg_silhouette': 0.29728592758055544, 'num_points': 485}, {'avg_silhouette': 0.2831612949300658, 'num_points': 316}, {'avg_silhouette': 0.3718434638874047, 'num_points': 65}, {'avg_silhouette': -0.13231895395406465, 'num_points': 158}, {'avg_silhouette': 0.1711739931101218, 'num_points': 93}, {'avg_silhouette': 0.33240670391521565, 'num_points': 230}, {'avg_silhouette': 0.26149158710706105, 'num_points': 233}, {'avg_silhouette': 0.15625800576135582, 'num_points': 224}, {'avg_silhouette': 0.12020207269853415, 'num_points': 48}, {'avg_silhouette': 0.3999303453709211, 'num_points': 17}, {'avg_silhouette': 0.1837781068690852, 'num_points': 15}, {'avg_silhouette': 0.26483770841878757, 'num_points': 206}, {'avg_silhouette': -0.009003317467463284, 'num_points': 14}, {'avg_silhouette': 0.27486753858480617, 'num_points': 23}, {'avg_silhouette': 0.22827220703611573, 'num_points': 138}, {'avg_silhouette': 0.061501791645333447, 'num_points': 3}, {'avg_silhouette': 0.3102487416042463, 'num_points': 22}, {'avg_silhouette': 0.34162752235095684, 'num_points': 9}, {'avg_silhouette': 0.14253675676483857, 'num_points': 151}, {'avg_silhouette': -0.09687892518177485, 'num_points': 51}]",,40,0.34152552587738344,,4,0.41436927057098566
K-means,,,"[{'avg_silhouette': 0.3081275227589205, 'num_points': 524}, {'avg_silhouette': 0.6516111086673607, 'num_points': 1959}, {'avg_silhouette': 0.2817292789485312, 'num_points': 244}, {'avg_silhouette': 0.29460662581120906, 'num_points': 600}, {'avg_silhouette': 0.1250295624853508, 'num_points': 166}, {'avg_silhouette': 0.16467593355658414, 'num_points': 143}, {'avg_silhouette': 0.43291708444757093, 'num_points': 49}, {'avg_silhouette': 0.30540724878885656, 'num_points': 175}, {'avg_silhouette': 0.4189326830833368, 'num_points': 1125}, {'avg_silhouette': 0.1748350475331723, 'num_points': 92}, {'avg_silhouette': -0.12466491868342493, 'num_points': 178}, {'avg_silhouette': 0.33759807268990527, 'num_points': 18}, {'avg_silhouette': 0.34975072604925767, 'num_points': 41}, {'avg_silhouette': 0.24165958466417567, 'num_points': 138}, {'avg_silhouette': -0.07468894758590192, 'num_points': 41}, {'avg_silhouette': 0.3437923710303344, 'num_points': 48}, {'avg_silhouette': 0.3833941462965108, 'num_points': 313}, {'avg_silhouette': 0.225365078096, 'num_points': 145}, {'avg_silhouette': 0.0044400796582083814, 'num_points': 18}, {'avg_silhouette': -0.051773468874744266, 'num_points': 68}, {'avg_silhouette': 0.11862932919994043, 'num_points': 205}, {'avg_silhouette': 0.24413394248418926, 'num_points': 249}, {'avg_silhouette': -0.11131042304208669, 'num_points': 36}, {'avg_silhouette': -0.11007415805831433, 'num_points': 76}, {'avg_silhouette': 0.06720178676699101, 'num_points': 43}, {'avg_silhouette': -0.08513369534157775, 'num_points': 16}, {'avg_silhouette': -0.09710921847996373, 'num_points': 52}, {'avg_silhouette': -0.09395621958944439, 'num_points': 213}, {'avg_silhouette': 0.2815525505441531, 'num_points': 72}, {'avg_silhouette': 0.14817041683566717, 'num_points': 72}, {'avg_silhouette': 0.020489407101128353, 'num_points': 25}, {'avg_silhouette': 0.4145796279236856, 'num_points': 24}, {'avg_silhouette': -0.13631516038514158, 'num_points': 174}, {'avg_silhouette': 0.17408442090883672, 'num_points': 185}, {'avg_silhouette': 0.29687090883988104, 'num_points': 126}, {'avg_silhouette': 0.06923518734122756, 'num_points': 30}]",,36,0.34135687922568714,,4,0.4183194850802068
K-means,,,"[{'avg_silhouette': 0.2451975062155868, 'num_points': 930}, {'avg_silhouette': 0.4017884790176447, 'num_points': 313}, {'avg_silhouette': 0.12731292033034414, 'num_points': 174}, {'avg_silhouette': -0.1846010538596626, 'num_points': 193}, {'avg_silhouette': 0.6411290760216922, 'num_points': 1991}, {'avg_silhouette': 0.2237231824477038, 'num_points': 146}, {'avg_silhouette': 0.27618326750213473, 'num_points': 40}, {'avg_silhouette': 0.15423374038421112, 'num_points': 721}, {'avg_silhouette': 0.16038308730085737, 'num_points': 75}, {'avg_silhouette': 0.4218446560475786, 'num_points': 24}, {'avg_silhouette': 0.2550248733163899, 'num_points': 141}, {'avg_silhouette': -0.12908787094947408, 'num_points': 152}, {'avg_silhouette': 0.14423384237692186, 'num_points': 235}, {'avg_silhouette': 0.3570608360969483, 'num_points': 41}, {'avg_silhouette': 0.2009050009678209, 'num_points': 237}, {'avg_silhouette': 0.14700336288456392, 'num_points': 37}, {'avg_silhouette': 0.27209833661758837, 'num_points': 250}, {'avg_silhouette': -0.07608124148035517, 'num_points': 64}, {'avg_silhouette': 0.2192981047184582, 'num_points': 25}, {'avg_silhouette': 0.306481953540136, 'num_points': 51}, {'avg_silhouette': 0.18519566340730864, 'num_points': 93}, {'avg_silhouette': 0.28475591980324655, 'num_points': 128}, {'avg_silhouette': 0.21857373847825556, 'num_points': 117}, {'avg_silhouette': 0.22802054152270093, 'num_points': 253}, {'avg_silhouette': 0.3846524795436654, 'num_points': 1178}, {'avg_silhouette': 0.38412185807611926, 'num_points': 74}]",,26,0.340302732929457,,4,0.3563032005412889
AGGLC,ward,,"[{'avg_silhouette': 0.23470758367958466, 'num_points': 494}, {'avg_silhouette': -0.01693513542924913, 'num_points': 86}, {'avg_silhouette': -0.2614189897146369, 'num_points': 51}, {'avg_silhouette': -0.19254706393928225, 'num_points': 72}, {'avg_silhouette': -0.09351518504039125, 'num_points': 134}, {'avg_silhouette': -0.060466111300438205, 'num_points': 49}, {'avg_silhouette': 0.3849956681260056, 'num_points': 73}, {'avg_silhouette': -0.12760171555916294, 'num_points': 56}, {'avg_silhouette': 0.6163202943058502, 'num_points': 1980}, {'avg_silhouette': 0.4308549532163982, 'num_points': 777}, {'avg_silhouette': 0.25858471589578885, 'num_points': 130}, {'avg_silhouette': -0.07115638532239835, 'num_points': 94}, {'avg_silhouette': 0.10851108353156877, 'num_points': 26}, {'avg_silhouette': 0.25782673797750405, 'num_points': 188}, {'avg_silhouette': 0.13967386615863198, 'num_points': 35}, {'avg_silhouette': -0.1795592500639538, 'num_points': 70}, {'avg_silhouette': 0.010137710116362308, 'num_points': 102}, {'avg_silhouette': -0.12903569394478417, 'num_points': 56}, {'avg_silhouette': 0.14073243900926904, 'num_points': 164}, {'avg_silhouette': 0.16459922272156435, 'num_points': 15}, {'avg_silhouette': -0.024186176664962918, 'num_points': 114}, {'avg_silhouette': 0.21061871484965466, 'num_points': 109}, {'avg_silhouette': 0.3524124415745882, 'num_points': 105}, {'avg_silhouette': 0.40403668937926845, 'num_points': 43}, {'avg_silhouette': 0.24880668478185777, 'num_points': 70}, {'avg_silhouette': 0.3608839114856316, 'num_points': 40}, {'avg_silhouette': 0.28520451129061636, 'num_points': 227}, {'avg_silhouette': 0.33602734159083947, 'num_points': 9}, {'avg_silhouette': -0.0030614245527291737, 'num_points': 65}, {'avg_silhouette': 0.20338301086342397, 'num_points': 16}, {'avg_silhouette': 0.13105090387201898, 'num_points': 16}, {'avg_silhouette': 0.13649011617288162, 'num_points': 158}, {'avg_silhouette': 0.3142506101583046, 'num_points': 115}, {'avg_silhouette': 0.2111992671470995, 'num_points': 78}, {'avg_silhouette': 0.34870007276459364, 'num_points': 21}, {'avg_silhouette': 0.4174125251996572, 'num_points': 289}, {'avg_silhouette': 0.23431159546233304, 'num_points': 534}, {'avg_silhouette': 0.40548521283742306, 'num_points': 211}, {'avg_silhouette': -0.0952804907904583, 'num_points': 11}, {'avg_silhouette': 0.13492430761250013, 'num_points': 40}, {'avg_silhouette': 0.1903774958935163, 'num_points': 154}, {'avg_silhouette': 0.19700345777873787, 'num_points': 58}, {'avg_silhouette': 0.11923167652897185, 'num_points': 20}, {'avg_silhouette': -0.034725838596812796, 'num_points': 37}, {'avg_silhouette': 0.16853468420530338, 'num_points': 66}, {'avg_silhouette': 0.4137155400413022, 'num_points': 24}, {'avg_silhouette': 0.3256137090278108, 'num_points': 9}, {'avg_silhouette': 0.70858966515276, 'num_points': 224}, {'avg_silhouette': 0.3191106093838993, 'num_points': 146}, {'avg_silhouette': 0.2798922899583261, 'num_points': 22}]",,50,0.33991285591612586,,4,0.37904860666604157
AGGLC,ward,,"[{'avg_silhouette': -0.06600514452751925, 'num_points': 103}, {'avg_silhouette': 0.12072084470083586, 'num_points': 35}, {'avg_silhouette': 0.3339760120739912, 'num_points': 358}, {'avg_silhouette': 0.31966703387927226, 'num_points': 680}, {'avg_silhouette': -0.06528608948037054, 'num_points': 18}, {'avg_silhouette': -0.04826388746118475, 'num_points': 49}, {'avg_silhouette': 0.23720186457275103, 'num_points': 494}, {'avg_silhouette': -0.11591673484302807, 'num_points': 56}, {'avg_silhouette': -0.015947007062955827, 'num_points': 86}, {'avg_silhouette': 0.4308549532163982, 'num_points': 777}, {'avg_silhouette': -0.23735588395607873, 'num_points': 145}, {'avg_silhouette': 0.24880668478185777, 'num_points': 70}, {'avg_silhouette': 0.11064779994764742, 'num_points': 26}, {'avg_silhouette': 0.38545165519907654, 'num_points': 73}, {'avg_silhouette': 0.14653762898043704, 'num_points': 35}, {'avg_silhouette': -0.17308983579621665, 'num_points': 70}, {'avg_silhouette': 0.027404582938958203, 'num_points': 102}, {'avg_silhouette': 0.616551273245174, 'num_points': 1980}, {'avg_silhouette': -0.16144014951771907, 'num_points': 72}, {'avg_silhouette': 0.16520980872927268, 'num_points': 15}, {'avg_silhouette': 0.012058350374510973, 'num_points': 114}, {'avg_silhouette': 0.2587584938374084, 'num_points': 130}, {'avg_silhouette': 0.353202156587573, 'num_points': 105}, {'avg_silhouette': 0.4052416311279347, 'num_points': 43}, {'avg_silhouette': 0.2814086629817629, 'num_points': 22}, {'avg_silhouette': 0.362754999111323, 'num_points': 40}, {'avg_silhouette': 0.28520451129061636, 'num_points': 227}, {'avg_silhouette': 0.26166954890388167, 'num_points': 188}, {'avg_silhouette': 0.0059027904290137765, 'num_points': 65}, {'avg_silhouette': 0.20376993414309397, 'num_points': 16}, {'avg_silhouette': 0.13105090387201898, 'num_points': 16}, {'avg_silhouette': 0.13649011617288162, 'num_points': 158}, {'avg_silhouette': 0.3142506101583046, 'num_points': 115}, {'avg_silhouette': 0.2139600198606135, 'num_points': 78}, {'avg_silhouette': 0.35147652572540944, 'num_points': 21}, {'avg_silhouette': 0.4174125251996572, 'num_points': 289}, {'avg_silhouette': -0.11783471713187307, 'num_points': 56}, {'avg_silhouette': 0.40548521283742306, 'num_points': 211}, {'avg_silhouette': 0.14253158419432857, 'num_points': 164}, {'avg_silhouette': 0.15233265254777636, 'num_points': 40}, {'avg_silhouette': 0.2355505631492497, 'num_points': 154}, {'avg_silhouette': 0.19763369006246562, 'num_points': 58}, {'avg_silhouette': 0.11923167652897185, 'num_points': 20}, {'avg_silhouette': 0.22026379078162162, 'num_points': 109}]",,44,0.33987087075679084,,4,0.40106878122839884
DBSCAN,,1.0099158227686102,"[{'avg_silhouette': 0.3459752788148001, 'num_points': 7519}, {'avg_silhouette': 0.6271908588060423, 'num_points': 16}, {'avg_silhouette': 0.4300294788367786, 'num_points': 9}, {'avg_silhouette': 0.6570764340229976, 'num_points': 5}, {'avg_silhouette': 0.5121556465651487, 'num_points': 22}, {'avg_silhouette': 0.8643594617911452, 'num_points': 5}]",5.0,6,0.33972565768175306,,1,
AGGLC,ward,,"[{'avg_silhouette': -0.2783498419763935, 'num_points': 163}, {'avg_silhouette': -0.06600514452751925, 'num_points': 103}, {'avg_silhouette': 0.3339760120739912, 'num_points': 358}, {'avg_silhouette': 0.31966703387927226, 'num_points': 680}, {'avg_silhouette': 0.12072084470083586, 'num_points': 35}, {'avg_silhouette': -0.04826388746118475, 'num_points': 49}, {'avg_silhouette': 0.23720186457275103, 'num_points': 494}, {'avg_silhouette': -0.11591673484302807, 'num_points': 56}, {'avg_silhouette': -0.015947007062955827, 'num_points': 86}, {'avg_silhouette': 0.4308549532163982, 'num_points': 777}, {'avg_silhouette': 0.2587584938374084, 'num_points': 130}, {'avg_silhouette': 0.24880668478185777, 'num_points': 70}, {'avg_silhouette': 0.11064779994764742, 'num_points': 26}, {'avg_silhouette': 0.38545165519907654, 'num_points': 73}, {'avg_silhouette': 0.14653762898043704, 'num_points': 35}, {'avg_silhouette': -0.17308983579621665, 'num_points': 70}, {'avg_silhouette': 0.027404582938958203, 'num_points': 102}, {'avg_silhouette': 0.616551273245174, 'num_points': 1980}, {'avg_silhouette': -0.16144014951771907, 'num_points': 72}, {'avg_silhouette': 0.16520980872927268, 'num_points': 15}, {'avg_silhouette': 0.012058350374510973, 'num_points': 114}, {'avg_silhouette': 0.22026379078162162, 'num_points': 109}, {'avg_silhouette': 0.353202156587573, 'num_points': 105}, {'avg_silhouette': 0.4052416311279347, 'num_points': 43}, {'avg_silhouette': 0.2814086629817629, 'num_points': 22}, {'avg_silhouette': 0.362754999111323, 'num_points': 40}, {'avg_silhouette': 0.28520451129061636, 'num_points': 227}, {'avg_silhouette': 0.26166954890388167, 'num_points': 188}, {'avg_silhouette': 0.0059027904290137765, 'num_points': 65}, {'avg_silhouette': 0.20376993414309397, 'num_points': 16}, {'avg_silhouette': 0.13105090387201898, 'num_points': 16}, {'avg_silhouette': 0.13649011617288162, 'num_points': 158}, {'avg_silhouette': 0.3142506101583046, 'num_points': 115}, {'avg_silhouette': 0.2139600198606135, 'num_points': 78}, {'avg_silhouette': 0.35147652572540944, 'num_points': 21}, {'avg_silhouette': 0.4174125251996572, 'num_points': 289}, {'avg_silhouette': -0.11783471713187307, 'num_points': 56}, {'avg_silhouette': 0.40548521283742306, 'num_points': 211}, {'avg_silhouette': 0.14253158419432857, 'num_points': 164}, {'avg_silhouette': 0.15233265254777636, 'num_points': 40}, {'avg_silhouette': 0.2355505631492497, 'num_points': 154}, {'avg_silhouette': 0.19763369006246562, 'num_points': 58}, {'avg_silhouette': 0.11923167652897185, 'num_points': 20}]",,43,0.3385980253242939,,4,0.40106878122839884
K-means,,,"[{'avg_silhouette': 0.615564769412831, 'num_points': 2063}, {'avg_silhouette': 0.203105923126, 'num_points': 147}, {'avg_silhouette': 0.2572902359280972, 'num_points': 925}, {'avg_silhouette': 0.4319516416593486, 'num_points': 810}, {'avg_silhouette': -0.10239486643651872, 'num_points': 176}, {'avg_silhouette': 0.23407606695456737, 'num_points': 614}, {'avg_silhouette': 0.1799567052590054, 'num_points': 15}, {'avg_silhouette': -0.07139801640295507, 'num_points': 129}, {'avg_silhouette': 0.30246023018472706, 'num_points': 51}, {'avg_silhouette': 0.33882787659335967, 'num_points': 353}, {'avg_silhouette': 0.32511275321222083, 'num_points': 22}, {'avg_silhouette': 0.09628954232391351, 'num_points': 19}, {'avg_silhouette': 0.09253667057955882, 'num_points': 226}, {'avg_silhouette': 0.34986244282053713, 'num_points': 26}, {'avg_silhouette': 0.15822216424886854, 'num_points': 97}, {'avg_silhouette': 0.20064289831073487, 'num_points': 145}, {'avg_silhouette': 0.19919530372672611, 'num_points': 259}, {'avg_silhouette': 0.2593043362804989, 'num_points': 63}, {'avg_silhouette': 0.3958414085327361, 'num_points': 55}, {'avg_silhouette': 0.3551793141448835, 'num_points': 41}, {'avg_silhouette': 0.2583703891571899, 'num_points': 72}, {'avg_silhouette': 0.2946496849168299, 'num_points': 181}, {'avg_silhouette': 0.10241992123294293, 'num_points': 165}, {'avg_silhouette': 0.1722813576341638, 'num_points': 36}, {'avg_silhouette': -0.11072170269421723, 'num_points': 107}, {'avg_silhouette': 0.28333400851962526, 'num_points': 319}, {'avg_silhouette': 0.13558688327427412, 'num_points': 236}, {'avg_silhouette': 0.2848848225632706, 'num_points': 126}, {'avg_silhouette': 0.2144876999964022, 'num_points': 146}, {'avg_silhouette': -0.07452969075624065, 'num_points': 59}]",,30,0.33814144377155375,,4,0.38472067848871105
AGGLC,ward,,"[{'avg_silhouette': -0.2478924696032595, 'num_points': 145}, {'avg_silhouette': -0.01693513542924913, 'num_points': 86}, {'avg_silhouette': 0.2348430317915791, 'num_points': 494}, {'avg_silhouette': -0.1885200692101134, 'num_points': 72}, {'avg_silhouette': -0.09351518504039125, 'num_points': 134}, {'avg_silhouette': -0.058704428391288276, 'num_points': 49}, {'avg_silhouette': 0.3849956681260056, 'num_points': 73}, {'avg_silhouette': -0.12760171555916294, 'num_points': 56}, {'avg_silhouette': 0.6164497401280292, 'num_points': 1980}, {'avg_silhouette': 0.4308549532163982, 'num_points': 777}, {'avg_silhouette': 0.25858471589578885, 'num_points': 130}, {'avg_silhouette': 0.24880668478185777, 'num_points': 70}, {'avg_silhouette': 0.10851108353156877, 'num_points': 26}, {'avg_silhouette': 0.25782673797750405, 'num_points': 188}, {'avg_silhouette': 0.13967386615863198, 'num_points': 35}, {'avg_silhouette': -0.1795592500639538, 'num_points': 70}, {'avg_silhouette': 0.010137710116362308, 'num_points': 102}, {'avg_silhouette': -0.12649331982993864, 'num_points': 56}, {'avg_silhouette': 0.14073243900926904, 'num_points': 164}, {'avg_silhouette': 0.16459922272156435, 'num_points': 15}, {'avg_silhouette': -0.024186176664962918, 'num_points': 114}, {'avg_silhouette': 0.21061871484965466, 'num_points': 109}, {'avg_silhouette': 0.3524124415745882, 'num_points': 105}, {'avg_silhouette': 0.40403668937926845, 'num_points': 43}, {'avg_silhouette': 0.2798922899583261, 'num_points': 22}, {'avg_silhouette': 0.3608839114856316, 'num_points': 40}, {'avg_silhouette': 0.28520451129061636, 'num_points': 227}, {'avg_silhouette': 0.33602734159083947, 'num_points': 9}, {'avg_silhouette': -0.0030614245527291737, 'num_points': 65}, {'avg_silhouette': 0.20338301086342397, 'num_points': 16}, {'avg_silhouette': 0.13105090387201898, 'num_points': 16}, {'avg_silhouette': 0.13649011617288162, 'num_points': 158}, {'avg_silhouette': 0.3142506101583046, 'num_points': 115}, {'avg_silhouette': 0.2111992671470995, 'num_points': 78}, {'avg_silhouette': 0.34870007276459364, 'num_points': 21}, {'avg_silhouette': 0.4174125251996572, 'num_points': 289}, {'avg_silhouette': 0.23431159546233304, 'num_points': 534}, {'avg_silhouette': 0.40548521283742306, 'num_points': 211}, {'avg_silhouette': -0.09426388999055448, 'num_points': 11}, {'avg_silhouette': 0.13492430761250013, 'num_points': 40}, {'avg_silhouette': 0.1903774958935163, 'num_points': 154}, {'avg_silhouette': 0.19700345777873787, 'num_points': 58}, {'avg_silhouette': 0.11923167652897185, 'num_points': 20}, {'avg_silhouette': -0.034725838596812796, 'num_points': 37}, {'avg_silhouette': 0.16853468420530338, 'num_points': 66}, {'avg_silhouette': 0.4137155400413022, 'num_points': 24}, {'avg_silhouette': 0.3256137090278108, 'num_points': 9}, {'avg_silhouette': 0.70858966515276, 'num_points': 224}, {'avg_silhouette': 0.3191106093838993, 'num_points': 146}]",,49,0.33795134300981294,,4,0.3791148301495849
AGGLC,ward,,"[{'avg_silhouette': -0.02117114450692066, 'num_points': 273}, {'avg_silhouette': -0.19350239023644228, 'num_points': 273}, {'avg_silhouette': 0.662682515484511, 'num_points': 2191}, {'avg_silhouette': 0.2226715476320503, 'num_points': 1211}, {'avg_silhouette': 0.39035484462361636, 'num_points': 1568}, {'avg_silhouette': 0.21751930754377785, 'num_points': 658}, {'avg_silhouette': 0.4018641339301585, 'num_points': 73}, {'avg_silhouette': -0.05545053560878323, 'num_points': 47}, {'avg_silhouette': 0.15665410603394467, 'num_points': 235}, {'avg_silhouette': 0.13877925740075991, 'num_points': 35}, {'avg_silhouette': -0.1300394710150475, 'num_points': 121}, {'avg_silhouette': 0.4285703612683146, 'num_points': 43}, {'avg_silhouette': 0.37559327778720036, 'num_points': 40}, {'avg_silhouette': 0.33633873241752765, 'num_points': 188}, {'avg_silhouette': 0.17600153023916948, 'num_points': 35}, {'avg_silhouette': 0.39700026652650455, 'num_points': 115}, {'avg_silhouette': -0.04216806793594358, 'num_points': 577}]",,17,0.33776194562612866,,5,0.29021202946960234
AGGLC,ward,,"[{'avg_silhouette': 0.30807228376813267, 'num_points': 976}, {'avg_silhouette': -0.19010143158194606, 'num_points': 231}, {'avg_silhouette': 0.09766324512551025, 'num_points': 187}, {'avg_silhouette': -0.2912329726061301, 'num_points': 219}, {'avg_silhouette': 0.4458969426927647, 'num_points': 1066}, {'avg_silhouette': 0.1730559072929049, 'num_points': 658}, {'avg_silhouette': 0.3425330641353966, 'num_points': 358}, {'avg_silhouette': -0.07018186971273677, 'num_points': 170}, {'avg_silhouette': 0.03922287148606131, 'num_points': 86}, {'avg_silhouette': 0.12344947960399025, 'num_points': 35}, {'avg_silhouette': -0.16743932394032357, 'num_points': 121}, {'avg_silhouette': 0.2772463005644146, 'num_points': 70}, {'avg_silhouette': 0.11858253517540472, 'num_points': 26}, {'avg_silhouette': 0.3875041675793294, 'num_points': 73}, {'avg_silhouette': 0.15666098360500866, 'num_points': 35}, {'avg_silhouette': 0.3199269756495002, 'num_points': 115}, {'avg_silhouette': 0.3530825566870244, 'num_points': 21}, {'avg_silhouette': 0.616551273245174, 'num_points': 1980}, {'avg_silhouette': 0.40601323317146304, 'num_points': 211}, {'avg_silhouette': 0.17341830563882424, 'num_points': 15}, {'avg_silhouette': 0.13030644015493745, 'num_points': 20}, {'avg_silhouette': 0.26119184850007987, 'num_points': 130}, {'avg_silhouette': 0.3781898816720914, 'num_points': 105}, {'avg_silhouette': 0.4110880429052354, 'num_points': 43}, {'avg_silhouette': 0.28470290103593787, 'num_points': 22}, {'avg_silhouette': 0.3671003874170265, 'num_points': 40}, {'avg_silhouette': 0.33417074856017653, 'num_points': 227}, {'avg_silhouette': 0.29648748405855524, 'num_points': 188}, {'avg_silhouette': 0.058147795512217694, 'num_points': 65}, {'avg_silhouette': 0.21681175032989075, 'num_points': 16}, {'avg_silhouette': 0.13965130945848983, 'num_points': 16}, {'avg_silhouette': 0.1680078045869507, 'num_points': 158}]",,32,0.33718650117563903,,4,0.38589410174974403
DBSCAN,,0.6099158227686099,"[{'avg_silhouette': 0.36414020262930236, 'num_points': 7080}, {'avg_silhouette': 0.531105133102867, 'num_points': 31}, {'avg_silhouette': 0.4795567737975902, 'num_points': 68}, {'avg_silhouette': 0.6506177315355162, 'num_points': 5}, {'avg_silhouette': 0.6348187521112667, 'num_points': 6}, {'avg_silhouette': 0.5371281498379422, 'num_points': 31}, {'avg_silhouette': 0.5230057846376812, 'num_points': 8}, {'avg_silhouette': 0.534248916089068, 'num_points': 12}, {'avg_silhouette': 0.5496135324781215, 'num_points': 6}, {'avg_silhouette': 0.6655641651337707, 'num_points': 9}, {'avg_silhouette': 0.42181642583473206, 'num_points': 11}, {'avg_silhouette': 0.6495453180948002, 'num_points': 6}, {'avg_silhouette': 0.861477622934715, 'num_points': 5}, {'avg_silhouette': 0.42033815531614316, 'num_points': 5}, {'avg_silhouette': 0.6599570482583543, 'num_points': 5}, {'avg_silhouette': 0.7559550303178408, 'num_points': 13}, {'avg_silhouette': 0.7687945070842115, 'num_points': 5}]",5.0,17,0.3370627433610605,,1,
AGGLC,ward,,"[{'avg_silhouette': -0.13374004630274058, 'num_points': 170}, {'avg_silhouette': -0.2782904348599239, 'num_points': 163}, {'avg_silhouette': 0.33423027429390456, 'num_points': 358}, {'avg_silhouette': -0.06520235052982154, 'num_points': 103}, {'avg_silhouette': 0.12074043983135171, 'num_points': 35}, {'avg_silhouette': -0.04287616039860331, 'num_points': 49}, {'avg_silhouette': 0.23720186457275103, 'num_points': 494}, {'avg_silhouette': 0.3202716006487007, 'num_points': 680}, {'avg_silhouette': -0.015947007062955827, 'num_points': 86}, {'avg_silhouette': 0.4308549532163982, 'num_points': 777}, {'avg_silhouette': 0.2587584938374084, 'num_points': 130}, {'avg_silhouette': 0.24880668478185777, 'num_points': 70}, {'avg_silhouette': 0.11096445931947051, 'num_points': 26}, {'avg_silhouette': 0.38545165519907654, 'num_points': 73}, {'avg_silhouette': 0.14683226052961182, 'num_points': 35}, {'avg_silhouette': -0.17308983579621665, 'num_points': 70}, {'avg_silhouette': 0.027404582938958203, 'num_points': 102}, {'avg_silhouette': 0.616551273245174, 'num_points': 1980}, {'avg_silhouette': -0.15720494779514205, 'num_points': 72}, {'avg_silhouette': 0.16520980872927268, 'num_points': 15}, {'avg_silhouette': 0.12099679755498445, 'num_points': 20}, {'avg_silhouette': 0.2212765893715061, 'num_points': 109}, {'avg_silhouette': 0.353202156587573, 'num_points': 105}, {'avg_silhouette': 0.4052416311279347, 'num_points': 43}, {'avg_silhouette': 0.2814086629817629, 'num_points': 22}, {'avg_silhouette': 0.362754999111323, 'num_points': 40}, {'avg_silhouette': 0.28520451129061636, 'num_points': 227}, {'avg_silhouette': 0.2633802193266979, 'num_points': 188}, {'avg_silhouette': 0.007648708983029871, 'num_points': 65}, {'avg_silhouette': 0.20376993414309397, 'num_points': 16}, {'avg_silhouette': 0.13105090387201898, 'num_points': 16}, {'avg_silhouette': 0.13649011617288162, 'num_points': 158}, {'avg_silhouette': 0.3142506101583046, 'num_points': 115}, {'avg_silhouette': 0.2139600198606135, 'num_points': 78}, {'avg_silhouette': 0.35147652572540944, 'num_points': 21}, {'avg_silhouette': 0.4174125251996572, 'num_points': 289}, {'avg_silhouette': -0.11668334992553535, 'num_points': 56}, {'avg_silhouette': 0.40548521283742306, 'num_points': 211}, {'avg_silhouette': 0.14253158419432857, 'num_points': 164}, {'avg_silhouette': 0.15298168242127427, 'num_points': 40}, {'avg_silhouette': 0.23570386305627775, 'num_points': 154}, {'avg_silhouette': 0.19763369006246562, 'num_points': 58}]",,42,0.33654913532569714,,4,0.401219922920756
K-means,,,"[{'avg_silhouette': 0.18054584133932453, 'num_points': 240}, {'avg_silhouette': -0.16867398628532715, 'num_points': 202}, {'avg_silhouette': 0.1365181180454551, 'num_points': 161}, {'avg_silhouette': 0.2989613586993243, 'num_points': 331}, {'avg_silhouette': 0.6472037399590302, 'num_points': 1939}, {'avg_silhouette': 0.18039624367870383, 'num_points': 22}, {'avg_silhouette': 0.31693271076352664, 'num_points': 758}, {'avg_silhouette': 0.29745899241359447, 'num_points': 529}, {'avg_silhouette': 0.1577594386986023, 'num_points': 95}, {'avg_silhouette': 0.07032225667827227, 'num_points': 30}, {'avg_silhouette': 0.11283764630721607, 'num_points': 51}, {'avg_silhouette': -0.1068990206148413, 'num_points': 126}, {'avg_silhouette': -0.14418574308560003, 'num_points': 40}, {'avg_silhouette': 0.06263004329920505, 'num_points': 44}, {'avg_silhouette': 0.29137109144640067, 'num_points': 235}, {'avg_silhouette': 0.4169699808280225, 'num_points': 24}, {'avg_silhouette': 0.28210944048314357, 'num_points': 125}, {'avg_silhouette': 0.2762410950152656, 'num_points': 11}, {'avg_silhouette': 0.3287526968622093, 'num_points': 49}, {'avg_silhouette': 0.21145021042470408, 'num_points': 16}, {'avg_silhouette': -0.09781625185508457, 'num_points': 218}, {'avg_silhouette': 0.21231525701770512, 'num_points': 25}, {'avg_silhouette': 0.27467386280809747, 'num_points': 128}, {'avg_silhouette': 0.35116114686527694, 'num_points': 41}, {'avg_silhouette': 0.26405189179522287, 'num_points': 237}, {'avg_silhouette': 0.2810945624617611, 'num_points': 322}, {'avg_silhouette': 0.029028754764809525, 'num_points': 126}, {'avg_silhouette': 0.25705797842667977, 'num_points': 72}, {'avg_silhouette': 0.4417440117786626, 'num_points': 807}, {'avg_silhouette': 0.14908625707543424, 'num_points': 15}, {'avg_silhouette': -0.06675041697917586, 'num_points': 119}, {'avg_silhouette': 0.17969661403375548, 'num_points': 194}, {'avg_silhouette': 0.17757604729110374, 'num_points': 143}, {'avg_silhouette': 0.3332045079154196, 'num_points': 48}, {'avg_silhouette': -0.06277191245366244, 'num_points': 44}, {'avg_silhouette': 0.223649064663184, 'num_points': 18}, {'avg_silhouette': 0.18867714367424174, 'num_points': 98}]",,37,0.33644509670493494,,4,0.4258348637287035
K-means,,,"[{'avg_silhouette': -0.07723121674445431, 'num_points': 122}, {'avg_silhouette': 0.6197301194801251, 'num_points': 1974}, {'avg_silhouette': 0.17942688159647996, 'num_points': 175}, {'avg_silhouette': 0.2438292797496581, 'num_points': 256}, {'avg_silhouette': 0.3824167850938262, 'num_points': 895}, {'avg_silhouette': 0.05557653217176147, 'num_points': 56}, {'avg_silhouette': 0.2615314635487896, 'num_points': 131}, {'avg_silhouette': 0.3468693422364091, 'num_points': 226}, {'avg_silhouette': 0.39607292053469656, 'num_points': 56}, {'avg_silhouette': 0.17619984748986992, 'num_points': 57}, {'avg_silhouette': -0.1162199215636313, 'num_points': 153}, {'avg_silhouette': 0.09028991806458504, 'num_points': 37}, {'avg_silhouette': 0.059053348729531246, 'num_points': 118}, {'avg_silhouette': -0.02542125511178161, 'num_points': 52}, {'avg_silhouette': 0.33919708198490506, 'num_points': 48}, {'avg_silhouette': 0.25326281783560844, 'num_points': 123}, {'avg_silhouette': -0.009473268492778979, 'num_points': 124}, {'avg_silhouette': -0.004203470793404812, 'num_points': 60}, {'avg_silhouette': 0.055527752446537695, 'num_points': 115}, {'avg_silhouette': 0.26220929094326795, 'num_points': 72}, {'avg_silhouette': 0.300201913252959, 'num_points': 320}, {'avg_silhouette': -0.13589095218364675, 'num_points': 27}, {'avg_silhouette': 0.2915716546854701, 'num_points': 575}, {'avg_silhouette': 0.4128618748228499, 'num_points': 24}, {'avg_silhouette': 0.3044134079873277, 'num_points': 124}, {'avg_silhouette': 0.18057953011865568, 'num_points': 35}, {'avg_silhouette': 0.47483381803766594, 'num_points': 297}, {'avg_silhouette': 0.12651046513806063, 'num_points': 158}, {'avg_silhouette': 0.34478199226934725, 'num_points': 41}, {'avg_silhouette': 0.16941343615614843, 'num_points': 90}, {'avg_silhouette': 0.19885753076946133, 'num_points': 152}, {'avg_silhouette': 0.10319142835095856, 'num_points': 18}, {'avg_silhouette': 0.20800951437603182, 'num_points': 16}, {'avg_silhouette': 0.1761268168359813, 'num_points': 106}, {'avg_silhouette': 0.30944349943272165, 'num_points': 22}, {'avg_silhouette': 0.12016128884706685, 'num_points': 20}, {'avg_silhouette': 0.09215785789308151, 'num_points': 26}, {'avg_silhouette': -0.08783556547741486, 'num_points': 108}, {'avg_silhouette': 0.22894188269311178, 'num_points': 24}, {'avg_silhouette': 0.17511285618652855, 'num_points': 177}, {'avg_silhouette': -0.04356628090017221, 'num_points': 40}, {'avg_silhouette': 0.050470897667974794, 'num_points': 42}, {'avg_silhouette': 0.32175529768958216, 'num_points': 391}]",,43,0.33629719683847065,,4,0.40386846423725087
K-means,,,"[{'avg_silhouette': 0.24470761863757015, 'num_points': 240}, {'avg_silhouette': 0.6089550894933706, 'num_points': 2065}, {'avg_silhouette': -0.11823844160361871, 'num_points': 237}, {'avg_silhouette': 0.18478544138740033, 'num_points': 236}, {'avg_silhouette': 0.3283014039632377, 'num_points': 751}, {'avg_silhouette': 0.26675650882476054, 'num_points': 129}, {'avg_silhouette': -0.05679831882001046, 'num_points': 78}, {'avg_silhouette': 0.3814591507710842, 'num_points': 74}, {'avg_silhouette': 0.1766364359574725, 'num_points': 96}, {'avg_silhouette': 0.4198353823009993, 'num_points': 24}, {'avg_silhouette': 0.16278491419411817, 'num_points': 144}, {'avg_silhouette': 0.11977270460223592, 'num_points': 33}, {'avg_silhouette': 0.16612204664985625, 'num_points': 719}, {'avg_silhouette': 0.4502354192808827, 'num_points': 808}, {'avg_silhouette': 0.28156669299342674, 'num_points': 366}, {'avg_silhouette': 0.1169105723882684, 'num_points': 156}, {'avg_silhouette': 0.28533179043514667, 'num_points': 126}, {'avg_silhouette': 0.23228995311788111, 'num_points': 24}, {'avg_silhouette': 0.15208957005625875, 'num_points': 36}, {'avg_silhouette': 0.36494784632726956, 'num_points': 46}, {'avg_silhouette': 0.3722265330798214, 'num_points': 40}, {'avg_silhouette': 0.12013265387043452, 'num_points': 76}, {'avg_silhouette': -0.046036857367920736, 'num_points': 101}, {'avg_silhouette': -0.11782756389555449, 'num_points': 99}, {'avg_silhouette': 0.2361989297070203, 'num_points': 343}, {'avg_silhouette': 0.21086867710265791, 'num_points': 5}, {'avg_silhouette': 0.2332885323566966, 'num_points': 255}, {'avg_silhouette': 0.27440025808753477, 'num_points': 129}, {'avg_silhouette': 0.10632540684633864, 'num_points': 21}, {'avg_silhouette': 0.16669182401492955, 'num_points': 209}, {'avg_silhouette': 0.11886319457428514, 'num_points': 17}]",,31,0.33620534467911023,,4,0.3884034898468368
DBSCAN,,1.0199158227686103,"[{'avg_silhouette': 0.34018717376210733, 'num_points': 7581}, {'avg_silhouette': 0.6581708999206628, 'num_points': 5}, {'avg_silhouette': 0.8648273144416123, 'num_points': 5}]",5.0,3,0.3341083955299402,,1,
DBSCAN,,1.0299158227686103,"[{'avg_silhouette': 0.3391445787345737, 'num_points': 7591}, {'avg_silhouette': 0.6583523582434102, 'num_points': 5}, {'avg_silhouette': 0.8649062900678306, 'num_points': 5}]",5.0,3,0.3338133567426698,,1,
K-means,,,"[{'avg_silhouette': 0.5957108488595042, 'num_points': 2301}, {'avg_silhouette': 0.1952297951654624, 'num_points': 413}, {'avg_silhouette': 0.11106671318751785, 'num_points': 793}, {'avg_silhouette': 0.11784286102219536, 'num_points': 66}, {'avg_silhouette': 0.2863742993327521, 'num_points': 129}, {'avg_silhouette': 0.12221358771039584, 'num_points': 65}, {'avg_silhouette': -0.016416309194786954, 'num_points': 74}, {'avg_silhouette': 0.3100337520939491, 'num_points': 1028}, {'avg_silhouette': 0.22815724434617185, 'num_points': 148}, {'avg_silhouette': -0.11113353306764265, 'num_points': 261}, {'avg_silhouette': 0.2803933035510475, 'num_points': 379}, {'avg_silhouette': 0.36329798790230644, 'num_points': 959}, {'avg_silhouette': 0.23501689930460898, 'num_points': 146}, {'avg_silhouette': 0.3093735309837168, 'num_points': 51}, {'avg_silhouette': 0.389053515603635, 'num_points': 74}, {'avg_silhouette': -0.12238222937990009, 'num_points': 150}, {'avg_silhouette': 0.21811814947578317, 'num_points': 160}, {'avg_silhouette': 0.15536272762441064, 'num_points': 37}, {'avg_silhouette': 0.42078896934183413, 'num_points': 24}, {'avg_silhouette': 0.22405629092734336, 'num_points': 118}, {'avg_silhouette': 0.18170038700695926, 'num_points': 98}, {'avg_silhouette': 0.14697803756407984, 'num_points': 168}, {'avg_silhouette': 0.3650950710183051, 'num_points': 41}]",,23,0.3337510481954456,,5,0.315067819441748
DBSCAN,,1.0399158227686103,"[{'avg_silhouette': 0.33873410296100565, 'num_points': 7595}, {'avg_silhouette': 0.6584211468071988, 'num_points': 5}, {'avg_silhouette': 0.8649368181405386, 'num_points': 5}]",5.0,3,0.3336982009128092,,1,
AGGLC,ward,,"[{'avg_silhouette': -0.18430720332535372, 'num_points': 128}, {'avg_silhouette': -0.13374004630274058, 'num_points': 170}, {'avg_silhouette': 0.33423027429390456, 'num_points': 358}, {'avg_silhouette': -0.2782523160520865, 'num_points': 163}, {'avg_silhouette': 0.12074043983135171, 'num_points': 35}, {'avg_silhouette': -0.04287616039860331, 'num_points': 49}, {'avg_silhouette': 0.23720186457275103, 'num_points': 494}, {'avg_silhouette': -0.06287062581469291, 'num_points': 103}, {'avg_silhouette': -0.015947007062955827, 'num_points': 86}, {'avg_silhouette': 0.4308549532163982, 'num_points': 777}, {'avg_silhouette': 0.2589048713093275, 'num_points': 130}, {'avg_silhouette': 0.24880668478185777, 'num_points': 70}, {'avg_silhouette': 0.11096445931947051, 'num_points': 26}, {'avg_silhouette': 0.38545165519907654, 'num_points': 73}, {'avg_silhouette': 0.14683226052961182, 'num_points': 35}, {'avg_silhouette': 0.3202716006487007, 'num_points': 680}, {'avg_silhouette': 0.027404582938958203, 'num_points': 102}, {'avg_silhouette': 0.616551273245174, 'num_points': 1980}, {'avg_silhouette': -0.15660777833892614, 'num_points': 72}, {'avg_silhouette': 0.16520980872927268, 'num_points': 15}, {'avg_silhouette': 0.12099679755498445, 'num_points': 20}, {'avg_silhouette': 0.2212765893715061, 'num_points': 109}, {'avg_silhouette': 0.353202156587573, 'num_points': 105}, {'avg_silhouette': 0.4062966271120169, 'num_points': 43}, {'avg_silhouette': 0.2814086629817629, 'num_points': 22}, {'avg_silhouette': 0.36282257434044635, 'num_points': 40}, {'avg_silhouette': 0.28520451129061636, 'num_points': 227}, {'avg_silhouette': 0.2633802193266979, 'num_points': 188}, {'avg_silhouette': 0.007648708983029871, 'num_points': 65}, {'avg_silhouette': 0.20376993414309397, 'num_points': 16}, {'avg_silhouette': 0.13105090387201898, 'num_points': 16}, {'avg_silhouette': 0.13649011617288162, 'num_points': 158}, {'avg_silhouette': 0.3165707584226467, 'num_points': 115}, {'avg_silhouette': 0.2139600198606135, 'num_points': 78}, {'avg_silhouette': 0.35147652572540944, 'num_points': 21}, {'avg_silhouette': 0.4174125251996572, 'num_points': 289}, {'avg_silhouette': -0.11668334992553535, 'num_points': 56}, {'avg_silhouette': 0.40548521283742306, 'num_points': 211}, {'avg_silhouette': 0.14253158419432857, 'num_points': 164}, {'avg_silhouette': 0.15298168242127427, 'num_points': 40}, {'avg_silhouette': 0.23570386305627775, 'num_points': 154}]",,41,0.33364473647458154,,4,0.40121992292075603
DBSCAN,,1.0499158227686103,"[{'avg_silhouette': 0.338007444711385, 'num_points': 7601}, {'avg_silhouette': 0.6585575522068436, 'num_points': 5}, {'avg_silhouette': 0.864996882774083, 'num_points': 5}]",5.0,3,0.3334103817021999,,1,
AGGLC,ward,,"[{'avg_silhouette': -0.0052778853667507985, 'num_points': 256}, {'avg_silhouette': -0.18430720332535372, 'num_points': 128}, {'avg_silhouette': 0.33423027429390456, 'num_points': 358}, {'avg_silhouette': -0.1158871186793768, 'num_points': 170}, {'avg_silhouette': 0.12074043983135171, 'num_points': 35}, {'avg_silhouette': -0.042458737869856066, 'num_points': 49}, {'avg_silhouette': 0.23720186457275103, 'num_points': 494}, {'avg_silhouette': -0.2782523160520865, 'num_points': 163}, {'avg_silhouette': -0.015206260210213478, 'num_points': 86}, {'avg_silhouette': 0.4308549532163982, 'num_points': 777}, {'avg_silhouette': 0.2589048713093275, 'num_points': 130}, {'avg_silhouette': 0.24880668478185777, 'num_points': 70}, {'avg_silhouette': 0.11255833644926794, 'num_points': 26}, {'avg_silhouette': 0.38545165519907654, 'num_points': 73}, {'avg_silhouette': 0.14885121380421534, 'num_points': 35}, {'avg_silhouette': 0.36053435935433426, 'num_points': 680}, {'avg_silhouette': -0.047265306417885775, 'num_points': 103}, {'avg_silhouette': 0.616551273245174, 'num_points': 1980}, {'avg_silhouette': -0.1561948906057075, 'num_points': 72}, {'avg_silhouette': 0.16520980872927268, 'num_points': 15}, {'avg_silhouette': 0.12331711427659801, 'num_points': 20}, {'avg_silhouette': 0.2312483632689006, 'num_points': 109}, {'avg_silhouette': 0.353202156587573, 'num_points': 105}, {'avg_silhouette': 0.4073816210181154, 'num_points': 43}, {'avg_silhouette': 0.28259979920813794, 'num_points': 22}, {'avg_silhouette': 0.36332836176052946, 'num_points': 40}, {'avg_silhouette': 0.28520451129061636, 'num_points': 227}, {'avg_silhouette': 0.273271432334578, 'num_points': 188}, {'avg_silhouette': 0.010779078154211344, 'num_points': 65}, {'avg_silhouette': 0.20543748198693434, 'num_points': 16}, {'avg_silhouette': 0.13105090387201898, 'num_points': 16}, {'avg_silhouette': 0.13649011617288162, 'num_points': 158}, {'avg_silhouette': 0.3165707584226467, 'num_points': 115}, {'avg_silhouette': 0.2139600198606135, 'num_points': 78}, {'avg_silhouette': 0.35147652572540944, 'num_points': 21}, {'avg_silhouette': 0.4174125251996572, 'num_points': 289}, {'avg_silhouette': -0.11149767492222516, 'num_points': 56}, {'avg_silhouette': 0.40548521283742306, 'num_points': 211}, {'avg_silhouette': 0.14253158419432857, 'num_points': 164}, {'avg_silhouette': 0.1687570645778612, 'num_points': 40}]",,40,0.3331292799242652,,4,0.41128561259716434
K-means,,,"[{'avg_silhouette': 0.3857103939369415, 'num_points': 1649}, {'avg_silhouette': 0.02783300462104434, 'num_points': 329}, {'avg_silhouette': 0.6338769563124995, 'num_points': 2330}, {'avg_silhouette': 0.01807098283578928, 'num_points': 378}, {'avg_silhouette': 0.20944304111745124, 'num_points': 1321}, {'avg_silhouette': 0.37187925513340236, 'num_points': 41}, {'avg_silhouette': 0.4417989395441057, 'num_points': 24}, {'avg_silhouette': 0.12263512008220043, 'num_points': 825}, {'avg_silhouette': -0.049281046377220555, 'num_points': 524}, {'avg_silhouette': 0.19510640072381705, 'num_points': 262}]",,10,0.3329364443477633,,5,0.26047689301437443
AGGLC,ward,,"[{'avg_silhouette': 0.4458969426927647, 'num_points': 1066}, {'avg_silhouette': -0.29370016677482025, 'num_points': 219}, {'avg_silhouette': 0.17298581198236956, 'num_points': 658}, {'avg_silhouette': -0.1734113559857778, 'num_points': 128}, {'avg_silhouette': -0.16971995876420673, 'num_points': 121}, {'avg_silhouette': -0.074941811023826, 'num_points': 296}, {'avg_silhouette': 0.34242555911584066, 'num_points': 358}, {'avg_silhouette': -0.11303671650779659, 'num_points': 170}, {'avg_silhouette': -0.008734414510245, 'num_points': 86}, {'avg_silhouette': 0.12114516595064692, 'num_points': 35}, {'avg_silhouette': 0.26119184850007987, 'num_points': 130}, {'avg_silhouette': 0.2772463005644146, 'num_points': 70}, {'avg_silhouette': 0.11301944477262102, 'num_points': 26}, {'avg_silhouette': 0.3864825943453499, 'num_points': 73}, {'avg_silhouette': 0.15079266789271104, 'num_points': 35}, {'avg_silhouette': 0.389310403537731, 'num_points': 680}, {'avg_silhouette': -0.04430541268230761, 'num_points': 103}, {'avg_silhouette': 0.616551273245174, 'num_points': 1980}, {'avg_silhouette': 0.40601323317146304, 'num_points': 211}, {'avg_silhouette': 0.17052205694982, 'num_points': 15}, {'avg_silhouette': 0.12637596406726465, 'num_points': 20}, {'avg_silhouette': 0.23807623623278965, 'num_points': 109}, {'avg_silhouette': 0.3781898816720914, 'num_points': 105}, {'avg_silhouette': 0.4097293488180735, 'num_points': 43}, {'avg_silhouette': 0.2835998624431744, 'num_points': 22}, {'avg_silhouette': 0.36656079949855275, 'num_points': 40}, {'avg_silhouette': 0.33417074856017653, 'num_points': 227}, {'avg_silhouette': 0.28069833996406196, 'num_points': 188}, {'avg_silhouette': 0.02077425489921448, 'num_points': 65}, {'avg_silhouette': 0.20777287977631062, 'num_points': 16}, {'avg_silhouette': 0.13912233780812883, 'num_points': 16}, {'avg_silhouette': 0.1680078045869507, 'num_points': 158}, {'avg_silhouette': 0.3199269756495002, 'num_points': 115}, {'avg_silhouette': 0.23705783650184378, 'num_points': 78}, {'avg_silhouette': 0.35227345580167985, 'num_points': 21}]",,35,0.33283807351140454,,4,0.4061861078645098
AGGLC,ward,,"[{'avg_silhouette': -0.07521222276835715, 'num_points': 296}, {'avg_silhouette': -0.18430720332535372, 'num_points': 128}, {'avg_silhouette': 0.33423027429390456, 'num_points': 358}, {'avg_silhouette': -0.11400343456462426, 'num_points': 170}, {'avg_silhouette': 0.1208503699050948, 'num_points': 35}, {'avg_silhouette': -0.0422867978194124, 'num_points': 49}, {'avg_silhouette': 0.23720186457275103, 'num_points': 494}, {'avg_silhouette': -0.2782523160520865, 'num_points': 163}, {'avg_silhouette': -0.010451859624495737, 'num_points': 86}, {'avg_silhouette': 0.4308549532163982, 'num_points': 777}, {'avg_silhouette': 0.2589048713093275, 'num_points': 130}, {'avg_silhouette': 0.2503426120115762, 'num_points': 70}, {'avg_silhouette': 0.11275506702480223, 'num_points': 26}, {'avg_silhouette': 0.38545165519907654, 'num_points': 73}, {'avg_silhouette': 0.14885121380421534, 'num_points': 35}, {'avg_silhouette': 0.3892924306645856, 'num_points': 680}, {'avg_silhouette': -0.04430541268230761, 'num_points': 103}, {'avg_silhouette': 0.616551273245174, 'num_points': 1980}, {'avg_silhouette': -0.1561948906057075, 'num_points': 72}, {'avg_silhouette': 0.16520980872927268, 'num_points': 15}, {'avg_silhouette': 0.12339831116256716, 'num_points': 20}, {'avg_silhouette': 0.23807623623278965, 'num_points': 109}, {'avg_silhouette': 0.353202156587573, 'num_points': 105}, {'avg_silhouette': 0.40760839154694195, 'num_points': 43}, {'avg_silhouette': 0.28259979920813794, 'num_points': 22}, {'avg_silhouette': 0.3636704761695302, 'num_points': 40}, {'avg_silhouette': 0.28520451129061636, 'num_points': 227}, {'avg_silhouette': 0.28069833996406196, 'num_points': 188}, {'avg_silhouette': 0.015715751977235858, 'num_points': 65}, {'avg_silhouette': 0.20543748198693434, 'num_points': 16}, {'avg_silhouette': 0.1353220997306049, 'num_points': 16}, {'avg_silhouette': 0.13649011617288162, 'num_points': 158}, {'avg_silhouette': 0.3165707584226467, 'num_points': 115}, {'avg_silhouette': 0.2139600198606135, 'num_points': 78}, {'avg_silhouette': 0.35147652572540944, 'num_points': 21}, {'avg_silhouette': 0.4174125251996572, 'num_points': 289}, {'avg_silhouette': -0.11137629315476469, 'num_points': 56}, {'avg_silhouette': 0.40548521283742306, 'num_points': 211}, {'avg_silhouette': 0.14253158419432857, 'num_points': 164}]",,39,0.3325584065269582,,4,0.41847513042472717
AGGLC,ward,,"[{'avg_silhouette': -0.11694175932689842, 'num_points': 624}, {'avg_silhouette': -0.02117114450692066, 'num_points': 273}, {'avg_silhouette': 0.6627084902040249, 'num_points': 2191}, {'avg_silhouette': -0.1931544541446807, 'num_points': 273}, {'avg_silhouette': 0.39041695752028865, 'num_points': 1568}, {'avg_silhouette': 0.2184770589152923, 'num_points': 658}, {'avg_silhouette': 0.4018641339301585, 'num_points': 73}, {'avg_silhouette': 0.2242014441488345, 'num_points': 1211}, {'avg_silhouette': 0.15665410603394467, 'num_points': 235}, {'avg_silhouette': 0.13877925740075991, 'num_points': 35}, {'avg_silhouette': -0.12334104530488106, 'num_points': 121}, {'avg_silhouette': 0.4285703612683146, 'num_points': 43}, {'avg_silhouette': 0.3759135371142636, 'num_points': 40}, {'avg_silhouette': 0.33633873241752765, 'num_points': 188}, {'avg_silhouette': 0.17600153023916948, 'num_points': 35}, {'avg_silhouette': 0.39700026652650455, 'num_points': 115}]",,16,0.33223298658753053,,5,0.27577243829230835
K-means,,,"[{'avg_silhouette': 0.2318345655159746, 'num_points': 74}, {'avg_silhouette': 0.5953084761140393, 'num_points': 2271}, {'avg_silhouette': 0.2806693314004869, 'num_points': 324}, {'avg_silhouette': 0.18552665078763358, 'num_points': 242}, {'avg_silhouette': 0.38544576839969313, 'num_points': 714}, {'avg_silhouette': -0.1249864295355612, 'num_points': 294}, {'avg_silhouette': 0.35698220198681757, 'num_points': 354}, {'avg_silhouette': 0.41713846964477347, 'num_points': 824}, {'avg_silhouette': 0.13446011756282653, 'num_points': 619}, {'avg_silhouette': 0.38809313725750816, 'num_points': 74}, {'avg_silhouette': 0.11155276539500528, 'num_points': 199}, {'avg_silhouette': 0.16210782243412378, 'num_points': 100}, {'avg_silhouette': 0.2930291898567594, 'num_points': 52}, {'avg_silhouette': 0.3617360173031558, 'num_points': 41}, {'avg_silhouette': 0.28897750537917744, 'num_points': 128}, {'avg_silhouette': 0.09841959500361391, 'num_points': 41}, {'avg_silhouette': 0.21014655283533093, 'num_points': 263}, {'avg_silhouette': 0.05737422731189956, 'num_points': 224}, {'avg_silhouette': 0.1846448909875071, 'num_points': 33}, {'avg_silhouette': -0.12731191437492156, 'num_points': 58}, {'avg_silhouette': 0.32784537581390993, 'num_points': 22}, {'avg_silhouette': 0.1911544970316505, 'num_points': 154}, {'avg_silhouette': 0.0059815578531283685, 'num_points': 272}, {'avg_silhouette': -0.09343239786206013, 'num_points': 159}, {'avg_silhouette': 0.17844968691799107, 'num_points': 147}]",,25,0.33208739827011824,,4,0.3830882079303331
K-means,,,"[{'avg_silhouette': 0.35321720135058043, 'num_points': 9}, {'avg_silhouette': 0.4082285423314562, 'num_points': 1600}, {'avg_silhouette': 0.5652791831778442, 'num_points': 2080}, {'avg_silhouette': 0.061197681539458114, 'num_points': 295}, {'avg_silhouette': 0.2941193131889039, 'num_points': 1097}, {'avg_silhouette': -0.12130151616428426, 'num_points': 231}, {'avg_silhouette': 0.36289989868952477, 'num_points': 41}, {'avg_silhouette': 0.3091281081651246, 'num_points': 52}, {'avg_silhouette': 0.1356485278688446, 'num_points': 185}, {'avg_silhouette': 0.3114413880585931, 'num_points': 234}, {'avg_silhouette': 0.2982793698096066, 'num_points': 365}, {'avg_silhouette': 0.014745041043823218, 'num_points': 355}, {'avg_silhouette': 0.17964904599059872, 'num_points': 255}, {'avg_silhouette': 0.14393457579070348, 'num_points': 627}, {'avg_silhouette': -0.12358536819407039, 'num_points': 156}, {'avg_silhouette': 0.370279571472172, 'num_points': 76}, {'avg_silhouette': 0.22709249349698127, 'num_points': 25}]",,17,0.33039644455337697,,4,0.35289040362222696
AGGLC,ward,,"[{'avg_silhouette': -0.20075873420774226, 'num_points': 231}, {'avg_silhouette': 0.4458969426927647, 'num_points': 1066}, {'avg_silhouette': 0.17298581198236956, 'num_points': 658}, {'avg_silhouette': -0.29370016677482025, 'num_points': 219}, {'avg_silhouette': -0.16967267781846687, 'num_points': 121}, {'avg_silhouette': -0.074941811023826, 'num_points': 296}, {'avg_silhouette': 0.34242555911584066, 'num_points': 358}, {'avg_silhouette': -0.11227372840709765, 'num_points': 170}, {'avg_silhouette': -0.008734414510245, 'num_points': 86}, {'avg_silhouette': 0.12114516595064692, 'num_points': 35}, {'avg_silhouette': 0.26119184850007987, 'num_points': 130}, {'avg_silhouette': 0.2772463005644146, 'num_points': 70}, {'avg_silhouette': 0.11330534481809648, 'num_points': 26}, {'avg_silhouette': 0.3864825943453499, 'num_points': 73}, {'avg_silhouette': 0.15228785771836523, 'num_points': 35}, {'avg_silhouette': 0.389310403537731, 'num_points': 680}, {'avg_silhouette': 0.35227345580167985, 'num_points': 21}, {'avg_silhouette': 0.616551273245174, 'num_points': 1980}, {'avg_silhouette': 0.40601323317146304, 'num_points': 211}, {'avg_silhouette': 0.17052205694982, 'num_points': 15}, {'avg_silhouette': 0.12637596406726465, 'num_points': 20}, {'avg_silhouette': 0.24131907161834373, 'num_points': 109}, {'avg_silhouette': 0.3781898816720914, 'num_points': 105}, {'avg_silhouette': 0.40980773286569955, 'num_points': 43}, {'avg_silhouette': 0.2835998624431744, 'num_points': 22}, {'avg_silhouette': 0.36656079949855275, 'num_points': 40}, {'avg_silhouette': 0.33417074856017653, 'num_points': 227}, {'avg_silhouette': 0.2808053635276133, 'num_points': 188}, {'avg_silhouette': 0.02077425489921448, 'num_points': 65}, {'avg_silhouette': 0.20777287977631062, 'num_points': 16}, {'avg_silhouette': 0.13912233780812883, 'num_points': 16}, {'avg_silhouette': 0.1680078045869507, 'num_points': 158}, {'avg_silhouette': 0.3199269756495002, 'num_points': 115}, {'avg_silhouette': 0.23705783650184378, 'num_points': 78}]",,34,0.33035948409166266,,4,0.4061861078645098
AGGLC,ward,,"[{'avg_silhouette': 0.1726913422951004, 'num_points': 658}, {'avg_silhouette': -0.17976475629723418, 'num_points': 128}, {'avg_silhouette': -0.074941811023826, 'num_points': 296}, {'avg_silhouette': -0.11400343456462426, 'num_points': 170}, {'avg_silhouette': 0.12103486423635838, 'num_points': 35}, {'avg_silhouette': -0.04157588295665277, 'num_points': 49}, {'avg_silhouette': 0.34242555911584066, 'num_points': 358}, {'avg_silhouette': -0.2782266539620195, 'num_points': 163}, {'avg_silhouette': -0.008734414510245, 'num_points': 86}, {'avg_silhouette': 0.4308549532163982, 'num_points': 777}, {'avg_silhouette': 0.2589048713093275, 'num_points': 130}, {'avg_silhouette': 0.2503426120115762, 'num_points': 70}, {'avg_silhouette': 0.11301944477262102, 'num_points': 26}, {'avg_silhouette': 0.38545165519907654, 'num_points': 73}, {'avg_silhouette': 0.15040983243655356, 'num_points': 35}, {'avg_silhouette': 0.389310403537731, 'num_points': 680}, {'avg_silhouette': -0.04430541268230761, 'num_points': 103}, {'avg_silhouette': 0.616551273245174, 'num_points': 1980}, {'avg_silhouette': -0.15165757113910866, 'num_points': 72}, {'avg_silhouette': 0.16629679772627226, 'num_points': 15}, {'avg_silhouette': 0.1256077363637855, 'num_points': 20}, {'avg_silhouette': 0.23807623623278965, 'num_points': 109}, {'avg_silhouette': 0.3781898816720914, 'num_points': 105}, {'avg_silhouette': 0.4078965546954155, 'num_points': 43}, {'avg_silhouette': 0.28299882143084587, 'num_points': 22}, {'avg_silhouette': 0.36639673641167825, 'num_points': 40}, {'avg_silhouette': 0.28520451129061636, 'num_points': 227}, {'avg_silhouette': 0.28069833996406196, 'num_points': 188}, {'avg_silhouette': 0.020606281846830735, 'num_points': 65}, {'avg_silhouette': 0.2073283860447515, 'num_points': 16}, {'avg_silhouette': 0.1372856928133482, 'num_points': 16}, {'avg_silhouette': 0.13649011617288162, 'num_points': 158}, {'avg_silhouette': 0.3165707584226467, 'num_points': 115}, {'avg_silhouette': 0.23679698039555278, 'num_points': 78}, {'avg_silhouette': 0.35208806175901464, 'num_points': 21}, {'avg_silhouette': 0.4174125251996572, 'num_points': 289}, {'avg_silhouette': -0.10661661247224931, 'num_points': 56}, {'avg_silhouette': 0.40601323317146304, 'num_points': 211}]",,38,0.3302979560668015,,4,0.4023519930736009
AGGLC,ward,,"[{'avg_silhouette': 0.3522445201101927, 'num_points': 1224}, {'avg_silhouette': 0.30812708826648333, 'num_points': 976}, {'avg_silhouette': 0.09766324512551025, 'num_points': 187}, {'avg_silhouette': -0.2905953253007494, 'num_points': 219}, {'avg_silhouette': -0.18422794075199217, 'num_points': 231}, {'avg_silhouette': 0.17306171295230446, 'num_points': 658}, {'avg_silhouette': 0.3425330641353966, 'num_points': 358}, {'avg_silhouette': -0.06729147621021296, 'num_points': 170}, {'avg_silhouette': 0.03922287148606131, 'num_points': 86}, {'avg_silhouette': 0.12356584308847286, 'num_points': 35}, {'avg_silhouette': -0.16703041274553249, 'num_points': 121}, {'avg_silhouette': 0.29175399484318143, 'num_points': 70}, {'avg_silhouette': 0.11945235934653599, 'num_points': 26}, {'avg_silhouette': 0.38832247610333953, 'num_points': 73}, {'avg_silhouette': 0.15704964956535905, 'num_points': 35}, {'avg_silhouette': 0.3536248873611411, 'num_points': 115}, {'avg_silhouette': 0.35320105692689463, 'num_points': 21}, {'avg_silhouette': 0.616551273245174, 'num_points': 1980}, {'avg_silhouette': 0.40601323317146304, 'num_points': 211}, {'avg_silhouette': 0.1755323626330183, 'num_points': 15}, {'avg_silhouette': 0.13103076215064682, 'num_points': 20}, {'avg_silhouette': 0.28802834631085944, 'num_points': 130}, {'avg_silhouette': 0.3781898816720914, 'num_points': 105}, {'avg_silhouette': 0.4126406186064938, 'num_points': 43}, {'avg_silhouette': 0.28528317054150737, 'num_points': 22}, {'avg_silhouette': 0.36730327916519245, 'num_points': 40}, {'avg_silhouette': 0.35717967843075743, 'num_points': 227}, {'avg_silhouette': 0.29648748405855524, 'num_points': 188}, {'avg_silhouette': 0.05821255320891624, 'num_points': 65}, {'avg_silhouette': 0.21982817486867107, 'num_points': 16}, {'avg_silhouette': 0.14386385898526, 'num_points': 16}]",,31,0.33007069919705917,,4,0.36249614864353863
K-means,,,"[{'avg_silhouette': -0.10413254990309204, 'num_points': 36}, {'avg_silhouette': 0.18224003286048546, 'num_points': 147}, {'avg_silhouette': 0.3061584618211442, 'num_points': 237}, {'avg_silhouette': 0.43504217723026245, 'num_points': 1449}, {'avg_silhouette': 0.12768892622435754, 'num_points': 220}, {'avg_silhouette': 0.16427745930950743, 'num_points': 612}, {'avg_silhouette': 0.11432325128331305, 'num_points': 211}, {'avg_silhouette': 0.3238011510543654, 'num_points': 792}, {'avg_silhouette': 0.3939559731974237, 'num_points': 74}, {'avg_silhouette': 0.19100199142996224, 'num_points': 247}, {'avg_silhouette': 0.35978770408834804, 'num_points': 41}, {'avg_silhouette': 0.3042990622560451, 'num_points': 52}, {'avg_silhouette': -0.11709078884675551, 'num_points': 218}, {'avg_silhouette': 0.0934301207807126, 'num_points': 207}, {'avg_silhouette': -0.08250886457571999, 'num_points': 177}, {'avg_silhouette': 0.2868957834278304, 'num_points': 365}, {'avg_silhouette': -0.015207783680670146, 'num_points': 61}, {'avg_silhouette': 0.5741284853285943, 'num_points': 2073}, {'avg_silhouette': 0.4256454475851013, 'num_points': 24}, {'avg_silhouette': 0.07148909327844268, 'num_points': 297}, {'avg_silhouette': -0.1033038154248822, 'num_points': 143}]",,21,0.32954919522263554,,4,0.37431231823068245
AGGLC,ward,,"[{'avg_silhouette': -0.16983249345167886, 'num_points': 121}, {'avg_silhouette': -0.17976475629723418, 'num_points': 128}, {'avg_silhouette': 0.17269136505715585, 'num_points': 658}, {'avg_silhouette': -0.11389303452507205, 'num_points': 170}, {'avg_silhouette': 0.12103486423635838, 'num_points': 35}, {'avg_silhouette': -0.074941811023826, 'num_points': 296}, {'avg_silhouette': 0.34242555911584066, 'num_points': 358}, {'avg_silhouette': -0.2782266539620195, 'num_points': 163}, {'avg_silhouette': -0.008734414510245, 'num_points': 86}, {'avg_silhouette': 0.4308549532163982, 'num_points': 777}, {'avg_silhouette': 0.2589048713093275, 'num_points': 130}, {'avg_silhouette': 0.2503426120115762, 'num_points': 70}, {'avg_silhouette': 0.11301944477262102, 'num_points': 26}, {'avg_silhouette': 0.38545165519907654, 'num_points': 73}, {'avg_silhouette': 0.15040983243655356, 'num_points': 35}, {'avg_silhouette': 0.389310403537731, 'num_points': 680}, {'avg_silhouette': -0.04430541268230761, 'num_points': 103}, {'avg_silhouette': 0.616551273245174, 'num_points': 1980}, {'avg_silhouette': 0.40601323317146304, 'num_points': 211}, {'avg_silhouette': 0.16629679772627226, 'num_points': 15}, {'avg_silhouette': 0.1256077363637855, 'num_points': 20}, {'avg_silhouette': 0.23807623623278965, 'num_points': 109}, {'avg_silhouette': 0.3781898816720914, 'num_points': 105}, {'avg_silhouette': 0.4078965546954155, 'num_points': 43}, {'avg_silhouette': 0.28299882143084587, 'num_points': 22}, {'avg_silhouette': 0.36639673641167825, 'num_points': 40}, {'avg_silhouette': 0.28520451129061636, 'num_points': 227}, {'avg_silhouette': 0.28069833996406196, 'num_points': 188}, {'avg_silhouette': 0.020606281846830735, 'num_points': 65}, {'avg_silhouette': 0.2073283860447515, 'num_points': 16}, {'avg_silhouette': 0.1372856928133482, 'num_points': 16}, {'avg_silhouette': 0.13649011617288162, 'num_points': 158}, {'avg_silhouette': 0.3165707584226467, 'num_points': 115}, {'avg_silhouette': 0.23705783650184378, 'num_points': 78}, {'avg_silhouette': 0.35208806175901464, 'num_points': 21}, {'avg_silhouette': 0.4174125251996572, 'num_points': 289}, {'avg_silhouette': -0.10661661247224931, 'num_points': 56}]",,37,0.32931474136417055,,4,0.40235199876411476
K-means,,,"[{'avg_silhouette': 0.22949358694381136, 'num_points': 270}, {'avg_silhouette': 0.6200226534432488, 'num_points': 1982}, {'avg_silhouette': -0.06786344150243864, 'num_points': 117}, {'avg_silhouette': -0.011644968115276272, 'num_points': 129}, {'avg_silhouette': 0.19357094416556686, 'num_points': 142}, {'avg_silhouette': -0.07719814759956084, 'num_points': 102}, {'avg_silhouette': 0.19649941611779784, 'num_points': 173}, {'avg_silhouette': 0.48698377723767294, 'num_points': 298}, {'avg_silhouette': 0.3376985584488043, 'num_points': 964}, {'avg_silhouette': 0.20025149371937642, 'num_points': 142}, {'avg_silhouette': 0.336429039319436, 'num_points': 703}, {'avg_silhouette': 0.3580823490105299, 'num_points': 76}, {'avg_silhouette': -0.11283534557505108, 'num_points': 41}, {'avg_silhouette': 0.23386652301871985, 'num_points': 145}, {'avg_silhouette': 0.1596758598193533, 'num_points': 95}, {'avg_silhouette': 0.22849538755118695, 'num_points': 59}, {'avg_silhouette': 0.014429793442018756, 'num_points': 54}, {'avg_silhouette': 0.23511209760991172, 'num_points': 355}, {'avg_silhouette': 0.3012715168905331, 'num_points': 51}, {'avg_silhouette': 0.32177316215321694, 'num_points': 227}, {'avg_silhouette': 0.2707661889673298, 'num_points': 23}, {'avg_silhouette': 0.3097131426475344, 'num_points': 126}, {'avg_silhouette': -0.08509883390915807, 'num_points': 171}, {'avg_silhouette': -0.17427281827264504, 'num_points': 169}, {'avg_silhouette': 0.1714057752357457, 'num_points': 36}, {'avg_silhouette': 0.05863042751516728, 'num_points': 118}, {'avg_silhouette': 0.15163228177150084, 'num_points': 16}, {'avg_silhouette': 0.0833721683377716, 'num_points': 189}, {'avg_silhouette': 0.1120578840272954, 'num_points': 21}, {'avg_silhouette': 0.18264921897494563, 'num_points': 142}, {'avg_silhouette': 0.32269059367544695, 'num_points': 22}, {'avg_silhouette': 0.26327869341292887, 'num_points': 465}, {'avg_silhouette': -0.015709690166374347, 'num_points': 60}]",,33,0.3277121036108494,,4,0.3893572361561045
AGGLC,ward,,"[{'avg_silhouette': -0.2940381694395646, 'num_points': 219}, {'avg_silhouette': -0.16983249345167886, 'num_points': 121}, {'avg_silhouette': 0.17269136505715585, 'num_points': 658}, {'avg_silhouette': -0.17976475629723418, 'num_points': 128}, {'avg_silhouette': 0.12103486423635838, 'num_points': 35}, {'avg_silhouette': -0.074941811023826, 'num_points': 296}, {'avg_silhouette': 0.34242555911584066, 'num_points': 358}, {'avg_silhouette': -0.11357521119485972, 'num_points': 170}, {'avg_silhouette': -0.008734414510245, 'num_points': 86}, {'avg_silhouette': 0.4308549532163982, 'num_points': 777}, {'avg_silhouette': 0.2589048713093275, 'num_points': 130}, {'avg_silhouette': 0.2503426120115762, 'num_points': 70}, {'avg_silhouette': 0.11301944477262102, 'num_points': 26}, {'avg_silhouette': 0.38545165519907654, 'num_points': 73}, {'avg_silhouette': 0.15040983243655356, 'num_points': 35}, {'avg_silhouette': 0.389310403537731, 'num_points': 680}, {'avg_silhouette': -0.04430541268230761, 'num_points': 103}, {'avg_silhouette': 0.616551273245174, 'num_points': 1980}, {'avg_silhouette': 0.40601323317146304, 'num_points': 211}, {'avg_silhouette': 0.16629679772627226, 'num_points': 15}, {'avg_silhouette': 0.1256077363637855, 'num_points': 20}, {'avg_silhouette': 0.23807623623278965, 'num_points': 109}, {'avg_silhouette': 0.3781898816720914, 'num_points': 105}, {'avg_silhouette': 0.4078965546954155, 'num_points': 43}, {'avg_silhouette': 0.28299882143084587, 'num_points': 22}, {'avg_silhouette': 0.36639673641167825, 'num_points': 40}, {'avg_silhouette': 0.28520451129061636, 'num_points': 227}, {'avg_silhouette': 0.28069833996406196, 'num_points': 188}, {'avg_silhouette': 0.020606281846830735, 'num_points': 65}, {'avg_silhouette': 0.2073283860447515, 'num_points': 16}, {'avg_silhouette': 0.1372856928133482, 'num_points': 16}, {'avg_silhouette': 0.13649011617288162, 'num_points': 158}, {'avg_silhouette': 0.3165707584226467, 'num_points': 115}, {'avg_silhouette': 0.23705783650184378, 'num_points': 78}, {'avg_silhouette': 0.35208806175901464, 'num_points': 21}, {'avg_silhouette': 0.4174125251996572, 'num_points': 289}]",,36,0.32762023996538436,,4,0.40235199876411476
AGGLC,ward,,"[{'avg_silhouette': 0.013913423891974962, 'num_points': 86}, {'avg_silhouette': 0.3089120725727522, 'num_points': 976}, {'avg_silhouette': 0.3522445201101927, 'num_points': 1224}, {'avg_silhouette': -0.2905953253007494, 'num_points': 219}, {'avg_silhouette': -0.18254194023028472, 'num_points': 231}, {'avg_silhouette': 0.09766324512551025, 'num_points': 187}, {'avg_silhouette': 0.3425330641353966, 'num_points': 358}, {'avg_silhouette': -0.06729147621021296, 'num_points': 170}, {'avg_silhouette': 0.03922287148606131, 'num_points': 86}, {'avg_silhouette': 0.12511879432834247, 'num_points': 35}, {'avg_silhouette': -0.16703041274553249, 'num_points': 121}, {'avg_silhouette': 0.17308003781794143, 'num_points': 658}, {'avg_silhouette': 0.11945235934653599, 'num_points': 26}, {'avg_silhouette': 0.3906403363340601, 'num_points': 73}, {'avg_silhouette': 0.15704964956535905, 'num_points': 35}, {'avg_silhouette': 0.3543187889099258, 'num_points': 115}, {'avg_silhouette': 0.35320105692689463, 'num_points': 21}, {'avg_silhouette': 0.616551273245174, 'num_points': 1980}, {'avg_silhouette': 0.40601323317146304, 'num_points': 211}, {'avg_silhouette': 0.1755323626330183, 'num_points': 15}, {'avg_silhouette': 0.13103076215064682, 'num_points': 20}, {'avg_silhouette': 0.28802834631085944, 'num_points': 130}, {'avg_silhouette': 0.3781898816720914, 'num_points': 105}, {'avg_silhouette': 0.4126406186064938, 'num_points': 43}, {'avg_silhouette': 0.2854694459555808, 'num_points': 22}, {'avg_silhouette': 0.36730327916519245, 'num_points': 40}, {'avg_silhouette': 0.35717967843075743, 'num_points': 227}, {'avg_silhouette': 0.29648748405855524, 'num_points': 188}, {'avg_silhouette': 0.05821255320891624, 'num_points': 65}, {'avg_silhouette': 0.21982817486867107, 'num_points': 16}]",,30,0.32746066086104497,,4,0.36269697593651506
AGGLC,ward,,"[{'avg_silhouette': 0.08501931174136122, 'num_points': 187}, {'avg_silhouette': -0.20052321851247018, 'num_points': 231}, {'avg_silhouette': 0.17298581198236956, 'num_points': 658}, {'avg_silhouette': -0.2935848987454942, 'num_points': 219}, {'avg_silhouette': 0.4458969426927647, 'num_points': 1066}, {'avg_silhouette': -0.07392010063638056, 'num_points': 296}, {'avg_silhouette': 0.34242555911584066, 'num_points': 358}, {'avg_silhouette': -0.11188864034719627, 'num_points': 170}, {'avg_silhouette': 0.032535724461140274, 'num_points': 86}, {'avg_silhouette': 0.12208314443095902, 'num_points': 35}, {'avg_silhouette': -0.16881270380880245, 'num_points': 121}, {'avg_silhouette': 0.2772463005644146, 'num_points': 70}, {'avg_silhouette': 0.11509853085392155, 'num_points': 26}, {'avg_silhouette': 0.3872199950398082, 'num_points': 73}, {'avg_silhouette': 0.15469795223330993, 'num_points': 35}, {'avg_silhouette': 0.38970002175284185, 'num_points': 680}, {'avg_silhouette': 0.35227345580167985, 'num_points': 21}, {'avg_silhouette': 0.616551273245174, 'num_points': 1980}, {'avg_silhouette': 0.40601323317146304, 'num_points': 211}, {'avg_silhouette': 0.17052205694982, 'num_points': 15}, {'avg_silhouette': 0.12910869025693011, 'num_points': 20}, {'avg_silhouette': 0.26119184850007987, 'num_points': 130}, {'avg_silhouette': 0.3781898816720914, 'num_points': 105}, {'avg_silhouette': 0.40980773286569955, 'num_points': 43}, {'avg_silhouette': 0.2840023580177268, 'num_points': 22}, {'avg_silhouette': 0.36656079949855275, 'num_points': 40}, {'avg_silhouette': 0.33417074856017653, 'num_points': 227}, {'avg_silhouette': 0.2808053635276133, 'num_points': 188}, {'avg_silhouette': 0.03138538111833116, 'num_points': 65}, {'avg_silhouette': 0.21410067377596448, 'num_points': 16}, {'avg_silhouette': 0.13912233780812883, 'num_points': 16}, {'avg_silhouette': 0.1680078045869507, 'num_points': 158}, {'avg_silhouette': 0.3199269756495002, 'num_points': 115}]",,33,0.32730627603245455,,4,0.40628351241828753
AGGLC,ward,,"[{'avg_silhouette': -0.045934986789884155, 'num_points': 388}, {'avg_silhouette': -0.11666564890136409, 'num_points': 624}, {'avg_silhouette': 0.6627084902040249, 'num_points': 2191}, {'avg_silhouette': -0.1885181151073109, 'num_points': 273}, {'avg_silhouette': 0.4003000099790275, 'num_points': 1568}, {'avg_silhouette': 0.2184770589152923, 'num_points': 658}, {'avg_silhouette': 0.4037742812665422, 'num_points': 73}, {'avg_silhouette': 0.22468372855562319, 'num_points': 1211}, {'avg_silhouette': 0.15679038263703052, 'num_points': 235}, {'avg_silhouette': 0.13877925740075991, 'num_points': 35}, {'avg_silhouette': -0.1230782272696562, 'num_points': 121}, {'avg_silhouette': 0.42988378965619495, 'num_points': 43}, {'avg_silhouette': 0.3759135371142636, 'num_points': 40}, {'avg_silhouette': 0.33633873241752765, 'num_points': 188}, {'avg_silhouette': 0.1799220236264267, 'num_points': 35}]",,15,0.3270550046128854,,6,0.22392810866045323
AGGLC,ward,,"[{'avg_silhouette': -0.14245983835444687, 'num_points': 31}, {'avg_silhouette': 0.013913423891974962, 'num_points': 86}, {'avg_silhouette': 0.3522445201101927, 'num_points': 1224}, {'avg_silhouette': -0.2905953253007494, 'num_points': 219}, {'avg_silhouette': 0.3089120725727522, 'num_points': 976}, {'avg_silhouette': 0.09766324512551025, 'num_points': 187}, {'avg_silhouette': 0.3425330641353966, 'num_points': 358}, {'avg_silhouette': -0.06729147621021296, 'num_points': 170}, {'avg_silhouette': 0.03922287148606131, 'num_points': 86}, {'avg_silhouette': -0.18254194023028472, 'num_points': 231}, {'avg_silhouette': -0.16703041274553249, 'num_points': 121}, {'avg_silhouette': 0.17308003781794143, 'num_points': 658}, {'avg_silhouette': 0.1252841341524014, 'num_points': 26}, {'avg_silhouette': 0.3906403363340601, 'num_points': 73}, {'avg_silhouette': 0.15704964956535905, 'num_points': 35}, {'avg_silhouette': 0.3543187889099258, 'num_points': 115}, {'avg_silhouette': 0.35320105692689463, 'num_points': 21}, {'avg_silhouette': 0.616551273245174, 'num_points': 1980}, {'avg_silhouette': 0.40601323317146304, 'num_points': 211}, {'avg_silhouette': 0.12511879432834247, 'num_points': 35}, {'avg_silhouette': 0.13103076215064682, 'num_points': 20}, {'avg_silhouette': 0.28802834631085944, 'num_points': 130}, {'avg_silhouette': 0.3781898816720914, 'num_points': 105}, {'avg_silhouette': 0.4126406186064938, 'num_points': 43}, {'avg_silhouette': 0.2854694459555808, 'num_points': 22}, {'avg_silhouette': 0.36730327916519245, 'num_points': 40}, {'avg_silhouette': 0.35717967843075743, 'num_points': 227}, {'avg_silhouette': 0.29648748405855524, 'num_points': 188}, {'avg_silhouette': 0.05821255320891624, 'num_points': 65}]",,29,0.3261050881574879,,4,0.36269697593651506
AGGLC,ward,,"[{'avg_silhouette': -0.21584654575888448, 'num_points': 308}, {'avg_silhouette': -0.045934986789884155, 'num_points': 388}, {'avg_silhouette': 0.6627084902040249, 'num_points': 2191}, {'avg_silhouette': -0.11666564890136409, 'num_points': 624}, {'avg_silhouette': 0.4003000099790275, 'num_points': 1568}, {'avg_silhouette': 0.2184770589152923, 'num_points': 658}, {'avg_silhouette': 0.4037742812665422, 'num_points': 73}, {'avg_silhouette': 0.22474857998024783, 'num_points': 1211}, {'avg_silhouette': 0.15679038263703052, 'num_points': 235}, {'avg_silhouette': 0.13877925740075991, 'num_points': 35}, {'avg_silhouette': -0.12295991516574156, 'num_points': 121}, {'avg_silhouette': 0.4341296336071004, 'num_points': 43}, {'avg_silhouette': 0.3759135371142636, 'num_points': 40}, {'avg_silhouette': 0.33633873241752765, 'num_points': 188}]",,14,0.3243168633442816,,6,0.22393891723122403
AGGLC,ward,,"[{'avg_silhouette': -0.13611963829436294, 'num_points': 235}, {'avg_silhouette': -0.14161316587705003, 'num_points': 31}, {'avg_silhouette': 0.3522445201101927, 'num_points': 1224}, {'avg_silhouette': 0.013913423891974962, 'num_points': 86}, {'avg_silhouette': 0.3125353918389405, 'num_points': 976}, {'avg_silhouette': 0.09837631199208062, 'num_points': 187}, {'avg_silhouette': 0.3425330641353966, 'num_points': 358}, {'avg_silhouette': -0.2904598887501236, 'num_points': 219}, {'avg_silhouette': 0.03922287148606131, 'num_points': 86}, {'avg_silhouette': -0.18137163281797955, 'num_points': 231}, {'avg_silhouette': -0.16319247219274896, 'num_points': 121}, {'avg_silhouette': 0.17308003781794143, 'num_points': 658}, {'avg_silhouette': 0.1252841341524014, 'num_points': 26}, {'avg_silhouette': 0.3906403363340601, 'num_points': 73}, {'avg_silhouette': 0.15735654863740306, 'num_points': 35}, {'avg_silhouette': 0.3543187889099258, 'num_points': 115}, {'avg_silhouette': 0.35320105692689463, 'num_points': 21}, {'avg_silhouette': 0.616551273245174, 'num_points': 1980}, {'avg_silhouette': 0.40601323317146304, 'num_points': 211}, {'avg_silhouette': 0.1272176378341073, 'num_points': 35}, {'avg_silhouette': 0.132872037368809, 'num_points': 20}, {'avg_silhouette': 0.28802834631085944, 'num_points': 130}, {'avg_silhouette': 0.3781898816720914, 'num_points': 105}, {'avg_silhouette': 0.4126406186064938, 'num_points': 43}, {'avg_silhouette': 0.2854694459555808, 'num_points': 22}, {'avg_silhouette': 0.36761256075242965, 'num_points': 40}, {'avg_silhouette': 0.35717967843075743, 'num_points': 227}, {'avg_silhouette': 0.298229338506826, 'num_points': 188}]",,28,0.32357857882138163,,4,0.36360280575306214
K-means,,,"[{'avg_silhouette': 0.27271490382692365, 'num_points': 250}, {'avg_silhouette': 0.6596120552105478, 'num_points': 1945}, {'avg_silhouette': 0.2639917162278613, 'num_points': 556}, {'avg_silhouette': 0.38316229418134545, 'num_points': 1180}, {'avg_silhouette': 0.1796569911581781, 'num_points': 735}, {'avg_silhouette': 0.33262099345339463, 'num_points': 11}, {'avg_silhouette': 0.14565248192058944, 'num_points': 98}, {'avg_silhouette': 0.10146061067301507, 'num_points': 55}, {'avg_silhouette': 0.07650814082114518, 'num_points': 261}, {'avg_silhouette': -0.09291968226970274, 'num_points': 37}, {'avg_silhouette': 0.2742547777402238, 'num_points': 206}, {'avg_silhouette': 0.023560220935732658, 'num_points': 126}, {'avg_silhouette': 0.21263066465815447, 'num_points': 254}, {'avg_silhouette': 0.21834862249888431, 'num_points': 25}, {'avg_silhouette': 0.4217185421390262, 'num_points': 24}, {'avg_silhouette': 0.3097905539911368, 'num_points': 51}, {'avg_silhouette': 0.4183559491288936, 'num_points': 307}, {'avg_silhouette': -0.09225840135004879, 'num_points': 103}, {'avg_silhouette': 0.12575584162851655, 'num_points': 173}, {'avg_silhouette': 0.16981240579562126, 'num_points': 36}, {'avg_silhouette': -0.05469533471945813, 'num_points': 123}, {'avg_silhouette': -0.20045492979312457, 'num_points': 131}, {'avg_silhouette': 0.19627689819698704, 'num_points': 145}, {'avg_silhouette': 0.28757500079930365, 'num_points': 128}, {'avg_silhouette': 0.10866709254234712, 'num_points': 234}, {'avg_silhouette': -0.19479750342155122, 'num_points': 220}, {'avg_silhouette': 0.1895268918253008, 'num_points': 63}, {'avg_silhouette': 0.1800960914832485, 'num_points': 206}]",,28,0.3224881090341984,,4,0.37160576419448316
AGGLC,ward,,"[{'avg_silhouette': 0.07427759000338173, 'num_points': 258}, {'avg_silhouette': -0.06022345492595171, 'num_points': 577}, {'avg_silhouette': 0.45721917629637077, 'num_points': 1224}, {'avg_silhouette': -0.13446261135855742, 'num_points': 235}, {'avg_silhouette': 0.3128361294745462, 'num_points': 976}, {'avg_silhouette': 0.0990987381780433, 'num_points': 187}, {'avg_silhouette': 0.391113765014901, 'num_points': 73}, {'avg_silhouette': 0.02234925366145304, 'num_points': 86}, {'avg_silhouette': 0.03922287148606131, 'num_points': 86}, {'avg_silhouette': -0.17477838869487888, 'num_points': 231}, {'avg_silhouette': -0.14430153256381417, 'num_points': 121}, {'avg_silhouette': 0.17872016524914772, 'num_points': 658}, {'avg_silhouette': 0.1310502180891486, 'num_points': 26}, {'avg_silhouette': 0.298229338506826, 'num_points': 188}, {'avg_silhouette': 0.16082386873979937, 'num_points': 35}, {'avg_silhouette': 0.3621390311713201, 'num_points': 115}, {'avg_silhouette': 0.35455452966416867, 'num_points': 21}, {'avg_silhouette': 0.6166112629881829, 'num_points': 1980}, {'avg_silhouette': 0.406265084333474, 'num_points': 211}, {'avg_silhouette': 0.1275321003149042, 'num_points': 35}, {'avg_silhouette': 0.132872037368809, 'num_points': 20}, {'avg_silhouette': 0.30365063022076993, 'num_points': 130}, {'avg_silhouette': 0.3790183271714435, 'num_points': 105}, {'avg_silhouette': 0.4146663366276709, 'num_points': 43}, {'avg_silhouette': 0.2872637978236534, 'num_points': 22}, {'avg_silhouette': 0.3696757383895982, 'num_points': 40}]",,26,0.3222776301449204,,5,0.3010326558164592
DBSCAN,,0.4999158227686098,"[{'avg_silhouette': 0.4434458790746083, 'num_points': 1430}, {'avg_silhouette': 0.39193924384582995, 'num_points': 3319}, {'avg_silhouette': 0.2854050618199406, 'num_points': 1038}, {'avg_silhouette': 0.47967026946722974, 'num_points': 13}, {'avg_silhouette': 0.4063508449712603, 'num_points': 107}, {'avg_silhouette': 0.3644081845160136, 'num_points': 47}, {'avg_silhouette': 0.5260673748847182, 'num_points': 31}, {'avg_silhouette': 0.3411014689927609, 'num_points': 102}, {'avg_silhouette': 0.7504800461131075, 'num_points': 25}, {'avg_silhouette': 0.20581724685512282, 'num_points': 9}, {'avg_silhouette': 0.35564469983562313, 'num_points': 29}, {'avg_silhouette': 0.3473494854708201, 'num_points': 33}, {'avg_silhouette': 0.20838585714883068, 'num_points': 17}, {'avg_silhouette': 0.6765537925425741, 'num_points': 5}, {'avg_silhouette': 0.3407444119165179, 'num_points': 162}, {'avg_silhouette': 0.3090440732324018, 'num_points': 57}, {'avg_silhouette': 0.44199430896800046, 'num_points': 94}, {'avg_silhouette': 0.6332333397651358, 'num_points': 5}, {'avg_silhouette': 0.3520629691189634, 'num_points': 63}, {'avg_silhouette': 0.5534847802925416, 'num_points': 25}, {'avg_silhouette': 0.27439030577299867, 'num_points': 13}, {'avg_silhouette': 0.30750751724467035, 'num_points': 84}, {'avg_silhouette': 0.35143796558589385, 'num_points': 6}, {'avg_silhouette': 0.5997365728432231, 'num_points': 8}, {'avg_silhouette': 0.4925829543800089, 'num_points': 57}, {'avg_silhouette': 0.23201507451500714, 'num_points': 7}, {'avg_silhouette': 0.4361484196019319, 'num_points': 5}, {'avg_silhouette': 0.42395654855125886, 'num_points': 6}, {'avg_silhouette': 0.7558941565509486, 'num_points': 7}, {'avg_silhouette': 0.8193069494186348, 'num_points': 6}, {'avg_silhouette': 0.7132766676514901, 'num_points': 5}, {'avg_silhouette': 0.8525068656629831, 'num_points': 5}, {'avg_silhouette': 0.3916154034712456, 'num_points': 11}, {'avg_silhouette': 0.5484224852686441, 'num_points': 8}, {'avg_silhouette': 0.5811022369840811, 'num_points': 15}, {'avg_silhouette': 0.3698940014287745, 'num_points': 25}, {'avg_silhouette': 0.40494487933850226, 'num_points': 10}, {'avg_silhouette': 0.25248257767089066, 'num_points': 20}, {'avg_silhouette': 0.370631306230825, 'num_points': 11}, {'avg_silhouette': 0.4830200856906741, 'num_points': 13}, {'avg_silhouette': 0.4382913347591915, 'num_points': 19}, {'avg_silhouette': 0.3697612072314975, 'num_points': 6}, {'avg_silhouette': 0.40506467964848364, 'num_points': 14}, {'avg_silhouette': 0.6580239202484554, 'num_points': 5}, {'avg_silhouette': 0.2857553451786864, 'num_points': 10}, {'avg_silhouette': 0.8615112129325254, 'num_points': 11}, {'avg_silhouette': 0.30497920062930195, 'num_points': 7}, {'avg_silhouette': 0.5859120870102653, 'num_points': 7}, {'avg_silhouette': 0.5954639588652132, 'num_points': 5}, {'avg_silhouette': 0.3324094173143797, 'num_points': 5}, {'avg_silhouette': 0.7334190886193457, 'num_points': 5}]",5.0,51,0.32116846492040835,,3,0.37359672824679296
AGGLC,ward,,"[{'avg_silhouette': -0.06363735751570679, 'num_points': 47}, {'avg_silhouette': 0.07427759000338173, 'num_points': 258}, {'avg_silhouette': 0.45721917629637077, 'num_points': 1224}, {'avg_silhouette': -0.06022345492595171, 'num_points': 577}, {'avg_silhouette': 0.3128361294745462, 'num_points': 976}, {'avg_silhouette': 0.0990987381780433, 'num_points': 187}, {'avg_silhouette': 0.391113765014901, 'num_points': 73}, {'avg_silhouette': -0.13446261135855742, 'num_points': 235}, {'avg_silhouette': 0.03922287148606131, 'num_points': 86}, {'avg_silhouette': -0.17477838869487888, 'num_points': 231}, {'avg_silhouette': -0.14430153256381417, 'num_points': 121}, {'avg_silhouette': 0.17872016524914772, 'num_points': 658}, {'avg_silhouette': 0.3696757383895982, 'num_points': 40}, {'avg_silhouette': 0.298229338506826, 'num_points': 188}, {'avg_silhouette': 0.16082386873979937, 'num_points': 35}, {'avg_silhouette': 0.3621390311713201, 'num_points': 115}, {'avg_silhouette': 0.02234925366145304, 'num_points': 86}, {'avg_silhouette': 0.6166112629881829, 'num_points': 1980}, {'avg_silhouette': 0.406265084333474, 'num_points': 211}, {'avg_silhouette': 0.13163889622722655, 'num_points': 35}, {'avg_silhouette': 0.132872037368809, 'num_points': 20}, {'avg_silhouette': 0.30365063022076993, 'num_points': 130}, {'avg_silhouette': 0.3790183271714435, 'num_points': 105}, {'avg_silhouette': 0.4146663366276709, 'num_points': 43}, {'avg_silhouette': 0.2872637978236534, 'num_points': 22}]",,25,0.32049445056148,,5,0.3010326558164592
K-means,,,"[{'avg_silhouette': 0.2569596605572896, 'num_points': 920}, {'avg_silhouette': -0.21239686632766103, 'num_points': 243}, {'avg_silhouette': 0.37381046745362545, 'num_points': 1635}, {'avg_silhouette': 0.18760438686279599, 'num_points': 700}, {'avg_silhouette': 0.1932886406022169, 'num_points': 63}, {'avg_silhouette': 0.36741635866299455, 'num_points': 76}, {'avg_silhouette': -0.12409242598528805, 'num_points': 182}, {'avg_silhouette': -0.1110270960062945, 'num_points': 156}, {'avg_silhouette': 0.05143541358386326, 'num_points': 301}, {'avg_silhouette': 0.044365869971271676, 'num_points': 294}, {'avg_silhouette': 0.12395586018358933, 'num_points': 248}, {'avg_silhouette': 0.36007040156626435, 'num_points': 41}, {'avg_silhouette': 0.12821715017409718, 'num_points': 267}, {'avg_silhouette': 0.1658396180436024, 'num_points': 255}, {'avg_silhouette': 0.6923799310044079, 'num_points': 1929}, {'avg_silhouette': 0.12637067162320265, 'num_points': 373}]",,16,0.32028884648787537,,4,0.3776886114695297
K-means,,,"[{'avg_silhouette': 0.13984545040954072, 'num_points': 185}, {'avg_silhouette': 0.5712487478365341, 'num_points': 2059}, {'avg_silhouette': -0.12189145455315611, 'num_points': 34}, {'avg_silhouette': -0.1188820610729021, 'num_points': 166}, {'avg_silhouette': 0.24722737879029846, 'num_points': 240}, {'avg_silhouette': 0.20556384912540218, 'num_points': 144}, {'avg_silhouette': 0.023002393050433487, 'num_points': 136}, {'avg_silhouette': 0.1357520909651404, 'num_points': 160}, {'avg_silhouette': 0.25925236790818107, 'num_points': 72}, {'avg_silhouette': 0.34784373888642595, 'num_points': 230}, {'avg_silhouette': 0.35346950335423977, 'num_points': 341}, {'avg_silhouette': 0.05398893132893781, 'num_points': 211}, {'avg_silhouette': 0.0745950560466377, 'num_points': 30}, {'avg_silhouette': 0.1736960415141171, 'num_points': 187}, {'avg_silhouette': 0.18346694377673547, 'num_points': 239}, {'avg_silhouette': 0.4189152444367121, 'num_points': 24}, {'avg_silhouette': 0.3832128127889406, 'num_points': 74}, {'avg_silhouette': 0.29713373013569233, 'num_points': 567}, {'avg_silhouette': 0.2153947671008497, 'num_points': 25}, {'avg_silhouette': 0.2042786249036949, 'num_points': 147}, {'avg_silhouette': 0.1577750941984823, 'num_points': 147}, {'avg_silhouette': 0.33032052628334346, 'num_points': 49}, {'avg_silhouette': -0.11337533662239568, 'num_points': 153}, {'avg_silhouette': 0.28081224708479924, 'num_points': 322}, {'avg_silhouette': 0.4371108390297955, 'num_points': 809}, {'avg_silhouette': 0.2592244353944911, 'num_points': 446}, {'avg_silhouette': 0.04629579320394591, 'num_points': 115}, {'avg_silhouette': 0.05775344477679552, 'num_points': 46}, {'avg_silhouette': 0.23908412299842188, 'num_points': 16}, {'avg_silhouette': 0.10145607270477872, 'num_points': 25}, {'avg_silhouette': 0.12976728758571512, 'num_points': 167}, {'avg_silhouette': -0.07086574378505656, 'num_points': 117}]",,32,0.3192573268874181,,4,0.39117943809912825
AGGLC,ward,,"[{'avg_silhouette': -0.08819252266296403, 'num_points': 42}, {'avg_silhouette': -0.06363735751570679, 'num_points': 47}, {'avg_silhouette': 0.45721917629637077, 'num_points': 1224}, {'avg_silhouette': -0.06022345492595171, 'num_points': 577}, {'avg_silhouette': 0.07427759000338173, 'num_points': 258}, {'avg_silhouette': 0.0990987381780433, 'num_points': 187}, {'avg_silhouette': 0.391113765014901, 'num_points': 73}, {'avg_silhouette': -0.13446261135855742, 'num_points': 235}, {'avg_silhouette': 0.03922287148606131, 'num_points': 86}, {'avg_silhouette': 0.3128361294745462, 'num_points': 976}, {'avg_silhouette': -0.14430153256381417, 'num_points': 121}, {'avg_silhouette': 0.17872016524914772, 'num_points': 658}, {'avg_silhouette': 0.3718677575976584, 'num_points': 40}, {'avg_silhouette': 0.298229338506826, 'num_points': 188}, {'avg_silhouette': 0.16082386873979937, 'num_points': 35}, {'avg_silhouette': 0.3621390311713201, 'num_points': 115}, {'avg_silhouette': 0.023168361400506033, 'num_points': 86}, {'avg_silhouette': 0.6166112629881829, 'num_points': 1980}, {'avg_silhouette': 0.406265084333474, 'num_points': 211}, {'avg_silhouette': 0.13163889622722655, 'num_points': 35}, {'avg_silhouette': -0.17385084694689726, 'num_points': 231}, {'avg_silhouette': 0.30365063022076993, 'num_points': 130}, {'avg_silhouette': 0.3790183271714435, 'num_points': 105}, {'avg_silhouette': 0.4146663366276709, 'num_points': 43}]",,24,0.31889234928936283,,5,0.3010326558164592
AGGLC,ward,,"[{'avg_silhouette': 0.07984740373447302, 'num_points': 423}, {'avg_silhouette': -0.20369563622612338, 'num_points': 308}, {'avg_silhouette': 0.6627084902040249, 'num_points': 2191}, {'avg_silhouette': -0.03631374258642154, 'num_points': 388}, {'avg_silhouette': 0.4013685052046213, 'num_points': 1568}, {'avg_silhouette': 0.21868395254601905, 'num_points': 658}, {'avg_silhouette': 0.40663442960859203, 'num_points': 73}, {'avg_silhouette': 0.2353704620244302, 'num_points': 1211}, {'avg_silhouette': -0.11623828772891685, 'num_points': 624}, {'avg_silhouette': 0.1479370745871957, 'num_points': 35}, {'avg_silhouette': -0.11829879794917599, 'num_points': 121}, {'avg_silhouette': 0.4380927044234161, 'num_points': 43}, {'avg_silhouette': 0.37739276683389167, 'num_points': 40}]",,13,0.318777068075502,,7,0.20648954048546145
K-means,,,"[{'avg_silhouette': 0.5812101567289419, 'num_points': 2336}, {'avg_silhouette': 0.4489042606186497, 'num_points': 1459}, {'avg_silhouette': -0.13489124264619498, 'num_points': 194}, {'avg_silhouette': 0.08435688817439302, 'num_points': 775}, {'avg_silhouette': -0.002586451948565313, 'num_points': 370}, {'avg_silhouette': 0.06676197527651534, 'num_points': 405}, {'avg_silhouette': 0.006163953845128068, 'num_points': 429}, {'avg_silhouette': 0.21265741244579123, 'num_points': 895}, {'avg_silhouette': 0.31220331525234446, 'num_points': 52}, {'avg_silhouette': 0.23432249874593997, 'num_points': 448}, {'avg_silhouette': 0.08191779162795894, 'num_points': 244}, {'avg_silhouette': 0.3749150754854164, 'num_points': 76}]",,12,0.3176640376745009,,7,0.23348244940505133
AGGLC,ward,,"[{'avg_silhouette': 0.14008980817271052, 'num_points': 698}, {'avg_silhouette': -0.2007877516029424, 'num_points': 308}, {'avg_silhouette': 0.08902125310662574, 'num_points': 423}, {'avg_silhouette': -0.027970390437661384, 'num_points': 388}, {'avg_silhouette': 0.40156259606616057, 'num_points': 1568}, {'avg_silhouette': 0.6792048222147229, 'num_points': 2191}, {'avg_silhouette': 0.40670253092029035, 'num_points': 73}, {'avg_silhouette': 0.23647279306633215, 'num_points': 1211}, {'avg_silhouette': -0.10896268740816217, 'num_points': 624}, {'avg_silhouette': 0.14924275189598252, 'num_points': 35}, {'avg_silhouette': -0.11154680473845444, 'num_points': 121}, {'avg_silhouette': 0.4390437807307144, 'num_points': 43}]",,12,0.317480383837248,,7,0.2013454563972469
DBSCAN,,0.4899158227686098,"[{'avg_silhouette': 0.42912735474352337, 'num_points': 1430}, {'avg_silhouette': 0.3919663799670446, 'num_points': 3314}, {'avg_silhouette': 0.2860961928165937, 'num_points': 1037}, {'avg_silhouette': 0.4688373229063752, 'num_points': 13}, {'avg_silhouette': 0.41268273069719336, 'num_points': 106}, {'avg_silhouette': 0.3644081845160136, 'num_points': 47}, {'avg_silhouette': 0.5260673748847182, 'num_points': 31}, {'avg_silhouette': 0.3302912045554838, 'num_points': 102}, {'avg_silhouette': 0.7504800461131075, 'num_points': 25}, {'avg_silhouette': 0.20486321633206586, 'num_points': 9}, {'avg_silhouette': 0.37979841905837014, 'num_points': 28}, {'avg_silhouette': 0.34717655553309, 'num_points': 33}, {'avg_silhouette': 0.29192677361556557, 'num_points': 13}, {'avg_silhouette': 0.6764292499025171, 'num_points': 5}, {'avg_silhouette': 0.3407408260578765, 'num_points': 162}, {'avg_silhouette': 0.3088555223140987, 'num_points': 57}, {'avg_silhouette': 0.44199430896800046, 'num_points': 94}, {'avg_silhouette': 0.6331114984058359, 'num_points': 5}, {'avg_silhouette': 0.33884589875497495, 'num_points': 63}, {'avg_silhouette': 0.5616699847454188, 'num_points': 24}, {'avg_silhouette': 0.3158950144575443, 'num_points': 83}, {'avg_silhouette': 0.35143796558589385, 'num_points': 6}, {'avg_silhouette': 0.5996735924400587, 'num_points': 8}, {'avg_silhouette': 0.4925829543800089, 'num_points': 57}, {'avg_silhouette': 0.28488044960679443, 'num_points': 5}, {'avg_silhouette': 0.43590910218031753, 'num_points': 5}, {'avg_silhouette': 0.29989682416177765, 'num_points': 12}, {'avg_silhouette': 0.4229972227708941, 'num_points': 6}, {'avg_silhouette': 0.7531195891344001, 'num_points': 7}, {'avg_silhouette': 0.8193069494186348, 'num_points': 6}, {'avg_silhouette': 0.7131646287532462, 'num_points': 5}, {'avg_silhouette': 0.8524407782945407, 'num_points': 5}, {'avg_silhouette': 0.3916154034712456, 'num_points': 11}, {'avg_silhouette': 0.5484224852686441, 'num_points': 8}, {'avg_silhouette': 0.5800117884528505, 'num_points': 15}, {'avg_silhouette': 0.36984419124530854, 'num_points': 25}, {'avg_silhouette': 0.4673226737559301, 'num_points': 9}, {'avg_silhouette': 0.2522475235052417, 'num_points': 20}, {'avg_silhouette': 0.37043383739519803, 'num_points': 11}, {'avg_silhouette': 0.4813296257517645, 'num_points': 13}, {'avg_silhouette': 0.4382913347591915, 'num_points': 19}, {'avg_silhouette': 0.47656958098948454, 'num_points': 5}, {'avg_silhouette': 0.40506467964848364, 'num_points': 14}, {'avg_silhouette': 0.6580239202484554, 'num_points': 5}, {'avg_silhouette': 0.2989191941927516, 'num_points': 9}, {'avg_silhouette': 0.8614576327392918, 'num_points': 11}, {'avg_silhouette': 0.30497920062930195, 'num_points': 7}, {'avg_silhouette': 0.5859120870102653, 'num_points': 7}, {'avg_silhouette': 0.5954639588652132, 'num_points': 5}, {'avg_silhouette': 0.3324094173143797, 'num_points': 5}, {'avg_silhouette': 0.7334190886193457, 'num_points': 5}]",5.0,51,0.31702585946840034,,3,0.36906330917572056
AGGLC,ward,,"[{'avg_silhouette': 0.374976650179056, 'num_points': 1568}, {'avg_silhouette': 0.155322833972043, 'num_points': 235}, {'avg_silhouette': 0.09939697786980112, 'num_points': 187}, {'avg_silhouette': -0.06033706963128043, 'num_points': 47}, {'avg_silhouette': -0.08442206175667201, 'num_points': 42}, {'avg_silhouette': 0.180173367306917, 'num_points': 658}, {'avg_silhouette': 0.3976043977031557, 'num_points': 73}, {'avg_silhouette': -0.059715604039920496, 'num_points': 577}, {'avg_silhouette': 0.06208215500340268, 'num_points': 86}, {'avg_silhouette': 0.3132679313048438, 'num_points': 976}, {'avg_silhouette': -0.1352413863985796, 'num_points': 121}, {'avg_silhouette': 0.4263111854719572, 'num_points': 43}, {'avg_silhouette': 0.3724558423565848, 'num_points': 40}, {'avg_silhouette': 0.30810438195201456, 'num_points': 188}, {'avg_silhouette': 0.17025096893386618, 'num_points': 35}, {'avg_silhouette': 0.39608335714317205, 'num_points': 115}, {'avg_silhouette': -0.13369632342983015, 'num_points': 235}, {'avg_silhouette': 0.6166112629881829, 'num_points': 1980}, {'avg_silhouette': 0.40632296677445146, 'num_points': 211}, {'avg_silhouette': 0.1356243580450914, 'num_points': 35}, {'avg_silhouette': -0.15257519074399187, 'num_points': 231}]",,21,0.3165283058451953,,5,0.2850627215478158
AGGLC,ward,,"[{'avg_silhouette': 0.20472310941454902, 'num_points': 1211}, {'avg_silhouette': 0.37506219375222727, 'num_points': 1568}, {'avg_silhouette': 0.11736299608732458, 'num_points': 187}, {'avg_silhouette': 0.155322833972043, 'num_points': 235}, {'avg_silhouette': -0.08260445635758559, 'num_points': 42}, {'avg_silhouette': 0.18024005660733294, 'num_points': 658}, {'avg_silhouette': 0.3979138599492757, 'num_points': 73}, {'avg_silhouette': -0.05827230678726189, 'num_points': 47}, {'avg_silhouette': 0.0684117602391629, 'num_points': 86}, {'avg_silhouette': -0.1402757422900191, 'num_points': 231}, {'avg_silhouette': -0.13204736906140702, 'num_points': 121}, {'avg_silhouette': 0.4285091551018469, 'num_points': 43}, {'avg_silhouette': 0.3735626191895438, 'num_points': 40}, {'avg_silhouette': 0.33518738119746005, 'num_points': 188}, {'avg_silhouette': 0.17359832572862594, 'num_points': 35}, {'avg_silhouette': 0.39608335714317205, 'num_points': 115}, {'avg_silhouette': -0.058704865343316474, 'num_points': 577}, {'avg_silhouette': 0.6166112629881829, 'num_points': 1980}, {'avg_silhouette': 0.40632296677445146, 'num_points': 211}, {'avg_silhouette': 0.13696969782074758, 'num_points': 35}]",,20,0.314845665840168,,5,0.26358635148379517
K-means,,,"[{'avg_silhouette': 0.21896988948854232, 'num_points': 25}, {'avg_silhouette': 0.14254893808613472, 'num_points': 738}, {'avg_silhouette': 0.6069046534195139, 'num_points': 2073}, {'avg_silhouette': -0.13578441763281235, 'num_points': 164}, {'avg_silhouette': 0.34960119213379764, 'num_points': 48}, {'avg_silhouette': 0.20793351768814283, 'num_points': 149}, {'avg_silhouette': 0.09628954232391351, 'num_points': 19}, {'avg_silhouette': 0.166817307514477, 'num_points': 195}, {'avg_silhouette': 0.22355025582406657, 'num_points': 271}, {'avg_silhouette': 0.23999602245277787, 'num_points': 146}, {'avg_silhouette': 0.3590178420192225, 'num_points': 41}, {'avg_silhouette': 0.12573710580372008, 'num_points': 187}, {'avg_silhouette': 0.24884578604782265, 'num_points': 354}, {'avg_silhouette': 0.3960484032500601, 'num_points': 55}, {'avg_silhouette': 0.24613766013607852, 'num_points': 666}, {'avg_silhouette': 0.21696789073917988, 'num_points': 259}, {'avg_silhouette': 0.32236773645239686, 'num_points': 970}, {'avg_silhouette': 0.12072074885706752, 'num_points': 227}, {'avg_silhouette': 0.2260345013221915, 'num_points': 116}, {'avg_silhouette': -0.03247151219911153, 'num_points': 73}, {'avg_silhouette': 0.07674369397762162, 'num_points': 30}, {'avg_silhouette': -0.12329382250155525, 'num_points': 145}, {'avg_silhouette': 0.2867167433137829, 'num_points': 369}, {'avg_silhouette': 0.4204073076314427, 'num_points': 24}, {'avg_silhouette': 0.1500104440426868, 'num_points': 37}, {'avg_silhouette': 0.12384046252151734, 'num_points': 62}, {'avg_silhouette': 0.18477400688309273, 'num_points': 240}]",,27,0.3142430757539988,,4,0.329489747023531
DBSCAN,,0.4899158227686098,"[{'avg_silhouette': 0.4496763044616234, 'num_points': 1430}, {'avg_silhouette': 0.39866570201758117, 'num_points': 3312}, {'avg_silhouette': 0.3094859921811438, 'num_points': 1036}, {'avg_silhouette': 0.5132609439117707, 'num_points': 13}, {'avg_silhouette': 0.4138862709177101, 'num_points': 106}, {'avg_silhouette': 0.3829283928088244, 'num_points': 47}, {'avg_silhouette': 0.7451083845149776, 'num_points': 31}, {'avg_silhouette': 0.338205741440831, 'num_points': 102}, {'avg_silhouette': 0.7504800461131075, 'num_points': 25}, {'avg_silhouette': 0.3983035799315331, 'num_points': 27}, {'avg_silhouette': 0.35716920842235983, 'num_points': 33}, {'avg_silhouette': 0.34648600427637966, 'num_points': 161}, {'avg_silhouette': 0.3085723778011042, 'num_points': 57}, {'avg_silhouette': 0.4519781578211984, 'num_points': 94}, {'avg_silhouette': 0.3823898863488119, 'num_points': 63}, {'avg_silhouette': 0.5615905560638664, 'num_points': 24}, {'avg_silhouette': 0.34292044714279035, 'num_points': 83}, {'avg_silhouette': 0.4925829543800089, 'num_points': 57}, {'avg_silhouette': 0.5811158965245391, 'num_points': 15}, {'avg_silhouette': 0.4389502033892034, 'num_points': 25}, {'avg_silhouette': 0.4813296257517645, 'num_points': 13}, {'avg_silhouette': 0.5131411898588161, 'num_points': 19}, {'avg_silhouette': 0.4007362252053694, 'num_points': 10}, {'avg_silhouette': 0.4453252488064163, 'num_points': 13}, {'avg_silhouette': 0.25860694869892487, 'num_points': 19}, {'avg_silhouette': 0.3908098902132642, 'num_points': 11}, {'avg_silhouette': 0.8614322006119454, 'num_points': 11}]",10.0,27,0.3137974253375248,,3,0.38594266622011614
DBSCAN,,0.4799158227686098,"[{'avg_silhouette': 0.4501888240702391, 'num_points': 1429}, {'avg_silhouette': 0.4024371693330628, 'num_points': 3309}, {'avg_silhouette': 0.3136447864443031, 'num_points': 1036}, {'avg_silhouette': 0.5132609439117707, 'num_points': 13}, {'avg_silhouette': 0.42065639976934077, 'num_points': 105}, {'avg_silhouette': 0.38273660502654117, 'num_points': 47}, {'avg_silhouette': 0.7450568921227896, 'num_points': 31}, {'avg_silhouette': 0.3381815337403674, 'num_points': 102}, {'avg_silhouette': 0.7504481440527964, 'num_points': 25}, {'avg_silhouette': 0.35716920842235983, 'num_points': 33}, {'avg_silhouette': 0.35252766545140946, 'num_points': 160}, {'avg_silhouette': 0.3085723778011042, 'num_points': 57}, {'avg_silhouette': 0.4592049372494995, 'num_points': 93}, {'avg_silhouette': 0.3814999579218748, 'num_points': 63}, {'avg_silhouette': 0.34292044714279035, 'num_points': 83}, {'avg_silhouette': 0.49243086062277397, 'num_points': 57}, {'avg_silhouette': 0.566080066748109, 'num_points': 23}, {'avg_silhouette': 0.3983035799315331, 'num_points': 27}, {'avg_silhouette': 0.5791894089276851, 'num_points': 15}, {'avg_silhouette': 0.4389502033892034, 'num_points': 25}, {'avg_silhouette': 0.4794375310650816, 'num_points': 13}, {'avg_silhouette': 0.5115521912365619, 'num_points': 19}, {'avg_silhouette': 0.4453252488064163, 'num_points': 13}, {'avg_silhouette': 0.3889022592863791, 'num_points': 11}, {'avg_silhouette': 0.8614049497253027, 'num_points': 11}]",10.0,25,0.313575177540132,,3,0.3887569266158683
K-means,,,"[{'avg_silhouette': 0.5933941589653323, 'num_points': 1758}, {'avg_silhouette': -0.047295034906501485, 'num_points': 59}, {'avg_silhouette': -0.06180683844164825, 'num_points': 20}, {'avg_silhouette': 0.09905743620685557, 'num_points': 219}, {'avg_silhouette': 0.3903185506322095, 'num_points': 1176}, {'avg_silhouette': 0.18862245680151482, 'num_points': 239}, {'avg_silhouette': -0.10779110202470159, 'num_points': 69}, {'avg_silhouette': -0.11249169969530719, 'num_points': 234}, {'avg_silhouette': -0.12425827753141871, 'num_points': 179}, {'avg_silhouette': 0.2658951685825022, 'num_points': 250}, {'avg_silhouette': -0.15443008546124828, 'num_points': 223}, {'avg_silhouette': 0.3503384008117145, 'num_points': 41}, {'avg_silhouette': 0.14134613275188374, 'num_points': 168}, {'avg_silhouette': -0.1169230722083198, 'num_points': 29}, {'avg_silhouette': 0.09782018647368868, 'num_points': 48}, {'avg_silhouette': 0.14094164930536351, 'num_points': 164}, {'avg_silhouette': 0.28981734147348137, 'num_points': 12}, {'avg_silhouette': 0.32780823877520293, 'num_points': 228}, {'avg_silhouette': 0.38985556931695026, 'num_points': 57}, {'avg_silhouette': 0.3713533846474051, 'num_points': 25}, {'avg_silhouette': 0.35824456221449463, 'num_points': 110}, {'avg_silhouette': 0.4017765539106399, 'num_points': 659}, {'avg_silhouette': 0.19597911262225043, 'num_points': 137}, {'avg_silhouette': 0.15898503293312702, 'num_points': 93}, {'avg_silhouette': 0.320978885033239, 'num_points': 22}, {'avg_silhouette': 0.22202442009807744, 'num_points': 146}, {'avg_silhouette': -0.12443677266497997, 'num_points': 159}, {'avg_silhouette': 0.04722987534406162, 'num_points': 45}, {'avg_silhouette': -0.0755386006796036, 'num_points': 74}, {'avg_silhouette': 0.48445146560407687, 'num_points': 295}, {'avg_silhouette': 0.0944379948033411, 'num_points': 77}, {'avg_silhouette': 0.2792005159790794, 'num_points': 52}, {'avg_silhouette': 0.12171454133979841, 'num_points': 17}, {'avg_silhouette': 0.3008921329331869, 'num_points': 456}, {'avg_silhouette': 0.2020620040256562, 'num_points': 143}]",,35,0.31343860479507546,,4,0.42159534911034213
DBSCAN,,0.46991582276860977,"[{'avg_silhouette': 0.45084987333947507, 'num_points': 1428}, {'avg_silhouette': 0.40386477355321654, 'num_points': 3305}, {'avg_silhouette': 0.3136121167729571, 'num_points': 1036}, {'avg_silhouette': 0.5132609439117707, 'num_points': 13}, {'avg_silhouette': 0.4206531805189115, 'num_points': 105}, {'avg_silhouette': 0.38258870303232706, 'num_points': 47}, {'avg_silhouette': 0.7449666416808634, 'num_points': 31}, {'avg_silhouette': 0.33816474015041353, 'num_points': 102}, {'avg_silhouette': 0.7504225077790333, 'num_points': 25}, {'avg_silhouette': 0.35716920842235983, 'num_points': 33}, {'avg_silhouette': 0.35252766545140946, 'num_points': 160}, {'avg_silhouette': 0.3085723778011042, 'num_points': 57}, {'avg_silhouette': 0.4592045823125632, 'num_points': 93}, {'avg_silhouette': 0.3814450451127653, 'num_points': 63}, {'avg_silhouette': 0.34292044714279035, 'num_points': 83}, {'avg_silhouette': 0.49232232700994194, 'num_points': 57}, {'avg_silhouette': 0.5043980960724673, 'num_points': 11}, {'avg_silhouette': 0.3983035799315331, 'num_points': 27}, {'avg_silhouette': 0.5791894089276851, 'num_points': 15}, {'avg_silhouette': 0.4389502033892034, 'num_points': 25}, {'avg_silhouette': 0.4794375310650816, 'num_points': 13}, {'avg_silhouette': 0.5115521912365619, 'num_points': 19}, {'avg_silhouette': 0.33514060205992907, 'num_points': 12}, {'avg_silhouette': 0.4453252488064163, 'num_points': 13}, {'avg_silhouette': 0.3889022592863791, 'num_points': 11}, {'avg_silhouette': 0.8613575146174167, 'num_points': 11}]",10.0,26,0.3133853528466329,,3,0.38944225455521625
K-means,,,"[{'avg_silhouette': 0.24395911692955768, 'num_points': 1260}, {'avg_silhouette': 0.30531488586537814, 'num_points': 1482}, {'avg_silhouette': 0.6352609522213989, 'num_points': 2348}, {'avg_silhouette': -0.02111288045515117, 'num_points': 474}, {'avg_silhouette': 0.1470397969966036, 'num_points': 333}, {'avg_silhouette': 0.03357009489885295, 'num_points': 984}, {'avg_silhouette': 0.40315213918322423, 'num_points': 74}, {'avg_silhouette': 0.39243162351122457, 'num_points': 25}, {'avg_silhouette': 0.2446119879577892, 'num_points': 81}, {'avg_silhouette': 0.007900553390417024, 'num_points': 570}, {'avg_silhouette': 0.31449656918943053, 'num_points': 52}]",,11,0.312867674266105,,6,0.2008154538084089
AGGLC,ward,,"[{'avg_silhouette': 0.380139718445295, 'num_points': 1310}, {'avg_silhouette': -0.0867980963359131, 'num_points': 42}, {'avg_silhouette': 0.0990987381780433, 'num_points': 187}, {'avg_silhouette': -0.06313347296041494, 'num_points': 47}, {'avg_silhouette': 0.11542443689569401, 'num_points': 258}, {'avg_silhouette': 0.17873512108602746, 'num_points': 658}, {'avg_silhouette': 0.39222066112013326, 'num_points': 73}, {'avg_silhouette': -0.060018622153935546, 'num_points': 577}, {'avg_silhouette': 0.03922287148606131, 'num_points': 86}, {'avg_silhouette': 0.31325359725788415, 'num_points': 976}, {'avg_silhouette': -0.14418657255291872, 'num_points': 121}, {'avg_silhouette': 0.41862010273086964, 'num_points': 43}, {'avg_silhouette': 0.3721666271799715, 'num_points': 40}, {'avg_silhouette': 0.298229338506826, 'num_points': 188}, {'avg_silhouette': 0.1619130660032816, 'num_points': 35}, {'avg_silhouette': 0.37739209981652916, 'num_points': 115}, {'avg_silhouette': -0.134121877769343, 'num_points': 235}, {'avg_silhouette': 0.6166112629881829, 'num_points': 1980}, {'avg_silhouette': 0.406265084333474, 'num_points': 211}, {'avg_silhouette': 0.13193637696702268, 'num_points': 35}, {'avg_silhouette': -0.16888029752046058, 'num_points': 231}, {'avg_silhouette': 0.3178746764752432, 'num_points': 130}, {'avg_silhouette': 0.3790183271714435, 'num_points': 105}]",,23,0.3127417057298083,,5,0.28574421552469076
DBSCAN,,0.45991582276860976,"[{'avg_silhouette': 0.450748707870677, 'num_points': 1428}, {'avg_silhouette': 0.40652582276049504, 'num_points': 3297}, {'avg_silhouette': 0.3138189073215719, 'num_points': 1032}, {'avg_silhouette': 0.5129675118327206, 'num_points': 13}, {'avg_silhouette': 0.4347440528656892, 'num_points': 103}, {'avg_silhouette': 0.38258870303232706, 'num_points': 47}, {'avg_silhouette': 0.7447948976827267, 'num_points': 31}, {'avg_silhouette': 0.34393258866989784, 'num_points': 101}, {'avg_silhouette': 0.7504225077790333, 'num_points': 25}, {'avg_silhouette': 0.374095501545178, 'num_points': 32}, {'avg_silhouette': 0.36829756708781797, 'num_points': 160}, {'avg_silhouette': 0.33365708629694063, 'num_points': 55}, {'avg_silhouette': 0.4591727127684774, 'num_points': 93}, {'avg_silhouette': 0.38904096582162373, 'num_points': 62}, {'avg_silhouette': 0.3494151057254604, 'num_points': 82}, {'avg_silhouette': 0.49232232700994194, 'num_points': 57}, {'avg_silhouette': 0.4977545901149313, 'num_points': 11}, {'avg_silhouette': 0.39729947105726926, 'num_points': 27}, {'avg_silhouette': 0.5791894089276851, 'num_points': 15}, {'avg_silhouette': 0.43687077113451095, 'num_points': 25}, {'avg_silhouette': 0.4757508871004064, 'num_points': 13}, {'avg_silhouette': 0.5115521912365619, 'num_points': 19}, {'avg_silhouette': 0.4437244693336128, 'num_points': 13}, {'avg_silhouette': 0.3609825905380132, 'num_points': 11}, {'avg_silhouette': 0.8612688953158412, 'num_points': 11}]",10.0,25,0.3126468862179838,,3,0.3903644793175813
K-means,,,"[{'avg_silhouette': 0.24141043367137244, 'num_points': 223}, {'avg_silhouette': 0.5928233492301833, 'num_points': 2317}, {'avg_silhouette': 0.01035346531603941, 'num_points': 362}, {'avg_silhouette': 0.22058653666525554, 'num_points': 283}, {'avg_silhouette': 0.34702485896693913, 'num_points': 1326}, {'avg_silhouette': 0.14400793990679753, 'num_points': 978}, {'avg_silhouette': 0.21953013004790087, 'num_points': 153}, {'avg_silhouette': 0.09385209161337373, 'num_points': 748}, {'avg_silhouette': 0.39617957653980945, 'num_points': 55}, {'avg_silhouette': 0.2202084600161889, 'num_points': 151}, {'avg_silhouette': 0.30186213365715137, 'num_points': 52}, {'avg_silhouette': 0.09628954232391351, 'num_points': 19}, {'avg_silhouette': -0.11828022348870952, 'num_points': 116}, {'avg_silhouette': -0.057854735911186, 'num_points': 181}, {'avg_silhouette': 0.27716047171449487, 'num_points': 375}, {'avg_silhouette': 0.12028479021651221, 'num_points': 277}, {'avg_silhouette': 0.17201935346792052, 'num_points': 43}, {'avg_silhouette': 0.4241087113600403, 'num_points': 24}]",,18,0.3125822402961581,,4,0.29442705992932344
AGGLC,ward,,"[{'avg_silhouette': -0.19709015161568139, 'num_points': 273}, {'avg_silhouette': 0.20474894753887765, 'num_points': 1211}, {'avg_silhouette': 0.11736299608732458, 'num_points': 187}, {'avg_silhouette': 0.155322833972043, 'num_points': 235}, {'avg_silhouette': 0.37506219375222727, 'num_points': 1568}, {'avg_silhouette': 0.18024005660733294, 'num_points': 658}, {'avg_silhouette': 0.3979138599492757, 'num_points': 73}, {'avg_silhouette': -0.05827230678726189, 'num_points': 47}, {'avg_silhouette': 0.0684117602391629, 'num_points': 86}, {'avg_silhouette': 0.13696969782074758, 'num_points': 35}, {'avg_silhouette': -0.13185238093050267, 'num_points': 121}, {'avg_silhouette': 0.4285091551018469, 'num_points': 43}, {'avg_silhouette': 0.3735626191895438, 'num_points': 40}, {'avg_silhouette': 0.33518738119746005, 'num_points': 188}, {'avg_silhouette': 0.17359832572862594, 'num_points': 35}, {'avg_silhouette': 0.39608335714317205, 'num_points': 115}, {'avg_silhouette': -0.058704865343316474, 'num_points': 577}, {'avg_silhouette': 0.6166112629881829, 'num_points': 1980}, {'avg_silhouette': 0.40632296677445146, 'num_points': 211}]",,19,0.3125187565309572,,5,0.26359151910866085
DBSCAN,,0.4999158227686098,"[{'avg_silhouette': 0.4497039308127839, 'num_points': 1430}, {'avg_silhouette': 0.39012213298150317, 'num_points': 3317}, {'avg_silhouette': 0.31008553208114875, 'num_points': 1037}, {'avg_silhouette': 0.5132609439117707, 'num_points': 13}, {'avg_silhouette': 0.40770726424077497, 'num_points': 107}, {'avg_silhouette': 0.3829283928088244, 'num_points': 47}, {'avg_silhouette': 0.7452123082356682, 'num_points': 31}, {'avg_silhouette': 0.33823053476448706, 'num_points': 102}, {'avg_silhouette': 0.7504800461131075, 'num_points': 25}, {'avg_silhouette': 0.35522489496430903, 'num_points': 29}, {'avg_silhouette': 0.3572696920249082, 'num_points': 33}, {'avg_silhouette': 0.3428294961443479, 'num_points': 162}, {'avg_silhouette': 0.30876190361525047, 'num_points': 57}, {'avg_silhouette': 0.4519781578211984, 'num_points': 94}, {'avg_silhouette': 0.3520417958616721, 'num_points': 63}, {'avg_silhouette': 0.5617306084070058, 'num_points': 24}, {'avg_silhouette': 0.3362777891697582, 'num_points': 84}, {'avg_silhouette': 0.4925829543800089, 'num_points': 57}, {'avg_silhouette': 0.33968898599149755, 'num_points': 11}, {'avg_silhouette': 0.5811022369840811, 'num_points': 15}, {'avg_silhouette': 0.44107076152833796, 'num_points': 25}, {'avg_silhouette': 0.4830200856906741, 'num_points': 13}, {'avg_silhouette': 0.5140066126237247, 'num_points': 19}, {'avg_silhouette': 0.4016684181354561, 'num_points': 10}, {'avg_silhouette': 0.4453252488064163, 'num_points': 13}, {'avg_silhouette': 0.2503086077876726, 'num_points': 20}, {'avg_silhouette': 0.3916154034712456, 'num_points': 11}, {'avg_silhouette': 0.8614858723431251, 'num_points': 11}, {'avg_silhouette': 0.40494487933850226, 'num_points': 10}]",10.0,29,0.3125015832424056,,3,0.383303865291812
AGGLC,ward,,"[{'avg_silhouette': -0.060336904529792616, 'num_points': 577}, {'avg_silhouette': -0.13485429983535768, 'num_points': 235}, {'avg_silhouette': 0.35225868959621914, 'num_points': 1224}, {'avg_silhouette': -0.14161316587705003, 'num_points': 31}, {'avg_silhouette': 0.3128361294745462, 'num_points': 976}, {'avg_silhouette': 0.0990987381780433, 'num_points': 187}, {'avg_silhouette': 0.3906403363340601, 'num_points': 73}, {'avg_silhouette': 0.013913423891974962, 'num_points': 86}, {'avg_silhouette': 0.03922287148606131, 'num_points': 86}, {'avg_silhouette': -0.1781089921872999, 'num_points': 231}, {'avg_silhouette': -0.14430153256381417, 'num_points': 121}, {'avg_silhouette': 0.17872016524914772, 'num_points': 658}, {'avg_silhouette': 0.1293134860582571, 'num_points': 26}, {'avg_silhouette': 0.298229338506826, 'num_points': 188}, {'avg_silhouette': 0.15954548302630908, 'num_points': 35}, {'avg_silhouette': 0.3543187889099258, 'num_points': 115}, {'avg_silhouette': 0.35455452966416867, 'num_points': 21}, {'avg_silhouette': 0.6166112629881829, 'num_points': 1980}, {'avg_silhouette': 0.40601323317146304, 'num_points': 211}, {'avg_silhouette': 0.1275321003149042, 'num_points': 35}, {'avg_silhouette': 0.132872037368809, 'num_points': 20}, {'avg_silhouette': 0.28802834631085944, 'num_points': 130}, {'avg_silhouette': 0.3790183271714435, 'num_points': 105}, {'avg_silhouette': 0.4126406186064938, 'num_points': 43}, {'avg_silhouette': 0.2854694459555808, 'num_points': 22}, {'avg_silhouette': 0.3696757383895982, 'num_points': 40}, {'avg_silhouette': 0.35717967843075743, 'num_points': 227}]",,27,0.3124074962302163,,5,0.2800178685556607
DBSCAN,,0.44991582276860975,"[{'avg_silhouette': 0.4514765990200854, 'num_points': 1427}, {'avg_silhouette': 0.4077510611330721, 'num_points': 3292}, {'avg_silhouette': 0.31483670756168547, 'num_points': 1027}, {'avg_silhouette': 0.43473925953643794, 'num_points': 103}, {'avg_silhouette': 0.3823769002798789, 'num_points': 47}, {'avg_silhouette': 0.7447091867264439, 'num_points': 31}, {'avg_silhouette': 0.3588750862350928, 'num_points': 98}, {'avg_silhouette': 0.7503902328356363, 'num_points': 25}, {'avg_silhouette': 0.3847604954794364, 'num_points': 31}, {'avg_silhouette': 0.37112306294179176, 'num_points': 159}, {'avg_silhouette': 0.3681248223779147, 'num_points': 51}, {'avg_silhouette': 0.45916491963175216, 'num_points': 93}, {'avg_silhouette': 0.5569684109166251, 'num_points': 11}, {'avg_silhouette': 0.39481259389731393, 'num_points': 61}, {'avg_silhouette': 0.3493409632962999, 'num_points': 82}, {'avg_silhouette': 0.49214510938880895, 'num_points': 57}, {'avg_silhouette': 0.4901872565945444, 'num_points': 11}, {'avg_silhouette': 0.39612821983809043, 'num_points': 27}, {'avg_silhouette': 0.5791894089276851, 'num_points': 15}, {'avg_silhouette': 0.43687077113451095, 'num_points': 25}, {'avg_silhouette': 0.4757508871004064, 'num_points': 13}, {'avg_silhouette': 0.5108694241450885, 'num_points': 19}, {'avg_silhouette': 0.44040898836857817, 'num_points': 13}, {'avg_silhouette': 0.3990188418862282, 'num_points': 10}, {'avg_silhouette': 0.8612256176130675, 'num_points': 11}]",10.0,25,0.31170084544116633,,3,0.391354789238281
DBSCAN,,0.43991582276860974,"[{'avg_silhouette': 0.4521130603840223, 'num_points': 1426}, {'avg_silhouette': 0.40918010165725843, 'num_points': 3286}, {'avg_silhouette': 0.31741709392861633, 'num_points': 1024}, {'avg_silhouette': 0.44532995095563477, 'num_points': 101}, {'avg_silhouette': 0.38224310637432213, 'num_points': 47}, {'avg_silhouette': 0.7446278555892494, 'num_points': 31}, {'avg_silhouette': 0.36236451917630774, 'num_points': 97}, {'avg_silhouette': 0.7503751641268832, 'num_points': 25}, {'avg_silhouette': 0.3839329818402729, 'num_points': 31}, {'avg_silhouette': 0.3710889075952466, 'num_points': 159}, {'avg_silhouette': 0.3672331457173332, 'num_points': 51}, {'avg_silhouette': 0.44455162782591756, 'num_points': 93}, {'avg_silhouette': 0.5569684109166251, 'num_points': 11}, {'avg_silhouette': 0.4007036761598356, 'num_points': 60}, {'avg_silhouette': 0.3390918091033614, 'num_points': 82}, {'avg_silhouette': 0.4920048451747764, 'num_points': 57}, {'avg_silhouette': 0.4901872565945444, 'num_points': 11}, {'avg_silhouette': 0.3952963499996408, 'num_points': 27}, {'avg_silhouette': 0.6433650465064712, 'num_points': 14}, {'avg_silhouette': 0.4890214802531647, 'num_points': 23}, {'avg_silhouette': 0.47334096906632794, 'num_points': 13}, {'avg_silhouette': 0.5108694241450885, 'num_points': 19}, {'avg_silhouette': 0.4396668208754758, 'num_points': 13}, {'avg_silhouette': 0.3990188418862282, 'num_points': 10}, {'avg_silhouette': 0.8611832155455139, 'num_points': 11}]",10.0,25,0.311225976937616,,3,0.3929034186566323
AGGLC,ward,,"[{'avg_silhouette': 0.36407840230472166, 'num_points': 1611}, {'avg_silhouette': 0.14011610775173838, 'num_points': 698}, {'avg_silhouette': 0.09419200438635877, 'num_points': 423}, {'avg_silhouette': -0.022662956030967824, 'num_points': 388}, {'avg_silhouette': -0.19766136883192104, 'num_points': 308}, {'avg_silhouette': 0.6792048222147229, 'num_points': 2191}, {'avg_silhouette': 0.40784523980634824, 'num_points': 73}, {'avg_silhouette': 0.23676788996910642, 'num_points': 1211}, {'avg_silhouette': -0.10783490167201744, 'num_points': 624}, {'avg_silhouette': 0.1496966219705824, 'num_points': 35}, {'avg_silhouette': -0.11122125655965123, 'num_points': 121}]",,11,0.3102473841535371,,7,0.19769448127480896
K-means,,,"[{'avg_silhouette': 0.14423729013955033, 'num_points': 167}, {'avg_silhouette': -0.1987337578857161, 'num_points': 417}, {'avg_silhouette': -0.1036482030277656, 'num_points': 216}, {'avg_silhouette': 0.2761183411425279, 'num_points': 249}, {'avg_silhouette': 0.1593088550616568, 'num_points': 96}, {'avg_silhouette': 0.4196124536435944, 'num_points': 43}, {'avg_silhouette': -0.05905373974650525, 'num_points': 186}, {'avg_silhouette': 0.11333610768697695, 'num_points': 118}, {'avg_silhouette': 0.38926311416903864, 'num_points': 1174}, {'avg_silhouette': 0.21081705904954032, 'num_points': 252}, {'avg_silhouette': 0.2539127477804471, 'num_points': 559}, {'avg_silhouette': -0.0476001767255858, 'num_points': 86}, {'avg_silhouette': 0.22657831438453932, 'num_points': 219}, {'avg_silhouette': 0.41902332956690397, 'num_points': 24}, {'avg_silhouette': 0.35233027964400704, 'num_points': 41}, {'avg_silhouette': 0.17480735744460812, 'num_points': 15}, {'avg_silhouette': 0.4449358554109331, 'num_points': 306}, {'avg_silhouette': 0.19430318592493426, 'num_points': 134}, {'avg_silhouette': -0.11460339612885811, 'num_points': 35}, {'avg_silhouette': 0.2255764616126666, 'num_points': 145}, {'avg_silhouette': 0.054088355429183575, 'num_points': 56}, {'avg_silhouette': 0.29765825424312353, 'num_points': 126}, {'avg_silhouette': 0.3524435258049037, 'num_points': 827}, {'avg_silhouette': 0.2345493682510421, 'num_points': 142}, {'avg_silhouette': 0.03636501776887864, 'num_points': 2}, {'avg_silhouette': 0.07940564963071514, 'num_points': 27}, {'avg_silhouette': 0.18956877700980726, 'num_points': 35}, {'avg_silhouette': -0.038616891333507694, 'num_points': 31}, {'avg_silhouette': -0.054314422204986, 'num_points': 117}, {'avg_silhouette': 0.020052514123852404, 'num_points': 55}, {'avg_silhouette': 0.21759667362181578, 'num_points': 23}, {'avg_silhouette': 0.38285738336119185, 'num_points': 74}, {'avg_silhouette': 0.31077922231731503, 'num_points': 22}, {'avg_silhouette': 0.6212794787853156, 'num_points': 1664}]",,34,0.3098525468964102,,5,0.2836330217307978
DBSCAN,,0.42991582276860973,"[{'avg_silhouette': 0.4527899756483189, 'num_points': 1424}, {'avg_silhouette': 0.41079128835254525, 'num_points': 3279}, {'avg_silhouette': 0.3153302658168916, 'num_points': 1023}, {'avg_silhouette': 0.4453228457772793, 'num_points': 101}, {'avg_silhouette': 0.3897640119157636, 'num_points': 46}, {'avg_silhouette': 0.744518647958588, 'num_points': 31}, {'avg_silhouette': 0.3674963233940054, 'num_points': 96}, {'avg_silhouette': 0.7503308231925196, 'num_points': 25}, {'avg_silhouette': 0.39846130841671823, 'num_points': 30}, {'avg_silhouette': 0.37638148634311963, 'num_points': 157}, {'avg_silhouette': 0.3737585201590917, 'num_points': 50}, {'avg_silhouette': 0.44454829999156265, 'num_points': 93}, {'avg_silhouette': 0.5801734127030735, 'num_points': 10}, {'avg_silhouette': 0.40458685108134146, 'num_points': 59}, {'avg_silhouette': 0.3455077982563467, 'num_points': 81}, {'avg_silhouette': 0.4917854368802322, 'num_points': 57}, {'avg_silhouette': 0.7360572055979564, 'num_points': 11}, {'avg_silhouette': 0.3951200187530045, 'num_points': 27}, {'avg_silhouette': 0.6433650465064712, 'num_points': 14}, {'avg_silhouette': 0.4881344845953761, 'num_points': 23}, {'avg_silhouette': 0.47334096906632794, 'num_points': 13}, {'avg_silhouette': 0.509404216548174, 'num_points': 19}, {'avg_silhouette': 0.4384329082424489, 'num_points': 13}, {'avg_silhouette': 0.9256668688921067, 'num_points': 10}]",10.0,24,0.3091681052737359,,3,0.3929705099392519
K-means,,,"[{'avg_silhouette': -0.07187220076620324, 'num_points': 44}, {'avg_silhouette': 0.5944702441304534, 'num_points': 1636}, {'avg_silhouette': 0.26923316614314025, 'num_points': 312}, {'avg_silhouette': -0.06608905488487016, 'num_points': 85}, {'avg_silhouette': 0.15642190702184672, 'num_points': 146}, {'avg_silhouette': 0.3671016728990737, 'num_points': 403}, {'avg_silhouette': 0.3562941782472621, 'num_points': 522}, {'avg_silhouette': 0.18814896664066608, 'num_points': 228}, {'avg_silhouette': 0.2802126122381579, 'num_points': 52}, {'avg_silhouette': 0.03024413693316188, 'num_points': 43}, {'avg_silhouette': -0.14332916021936476, 'num_points': 122}, {'avg_silhouette': 0.05446321015107114, 'num_points': 108}, {'avg_silhouette': 0.3275040164203621, 'num_points': 65}, {'avg_silhouette': 0.3426154728680022, 'num_points': 41}, {'avg_silhouette': 0.4906767891538018, 'num_points': 291}, {'avg_silhouette': 0.3746093363014412, 'num_points': 74}, {'avg_silhouette': 0.3280686010146216, 'num_points': 228}, {'avg_silhouette': 0.26884065204047536, 'num_points': 125}, {'avg_silhouette': 0.023844566957489148, 'num_points': 55}, {'avg_silhouette': -0.08109896914210177, 'num_points': 51}, {'avg_silhouette': 0.2140303455723964, 'num_points': 142}, {'avg_silhouette': 0.11549086049332426, 'num_points': 67}, {'avg_silhouette': 0.2774149547419636, 'num_points': 83}, {'avg_silhouette': 0.585967355484267, 'num_points': 668}, {'avg_silhouette': -0.12049398659220159, 'num_points': 20}, {'avg_silhouette': 0.2884921409018423, 'num_points': 37}, {'avg_silhouette': 0.2729329224008313, 'num_points': 8}, {'avg_silhouette': 0.17969333367500462, 'num_points': 35}, {'avg_silhouette': -0.1202127550725761, 'num_points': 27}, {'avg_silhouette': -0.08567433699386495, 'num_points': 111}, {'avg_silhouette': 0.07266964301039065, 'num_points': 47}, {'avg_silhouette': 0.030284811069047637, 'num_points': 57}, {'avg_silhouette': -0.06481803342497669, 'num_points': 55}, {'avg_silhouette': 0.3074903859573692, 'num_points': 22}, {'avg_silhouette': -0.16068765875463895, 'num_points': 408}, {'avg_silhouette': 0.11854099687733075, 'num_points': 93}, {'avg_silhouette': 0.062135838696697865, 'num_points': 3}, {'avg_silhouette': 0.2264237361024941, 'num_points': 24}, {'avg_silhouette': 0.41446751635013807, 'num_points': 24}, {'avg_silhouette': 0.16227576403200647, 'num_points': 144}, {'avg_silhouette': 0.0886967303862459, 'num_points': 26}, {'avg_silhouette': 0.15846452078508758, 'num_points': 19}, {'avg_silhouette': 0.18068654079439708, 'num_points': 163}, {'avg_silhouette': 0.08800983131229129, 'num_points': 104}, {'avg_silhouette': 0.24002158412181862, 'num_points': 233}, {'avg_silhouette': 0.005348661624930106, 'num_points': 114}, {'avg_silhouette': 0.2706761259858374, 'num_points': 7}, {'avg_silhouette': 0.33592663294038655, 'num_points': 48}, {'avg_silhouette': 0.16107229988934088, 'num_points': 172}, {'avg_silhouette': 0.14644617992089007, 'num_points': 91}]",,50,0.30872559546776956,,5,0.34862915840128345
DBSCAN,,0.4199158227686097,"[{'avg_silhouette': 0.4521822155129301, 'num_points': 1421}, {'avg_silhouette': 0.4118841384956287, 'num_points': 3274}, {'avg_silhouette': 0.3186462836453632, 'num_points': 1018}, {'avg_silhouette': 0.4525667625849881, 'num_points': 100}, {'avg_silhouette': 0.38931982056374836, 'num_points': 46}, {'avg_silhouette': 0.7444491821630292, 'num_points': 31}, {'avg_silhouette': 0.36747174212496364, 'num_points': 96}, {'avg_silhouette': 0.7502706081295272, 'num_points': 25}, {'avg_silhouette': 0.3972618644032826, 'num_points': 30}, {'avg_silhouette': 0.3811817375594346, 'num_points': 156}, {'avg_silhouette': 0.38445599535832153, 'num_points': 49}, {'avg_silhouette': 0.444546800223684, 'num_points': 93}, {'avg_silhouette': 0.5794664409483599, 'num_points': 10}, {'avg_silhouette': 0.4044599434358446, 'num_points': 59}, {'avg_silhouette': 0.34782397577210816, 'num_points': 80}, {'avg_silhouette': 0.5080396279505389, 'num_points': 56}, {'avg_silhouette': 0.7360159595837505, 'num_points': 11}, {'avg_silhouette': 0.3938705888573273, 'num_points': 27}, {'avg_silhouette': 0.6433650465064712, 'num_points': 14}, {'avg_silhouette': 0.5089849534767423, 'num_points': 22}, {'avg_silhouette': 0.4727353952895543, 'num_points': 13}, {'avg_silhouette': 0.5082372369700309, 'num_points': 19}, {'avg_silhouette': 0.4384329082424489, 'num_points': 13}, {'avg_silhouette': 0.9256450902149685, 'num_points': 10}]",10.0,24,0.308532821643839,,3,0.3942375458846407
K-means,,,"[{'avg_silhouette': -0.10847525299434536, 'num_points': 157}, {'avg_silhouette': 0.27927689704581343, 'num_points': 963}, {'avg_silhouette': -0.1310702594261043, 'num_points': 60}, {'avg_silhouette': 0.16879649799264876, 'num_points': 250}, {'avg_silhouette': 0.03138855299961035, 'num_points': 196}, {'avg_silhouette': 0.18827234328507347, 'num_points': 258}, {'avg_silhouette': 0.17698650226954157, 'num_points': 363}, {'avg_silhouette': -0.1853017050436968, 'num_points': 182}, {'avg_silhouette': 0.28635567466966844, 'num_points': 818}, {'avg_silhouette': 0.36014639487341, 'num_points': 76}, {'avg_silhouette': -0.10185688220659221, 'num_points': 110}, {'avg_silhouette': 0.3261036046950601, 'num_points': 327}, {'avg_silhouette': 0.18805829566053894, 'num_points': 153}, {'avg_silhouette': 0.18902122845094996, 'num_points': 695}, {'avg_silhouette': -0.0007766962892125036, 'num_points': 57}, {'avg_silhouette': 0.22397264180911436, 'num_points': 75}, {'avg_silhouette': 0.15051596674289522, 'num_points': 38}, {'avg_silhouette': 0.6651581034687284, 'num_points': 1960}, {'avg_silhouette': 0.20106677405099863, 'num_points': 272}, {'avg_silhouette': 0.14155315234533644, 'num_points': 237}, {'avg_silhouette': 0.22007771750720806, 'num_points': 25}, {'avg_silhouette': 0.20162397816913954, 'num_points': 149}, {'avg_silhouette': 0.09328558116081141, 'num_points': 211}, {'avg_silhouette': 0.16620106668807375, 'num_points': 51}]",,24,0.30805736990263216,,4,0.35495297590879005
AGGLC,ward,,"[{'avg_silhouette': 0.14260625831508664, 'num_points': 235}, {'avg_silhouette': 0.3802702864196519, 'num_points': 1310}, {'avg_silhouette': 0.09939697786980112, 'num_points': 187}, {'avg_silhouette': -0.06068132408640198, 'num_points': 47}, {'avg_silhouette': -0.08552394841809889, 'num_points': 42}, {'avg_silhouette': 0.18016013974083522, 'num_points': 658}, {'avg_silhouette': 0.39637287586940606, 'num_points': 73}, {'avg_silhouette': -0.05989876381953554, 'num_points': 577}, {'avg_silhouette': 0.06208215500340268, 'num_points': 86}, {'avg_silhouette': 0.31325359725788415, 'num_points': 976}, {'avg_silhouette': 0.11576568752401639, 'num_points': 258}, {'avg_silhouette': 0.42294512151288505, 'num_points': 43}, {'avg_silhouette': 0.3721666271799715, 'num_points': 40}, {'avg_silhouette': 0.30810438195201456, 'num_points': 188}, {'avg_silhouette': 0.16958366734660096, 'num_points': 35}, {'avg_silhouette': 0.37828363807805443, 'num_points': 115}, {'avg_silhouette': -0.1340093099088425, 'num_points': 235}, {'avg_silhouette': 0.6166112629881829, 'num_points': 1980}, {'avg_silhouette': 0.406265084333474, 'num_points': 211}, {'avg_silhouette': 0.1349934102030975, 'num_points': 35}, {'avg_silhouette': -0.15901039669371925, 'num_points': 231}, {'avg_silhouette': -0.13532074837280128, 'num_points': 121}]",,22,0.3078023506722043,,5,0.2860793045174037
DBSCAN,,0.4799158227686098,"[{'avg_silhouette': 0.4296543128584485, 'num_points': 1429}, {'avg_silhouette': 0.373963424823085, 'num_points': 3312}, {'avg_silhouette': 0.2799670001245104, 'num_points': 1037}, {'avg_silhouette': 0.4688373229063752, 'num_points': 13}, {'avg_silhouette': 0.41960234135035485, 'num_points': 105}, {'avg_silhouette': 0.3642603495344048, 'num_points': 47}, {'avg_silhouette': 0.5260673748847182, 'num_points': 31}, {'avg_silhouette': 0.33028542494475355, 'num_points': 102}, {'avg_silhouette': 0.7504481440527964, 'num_points': 25}, {'avg_silhouette': 0.20363499630050194, 'num_points': 9}, {'avg_silhouette': 0.37921755982927186, 'num_points': 28}, {'avg_silhouette': 0.35768157369083314, 'num_points': 33}, {'avg_silhouette': 0.29192677361556557, 'num_points': 13}, {'avg_silhouette': 0.6763935253777471, 'num_points': 5}, {'avg_silhouette': 0.34875449271715536, 'num_points': 161}, {'avg_silhouette': 0.3088555223140987, 'num_points': 57}, {'avg_silhouette': 0.45042195579397304, 'num_points': 93}, {'avg_silhouette': 0.6330755062931652, 'num_points': 5}, {'avg_silhouette': 0.33883339678950636, 'num_points': 63}, {'avg_silhouette': 0.5661847076761921, 'num_points': 23}, {'avg_silhouette': 0.3158950144575443, 'num_points': 83}, {'avg_silhouette': 0.3504218286126999, 'num_points': 6}, {'avg_silhouette': 0.598889378935965, 'num_points': 8}, {'avg_silhouette': 0.49243086062277397, 'num_points': 57}, {'avg_silhouette': 0.28488044960679443, 'num_points': 5}, {'avg_silhouette': 0.43590910218031753, 'num_points': 5}, {'avg_silhouette': 0.299876755445146, 'num_points': 12}, {'avg_silhouette': 0.4229972227708941, 'num_points': 6}, {'avg_silhouette': 0.7531195891344001, 'num_points': 7}, {'avg_silhouette': 0.8193069494186348, 'num_points': 6}, {'avg_silhouette': 0.7131256935618637, 'num_points': 5}, {'avg_silhouette': 0.8524169408053955, 'num_points': 5}, {'avg_silhouette': 0.38973076010029434, 'num_points': 11}, {'avg_silhouette': 0.5484224852686441, 'num_points': 8}, {'avg_silhouette': 0.578158805173788, 'num_points': 15}, {'avg_silhouette': 0.36984419124530854, 'num_points': 25}, {'avg_silhouette': 0.4673226737559301, 'num_points': 9}, {'avg_silhouette': 0.278742459981627, 'num_points': 11}, {'avg_silhouette': 0.5196253538133473, 'num_points': 8}, {'avg_silhouette': 0.4794375310650816, 'num_points': 13}, {'avg_silhouette': 0.4381585702441007, 'num_points': 19}, {'avg_silhouette': 0.33641523468884943, 'num_points': 9}, {'avg_silhouette': 0.4763613598575514, 'num_points': 5}, {'avg_silhouette': 0.40506467964848364, 'num_points': 14}, {'avg_silhouette': 0.6580239202484554, 'num_points': 5}, {'avg_silhouette': 0.39956718556897125, 'num_points': 7}, {'avg_silhouette': 0.30497920062930195, 'num_points': 7}, {'avg_silhouette': 0.5859120870102653, 'num_points': 7}, {'avg_silhouette': 0.5954639588652132, 'num_points': 5}, {'avg_silhouette': 0.73340394631667, 'num_points': 5}, {'avg_silhouette': 0.8614389016348231, 'num_points': 11}]",5.0,51,0.3073780465207691,,3,0.36119491260201464
DBSCAN,,0.4099158227686097,"[{'avg_silhouette': 0.45299880976582774, 'num_points': 1419}, {'avg_silhouette': 0.4127874453682577, 'num_points': 3270}, {'avg_silhouette': 0.3157753312948098, 'num_points': 1012}, {'avg_silhouette': 0.4525575175863985, 'num_points': 100}, {'avg_silhouette': 0.3969046107888634, 'num_points': 45}, {'avg_silhouette': 0.7443666900332276, 'num_points': 31}, {'avg_silhouette': 0.3720916434047984, 'num_points': 95}, {'avg_silhouette': 0.7501905630814036, 'num_points': 25}, {'avg_silhouette': 0.42734330306195406, 'num_points': 28}, {'avg_silhouette': 0.39195077223655533, 'num_points': 153}, {'avg_silhouette': 0.3834481621419387, 'num_points': 49}, {'avg_silhouette': 0.4616245584179579, 'num_points': 91}, {'avg_silhouette': 0.5790165183672304, 'num_points': 10}, {'avg_silhouette': 0.4091958270999791, 'num_points': 58}, {'avg_silhouette': 0.3477725590129591, 'num_points': 80}, {'avg_silhouette': 0.5076292135952319, 'num_points': 56}, {'avg_silhouette': 0.7359596716567007, 'num_points': 11}, {'avg_silhouette': 0.416977787130471, 'num_points': 25}, {'avg_silhouette': 0.640756851587361, 'num_points': 14}, {'avg_silhouette': 0.5089849534767423, 'num_points': 22}, {'avg_silhouette': 0.4727353952895543, 'num_points': 13}, {'avg_silhouette': 0.5056544732905683, 'num_points': 19}, {'avg_silhouette': 0.4377885211679573, 'num_points': 13}, {'avg_silhouette': 0.9256187624346943, 'num_points': 10}]",10.0,24,0.3069909261900353,,3,0.393853862142965
K-means,,,"[{'avg_silhouette': 0.05584685484802055, 'num_points': 304}, {'avg_silhouette': 0.29648254442470956, 'num_points': 1924}, {'avg_silhouette': -0.031006813822125594, 'num_points': 468}, {'avg_silhouette': 0.6315028963570454, 'num_points': 2335}, {'avg_silhouette': -0.03870981576864103, 'num_points': 822}, {'avg_silhouette': 0.0908748079760731, 'num_points': 534}, {'avg_silhouette': 0.22592412438617418, 'num_points': 1296}]",,7,0.3067764255595168,,6,0.19584462392553925
DBSCAN,,0.46991582276860977,"[{'avg_silhouette': 0.4303192308233039, 'num_points': 1428}, {'avg_silhouette': 0.37478671833279603, 'num_points': 3308}, {'avg_silhouette': 0.2799363622895869, 'num_points': 1037}, {'avg_silhouette': 0.4746668592197643, 'num_points': 13}, {'avg_silhouette': 0.4195991220999256, 'num_points': 105}, {'avg_silhouette': 0.3641458394115045, 'num_points': 47}, {'avg_silhouette': 0.5260673748847182, 'num_points': 31}, {'avg_silhouette': 0.33026969343357526, 'num_points': 102}, {'avg_silhouette': 0.7504225077790333, 'num_points': 25}, {'avg_silhouette': 0.20363499630050194, 'num_points': 9}, {'avg_silhouette': 0.37921755982927186, 'num_points': 28}, {'avg_silhouette': 0.35768157369083314, 'num_points': 33}, {'avg_silhouette': 0.35589663180189546, 'num_points': 11}, {'avg_silhouette': 0.6762826462659246, 'num_points': 5}, {'avg_silhouette': 0.34875449271715536, 'num_points': 161}, {'avg_silhouette': 0.3088554565840025, 'num_points': 57}, {'avg_silhouette': 0.45042195579397304, 'num_points': 93}, {'avg_silhouette': 0.632982501863631, 'num_points': 5}, {'avg_silhouette': 0.3387982309752472, 'num_points': 63}, {'avg_silhouette': 0.33514060205992907, 'num_points': 12}, {'avg_silhouette': 0.3158950144575443, 'num_points': 83}, {'avg_silhouette': 0.3504218286126999, 'num_points': 6}, {'avg_silhouette': 0.5988209341374686, 'num_points': 8}, {'avg_silhouette': 0.49232232700994194, 'num_points': 57}, {'avg_silhouette': 0.28488044960679443, 'num_points': 5}, {'avg_silhouette': 0.43590910218031753, 'num_points': 5}, {'avg_silhouette': 0.3235606320177719, 'num_points': 11}, {'avg_silhouette': 0.4229972227708941, 'num_points': 6}, {'avg_silhouette': 0.5043980960724673, 'num_points': 11}, {'avg_silhouette': 0.7551434861918006, 'num_points': 7}, {'avg_silhouette': 0.8193069494186348, 'num_points': 6}, {'avg_silhouette': 0.7130250916765839, 'num_points': 5}, {'avg_silhouette': 0.8523570074768829, 'num_points': 5}, {'avg_silhouette': 0.38973076010029434, 'num_points': 11}, {'avg_silhouette': 0.5484224852686441, 'num_points': 8}, {'avg_silhouette': 0.578158805173788, 'num_points': 15}, {'avg_silhouette': 0.36984419124530854, 'num_points': 25}, {'avg_silhouette': 0.4673226737559301, 'num_points': 9}, {'avg_silhouette': 0.3072827709461289, 'num_points': 10}, {'avg_silhouette': 0.5196253538133473, 'num_points': 8}, {'avg_silhouette': 0.4794375310650816, 'num_points': 13}, {'avg_silhouette': 0.4381585702441007, 'num_points': 19}, {'avg_silhouette': 0.322413071442617, 'num_points': 9}, {'avg_silhouette': 0.4762283437467495, 'num_points': 5}, {'avg_silhouette': 0.40506467964848364, 'num_points': 14}, {'avg_silhouette': 0.6580239202484554, 'num_points': 5}, {'avg_silhouette': 0.39956718556897125, 'num_points': 7}, {'avg_silhouette': 0.30497920062930195, 'num_points': 7}, {'avg_silhouette': 0.5859120870102653, 'num_points': 7}, {'avg_silhouette': 0.5954639588652132, 'num_points': 5}, {'avg_silhouette': 0.7333740287813082, 'num_points': 5}, {'avg_silhouette': 0.8613937182602327, 'num_points': 11}]",5.0,52,0.30672826908305695,,3,0.3616807704818956
DBSCAN,,0.45991582276860976,"[{'avg_silhouette': 0.43027566982242943, 'num_points': 1428}, {'avg_silhouette': 0.37546046184341325, 'num_points': 3306}, {'avg_silhouette': 0.28290482706507153, 'num_points': 1033}, {'avg_silhouette': 0.4746668592197643, 'num_points': 13}, {'avg_silhouette': 0.42570620151806055, 'num_points': 104}, {'avg_silhouette': 0.3641458394115045, 'num_points': 47}, {'avg_silhouette': 0.5260673748847182, 'num_points': 31}, {'avg_silhouette': 0.33026287026658385, 'num_points': 102}, {'avg_silhouette': 0.7504225077790333, 'num_points': 25}, {'avg_silhouette': 0.20206546421447466, 'num_points': 9}, {'avg_silhouette': 0.3782305362427212, 'num_points': 28}, {'avg_silhouette': 0.37459793479024384, 'num_points': 32}, {'avg_silhouette': 0.35548581277942126, 'num_points': 11}, {'avg_silhouette': 0.676237007924044, 'num_points': 5}, {'avg_silhouette': 0.34767840591849564, 'num_points': 161}, {'avg_silhouette': 0.32047523658714017, 'num_points': 55}, {'avg_silhouette': 0.45042195579397304, 'num_points': 93}, {'avg_silhouette': 0.6329442849016689, 'num_points': 5}, {'avg_silhouette': 0.33879967588921633, 'num_points': 63}, {'avg_silhouette': 0.33514060205992907, 'num_points': 12}, {'avg_silhouette': 0.324025844356145, 'num_points': 82}, {'avg_silhouette': 0.3504218286126999, 'num_points': 6}, {'avg_silhouette': 0.49232232700994194, 'num_points': 57}, {'avg_silhouette': 0.28488044960679443, 'num_points': 5}, {'avg_silhouette': 0.43479104203931146, 'num_points': 5}, {'avg_silhouette': 0.31971830880133884, 'num_points': 11}, {'avg_silhouette': 0.4219450976300154, 'num_points': 6}, {'avg_silhouette': 0.5043980960724673, 'num_points': 11}, {'avg_silhouette': 0.7551434861918006, 'num_points': 7}, {'avg_silhouette': 0.8193069494186348, 'num_points': 6}, {'avg_silhouette': 0.7129848296096722, 'num_points': 5}, {'avg_silhouette': 0.852333168880914, 'num_points': 5}, {'avg_silhouette': 0.4294169953611841, 'num_points': 10}, {'avg_silhouette': 0.5484224852686441, 'num_points': 8}, {'avg_silhouette': 0.578158805173788, 'num_points': 15}, {'avg_silhouette': 0.3697561293203437, 'num_points': 25}, {'avg_silhouette': 0.4673226737559301, 'num_points': 9}, {'avg_silhouette': 0.3072827709461289, 'num_points': 10}, {'avg_silhouette': 0.5188280623938007, 'num_points': 8}, {'avg_silhouette': 0.4776692345227799, 'num_points': 13}, {'avg_silhouette': 0.4381585702441007, 'num_points': 19}, {'avg_silhouette': 0.322413071442617, 'num_points': 9}, {'avg_silhouette': 0.4762283437467495, 'num_points': 5}, {'avg_silhouette': 0.40506467964848364, 'num_points': 14}, {'avg_silhouette': 0.6580239202484554, 'num_points': 5}, {'avg_silhouette': 0.39956718556897125, 'num_points': 7}, {'avg_silhouette': 0.30497920062930195, 'num_points': 7}, {'avg_silhouette': 0.5859120870102653, 'num_points': 7}, {'avg_silhouette': 0.5954639588652132, 'num_points': 5}, {'avg_silhouette': 0.6284410414530931, 'num_points': 7}, {'avg_silhouette': 0.7333740287813082, 'num_points': 5}, {'avg_silhouette': 0.8613746333947921, 'num_points': 11}]",5.0,52,0.3064966156829985,,3,0.3628803195769714
DBSCAN,,0.44991582276860975,"[{'avg_silhouette': 0.4310154039899997, 'num_points': 1427}, {'avg_silhouette': 0.37636542233114895, 'num_points': 3303}, {'avg_silhouette': 0.29139663510210034, 'num_points': 1031}, {'avg_silhouette': 0.5014463203086595, 'num_points': 12}, {'avg_silhouette': 0.4257014142595832, 'num_points': 104}, {'avg_silhouette': 0.36398681790260806, 'num_points': 47}, {'avg_silhouette': 0.5257268948605409, 'num_points': 31}, {'avg_silhouette': 0.3451617659069731, 'num_points': 102}, {'avg_silhouette': 0.7503902328356363, 'num_points': 25}, {'avg_silhouette': 0.20206546421447466, 'num_points': 9}, {'avg_silhouette': 0.3778147027753805, 'num_points': 28}, {'avg_silhouette': 0.3741679565172378, 'num_points': 32}, {'avg_silhouette': 0.3507393111298759, 'num_points': 160}, {'avg_silhouette': 0.39346231044891977, 'num_points': 11}, {'avg_silhouette': 0.33269669900082594, 'num_points': 53}, {'avg_silhouette': 0.45042195579397304, 'num_points': 93}, {'avg_silhouette': 0.6328950143423213, 'num_points': 5}, {'avg_silhouette': 0.3387820876315473, 'num_points': 63}, {'avg_silhouette': 0.3609825905380132, 'num_points': 11}, {'avg_silhouette': 0.324025844356145, 'num_points': 82}, {'avg_silhouette': 0.49214510938880895, 'num_points': 57}, {'avg_silhouette': 0.3196880672775389, 'num_points': 11}, {'avg_silhouette': 0.4219450976300154, 'num_points': 6}, {'avg_silhouette': 0.4977545901149313, 'num_points': 11}, {'avg_silhouette': 0.3504218286126999, 'num_points': 6}, {'avg_silhouette': 0.7551029142493555, 'num_points': 7}, {'avg_silhouette': 0.8193069494186348, 'num_points': 6}, {'avg_silhouette': 0.7129367325411083, 'num_points': 5}, {'avg_silhouette': 0.8523041564808743, 'num_points': 5}, {'avg_silhouette': 0.42885335043415357, 'num_points': 10}, {'avg_silhouette': 0.5484224852686441, 'num_points': 8}, {'avg_silhouette': 0.578158805173788, 'num_points': 15}, {'avg_silhouette': 0.3697561293203437, 'num_points': 25}, {'avg_silhouette': 0.4673226737559301, 'num_points': 9}, {'avg_silhouette': 0.3072827709461289, 'num_points': 10}, {'avg_silhouette': 0.5184876394774711, 'num_points': 8}, {'avg_silhouette': 0.4776692345227799, 'num_points': 13}, {'avg_silhouette': 0.43810775706328203, 'num_points': 19}, {'avg_silhouette': 0.322413071442617, 'num_points': 9}, {'avg_silhouette': 0.40506467964848364, 'num_points': 14}, {'avg_silhouette': 0.6580239202484554, 'num_points': 5}, {'avg_silhouette': 0.39956718556897125, 'num_points': 7}, {'avg_silhouette': 0.36055066148088605, 'num_points': 6}, {'avg_silhouette': 0.5859120870102653, 'num_points': 7}, {'avg_silhouette': 0.5954639588652132, 'num_points': 5}, {'avg_silhouette': 0.6284114927259862, 'num_points': 7}, {'avg_silhouette': 0.47602090402959546, 'num_points': 5}, {'avg_silhouette': 0.7333494261369886, 'num_points': 5}, {'avg_silhouette': 0.8613525896385924, 'num_points': 11}, {'avg_silhouette': 0.6761800296713529, 'num_points': 5}]",5.0,50,0.3064906419881866,,3,0.3662591538077497
K-means,,,"[{'avg_silhouette': -0.10063478088289649, 'num_points': 87}, {'avg_silhouette': 0.589785585229108, 'num_points': 2102}, {'avg_silhouette': 0.10104891630925224, 'num_points': 350}, {'avg_silhouette': 0.44535823314577777, 'num_points': 1454}, {'avg_silhouette': 0.15731592735186728, 'num_points': 267}, {'avg_silhouette': 0.14461521889657633, 'num_points': 748}, {'avg_silhouette': 0.11510761652656676, 'num_points': 984}, {'avg_silhouette': 0.16824415985525532, 'num_points': 38}, {'avg_silhouette': 0.10147080566913098, 'num_points': 208}, {'avg_silhouette': 0.26519128028861183, 'num_points': 377}, {'avg_silhouette': 0.37050484575048626, 'num_points': 76}, {'avg_silhouette': 0.19261784404609306, 'num_points': 264}, {'avg_silhouette': -0.13062487999222064, 'num_points': 185}, {'avg_silhouette': -0.03856424520361806, 'num_points': 459}, {'avg_silhouette': 0.11120271372188453, 'num_points': 84}]",,15,0.3060384915983352,,5,0.25126048171888216
K-means,,,"[{'avg_silhouette': 0.18072114421738217, 'num_points': 82}, {'avg_silhouette': -0.11596338763494114, 'num_points': 71}, {'avg_silhouette': 0.31450614999164944, 'num_points': 547}, {'avg_silhouette': -0.21014977136322988, 'num_points': 147}, {'avg_silhouette': -0.10530679794064632, 'num_points': 81}, {'avg_silhouette': 0.6156082966497637, 'num_points': 1666}, {'avg_silhouette': 0.2194063464841021, 'num_points': 143}, {'avg_silhouette': 0.4581326687952842, 'num_points': 297}, {'avg_silhouette': 0.07641194189742494, 'num_points': 61}, {'avg_silhouette': 0.1706191978547079, 'num_points': 152}, {'avg_silhouette': 0.09083903419092235, 'num_points': 26}, {'avg_silhouette': 0.3391818520090248, 'num_points': 48}, {'avg_silhouette': -0.023958782728881203, 'num_points': 125}, {'avg_silhouette': -0.13061288772585575, 'num_points': 29}, {'avg_silhouette': 0.046612362855956636, 'num_points': 118}, {'avg_silhouette': 0.27676534781667406, 'num_points': 483}, {'avg_silhouette': -0.1901482413173959, 'num_points': 409}, {'avg_silhouette': 0.37243578063940336, 'num_points': 105}, {'avg_silhouette': 0.37482171097239386, 'num_points': 74}, {'avg_silhouette': 0.15924912907215627, 'num_points': 36}, {'avg_silhouette': 0.2454986891280879, 'num_points': 204}, {'avg_silhouette': 0.21944765196689053, 'num_points': 239}, {'avg_silhouette': 0.349515970743317, 'num_points': 41}, {'avg_silhouette': 0.14464454735681903, 'num_points': 175}, {'avg_silhouette': 0.25102438224993634, 'num_points': 317}, {'avg_silhouette': 0.4144779922058566, 'num_points': 24}, {'avg_silhouette': 0.294356214744374, 'num_points': 232}, {'avg_silhouette': 0.12913264915647754, 'num_points': 152}, {'avg_silhouette': 0.10048446998044747, 'num_points': 48}, {'avg_silhouette': 0.3070418328359224, 'num_points': 68}, {'avg_silhouette': 0.10645120558146506, 'num_points': 98}, {'avg_silhouette': 0.19254748145715814, 'num_points': 167}, {'avg_silhouette': 0.24180917574558156, 'num_points': 92}, {'avg_silhouette': -0.10563144921799399, 'num_points': 103}, {'avg_silhouette': 0.04038921450568394, 'num_points': 47}, {'avg_silhouette': 0.3091360311953723, 'num_points': 22}, {'avg_silhouette': 0.19863072382723707, 'num_points': 37}, {'avg_silhouette': 0.5843264452887804, 'num_points': 679}, {'avg_silhouette': 0.08656049953753993, 'num_points': 48}, {'avg_silhouette': 0.21794164265839408, 'num_points': 113}, {'avg_silhouette': 0.008635933331622415, 'num_points': 77}]",,41,0.3058966600635691,,5,0.32021159968589435
K-means,,,"[{'avg_silhouette': 0.22631451839989047, 'num_points': 258}, {'avg_silhouette': 0.08533635912134535, 'num_points': 321}, {'avg_silhouette': 0.23744819450796142, 'num_points': 429}, {'avg_silhouette': 0.18042138764581353, 'num_points': 252}, {'avg_silhouette': 0.43969823180815953, 'num_points': 1144}, {'avg_silhouette': 0.34208169243762937, 'num_points': 49}, {'avg_silhouette': 0.5770380823751157, 'num_points': 2107}, {'avg_silhouette': 0.11209207923520002, 'num_points': 780}, {'avg_silhouette': 0.04091271217939128, 'num_points': 283}, {'avg_silhouette': -0.12577285805373734, 'num_points': 168}, {'avg_silhouette': 0.008894210251043312, 'num_points': 344}, {'avg_silhouette': -0.11936265248994617, 'num_points': 216}, {'avg_silhouette': 0.4272553368843614, 'num_points': 24}, {'avg_silhouette': 0.30235469974803664, 'num_points': 855}, {'avg_silhouette': 0.3953196164512809, 'num_points': 74}, {'avg_silhouette': 0.08710977658281842, 'num_points': 30}, {'avg_silhouette': 0.11105603673284395, 'num_points': 241}, {'avg_silhouette': 0.24037567298654652, 'num_points': 16}, {'avg_silhouette': -0.09315786389013034, 'num_points': 92}]",,19,0.30541995182234033,,5,0.33372625753489465
DBSCAN,,0.3999158227686097,"[{'avg_silhouette': 0.45351186201102384, 'num_points': 1418}, {'avg_silhouette': 0.4139151306206507, 'num_points': 3264}, {'avg_silhouette': 0.31287250544417716, 'num_points': 1011}, {'avg_silhouette': 0.46654836172664627, 'num_points': 98}, {'avg_silhouette': 0.3967842787202166, 'num_points': 45}, {'avg_silhouette': 0.7582673329567106, 'num_points': 30}, {'avg_silhouette': 0.3757383817847934, 'num_points': 94}, {'avg_silhouette': 0.7501748246123288, 'num_points': 25}, {'avg_silhouette': 0.43824948393914553, 'num_points': 27}, {'avg_silhouette': 0.3778232270185619, 'num_points': 152}, {'avg_silhouette': 0.4616245584179579, 'num_points': 91}, {'avg_silhouette': 0.43307644017793306, 'num_points': 54}, {'avg_silhouette': 0.5783508836930431, 'num_points': 10}, {'avg_silhouette': 0.4038021338611702, 'num_points': 47}, {'avg_silhouette': 0.34759768751279496, 'num_points': 80}, {'avg_silhouette': 0.5075113473194397, 'num_points': 56}, {'avg_silhouette': 0.7359139265791451, 'num_points': 11}, {'avg_silhouette': 0.640756851587361, 'num_points': 14}, {'avg_silhouette': 0.5089849534767423, 'num_points': 22}, {'avg_silhouette': 0.43125820741183113, 'num_points': 24}, {'avg_silhouette': 0.4697779117891357, 'num_points': 13}, {'avg_silhouette': 0.5688869308293187, 'num_points': 17}, {'avg_silhouette': 0.43663958996040086, 'num_points': 13}, {'avg_silhouette': 0.9255931389589716, 'num_points': 10}]",10.0,24,0.30511352404698133,,3,0.3934331660252839
K-means,,,"[{'avg_silhouette': -0.17261926276706174, 'num_points': 438}, {'avg_silhouette': -0.00782998417009597, 'num_points': 126}, {'avg_silhouette': 0.21114373757712585, 'num_points': 347}, {'avg_silhouette': 0.2624670626502076, 'num_points': 238}, {'avg_silhouette': -0.09796874159794601, 'num_points': 29}, {'avg_silhouette': 0.18906077122406462, 'num_points': 150}, {'avg_silhouette': 0.24708163658535437, 'num_points': 54}, {'avg_silhouette': 0.4935481724024134, 'num_points': 292}, {'avg_silhouette': 0.28671033048345806, 'num_points': 119}, {'avg_silhouette': 0.37759311070571444, 'num_points': 74}, {'avg_silhouette': 0.4160744504634848, 'num_points': 24}, {'avg_silhouette': -0.040384728628048504, 'num_points': 85}, {'avg_silhouette': 0.0653225857283208, 'num_points': 14}, {'avg_silhouette': 0.2781923508029221, 'num_points': 126}, {'avg_silhouette': 0.3390823612780292, 'num_points': 48}, {'avg_silhouette': 0.1355445397763736, 'num_points': 155}, {'avg_silhouette': 0.2319416808750387, 'num_points': 117}, {'avg_silhouette': -0.10321735447286669, 'num_points': 140}, {'avg_silhouette': 0.24615427516003283, 'num_points': 498}, {'avg_silhouette': 0.3503630452345493, 'num_points': 41}, {'avg_silhouette': 0.4589096388977963, 'num_points': 808}, {'avg_silhouette': 0.1712793685438001, 'num_points': 189}, {'avg_silhouette': 0.39555245794782123, 'num_points': 652}, {'avg_silhouette': -0.09780708359890258, 'num_points': 100}, {'avg_silhouette': 0.17333840967094036, 'num_points': 91}, {'avg_silhouette': 0.1812524035088893, 'num_points': 35}, {'avg_silhouette': 0.06619209812058534, 'num_points': 30}, {'avg_silhouette': 0.08361615075534161, 'num_points': 102}, {'avg_silhouette': -0.12336327517927721, 'num_points': 80}, {'avg_silhouette': 0.3130229271492546, 'num_points': 118}, {'avg_silhouette': 0.20879888659323562, 'num_points': 16}, {'avg_silhouette': 0.04563056547666473, 'num_points': 45}, {'avg_silhouette': -0.09998906247385768, 'num_points': 15}, {'avg_silhouette': 0.20860536683729225, 'num_points': 25}, {'avg_silhouette': 0.3155967440938544, 'num_points': 228}, {'avg_silhouette': 0.13424277889045244, 'num_points': 171}, {'avg_silhouette': -0.04380417693072935, 'num_points': 25}, {'avg_silhouette': -0.0939167412902779, 'num_points': 55}, {'avg_silhouette': 0.5918665134068863, 'num_points': 1625}, {'avg_silhouette': 0.10073881842386881, 'num_points': 33}, {'avg_silhouette': 0.2943187413909788, 'num_points': 53}, {'avg_silhouette': 0.13940978809494628, 'num_points': 72}]",,42,0.3036721758997844,,5,0.30397272452909496
DBSCAN,,0.3899158227686097,"[{'avg_silhouette': 0.4544208693571737, 'num_points': 1416}, {'avg_silhouette': 0.4160348618420211, 'num_points': 3254}, {'avg_silhouette': 0.31403194681397245, 'num_points': 1006}, {'avg_silhouette': 0.4652090816381177, 'num_points': 98}, {'avg_silhouette': 0.39660828642122586, 'num_points': 45}, {'avg_silhouette': 0.7582067775793928, 'num_points': 30}, {'avg_silhouette': 0.3593618042569986, 'num_points': 92}, {'avg_silhouette': 0.750149973012728, 'num_points': 25}, {'avg_silhouette': 0.45051920359517855, 'num_points': 26}, {'avg_silhouette': 0.3813744415415007, 'num_points': 151}, {'avg_silhouette': 0.4616245584179579, 'num_points': 91}, {'avg_silhouette': 0.43301997705986456, 'num_points': 54}, {'avg_silhouette': 0.4087923535348801, 'num_points': 46}, {'avg_silhouette': 0.34759768751279496, 'num_points': 80}, {'avg_silhouette': 0.5073460104700694, 'num_points': 56}, {'avg_silhouette': 0.7358684945479468, 'num_points': 11}, {'avg_silhouette': 0.640756851587361, 'num_points': 14}, {'avg_silhouette': 0.5089849534767423, 'num_points': 22}, {'avg_silhouette': 0.4304413819995559, 'num_points': 24}, {'avg_silhouette': 0.48896327987054483, 'num_points': 12}, {'avg_silhouette': 0.5679169716896946, 'num_points': 17}, {'avg_silhouette': 0.5443096469231449, 'num_points': 10}, {'avg_silhouette': 0.9255735024982652, 'num_points': 10}]",10.0,23,0.3029902171548703,,3,0.3948292260043891
AGGLC,ward,,"[{'avg_silhouette': -0.18720769539381843, 'num_points': 745}, {'avg_silhouette': 0.36410813700760153, 'num_points': 1611}, {'avg_silhouette': 0.09439165054276273, 'num_points': 423}, {'avg_silhouette': 0.14043365403279764, 'num_points': 698}, {'avg_silhouette': -0.19757494315993782, 'num_points': 308}, {'avg_silhouette': 0.6792336243357501, 'num_points': 2191}, {'avg_silhouette': 0.40784523980634824, 'num_points': 73}, {'avg_silhouette': 0.2372602539189296, 'num_points': 1211}, {'avg_silhouette': -0.022660838667734825, 'num_points': 388}, {'avg_silhouette': 0.1496966219705824, 'num_points': 35}]",,10,0.3027396159233733,,7,0.18650839796804122
K-means,,,"[{'avg_silhouette': 0.12913410267906653, 'num_points': 161}, {'avg_silhouette': 0.5969203970002628, 'num_points': 1596}, {'avg_silhouette': 0.18419540779266905, 'num_points': 80}, {'avg_silhouette': 0.04760683443463457, 'num_points': 53}, {'avg_silhouette': 0.0533254764064455, 'num_points': 46}, {'avg_silhouette': 0.40738547956288185, 'num_points': 639}, {'avg_silhouette': 0.38094214141330285, 'num_points': 51}, {'avg_silhouette': 0.32521361675843213, 'num_points': 378}, {'avg_silhouette': 0.24779669178960234, 'num_points': 239}, {'avg_silhouette': 0.3619742304525473, 'num_points': 46}, {'avg_silhouette': 0.1608134804433154, 'num_points': 14}, {'avg_silhouette': -0.07975216516908164, 'num_points': 56}, {'avg_silhouette': 0.3458238005987665, 'num_points': 41}, {'avg_silhouette': 0.15584009447362676, 'num_points': 137}, {'avg_silhouette': 0.46990491158764397, 'num_points': 300}, {'avg_silhouette': 0.14980219875041886, 'num_points': 192}, {'avg_silhouette': 0.16658312012486182, 'num_points': 136}, {'avg_silhouette': 0.2181687976929432, 'num_points': 144}, {'avg_silhouette': 0.10276306315767841, 'num_points': 106}, {'avg_silhouette': 0.4142344793869805, 'num_points': 24}, {'avg_silhouette': 0.17514842199993993, 'num_points': 176}, {'avg_silhouette': 0.11077751210450691, 'num_points': 45}, {'avg_silhouette': -0.12719930213618716, 'num_points': 180}, {'avg_silhouette': 0.21108955682407715, 'num_points': 20}, {'avg_silhouette': -0.07061443902631269, 'num_points': 86}, {'avg_silhouette': -0.12172558616152167, 'num_points': 46}, {'avg_silhouette': 0.20842919615673158, 'num_points': 25}, {'avg_silhouette': 0.3121399352275122, 'num_points': 68}, {'avg_silhouette': 0.1076511922106942, 'num_points': 48}, {'avg_silhouette': 0.12893312902777407, 'num_points': 70}, {'avg_silhouette': 0.37655406132986907, 'num_points': 12}, {'avg_silhouette': 0.15655086800980744, 'num_points': 36}, {'avg_silhouette': 0.3199549313725228, 'num_points': 317}, {'avg_silhouette': -0.07687611671318088, 'num_points': 18}, {'avg_silhouette': 0.4260612482034727, 'num_points': 807}, {'avg_silhouette': 0.2735278555904713, 'num_points': 126}, {'avg_silhouette': 0.2275139558681141, 'num_points': 125}, {'avg_silhouette': -0.07639392223475079, 'num_points': 113}, {'avg_silhouette': -0.004902873863484337, 'num_points': 23}, {'avg_silhouette': 0.33732898015948004, 'num_points': 225}, {'avg_silhouette': 0.31822376477285214, 'num_points': 22}, {'avg_silhouette': -0.17525173042982872, 'num_points': 448}, {'avg_silhouette': 0.1932827447308937, 'num_points': 37}, {'avg_silhouette': 0.3392995176439218, 'num_points': 9}, {'avg_silhouette': 0.04830087718287294, 'num_points': 120}, {'avg_silhouette': 0.11219380774989758, 'num_points': 17}, {'avg_silhouette': -0.042028162950828986, 'num_points': 24}, {'avg_silhouette': 0.0, 'num_points': 1}]",,48,0.3026500602440361,,4,0.3137788485841972
K-means,,,"[{'avg_silhouette': 0.4095819199015317, 'num_points': 835}, {'avg_silhouette': 0.3364365846786848, 'num_points': 225}, {'avg_silhouette': -0.09822553968522547, 'num_points': 193}, {'avg_silhouette': 0.319026928087535, 'num_points': 455}, {'avg_silhouette': 0.35932016560491276, 'num_points': 725}, {'avg_silhouette': 0.5955189395444921, 'num_points': 1608}, {'avg_silhouette': 0.048068827034297615, 'num_points': 46}, {'avg_silhouette': 0.3034965032607491, 'num_points': 184}, {'avg_silhouette': 0.020489407101128353, 'num_points': 25}, {'avg_silhouette': 0.15456020803770104, 'num_points': 162}, {'avg_silhouette': -0.10703467754258655, 'num_points': 8}, {'avg_silhouette': 0.1814860847622394, 'num_points': 35}, {'avg_silhouette': 0.24281989422709788, 'num_points': 244}, {'avg_silhouette': 0.36226850181359677, 'num_points': 46}, {'avg_silhouette': 0.1529950193343825, 'num_points': 205}, {'avg_silhouette': 0.4148320855164492, 'num_points': 24}, {'avg_silhouette': 0.03275090699466262, 'num_points': 57}, {'avg_silhouette': -0.09049627748604418, 'num_points': 22}, {'avg_silhouette': 0.11583085735588179, 'num_points': 17}, {'avg_silhouette': 0.347615164996765, 'num_points': 41}, {'avg_silhouette': 0.21164730957284994, 'num_points': 25}, {'avg_silhouette': 0.22646001887976397, 'num_points': 142}, {'avg_silhouette': 0.02913108868842658, 'num_points': 71}, {'avg_silhouette': -0.0017699875281876874, 'num_points': 27}, {'avg_silhouette': 0.222046961331234, 'num_points': 76}, {'avg_silhouette': 0.07681392852505882, 'num_points': 50}, {'avg_silhouette': 0.2559842578462695, 'num_points': 121}, {'avg_silhouette': 0.020981999795852743, 'num_points': 16}, {'avg_silhouette': -0.054013484462525636, 'num_points': 17}, {'avg_silhouette': -0.17403928534498717, 'num_points': 441}, {'avg_silhouette': 0.22519267906360843, 'num_points': 26}, {'avg_silhouette': -0.08279791896302698, 'num_points': 136}, {'avg_silhouette': -0.020409614108671762, 'num_points': 84}, {'avg_silhouette': -0.07022559069526449, 'num_points': 22}, {'avg_silhouette': 0.3340246641424065, 'num_points': 9}, {'avg_silhouette': -0.11862450724961257, 'num_points': 41}, {'avg_silhouette': -0.1129493663042002, 'num_points': 12}, {'avg_silhouette': 0.1523175794463072, 'num_points': 140}, {'avg_silhouette': 0.2544349801758396, 'num_points': 345}, {'avg_silhouette': 0.3190535653844677, 'num_points': 22}, {'avg_silhouette': 0.2643845186512957, 'num_points': 113}, {'avg_silhouette': 0.46180039812878837, 'num_points': 298}, {'avg_silhouette': 0.10125134628319939, 'num_points': 49}, {'avg_silhouette': -0.08660860615463589, 'num_points': 52}, {'avg_silhouette': 0.4328106903593132, 'num_points': 49}, {'avg_silhouette': 0.2648485746722756, 'num_points': 16}, {'avg_silhouette': 0.20996255255807336, 'num_points': 126}]",,47,0.30227164916641563,,5,0.30188173355869685
DBSCAN,,0.43991582276860974,"[{'avg_silhouette': 0.43168614980239595, 'num_points': 1426}, {'avg_silhouette': 0.3651493063563283, 'num_points': 3298}, {'avg_silhouette': 0.2941775976470871, 'num_points': 1027}, {'avg_silhouette': 0.5014463203086595, 'num_points': 12}, {'avg_silhouette': 0.4325666475910601, 'num_points': 103}, {'avg_silhouette': 0.36385841832395566, 'num_points': 47}, {'avg_silhouette': 0.5257268948605409, 'num_points': 31}, {'avg_silhouette': 0.3555607857024171, 'num_points': 100}, {'avg_silhouette': 0.7503751641268832, 'num_points': 25}, {'avg_silhouette': 0.37704572713965573, 'num_points': 28}, {'avg_silhouette': 0.37336472968265744, 'num_points': 32}, {'avg_silhouette': 0.3507219437715581, 'num_points': 160}, {'avg_silhouette': 0.39346231044891977, 'num_points': 11}, {'avg_silhouette': 0.331933994691219, 'num_points': 53}, {'avg_silhouette': 0.43844910543622223, 'num_points': 93}, {'avg_silhouette': 0.6328011363536058, 'num_points': 5}, {'avg_silhouette': 0.34346739962945316, 'num_points': 62}, {'avg_silhouette': 0.3990188418862282, 'num_points': 10}, {'avg_silhouette': 0.3239659624176317, 'num_points': 82}, {'avg_silhouette': 0.4920048451747764, 'num_points': 57}, {'avg_silhouette': 0.31947238736173866, 'num_points': 11}, {'avg_silhouette': 0.4219450976300154, 'num_points': 6}, {'avg_silhouette': 0.4901872565945444, 'num_points': 11}, {'avg_silhouette': 0.3504218286126999, 'num_points': 6}, {'avg_silhouette': 0.7551029142493555, 'num_points': 7}, {'avg_silhouette': 0.8193069494186348, 'num_points': 6}, {'avg_silhouette': 0.21967416312419338, 'num_points': 8}, {'avg_silhouette': 0.7128501758254732, 'num_points': 5}, {'avg_silhouette': 0.8522512816677354, 'num_points': 5}, {'avg_silhouette': 0.42885335043415357, 'num_points': 10}, {'avg_silhouette': 0.5484224852686441, 'num_points': 8}, {'avg_silhouette': 0.6433650465064712, 'num_points': 14}, {'avg_silhouette': 0.3697561293203437, 'num_points': 25}, {'avg_silhouette': 0.4616203067345466, 'num_points': 9}, {'avg_silhouette': 0.29576904284247163, 'num_points': 10}, {'avg_silhouette': 0.517811848212234, 'num_points': 8}, {'avg_silhouette': 0.4757508871004064, 'num_points': 13}, {'avg_silhouette': 0.43810775706328203, 'num_points': 19}, {'avg_silhouette': 0.37060222485259164, 'num_points': 8}, {'avg_silhouette': 0.40223916527741216, 'num_points': 14}, {'avg_silhouette': 0.6580239202484554, 'num_points': 5}, {'avg_silhouette': 0.39956718556897125, 'num_points': 7}, {'avg_silhouette': 0.36055066148088605, 'num_points': 6}, {'avg_silhouette': 0.5859120870102653, 'num_points': 7}, {'avg_silhouette': 0.5954639588652132, 'num_points': 5}, {'avg_silhouette': 0.6282079436529224, 'num_points': 7}, {'avg_silhouette': 0.4758638618757172, 'num_points': 5}, {'avg_silhouette': 0.7333188309643601, 'num_points': 5}, {'avg_silhouette': 0.8613107512754453, 'num_points': 11}, {'avg_silhouette': 0.676079749260716, 'num_points': 5}]",5.0,50,0.3007433030743648,,3,0.36367101793527046
DBSCAN,,0.3799158227686097,"[{'avg_silhouette': 0.4546115909525158, 'num_points': 1412}, {'avg_silhouette': 0.4188184049766265, 'num_points': 3244}, {'avg_silhouette': 0.30871804055367874, 'num_points': 1002}, {'avg_silhouette': 0.4707003987902618, 'num_points': 97}, {'avg_silhouette': 0.3961653224754308, 'num_points': 45}, {'avg_silhouette': 0.7580640079835174, 'num_points': 30}, {'avg_silhouette': 0.35933242967902423, 'num_points': 92}, {'avg_silhouette': 0.7500975148199273, 'num_points': 25}, {'avg_silhouette': 0.49352659793641723, 'num_points': 23}, {'avg_silhouette': 0.3883900473616845, 'num_points': 149}, {'avg_silhouette': 0.4799623810518712, 'num_points': 88}, {'avg_silhouette': 0.43076014766887305, 'num_points': 54}, {'avg_silhouette': 0.416159729357184, 'num_points': 45}, {'avg_silhouette': 0.36083745127952316, 'num_points': 77}, {'avg_silhouette': 0.5189633779410816, 'num_points': 55}, {'avg_silhouette': 0.7357592186842168, 'num_points': 11}, {'avg_silhouette': 0.637900447909486, 'num_points': 14}, {'avg_silhouette': 0.5324695434438459, 'num_points': 21}, {'avg_silhouette': 0.4602302684990159, 'num_points': 22}, {'avg_silhouette': 0.5231212721117378, 'num_points': 11}, {'avg_silhouette': 0.6002298250088668, 'num_points': 16}, {'avg_silhouette': 0.5438687784930467, 'num_points': 10}, {'avg_silhouette': 0.9255250429065482, 'num_points': 10}]",10.0,23,0.30049527262831,,3,0.3940493454942737
DBSCAN,,0.42991582276860973,"[{'avg_silhouette': 0.4328300405619928, 'num_points': 1424}, {'avg_silhouette': 0.3671261959806798, 'num_points': 3289}, {'avg_silhouette': 0.29604397367255525, 'num_points': 1025}, {'avg_silhouette': 0.5014463203086595, 'num_points': 12}, {'avg_silhouette': 0.4273471316462298, 'num_points': 103}, {'avg_silhouette': 0.35858685280547103, 'num_points': 47}, {'avg_silhouette': 0.5257268948605409, 'num_points': 31}, {'avg_silhouette': 0.3659519054965868, 'num_points': 98}, {'avg_silhouette': 0.7503308231925196, 'num_points': 25}, {'avg_silhouette': 0.3763404733725066, 'num_points': 28}, {'avg_silhouette': 0.3859950256180651, 'num_points': 31}, {'avg_silhouette': 0.35070353966692763, 'num_points': 160}, {'avg_silhouette': 0.39346231044891977, 'num_points': 11}, {'avg_silhouette': 0.3313141070852597, 'num_points': 53}, {'avg_silhouette': 0.43844910543622223, 'num_points': 93}, {'avg_silhouette': 0.632638255986396, 'num_points': 5}, {'avg_silhouette': 0.34765134797231245, 'num_points': 61}, {'avg_silhouette': 0.3990188418862282, 'num_points': 10}, {'avg_silhouette': 0.3278683599580196, 'num_points': 81}, {'avg_silhouette': 0.4917854368802322, 'num_points': 57}, {'avg_silhouette': 0.3647445099106995, 'num_points': 10}, {'avg_silhouette': 0.42047103778670986, 'num_points': 6}, {'avg_silhouette': 0.4901872565945444, 'num_points': 11}, {'avg_silhouette': 0.3504218286126999, 'num_points': 6}, {'avg_silhouette': 0.7551029142493555, 'num_points': 7}, {'avg_silhouette': 0.8193069494186348, 'num_points': 6}, {'avg_silhouette': 0.3329309129388372, 'num_points': 6}, {'avg_silhouette': 0.8521507306343052, 'num_points': 5}, {'avg_silhouette': 0.7126854299145402, 'num_points': 5}, {'avg_silhouette': 0.5479490569967208, 'num_points': 8}, {'avg_silhouette': 0.6433650465064712, 'num_points': 14}, {'avg_silhouette': 0.39392180877612254, 'num_points': 24}, {'avg_silhouette': 0.46105128019486724, 'num_points': 9}, {'avg_silhouette': 0.29576904284247163, 'num_points': 10}, {'avg_silhouette': 0.5172024082396788, 'num_points': 8}, {'avg_silhouette': 0.4757508871004064, 'num_points': 13}, {'avg_silhouette': 0.43810775706328203, 'num_points': 19}, {'avg_silhouette': 0.37060222485259164, 'num_points': 8}, {'avg_silhouette': 0.39971172435053887, 'num_points': 14}, {'avg_silhouette': 0.42885335043415357, 'num_points': 10}, {'avg_silhouette': 0.39956718556897125, 'num_points': 7}, {'avg_silhouette': 0.36055066148088605, 'num_points': 6}, {'avg_silhouette': 0.5859120870102653, 'num_points': 7}, {'avg_silhouette': 0.5954639588652132, 'num_points': 5}, {'avg_silhouette': 0.6513855402225704, 'num_points': 6}, {'avg_silhouette': 0.6580239202484554, 'num_points': 5}, {'avg_silhouette': 0.47557856654965835, 'num_points': 5}, {'avg_silhouette': 0.7332845514018038, 'num_points': 5}, {'avg_silhouette': 0.9257300591189969, 'num_points': 10}]",5.0,49,0.2999001936092676,,3,0.365333403405076
K-means,,,"[{'avg_silhouette': -0.06196075550910853, 'num_points': 1403}, {'avg_silhouette': 0.3397680080134894, 'num_points': 1787}, {'avg_silhouette': 0.24686364291292823, 'num_points': 25}, {'avg_silhouette': 0.17253736009753518, 'num_points': 1482}, {'avg_silhouette': 0.004473350366438546, 'num_points': 586}, {'avg_silhouette': 0.6324674749180301, 'num_points': 2400}]",,6,0.2997071159958613,,5,0.21745708757727694
AGGLC,ward,,"[{'avg_silhouette': -0.23123002940551976, 'num_points': 343}, {'avg_silhouette': -0.1871803129871737, 'num_points': 745}, {'avg_silhouette': 0.09439165054276273, 'num_points': 423}, {'avg_silhouette': 0.14043365403279764, 'num_points': 698}, {'avg_silhouette': 0.36410813700760153, 'num_points': 1611}, {'avg_silhouette': 0.6792336243357501, 'num_points': 2191}, {'avg_silhouette': 0.40784523980634824, 'num_points': 73}, {'avg_silhouette': 0.23727220468522303, 'num_points': 1211}, {'avg_silhouette': -0.022660838667734825, 'num_points': 388}]",,9,0.29965965665084027,,7,0.18651401699274664
DBSCAN,,0.4199158227686097,"[{'avg_silhouette': 0.4329693061726175, 'num_points': 1422}, {'avg_silhouette': 0.36886564665437416, 'num_points': 3282}, {'avg_silhouette': 0.2924662796122086, 'num_points': 1021}, {'avg_silhouette': 0.5014463203086595, 'num_points': 12}, {'avg_silhouette': 0.42734193995259023, 'num_points': 103}, {'avg_silhouette': 0.3583471374864302, 'num_points': 47}, {'avg_silhouette': 0.5237843639251389, 'num_points': 31}, {'avg_silhouette': 0.35854555737945853, 'num_points': 98}, {'avg_silhouette': 0.7502960589989861, 'num_points': 25}, {'avg_silhouette': 0.3849111461566098, 'num_points': 31}, {'avg_silhouette': 0.35535314088034103, 'num_points': 159}, {'avg_silhouette': 0.393213673483692, 'num_points': 11}, {'avg_silhouette': 0.3423043128522231, 'num_points': 52}, {'avg_silhouette': 0.43844910543622223, 'num_points': 93}, {'avg_silhouette': 0.34761287142374964, 'num_points': 61}, {'avg_silhouette': 0.44573756461066666, 'num_points': 9}, {'avg_silhouette': 0.32264353769553783, 'num_points': 81}, {'avg_silhouette': 0.5082023771508215, 'num_points': 56}, {'avg_silhouette': 0.364678064172076, 'num_points': 10}, {'avg_silhouette': 0.42047103778670986, 'num_points': 6}, {'avg_silhouette': 0.4812040462867449, 'num_points': 11}, {'avg_silhouette': 0.3504218286126999, 'num_points': 6}, {'avg_silhouette': 0.7551029142493555, 'num_points': 7}, {'avg_silhouette': 0.8193069494186348, 'num_points': 6}, {'avg_silhouette': 0.3329309129388372, 'num_points': 6}, {'avg_silhouette': 0.3756072626351791, 'num_points': 28}, {'avg_silhouette': 0.8520678293920018, 'num_points': 5}, {'avg_silhouette': 0.7125450360124104, 'num_points': 5}, {'avg_silhouette': 0.5459702290315241, 'num_points': 8}, {'avg_silhouette': 0.6433650465064712, 'num_points': 14}, {'avg_silhouette': 0.44453469826919406, 'num_points': 22}, {'avg_silhouette': 0.46105128019486724, 'num_points': 9}, {'avg_silhouette': 0.29576904284247163, 'num_points': 10}, {'avg_silhouette': 0.5855609807372606, 'num_points': 7}, {'avg_silhouette': 0.4757508871004064, 'num_points': 13}, {'avg_silhouette': 0.4380198861049116, 'num_points': 19}, {'avg_silhouette': 0.37060222485259164, 'num_points': 8}, {'avg_silhouette': 0.4398211649552971, 'num_points': 13}, {'avg_silhouette': 0.42754823147639803, 'num_points': 10}, {'avg_silhouette': 0.4202128419953997, 'num_points': 6}, {'avg_silhouette': 0.43390017127166125, 'num_points': 5}, {'avg_silhouette': 0.5859120870102653, 'num_points': 7}, {'avg_silhouette': 0.5954639588652132, 'num_points': 5}, {'avg_silhouette': 0.7034306291865499, 'num_points': 5}, {'avg_silhouette': 0.47530230707381127, 'num_points': 5}, {'avg_silhouette': 0.6580239202484554, 'num_points': 5}, {'avg_silhouette': 0.9256898736076856, 'num_points': 10}]",5.0,47,0.29705161364299393,,3,0.3647670774797334
DBSCAN,,0.3699158227686097,"[{'avg_silhouette': 0.45133518048962257, 'num_points': 1410}, {'avg_silhouette': 0.4222656819441141, 'num_points': 3231}, {'avg_silhouette': 0.3058234403475988, 'num_points': 992}, {'avg_silhouette': 0.4706966146765032, 'num_points': 97}, {'avg_silhouette': 0.43407081370169237, 'num_points': 41}, {'avg_silhouette': 0.7578916978028187, 'num_points': 30}, {'avg_silhouette': 0.750057248303456, 'num_points': 25}, {'avg_silhouette': 0.43890477050059434, 'num_points': 88}, {'avg_silhouette': 0.5481957726259739, 'num_points': 20}, {'avg_silhouette': 0.40659498823263873, 'num_points': 142}, {'avg_silhouette': 0.4859961207804723, 'num_points': 87}, {'avg_silhouette': 0.4462895032786477, 'num_points': 52}, {'avg_silhouette': 0.43288141851599377, 'num_points': 42}, {'avg_silhouette': 0.3650642970296049, 'num_points': 75}, {'avg_silhouette': 0.5416904062646131, 'num_points': 53}, {'avg_silhouette': 0.7356426718950925, 'num_points': 11}, {'avg_silhouette': 0.5789568336041389, 'num_points': 19}, {'avg_silhouette': 0.47175882191668655, 'num_points': 21}, {'avg_silhouette': 0.5231212721117378, 'num_points': 11}, {'avg_silhouette': 0.5971928352211162, 'num_points': 16}, {'avg_silhouette': 0.6371983196506265, 'num_points': 14}, {'avg_silhouette': 0.9254687255484567, 'num_points': 10}]",10.0,22,0.2960955406683075,,3,0.3931414342604452
DBSCAN,,0.32991582276860965,"[{'avg_silhouette': 0.4166880344969774, 'num_points': 1112}, {'avg_silhouette': 0.3269732878493577, 'num_points': 413}, {'avg_silhouette': 0.6091006048456366, 'num_points': 1954}, {'avg_silhouette': 0.33432149670586053, 'num_points': 229}, {'avg_silhouette': 0.4364078263447727, 'num_points': 195}, {'avg_silhouette': 0.5060684443423775, 'num_points': 264}, {'avg_silhouette': 0.6352341879576593, 'num_points': 5}, {'avg_silhouette': 0.26123443916910893, 'num_points': 669}, {'avg_silhouette': 0.5531420168288721, 'num_points': 8}, {'avg_silhouette': 0.38019265871618474, 'num_points': 19}, {'avg_silhouette': 0.2602948512002182, 'num_points': 150}, {'avg_silhouette': 0.4695730304547494, 'num_points': 36}, {'avg_silhouette': 0.46329932581111455, 'num_points': 69}, {'avg_silhouette': 0.4002251180650938, 'num_points': 9}, {'avg_silhouette': 0.6388727478287215, 'num_points': 26}, {'avg_silhouette': 0.278447545548891, 'num_points': 108}, {'avg_silhouette': 0.28894648300807735, 'num_points': 10}, {'avg_silhouette': 0.3808952237912567, 'num_points': 36}, {'avg_silhouette': 0.8131211070724882, 'num_points': 21}, {'avg_silhouette': 0.4898020057091438, 'num_points': 37}, {'avg_silhouette': 0.35487774538645706, 'num_points': 22}, {'avg_silhouette': 0.5924353825260795, 'num_points': 17}, {'avg_silhouette': 0.42997958106004985, 'num_points': 16}, {'avg_silhouette': 0.5191219618245572, 'num_points': 20}, {'avg_silhouette': 0.33846597699957787, 'num_points': 34}, {'avg_silhouette': 0.42487525532415876, 'num_points': 19}, {'avg_silhouette': 0.6270124515150866, 'num_points': 5}, {'avg_silhouette': 0.4530773791536634, 'num_points': 76}, {'avg_silhouette': 0.335196762073094, 'num_points': 55}, {'avg_silhouette': 0.3491205753857593, 'num_points': 6}, {'avg_silhouette': 0.3570227519639494, 'num_points': 9}, {'avg_silhouette': 0.2819877673726405, 'num_points': 15}, {'avg_silhouette': 0.2666670839003367, 'num_points': 45}, {'avg_silhouette': 0.3045905947982216, 'num_points': 14}, {'avg_silhouette': 0.3221012687353643, 'num_points': 33}, {'avg_silhouette': 0.33111152451567516, 'num_points': 7}, {'avg_silhouette': 0.369756887914301, 'num_points': 92}, {'avg_silhouette': 0.5681232217103779, 'num_points': 7}, {'avg_silhouette': 0.4405212412253408, 'num_points': 31}, {'avg_silhouette': 0.31303768350199407, 'num_points': 44}, {'avg_silhouette': 0.1519845395191819, 'num_points': 69}, {'avg_silhouette': 0.4850646287263508, 'num_points': 5}, {'avg_silhouette': 0.2348241774372134, 'num_points': 53}, {'avg_silhouette': 0.5640604391918936, 'num_points': 49}, {'avg_silhouette': 0.3068750468969338, 'num_points': 15}, {'avg_silhouette': 0.429013939196016, 'num_points': 16}, {'avg_silhouette': 0.3286721497389263, 'num_points': 11}, {'avg_silhouette': 0.4578551949002213, 'num_points': 11}, {'avg_silhouette': 0.41609972410645424, 'num_points': 10}, {'avg_silhouette': 0.2595478580425057, 'num_points': 6}, {'avg_silhouette': 0.7983122890273835, 'num_points': 6}, {'avg_silhouette': 0.8879480476455307, 'num_points': 6}, {'avg_silhouette': 0.2566316101265755, 'num_points': 13}, {'avg_silhouette': 0.3609924488063575, 'num_points': 5}, {'avg_silhouette': 0.2297244416339791, 'num_points': 16}, {'avg_silhouette': 0.8485774767663872, 'num_points': 5}, {'avg_silhouette': 0.6839824684898121, 'num_points': 6}, {'avg_silhouette': 0.5936414699025229, 'num_points': 16}, {'avg_silhouette': 0.6125703290664689, 'num_points': 5}, {'avg_silhouette': 0.2928549014078528, 'num_points': 11}, {'avg_silhouette': 0.5480948904339927, 'num_points': 16}, {'avg_silhouette': 0.6370828255859041, 'num_points': 6}, {'avg_silhouette': 0.577467298825438, 'num_points': 8}, {'avg_silhouette': 0.5992031714412558, 'num_points': 14}, {'avg_silhouette': 0.587182433078475, 'num_points': 5}, {'avg_silhouette': 0.5034190808935943, 'num_points': 5}, {'avg_silhouette': 0.6681657047321792, 'num_points': 13}, {'avg_silhouette': 0.3891460803829663, 'num_points': 5}, {'avg_silhouette': 0.5300275932384201, 'num_points': 6}, {'avg_silhouette': 0.6241572582524558, 'num_points': 7}, {'avg_silhouette': 0.5761302813593525, 'num_points': 7}, {'avg_silhouette': 0.5915341966123326, 'num_points': 5}, {'avg_silhouette': 0.42871404652802453, 'num_points': 5}, {'avg_silhouette': 0.5018192986262829, 'num_points': 5}, {'avg_silhouette': 0.3795181141091163, 'num_points': 5}, {'avg_silhouette': 0.924081308059797, 'num_points': 10}]",5.0,76,0.29604983735237184,,4,0.4034990915902702
K-means,,,"[{'avg_silhouette': 0.1396089475867653, 'num_points': 217}, {'avg_silhouette': 0.3073647692072941, 'num_points': 228}, {'avg_silhouette': -0.19733944630894293, 'num_points': 444}, {'avg_silhouette': 0.20705980554089282, 'num_points': 236}, {'avg_silhouette': 0.27070196882055075, 'num_points': 74}, {'avg_silhouette': 0.13591041987115335, 'num_points': 165}, {'avg_silhouette': 0.13884329708441026, 'num_points': 97}, {'avg_silhouette': 0.30704200168188206, 'num_points': 51}, {'avg_silhouette': 0.28715734092697676, 'num_points': 488}, {'avg_silhouette': -0.1160634699258376, 'num_points': 156}, {'avg_silhouette': 0.41884910397332037, 'num_points': 24}, {'avg_silhouette': 0.3835491452593616, 'num_points': 74}, {'avg_silhouette': 0.34188411266984764, 'num_points': 740}, {'avg_silhouette': 0.0031181869074736602, 'num_points': 54}, {'avg_silhouette': 0.17929431666250692, 'num_points': 37}, {'avg_silhouette': -0.11674237642676648, 'num_points': 242}, {'avg_silhouette': 0.18925127740847256, 'num_points': 144}, {'avg_silhouette': 0.35123355941133094, 'num_points': 41}, {'avg_silhouette': -0.12049453203909469, 'num_points': 62}, {'avg_silhouette': 0.4094125191713273, 'num_points': 307}, {'avg_silhouette': 0.607791425963711, 'num_points': 1628}, {'avg_silhouette': 0.22094828035786573, 'num_points': 274}, {'avg_silhouette': 0.2160424701822011, 'num_points': 25}, {'avg_silhouette': 0.011222485535965953, 'num_points': 351}, {'avg_silhouette': -0.052667688685039266, 'num_points': 114}, {'avg_silhouette': 0.20551641985454136, 'num_points': 144}, {'avg_silhouette': 0.43304172803681984, 'num_points': 1140}, {'avg_silhouette': -0.04487004619877595, 'num_points': 90}, {'avg_silhouette': 0.17169696826746275, 'num_points': 36}]",,29,0.29465694957465777,,5,0.2945070322576825
DBSCAN,,0.31991582276860964,"[{'avg_silhouette': 0.40738746306984774, 'num_points': 1112}, {'avg_silhouette': 0.3294218480295159, 'num_points': 412}, {'avg_silhouette': 0.6097989595171801, 'num_points': 1953}, {'avg_silhouette': 0.33250770435371846, 'num_points': 229}, {'avg_silhouette': 0.4362598333542289, 'num_points': 195}, {'avg_silhouette': 0.5060684443423775, 'num_points': 264}, {'avg_silhouette': 0.6352341879576593, 'num_points': 5}, {'avg_silhouette': 0.2626812512987118, 'num_points': 667}, {'avg_silhouette': 0.5531420168288721, 'num_points': 8}, {'avg_silhouette': 0.38019265871618474, 'num_points': 19}, {'avg_silhouette': 0.2937516169904035, 'num_points': 150}, {'avg_silhouette': 0.4695730304547494, 'num_points': 36}, {'avg_silhouette': 0.46329932581111455, 'num_points': 69}, {'avg_silhouette': 0.4455212284837571, 'num_points': 8}, {'avg_silhouette': 0.6388727478287215, 'num_points': 26}, {'avg_silhouette': 0.2765570254055423, 'num_points': 108}, {'avg_silhouette': 0.28894648300807735, 'num_points': 10}, {'avg_silhouette': 0.3807518796228671, 'num_points': 36}, {'avg_silhouette': 0.8131211070724882, 'num_points': 21}, {'avg_silhouette': 0.4883233398559131, 'num_points': 37}, {'avg_silhouette': 0.41267796006777624, 'num_points': 20}, {'avg_silhouette': 0.5917179151531466, 'num_points': 17}, {'avg_silhouette': 0.42997958106004985, 'num_points': 16}, {'avg_silhouette': 0.5190106852415007, 'num_points': 20}, {'avg_silhouette': 0.33846597699957787, 'num_points': 34}, {'avg_silhouette': 0.42487525532415876, 'num_points': 19}, {'avg_silhouette': 0.4534123437537013, 'num_points': 76}, {'avg_silhouette': 0.3174701095924663, 'num_points': 55}, {'avg_silhouette': 0.4113092747668808, 'num_points': 5}, {'avg_silhouette': 0.39059838702066074, 'num_points': 8}, {'avg_silhouette': 0.3022270515987996, 'num_points': 14}, {'avg_silhouette': 0.2666203404458602, 'num_points': 45}, {'avg_silhouette': 0.3593185088520856, 'num_points': 13}, {'avg_silhouette': 0.310151568745615, 'num_points': 33}, {'avg_silhouette': 0.33111152451567516, 'num_points': 7}, {'avg_silhouette': 0.369756887914301, 'num_points': 92}, {'avg_silhouette': 0.5681232217103779, 'num_points': 7}, {'avg_silhouette': 0.4312473104133585, 'num_points': 31}, {'avg_silhouette': 0.31303768350199407, 'num_points': 44}, {'avg_silhouette': 0.17975856591274358, 'num_points': 64}, {'avg_silhouette': 0.4850646287263508, 'num_points': 5}, {'avg_silhouette': 0.22314586685393628, 'num_points': 52}, {'avg_silhouette': 0.5640604391918936, 'num_points': 49}, {'avg_silhouette': 0.3068750468969338, 'num_points': 15}, {'avg_silhouette': 0.42885591340809304, 'num_points': 16}, {'avg_silhouette': 0.6266729290478208, 'num_points': 5}, {'avg_silhouette': 0.3405753554750729, 'num_points': 10}, {'avg_silhouette': 0.4578551949002213, 'num_points': 11}, {'avg_silhouette': 0.41475994107417247, 'num_points': 10}, {'avg_silhouette': 0.7983122890273835, 'num_points': 6}, {'avg_silhouette': 0.8879480476455307, 'num_points': 6}, {'avg_silhouette': 0.27982264098638293, 'num_points': 12}, {'avg_silhouette': 0.3609924488063575, 'num_points': 5}, {'avg_silhouette': 0.8485696247629197, 'num_points': 5}, {'avg_silhouette': 0.6839824684898121, 'num_points': 6}, {'avg_silhouette': 0.5936414699025229, 'num_points': 16}, {'avg_silhouette': 0.6125703290664689, 'num_points': 5}, {'avg_silhouette': 0.3634508674311062, 'num_points': 9}, {'avg_silhouette': 0.5472877745265641, 'num_points': 16}, {'avg_silhouette': 0.6364261687699195, 'num_points': 6}, {'avg_silhouette': 0.577467298825438, 'num_points': 8}, {'avg_silhouette': 0.5992031714412558, 'num_points': 14}, {'avg_silhouette': 0.2417942763703706, 'num_points': 15}, {'avg_silhouette': 0.5871269440526371, 'num_points': 5}, {'avg_silhouette': 0.5034190808935943, 'num_points': 5}, {'avg_silhouette': 0.6681657047321792, 'num_points': 13}, {'avg_silhouette': 0.38771664954561746, 'num_points': 5}, {'avg_silhouette': 0.5300275932384201, 'num_points': 6}, {'avg_silhouette': 0.6241572582524558, 'num_points': 7}, {'avg_silhouette': 0.5761302813593525, 'num_points': 7}, {'avg_silhouette': 0.5915341966123326, 'num_points': 5}, {'avg_silhouette': 0.42871404652802453, 'num_points': 5}, {'avg_silhouette': 0.5014094200923666, 'num_points': 5}, {'avg_silhouette': 0.31238251821824414, 'num_points': 5}, {'avg_silhouette': 0.9240768232847472, 'num_points': 10}]",5.0,75,0.29336176274377823,,4,0.40232238047881386
DBSCAN,,0.3599158227686097,"[{'avg_silhouette': 0.451633935760813, 'num_points': 1405}, {'avg_silhouette': 0.4244460199214074, 'num_points': 3216}, {'avg_silhouette': 0.3115473574808648, 'num_points': 980}, {'avg_silhouette': 0.4821738961651794, 'num_points': 95}, {'avg_silhouette': 0.45397580425574746, 'num_points': 40}, {'avg_silhouette': 0.7577620146553714, 'num_points': 30}, {'avg_silhouette': 0.7499525487093986, 'num_points': 25}, {'avg_silhouette': 0.4443256428068322, 'num_points': 86}, {'avg_silhouette': 0.5466172696472087, 'num_points': 20}, {'avg_silhouette': 0.4116114929757856, 'num_points': 138}, {'avg_silhouette': 0.5235231395700104, 'num_points': 81}, {'avg_silhouette': 0.4812565368523965, 'num_points': 48}, {'avg_silhouette': 0.45553218349432417, 'num_points': 39}, {'avg_silhouette': 0.3739841015391696, 'num_points': 72}, {'avg_silhouette': 0.5410647034457401, 'num_points': 53}, {'avg_silhouette': 0.7355838176945478, 'num_points': 11}, {'avg_silhouette': 0.5968962318184903, 'num_points': 18}, {'avg_silhouette': 0.4937041802839266, 'num_points': 20}, {'avg_silhouette': 0.5210860481902823, 'num_points': 11}, {'avg_silhouette': 0.6267245203401995, 'num_points': 15}, {'avg_silhouette': 0.6339562190990566, 'num_points': 14}, {'avg_silhouette': 0.9254270666802651, 'num_points': 10}]",10.0,22,0.2925641095877993,,3,0.3958757710543617
DBSCAN,,0.30991582276860963,"[{'avg_silhouette': 0.4073463628961529, 'num_points': 1112}, {'avg_silhouette': 0.33708867808800974, 'num_points': 409}, {'avg_silhouette': 0.6097989595171801, 'num_points': 1953}, {'avg_silhouette': 0.33514383409087667, 'num_points': 228}, {'avg_silhouette': 0.43597186758370926, 'num_points': 195}, {'avg_silhouette': 0.5060684443423775, 'num_points': 264}, {'avg_silhouette': 0.6352341879576593, 'num_points': 5}, {'avg_silhouette': 0.2667961347248366, 'num_points': 663}, {'avg_silhouette': 0.5531420168288721, 'num_points': 8}, {'avg_silhouette': 0.38019265871618474, 'num_points': 19}, {'avg_silhouette': 0.29652259629111694, 'num_points': 149}, {'avg_silhouette': 0.4695730304547494, 'num_points': 36}, {'avg_silhouette': 0.46329932581111455, 'num_points': 69}, {'avg_silhouette': 0.44428405691573775, 'num_points': 8}, {'avg_silhouette': 0.6388727478287215, 'num_points': 26}, {'avg_silhouette': 0.27269491840327237, 'num_points': 108}, {'avg_silhouette': 0.28894648300807735, 'num_points': 10}, {'avg_silhouette': 0.3807150874474016, 'num_points': 36}, {'avg_silhouette': 0.8131211070724882, 'num_points': 21}, {'avg_silhouette': 0.48668856708615016, 'num_points': 37}, {'avg_silhouette': 0.41267796006777624, 'num_points': 20}, {'avg_silhouette': 0.5909261665574873, 'num_points': 17}, {'avg_silhouette': 0.42997958106004985, 'num_points': 16}, {'avg_silhouette': 0.5190106852415007, 'num_points': 20}, {'avg_silhouette': 0.33846597699957787, 'num_points': 34}, {'avg_silhouette': 0.42487525532415876, 'num_points': 19}, {'avg_silhouette': 0.5527050389894115, 'num_points': 76}, {'avg_silhouette': 0.3174701095924663, 'num_points': 55}, {'avg_silhouette': 0.4113092747668808, 'num_points': 5}, {'avg_silhouette': 0.38983455997524813, 'num_points': 8}, {'avg_silhouette': 0.2954895336394248, 'num_points': 14}, {'avg_silhouette': 0.2666203404458602, 'num_points': 45}, {'avg_silhouette': 0.39471914615782483, 'num_points': 12}, {'avg_silhouette': 0.33726503336761304, 'num_points': 32}, {'avg_silhouette': 0.37455460434458826, 'num_points': 6}, {'avg_silhouette': 0.35925147363394905, 'num_points': 92}, {'avg_silhouette': 0.5616222036057932, 'num_points': 7}, {'avg_silhouette': 0.4510755453248043, 'num_points': 30}, {'avg_silhouette': 0.3177890190773207, 'num_points': 44}, {'avg_silhouette': 0.17883406485172257, 'num_points': 64}, {'avg_silhouette': 0.2250056131577186, 'num_points': 52}, {'avg_silhouette': 0.5640604391918936, 'num_points': 49}, {'avg_silhouette': 0.33162189585641366, 'num_points': 14}, {'avg_silhouette': 0.42885591340809304, 'num_points': 16}, {'avg_silhouette': 0.32801602913515115, 'num_points': 10}, {'avg_silhouette': 0.49465827440581267, 'num_points': 10}, {'avg_silhouette': 0.4519745976798327, 'num_points': 9}, {'avg_silhouette': 0.7983122890273835, 'num_points': 6}, {'avg_silhouette': 0.8879480476455307, 'num_points': 6}, {'avg_silhouette': 0.31446456275300433, 'num_points': 11}, {'avg_silhouette': 0.3609924488063575, 'num_points': 5}, {'avg_silhouette': 0.8485696247629197, 'num_points': 5}, {'avg_silhouette': 0.6839824684898121, 'num_points': 6}, {'avg_silhouette': 0.5936414699025229, 'num_points': 16}, {'avg_silhouette': 0.6099294393632437, 'num_points': 5}, {'avg_silhouette': 0.3634508674311062, 'num_points': 9}, {'avg_silhouette': 0.5464442297829927, 'num_points': 16}, {'avg_silhouette': 0.6357059794257389, 'num_points': 6}, {'avg_silhouette': 0.577467298825438, 'num_points': 8}, {'avg_silhouette': 0.5992031714412558, 'num_points': 14}, {'avg_silhouette': 0.2411108829432176, 'num_points': 15}, {'avg_silhouette': 0.5871269440526371, 'num_points': 5}, {'avg_silhouette': 0.5034190808935943, 'num_points': 5}, {'avg_silhouette': 0.6681657047321792, 'num_points': 13}, {'avg_silhouette': 0.38771664954561746, 'num_points': 5}, {'avg_silhouette': 0.5300275932384201, 'num_points': 6}, {'avg_silhouette': 0.6241572582524558, 'num_points': 7}, {'avg_silhouette': 0.5761302813593525, 'num_points': 7}, {'avg_silhouette': 0.5915341966123326, 'num_points': 5}, {'avg_silhouette': 0.6256910004434156, 'num_points': 5}, {'avg_silhouette': 0.42871404652802453, 'num_points': 5}, {'avg_silhouette': 0.9240768232847472, 'num_points': 10}]",5.0,72,0.29223091250298505,,4,0.4052575338065449
K-means,,,"[{'avg_silhouette': 0.01762738318111476, 'num_points': 140}, {'avg_silhouette': 0.3225493534274919, 'num_points': 1858}, {'avg_silhouette': -0.055531666269591363, 'num_points': 1328}, {'avg_silhouette': 0.13742882167011283, 'num_points': 1704}, {'avg_silhouette': 0.5580038781607821, 'num_points': 2653}]",,5,0.2918887778724516,,4,0.24061259674719887
AGGLC,ward,,"[{'avg_silhouette': -0.13362593034533427, 'num_points': 1443}, {'avg_silhouette': -0.22659803269271306, 'num_points': 343}, {'avg_silhouette': 0.11232737878594688, 'num_points': 423}, {'avg_silhouette': -0.006776793185286027, 'num_points': 388}, {'avg_silhouette': 0.3643637065097487, 'num_points': 1611}, {'avg_silhouette': 0.7126272570456806, 'num_points': 2191}, {'avg_silhouette': 0.40784523980634824, 'num_points': 73}, {'avg_silhouette': 0.23862554972172012, 'num_points': 1211}]",,8,0.29174075717321424,,6,0.21459019475541266
DBSCAN,,0.2999158227686096,"[{'avg_silhouette': 0.4084400271972017, 'num_points': 1111}, {'avg_silhouette': 0.33615816998516457, 'num_points': 405}, {'avg_silhouette': 0.6097246965027802, 'num_points': 1953}, {'avg_silhouette': 0.321622650767354, 'num_points': 228}, {'avg_silhouette': 0.43597186758370926, 'num_points': 195}, {'avg_silhouette': 0.5032243534926952, 'num_points': 264}, {'avg_silhouette': 0.27205315949652864, 'num_points': 658}, {'avg_silhouette': 0.6617532866971062, 'num_points': 7}, {'avg_silhouette': 0.38019265871618474, 'num_points': 19}, {'avg_silhouette': 0.30265054277953735, 'num_points': 146}, {'avg_silhouette': 0.4693841064458087, 'num_points': 36}, {'avg_silhouette': 0.46329932581111455, 'num_points': 69}, {'avg_silhouette': 0.4429188586307943, 'num_points': 8}, {'avg_silhouette': 0.6388727478287215, 'num_points': 26}, {'avg_silhouette': 0.28352041673452266, 'num_points': 106}, {'avg_silhouette': 0.3235661206906601, 'num_points': 9}, {'avg_silhouette': 0.40213159374284363, 'num_points': 35}, {'avg_silhouette': 0.8373976681638181, 'num_points': 20}, {'avg_silhouette': 0.5016097864389215, 'num_points': 36}, {'avg_silhouette': 0.41267796006777624, 'num_points': 20}, {'avg_silhouette': 0.5899589042395619, 'num_points': 17}, {'avg_silhouette': 0.4296368246552328, 'num_points': 16}, {'avg_silhouette': 0.5190106852415007, 'num_points': 20}, {'avg_silhouette': 0.33591234729657193, 'num_points': 34}, {'avg_silhouette': 0.4245822656645872, 'num_points': 19}, {'avg_silhouette': 0.5656323895764375, 'num_points': 74}, {'avg_silhouette': 0.3174701095924663, 'num_points': 55}, {'avg_silhouette': 0.4109213167848713, 'num_points': 5}, {'avg_silhouette': 0.47303479067598747, 'num_points': 7}, {'avg_silhouette': 0.2954895336394248, 'num_points': 14}, {'avg_silhouette': 0.26591683080431394, 'num_points': 45}, {'avg_silhouette': 0.39471914615782483, 'num_points': 12}, {'avg_silhouette': 0.33726503336761304, 'num_points': 32}, {'avg_silhouette': 0.3670580997009357, 'num_points': 91}, {'avg_silhouette': 0.5616222036057932, 'num_points': 7}, {'avg_silhouette': 0.4510755453248043, 'num_points': 30}, {'avg_silhouette': 0.3177890190773207, 'num_points': 44}, {'avg_silhouette': 0.2150389012663747, 'num_points': 55}, {'avg_silhouette': 0.6352341879576593, 'num_points': 5}, {'avg_silhouette': 0.22428872141915918, 'num_points': 52}, {'avg_silhouette': 0.5639181762251568, 'num_points': 49}, {'avg_silhouette': 0.33162189585641366, 'num_points': 14}, {'avg_silhouette': 0.42885591340809304, 'num_points': 16}, {'avg_silhouette': 0.32801602913515115, 'num_points': 10}, {'avg_silhouette': 0.49465827440581267, 'num_points': 10}, {'avg_silhouette': 0.4499448976742689, 'num_points': 9}, {'avg_silhouette': 0.809415864962947, 'num_points': 6}, {'avg_silhouette': 0.8879001072153582, 'num_points': 6}, {'avg_silhouette': 0.3111965899776848, 'num_points': 11}, {'avg_silhouette': 0.35955002388104634, 'num_points': 5}, {'avg_silhouette': 0.8485696247629197, 'num_points': 5}, {'avg_silhouette': 0.6839824684898121, 'num_points': 6}, {'avg_silhouette': 0.5936414699025229, 'num_points': 16}, {'avg_silhouette': 0.3634508674311062, 'num_points': 9}, {'avg_silhouette': 0.5452188219088722, 'num_points': 16}, {'avg_silhouette': 0.6347967734393314, 'num_points': 6}, {'avg_silhouette': 0.577467298825438, 'num_points': 8}, {'avg_silhouette': 0.5992031714412558, 'num_points': 14}, {'avg_silhouette': 0.24036900711668222, 'num_points': 15}, {'avg_silhouette': 0.5871269440526371, 'num_points': 5}, {'avg_silhouette': 0.5034190808935943, 'num_points': 5}, {'avg_silhouette': 0.6658073777000482, 'num_points': 13}, {'avg_silhouette': 0.528853862907999, 'num_points': 6}, {'avg_silhouette': 0.6241572582524558, 'num_points': 7}, {'avg_silhouette': 0.5761302813593525, 'num_points': 7}, {'avg_silhouette': 0.5915341966123326, 'num_points': 5}, {'avg_silhouette': 0.6099294393632437, 'num_points': 5}, {'avg_silhouette': 0.42871404652802453, 'num_points': 5}, {'avg_silhouette': 0.371936619714519, 'num_points': 6}, {'avg_silhouette': 0.5865273887180413, 'num_points': 4}, {'avg_silhouette': 0.9240768232847472, 'num_points': 10}]",5.0,71,0.28861789483482675,,4,0.4065940132954188
DBSCAN,,0.4099158227686097,"[{'avg_silhouette': 0.43427066005317105, 'num_points': 1420}, {'avg_silhouette': 0.35191785368666834, 'num_points': 3275}, {'avg_silhouette': 0.2953810751715083, 'num_points': 1016}, {'avg_silhouette': 0.47183869184230914, 'num_points': 12}, {'avg_silhouette': 0.4321530949799802, 'num_points': 102}, {'avg_silhouette': 0.37603732873074175, 'num_points': 45}, {'avg_silhouette': 0.5237843639251389, 'num_points': 31}, {'avg_silhouette': 0.37215896071022503, 'num_points': 95}, {'avg_silhouette': 0.7502161230638964, 'num_points': 25}, {'avg_silhouette': 0.41271447900186903, 'num_points': 29}, {'avg_silhouette': 0.36588552734932006, 'num_points': 156}, {'avg_silhouette': 0.41059777171504175, 'num_points': 7}, {'avg_silhouette': 0.33840124644473535, 'num_points': 52}, {'avg_silhouette': 0.44908784224127746, 'num_points': 92}, {'avg_silhouette': 0.362519061109102, 'num_points': 59}, {'avg_silhouette': 0.44573756461066666, 'num_points': 9}, {'avg_silhouette': 0.3184936529893713, 'num_points': 81}, {'avg_silhouette': 0.50779276579107, 'num_points': 56}, {'avg_silhouette': 0.4172385378429553, 'num_points': 8}, {'avg_silhouette': 0.4812040462867449, 'num_points': 11}, {'avg_silhouette': 0.7476209165499947, 'num_points': 7}, {'avg_silhouette': 0.8193069494186348, 'num_points': 6}, {'avg_silhouette': 0.28810240927674385, 'num_points': 4}, {'avg_silhouette': 0.33106789234866646, 'num_points': 6}, {'avg_silhouette': 0.3490476701956533, 'num_points': 6}, {'avg_silhouette': 0.3751967560618934, 'num_points': 28}, {'avg_silhouette': 0.8519855994684382, 'num_points': 5}, {'avg_silhouette': 0.7124072200113716, 'num_points': 5}, {'avg_silhouette': 0.5459702290315241, 'num_points': 8}, {'avg_silhouette': 0.6420263226986033, 'num_points': 14}, {'avg_silhouette': 0.44453469826919406, 'num_points': 22}, {'avg_silhouette': 0.4586456740602453, 'num_points': 9}, {'avg_silhouette': 0.31203595294338426, 'num_points': 9}, {'avg_silhouette': 0.5848881967038965, 'num_points': 7}, {'avg_silhouette': 0.4746451581050672, 'num_points': 13}, {'avg_silhouette': 0.43779461929526486, 'num_points': 19}, {'avg_silhouette': 0.4135338154556422, 'num_points': 7}, {'avg_silhouette': 0.4377885211679573, 'num_points': 13}, {'avg_silhouette': 0.4251260490667482, 'num_points': 10}, {'avg_silhouette': 0.43390017127166125, 'num_points': 5}, {'avg_silhouette': 0.5859120870102653, 'num_points': 7}, {'avg_silhouette': 0.5954639588652132, 'num_points': 5}, {'avg_silhouette': 0.49651825628530755, 'num_points': 5}, {'avg_silhouette': 0.4748849854728133, 'num_points': 5}, {'avg_silhouette': 0.6580239202484554, 'num_points': 5}, {'avg_silhouette': 0.4792592880531794, 'num_points': 5}, {'avg_silhouette': 0.9256511297041723, 'num_points': 10}]",5.0,47,0.28787940633707176,,3,0.36052319630378254
K-means,,,"[{'avg_silhouette': 0.09973361291615455, 'num_points': 285}, {'avg_silhouette': 0.22166526394290648, 'num_points': 1293}, {'avg_silhouette': 0.2940039598612468, 'num_points': 1919}, {'avg_silhouette': -0.010130617440984617, 'num_points': 495}, {'avg_silhouette': 0.0260754762933712, 'num_points': 1029}, {'avg_silhouette': -0.02558779801610516, 'num_points': 464}, {'avg_silhouette': 0.608534498152436, 'num_points': 2122}, {'avg_silhouette': 0.3806622845510346, 'num_points': 76}]",,8,0.28757199984790854,,6,0.18576013046547843
K-means,,,"[{'avg_silhouette': 0.21143340695363969, 'num_points': 416}, {'avg_silhouette': 0.31510327803457666, 'num_points': 236}, {'avg_silhouette': 0.17807409219110662, 'num_points': 197}, {'avg_silhouette': 0.15147001573680333, 'num_points': 653}, {'avg_silhouette': 0.1262231735486624, 'num_points': 259}, {'avg_silhouette': 0.10107618268716916, 'num_points': 209}, {'avg_silhouette': -0.14050371373771564, 'num_points': 158}, {'avg_silhouette': 0.06001079846187214, 'num_points': 220}, {'avg_silhouette': 0.2989263369320541, 'num_points': 52}, {'avg_silhouette': 0.22402503534956417, 'num_points': 25}, {'avg_silhouette': 0.25136473377182267, 'num_points': 1180}, {'avg_silhouette': -0.036138698192466845, 'num_points': 69}, {'avg_silhouette': -0.10655980829383586, 'num_points': 143}, {'avg_silhouette': 0.27491186238322307, 'num_points': 367}, {'avg_silhouette': 0.12995985780116642, 'num_points': 219}, {'avg_silhouette': 0.2194343665107591, 'num_points': 679}, {'avg_silhouette': 0.2768338838415732, 'num_points': 132}, {'avg_silhouette': 0.24950848703972842, 'num_points': 147}, {'avg_silhouette': -0.06996918533716738, 'num_points': 129}, {'avg_silhouette': 0.36092945779097924, 'num_points': 41}, {'avg_silhouette': 0.5674923696994199, 'num_points': 2076}, {'avg_silhouette': 0.3658731930789708, 'num_points': 76}]",,22,0.28692131737197074,,5,0.2802389785344889
DBSCAN,,0.34991582276860966,"[{'avg_silhouette': 0.4527271303192986, 'num_points': 1400}, {'avg_silhouette': 0.43171390311646834, 'num_points': 3178}, {'avg_silhouette': 0.3155269160215372, 'num_points': 958}, {'avg_silhouette': 0.5361153396317041, 'num_points': 92}, {'avg_silhouette': 0.4779604317455263, 'num_points': 37}, {'avg_silhouette': 0.7692747279879415, 'num_points': 29}, {'avg_silhouette': 0.7672202135073904, 'num_points': 24}, {'avg_silhouette': 0.4587784379017694, 'num_points': 83}, {'avg_silhouette': 0.6115198908068384, 'num_points': 17}, {'avg_silhouette': 0.4114950527371976, 'num_points': 136}, {'avg_silhouette': 0.5440663715842238, 'num_points': 78}, {'avg_silhouette': 0.5021676888387114, 'num_points': 45}, {'avg_silhouette': 0.4997131571038293, 'num_points': 34}, {'avg_silhouette': 0.3996377809698961, 'num_points': 65}, {'avg_silhouette': 0.5405341329587389, 'num_points': 53}, {'avg_silhouette': 0.7353930385793085, 'num_points': 11}, {'avg_silhouette': 0.6239828166151962, 'num_points': 17}, {'avg_silhouette': 0.5253437009339951, 'num_points': 18}, {'avg_silhouette': 0.6605651219800265, 'num_points': 14}, {'avg_silhouette': 0.6320799500758012, 'num_points': 14}, {'avg_silhouette': 0.9253167764940675, 'num_points': 10}]",10.0,21,0.2857280949700053,,3,0.399989316485768
DBSCAN,,0.2899158227686096,"[{'avg_silhouette': 0.40907012844302615, 'num_points': 1110}, {'avg_silhouette': 0.32296619340983185, 'num_points': 405}, {'avg_silhouette': 0.6074654871992677, 'num_points': 1953}, {'avg_silhouette': 0.32157558782441364, 'num_points': 228}, {'avg_silhouette': 0.4456679242432049, 'num_points': 193}, {'avg_silhouette': 0.5344559327871381, 'num_points': 259}, {'avg_silhouette': 0.27715892411246806, 'num_points': 653}, {'avg_silhouette': 0.6579682937213, 'num_points': 7}, {'avg_silhouette': 0.38019265871618474, 'num_points': 19}, {'avg_silhouette': 0.2722541340850219, 'num_points': 145}, {'avg_silhouette': 0.4693448552226177, 'num_points': 36}, {'avg_silhouette': 0.46329932581111455, 'num_points': 69}, {'avg_silhouette': 0.4417096933040553, 'num_points': 8}, {'avg_silhouette': 0.6388727478287215, 'num_points': 26}, {'avg_silhouette': 0.28920851012586, 'num_points': 105}, {'avg_silhouette': 0.35592325327355945, 'num_points': 8}, {'avg_silhouette': 0.46507260450928234, 'num_points': 32}, {'avg_silhouette': 0.837397003936991, 'num_points': 20}, {'avg_silhouette': 0.4994604744751015, 'num_points': 36}, {'avg_silhouette': 0.4099410812628913, 'num_points': 20}, {'avg_silhouette': 0.5889676092839536, 'num_points': 17}, {'avg_silhouette': 0.4295589922740631, 'num_points': 16}, {'avg_silhouette': 0.5190106852415007, 'num_points': 20}, {'avg_silhouette': 0.33591234729657193, 'num_points': 34}, {'avg_silhouette': 0.42451276591364073, 'num_points': 19}, {'avg_silhouette': 0.5656323895764375, 'num_points': 74}, {'avg_silhouette': 0.328929402543897, 'num_points': 54}, {'avg_silhouette': 0.41084811546589517, 'num_points': 5}, {'avg_silhouette': 0.47303479067598747, 'num_points': 7}, {'avg_silhouette': 0.3268863959247779, 'num_points': 13}, {'avg_silhouette': 0.28017255826383647, 'num_points': 44}, {'avg_silhouette': 0.39253846228059225, 'num_points': 12}, {'avg_silhouette': 0.4089252480728974, 'num_points': 28}, {'avg_silhouette': 0.3670580997009357, 'num_points': 91}, {'avg_silhouette': 0.5616222036057932, 'num_points': 7}, {'avg_silhouette': 0.43775399989206054, 'num_points': 30}, {'avg_silhouette': 0.3208109670632263, 'num_points': 43}, {'avg_silhouette': 0.23077422327044908, 'num_points': 52}, {'avg_silhouette': 0.6278394823983271, 'num_points': 5}, {'avg_silhouette': 0.18581534642583847, 'num_points': 51}, {'avg_silhouette': 0.5638552567430638, 'num_points': 49}, {'avg_silhouette': 0.3584153984050334, 'num_points': 13}, {'avg_silhouette': 0.42885591340809304, 'num_points': 16}, {'avg_silhouette': 0.31123888192225874, 'num_points': 10}, {'avg_silhouette': 0.49465827440581267, 'num_points': 10}, {'avg_silhouette': 0.4479293799826063, 'num_points': 9}, {'avg_silhouette': 0.8087881518846314, 'num_points': 6}, {'avg_silhouette': 0.8879001072153582, 'num_points': 6}, {'avg_silhouette': 0.30938209664927596, 'num_points': 11}, {'avg_silhouette': 0.35482335258907777, 'num_points': 5}, {'avg_silhouette': 0.8485696247629197, 'num_points': 5}, {'avg_silhouette': 0.6839824684898121, 'num_points': 6}, {'avg_silhouette': 0.5936414699025229, 'num_points': 16}, {'avg_silhouette': 0.3834456684512616, 'num_points': 8}, {'avg_silhouette': 0.5440386261392758, 'num_points': 16}, {'avg_silhouette': 0.7142383122904775, 'num_points': 5}, {'avg_silhouette': 0.577467298825438, 'num_points': 8}, {'avg_silhouette': 0.5992031714412558, 'num_points': 14}, {'avg_silhouette': 0.4263435163329827, 'num_points': 7}, {'avg_silhouette': 0.5871269440526371, 'num_points': 5}, {'avg_silhouette': 0.501488870033015, 'num_points': 5}, {'avg_silhouette': 0.6658073777000482, 'num_points': 13}, {'avg_silhouette': 0.6164614634674862, 'num_points': 5}, {'avg_silhouette': 0.6230547818520914, 'num_points': 7}, {'avg_silhouette': 0.5761302813593525, 'num_points': 7}, {'avg_silhouette': 0.5915341966123326, 'num_points': 5}, {'avg_silhouette': 0.42606281631426307, 'num_points': 5}, {'avg_silhouette': 0.44155559489339297, 'num_points': 6}, {'avg_silhouette': 0.371936619714519, 'num_points': 6}, {'avg_silhouette': 0.6099294393632437, 'num_points': 5}, {'avg_silhouette': 0.5865040575412969, 'num_points': 4}, {'avg_silhouette': 0.9239849280321559, 'num_points': 10}]",5.0,72,0.2854958693200802,,4,0.4041651832911485
AGGLC,ward,,"[{'avg_silhouette': -0.20550863483772522, 'num_points': 731}, {'avg_silhouette': -0.1334453028722082, 'num_points': 1443}, {'avg_silhouette': 0.1123730335890258, 'num_points': 423}, {'avg_silhouette': 0.24010545787385862, 'num_points': 1211}, {'avg_silhouette': 0.3648213168701543, 'num_points': 1611}, {'avg_silhouette': 0.7126308067178949, 'num_points': 2191}, {'avg_silhouette': 0.4083463635159384, 'num_points': 73}]",,7,0.28301752467991886,,6,0.18182944622350003
K-means,,,"[{'avg_silhouette': 0.30748856587544, 'num_points': 3937}, {'avg_silhouette': 0.4027261267622489, 'num_points': 41}, {'avg_silhouette': 0.33824238640961923, 'num_points': 1947}, {'avg_silhouette': 0.16358157589113548, 'num_points': 1758}]",,4,0.2828619799303663,,3,0.2697708427253982
DBSCAN,,0.2799158227686096,"[{'avg_silhouette': 0.40907012844302615, 'num_points': 1110}, {'avg_silhouette': 0.3273934142281228, 'num_points': 403}, {'avg_silhouette': 0.607803118832565, 'num_points': 1952}, {'avg_silhouette': 0.3107240402945141, 'num_points': 228}, {'avg_silhouette': 0.448295454374867, 'num_points': 192}, {'avg_silhouette': 0.5337697054171469, 'num_points': 258}, {'avg_silhouette': 0.28120587132267516, 'num_points': 649}, {'avg_silhouette': 0.38019265871618474, 'num_points': 19}, {'avg_silhouette': 0.2790037292529859, 'num_points': 143}, {'avg_silhouette': 0.4851643343370413, 'num_points': 35}, {'avg_silhouette': 0.46329932581111455, 'num_points': 69}, {'avg_silhouette': 0.45980577736488765, 'num_points': 7}, {'avg_silhouette': 0.6619293005498155, 'num_points': 25}, {'avg_silhouette': 0.28299746002318343, 'num_points': 105}, {'avg_silhouette': 0.3848697903068975, 'num_points': 7}, {'avg_silhouette': 0.46494462403331194, 'num_points': 32}, {'avg_silhouette': 0.837397003936991, 'num_points': 20}, {'avg_silhouette': 0.49801583822119255, 'num_points': 36}, {'avg_silhouette': 0.40659947442880373, 'num_points': 20}, {'avg_silhouette': 0.5885092537605445, 'num_points': 17}, {'avg_silhouette': 0.4295589922740631, 'num_points': 16}, {'avg_silhouette': 0.5189015181813529, 'num_points': 20}, {'avg_silhouette': 0.33591234729657193, 'num_points': 34}, {'avg_silhouette': 0.42451276591364073, 'num_points': 19}, {'avg_silhouette': 0.5719377453225032, 'num_points': 73}, {'avg_silhouette': 0.33899541592658966, 'num_points': 53}, {'avg_silhouette': 0.41084811546589517, 'num_points': 5}, {'avg_silhouette': 0.5466361607076464, 'num_points': 6}, {'avg_silhouette': 0.3268863959247779, 'num_points': 13}, {'avg_silhouette': 0.279982277961491, 'num_points': 44}, {'avg_silhouette': 0.4489487721342778, 'num_points': 11}, {'avg_silhouette': 0.6830597247161501, 'num_points': 5}, {'avg_silhouette': 0.38597217428109243, 'num_points': 28}, {'avg_silhouette': 0.35182902540420924, 'num_points': 91}, {'avg_silhouette': 0.6424533725243171, 'num_points': 6}, {'avg_silhouette': 0.43775399989206054, 'num_points': 30}, {'avg_silhouette': 0.3420281574458729, 'num_points': 43}, {'avg_silhouette': 0.23273686853364214, 'num_points': 51}, {'avg_silhouette': 0.6269388706229585, 'num_points': 5}, {'avg_silhouette': 0.19711575523844835, 'num_points': 50}, {'avg_silhouette': 0.5638552567430638, 'num_points': 49}, {'avg_silhouette': 0.3584153984050334, 'num_points': 13}, {'avg_silhouette': 0.4286987376299387, 'num_points': 16}, {'avg_silhouette': 0.3907352607060594, 'num_points': 8}, {'avg_silhouette': 0.44693288781204793, 'num_points': 9}, {'avg_silhouette': 0.5228703477835667, 'num_points': 9}, {'avg_silhouette': 0.808691525651002, 'num_points': 6}, {'avg_silhouette': 0.8879001072153582, 'num_points': 6}, {'avg_silhouette': 0.38739648713837316, 'num_points': 8}, {'avg_silhouette': 0.3545556323017996, 'num_points': 5}, {'avg_silhouette': 0.8485611945533342, 'num_points': 5}, {'avg_silhouette': 0.6839824684898121, 'num_points': 6}, {'avg_silhouette': 0.5936414699025229, 'num_points': 16}, {'avg_silhouette': 0.37970209154361734, 'num_points': 8}, {'avg_silhouette': 0.5434341785582684, 'num_points': 16}, {'avg_silhouette': 0.7138668686495288, 'num_points': 5}, {'avg_silhouette': 0.577467298825438, 'num_points': 8}, {'avg_silhouette': 0.5992031714412558, 'num_points': 14}, {'avg_silhouette': 0.4117404769822769, 'num_points': 7}, {'avg_silhouette': 0.5870757429118635, 'num_points': 5}, {'avg_silhouette': 0.6647311719908449, 'num_points': 13}, {'avg_silhouette': 0.6164614634674862, 'num_points': 5}, {'avg_silhouette': 0.6211319572716968, 'num_points': 7}, {'avg_silhouette': 0.5735591343462865, 'num_points': 7}, {'avg_silhouette': 0.5903946518227676, 'num_points': 5}, {'avg_silhouette': 0.43496212998029515, 'num_points': 5}, {'avg_silhouette': 0.426958948869365, 'num_points': 5}, {'avg_silhouette': 0.5010165964180877, 'num_points': 5}, {'avg_silhouette': 0.6099294393632437, 'num_points': 5}, {'avg_silhouette': 0.5851868279840939, 'num_points': 4}, {'avg_silhouette': 0.9239622525954647, 'num_points': 10}]",5.0,71,0.2817939951496887,,4,0.40636813320659726
DBSCAN,,0.32991582276860965,"[{'avg_silhouette': 0.4223811017539328, 'num_points': 1111}, {'avg_silhouette': 0.3367218457445512, 'num_points': 409}, {'avg_silhouette': 0.6091006048456366, 'num_points': 1954}, {'avg_silhouette': 0.34359854229587955, 'num_points': 229}, {'avg_silhouette': 0.4444561425179959, 'num_points': 195}, {'avg_silhouette': 0.576061643722832, 'num_points': 261}, {'avg_silhouette': 0.2812705031143206, 'num_points': 662}, {'avg_silhouette': 0.38019265871618474, 'num_points': 19}, {'avg_silhouette': 0.28491321411462844, 'num_points': 149}, {'avg_silhouette': 0.6028231400471334, 'num_points': 28}, {'avg_silhouette': 0.46333260946572175, 'num_points': 69}, {'avg_silhouette': 0.8033398265615316, 'num_points': 26}, {'avg_silhouette': 0.2975529291797105, 'num_points': 108}, {'avg_silhouette': 0.3888056234202339, 'num_points': 36}, {'avg_silhouette': 0.8130926510223799, 'num_points': 21}, {'avg_silhouette': 0.4863614875495763, 'num_points': 37}, {'avg_silhouette': 0.38589209429146604, 'num_points': 21}, {'avg_silhouette': 0.5905768580915051, 'num_points': 17}, {'avg_silhouette': 0.4296368246552328, 'num_points': 16}, {'avg_silhouette': 0.5191219618245572, 'num_points': 20}, {'avg_silhouette': 0.3361899466275756, 'num_points': 34}, {'avg_silhouette': 0.4245822656645872, 'num_points': 19}, {'avg_silhouette': 0.5526878805528661, 'num_points': 76}, {'avg_silhouette': 0.32426361099277384, 'num_points': 55}, {'avg_silhouette': 0.3328570872214888, 'num_points': 45}, {'avg_silhouette': 0.5044794907001016, 'num_points': 31}, {'avg_silhouette': 0.38554167808354933, 'num_points': 91}, {'avg_silhouette': 0.41797489166146845, 'num_points': 31}, {'avg_silhouette': 0.3539203213909415, 'num_points': 44}, {'avg_silhouette': 0.23182622014221996, 'num_points': 61}, {'avg_silhouette': 0.3593185088520856, 'num_points': 13}, {'avg_silhouette': 0.23328529802055512, 'num_points': 53}, {'avg_silhouette': 0.5639181762251568, 'num_points': 49}, {'avg_silhouette': 0.3068750468969338, 'num_points': 15}, {'avg_silhouette': 0.429013939196016, 'num_points': 16}, {'avg_silhouette': 0.33382230675474606, 'num_points': 13}, {'avg_silhouette': 0.6367735054132782, 'num_points': 16}, {'avg_silhouette': 0.5460585579317134, 'num_points': 16}, {'avg_silhouette': 0.6447222070774108, 'num_points': 14}, {'avg_silhouette': 0.6681657047321792, 'num_points': 13}, {'avg_silhouette': 0.35355372765981985, 'num_points': 10}, {'avg_silhouette': 0.9240322727494734, 'num_points': 10}]",10.0,42,0.27984495262325426,,4,0.41236851386461026
DBSCAN,,0.3999158227686097,"[{'avg_silhouette': 0.43539669536180614, 'num_points': 1418}, {'avg_silhouette': 0.3381046367662074, 'num_points': 3272}, {'avg_silhouette': 0.29509985612600803, 'num_points': 1016}, {'avg_silhouette': 0.47183869184230914, 'num_points': 12}, {'avg_silhouette': 0.46654836172664627, 'num_points': 98}, {'avg_silhouette': 0.381027057319239, 'num_points': 45}, {'avg_silhouette': 0.5475686117418384, 'num_points': 30}, {'avg_silhouette': 0.37581723283780777, 'num_points': 94}, {'avg_silhouette': 0.7501748246123288, 'num_points': 25}, {'avg_silhouette': 0.43902838260610116, 'num_points': 27}, {'avg_silhouette': 0.3562737892513191, 'num_points': 156}, {'avg_silhouette': 0.41059777171504175, 'num_points': 7}, {'avg_silhouette': 0.3419503543808667, 'num_points': 51}, {'avg_silhouette': 0.44908784224127746, 'num_points': 92}, {'avg_silhouette': 0.3697492225042019, 'num_points': 57}, {'avg_silhouette': 0.44573756461066666, 'num_points': 9}, {'avg_silhouette': 0.32189091079226306, 'num_points': 80}, {'avg_silhouette': 0.5075113473194397, 'num_points': 56}, {'avg_silhouette': 0.49701106807979506, 'num_points': 6}, {'avg_silhouette': 0.4812040462867449, 'num_points': 11}, {'avg_silhouette': 0.7476209165499947, 'num_points': 7}, {'avg_silhouette': 0.8193069494186348, 'num_points': 6}, {'avg_silhouette': 0.28810240927674385, 'num_points': 4}, {'avg_silhouette': 0.3490476701956533, 'num_points': 6}, {'avg_silhouette': 0.39394042362705156, 'num_points': 27}, {'avg_silhouette': 0.8519541279127717, 'num_points': 5}, {'avg_silhouette': 0.5417363343486121, 'num_points': 8}, {'avg_silhouette': 0.6420263226986033, 'num_points': 14}, {'avg_silhouette': 0.44450230636697496, 'num_points': 22}, {'avg_silhouette': 0.4988308513086165, 'num_points': 8}, {'avg_silhouette': 0.29688527933336045, 'num_points': 9}, {'avg_silhouette': 0.5848881967038965, 'num_points': 7}, {'avg_silhouette': 0.4697779117891357, 'num_points': 13}, {'avg_silhouette': 0.46742936710226324, 'num_points': 18}, {'avg_silhouette': 0.5031930908470319, 'num_points': 6}, {'avg_silhouette': 0.4372076213973717, 'num_points': 13}, {'avg_silhouette': 0.45281899237538525, 'num_points': 9}, {'avg_silhouette': 0.4290492679656947, 'num_points': 5}, {'avg_silhouette': 0.5836675112092967, 'num_points': 7}, {'avg_silhouette': 0.5946098894166525, 'num_points': 5}, {'avg_silhouette': 0.49553797762770724, 'num_points': 5}, {'avg_silhouette': 0.4745352351349913, 'num_points': 5}, {'avg_silhouette': 0.6580239202484554, 'num_points': 5}, {'avg_silhouette': 0.47865005346355394, 'num_points': 5}, {'avg_silhouette': 0.9256363496180328, 'num_points': 10}]",5.0,45,0.2792458977802485,,3,0.35620039608467385
K-means,,,"[{'avg_silhouette': 0.1657865272442117, 'num_points': 1762}, {'avg_silhouette': 0.2987285768211546, 'num_points': 3973}, {'avg_silhouette': 0.34117106513091583, 'num_points': 1948}]",,3,0.27900113648181335,,3,0.26856205639876074
DBSCAN,,0.2699158227686096,"[{'avg_silhouette': 0.4102330352178138, 'num_points': 1109}, {'avg_silhouette': 0.33914910390001685, 'num_points': 397}, {'avg_silhouette': 0.6103876333192056, 'num_points': 1949}, {'avg_silhouette': 0.3012233484200386, 'num_points': 227}, {'avg_silhouette': 0.45052688443564115, 'num_points': 192}, {'avg_silhouette': 0.5229404592673136, 'num_points': 257}, {'avg_silhouette': 0.28527204601664125, 'num_points': 644}, {'avg_silhouette': 0.38019265871618474, 'num_points': 19}, {'avg_silhouette': 0.2975178817889483, 'num_points': 141}, {'avg_silhouette': 0.48501801570653447, 'num_points': 35}, {'avg_silhouette': 0.46329932581111455, 'num_points': 69}, {'avg_silhouette': 0.45913060152338314, 'num_points': 7}, {'avg_silhouette': 0.6621685434022517, 'num_points': 25}, {'avg_silhouette': 0.2752758792946408, 'num_points': 104}, {'avg_silhouette': 0.47146983872606785, 'num_points': 32}, {'avg_silhouette': 0.8373880048678553, 'num_points': 20}, {'avg_silhouette': 0.49713940216859737, 'num_points': 36}, {'avg_silhouette': 0.40659947442880373, 'num_points': 20}, {'avg_silhouette': 0.5881116864361156, 'num_points': 17}, {'avg_silhouette': 0.4292721428733015, 'num_points': 16}, {'avg_silhouette': 0.518473441213051, 'num_points': 20}, {'avg_silhouette': 0.3274804235029296, 'num_points': 34}, {'avg_silhouette': 0.42422827695696325, 'num_points': 19}, {'avg_silhouette': 0.5719377453225032, 'num_points': 73}, {'avg_silhouette': 0.33899541592658966, 'num_points': 53}, {'avg_silhouette': 0.4105659641228504, 'num_points': 5}, {'avg_silhouette': 0.6538630950018183, 'num_points': 5}, {'avg_silhouette': 0.3268863959247779, 'num_points': 13}, {'avg_silhouette': 0.28921317683274866, 'num_points': 43}, {'avg_silhouette': 0.4272855947713748, 'num_points': 26}, {'avg_silhouette': 0.37762840347419485, 'num_points': 88}, {'avg_silhouette': 0.6424533725243171, 'num_points': 6}, {'avg_silhouette': 0.43775399989206054, 'num_points': 30}, {'avg_silhouette': 0.36656064975458047, 'num_points': 40}, {'avg_silhouette': 0.4489487721342778, 'num_points': 11}, {'avg_silhouette': 0.6265498674309303, 'num_points': 5}, {'avg_silhouette': 0.2241720204556262, 'num_points': 48}, {'avg_silhouette': 0.5724138073454691, 'num_points': 48}, {'avg_silhouette': 0.2916201440347698, 'num_points': 48}, {'avg_silhouette': 0.3701891658527026, 'num_points': 12}, {'avg_silhouette': 0.4281785331929941, 'num_points': 16}, {'avg_silhouette': 0.41876266730135736, 'num_points': 7}, {'avg_silhouette': 0.44594268883709, 'num_points': 9}, {'avg_silhouette': 0.5228703477835667, 'num_points': 9}, {'avg_silhouette': 0.8417156518361171, 'num_points': 5}, {'avg_silhouette': 0.8877518213760812, 'num_points': 6}, {'avg_silhouette': 0.46992435037438285, 'num_points': 6}, {'avg_silhouette': 0.8485289305638988, 'num_points': 5}, {'avg_silhouette': 0.6839824684898121, 'num_points': 6}, {'avg_silhouette': 0.5936414699025229, 'num_points': 16}, {'avg_silhouette': 0.37846999636086054, 'num_points': 8}, {'avg_silhouette': 0.5431104685450642, 'num_points': 16}, {'avg_silhouette': 0.7135562025143118, 'num_points': 5}, {'avg_silhouette': 0.577467298825438, 'num_points': 8}, {'avg_silhouette': 0.5992031714412558, 'num_points': 14}, {'avg_silhouette': 0.586911914089421, 'num_points': 5}, {'avg_silhouette': 0.6647311719908449, 'num_points': 13}, {'avg_silhouette': 0.6133264116063555, 'num_points': 5}, {'avg_silhouette': 0.6211319572716968, 'num_points': 7}, {'avg_silhouette': 0.4180773311227646, 'num_points': 5}, {'avg_silhouette': 0.5008738948600716, 'num_points': 5}, {'avg_silhouette': 0.6099294393632437, 'num_points': 5}, {'avg_silhouette': 0.5077275038757161, 'num_points': 5}, {'avg_silhouette': 0.6858370247418739, 'num_points': 5}, {'avg_silhouette': 0.9239500504669497, 'num_points': 10}, {'avg_silhouette': 0.4366673536266121, 'num_points': 6}]",5.0,66,0.2781277941279397,,4,0.4112604546134193
DBSCAN,,0.31991582276860964,"[{'avg_silhouette': 0.4223811017539328, 'num_points': 1111}, {'avg_silhouette': 0.3236993960378502, 'num_points': 408}, {'avg_silhouette': 0.6092948588245882, 'num_points': 1953}, {'avg_silhouette': 0.34359854229587955, 'num_points': 229}, {'avg_silhouette': 0.4443242697499727, 'num_points': 195}, {'avg_silhouette': 0.5759571023333796, 'num_points': 261}, {'avg_silhouette': 0.27935017802133394, 'num_points': 662}, {'avg_silhouette': 0.38019265871618474, 'num_points': 19}, {'avg_silhouette': 0.29837696921946477, 'num_points': 149}, {'avg_silhouette': 0.6028231400471334, 'num_points': 28}, {'avg_silhouette': 0.46333260946572175, 'num_points': 69}, {'avg_silhouette': 0.8033276453547951, 'num_points': 26}, {'avg_silhouette': 0.296800165704845, 'num_points': 108}, {'avg_silhouette': 0.45402104417175737, 'num_points': 33}, {'avg_silhouette': 0.8130926510223799, 'num_points': 21}, {'avg_silhouette': 0.5033691153900697, 'num_points': 36}, {'avg_silhouette': 0.41267796006777624, 'num_points': 20}, {'avg_silhouette': 0.5905768580915051, 'num_points': 17}, {'avg_silhouette': 0.4296368246552328, 'num_points': 16}, {'avg_silhouette': 0.5190106852415007, 'num_points': 20}, {'avg_silhouette': 0.3361899466275756, 'num_points': 34}, {'avg_silhouette': 0.4245822656645872, 'num_points': 19}, {'avg_silhouette': 0.5526878805528661, 'num_points': 76}, {'avg_silhouette': 0.3174701095924663, 'num_points': 55}, {'avg_silhouette': 0.33276243441157427, 'num_points': 45}, {'avg_silhouette': 0.5176313639131072, 'num_points': 30}, {'avg_silhouette': 0.38554167808354933, 'num_points': 91}, {'avg_silhouette': 0.41797489166146845, 'num_points': 31}, {'avg_silhouette': 0.3539203213909415, 'num_points': 44}, {'avg_silhouette': 0.23832694466289348, 'num_points': 59}, {'avg_silhouette': 0.3593185088520856, 'num_points': 13}, {'avg_silhouette': 0.26958234294141237, 'num_points': 52}, {'avg_silhouette': 0.5639181762251568, 'num_points': 49}, {'avg_silhouette': 0.3068750468969338, 'num_points': 15}, {'avg_silhouette': 0.42885591340809304, 'num_points': 16}, {'avg_silhouette': 0.33382230675474606, 'num_points': 13}, {'avg_silhouette': 0.6367735054132782, 'num_points': 16}, {'avg_silhouette': 0.5460585579317134, 'num_points': 16}, {'avg_silhouette': 0.6447222070774108, 'num_points': 14}, {'avg_silhouette': 0.6681657047321792, 'num_points': 13}, {'avg_silhouette': 0.9240297802293027, 'num_points': 10}]",10.0,41,0.27793620662104784,,4,0.40868138365942625
K-means,,,"[{'avg_silhouette': 0.21914561213185543, 'num_points': 417}, {'avg_silhouette': 0.6343326520015549, 'num_points': 2345}, {'avg_silhouette': 0.16777160883209377, 'num_points': 1593}, {'avg_silhouette': -0.12143477983318568, 'num_points': 261}, {'avg_silhouette': 0.25216537308890824, 'num_points': 1067}, {'avg_silhouette': -0.04079562541596969, 'num_points': 483}, {'avg_silhouette': -0.04204757727912305, 'num_points': 107}, {'avg_silhouette': 0.09014433264837973, 'num_points': 966}, {'avg_silhouette': -0.03112230824485409, 'num_points': 444}]",,9,0.27757095929381737,,7,0.1845202350059955
DBSCAN,,0.30991582276860963,"[{'avg_silhouette': 0.4219305076086962, 'num_points': 1111}, {'avg_silhouette': 0.32828569135926844, 'num_points': 406}, {'avg_silhouette': 0.6092948588245882, 'num_points': 1953}, {'avg_silhouette': 0.34624474906520925, 'num_points': 228}, {'avg_silhouette': 0.443598939607261, 'num_points': 195}, {'avg_silhouette': 0.5812493400752281, 'num_points': 260}, {'avg_silhouette': 0.2874314963138941, 'num_points': 657}, {'avg_silhouette': 0.38019265871618474, 'num_points': 19}, {'avg_silhouette': 0.2950698217741202, 'num_points': 149}, {'avg_silhouette': 0.6028231400471334, 'num_points': 28}, {'avg_silhouette': 0.46333260946572175, 'num_points': 69}, {'avg_silhouette': 0.8033234100406664, 'num_points': 26}, {'avg_silhouette': 0.29549665010470433, 'num_points': 108}, {'avg_silhouette': 0.4539957985276285, 'num_points': 33}, {'avg_silhouette': 0.8130926510223799, 'num_points': 21}, {'avg_silhouette': 0.5009419345089777, 'num_points': 36}, {'avg_silhouette': 0.41267796006777624, 'num_points': 20}, {'avg_silhouette': 0.5893777252201647, 'num_points': 17}, {'avg_silhouette': 0.4296368246552328, 'num_points': 16}, {'avg_silhouette': 0.5190106852415007, 'num_points': 20}, {'avg_silhouette': 0.3361899466275756, 'num_points': 34}, {'avg_silhouette': 0.4245822656645872, 'num_points': 19}, {'avg_silhouette': 0.5527050389894115, 'num_points': 76}, {'avg_silhouette': 0.3174701095924663, 'num_points': 55}, {'avg_silhouette': 0.3324245438898289, 'num_points': 45}, {'avg_silhouette': 0.545594038753475, 'num_points': 28}, {'avg_silhouette': 0.38554167808354933, 'num_points': 91}, {'avg_silhouette': 0.43775399989206054, 'num_points': 30}, {'avg_silhouette': 0.3490121221640272, 'num_points': 44}, {'avg_silhouette': 0.23863657219630457, 'num_points': 58}, {'avg_silhouette': 0.39471914615782483, 'num_points': 12}, {'avg_silhouette': 0.26715189213296875, 'num_points': 52}, {'avg_silhouette': 0.5639181762251568, 'num_points': 49}, {'avg_silhouette': 0.42885591340809304, 'num_points': 16}, {'avg_silhouette': 0.3268863959247779, 'num_points': 13}, {'avg_silhouette': 0.33162189585641366, 'num_points': 14}, {'avg_silhouette': 0.6367735054132782, 'num_points': 16}, {'avg_silhouette': 0.544539892021623, 'num_points': 16}, {'avg_silhouette': 0.6447222070774108, 'num_points': 14}, {'avg_silhouette': 0.6681657047321792, 'num_points': 13}, {'avg_silhouette': 0.9240074311464067, 'num_points': 10}]",10.0,41,0.2775582615056709,,4,0.41173563852661177
AGGLC,ward,,"[{'avg_silhouette': -0.21759339732477467, 'num_points': 804}, {'avg_silhouette': -0.1334418562620262, 'num_points': 1443}, {'avg_silhouette': 0.1123730335890258, 'num_points': 423}, {'avg_silhouette': 0.2401406093033162, 'num_points': 1211}, {'avg_silhouette': 0.3649068780976866, 'num_points': 1611}, {'avg_silhouette': 0.7126308067178949, 'num_points': 2191}]",,6,0.275944482516404,,6,0.17983601235352045
K-means,,,"[{'avg_silhouette': 0.19161600089163264, 'num_points': 263}, {'avg_silhouette': -0.09145555531635231, 'num_points': 162}, {'avg_silhouette': 0.600335926146307, 'num_points': 2089}, {'avg_silhouette': 0.20130200015233546, 'num_points': 1222}, {'avg_silhouette': 0.16373628016009384, 'num_points': 741}, {'avg_silhouette': 0.1613325493615127, 'num_points': 259}, {'avg_silhouette': 0.01573194796073268, 'num_points': 319}, {'avg_silhouette': 0.3424266846031813, 'num_points': 975}, {'avg_silhouette': -0.12250088088505258, 'num_points': 167}, {'avg_silhouette': 0.23134996420716694, 'num_points': 421}, {'avg_silhouette': 0.0738562088430639, 'num_points': 432}, {'avg_silhouette': 0.005515780067063206, 'num_points': 351}, {'avg_silhouette': -0.1191941636609925, 'num_points': 282}]",,13,0.27526227770983114,,6,0.2688345106853581
DBSCAN,,0.2999158227686096,"[{'avg_silhouette': 0.42348501348599327, 'num_points': 1109}, {'avg_silhouette': 0.3321325071901412, 'num_points': 403}, {'avg_silhouette': 0.6086030170787469, 'num_points': 1953}, {'avg_silhouette': 0.3458407334552405, 'num_points': 228}, {'avg_silhouette': 0.4480127703778942, 'num_points': 194}, {'avg_silhouette': 0.5781319734883307, 'num_points': 259}, {'avg_silhouette': 0.2913785096735838, 'num_points': 653}, {'avg_silhouette': 0.38019265871618474, 'num_points': 19}, {'avg_silhouette': 0.3073608547170787, 'num_points': 145}, {'avg_silhouette': 0.6243314204937858, 'num_points': 27}, {'avg_silhouette': 0.46333260946572175, 'num_points': 69}, {'avg_silhouette': 0.8033171680884108, 'num_points': 26}, {'avg_silhouette': 0.3027009134136416, 'num_points': 106}, {'avg_silhouette': 0.4538908215598997, 'num_points': 33}, {'avg_silhouette': 0.8373774582161791, 'num_points': 20}, {'avg_silhouette': 0.49983632166077296, 'num_points': 36}, {'avg_silhouette': 0.41267796006777624, 'num_points': 20}, {'avg_silhouette': 0.5889479122383692, 'num_points': 17}, {'avg_silhouette': 0.4292940368472317, 'num_points': 16}, {'avg_silhouette': 0.5190106852415007, 'num_points': 20}, {'avg_silhouette': 0.3335627559064415, 'num_points': 34}, {'avg_silhouette': 0.5656323895764375, 'num_points': 74}, {'avg_silhouette': 0.3174701095924663, 'num_points': 55}, {'avg_silhouette': 0.3323021518602719, 'num_points': 45}, {'avg_silhouette': 0.4242694566027076, 'num_points': 19}, {'avg_silhouette': 0.5450239855005906, 'num_points': 28}, {'avg_silhouette': 0.39353978693317876, 'num_points': 90}, {'avg_silhouette': 0.42491688623617446, 'num_points': 30}, {'avg_silhouette': 0.3350467649306188, 'num_points': 44}, {'avg_silhouette': 0.39376412188063065, 'num_points': 12}, {'avg_silhouette': 0.276211417062769, 'num_points': 50}, {'avg_silhouette': 0.5637818340867372, 'num_points': 49}, {'avg_silhouette': 0.29545121991623763, 'num_points': 48}, {'avg_silhouette': 0.42885591340809304, 'num_points': 16}, {'avg_silhouette': 0.3853089601328036, 'num_points': 10}, {'avg_silhouette': 0.3607595893196332, 'num_points': 13}, {'avg_silhouette': 0.6367735054132782, 'num_points': 16}, {'avg_silhouette': 0.5439961298514209, 'num_points': 16}, {'avg_silhouette': 0.6441933445710895, 'num_points': 14}, {'avg_silhouette': 0.6658073777000482, 'num_points': 13}, {'avg_silhouette': 0.9239849280321559, 'num_points': 10}]",10.0,41,0.2750423771327963,,4,0.4138997618571163
DBSCAN,,0.5999158227686099,"[{'avg_silhouette': 0.29655200598233766, 'num_points': 7052}, {'avg_silhouette': 0.42980866616854374, 'num_points': 21}, {'avg_silhouette': 0.7069961586371485, 'num_points': 30}, {'avg_silhouette': 0.49480220247675244, 'num_points': 66}, {'avg_silhouette': 0.6504159009891823, 'num_points': 5}, {'avg_silhouette': 0.6345772063769465, 'num_points': 6}, {'avg_silhouette': 0.5495023474096005, 'num_points': 29}, {'avg_silhouette': 0.522677647996963, 'num_points': 8}, {'avg_silhouette': 0.5339834422991224, 'num_points': 12}, {'avg_silhouette': 0.5493199770650373, 'num_points': 6}, {'avg_silhouette': 0.7157636731942898, 'num_points': 8}, {'avg_silhouette': 0.4831077734142424, 'num_points': 10}, {'avg_silhouette': 0.6493134645773199, 'num_points': 6}, {'avg_silhouette': 0.8613794850896056, 'num_points': 5}, {'avg_silhouette': 0.6630825131643407, 'num_points': 5}, {'avg_silhouette': 0.7558091913508573, 'num_points': 13}, {'avg_silhouette': 0.7686367122140364, 'num_points': 5}]",5.0,17,0.2739933090726625,,1,
DBSCAN,,0.5899158227686099,"[{'avg_silhouette': 0.29687304379942586, 'num_points': 7048}, {'avg_silhouette': 0.4297253579682598, 'num_points': 21}, {'avg_silhouette': 0.7069632432376928, 'num_points': 30}, {'avg_silhouette': 0.4947463680412204, 'num_points': 66}, {'avg_silhouette': 0.6503803534897384, 'num_points': 5}, {'avg_silhouette': 0.6345323629252602, 'num_points': 6}, {'avg_silhouette': 0.5572896022496093, 'num_points': 28}, {'avg_silhouette': 0.5226159151201242, 'num_points': 8}, {'avg_silhouette': 0.5339404133270088, 'num_points': 12}, {'avg_silhouette': 0.5492669843296908, 'num_points': 6}, {'avg_silhouette': 0.7157636731942898, 'num_points': 8}, {'avg_silhouette': 0.4831077734142424, 'num_points': 10}, {'avg_silhouette': 0.6492672582645554, 'num_points': 6}, {'avg_silhouette': 0.8613586919916969, 'num_points': 5}, {'avg_silhouette': 0.6630825131643407, 'num_points': 5}, {'avg_silhouette': 0.7557817807873095, 'num_points': 13}, {'avg_silhouette': 0.7686095663021064, 'num_points': 5}]",5.0,17,0.27392595855275637,,1,
DBSCAN,,0.2599158227686096,"[{'avg_silhouette': 0.41173348737808385, 'num_points': 1107}, {'avg_silhouette': 0.3421546363265681, 'num_points': 395}, {'avg_silhouette': 0.6103876333192056, 'num_points': 1949}, {'avg_silhouette': 0.3011458404297753, 'num_points': 227}, {'avg_silhouette': 0.45052688443564115, 'num_points': 192}, {'avg_silhouette': 0.5265019942022766, 'num_points': 256}, {'avg_silhouette': 0.2724027679177841, 'num_points': 638}, {'avg_silhouette': 0.37912273937546, 'num_points': 19}, {'avg_silhouette': 0.31562550741861, 'num_points': 141}, {'avg_silhouette': 0.5338560598570662, 'num_points': 27}, {'avg_silhouette': 0.471044634808614, 'num_points': 68}, {'avg_silhouette': 0.4930501469709259, 'num_points': 6}, {'avg_silhouette': 0.8381145684976824, 'num_points': 24}, {'avg_silhouette': 0.2693425155824047, 'num_points': 104}, {'avg_silhouette': 0.47138452385892243, 'num_points': 32}, {'avg_silhouette': 0.8373685677881542, 'num_points': 20}, {'avg_silhouette': 0.5418854879916548, 'num_points': 34}, {'avg_silhouette': 0.40659947442880373, 'num_points': 20}, {'avg_silhouette': 0.587175872662171, 'num_points': 17}, {'avg_silhouette': 0.4289301471803699, 'num_points': 16}, {'avg_silhouette': 0.518473441213051, 'num_points': 20}, {'avg_silhouette': 0.3357698979762957, 'num_points': 33}, {'avg_silhouette': 0.4238896742065911, 'num_points': 19}, {'avg_silhouette': 0.5719377453225032, 'num_points': 73}, {'avg_silhouette': 0.33899541592658966, 'num_points': 53}, {'avg_silhouette': 0.4101821450797076, 'num_points': 5}, {'avg_silhouette': 0.6538630950018183, 'num_points': 5}, {'avg_silhouette': 0.34493379133451246, 'num_points': 12}, {'avg_silhouette': 0.28916472328046616, 'num_points': 43}, {'avg_silhouette': 0.44972145594168284, 'num_points': 25}, {'avg_silhouette': 0.3776325657402522, 'num_points': 88}, {'avg_silhouette': 0.4317854486728891, 'num_points': 30}, {'avg_silhouette': 0.36656064975458047, 'num_points': 40}, {'avg_silhouette': 0.4489487721342778, 'num_points': 11}, {'avg_silhouette': 0.6262213045640805, 'num_points': 5}, {'avg_silhouette': 0.19849555966691712, 'num_points': 34}, {'avg_silhouette': 0.572245934575486, 'num_points': 48}, {'avg_silhouette': 0.31348983246774337, 'num_points': 45}, {'avg_silhouette': 0.3701891658527026, 'num_points': 12}, {'avg_silhouette': 0.4281785331929941, 'num_points': 16}, {'avg_silhouette': 0.41410099695683417, 'num_points': 7}, {'avg_silhouette': 0.5609936156339932, 'num_points': 7}, {'avg_silhouette': 0.6214689428478923, 'num_points': 5}, {'avg_silhouette': 0.8412322888108239, 'num_points': 5}, {'avg_silhouette': 0.8877518213760812, 'num_points': 6}, {'avg_silhouette': 0.5236221111284463, 'num_points': 5}, {'avg_silhouette': 0.626808156489897, 'num_points': 6}, {'avg_silhouette': 0.8485289305638988, 'num_points': 5}, {'avg_silhouette': 0.6839824684898121, 'num_points': 6}, {'avg_silhouette': 0.5936414699025229, 'num_points': 16}, {'avg_silhouette': 0.29170203271526396, 'num_points': 13}, {'avg_silhouette': 0.5419320849897065, 'num_points': 16}, {'avg_silhouette': 0.5769313577137447, 'num_points': 8}, {'avg_silhouette': 0.5992031714412558, 'num_points': 14}, {'avg_silhouette': 0.586911914089421, 'num_points': 5}, {'avg_silhouette': 0.6647311719908449, 'num_points': 13}, {'avg_silhouette': 0.3500625827118577, 'num_points': 7}, {'avg_silhouette': 0.6133264116063555, 'num_points': 5}, {'avg_silhouette': 0.6211319572716968, 'num_points': 7}, {'avg_silhouette': 0.7128363021208639, 'num_points': 5}, {'avg_silhouette': 0.5153638119441312, 'num_points': 5}, {'avg_silhouette': 0.4180773311227646, 'num_points': 5}, {'avg_silhouette': 0.6099294393632437, 'num_points': 5}, {'avg_silhouette': 0.5008738948600716, 'num_points': 5}, {'avg_silhouette': 0.9239424617777153, 'num_points': 10}, {'avg_silhouette': 0.4361028328814953, 'num_points': 6}]",5.0,66,0.2732598186274398,,4,0.4091696312354104
DBSCAN,,0.2899158227686096,"[{'avg_silhouette': 0.4201500589515638, 'num_points': 1107}, {'avg_silhouette': 0.32829795219756375, 'num_points': 403}, {'avg_silhouette': 0.6074654871992677, 'num_points': 1953}, {'avg_silhouette': 0.34559597176665213, 'num_points': 228}, {'avg_silhouette': 0.4512444649104029, 'num_points': 193}, {'avg_silhouette': 0.5724917387145778, 'num_points': 259}, {'avg_silhouette': 0.2958745315049727, 'num_points': 648}, {'avg_silhouette': 0.38019265871618474, 'num_points': 19}, {'avg_silhouette': 0.3088252417651846, 'num_points': 144}, {'avg_silhouette': 0.6242372645182915, 'num_points': 27}, {'avg_silhouette': 0.46333260946572175, 'num_points': 69}, {'avg_silhouette': 0.8033171680884108, 'num_points': 26}, {'avg_silhouette': 0.30843867938619157, 'num_points': 105}, {'avg_silhouette': 0.472221768841401, 'num_points': 32}, {'avg_silhouette': 0.8373699004994807, 'num_points': 20}, {'avg_silhouette': 0.49851901720185193, 'num_points': 36}, {'avg_silhouette': 0.4099410812628913, 'num_points': 20}, {'avg_silhouette': 0.5883736958926334, 'num_points': 17}, {'avg_silhouette': 0.4643835171136626, 'num_points': 15}, {'avg_silhouette': 0.5190106852415007, 'num_points': 20}, {'avg_silhouette': 0.3308094602044959, 'num_points': 34}, {'avg_silhouette': 0.5656323895764375, 'num_points': 74}, {'avg_silhouette': 0.328929402543897, 'num_points': 54}, {'avg_silhouette': 0.3447832022690133, 'num_points': 44}, {'avg_silhouette': 0.5795011622207897, 'num_points': 26}, {'avg_silhouette': 0.4017330665845392, 'num_points': 89}, {'avg_silhouette': 0.6118715655888691, 'num_points': 30}, {'avg_silhouette': 0.360528749156233, 'num_points': 41}, {'avg_silhouette': 0.4495652370237414, 'num_points': 11}, {'avg_silhouette': 0.28373627898780646, 'num_points': 49}, {'avg_silhouette': 0.5636782342839242, 'num_points': 49}, {'avg_silhouette': 0.31326584241078925, 'num_points': 46}, {'avg_silhouette': 0.42885591340809304, 'num_points': 16}, {'avg_silhouette': 0.4241110138369848, 'num_points': 19}, {'avg_silhouette': 0.3729627391656272, 'num_points': 12}, {'avg_silhouette': 0.6351392525670221, 'num_points': 16}, {'avg_silhouette': 0.6433181464059556, 'num_points': 14}, {'avg_silhouette': 0.6658073777000482, 'num_points': 13}, {'avg_silhouette': 0.5431914780732668, 'num_points': 15}, {'avg_silhouette': 0.9239849280321559, 'num_points': 10}]",10.0,40,0.27198454620440443,,4,0.412947007463342
K-means,,,"[{'avg_silhouette': 0.23346367094382203, 'num_points': 263}, {'avg_silhouette': -0.06351259530510629, 'num_points': 81}, {'avg_silhouette': -0.08407534728188656, 'num_points': 401}, {'avg_silhouette': 0.32531559464173726, 'num_points': 931}, {'avg_silhouette': 0.4630652795306699, 'num_points': 303}, {'avg_silhouette': 0.1915896000891571, 'num_points': 231}, {'avg_silhouette': 0.29824262213556785, 'num_points': 402}, {'avg_silhouette': 0.3441647250137653, 'num_points': 536}, {'avg_silhouette': 0.24062199163594775, 'num_points': 143}, {'avg_silhouette': 0.12251172699290191, 'num_points': 163}, {'avg_silhouette': -0.12942743240743063, 'num_points': 192}, {'avg_silhouette': 0.06995623645793955, 'num_points': 177}, {'avg_silhouette': 0.3405817587300638, 'num_points': 41}, {'avg_silhouette': 0.23016599290892967, 'num_points': 24}, {'avg_silhouette': -0.12386469184901065, 'num_points': 42}, {'avg_silhouette': 0.304409193499732, 'num_points': 22}, {'avg_silhouette': 0.2810588491991103, 'num_points': 127}, {'avg_silhouette': 0.3959594505426037, 'num_points': 55}, {'avg_silhouette': 0.3190731614648125, 'num_points': 21}, {'avg_silhouette': 0.2102238516586527, 'num_points': 139}, {'avg_silhouette': 0.21222558085685406, 'num_points': 49}, {'avg_silhouette': 0.3332168029827702, 'num_points': 226}, {'avg_silhouette': 0.17299446102695712, 'num_points': 178}, {'avg_silhouette': 0.1061203262427038, 'num_points': 17}, {'avg_silhouette': -0.11563269371326738, 'num_points': 158}, {'avg_silhouette': 0.055029348506608705, 'num_points': 51}, {'avg_silhouette': 0.32200427905904017, 'num_points': 68}, {'avg_silhouette': 0.03915948585998171, 'num_points': 113}, {'avg_silhouette': 0.02783428846078516, 'num_points': 81}, {'avg_silhouette': 0.21313512534073362, 'num_points': 16}, {'avg_silhouette': 0.4153111870715643, 'num_points': 24}, {'avg_silhouette': 0.09628954232391351, 'num_points': 19}, {'avg_silhouette': 0.12016536777611213, 'num_points': 20}, {'avg_silhouette': 0.07267132081241823, 'num_points': 118}, {'avg_silhouette': 0.003936607677587394, 'num_points': 52}, {'avg_silhouette': 0.11997786401302997, 'num_points': 24}, {'avg_silhouette': 0.39518713731790495, 'num_points': 44}, {'avg_silhouette': 0.18307167942216165, 'num_points': 171}, {'avg_silhouette': -0.04047619650845276, 'num_points': 16}, {'avg_silhouette': 0.5438411553455971, 'num_points': 1461}, {'avg_silhouette': -0.06587331497490118, 'num_points': 127}, {'avg_silhouette': 0.3030331902229383, 'num_points': 5}, {'avg_silhouette': 0.03860066245216631, 'num_points': 32}, {'avg_silhouette': 0.34307223325032216, 'num_points': 319}]",,44,0.27043309529882226,,5,0.2854977499709562
DBSCAN,,0.2799158227686096,"[{'avg_silhouette': 0.420150368386938, 'num_points': 1107}, {'avg_silhouette': 0.3360259361411711, 'num_points': 399}, {'avg_silhouette': 0.6095721923866152, 'num_points': 1950}, {'avg_silhouette': 0.34559597176665213, 'num_points': 228}, {'avg_silhouette': 0.4540875194355958, 'num_points': 192}, {'avg_silhouette': 0.5749576836459355, 'num_points': 258}, {'avg_silhouette': 0.30222793020321725, 'num_points': 642}, {'avg_silhouette': 0.37912273937546, 'num_points': 19}, {'avg_silhouette': 0.3131518620083747, 'num_points': 142}, {'avg_silhouette': 0.6242372645182915, 'num_points': 27}, {'avg_silhouette': 0.4710783261534136, 'num_points': 68}, {'avg_silhouette': 0.817144692884677, 'num_points': 25}, {'avg_silhouette': 0.3060417989156876, 'num_points': 105}, {'avg_silhouette': 0.4717168467160681, 'num_points': 32}, {'avg_silhouette': 0.8373699004994807, 'num_points': 20}, {'avg_silhouette': 0.4966906985113985, 'num_points': 36}, {'avg_silhouette': 0.40659947442880373, 'num_points': 20}, {'avg_silhouette': 0.5875719519898592, 'num_points': 17}, {'avg_silhouette': 0.4643835171136626, 'num_points': 15}, {'avg_silhouette': 0.5186363770998458, 'num_points': 20}, {'avg_silhouette': 0.35382053571116256, 'num_points': 32}, {'avg_silhouette': 0.5719377453225032, 'num_points': 73}, {'avg_silhouette': 0.33899541592658966, 'num_points': 53}, {'avg_silhouette': 0.34414086631741836, 'num_points': 44}, {'avg_silhouette': 0.5859938062880783, 'num_points': 25}, {'avg_silhouette': 0.40631534139103115, 'num_points': 88}, {'avg_silhouette': 0.6113602367857287, 'num_points': 30}, {'avg_silhouette': 0.360528749156233, 'num_points': 41}, {'avg_silhouette': 0.4489487721342778, 'num_points': 11}, {'avg_silhouette': 0.29365257099587644, 'num_points': 47}, {'avg_silhouette': 0.5636782342839242, 'num_points': 49}, {'avg_silhouette': 0.32933737790676343, 'num_points': 43}, {'avg_silhouette': 0.42838769823540607, 'num_points': 16}, {'avg_silhouette': 0.4241110138369848, 'num_points': 19}, {'avg_silhouette': 0.3729627391656272, 'num_points': 12}, {'avg_silhouette': 0.6351392525670221, 'num_points': 16}, {'avg_silhouette': 0.642289379191349, 'num_points': 14}, {'avg_silhouette': 0.6647311719908449, 'num_points': 13}, {'avg_silhouette': 0.5670952880603973, 'num_points': 12}, {'avg_silhouette': 0.9239565227445128, 'num_points': 10}]",10.0,40,0.2702011706858491,,4,0.41699410677948545
DBSCAN,,0.5799158227686099,"[{'avg_silhouette': 0.29344194817086067, 'num_points': 7036}, {'avg_silhouette': 0.44409163353701653, 'num_points': 20}, {'avg_silhouette': 0.7068229685170817, 'num_points': 30}, {'avg_silhouette': 0.4944829558865203, 'num_points': 66}, {'avg_silhouette': 0.6502313741972647, 'num_points': 5}, {'avg_silhouette': 0.6343732520641692, 'num_points': 6}, {'avg_silhouette': 0.556819817199353, 'num_points': 28}, {'avg_silhouette': 0.5224128738409524, 'num_points': 8}, {'avg_silhouette': 0.533767351390752, 'num_points': 12}, {'avg_silhouette': 0.5490805334855549, 'num_points': 6}, {'avg_silhouette': 0.7142198263426707, 'num_points': 8}, {'avg_silhouette': 0.4831077734142424, 'num_points': 10}, {'avg_silhouette': 0.6490960872114518, 'num_points': 6}, {'avg_silhouette': 0.8612821169231702, 'num_points': 5}, {'avg_silhouette': 0.6630825131643407, 'num_points': 5}, {'avg_silhouette': 0.7556779495581717, 'num_points': 13}, {'avg_silhouette': 0.7685108494786654, 'num_points': 5}]",5.0,17,0.26996297115910783,,1,
K-means,,,"[{'avg_silhouette': 0.6251980534705581, 'num_points': 2318}, {'avg_silhouette': 0.2981524799831863, 'num_points': 415}, {'avg_silhouette': 0.08983512812049511, 'num_points': 60}, {'avg_silhouette': 0.14857567807090855, 'num_points': 753}, {'avg_silhouette': 0.0702235695542888, 'num_points': 471}, {'avg_silhouette': 0.040945656938976206, 'num_points': 363}, {'avg_silhouette': 0.10814383933296312, 'num_points': 1361}, {'avg_silhouette': 0.02018207056511816, 'num_points': 59}, {'avg_silhouette': 0.1509306130228602, 'num_points': 261}, {'avg_silhouette': 0.12550594333825735, 'num_points': 978}, {'avg_silhouette': 0.09659971507988706, 'num_points': 229}, {'avg_silhouette': 0.3765833398761882, 'num_points': 76}, {'avg_silhouette': -0.0931700877924476, 'num_points': 232}, {'avg_silhouette': -0.11692965824857733, 'num_points': 107}]",,14,0.2688110737998235,,6,0.22929992729169366
DBSCAN,,0.2699158227686096,"[{'avg_silhouette': 0.42197870783553126, 'num_points': 1105}, {'avg_silhouette': 0.34019068595835683, 'num_points': 396}, {'avg_silhouette': 0.6093427027329346, 'num_points': 1949}, {'avg_silhouette': 0.3483150903243, 'num_points': 227}, {'avg_silhouette': 0.4599512493580461, 'num_points': 191}, {'avg_silhouette': 0.5821738296299117, 'num_points': 256}, {'avg_silhouette': 0.3058535150294523, 'num_points': 637}, {'avg_silhouette': 0.37912273937546, 'num_points': 19}, {'avg_silhouette': 0.31764282064960003, 'num_points': 140}, {'avg_silhouette': 0.6240091667331675, 'num_points': 27}, {'avg_silhouette': 0.4710783261534136, 'num_points': 68}, {'avg_silhouette': 0.8171288119532492, 'num_points': 25}, {'avg_silhouette': 0.47145288530066987, 'num_points': 32}, {'avg_silhouette': 0.8373525079697981, 'num_points': 20}, {'avg_silhouette': 0.3109995543594204, 'num_points': 104}, {'avg_silhouette': 0.4956658614757275, 'num_points': 36}, {'avg_silhouette': 0.4639684156384452, 'num_points': 15}, {'avg_silhouette': 0.518473441213051, 'num_points': 20}, {'avg_silhouette': 0.5719377453225032, 'num_points': 73}, {'avg_silhouette': 0.5871918306914474, 'num_points': 17}, {'avg_silhouette': 0.33899541592658966, 'num_points': 53}, {'avg_silhouette': 0.35382053571116256, 'num_points': 32}, {'avg_silhouette': 0.3519643344089688, 'num_points': 43}, {'avg_silhouette': 0.5854236774630285, 'num_points': 25}, {'avg_silhouette': 0.40631534139103115, 'num_points': 88}, {'avg_silhouette': 0.6107133724470539, 'num_points': 30}, {'avg_silhouette': 0.3716920119196778, 'num_points': 39}, {'avg_silhouette': 0.40659947442880373, 'num_points': 20}, {'avg_silhouette': 0.44757948214810256, 'num_points': 11}, {'avg_silhouette': 0.3155072330858504, 'num_points': 43}, {'avg_silhouette': 0.5721309488357305, 'num_points': 48}, {'avg_silhouette': 0.3281399691020661, 'num_points': 43}, {'avg_silhouette': 0.4281785331929941, 'num_points': 16}, {'avg_silhouette': 0.4448442013019839, 'num_points': 15}, {'avg_silhouette': 0.3953905305541295, 'num_points': 11}, {'avg_silhouette': 0.6344490842815702, 'num_points': 16}, {'avg_silhouette': 0.642289379191349, 'num_points': 14}, {'avg_silhouette': 0.6647311719908449, 'num_points': 13}, {'avg_silhouette': 0.5665507867064538, 'num_points': 12}, {'avg_silhouette': 0.9239435165762048, 'num_points': 10}]",10.0,40,0.2682311814955535,,4,0.41934140288906874
DBSCAN,,0.5999158227686099,"[{'avg_silhouette': 0.29543241161318284, 'num_points': 7041}, {'avg_silhouette': 0.43898257764253945, 'num_points': 20}, {'avg_silhouette': 0.7068489603541704, 'num_points': 30}, {'avg_silhouette': 0.5074333306441006, 'num_points': 64}, {'avg_silhouette': 0.5724719981526687, 'num_points': 26}, {'avg_silhouette': 0.7557203959346188, 'num_points': 13}]",10.0,6,0.26660885089271347,,1,
AGGLC,ward,,"[{'avg_silhouette': -0.18970215113515385, 'num_points': 1227}, {'avg_silhouette': -0.1319435357930405, 'num_points': 1443}, {'avg_silhouette': 0.7126308067178949, 'num_points': 2191}, {'avg_silhouette': 0.24159489875438994, 'num_points': 1211}, {'avg_silhouette': 0.3656076956028746, 'num_points': 1611}]",,5,0.26288955563380373,,5,0.199637542829393
DBSCAN,,0.3799158227686097,"[{'avg_silhouette': 0.452546421303264, 'num_points': 1415}, {'avg_silhouette': 0.3047763287645507, 'num_points': 3257}, {'avg_silhouette': 0.7449202271241202, 'num_points': 5}, {'avg_silhouette': 0.29707650567043054, 'num_points': 1009}, {'avg_silhouette': 0.46570000153375674, 'num_points': 12}, {'avg_silhouette': 0.46324416264986734, 'num_points': 98}, {'avg_silhouette': 0.39643526752527564, 'num_points': 45}, {'avg_silhouette': 0.5475686117418384, 'num_points': 30}, {'avg_silhouette': 0.3781660151011312, 'num_points': 92}, {'avg_silhouette': 0.7501387663632425, 'num_points': 25}, {'avg_silhouette': 0.47669971755838225, 'num_points': 24}, {'avg_silhouette': 0.3639498908593088, 'num_points': 151}, {'avg_silhouette': 0.5903053455722267, 'num_points': 6}, {'avg_silhouette': 0.36675224706664156, 'num_points': 49}, {'avg_silhouette': 0.4718269929089844, 'num_points': 89}, {'avg_silhouette': 0.3696772012906626, 'num_points': 57}, {'avg_silhouette': 0.5121417211933982, 'num_points': 8}, {'avg_silhouette': 0.36095505460913296, 'num_points': 77}, {'avg_silhouette': 0.5193317588381748, 'num_points': 55}, {'avg_silhouette': 0.49402261350419446, 'num_points': 6}, {'avg_silhouette': 0.46720595019397404, 'num_points': 11}, {'avg_silhouette': 0.8000510267050807, 'num_points': 6}, {'avg_silhouette': 0.8193069494186348, 'num_points': 6}, {'avg_silhouette': 0.39275297789453767, 'num_points': 27}, {'avg_silhouette': 0.8518624130795504, 'num_points': 5}, {'avg_silhouette': 0.5312110679680848, 'num_points': 8}, {'avg_silhouette': 0.6392662451079455, 'num_points': 14}, {'avg_silhouette': 0.47072100502689684, 'num_points': 21}, {'avg_silhouette': 0.4988308513086165, 'num_points': 8}, {'avg_silhouette': 0.3618278370674723, 'num_points': 7}, {'avg_silhouette': 0.5839158399513419, 'num_points': 7}, {'avg_silhouette': 0.5006867056576431, 'num_points': 12}, {'avg_silhouette': 0.5434502160541756, 'num_points': 16}, {'avg_silhouette': 0.5070559504793687, 'num_points': 6}, {'avg_silhouette': 0.46074290168778087, 'num_points': 12}, {'avg_silhouette': 0.4896706390769441, 'num_points': 8}, {'avg_silhouette': 0.5836675112092967, 'num_points': 7}, {'avg_silhouette': 0.5946098894166525, 'num_points': 5}, {'avg_silhouette': 0.6580239202484554, 'num_points': 5}, {'avg_silhouette': 0.4290492679656947, 'num_points': 5}, {'avg_silhouette': 0.9255930293168075, 'num_points': 10}]",5.0,41,0.26258598735842736,,3,0.35146641857941513
DBSCAN,,0.3899158227686097,"[{'avg_silhouette': 0.435917965321838, 'num_points': 1416}, {'avg_silhouette': 0.30397509147369833, 'num_points': 3263}, {'avg_silhouette': 0.7450890450413435, 'num_points': 5}, {'avg_silhouette': 0.29745800577267506, 'num_points': 1011}, {'avg_silhouette': 0.47183869184230914, 'num_points': 12}, {'avg_silhouette': 0.46654364802650417, 'num_points': 98}, {'avg_silhouette': 0.39519831704824404, 'num_points': 45}, {'avg_silhouette': 0.5475686117418384, 'num_points': 30}, {'avg_silhouette': 0.3841133657199153, 'num_points': 92}, {'avg_silhouette': 0.750149973012728, 'num_points': 25}, {'avg_silhouette': 0.4511615237848939, 'num_points': 26}, {'avg_silhouette': 0.355251743482939, 'num_points': 154}, {'avg_silhouette': 0.41059777171504175, 'num_points': 7}, {'avg_silhouette': 0.35192478494281415, 'num_points': 50}, {'avg_silhouette': 0.4541730332837837, 'num_points': 92}, {'avg_silhouette': 0.36971144944739603, 'num_points': 57}, {'avg_silhouette': 0.5121417211933982, 'num_points': 8}, {'avg_silhouette': 0.32189091079226306, 'num_points': 80}, {'avg_silhouette': 0.5073460104700694, 'num_points': 56}, {'avg_silhouette': 0.49533364386797, 'num_points': 6}, {'avg_silhouette': 0.46720595019397404, 'num_points': 11}, {'avg_silhouette': 0.7476209165499947, 'num_points': 7}, {'avg_silhouette': 0.8193069494186348, 'num_points': 6}, {'avg_silhouette': 0.28810240927674385, 'num_points': 4}, {'avg_silhouette': 0.3929878734595107, 'num_points': 27}, {'avg_silhouette': 0.8519174977549409, 'num_points': 5}, {'avg_silhouette': 0.53543400246916, 'num_points': 8}, {'avg_silhouette': 0.6420263226986033, 'num_points': 14}, {'avg_silhouette': 0.44450230636697496, 'num_points': 22}, {'avg_silhouette': 0.4988308513086165, 'num_points': 8}, {'avg_silhouette': 0.29688527933336045, 'num_points': 9}, {'avg_silhouette': 0.5841105966863801, 'num_points': 7}, {'avg_silhouette': 0.4697779117891357, 'num_points': 13}, {'avg_silhouette': 0.5104711072705399, 'num_points': 17}, {'avg_silhouette': 0.5031930908470319, 'num_points': 6}, {'avg_silhouette': 0.4354496371312138, 'num_points': 13}, {'avg_silhouette': 0.49190550439994596, 'num_points': 8}, {'avg_silhouette': 0.4290492679656947, 'num_points': 5}, {'avg_silhouette': 0.5836675112092967, 'num_points': 7}, {'avg_silhouette': 0.5946098894166525, 'num_points': 5}, {'avg_silhouette': 0.49553797762770724, 'num_points': 5}, {'avg_silhouette': 0.47431697038188947, 'num_points': 5}, {'avg_silhouette': 0.6580239202484554, 'num_points': 5}, {'avg_silhouette': 0.9256198122777015, 'num_points': 10}]",5.0,44,0.26255027098918854,,3,0.34578368752273714
DBSCAN,,0.3699158227686097,"[{'avg_silhouette': 0.4504052541774035, 'num_points': 1414}, {'avg_silhouette': 0.3072849374795288, 'num_points': 3248}, {'avg_silhouette': 0.7448172242727338, 'num_points': 5}, {'avg_silhouette': 0.29652219518380823, 'num_points': 1004}, {'avg_silhouette': 0.5304641078019476, 'num_points': 9}, {'avg_silhouette': 0.47262090958271696, 'num_points': 97}, {'avg_silhouette': 0.40648767210494047, 'num_points': 44}, {'avg_silhouette': 0.5475686117418384, 'num_points': 30}, {'avg_silhouette': 0.384825219874693, 'num_points': 90}, {'avg_silhouette': 0.7501146470953104, 'num_points': 25}, {'avg_silhouette': 0.5327708928962283, 'num_points': 21}, {'avg_silhouette': 0.3719146384759816, 'num_points': 149}, {'avg_silhouette': 0.5854623482468085, 'num_points': 6}, {'avg_silhouette': 0.37515246431940474, 'num_points': 47}, {'avg_silhouette': 0.4718269929089844, 'num_points': 89}, {'avg_silhouette': 0.3696261167124907, 'num_points': 57}, {'avg_silhouette': 0.5121417211933982, 'num_points': 8}, {'avg_silhouette': 0.36817943773023326, 'num_points': 75}, {'avg_silhouette': 0.54210956254365, 'num_points': 53}, {'avg_silhouette': 0.5581266877133747, 'num_points': 5}, {'avg_silhouette': 0.46720595019397404, 'num_points': 11}, {'avg_silhouette': 0.8000510267050807, 'num_points': 6}, {'avg_silhouette': 0.8894197283141709, 'num_points': 6}, {'avg_silhouette': 0.45475061180661663, 'num_points': 22}, {'avg_silhouette': 0.8517924031377337, 'num_points': 5}, {'avg_silhouette': 0.5312110679680848, 'num_points': 8}, {'avg_silhouette': 0.6392662451079455, 'num_points': 14}, {'avg_silhouette': 0.4706430876672524, 'num_points': 21}, {'avg_silhouette': 0.4988308513086165, 'num_points': 8}, {'avg_silhouette': 0.38035240358617045, 'num_points': 6}, {'avg_silhouette': 0.5830712286191408, 'num_points': 7}, {'avg_silhouette': 0.4989514186996704, 'num_points': 12}, {'avg_silhouette': 0.5434502160541756, 'num_points': 16}, {'avg_silhouette': 0.5062669926887611, 'num_points': 6}, {'avg_silhouette': 0.4592844957799738, 'num_points': 12}, {'avg_silhouette': 0.48802776884077215, 'num_points': 8}, {'avg_silhouette': 0.5836675112092967, 'num_points': 7}, {'avg_silhouette': 0.5946098894166525, 'num_points': 5}, {'avg_silhouette': 0.4290492679656947, 'num_points': 5}, {'avg_silhouette': 0.9255595812153826, 'num_points': 10}]",5.0,40,0.2592206035938144,,3,0.3514041289469135
DBSCAN,,0.2599158227686096,"[{'avg_silhouette': 0.4185557238595547, 'num_points': 1102}, {'avg_silhouette': 0.3392658496039853, 'num_points': 393}, {'avg_silhouette': 0.6075874248775287, 'num_points': 1949}, {'avg_silhouette': 0.35084122367995596, 'num_points': 226}, {'avg_silhouette': 0.46473662332083, 'num_points': 190}, {'avg_silhouette': 0.5975635569669089, 'num_points': 243}, {'avg_silhouette': 0.28167983463445073, 'num_points': 632}, {'avg_silhouette': 0.3204697269938999, 'num_points': 139}, {'avg_silhouette': 0.6238364894234315, 'num_points': 27}, {'avg_silhouette': 0.46804800522005474, 'num_points': 68}, {'avg_silhouette': 0.8381145684976824, 'num_points': 24}, {'avg_silhouette': 0.49884988262604096, 'num_points': 31}, {'avg_silhouette': 0.83732696707823, 'num_points': 20}, {'avg_silhouette': 0.30920896409206805, 'num_points': 104}, {'avg_silhouette': 0.5401002196274756, 'num_points': 34}, {'avg_silhouette': 0.48747103058973884, 'num_points': 14}, {'avg_silhouette': 0.518473441213051, 'num_points': 20}, {'avg_silhouette': 0.5719377453225032, 'num_points': 73}, {'avg_silhouette': 0.5864754756730073, 'num_points': 17}, {'avg_silhouette': 0.33899541592658966, 'num_points': 53}, {'avg_silhouette': 0.39338140954861206, 'num_points': 18}, {'avg_silhouette': 0.37567358802570333, 'num_points': 30}, {'avg_silhouette': 0.35017855719488294, 'num_points': 42}, {'avg_silhouette': 0.6348109088494366, 'num_points': 22}, {'avg_silhouette': 0.39852621306342023, 'num_points': 88}, {'avg_silhouette': 0.6104223328508086, 'num_points': 30}, {'avg_silhouette': 0.36922279074885084, 'num_points': 39}, {'avg_silhouette': 0.40659947442880373, 'num_points': 20}, {'avg_silhouette': 0.47747395078391275, 'num_points': 10}, {'avg_silhouette': 0.47293804123368943, 'num_points': 9}, {'avg_silhouette': 0.580503633531496, 'num_points': 47}, {'avg_silhouette': 0.35007929276328853, 'num_points': 37}, {'avg_silhouette': 0.44444086928807996, 'num_points': 15}, {'avg_silhouette': 0.22051898686155094, 'num_points': 31}, {'avg_silhouette': 0.4281785331929941, 'num_points': 16}, {'avg_silhouette': 0.4210536056392261, 'num_points': 10}, {'avg_silhouette': 0.6344490842815702, 'num_points': 16}, {'avg_silhouette': 0.642289379191349, 'num_points': 14}, {'avg_silhouette': 0.3760932615381321, 'num_points': 10}, {'avg_silhouette': 0.6647311719908449, 'num_points': 13}, {'avg_silhouette': 0.9237712272716049, 'num_points': 10}]",10.0,41,0.258710365828617,,4,0.4117722082438799
DBSCAN,,0.5899158227686099,"[{'avg_silhouette': 0.28583494645257146, 'num_points': 7037}, {'avg_silhouette': 0.47510436484277346, 'num_points': 18}, {'avg_silhouette': 0.7067674157553931, 'num_points': 30}, {'avg_silhouette': 0.507275373433418, 'num_points': 64}, {'avg_silhouette': 0.5722279134952284, 'num_points': 26}, {'avg_silhouette': 0.7556928690111646, 'num_points': 13}]",10.0,6,0.25740874275574016,,1,
DBSCAN,,0.5799158227686099,"[{'avg_silhouette': 0.2832951988850903, 'num_points': 7029}, {'avg_silhouette': 0.4922761600842794, 'num_points': 17}, {'avg_silhouette': 0.7066540833417783, 'num_points': 30}, {'avg_silhouette': 0.5071159766646813, 'num_points': 64}, {'avg_silhouette': 0.5720541981866232, 'num_points': 26}, {'avg_silhouette': 0.7556292583245479, 'num_points': 13}]",10.0,6,0.25451528198164786,,1,
DBSCAN,,0.3599158227686097,"[{'avg_silhouette': 0.45157756484814165, 'num_points': 1411}, {'avg_silhouette': 0.30663256196555283, 'num_points': 3239}, {'avg_silhouette': 0.7446088091673319, 'num_points': 5}, {'avg_silhouette': 0.2954791626534206, 'num_points': 994}, {'avg_silhouette': 0.520131165587054, 'num_points': 9}, {'avg_silhouette': 0.4841606810978878, 'num_points': 95}, {'avg_silhouette': 0.4144297665670317, 'num_points': 43}, {'avg_silhouette': 0.5475686117418384, 'num_points': 30}, {'avg_silhouette': 0.3728787991553569, 'num_points': 89}, {'avg_silhouette': 0.7500677400258314, 'num_points': 25}, {'avg_silhouette': 0.5313397643135741, 'num_points': 21}, {'avg_silhouette': 0.3901054398911754, 'num_points': 141}, {'avg_silhouette': 0.6777362275736167, 'num_points': 5}, {'avg_silhouette': 0.38448798666434003, 'num_points': 46}, {'avg_silhouette': 0.49050725749432006, 'num_points': 86}, {'avg_silhouette': 0.4286447906490097, 'num_points': 49}, {'avg_silhouette': 0.5681232217103779, 'num_points': 7}, {'avg_silhouette': 0.3758789402602258, 'num_points': 72}, {'avg_silhouette': 0.5417281696638034, 'num_points': 53}, {'avg_silhouette': 0.5581266877133747, 'num_points': 5}, {'avg_silhouette': 0.4578551949002213, 'num_points': 11}, {'avg_silhouette': 0.7983122890273835, 'num_points': 6}, {'avg_silhouette': 0.8892265775954048, 'num_points': 6}, {'avg_silhouette': 0.4958995777392504, 'num_points': 20}, {'avg_silhouette': 0.8517140426442301, 'num_points': 5}, {'avg_silhouette': 0.5936898611046028, 'num_points': 7}, {'avg_silhouette': 0.6361559219906457, 'num_points': 14}, {'avg_silhouette': 0.48952453340925606, 'num_points': 20}, {'avg_silhouette': 0.49282319573864086, 'num_points': 8}, {'avg_silhouette': 0.6564839663840402, 'num_points': 6}, {'avg_silhouette': 0.4969399416752509, 'num_points': 12}, {'avg_silhouette': 0.5703974327818195, 'num_points': 15}, {'avg_silhouette': 0.49565840522469995, 'num_points': 6}, {'avg_silhouette': 0.4838655838022379, 'num_points': 8}, {'avg_silhouette': 0.5128316070966036, 'num_points': 11}, {'avg_silhouette': 0.4731603381626635, 'num_points': 5}, {'avg_silhouette': 0.5836675112092967, 'num_points': 7}, {'avg_silhouette': 0.5946098894166525, 'num_points': 5}, {'avg_silhouette': 0.4290492679656947, 'num_points': 5}, {'avg_silhouette': 0.9255230459247172, 'num_points': 10}]",5.0,40,0.25417931440347824,,3,0.35122976315570503
DBSCAN,,0.5699158227686099,"[{'avg_silhouette': 0.27729512800369527, 'num_points': 7023}, {'avg_silhouette': 0.47923706290119245, 'num_points': 17}, {'avg_silhouette': 0.7064734058542007, 'num_points': 30}, {'avg_silhouette': 0.4941169075536443, 'num_points': 66}, {'avg_silhouette': 0.6500875570352452, 'num_points': 5}, {'avg_silhouette': 0.6342217577940301, 'num_points': 6}, {'avg_silhouette': 0.5556939057993734, 'num_points': 28}, {'avg_silhouette': 0.5335997175758097, 'num_points': 12}, {'avg_silhouette': 0.5488985518871585, 'num_points': 6}, {'avg_silhouette': 0.7089027304892815, 'num_points': 8}, {'avg_silhouette': 0.4831077734142424, 'num_points': 10}, {'avg_silhouette': 0.6489391542273503, 'num_points': 6}, {'avg_silhouette': 0.8612112688264348, 'num_points': 5}, {'avg_silhouette': 0.6630825131643407, 'num_points': 5}, {'avg_silhouette': 0.8061798473600005, 'num_points': 12}, {'avg_silhouette': 0.5628339219870419, 'num_points': 6}, {'avg_silhouette': 0.7684251574410553, 'num_points': 5}]",5.0,17,0.25366971324913085,,1,
DBSCAN,,0.5599158227686098,"[{'avg_silhouette': 0.27815019851199446, 'num_points': 7014}, {'avg_silhouette': 0.479093688210482, 'num_points': 17}, {'avg_silhouette': 0.706392139027325, 'num_points': 30}, {'avg_silhouette': 0.493979635922235, 'num_points': 66}, {'avg_silhouette': 0.6341244379720874, 'num_points': 6}, {'avg_silhouette': 0.5717846340180356, 'num_points': 26}, {'avg_silhouette': 0.6499968013684445, 'num_points': 5}, {'avg_silhouette': 0.5539376413151295, 'num_points': 11}, {'avg_silhouette': 0.5578330155755852, 'num_points': 5}, {'avg_silhouette': 0.7089027304892815, 'num_points': 8}, {'avg_silhouette': 0.4831077734142424, 'num_points': 10}, {'avg_silhouette': 0.6488294550137707, 'num_points': 6}, {'avg_silhouette': 0.8611619656073037, 'num_points': 5}, {'avg_silhouette': 0.6630825131643407, 'num_points': 5}, {'avg_silhouette': 0.8061265942086692, 'num_points': 12}, {'avg_silhouette': 0.5778217966087829, 'num_points': 5}, {'avg_silhouette': 0.7683572210865862, 'num_points': 5}]",5.0,17,0.2532919405242708,,1,
K-means,,,"[{'avg_silhouette': 0.2715319664941818, 'num_points': 5913}, {'avg_silhouette': 0.1893455276213485, 'num_points': 1770}]",,2,0.25259795675776187,,2,0.23043874705776515
DBSCAN,,0.24991582276860957,"[{'avg_silhouette': 0.3860881251187026, 'num_points': 821}, {'avg_silhouette': 0.3986716370355436, 'num_points': 70}, {'avg_silhouette': 0.5639079606065296, 'num_points': 1934}, {'avg_silhouette': 0.3186068784022743, 'num_points': 317}, {'avg_silhouette': 0.28106678710056227, 'num_points': 172}, {'avg_silhouette': 0.4496984316807602, 'num_points': 192}, {'avg_silhouette': 0.5286302316673374, 'num_points': 224}, {'avg_silhouette': 0.4790377126311742, 'num_points': 260}, {'avg_silhouette': 0.407004498017156, 'num_points': 10}, {'avg_silhouette': 0.2787919023265363, 'num_points': 497}, {'avg_silhouette': 0.3330758789233095, 'num_points': 114}, {'avg_silhouette': 0.3764278520764761, 'num_points': 19}, {'avg_silhouette': 0.18320466615613465, 'num_points': 109}, {'avg_silhouette': 0.5959583988258003, 'num_points': 23}, {'avg_silhouette': 0.45496345087971257, 'num_points': 20}, {'avg_silhouette': 0.4813930562147151, 'num_points': 67}, {'avg_silhouette': 0.5515736001436122, 'num_points': 5}, {'avg_silhouette': 0.8839874386168782, 'num_points': 20}, {'avg_silhouette': 0.18942345463125293, 'num_points': 83}, {'avg_silhouette': 0.49490828303561707, 'num_points': 31}, {'avg_silhouette': 0.8495600089629648, 'num_points': 19}, {'avg_silhouette': 0.5369419219405908, 'num_points': 33}, {'avg_silhouette': 0.5955543718004376, 'num_points': 16}, {'avg_silhouette': 0.40292372754794303, 'num_points': 16}, {'avg_silhouette': 0.5176558737806302, 'num_points': 20}, {'avg_silhouette': 0.33444309902872715, 'num_points': 33}, {'avg_silhouette': 0.29981045018207664, 'num_points': 12}, {'avg_silhouette': 0.44839880768942925, 'num_points': 51}, {'avg_silhouette': 0.5718747264756197, 'num_points': 73}, {'avg_silhouette': 0.33899541592658966, 'num_points': 53}, {'avg_silhouette': 0.6395479543860845, 'num_points': 5}, {'avg_silhouette': 0.34493379133451246, 'num_points': 12}, {'avg_silhouette': 0.28627790152156907, 'num_points': 43}, {'avg_silhouette': 0.5182698487833425, 'num_points': 21}, {'avg_silhouette': 0.4138372512663512, 'num_points': 87}, {'avg_silhouette': 0.4317854486728891, 'num_points': 30}, {'avg_silhouette': 0.36817522741762726, 'num_points': 39}, {'avg_silhouette': 0.40659947442880373, 'num_points': 20}, {'avg_silhouette': 0.4489487721342778, 'num_points': 11}, {'avg_silhouette': 0.6162923795554078, 'num_points': 5}, {'avg_silhouette': 0.18714941168953714, 'num_points': 34}, {'avg_silhouette': 0.3590465898754818, 'num_points': 23}, {'avg_silhouette': 0.23640570829411733, 'num_points': 35}, {'avg_silhouette': 0.397169264218234, 'num_points': 11}, {'avg_silhouette': 0.4271112430917521, 'num_points': 16}, {'avg_silhouette': 0.39694855568027515, 'num_points': 7}, {'avg_silhouette': 0.5680873392165298, 'num_points': 7}, {'avg_silhouette': 0.5414580523813275, 'num_points': 7}, {'avg_silhouette': 0.8877150532999191, 'num_points': 6}, {'avg_silhouette': 0.5127675023005516, 'num_points': 5}, {'avg_silhouette': 0.626808156489897, 'num_points': 6}, {'avg_silhouette': 0.5681065046485747, 'num_points': 19}, {'avg_silhouette': 0.5491318850644994, 'num_points': 29}, {'avg_silhouette': 0.6836819414662362, 'num_points': 6}, {'avg_silhouette': 0.6185397635459621, 'num_points': 15}, {'avg_silhouette': 0.3413249871849986, 'num_points': 12}, {'avg_silhouette': 0.3026191478043392, 'num_points': 9}, {'avg_silhouette': 0.6197630572848135, 'num_points': 23}, {'avg_silhouette': 0.5763459905061595, 'num_points': 8}, {'avg_silhouette': 0.5321609737915626, 'num_points': 17}, {'avg_silhouette': 0.5992031714412558, 'num_points': 14}, {'avg_silhouette': 0.567357869960168, 'num_points': 19}, {'avg_silhouette': 0.5865466800109254, 'num_points': 5}, {'avg_silhouette': 0.33047889608092706, 'num_points': 9}, {'avg_silhouette': 0.5382978961251117, 'num_points': 6}, {'avg_silhouette': 0.6647311719908449, 'num_points': 13}, {'avg_silhouette': 0.8406496661485925, 'num_points': 5}, {'avg_silhouette': 0.6211319572716968, 'num_points': 7}, {'avg_silhouette': 0.7057852904931852, 'num_points': 5}, {'avg_silhouette': 0.6214689428478923, 'num_points': 5}, {'avg_silhouette': 0.6127225678167924, 'num_points': 5}, {'avg_silhouette': 0.5038293427053414, 'num_points': 5}, {'avg_silhouette': 0.6099294393632437, 'num_points': 5}, {'avg_silhouette': 0.5008738948600716, 'num_points': 5}, {'avg_silhouette': 0.4796067571710799, 'num_points': 5}, {'avg_silhouette': 0.5631502288876984, 'num_points': 10}, {'avg_silhouette': 0.4182400217000632, 'num_points': 6}, {'avg_silhouette': 0.9648925367460842, 'num_points': 9}]",5.0,78,0.24845608084073686,,3,0.40959599601725616
DBSCAN,,0.33991582276860965,"[{'avg_silhouette': 0.3478250168469405, 'num_points': 1370}, {'avg_silhouette': 0.41519506040784054, 'num_points': 3141}, {'avg_silhouette': 0.33011414516022747, 'num_points': 923}, {'avg_silhouette': 0.5358964346276037, 'num_points': 89}, {'avg_silhouette': 0.55808906174218, 'num_points': 31}, {'avg_silhouette': 0.7951779112353358, 'num_points': 27}, {'avg_silhouette': 0.7828399638282864, 'num_points': 23}, {'avg_silhouette': 0.39105463532158413, 'num_points': 21}, {'avg_silhouette': 0.6085176176622942, 'num_points': 17}, {'avg_silhouette': 0.41023232179808056, 'num_points': 134}, {'avg_silhouette': 0.4119213908581937, 'num_points': 20}, {'avg_silhouette': 0.5528017080603025, 'num_points': 76}, {'avg_silhouette': 0.3073421368387331, 'num_points': 57}, {'avg_silhouette': 0.5254996442489892, 'num_points': 31}, {'avg_silhouette': 0.3994732722983657, 'num_points': 32}, {'avg_silhouette': 0.41039441179739927, 'num_points': 60}, {'avg_silhouette': 0.5770545218541903, 'num_points': 49}, {'avg_silhouette': 0.338754438437776, 'num_points': 13}, {'avg_silhouette': 0.6508445907147486, 'num_points': 16}, {'avg_silhouette': 0.5644855359084562, 'num_points': 16}, {'avg_silhouette': 0.660296510852017, 'num_points': 14}, {'avg_silhouette': 0.6681657047321792, 'num_points': 13}, {'avg_silhouette': 0.7556679271470117, 'num_points': 10}, {'avg_silhouette': 0.5703097434050265, 'num_points': 9}, {'avg_silhouette': 0.925211206617135, 'num_points': 10}]",10.0,25,0.24663666932617526,,3,0.36437807413833617
DBSCAN,,0.23991582276860957,"[{'avg_silhouette': 0.38491143746673984, 'num_points': 821}, {'avg_silhouette': 0.39763181148551974, 'num_points': 70}, {'avg_silhouette': 0.5639079606065296, 'num_points': 1934}, {'avg_silhouette': 0.3215720020041069, 'num_points': 316}, {'avg_silhouette': 0.28106678710056227, 'num_points': 172}, {'avg_silhouette': 0.45296101872329914, 'num_points': 191}, {'avg_silhouette': 0.5369020838007104, 'num_points': 223}, {'avg_silhouette': 0.48353306200827384, 'num_points': 259}, {'avg_silhouette': 0.4067566093964504, 'num_points': 10}, {'avg_silhouette': 0.2838531323975707, 'num_points': 494}, {'avg_silhouette': 0.33288233148069885, 'num_points': 114}, {'avg_silhouette': 0.18459176273426808, 'num_points': 108}, {'avg_silhouette': 0.6836820022668566, 'num_points': 21}, {'avg_silhouette': 0.45313042134949777, 'num_points': 20}, {'avg_silhouette': 0.48052373548708704, 'num_points': 67}, {'avg_silhouette': 0.8839873218310255, 'num_points': 20}, {'avg_silhouette': 0.19404468921735216, 'num_points': 82}, {'avg_silhouette': 0.4948152600372878, 'num_points': 31}, {'avg_silhouette': 0.8680855918365635, 'num_points': 18}, {'avg_silhouette': 0.5356994216239062, 'num_points': 33}, {'avg_silhouette': 0.6230400626295698, 'num_points': 15}, {'avg_silhouette': 0.40292372754794303, 'num_points': 16}, {'avg_silhouette': 0.5176558737806302, 'num_points': 20}, {'avg_silhouette': 0.5509028215149819, 'num_points': 5}, {'avg_silhouette': 0.29981045018207664, 'num_points': 12}, {'avg_silhouette': 0.44839880768942925, 'num_points': 51}, {'avg_silhouette': 0.5718747264756197, 'num_points': 73}, {'avg_silhouette': 0.33899541592658966, 'num_points': 53}, {'avg_silhouette': 0.3799503456414477, 'num_points': 18}, {'avg_silhouette': 0.3339678433227971, 'num_points': 33}, {'avg_silhouette': 0.6395479543860845, 'num_points': 5}, {'avg_silhouette': 0.3853089601328036, 'num_points': 10}, {'avg_silhouette': 0.28598846833896385, 'num_points': 43}, {'avg_silhouette': 0.5182698487833425, 'num_points': 21}, {'avg_silhouette': 0.4165897982740677, 'num_points': 86}, {'avg_silhouette': 0.42491688623617446, 'num_points': 30}, {'avg_silhouette': 0.4019080349766383, 'num_points': 36}, {'avg_silhouette': 0.40659947442880373, 'num_points': 20}, {'avg_silhouette': 0.5156689246565189, 'num_points': 9}, {'avg_silhouette': 0.18714941168953714, 'num_points': 34}, {'avg_silhouette': 0.615579444586374, 'num_points': 5}, {'avg_silhouette': 0.3590465898754818, 'num_points': 23}, {'avg_silhouette': 0.23486982176349414, 'num_points': 33}, {'avg_silhouette': 0.4271112430917521, 'num_points': 16}, {'avg_silhouette': 0.39694855568027515, 'num_points': 7}, {'avg_silhouette': 0.5680873392165298, 'num_points': 7}, {'avg_silhouette': 0.40990879868275165, 'num_points': 10}, {'avg_silhouette': 0.5404669221414657, 'num_points': 7}, {'avg_silhouette': 0.8877039434654703, 'num_points': 6}, {'avg_silhouette': 0.5118443051448313, 'num_points': 5}, {'avg_silhouette': 0.626808156489897, 'num_points': 6}, {'avg_silhouette': 0.5661957292314908, 'num_points': 19}, {'avg_silhouette': 0.5481307540172712, 'num_points': 29}, {'avg_silhouette': 0.6836819414662362, 'num_points': 6}, {'avg_silhouette': 0.6185397635459621, 'num_points': 15}, {'avg_silhouette': 0.3413249871849986, 'num_points': 12}, {'avg_silhouette': 0.3026191478043392, 'num_points': 9}, {'avg_silhouette': 0.6197630572848135, 'num_points': 23}, {'avg_silhouette': 0.5763459905061595, 'num_points': 8}, {'avg_silhouette': 0.5321609737915626, 'num_points': 17}, {'avg_silhouette': 0.5992031714412558, 'num_points': 14}, {'avg_silhouette': 0.5665703598754286, 'num_points': 19}, {'avg_silhouette': 0.5865466800109254, 'num_points': 5}, {'avg_silhouette': 0.4041878610097576, 'num_points': 7}, {'avg_silhouette': 0.5382978961251117, 'num_points': 6}, {'avg_silhouette': 0.6647311719908449, 'num_points': 13}, {'avg_silhouette': 0.8402269829901057, 'num_points': 5}, {'avg_silhouette': 0.6211319572716968, 'num_points': 7}, {'avg_silhouette': 0.6214689428478923, 'num_points': 5}, {'avg_silhouette': 0.6126182883657576, 'num_points': 5}, {'avg_silhouette': 0.5063759629879325, 'num_points': 5}, {'avg_silhouette': 0.6099294393632437, 'num_points': 5}, {'avg_silhouette': 0.5002872814973648, 'num_points': 5}, {'avg_silhouette': 0.5631502288876984, 'num_points': 10}, {'avg_silhouette': 0.4170168475651965, 'num_points': 6}, {'avg_silhouette': 0.9648773510104947, 'num_points': 9}]",5.0,76,0.2454416218309501,,3,0.41089084349028004
DBSCAN,,0.5499158227686098,"[{'avg_silhouette': 0.2677225792815813, 'num_points': 7004}, {'avg_silhouette': 0.5295181554936674, 'num_points': 15}, {'avg_silhouette': 0.7062313272441966, 'num_points': 30}, {'avg_silhouette': 0.49367094126150257, 'num_points': 66}, {'avg_silhouette': 0.6339733186070626, 'num_points': 6}, {'avg_silhouette': 0.5714092591977764, 'num_points': 26}, {'avg_silhouette': 0.6498586794859242, 'num_points': 5}, {'avg_silhouette': 0.5537751395739499, 'num_points': 11}, {'avg_silhouette': 0.7051550153017605, 'num_points': 8}, {'avg_silhouette': 0.4831077734142424, 'num_points': 10}, {'avg_silhouette': 0.6486775055621989, 'num_points': 6}, {'avg_silhouette': 0.861094535865376, 'num_points': 5}, {'avg_silhouette': 0.6630825131643407, 'num_points': 5}, {'avg_silhouette': 0.8060481952725823, 'num_points': 12}, {'avg_silhouette': 0.7682602207465118, 'num_points': 5}]",5.0,15,0.242828020687666,,1,
DBSCAN,,0.5699158227686099,"[{'avg_silhouette': 0.2715810080468691, 'num_points': 7013}, {'avg_silhouette': 0.5044297490896033, 'num_points': 16}, {'avg_silhouette': 0.7063371972363017, 'num_points': 30}, {'avg_silhouette': 0.5067338766853634, 'num_points': 64}, {'avg_silhouette': 0.5716332064321322, 'num_points': 26}, {'avg_silhouette': 0.8061109601042196, 'num_points': 12}]",10.0,6,0.24253814994026396,,1,
DBSCAN,,0.5599158227686098,"[{'avg_silhouette': 0.2731510796387342, 'num_points': 6997}, {'avg_silhouette': 0.5040892833622929, 'num_points': 16}, {'avg_silhouette': 0.7061705192582435, 'num_points': 30}, {'avg_silhouette': 0.5363748117763658, 'num_points': 57}, {'avg_silhouette': 0.5713993855695716, 'num_points': 26}, {'avg_silhouette': 0.8059941926507953, 'num_points': 12}]",10.0,6,0.2422887220072009,,1,
DBSCAN,,0.22991582276860956,"[{'avg_silhouette': 0.3678982665905305, 'num_points': 821}, {'avg_silhouette': 0.3952921874717371, 'num_points': 70}, {'avg_silhouette': 0.5653005544217885, 'num_points': 1932}, {'avg_silhouette': 0.3292213918978166, 'num_points': 313}, {'avg_silhouette': 0.3637329461145599, 'num_points': 153}, {'avg_silhouette': 0.46102053202253096, 'num_points': 190}, {'avg_silhouette': 0.5359925329493488, 'num_points': 223}, {'avg_silhouette': 0.48353306200827384, 'num_points': 259}, {'avg_silhouette': 0.43577700712129547, 'num_points': 9}, {'avg_silhouette': 0.28884572385478013, 'num_points': 490}, {'avg_silhouette': 0.34010511575976504, 'num_points': 113}, {'avg_silhouette': 0.19601152704951905, 'num_points': 105}, {'avg_silhouette': 0.6836820022668566, 'num_points': 21}, {'avg_silhouette': 0.45788017579576884, 'num_points': 19}, {'avg_silhouette': 0.45355038341271936, 'num_points': 20}, {'avg_silhouette': 0.49501647504022417, 'num_points': 65}, {'avg_silhouette': 0.883976410422107, 'num_points': 20}, {'avg_silhouette': 0.19714200500577986, 'num_points': 81}, {'avg_silhouette': 0.49432848282947867, 'num_points': 31}, {'avg_silhouette': 0.8680855918365635, 'num_points': 18}, {'avg_silhouette': 0.554461631564364, 'num_points': 32}, {'avg_silhouette': 0.6223550752394414, 'num_points': 15}, {'avg_silhouette': 0.4391963225203809, 'num_points': 15}, {'avg_silhouette': 0.517449328249808, 'num_points': 20}, {'avg_silhouette': 0.5501511677314896, 'num_points': 5}, {'avg_silhouette': 0.29981045018207664, 'num_points': 12}, {'avg_silhouette': 0.41998268543765854, 'num_points': 51}, {'avg_silhouette': 0.5718062123780592, 'num_points': 73}, {'avg_silhouette': 0.34609269767286666, 'num_points': 52}, {'avg_silhouette': 0.3782237839534427, 'num_points': 18}, {'avg_silhouette': 0.3289959992873942, 'num_points': 33}, {'avg_silhouette': 0.6259275095297937, 'num_points': 5}, {'avg_silhouette': 0.3811906225061684, 'num_points': 10}, {'avg_silhouette': 0.3573318442524996, 'num_points': 41}, {'avg_silhouette': 0.5012513431127017, 'num_points': 21}, {'avg_silhouette': 0.43069568815537984, 'num_points': 84}, {'avg_silhouette': 0.4399222587033068, 'num_points': 29}, {'avg_silhouette': 0.4004363253997417, 'num_points': 36}, {'avg_silhouette': 0.40496461246609766, 'num_points': 20}, {'avg_silhouette': 0.5143946969994624, 'num_points': 9}, {'avg_silhouette': 0.615579444586374, 'num_points': 5}, {'avg_silhouette': 0.3590465898754818, 'num_points': 23}, {'avg_silhouette': 0.26653031222526236, 'num_points': 31}, {'avg_silhouette': 0.46078971236525407, 'num_points': 15}, {'avg_silhouette': 0.451109207736337, 'num_points': 6}, {'avg_silhouette': 0.5680873392165298, 'num_points': 7}, {'avg_silhouette': 0.4186691745251017, 'num_points': 9}, {'avg_silhouette': 0.5389412562131055, 'num_points': 7}, {'avg_silhouette': 0.17976307016427423, 'num_points': 31}, {'avg_silhouette': 0.8876502764885728, 'num_points': 6}, {'avg_silhouette': 0.5646039805002981, 'num_points': 19}, {'avg_silhouette': 0.544582080913776, 'num_points': 29}, {'avg_silhouette': 0.6803536370229294, 'num_points': 6}, {'avg_silhouette': 0.6185397635459621, 'num_points': 15}, {'avg_silhouette': 0.366092146808241, 'num_points': 11}, {'avg_silhouette': 0.3026191478043392, 'num_points': 9}, {'avg_silhouette': 0.6197630572848135, 'num_points': 23}, {'avg_silhouette': 0.5756751072424349, 'num_points': 8}, {'avg_silhouette': 0.5295230031434371, 'num_points': 17}, {'avg_silhouette': 0.6500719724793068, 'num_points': 12}, {'avg_silhouette': 0.5665703598754286, 'num_points': 19}, {'avg_silhouette': 0.5864876888287679, 'num_points': 5}, {'avg_silhouette': 0.8135083845232449, 'num_points': 6}, {'avg_silhouette': 0.38887588320751726, 'num_points': 7}, {'avg_silhouette': 0.5382978961251117, 'num_points': 6}, {'avg_silhouette': 0.6647311719908449, 'num_points': 13}, {'avg_silhouette': 0.8402269829901057, 'num_points': 5}, {'avg_silhouette': 0.6212075127541938, 'num_points': 7}, {'avg_silhouette': 0.5111590528350435, 'num_points': 5}, {'avg_silhouette': 0.5063759629879325, 'num_points': 5}, {'avg_silhouette': 0.6100690263174605, 'num_points': 5}, {'avg_silhouette': 0.5629122214049819, 'num_points': 10}, {'avg_silhouette': 0.4170168475651965, 'num_points': 6}, {'avg_silhouette': 0.9648773510104947, 'num_points': 9}]",5.0,74,0.2420342308732462,,3,0.40734818162236636
HDBSCAN,,,"[{'avg_silhouette': 0.5405767637561407, 'num_points': 1363}, {'avg_silhouette': 0.47371814958024006, 'num_points': 3020}, {'avg_silhouette': 0.475792037383032, 'num_points': 820}]",,3,0.24130309403116618,293.0,3,0.4966956502398043
DBSCAN,,0.5399158227686098,"[{'avg_silhouette': 0.26945524187245246, 'num_points': 6983}, {'avg_silhouette': 0.5291245553829996, 'num_points': 15}, {'avg_silhouette': 0.7060767166595686, 'num_points': 30}, {'avg_silhouette': 0.35121628986031017, 'num_points': 50}, {'avg_silhouette': 0.6337497216874909, 'num_points': 6}, {'avg_silhouette': 0.5711701966573199, 'num_points': 26}, {'avg_silhouette': 0.6496485830925834, 'num_points': 5}, {'avg_silhouette': 0.5535452167662777, 'num_points': 11}, {'avg_silhouette': 0.7051550153017605, 'num_points': 8}, {'avg_silhouette': 0.4831077734142424, 'num_points': 10}, {'avg_silhouette': 0.6484445442603124, 'num_points': 6}, {'avg_silhouette': 0.8609845134684001, 'num_points': 5}, {'avg_silhouette': 0.11863029757063602, 'num_points': 15}, {'avg_silhouette': 0.6630825131643407, 'num_points': 5}, {'avg_silhouette': 0.8692965467089647, 'num_points': 11}, {'avg_silhouette': 0.7681176299795427, 'num_points': 5}]",5.0,16,0.24125720319482827,,1,
DBSCAN,,0.34991582276860966,"[{'avg_silhouette': 0.4532927071565102, 'num_points': 1405}, {'avg_silhouette': 0.2935800389330295, 'num_points': 3206}, {'avg_silhouette': 0.7442542511426777, 'num_points': 5}, {'avg_silhouette': 0.2950135063744246, 'num_points': 982}, {'avg_silhouette': 0.520131165587054, 'num_points': 9}, {'avg_silhouette': 0.5009108552061803, 'num_points': 92}, {'avg_silhouette': 0.4383645820941385, 'num_points': 41}, {'avg_silhouette': 0.5719729260723626, 'num_points': 29}, {'avg_silhouette': 0.7673111405816062, 'num_points': 24}, {'avg_silhouette': 0.38936155011920875, 'num_points': 86}, {'avg_silhouette': 0.6144737356734815, 'num_points': 17}, {'avg_silhouette': 0.38637117937075954, 'num_points': 140}, {'avg_silhouette': 0.6775437478855255, 'num_points': 5}, {'avg_silhouette': 0.5080367032576476, 'num_points': 83}, {'avg_silhouette': 0.4204732324209764, 'num_points': 48}, {'avg_silhouette': 0.39464693581499616, 'num_points': 45}, {'avg_silhouette': 0.5681232217103779, 'num_points': 7}, {'avg_silhouette': 0.3822896053058498, 'num_points': 70}, {'avg_silhouette': 0.5411681046830192, 'num_points': 53}, {'avg_silhouette': 0.5496334146131083, 'num_points': 5}, {'avg_silhouette': 0.4578551949002213, 'num_points': 11}, {'avg_silhouette': 0.7983122890273835, 'num_points': 6}, {'avg_silhouette': 0.8891905605341789, 'num_points': 6}, {'avg_silhouette': 0.8515360802065745, 'num_points': 5}, {'avg_silhouette': 0.5886135791532806, 'num_points': 7}, {'avg_silhouette': 0.5175156880058112, 'num_points': 19}, {'avg_silhouette': 0.6348029385501541, 'num_points': 5}, {'avg_silhouette': 0.5285993876321533, 'num_points': 18}, {'avg_silhouette': 0.6555059591309715, 'num_points': 6}, {'avg_silhouette': 0.49383592496572626, 'num_points': 12}, {'avg_silhouette': 0.6090073466432658, 'num_points': 14}, {'avg_silhouette': 0.5702803736429763, 'num_points': 5}, {'avg_silhouette': 0.6344957825851372, 'num_points': 14}, {'avg_silhouette': 0.5744348517354603, 'num_points': 5}, {'avg_silhouette': 0.5079403371628014, 'num_points': 7}, {'avg_silhouette': 0.5096270434018227, 'num_points': 11}, {'avg_silhouette': 0.4596968609882732, 'num_points': 5}, {'avg_silhouette': 0.5815085387116529, 'num_points': 7}, {'avg_silhouette': 0.596364856325658, 'num_points': 5}, {'avg_silhouette': 0.42531520119237776, 'num_points': 5}, {'avg_silhouette': 0.9254374940938123, 'num_points': 10}]",5.0,41,0.2410624058195356,,3,0.3472954174879881
HDBSCAN,,,"[{'avg_silhouette': 0.5421064490788899, 'num_points': 1359}, {'avg_silhouette': 0.47756440192398697, 'num_points': 3000}, {'avg_silhouette': 0.4769394516186909, 'num_points': 817}]",,3,0.24027298754162504,311.0,3,0.4988701008738559
AGGLC,ward,,"[{'avg_silhouette': -0.22725999079261477, 'num_points': 2670}, {'avg_silhouette': 0.36569568523566354, 'num_points': 1611}, {'avg_silhouette': 0.7145778235674044, 'num_points': 2191}, {'avg_silhouette': 0.24214865161347696, 'num_points': 1211}]",,4,0.23965034518267297,,4,0.27379054240598255
HDBSCAN,,,"[{'avg_silhouette': 0.5455177753237552, 'num_points': 1350}, {'avg_silhouette': 0.4802635910431237, 'num_points': 2986}, {'avg_silhouette': 0.47710877389423756, 'num_points': 816}]",,3,0.23931022312877975,328.0,3,0.5009633800870388
DBSCAN,,0.21991582276860955,"[{'avg_silhouette': 0.36925974851898924, 'num_points': 820}, {'avg_silhouette': 0.38003241176937436, 'num_points': 70}, {'avg_silhouette': 0.5652794048224443, 'num_points': 1932}, {'avg_silhouette': 0.3718002198595751, 'num_points': 294}, {'avg_silhouette': 0.3637329461145599, 'num_points': 153}, {'avg_silhouette': 0.4672150209911873, 'num_points': 189}, {'avg_silhouette': 0.5482448946490208, 'num_points': 220}, {'avg_silhouette': 0.4834113042814916, 'num_points': 259}, {'avg_silhouette': 0.43577820935812, 'num_points': 9}, {'avg_silhouette': 0.2936103753778059, 'num_points': 487}, {'avg_silhouette': 0.3437932420917962, 'num_points': 112}, {'avg_silhouette': 0.19601152704951905, 'num_points': 105}, {'avg_silhouette': 0.6836820022668566, 'num_points': 21}, {'avg_silhouette': 0.45788017579576884, 'num_points': 19}, {'avg_silhouette': 0.5055903885586723, 'num_points': 19}, {'avg_silhouette': 0.4928495341100671, 'num_points': 64}, {'avg_silhouette': 0.8839715333305275, 'num_points': 20}, {'avg_silhouette': 0.17920528417225554, 'num_points': 80}, {'avg_silhouette': 0.5056240527835298, 'num_points': 30}, {'avg_silhouette': 0.868074835903869, 'num_points': 18}, {'avg_silhouette': 0.5531599928665328, 'num_points': 32}, {'avg_silhouette': 0.50844832914975, 'num_points': 17}, {'avg_silhouette': 0.6218867647966909, 'num_points': 15}, {'avg_silhouette': 0.48297920853826387, 'num_points': 13}, {'avg_silhouette': 0.5447674045475515, 'num_points': 19}, {'avg_silhouette': 0.5497580477939799, 'num_points': 5}, {'avg_silhouette': 0.29981045018207664, 'num_points': 12}, {'avg_silhouette': 0.41998268543765854, 'num_points': 51}, {'avg_silhouette': 0.5718041433335088, 'num_points': 73}, {'avg_silhouette': 0.42846581976526005, 'num_points': 15}, {'avg_silhouette': 0.39975549259341414, 'num_points': 27}, {'avg_silhouette': 0.6259275095297937, 'num_points': 5}, {'avg_silhouette': 0.354362494625925, 'num_points': 50}, {'avg_silhouette': 0.3811906225061684, 'num_points': 10}, {'avg_silhouette': 0.3675437373512597, 'num_points': 39}, {'avg_silhouette': 0.5012513431127017, 'num_points': 21}, {'avg_silhouette': 0.42236715821864645, 'num_points': 83}, {'avg_silhouette': 0.4399222587033068, 'num_points': 29}, {'avg_silhouette': 0.3973230613611626, 'num_points': 36}, {'avg_silhouette': 0.4065278272047549, 'num_points': 19}, {'avg_silhouette': 0.5129429513100705, 'num_points': 9}, {'avg_silhouette': 0.6142726340430338, 'num_points': 5}, {'avg_silhouette': 0.3590465898754818, 'num_points': 23}, {'avg_silhouette': 0.24601298925205026, 'num_points': 31}, {'avg_silhouette': 0.46078971236525407, 'num_points': 15}, {'avg_silhouette': 0.451109207736337, 'num_points': 6}, {'avg_silhouette': 0.5680873392165298, 'num_points': 7}, {'avg_silhouette': 0.4523876592620605, 'num_points': 8}, {'avg_silhouette': 0.5378191322158931, 'num_points': 7}, {'avg_silhouette': 0.21596218979353335, 'num_points': 27}, {'avg_silhouette': 0.8876380664857272, 'num_points': 6}, {'avg_silhouette': 0.5615477187137636, 'num_points': 19}, {'avg_silhouette': 0.544582080913776, 'num_points': 29}, {'avg_silhouette': 0.6803536370229294, 'num_points': 6}, {'avg_silhouette': 0.6185397635459621, 'num_points': 15}, {'avg_silhouette': 0.35723821073339274, 'num_points': 11}, {'avg_silhouette': 0.3026191478043392, 'num_points': 9}, {'avg_silhouette': 0.6197630572848135, 'num_points': 23}, {'avg_silhouette': 0.528270865431849, 'num_points': 17}, {'avg_silhouette': 0.6500719724793068, 'num_points': 12}, {'avg_silhouette': 0.5665703598754286, 'num_points': 19}, {'avg_silhouette': 0.5864876888287679, 'num_points': 5}, {'avg_silhouette': 0.5382978961251117, 'num_points': 6}, {'avg_silhouette': 0.6647311719908449, 'num_points': 13}, {'avg_silhouette': 0.470032989473369, 'num_points': 6}, {'avg_silhouette': 0.8402269829901057, 'num_points': 5}, {'avg_silhouette': 0.5063759629879325, 'num_points': 5}, {'avg_silhouette': 0.6100690263174605, 'num_points': 5}, {'avg_silhouette': 0.6481833365870597, 'num_points': 6}, {'avg_silhouette': 0.8135083845232449, 'num_points': 6}, {'avg_silhouette': 0.5629122214049819, 'num_points': 10}, {'avg_silhouette': 0.4541133807171457, 'num_points': 5}, {'avg_silhouette': 0.9648433456664088, 'num_points': 9}]",5.0,73,0.23861644320739106,,3,0.40938317623974646
DBSCAN,,0.5499158227686098,"[{'avg_silhouette': 0.270215952144417, 'num_points': 6977}, {'avg_silhouette': 0.5290056511709091, 'num_points': 15}, {'avg_silhouette': 0.7059928698166148, 'num_points': 30}, {'avg_silhouette': 0.5360267717329932, 'num_points': 57}, {'avg_silhouette': 0.5710547653033566, 'num_points': 26}, {'avg_silhouette': 0.8058731006102122, 'num_points': 12}]",10.0,6,0.23838936229178712,,1,
DBSCAN,,0.5399158227686098,"[{'avg_silhouette': 0.27153816444379736, 'num_points': 6960}, {'avg_silhouette': 0.5286967176887866, 'num_points': 15}, {'avg_silhouette': 0.705878214345406, 'num_points': 30}, {'avg_silhouette': 0.5931567242251575, 'num_points': 48}, {'avg_silhouette': 0.570870668128326, 'num_points': 26}, {'avg_silhouette': 0.8691880263836343, 'num_points': 11}]",10.0,6,0.23762316280144483,,1,
DBSCAN,,0.5299158227686098,"[{'avg_silhouette': 0.2666367654051866, 'num_points': 6964}, {'avg_silhouette': 0.5520380007324166, 'num_points': 14}, {'avg_silhouette': 0.7218091611528158, 'num_points': 29}, {'avg_silhouette': 0.34697257041852564, 'num_points': 49}, {'avg_silhouette': 0.6334987041767981, 'num_points': 6}, {'avg_silhouette': 0.5708396356868215, 'num_points': 26}, {'avg_silhouette': 0.649421854583853, 'num_points': 5}, {'avg_silhouette': 0.5532826094390443, 'num_points': 11}, {'avg_silhouette': 0.7044246772767244, 'num_points': 8}, {'avg_silhouette': 0.5695054900120823, 'num_points': 9}, {'avg_silhouette': 0.6481870216355988, 'num_points': 6}, {'avg_silhouette': 0.8608674983125173, 'num_points': 5}, {'avg_silhouette': 0.16587071607437462, 'num_points': 7}, {'avg_silhouette': 0.6733641319093989, 'num_points': 5}, {'avg_silhouette': 0.8691987179311894, 'num_points': 11}, {'avg_silhouette': 0.44606564179832203, 'num_points': 7}, {'avg_silhouette': 0.7679634733082645, 'num_points': 5}]",5.0,17,0.23740406206647702,,1,
HDBSCAN,,,"[{'avg_silhouette': 0.5510218318177474, 'num_points': 1334}, {'avg_silhouette': 0.4825907755909773, 'num_points': 2970}, {'avg_silhouette': 0.47919934970862826, 'num_points': 811}]",,3,0.23694098081579784,345.0,3,0.5042706523724511
HDBSCAN,,,"[{'avg_silhouette': 0.5526021906634218, 'num_points': 1329}, {'avg_silhouette': 0.48600702199450097, 'num_points': 2953}, {'avg_silhouette': 0.48076461697446643, 'num_points': 807}]",,3,0.23587107351380893,361.0,3,0.5064579432107964
HDBSCAN,,,"[{'avg_silhouette': 0.5528194723629926, 'num_points': 1328}, {'avg_silhouette': 0.4889277466438755, 'num_points': 2939}, {'avg_silhouette': 0.48381333359674983, 'num_points': 800}]",,3,0.23501811912671,376.0,3,0.508520184201206
HDBSCAN,,,"[{'avg_silhouette': 0.5527063460238341, 'num_points': 1328}, {'avg_silhouette': 0.49046722923126823, 'num_points': 2932}, {'avg_silhouette': 0.4856759521062541, 'num_points': 796}]",,3,0.2346280000889215,391.0,3,0.5096165091204522
DBSCAN,,0.5199158227686098,"[{'avg_silhouette': 0.27267442618773835, 'num_points': 6898}, {'avg_silhouette': 0.5509109957866895, 'num_points': 14}, {'avg_silhouette': 0.7212665848427463, 'num_points': 29}, {'avg_silhouette': 0.6171652818816202, 'num_points': 43}, {'avg_silhouette': 0.5699815997619109, 'num_points': 26}, {'avg_silhouette': 0.8688967829170336, 'num_points': 11}]",10.0,6,0.23402633567913825,,1,
HDBSCAN,,,"[{'avg_silhouette': 0.5537828310366179, 'num_points': 1325}, {'avg_silhouette': 0.49180693826079874, 'num_points': 2925}, {'avg_silhouette': 0.4873370266143891, 'num_points': 792}]",,3,0.2339738771507224,405.0,3,0.5109755986372685
DBSCAN,,0.5299158227686098,"[{'avg_silhouette': 0.2691166309793039, 'num_points': 6937}, {'avg_silhouette': 0.5515363598777022, 'num_points': 14}, {'avg_silhouette': 0.7215837725480726, 'num_points': 29}, {'avg_silhouette': 0.5927736813774159, 'num_points': 48}, {'avg_silhouette': 0.5704836687827813, 'num_points': 26}, {'avg_silhouette': 0.8690712774812919, 'num_points': 11}]",10.0,6,0.23385959779993223,,1,
HDBSCAN,,,"[{'avg_silhouette': 0.5536494406834729, 'num_points': 1325}, {'avg_silhouette': 0.49376110413520813, 'num_points': 2917}, {'avg_silhouette': 0.4880906215329878, 'num_points': 790}]",,3,0.23378486996676107,419.0,3,0.511833722117223
HDBSCAN,,,"[{'avg_silhouette': 0.5538770878093319, 'num_points': 1324}, {'avg_silhouette': 0.49623177227440524, 'num_points': 2906}, {'avg_silhouette': 0.4899760593122211, 'num_points': 786}]",,3,0.23327117428634406,432.0,3,0.5133616397986528
HDBSCAN,,,"[{'avg_silhouette': 0.5537211381253085, 'num_points': 1324}, {'avg_silhouette': 0.49852499265451117, 'num_points': 2896}, {'avg_silhouette': 0.49309157256253977, 'num_points': 779}]",,3,0.23264274881079475,445.0,3,0.5151125677807865
HDBSCAN,,,"[{'avg_silhouette': 0.5535074210552755, 'num_points': 1324}, {'avg_silhouette': 0.5018444187694218, 'num_points': 2882}, {'avg_silhouette': 0.4942599683337018, 'num_points': 776}]",,3,0.23224038150428788,457.0,3,0.516537269386133
HDBSCAN,,,"[{'avg_silhouette': 0.5532421954616332, 'num_points': 1324}, {'avg_silhouette': 0.5061356820586078, 'num_points': 2865}, {'avg_silhouette': 0.49443641604112043, 'num_points': 775}]",,3,0.23205212518847942,468.0,3,0.5179380978537872
DBSCAN,,0.20991582276860954,"[{'avg_silhouette': 0.3693055713240875, 'num_points': 818}, {'avg_silhouette': 0.37832406866413343, 'num_points': 70}, {'avg_silhouette': 0.5680415125671936, 'num_points': 1928}, {'avg_silhouette': 0.3774635735105265, 'num_points': 292}, {'avg_silhouette': 0.3681134080589557, 'num_points': 152}, {'avg_silhouette': 0.4628387934266454, 'num_points': 189}, {'avg_silhouette': 0.5479416302907539, 'num_points': 220}, {'avg_silhouette': 0.488557146865125, 'num_points': 258}, {'avg_silhouette': 0.4472249709121777, 'num_points': 8}, {'avg_silhouette': 0.29623299587768437, 'num_points': 486}, {'avg_silhouette': 0.34365542331437193, 'num_points': 112}, {'avg_silhouette': 0.20074606785701934, 'num_points': 104}, {'avg_silhouette': 0.7341280771299185, 'num_points': 21}, {'avg_silhouette': 0.48245299514072454, 'num_points': 18}, {'avg_silhouette': 0.5058915274133329, 'num_points': 19}, {'avg_silhouette': 0.497956319476866, 'num_points': 63}, {'avg_silhouette': 0.8839518130424777, 'num_points': 20}, {'avg_silhouette': 0.5051280356589622, 'num_points': 30}, {'avg_silhouette': 0.8680594655899045, 'num_points': 18}, {'avg_silhouette': 0.18246081073110254, 'num_points': 79}, {'avg_silhouette': 0.6078638257577229, 'num_points': 30}, {'avg_silhouette': 0.5084347301761176, 'num_points': 17}, {'avg_silhouette': 0.621827655404809, 'num_points': 15}, {'avg_silhouette': 0.4825175743461859, 'num_points': 13}, {'avg_silhouette': 0.5443456005361061, 'num_points': 19}, {'avg_silhouette': 0.29981045018207664, 'num_points': 12}, {'avg_silhouette': 0.4260333815462476, 'num_points': 50}, {'avg_silhouette': 0.5765985868332588, 'num_points': 72}, {'avg_silhouette': 0.44260175072090996, 'num_points': 14}, {'avg_silhouette': 0.40804596242383095, 'num_points': 26}, {'avg_silhouette': 0.6249283959855163, 'num_points': 5}, {'avg_silhouette': 0.35671828399722977, 'num_points': 48}, {'avg_silhouette': 0.3455089446450787, 'num_points': 28}, {'avg_silhouette': 0.5046665563571123, 'num_points': 21}, {'avg_silhouette': 0.42781507379430334, 'num_points': 81}, {'avg_silhouette': 0.49887892638674364, 'num_points': 25}, {'avg_silhouette': 0.39656849490943524, 'num_points': 36}, {'avg_silhouette': 0.4335485659379914, 'num_points': 16}, {'avg_silhouette': 0.5887870815229734, 'num_points': 7}, {'avg_silhouette': 0.3590465898754818, 'num_points': 23}, {'avg_silhouette': 0.2515985292699824, 'num_points': 30}, {'avg_silhouette': 0.4603125435250732, 'num_points': 15}, {'avg_silhouette': 0.47942765336924076, 'num_points': 5}, {'avg_silhouette': 0.48578778063596784, 'num_points': 6}, {'avg_silhouette': 0.5680873392165298, 'num_points': 7}, {'avg_silhouette': 0.4707980842597942, 'num_points': 7}, {'avg_silhouette': 0.5897094061767548, 'num_points': 6}, {'avg_silhouette': 0.24344338084454695, 'num_points': 24}, {'avg_silhouette': 0.8876051702757973, 'num_points': 6}, {'avg_silhouette': 0.5609491994804202, 'num_points': 19}, {'avg_silhouette': 0.5430319057854418, 'num_points': 29}, {'avg_silhouette': 0.6185397635459621, 'num_points': 15}, {'avg_silhouette': 0.3988048791231192, 'num_points': 9}, {'avg_silhouette': 0.3026191478043392, 'num_points': 9}, {'avg_silhouette': 0.6197630572848135, 'num_points': 23}, {'avg_silhouette': 0.528270865431849, 'num_points': 17}, {'avg_silhouette': 0.6500719724793068, 'num_points': 12}, {'avg_silhouette': 0.5658140627726861, 'num_points': 19}, {'avg_silhouette': 0.6803536370229294, 'num_points': 6}, {'avg_silhouette': 0.3339072922643087, 'num_points': 6}, {'avg_silhouette': 0.5382978961251117, 'num_points': 6}, {'avg_silhouette': 0.6641649782399328, 'num_points': 13}, {'avg_silhouette': 0.5382429749054711, 'num_points': 5}, {'avg_silhouette': 0.8402269829901057, 'num_points': 5}, {'avg_silhouette': 0.6115108975998205, 'num_points': 5}, {'avg_silhouette': 0.8134814752361404, 'num_points': 6}, {'avg_silhouette': 0.6484027421504822, 'num_points': 6}, {'avg_silhouette': 0.5624171011873786, 'num_points': 10}, {'avg_silhouette': 0.4541133807171457, 'num_points': 5}, {'avg_silhouette': 0.9648433456664088, 'num_points': 9}]",5.0,70,0.2317883172575048,,3,0.4111933599229885
HDBSCAN,,,"[{'avg_silhouette': 0.553459162048982, 'num_points': 1323}, {'avg_silhouette': 0.5093918065288845, 'num_points': 2852}, {'avg_silhouette': 0.49514354037870734, 'num_points': 773}]",,3,0.2317554851441579,479.0,3,0.5193315029855246
HDBSCAN,,,"[{'avg_silhouette': 0.5533205592961431, 'num_points': 1323}, {'avg_silhouette': 0.5114257623021566, 'num_points': 2843}, {'avg_silhouette': 0.4976791623976023, 'num_points': 767}]",,3,0.2311167755116341,489.0,3,0.5208084946653007
HDBSCAN,,,"[{'avg_silhouette': 0.5531939776911137, 'num_points': 1323}, {'avg_silhouette': 0.5136915875434286, 'num_points': 2834}, {'avg_silhouette': 0.4990635467766304, 'num_points': 764}]",,3,0.23084650026040873,499.0,3,0.5219830373370576
HDBSCAN,,,"[{'avg_silhouette': 0.5530929314316617, 'num_points': 1323}, {'avg_silhouette': 0.5159507489101351, 'num_points': 2824}, {'avg_silhouette': 0.5009478779915717, 'num_points': 760}]",,3,0.2303168710769552,508.0,3,0.5233305194444562
DBSCAN,,0.24991582276860957,"[{'avg_silhouette': 0.38621783508134444, 'num_points': 821}, {'avg_silhouette': 0.3986716370355436, 'num_points': 70}, {'avg_silhouette': 0.5647836848076274, 'num_points': 1933}, {'avg_silhouette': 0.3186275631274158, 'num_points': 317}, {'avg_silhouette': 0.28106678710056227, 'num_points': 172}, {'avg_silhouette': 0.468564867732053, 'num_points': 190}, {'avg_silhouette': 0.5225550928576976, 'num_points': 223}, {'avg_silhouette': 0.4790377126311742, 'num_points': 260}, {'avg_silhouette': 0.28134812520680347, 'num_points': 497}, {'avg_silhouette': 0.33311772908945225, 'num_points': 114}, {'avg_silhouette': 0.19078119561937834, 'num_points': 107}, {'avg_silhouette': 0.6756944417132629, 'num_points': 23}, {'avg_silhouette': 0.5928206456019646, 'num_points': 18}, {'avg_silhouette': 0.48915567230141727, 'num_points': 65}, {'avg_silhouette': 0.8839804430745796, 'num_points': 20}, {'avg_silhouette': 0.4947725492313264, 'num_points': 31}, {'avg_silhouette': 0.8495600089629648, 'num_points': 19}, {'avg_silhouette': 0.19431499900513183, 'num_points': 82}, {'avg_silhouette': 0.5867936947678861, 'num_points': 31}, {'avg_silhouette': 0.4638624260577244, 'num_points': 14}, {'avg_silhouette': 0.5175182880083056, 'num_points': 20}, {'avg_silhouette': 0.44839880768942925, 'num_points': 51}, {'avg_silhouette': 0.5718747264756197, 'num_points': 73}, {'avg_silhouette': 0.5955543718004376, 'num_points': 16}, {'avg_silhouette': 0.33899541592658966, 'num_points': 53}, {'avg_silhouette': 0.42529408049698625, 'num_points': 15}, {'avg_silhouette': 0.39361177780541545, 'num_points': 28}, {'avg_silhouette': 0.37619440306027946, 'num_points': 38}, {'avg_silhouette': 0.6442559994804421, 'num_points': 21}, {'avg_silhouette': 0.4035801650710165, 'num_points': 87}, {'avg_silhouette': 0.6058253859377324, 'num_points': 30}, {'avg_silhouette': 0.5617496879162414, 'num_points': 37}, {'avg_silhouette': 0.40659947442880373, 'num_points': 20}, {'avg_silhouette': 0.3590465898754818, 'num_points': 23}, {'avg_silhouette': 0.36711643332860416, 'num_points': 34}, {'avg_silhouette': 0.49188589705332136, 'num_points': 11}, {'avg_silhouette': 0.22051898686155094, 'num_points': 31}, {'avg_silhouette': 0.4269371567678118, 'num_points': 16}, {'avg_silhouette': 0.5661957292314908, 'num_points': 19}, {'avg_silhouette': 0.5468610116507285, 'num_points': 29}, {'avg_silhouette': 0.6580255381479664, 'num_points': 15}, {'avg_silhouette': 0.6197630572848135, 'num_points': 23}, {'avg_silhouette': 0.5321609737915626, 'num_points': 17}, {'avg_silhouette': 0.567357869960168, 'num_points': 19}, {'avg_silhouette': 0.6418171023156314, 'num_points': 14}, {'avg_silhouette': 0.3760932615381321, 'num_points': 10}, {'avg_silhouette': 0.6647311719908449, 'num_points': 13}, {'avg_silhouette': 0.562954661863576, 'num_points': 10}]",10.0,48,0.2299640167309941,,3,0.4107832150319251
HDBSCAN,,,"[{'avg_silhouette': 0.552975994583003, 'num_points': 1323}, {'avg_silhouette': 0.5187010297048956, 'num_points': 2812}, {'avg_silhouette': 0.5023130913049101, 'num_points': 757}]",,3,0.22981680148346142,517.0,3,0.5246633718642696
DBSCAN,,0.23991582276860957,"[{'avg_silhouette': 0.3850406132100788, 'num_points': 821}, {'avg_silhouette': 0.38370746867934247, 'num_points': 70}, {'avg_silhouette': 0.5647836848076274, 'num_points': 1933}, {'avg_silhouette': 0.35955955926777505, 'num_points': 298}, {'avg_silhouette': 0.28106678710056227, 'num_points': 172}, {'avg_silhouette': 0.4732212777778136, 'num_points': 189}, {'avg_silhouette': 0.5354576302886078, 'num_points': 221}, {'avg_silhouette': 0.48353306200827384, 'num_points': 259}, {'avg_silhouette': 0.28642055370043407, 'num_points': 494}, {'avg_silhouette': 0.3329241816468417, 'num_points': 114}, {'avg_silhouette': 0.196944654149675, 'num_points': 105}, {'avg_silhouette': 0.7343405096330798, 'num_points': 21}, {'avg_silhouette': 0.5903507307817899, 'num_points': 18}, {'avg_silhouette': 0.5051912641199736, 'num_points': 63}, {'avg_silhouette': 0.8839768680348842, 'num_points': 20}, {'avg_silhouette': 0.49228940518761827, 'num_points': 31}, {'avg_silhouette': 0.8680855918365635, 'num_points': 18}, {'avg_silhouette': 0.17637570487780838, 'num_points': 81}, {'avg_silhouette': 0.6109485835473655, 'num_points': 30}, {'avg_silhouette': 0.5107377588313874, 'num_points': 17}, {'avg_silhouette': 0.4638624260577244, 'num_points': 14}, {'avg_silhouette': 0.5175182880083056, 'num_points': 20}, {'avg_silhouette': 0.44839880768942925, 'num_points': 51}, {'avg_silhouette': 0.5717761622713001, 'num_points': 73}, {'avg_silhouette': 0.6230400626295698, 'num_points': 15}, {'avg_silhouette': 0.4230641280974451, 'num_points': 15}, {'avg_silhouette': 0.3931423851864929, 'num_points': 28}, {'avg_silhouette': 0.34551623552418004, 'num_points': 52}, {'avg_silhouette': 0.3755054792927558, 'num_points': 38}, {'avg_silhouette': 0.6437402475594569, 'num_points': 21}, {'avg_silhouette': 0.40634080909649906, 'num_points': 86}, {'avg_silhouette': 0.5632193741614142, 'num_points': 29}, {'avg_silhouette': 0.571854081076506, 'num_points': 36}, {'avg_silhouette': 0.3590465898754818, 'num_points': 23}, {'avg_silhouette': 0.3750676107113169, 'num_points': 32}, {'avg_silhouette': 0.49188589705332136, 'num_points': 11}, {'avg_silhouette': 0.4269371567678118, 'num_points': 16}, {'avg_silhouette': 0.23521727654980817, 'num_points': 28}, {'avg_silhouette': 0.40471799042448264, 'num_points': 20}, {'avg_silhouette': 0.563316947205836, 'num_points': 19}, {'avg_silhouette': 0.5442935890029662, 'num_points': 29}, {'avg_silhouette': 0.6197630572848135, 'num_points': 23}, {'avg_silhouette': 0.6560302384062329, 'num_points': 15}, {'avg_silhouette': 0.5321609737915626, 'num_points': 17}, {'avg_silhouette': 0.5665703598754286, 'num_points': 19}, {'avg_silhouette': 0.641665843457789, 'num_points': 14}, {'avg_silhouette': 0.36333501533863644, 'num_points': 10}, {'avg_silhouette': 0.6647311719908449, 'num_points': 13}, {'avg_silhouette': 0.562954661863576, 'num_points': 10}]",10.0,49,0.22922752085548007,,3,0.41208161723938014
HDBSCAN,,,"[{'avg_silhouette': 0.5536571077707569, 'num_points': 1321}, {'avg_silhouette': 0.5211161815800491, 'num_points': 2801}, {'avg_silhouette': 0.5049694981715702, 'num_points': 751}]",,3,0.22899492258764484,525.0,3,0.5265809291741254
HDBSCAN,,,"[{'avg_silhouette': 0.5543015925897182, 'num_points': 1319}, {'avg_silhouette': 0.5244881393697186, 'num_points': 2786}, {'avg_silhouette': 0.5057585743119312, 'num_points': 749}]",,3,0.22832801772769704,532.0,3,0.5281827687571227
HDBSCAN,,,"[{'avg_silhouette': 0.5542322115752203, 'num_points': 1319}, {'avg_silhouette': 0.5265264834350967, 'num_points': 2777}, {'avg_silhouette': 0.5065655264340035, 'num_points': 747}]",,3,0.22795052042588781,539.0,3,0.5291080738147734
HDBSCAN,,,"[{'avg_silhouette': 0.5545667033407503, 'num_points': 1318}, {'avg_silhouette': 0.527799892529372, 'num_points': 2771}, {'avg_silhouette': 0.5085999818926445, 'num_points': 742}]",,3,0.22727795726425448,545.0,3,0.530322192587589
DBSCAN,,0.19991582276860953,"[{'avg_silhouette': 0.37140020393042705, 'num_points': 816}, {'avg_silhouette': 0.3926923094940936, 'num_points': 68}, {'avg_silhouette': 0.569409876387193, 'num_points': 1926}, {'avg_silhouette': 0.37771298963448907, 'num_points': 290}, {'avg_silhouette': 0.37850647011366895, 'num_points': 150}, {'avg_silhouette': 0.46277092602088227, 'num_points': 189}, {'avg_silhouette': 0.5381714391030715, 'num_points': 219}, {'avg_silhouette': 0.4910072478836773, 'num_points': 257}, {'avg_silhouette': 0.4468086858646835, 'num_points': 8}, {'avg_silhouette': 0.3025162065955818, 'num_points': 481}, {'avg_silhouette': 0.34345499150989245, 'num_points': 112}, {'avg_silhouette': 0.21719594448400034, 'num_points': 99}, {'avg_silhouette': 0.7340098575541218, 'num_points': 21}, {'avg_silhouette': 0.4821561764422937, 'num_points': 18}, {'avg_silhouette': 0.5886207882718884, 'num_points': 18}, {'avg_silhouette': 0.5176765114558356, 'num_points': 61}, {'avg_silhouette': 0.8839440747499413, 'num_points': 20}, {'avg_silhouette': 0.519180167258967, 'num_points': 29}, {'avg_silhouette': 0.8680488054017217, 'num_points': 18}, {'avg_silhouette': 0.18377278835504, 'num_points': 78}, {'avg_silhouette': 0.6067361136240041, 'num_points': 30}, {'avg_silhouette': 0.508637511292441, 'num_points': 17}, {'avg_silhouette': 0.6214049811207605, 'num_points': 15}, {'avg_silhouette': 0.48223866246913183, 'num_points': 13}, {'avg_silhouette': 0.5588436681395588, 'num_points': 18}, {'avg_silhouette': 0.4230313271145031, 'num_points': 50}, {'avg_silhouette': 0.5764513032406124, 'num_points': 72}, {'avg_silhouette': 0.46398928934456674, 'num_points': 12}, {'avg_silhouette': 0.40704490004429383, 'num_points': 26}, {'avg_silhouette': 0.6234446470730475, 'num_points': 5}, {'avg_silhouette': 0.3564573871124289, 'num_points': 45}, {'avg_silhouette': 0.3787174343892022, 'num_points': 27}, {'avg_silhouette': 0.6418370004011886, 'num_points': 21}, {'avg_silhouette': 0.43189609640964777, 'num_points': 80}, {'avg_silhouette': 0.49779046133686283, 'num_points': 24}, {'avg_silhouette': 0.42405591462917597, 'num_points': 32}, {'avg_silhouette': 0.5887870815229734, 'num_points': 7}, {'avg_silhouette': 0.3829079856467486, 'num_points': 22}, {'avg_silhouette': 0.29610167476465743, 'num_points': 26}, {'avg_silhouette': 0.34596851842757065, 'num_points': 9}, {'avg_silhouette': 0.5264944139371629, 'num_points': 5}, {'avg_silhouette': 0.460096863418385, 'num_points': 15}, {'avg_silhouette': 0.5546886940077941, 'num_points': 7}, {'avg_silhouette': 0.49533588801542466, 'num_points': 6}, {'avg_silhouette': 0.6179893110603591, 'num_points': 5}, {'avg_silhouette': 0.29221474925835267, 'num_points': 21}, {'avg_silhouette': 0.8875948899893319, 'num_points': 6}, {'avg_silhouette': 0.4861235024706254, 'num_points': 13}, {'avg_silhouette': 0.5607260630774742, 'num_points': 19}, {'avg_silhouette': 0.5373166534219223, 'num_points': 29}, {'avg_silhouette': 0.615419012606212, 'num_points': 15}, {'avg_silhouette': 0.3714795467889739, 'num_points': 9}, {'avg_silhouette': 0.3382795398045324, 'num_points': 8}, {'avg_silhouette': 0.6168637831203155, 'num_points': 23}, {'avg_silhouette': 0.528270865431849, 'num_points': 17}, {'avg_silhouette': 0.6476365571426986, 'num_points': 12}, {'avg_silhouette': 0.5653484316322177, 'num_points': 19}, {'avg_silhouette': 0.7323078425137459, 'num_points': 5}, {'avg_silhouette': 0.3836100827094638, 'num_points': 5}, {'avg_silhouette': 0.5281419654668583, 'num_points': 6}, {'avg_silhouette': 0.6641649782399328, 'num_points': 13}, {'avg_silhouette': 0.5279486280600847, 'num_points': 5}, {'avg_silhouette': 0.8402269829901057, 'num_points': 5}, {'avg_silhouette': 0.6475760193727254, 'num_points': 6}, {'avg_silhouette': 0.5621899029608404, 'num_points': 10}, {'avg_silhouette': 0.4535805604374639, 'num_points': 5}, {'avg_silhouette': 0.9648365702615221, 'num_points': 9}]",5.0,67,0.22659253886827324,,3,0.41444209563773393
HDBSCAN,,,"[{'avg_silhouette': 0.5544077109815755, 'num_points': 1318}, {'avg_silhouette': 0.5327002137258245, 'num_points': 2751}, {'avg_silhouette': 0.5111594041956384, 'num_points': 736}]",,3,0.2264589576186638,551.0,3,0.5327557763010128
HDBSCAN,,,"[{'avg_silhouette': 0.5543166251608469, 'num_points': 1318}, {'avg_silhouette': 0.5351836392886881, 'num_points': 2741}, {'avg_silhouette': 0.5116333189971171, 'num_points': 735}]",,3,0.22622275720119758,556.0,3,0.5337111944822173
HDBSCAN,,,"[{'avg_silhouette': 0.5546692911273331, 'num_points': 1317}, {'avg_silhouette': 0.5368235924840944, 'num_points': 2734}, {'avg_silhouette': 0.5128322488527626, 'num_points': 732}]",,3,0.225770767202347,561.0,3,0.53477504415473
HDBSCAN,,,"[{'avg_silhouette': 0.5546165360573833, 'num_points': 1317}, {'avg_silhouette': 0.5383487035991605, 'num_points': 2728}, {'avg_silhouette': 0.5151473708182867, 'num_points': 727}]",,3,0.22536105935243228,565.0,3,0.5360375368249435
HDBSCAN,,,"[{'avg_silhouette': 0.5545864242773332, 'num_points': 1317}, {'avg_silhouette': 0.5390909828772504, 'num_points': 2725}, {'avg_silhouette': 0.5156028784829536, 'num_points': 726}]",,3,0.2252383249534645,568.0,3,0.536426761879179
DBSCAN,,0.22991582276860956,"[{'avg_silhouette': 0.36655949710235064, 'num_points': 821}, {'avg_silhouette': 0.3819669221127064, 'num_points': 70}, {'avg_silhouette': 0.5662006914421767, 'num_points': 1931}, {'avg_silhouette': 0.36526720883974045, 'num_points': 296}, {'avg_silhouette': 0.36981154960899204, 'num_points': 152}, {'avg_silhouette': 0.47297750540974914, 'num_points': 189}, {'avg_silhouette': 0.5355398207195519, 'num_points': 221}, {'avg_silhouette': 0.48353306200827384, 'num_points': 259}, {'avg_silhouette': 0.2963240948880951, 'num_points': 486}, {'avg_silhouette': 0.34050594101079157, 'num_points': 113}, {'avg_silhouette': 0.20074606785701934, 'num_points': 104}, {'avg_silhouette': 0.7343405096330798, 'num_points': 21}, {'avg_silhouette': 0.5903507307817899, 'num_points': 18}, {'avg_silhouette': 0.49931600112847135, 'num_points': 63}, {'avg_silhouette': 0.8839663475930237, 'num_points': 20}, {'avg_silhouette': 0.49179000400933887, 'num_points': 31}, {'avg_silhouette': 0.8680855918365635, 'num_points': 18}, {'avg_silhouette': 0.18246081073110254, 'num_points': 79}, {'avg_silhouette': 0.6083812925986148, 'num_points': 30}, {'avg_silhouette': 0.5096916550390781, 'num_points': 17}, {'avg_silhouette': 0.4831665352189752, 'num_points': 13}, {'avg_silhouette': 0.48245299514072454, 'num_points': 18}, {'avg_silhouette': 0.41788284152403204, 'num_points': 51}, {'avg_silhouette': 0.5173113626138247, 'num_points': 20}, {'avg_silhouette': 0.5716271974915527, 'num_points': 73}, {'avg_silhouette': 0.6220185534076933, 'num_points': 15}, {'avg_silhouette': 0.45584605757571084, 'num_points': 13}, {'avg_silhouette': 0.3887249904251322, 'num_points': 27}, {'avg_silhouette': 0.3549494664152062, 'num_points': 50}, {'avg_silhouette': 0.3995527025831799, 'num_points': 34}, {'avg_silhouette': 0.6425772445456313, 'num_points': 21}, {'avg_silhouette': 0.42439532829766985, 'num_points': 83}, {'avg_silhouette': 0.5905894714439044, 'num_points': 27}, {'avg_silhouette': 0.6011627558094911, 'num_points': 33}, {'avg_silhouette': 0.3590465898754818, 'num_points': 23}, {'avg_silhouette': 0.3879657280360162, 'num_points': 31}, {'avg_silhouette': 0.4606137427677144, 'num_points': 15}, {'avg_silhouette': 0.3827216017236502, 'num_points': 25}, {'avg_silhouette': 0.420286724296881, 'num_points': 19}, {'avg_silhouette': 0.5101845290295743, 'num_points': 10}, {'avg_silhouette': 0.5609491994804202, 'num_points': 19}, {'avg_silhouette': 0.5430319057854418, 'num_points': 29}, {'avg_silhouette': 0.6197630572848135, 'num_points': 23}, {'avg_silhouette': 0.6595168540986811, 'num_points': 15}, {'avg_silhouette': 0.5295230031434371, 'num_points': 17}, {'avg_silhouette': 0.5665703598754286, 'num_points': 19}, {'avg_silhouette': 0.6842241310434213, 'num_points': 12}, {'avg_silhouette': 0.6647311719908449, 'num_points': 13}, {'avg_silhouette': 0.5627160960610468, 'num_points': 10}]",10.0,49,0.22521171599443107,,3,0.4096947611442075
HDBSCAN,,,"[{'avg_silhouette': 0.5545849902521218, 'num_points': 1317}, {'avg_silhouette': 0.5392574790469974, 'num_points': 2724}, {'avg_silhouette': 0.5164507209038225, 'num_points': 724}]",,3,0.22502484662002525,571.0,3,0.5367643967343139
HDBSCAN,,,"[{'avg_silhouette': 0.5545657422661897, 'num_points': 1317}, {'avg_silhouette': 0.5402431108437132, 'num_points': 2720}, {'avg_silhouette': 0.5164245333953474, 'num_points': 724}]",,3,0.22495697734983708,573.0,3,0.5370777955017502
HDBSCAN,,,"[{'avg_silhouette': 0.5545579530703808, 'num_points': 1317}, {'avg_silhouette': 0.5406732181811073, 'num_points': 2718}, {'avg_silhouette': 0.5168918823438167, 'num_points': 723}]",,3,0.22483653232118322,575.0,3,0.5373743511984349
HDBSCAN,,,"[{'avg_silhouette': 0.5545462405005448, 'num_points': 1317}, {'avg_silhouette': 0.540929743047709, 'num_points': 2717}, {'avg_silhouette': 0.5173232097294898, 'num_points': 722}]",,3,0.2247622594857322,576.0,3,0.5375997310925812
DBSCAN,,0.18991582276860952,"[{'avg_silhouette': 0.37707518746785645, 'num_points': 812}, {'avg_silhouette': 0.40238396770293067, 'num_points': 67}, {'avg_silhouette': 0.5703452741915735, 'num_points': 1924}, {'avg_silhouette': 0.3747773463504833, 'num_points': 290}, {'avg_silhouette': 0.3919769713987854, 'num_points': 147}, {'avg_silhouette': 0.4721976590351489, 'num_points': 187}, {'avg_silhouette': 0.5421670952867302, 'num_points': 218}, {'avg_silhouette': 0.4903793602867533, 'num_points': 257}, {'avg_silhouette': 0.4466498659359347, 'num_points': 8}, {'avg_silhouette': 0.3776430022271324, 'num_points': 430}, {'avg_silhouette': 0.34238634166936416, 'num_points': 111}, {'avg_silhouette': 0.19838321129424674, 'num_points': 96}, {'avg_silhouette': 0.75426684243157, 'num_points': 20}, {'avg_silhouette': 0.5880737108569745, 'num_points': 18}, {'avg_silhouette': 0.5244707781365604, 'num_points': 60}, {'avg_silhouette': 0.4287514034444835, 'num_points': 45}, {'avg_silhouette': 0.8839380926549578, 'num_points': 20}, {'avg_silhouette': 0.5190857842511055, 'num_points': 29}, {'avg_silhouette': 0.8680174012440836, 'num_points': 18}, {'avg_silhouette': 0.20314866772931298, 'num_points': 74}, {'avg_silhouette': 0.5919044650433303, 'num_points': 30}, {'avg_silhouette': 0.508637511292441, 'num_points': 17}, {'avg_silhouette': 0.6151532537940476, 'num_points': 15}, {'avg_silhouette': 0.4981518146952911, 'num_points': 12}, {'avg_silhouette': 0.4978460140138688, 'num_points': 17}, {'avg_silhouette': 0.5587320903088067, 'num_points': 18}, {'avg_silhouette': 0.44087793554289334, 'num_points': 48}, {'avg_silhouette': 0.5938049672401017, 'num_points': 69}, {'avg_silhouette': 0.4788693580702194, 'num_points': 11}, {'avg_silhouette': 0.620277118907719, 'num_points': 5}, {'avg_silhouette': 0.36034427532981356, 'num_points': 44}, {'avg_silhouette': 0.3786237304301994, 'num_points': 27}, {'avg_silhouette': 0.6444843205248421, 'num_points': 20}, {'avg_silhouette': 0.41565701961612705, 'num_points': 80}, {'avg_silhouette': 0.6497675838899113, 'num_points': 22}, {'avg_silhouette': 0.4880362211015459, 'num_points': 24}, {'avg_silhouette': 0.263162682912223, 'num_points': 9}, {'avg_silhouette': 0.5867642462292333, 'num_points': 7}, {'avg_silhouette': 0.3829079856467486, 'num_points': 22}, {'avg_silhouette': 0.3594842143684389, 'num_points': 22}, {'avg_silhouette': 0.39049428160171545, 'num_points': 8}, {'avg_silhouette': 0.46649164734726406, 'num_points': 14}, {'avg_silhouette': 0.5522807118591325, 'num_points': 7}, {'avg_silhouette': 0.4858420538488432, 'num_points': 6}, {'avg_silhouette': 0.6051132358697938, 'num_points': 5}, {'avg_silhouette': 0.33511701849414494, 'num_points': 17}, {'avg_silhouette': 0.8875948899893319, 'num_points': 6}, {'avg_silhouette': 0.5214099888137725, 'num_points': 10}, {'avg_silhouette': 0.1539627674986487, 'num_points': 14}, {'avg_silhouette': 0.5536248889047686, 'num_points': 19}, {'avg_silhouette': 0.5595161861213789, 'num_points': 28}, {'avg_silhouette': 0.615419012606212, 'num_points': 15}, {'avg_silhouette': 0.3597916614801333, 'num_points': 9}, {'avg_silhouette': 0.6168637831203155, 'num_points': 23}, {'avg_silhouette': 0.5266969510831768, 'num_points': 17}, {'avg_silhouette': 0.6476365571426986, 'num_points': 12}, {'avg_silhouette': 0.5653484316322177, 'num_points': 19}, {'avg_silhouette': 0.7323078425137459, 'num_points': 5}, {'avg_silhouette': 0.3836100827094638, 'num_points': 5}, {'avg_silhouette': 0.542714664574311, 'num_points': 6}, {'avg_silhouette': 0.6646940743350525, 'num_points': 13}, {'avg_silhouette': 0.43504421129325394, 'num_points': 6}, {'avg_silhouette': 0.5146749643425792, 'num_points': 5}, {'avg_silhouette': 0.6633352075878132, 'num_points': 5}, {'avg_silhouette': 0.5620301258898914, 'num_points': 10}, {'avg_silhouette': 0.9648316059685512, 'num_points': 9}]",5.0,66,0.22269905186430652,,3,0.4416878212955208
DBSCAN,,0.5199158227686098,"[{'avg_silhouette': 0.2537741387437374, 'num_points': 6930}, {'avg_silhouette': 0.5513968664922332, 'num_points': 14}, {'avg_silhouette': 0.7215195111488611, 'num_points': 29}, {'avg_silhouette': 0.37119145140683935, 'num_points': 48}, {'avg_silhouette': 0.6330876137997486, 'num_points': 6}, {'avg_silhouette': 0.5703997021069728, 'num_points': 26}, {'avg_silhouette': 0.6490426334890476, 'num_points': 5}, {'avg_silhouette': 0.629386841930216, 'num_points': 5}, {'avg_silhouette': 0.5528462199296543, 'num_points': 11}, {'avg_silhouette': 0.7622665810805762, 'num_points': 7}, {'avg_silhouette': 0.6196577426949936, 'num_points': 8}, {'avg_silhouette': 0.6477791227978716, 'num_points': 6}, {'avg_silhouette': 0.8606881468897886, 'num_points': 5}, {'avg_silhouette': 0.6690552183292824, 'num_points': 5}, {'avg_silhouette': 0.869042848438066, 'num_points': 11}, {'avg_silhouette': 0.31630521512939747, 'num_points': 9}, {'avg_silhouette': 0.7677030045111163, 'num_points': 5}]",5.0,17,0.22249024616371743,,1,
DBSCAN,,0.19991582276860953,"[{'avg_silhouette': 0.37528693888673526, 'num_points': 813}, {'avg_silhouette': 0.3932113792468784, 'num_points': 68}, {'avg_silhouette': 0.6126316469452538, 'num_points': 1925}, {'avg_silhouette': 0.3777459453454712, 'num_points': 290}, {'avg_silhouette': 0.37179176114387397, 'num_points': 150}, {'avg_silhouette': 0.4735747929545763, 'num_points': 189}, {'avg_silhouette': 0.543896243094992, 'num_points': 218}, {'avg_silhouette': 0.4905751008113604, 'num_points': 257}, {'avg_silhouette': 0.30586621984979934, 'num_points': 476}, {'avg_silhouette': 0.25214015570764453, 'num_points': 92}, {'avg_silhouette': 0.7337831076255263, 'num_points': 21}, {'avg_silhouette': 0.655012622401309, 'num_points': 17}, {'avg_silhouette': 0.3561593151658609, 'num_points': 110}, {'avg_silhouette': 0.7009373579595456, 'num_points': 59}, {'avg_silhouette': 0.8839386133526705, 'num_points': 20}, {'avg_silhouette': 0.5191156541983041, 'num_points': 29}, {'avg_silhouette': 0.8680279722671993, 'num_points': 18}, {'avg_silhouette': 0.20084121181386186, 'num_points': 74}, {'avg_silhouette': 0.6052335412530737, 'num_points': 30}, {'avg_silhouette': 0.5325858120079843, 'num_points': 16}, {'avg_silhouette': 0.4431712203184635, 'num_points': 49}, {'avg_silhouette': 0.5587665118868501, 'num_points': 18}, {'avg_silhouette': 0.5829850422413497, 'num_points': 71}, {'avg_silhouette': 0.6207204484465602, 'num_points': 15}, {'avg_silhouette': 0.5007653302396596, 'num_points': 17}, {'avg_silhouette': 0.38978923975139207, 'num_points': 39}, {'avg_silhouette': 0.46040379808479887, 'num_points': 27}, {'avg_silhouette': 0.6411270895010533, 'num_points': 21}, {'avg_silhouette': 0.42927514449931714, 'num_points': 79}, {'avg_silhouette': 0.6287228838705999, 'num_points': 24}, {'avg_silhouette': 0.6467142979217314, 'num_points': 27}, {'avg_silhouette': 0.45643003848888364, 'num_points': 19}, {'avg_silhouette': 0.4182605688815705, 'num_points': 21}, {'avg_silhouette': 0.46359190111804266, 'num_points': 24}, {'avg_silhouette': 0.5276863496707466, 'num_points': 12}, {'avg_silhouette': 0.5370738963628485, 'num_points': 10}, {'avg_silhouette': 0.5553106927719764, 'num_points': 19}, {'avg_silhouette': 0.5258489179688529, 'num_points': 29}, {'avg_silhouette': 0.6090708490131107, 'num_points': 23}, {'avg_silhouette': 0.6634297169132773, 'num_points': 15}, {'avg_silhouette': 0.5243108492719761, 'num_points': 17}, {'avg_silhouette': 0.5653484316322177, 'num_points': 19}, {'avg_silhouette': 0.7015937272592702, 'num_points': 11}, {'avg_silhouette': 0.5370147649431399, 'num_points': 10}, {'avg_silhouette': 0.6644816431590781, 'num_points': 13}, {'avg_silhouette': 0.5403152824830764, 'num_points': 10}]",10.0,46,0.22083657057268247,,3,0.4312616018939295
DBSCAN,,0.21991582276860955,"[{'avg_silhouette': 0.36816902661529033, 'num_points': 819}, {'avg_silhouette': 0.3886322497268106, 'num_points': 69}, {'avg_silhouette': 0.5661551088362521, 'num_points': 1931}, {'avg_silhouette': 0.3697190012179346, 'num_points': 294}, {'avg_silhouette': 0.36981154960899204, 'num_points': 152}, {'avg_silhouette': 0.47297750540974914, 'num_points': 189}, {'avg_silhouette': 0.5408163867060033, 'num_points': 220}, {'avg_silhouette': 0.48867036088214466, 'num_points': 258}, {'avg_silhouette': 0.299239985546, 'num_points': 484}, {'avg_silhouette': 0.3442122328531236, 'num_points': 112}, {'avg_silhouette': 0.2060313583078061, 'num_points': 103}, {'avg_silhouette': 0.7341849976453177, 'num_points': 21}, {'avg_silhouette': 0.5894217237300258, 'num_points': 18}, {'avg_silhouette': 0.5093298398976103, 'num_points': 62}, {'avg_silhouette': 0.883965069942626, 'num_points': 20}, {'avg_silhouette': 0.5198012211540113, 'num_points': 29}, {'avg_silhouette': 0.8680685708152489, 'num_points': 18}, {'avg_silhouette': 0.18673872598467112, 'num_points': 78}, {'avg_silhouette': 0.607423818804052, 'num_points': 30}, {'avg_silhouette': 0.50844832914975, 'num_points': 17}, {'avg_silhouette': 0.48245299514072454, 'num_points': 18}, {'avg_silhouette': 0.41788284152403204, 'num_points': 51}, {'avg_silhouette': 0.5446295143983635, 'num_points': 19}, {'avg_silhouette': 0.5715112207655774, 'num_points': 73}, {'avg_silhouette': 0.6216465236350068, 'num_points': 15}, {'avg_silhouette': 0.45786519006578263, 'num_points': 12}, {'avg_silhouette': 0.41388057131338846, 'num_points': 25}, {'avg_silhouette': 0.3750555876099426, 'num_points': 46}, {'avg_silhouette': 0.42430458332119586, 'num_points': 31}, {'avg_silhouette': 0.6421075985543572, 'num_points': 21}, {'avg_silhouette': 0.4252879474809125, 'num_points': 82}, {'avg_silhouette': 0.6023311513372014, 'num_points': 26}, {'avg_silhouette': 0.627606347691848, 'num_points': 30}, {'avg_silhouette': 0.3590465898754818, 'num_points': 23}, {'avg_silhouette': 0.4057120971792018, 'num_points': 29}, {'avg_silhouette': 0.4606137427677144, 'num_points': 15}, {'avg_silhouette': 0.43805144106608734, 'num_points': 19}, {'avg_silhouette': 0.45041883932651794, 'num_points': 15}, {'avg_silhouette': 0.5597429537190081, 'num_points': 19}, {'avg_silhouette': 0.5407624259923552, 'num_points': 29}, {'avg_silhouette': 0.6197630572848135, 'num_points': 23}, {'avg_silhouette': 0.66198750657941, 'num_points': 15}, {'avg_silhouette': 0.528270865431849, 'num_points': 17}, {'avg_silhouette': 0.5658140627726861, 'num_points': 19}, {'avg_silhouette': 0.6839295734414229, 'num_points': 12}, {'avg_silhouette': 0.48273384664278995, 'num_points': 13}, {'avg_silhouette': 0.6647311719908449, 'num_points': 13}, {'avg_silhouette': 0.5627160960610468, 'num_points': 10}]",10.0,48,0.2204843774270749,,3,0.4111880403325141
DBSCAN,,0.20991582276860954,"[{'avg_silhouette': 0.37041073939970137, 'num_points': 817}, {'avg_silhouette': 0.38741981028917133, 'num_points': 69}, {'avg_silhouette': 0.5683868103346927, 'num_points': 1928}, {'avg_silhouette': 0.37537693798966026, 'num_points': 292}, {'avg_silhouette': 0.3680274509082805, 'num_points': 152}, {'avg_silhouette': 0.4726595318316416, 'num_points': 189}, {'avg_silhouette': 0.5408795387114272, 'num_points': 220}, {'avg_silhouette': 0.4884031149250214, 'num_points': 258}, {'avg_silhouette': 0.30050119087910604, 'num_points': 482}, {'avg_silhouette': 0.34970009120090534, 'num_points': 111}, {'avg_silhouette': 0.22376448205358904, 'num_points': 98}, {'avg_silhouette': 0.7340428506788398, 'num_points': 21}, {'avg_silhouette': 0.5894217237300258, 'num_points': 18}, {'avg_silhouette': 0.5241862327170747, 'num_points': 60}, {'avg_silhouette': 0.8839518130424777, 'num_points': 20}, {'avg_silhouette': 0.5194270380209319, 'num_points': 29}, {'avg_silhouette': 0.8680531648385281, 'num_points': 18}, {'avg_silhouette': 0.1989495606468754, 'num_points': 75}, {'avg_silhouette': 0.606739055952513, 'num_points': 30}, {'avg_silhouette': 0.5324169607620575, 'num_points': 16}, {'avg_silhouette': 0.501063204154034, 'num_points': 17}, {'avg_silhouette': 0.4260333815462476, 'num_points': 50}, {'avg_silhouette': 0.5443456005361061, 'num_points': 19}, {'avg_silhouette': 0.576597702939693, 'num_points': 72}, {'avg_silhouette': 0.6213522690882071, 'num_points': 15}, {'avg_silhouette': 0.3749022825374519, 'num_points': 45}, {'avg_silhouette': 0.45202206649844406, 'num_points': 28}, {'avg_silhouette': 0.6418153902395859, 'num_points': 21}, {'avg_silhouette': 0.4285472223728714, 'num_points': 80}, {'avg_silhouette': 0.6149413254316516, 'num_points': 25}, {'avg_silhouette': 0.6361321597497103, 'num_points': 28}, {'avg_silhouette': 0.4247530726842581, 'num_points': 24}, {'avg_silhouette': 0.3590465898754818, 'num_points': 23}, {'avg_silhouette': 0.425196872681229, 'num_points': 27}, {'avg_silhouette': 0.4603125435250732, 'num_points': 15}, {'avg_silhouette': 0.4684387848262536, 'num_points': 11}, {'avg_silhouette': 0.4929345037653288, 'num_points': 14}, {'avg_silhouette': 0.46719154149034436, 'num_points': 14}, {'avg_silhouette': 0.5556244628136625, 'num_points': 19}, {'avg_silhouette': 0.5335517489169174, 'num_points': 29}, {'avg_silhouette': 0.6197630572848135, 'num_points': 23}, {'avg_silhouette': 0.6621455916560516, 'num_points': 15}, {'avg_silhouette': 0.5266969510831768, 'num_points': 17}, {'avg_silhouette': 0.5658140627726861, 'num_points': 19}, {'avg_silhouette': 0.6839812412664887, 'num_points': 12}, {'avg_silhouette': 0.49381155542969224, 'num_points': 12}, {'avg_silhouette': 0.6641649782399328, 'num_points': 13}, {'avg_silhouette': 0.5624171011873786, 'num_points': 10}]",10.0,48,0.21701566059486693,,3,0.41309958020450005
DBSCAN,,0.18991582276860952,"[{'avg_silhouette': 0.3763159176891101, 'num_points': 811}, {'avg_silhouette': 0.4077523981265829, 'num_points': 66}, {'avg_silhouette': 0.619108972024162, 'num_points': 1922}, {'avg_silhouette': 0.37808768152312344, 'num_points': 288}, {'avg_silhouette': 0.3849274384001758, 'num_points': 147}, {'avg_silhouette': 0.5478762202936177, 'num_points': 217}, {'avg_silhouette': 0.4965094782286252, 'num_points': 256}, {'avg_silhouette': 0.37911169544785894, 'num_points': 426}, {'avg_silhouette': 0.32018381424018105, 'num_points': 79}, {'avg_silhouette': 0.7542356841766864, 'num_points': 20}, {'avg_silhouette': 0.65449767601511, 'num_points': 17}, {'avg_silhouette': 0.3609888333288243, 'num_points': 108}, {'avg_silhouette': 0.7071401183041326, 'num_points': 58}, {'avg_silhouette': 0.4508946638501116, 'num_points': 39}, {'avg_silhouette': 0.8839263059936087, 'num_points': 20}, {'avg_silhouette': 0.4822236746343748, 'num_points': 187}, {'avg_silhouette': 0.5187279259989631, 'num_points': 29}, {'avg_silhouette': 0.8680108589495537, 'num_points': 18}, {'avg_silhouette': 0.31495837687175554, 'num_points': 59}, {'avg_silhouette': 0.5906927152282955, 'num_points': 30}, {'avg_silhouette': 0.4628926499042692, 'num_points': 47}, {'avg_silhouette': 0.5585425908516786, 'num_points': 18}, {'avg_silhouette': 0.6474591657619573, 'num_points': 60}, {'avg_silhouette': 0.6177640554645916, 'num_points': 14}, {'avg_silhouette': 0.4978460140138688, 'num_points': 17}, {'avg_silhouette': 0.5758955709773134, 'num_points': 34}, {'avg_silhouette': 0.46024947661895643, 'num_points': 27}, {'avg_silhouette': 0.5720158758866732, 'num_points': 77}, {'avg_silhouette': 0.6614240059124308, 'num_points': 21}, {'avg_silhouette': 0.6219300231249844, 'num_points': 24}, {'avg_silhouette': 0.4182605688815705, 'num_points': 21}, {'avg_silhouette': 0.4985334090367178, 'num_points': 21}, {'avg_silhouette': 0.6440221257962422, 'num_points': 20}, {'avg_silhouette': 0.5317813108854972, 'num_points': 16}, {'avg_silhouette': 0.5479604247557393, 'num_points': 18}, {'avg_silhouette': 0.5271010017043594, 'num_points': 28}, {'avg_silhouette': 0.6090708490131107, 'num_points': 23}, {'avg_silhouette': 0.6762231638952596, 'num_points': 14}, {'avg_silhouette': 0.5210869570345983, 'num_points': 17}, {'avg_silhouette': 0.564454070067676, 'num_points': 19}, {'avg_silhouette': 0.7014124721135266, 'num_points': 11}, {'avg_silhouette': 0.5567399955018753, 'num_points': 9}, {'avg_silhouette': 0.7374727431310022, 'num_points': 10}]",10.0,43,0.21490731233823085,,3,0.45817886172037703
HDBSCAN,,,"[{'avg_silhouette': 0.5529885324862238, 'num_points': 83}, {'avg_silhouette': 0.37160416508300737, 'num_points': 932}, {'avg_silhouette': 0.5049767112549842, 'num_points': 126}, {'avg_silhouette': 0.40564686663403055, 'num_points': 185}, {'avg_silhouette': 0.4352403798770985, 'num_points': 764}, {'avg_silhouette': 0.5581658270057472, 'num_points': 238}, {'avg_silhouette': 0.6986552987193078, 'num_points': 235}, {'avg_silhouette': 0.5397284761379175, 'num_points': 347}, {'avg_silhouette': 0.6162821349321537, 'num_points': 1932}, {'avg_silhouette': 0.5016928375425851, 'num_points': 181}]",,10,0.2126670484213243,83.0,3,0.4743755599640865
DBSCAN,,0.5099158227686098,"[{'avg_silhouette': 0.2423616796190229, 'num_points': 6857}, {'avg_silhouette': 0.5485667638565335, 'num_points': 14}, {'avg_silhouette': 0.3546395035582104, 'num_points': 47}, {'avg_silhouette': 0.721039797059804, 'num_points': 29}, {'avg_silhouette': 0.6324178994869463, 'num_points': 6}, {'avg_silhouette': 0.64841871359458, 'num_points': 5}, {'avg_silhouette': 0.5813034758083888, 'num_points': 25}, {'avg_silhouette': 0.618808339819105, 'num_points': 8}, {'avg_silhouette': 0.624440395315453, 'num_points': 5}, {'avg_silhouette': 0.4380458852580766, 'num_points': 7}, {'avg_silhouette': 0.7622665810805762, 'num_points': 7}, {'avg_silhouette': 0.8193069494186348, 'num_points': 6}, {'avg_silhouette': 0.6471117989970973, 'num_points': 6}, {'avg_silhouette': 0.8603904834939538, 'num_points': 5}, {'avg_silhouette': 0.31898855784959956, 'num_points': 29}, {'avg_silhouette': 0.6580239202484554, 'num_points': 5}, {'avg_silhouette': 0.8687915376281258, 'num_points': 11}, {'avg_silhouette': 0.5123103056693199, 'num_points': 6}, {'avg_silhouette': 0.7672439889089949, 'num_points': 5}]",5.0,19,0.20859650355066534,,1,
HDBSCAN,,,"[{'avg_silhouette': 0.5246857046106553, 'num_points': 1371}, {'avg_silhouette': 0.450928751467054, 'num_points': 839}, {'avg_silhouette': 0.709522362249628, 'num_points': 1943}, {'avg_silhouette': 0.5783561608862516, 'num_points': 311}]",,4,0.2053728239124263,236.0,3,0.5617122727757792
DBSCAN,,0.1799158227686095,"[{'avg_silhouette': 0.3769593692834906, 'num_points': 808}, {'avg_silhouette': 0.4213922647335863, 'num_points': 63}, {'avg_silhouette': 0.6224606973842399, 'num_points': 1912}, {'avg_silhouette': 0.38988735358509735, 'num_points': 281}, {'avg_silhouette': 0.4050552705920659, 'num_points': 142}, {'avg_silhouette': 0.5478446598394643, 'num_points': 217}, {'avg_silhouette': 0.49747473072585785, 'num_points': 255}, {'avg_silhouette': 0.38715291578865124, 'num_points': 417}, {'avg_silhouette': 0.32810148526976707, 'num_points': 78}, {'avg_silhouette': 0.7540789975227236, 'num_points': 20}, {'avg_silhouette': 0.65449767601511, 'num_points': 17}, {'avg_silhouette': 0.36528181084303885, 'num_points': 107}, {'avg_silhouette': 0.7241456735896558, 'num_points': 54}, {'avg_silhouette': 0.4778175850868421, 'num_points': 38}, {'avg_silhouette': 0.8838943411211868, 'num_points': 20}, {'avg_silhouette': 0.4842742249774047, 'num_points': 185}, {'avg_silhouette': 0.5355928307041015, 'num_points': 28}, {'avg_silhouette': 0.8679819298166978, 'num_points': 18}, {'avg_silhouette': 0.6100807863641317, 'num_points': 29}, {'avg_silhouette': 0.484330152450671, 'num_points': 45}, {'avg_silhouette': 0.6683388958406492, 'num_points': 56}, {'avg_silhouette': 0.5911289119349709, 'num_points': 30}, {'avg_silhouette': 0.4919396905731436, 'num_points': 22}, {'avg_silhouette': 0.5813330134435702, 'num_points': 73}, {'avg_silhouette': 0.6605674418871169, 'num_points': 21}, {'avg_silhouette': 0.6216483501984048, 'num_points': 24}, {'avg_silhouette': 0.5581514196736037, 'num_points': 18}, {'avg_silhouette': 0.42850926941861706, 'num_points': 20}, {'avg_silhouette': 0.5020009509381091, 'num_points': 20}, {'avg_silhouette': 0.6616279406549264, 'num_points': 18}, {'avg_silhouette': 0.3292388370984816, 'num_points': 56}, {'avg_silhouette': 0.5381311780282876, 'num_points': 15}, {'avg_silhouette': 0.5436886428688903, 'num_points': 18}, {'avg_silhouette': 0.5260253322073927, 'num_points': 28}, {'avg_silhouette': 0.6068073158608249, 'num_points': 23}, {'avg_silhouette': 0.5197341529795616, 'num_points': 17}, {'avg_silhouette': 0.564234234236315, 'num_points': 19}, {'avg_silhouette': 0.7021276328776677, 'num_points': 11}, {'avg_silhouette': 0.6762231638952596, 'num_points': 14}, {'avg_silhouette': 0.5554179975838051, 'num_points': 13}, {'avg_silhouette': 0.7373968221335442, 'num_points': 10}]",10.0,41,0.20489132429132792,,3,0.4621909941521272
DBSCAN,,0.5099158227686098,"[{'avg_silhouette': 0.24418643700513795, 'num_points': 6829}, {'avg_silhouette': 0.5501568973797235, 'num_points': 14}, {'avg_silhouette': 0.630341713616509, 'num_points': 41}, {'avg_silhouette': 0.7208464523662046, 'num_points': 29}, {'avg_silhouette': 0.5809646014957359, 'num_points': 25}, {'avg_silhouette': 0.4838466198875743, 'num_points': 14}, {'avg_silhouette': 0.8686735482941464, 'num_points': 11}, {'avg_silhouette': 0.4482749876458655, 'num_points': 11}]",10.0,8,0.20471280795751234,,1,
HDBSCAN,,,"[{'avg_silhouette': 0.5254129655259027, 'num_points': 1369}, {'avg_silhouette': 0.45405727726443507, 'num_points': 832}, {'avg_silhouette': 0.7092677516740559, 'num_points': 1941}, {'avg_silhouette': 0.5907189706754361, 'num_points': 298}]",,4,0.20289804428263952,256.0,3,0.5629126648214645
DBSCAN,,0.1799158227686095,"[{'avg_silhouette': 0.37959914033294345, 'num_points': 808}, {'avg_silhouette': 0.4099290576973541, 'num_points': 65}, {'avg_silhouette': 0.5717483909829817, 'num_points': 1922}, {'avg_silhouette': 0.38092296959263006, 'num_points': 286}, {'avg_silhouette': 0.4005609434267263, 'num_points': 144}, {'avg_silhouette': 0.540660761829469, 'num_points': 218}, {'avg_silhouette': 0.49747473072585785, 'num_points': 255}, {'avg_silhouette': 0.21059236481770638, 'num_points': 420}, {'avg_silhouette': 0.30624544447407437, 'num_points': 81}, {'avg_silhouette': 0.7540789975227236, 'num_points': 20}, {'avg_silhouette': 0.5880737108569745, 'num_points': 18}, {'avg_silhouette': 0.35217189295995716, 'num_points': 109}, {'avg_silhouette': 0.32668838798368494, 'num_points': 54}, {'avg_silhouette': 0.4282113708513779, 'num_points': 43}, {'avg_silhouette': 0.8839295161854916, 'num_points': 20}, {'avg_silhouette': 0.4185087526003569, 'num_points': 5}, {'avg_silhouette': 0.4748912296030362, 'num_points': 185}, {'avg_silhouette': 0.518713915107455, 'num_points': 29}, {'avg_silhouette': 0.8679819298166978, 'num_points': 18}, {'avg_silhouette': 0.2839160578257701, 'num_points': 62}, {'avg_silhouette': 0.6110575241342736, 'num_points': 29}, {'avg_silhouette': 0.5086804991381177, 'num_points': 16}, {'avg_silhouette': 0.6148485932921423, 'num_points': 8}, {'avg_silhouette': 0.5585931350557808, 'num_points': 18}, {'avg_silhouette': 0.4638419578736706, 'num_points': 46}, {'avg_silhouette': 0.5588702457453917, 'num_points': 6}, {'avg_silhouette': 0.2821489622642377, 'num_points': 58}, {'avg_silhouette': 0.6143949216048441, 'num_points': 15}, {'avg_silhouette': 0.5077167589664534, 'num_points': 9}, {'avg_silhouette': 0.473211957123513, 'num_points': 14}, {'avg_silhouette': 0.6183820150083282, 'num_points': 5}, {'avg_silhouette': 0.49647279200108196, 'num_points': 17}, {'avg_silhouette': 0.1766100031221026, 'num_points': 35}, {'avg_silhouette': 0.46040748737242143, 'num_points': 27}, {'avg_silhouette': 0.6439747683616571, 'num_points': 20}, {'avg_silhouette': 0.40368522333359214, 'num_points': 79}, {'avg_silhouette': 0.6491257555968147, 'num_points': 22}, {'avg_silhouette': 0.46962994063743446, 'num_points': 24}, {'avg_silhouette': 0.22846351536333895, 'num_points': 8}, {'avg_silhouette': 0.5863831109738921, 'num_points': 7}, {'avg_silhouette': 0.42850926941861706, 'num_points': 20}, {'avg_silhouette': 0.36427056758600507, 'num_points': 21}, {'avg_silhouette': 0.41121192330372913, 'num_points': 7}, {'avg_silhouette': 0.46633123605500476, 'num_points': 14}, {'avg_silhouette': 0.5442411222741937, 'num_points': 7}, {'avg_silhouette': 0.5623663425942586, 'num_points': 5}, {'avg_silhouette': 0.6041247146671791, 'num_points': 5}, {'avg_silhouette': 0.579068000027243, 'num_points': 10}, {'avg_silhouette': 0.43576584725647005, 'num_points': 17}, {'avg_silhouette': 0.8875831646134783, 'num_points': 6}, {'avg_silhouette': 0.3189570421953564, 'num_points': 8}, {'avg_silhouette': 0.5572194340025203, 'num_points': 9}, {'avg_silhouette': 0.5260814228252759, 'num_points': 19}, {'avg_silhouette': 0.5304345464200495, 'num_points': 28}, {'avg_silhouette': 0.4142417980571101, 'num_points': 6}, {'avg_silhouette': 0.615419012606212, 'num_points': 15}, {'avg_silhouette': 0.6068073158608249, 'num_points': 23}, {'avg_silhouette': 0.5239377739525257, 'num_points': 17}, {'avg_silhouette': 0.6476365571426986, 'num_points': 12}, {'avg_silhouette': 0.564234234236315, 'num_points': 19}, {'avg_silhouette': 0.7323078425137459, 'num_points': 5}, {'avg_silhouette': 0.6051803330893613, 'num_points': 5}, {'avg_silhouette': 0.542714664574311, 'num_points': 6}, {'avg_silhouette': 0.3542967052385921, 'num_points': 5}, {'avg_silhouette': 0.43504421129325394, 'num_points': 6}, {'avg_silhouette': 0.514438862250333, 'num_points': 5}, {'avg_silhouette': 0.6427523746280934, 'num_points': 12}, {'avg_silhouette': 0.49515169275744253, 'num_points': 5}, {'avg_silhouette': 0.5618395230459252, 'num_points': 10}, {'avg_silhouette': 0.9648316059685512, 'num_points': 9}]",5.0,70,0.2025961682914839,,3,0.3873132987112105
DBSCAN,,0.33991582276860965,"[{'avg_silhouette': 0.37698377385781634, 'num_points': 1375}, {'avg_silhouette': 0.26653687537923054, 'num_points': 3180}, {'avg_silhouette': 0.7438481807039528, 'num_points': 5}, {'avg_silhouette': 0.2758137144782089, 'num_points': 959}, {'avg_silhouette': 0.5531420168288721, 'num_points': 8}, {'avg_silhouette': 0.5127154905995088, 'num_points': 89}, {'avg_silhouette': 0.4719908899138391, 'num_points': 37}, {'avg_silhouette': 0.5922454651996957, 'num_points': 28}, {'avg_silhouette': 0.7670727273549517, 'num_points': 24}, {'avg_silhouette': 0.36523320183630564, 'num_points': 22}, {'avg_silhouette': 0.6122282499431342, 'num_points': 17}, {'avg_silhouette': 0.3894037965871549, 'num_points': 135}, {'avg_silhouette': 0.3293871999295329, 'num_points': 23}, {'avg_silhouette': 0.6722234706889776, 'num_points': 5}, {'avg_silhouette': 0.4530773791536634, 'num_points': 76}, {'avg_silhouette': 0.3041656914881965, 'num_points': 59}, {'avg_silhouette': 0.2614341347599631, 'num_points': 16}, {'avg_silhouette': 0.3221012687353643, 'num_points': 33}, {'avg_silhouette': 0.5681232217103779, 'num_points': 7}, {'avg_silhouette': 0.4328486097549156, 'num_points': 32}, {'avg_silhouette': 0.19541341082728364, 'num_points': 64}, {'avg_silhouette': 0.5777408675679537, 'num_points': 49}, {'avg_silhouette': 0.3286721497389263, 'num_points': 11}, {'avg_silhouette': 0.51094437031615, 'num_points': 5}, {'avg_silhouette': 0.4578551949002213, 'num_points': 11}, {'avg_silhouette': 0.2595478580425057, 'num_points': 6}, {'avg_silhouette': 0.7983122890273835, 'num_points': 6}, {'avg_silhouette': 0.8890961543665851, 'num_points': 6}, {'avg_silhouette': 0.8514070496526708, 'num_points': 5}, {'avg_silhouette': 0.6839824684898121, 'num_points': 6}, {'avg_silhouette': 0.5936414699025229, 'num_points': 16}, {'avg_silhouette': 0.614229057851773, 'num_points': 5}, {'avg_silhouette': 0.43182307472556103, 'num_points': 11}, {'avg_silhouette': 0.5687566149551708, 'num_points': 16}, {'avg_silhouette': 0.6539286305030916, 'num_points': 6}, {'avg_silhouette': 0.49214575367685476, 'num_points': 12}, {'avg_silhouette': 0.5992031714412558, 'num_points': 14}, {'avg_silhouette': 0.6278043014648813, 'num_points': 5}, {'avg_silhouette': 0.6681657047321792, 'num_points': 13}, {'avg_silhouette': 0.4996751171695382, 'num_points': 5}, {'avg_silhouette': 0.5532117337922814, 'num_points': 6}, {'avg_silhouette': 0.4761823219848479, 'num_points': 11}, {'avg_silhouette': 0.5802316058135625, 'num_points': 7}, {'avg_silhouette': 0.5951673255917986, 'num_points': 5}, {'avg_silhouette': 0.47480562677002236, 'num_points': 5}, {'avg_silhouette': 0.5496334146131083, 'num_points': 5}, {'avg_silhouette': 0.9253752013274313, 'num_points': 10}]",5.0,47,0.20015565166610683,,3,0.3064447879050853
AGGLC,ward,,"[{'avg_silhouette': -0.1602618162817382, 'num_points': 3881}, {'avg_silhouette': 0.3663830509284776, 'num_points': 1611}, {'avg_silhouette': 0.7146991168283805, 'num_points': 2191}]",,3,0.1996840753647446,,3,0.30694011715837327
HDBSCAN,,,"[{'avg_silhouette': 0.527474066210287, 'num_points': 1364}, {'avg_silhouette': 0.4541470692212831, 'num_points': 830}, {'avg_silhouette': 0.7087901347421465, 'num_points': 1938}, {'avg_silhouette': 0.6150077281112865, 'num_points': 276}]",,4,0.1992295306219224,275.0,3,0.5634704233912389
HDBSCAN,,,"[{'avg_silhouette': 0.39828633952144693, 'num_points': 905}, {'avg_silhouette': 0.41417585097964976, 'num_points': 176}, {'avg_silhouette': 0.5260596574513522, 'num_points': 697}, {'avg_silhouette': 0.5473587470059094, 'num_points': 234}, {'avg_silhouette': 0.7127399078391439, 'num_points': 231}, {'avg_silhouette': 0.5536953648677002, 'num_points': 334}, {'avg_silhouette': 0.6163893931370186, 'num_points': 1931}, {'avg_silhouette': 0.5042551406190359, 'num_points': 180}]",,8,0.19256057421458075,130.0,3,0.5135784633699393
HDBSCAN,,,"[{'avg_silhouette': 0.4078616271378179, 'num_points': 889}, {'avg_silhouette': 0.45190252277650683, 'num_points': 158}, {'avg_silhouette': 0.5313771532913714, 'num_points': 692}, {'avg_silhouette': 0.5489347278754955, 'num_points': 233}, {'avg_silhouette': 0.71045051880895, 'num_points': 231}, {'avg_silhouette': 0.559720733261989, 'num_points': 328}, {'avg_silhouette': 0.6157789996746632, 'num_points': 1930}, {'avg_silhouette': 0.5116300113306155, 'num_points': 177}]",,8,0.1887339043048978,152.0,3,0.5183392600346175
HDBSCAN,,,"[{'avg_silhouette': 0.42695965245311185, 'num_points': 875}, {'avg_silhouette': 0.5314531344925636, 'num_points': 691}, {'avg_silhouette': 0.5567291001755053, 'num_points': 230}, {'avg_silhouette': 0.722155767305066, 'num_points': 228}, {'avg_silhouette': 0.6506332237739149, 'num_points': 2096}, {'avg_silhouette': 0.5700733728387156, 'num_points': 322}]",,6,0.1827840339236497,174.0,3,0.5363486702398634
HDBSCAN,,,"[{'avg_silhouette': 0.4357374611174997, 'num_points': 855}, {'avg_silhouette': 0.5313560292235732, 'num_points': 690}, {'avg_silhouette': 0.5640819914930454, 'num_points': 227}, {'avg_silhouette': 0.7239516593422007, 'num_points': 227}, {'avg_silhouette': 0.6966488421848854, 'num_points': 1962}, {'avg_silhouette': 0.5740811080992027, 'num_points': 317}]",,6,0.17228086842943705,195.0,3,0.5545807775086528
AGGLC,ward,,"[{'avg_silhouette': 0.08836100473443302, 'num_points': 6072}, {'avg_silhouette': 0.46898061637910166, 'num_points': 1611}]",,2,0.1681707397805818,,2,0.27867081055676735
DBSCAN,,0.1699158227686095,"[{'avg_silhouette': 0.5951298165114014, 'num_points': 85}, {'avg_silhouette': 0.4269755890431421, 'num_points': 62}, {'avg_silhouette': 0.37136857794164685, 'num_points': 1896}, {'avg_silhouette': 0.5104191263924889, 'num_points': 717}, {'avg_silhouette': 0.38250432039981275, 'num_points': 283}, {'avg_silhouette': 0.41200213960156884, 'num_points': 140}, {'avg_silhouette': 0.5363667449602935, 'num_points': 216}, {'avg_silhouette': 0.48281581347532604, 'num_points': 253}, {'avg_silhouette': 0.22305380443207856, 'num_points': 413}, {'avg_silhouette': 0.33650280293325535, 'num_points': 76}, {'avg_silhouette': 0.7489025251477551, 'num_points': 20}, {'avg_silhouette': 0.6550470453255753, 'num_points': 17}, {'avg_silhouette': 0.3629999739438222, 'num_points': 106}, {'avg_silhouette': 0.32668838798368494, 'num_points': 54}, {'avg_silhouette': 0.46464183525778296, 'num_points': 37}, {'avg_silhouette': 0.8839010657195493, 'num_points': 20}, {'avg_silhouette': 0.4149521419062254, 'num_points': 5}, {'avg_silhouette': 0.4998612636322874, 'num_points': 17}, {'avg_silhouette': 0.4746089193032245, 'num_points': 185}, {'avg_silhouette': 0.536118793136002, 'num_points': 27}, {'avg_silhouette': 0.8816222625219389, 'num_points': 17}, {'avg_silhouette': 0.6342359442674484, 'num_points': 28}, {'avg_silhouette': 0.5085020286596631, 'num_points': 16}, {'avg_silhouette': 0.6003555237712959, 'num_points': 8}, {'avg_silhouette': 0.5677996283638496, 'num_points': 5}, {'avg_silhouette': 0.48218549714192743, 'num_points': 45}, {'avg_silhouette': 0.5543584207642992, 'num_points': 9}, {'avg_silhouette': 0.2821489622642377, 'num_points': 58}, {'avg_silhouette': 0.6328704832847768, 'num_points': 13}, {'avg_silhouette': 0.5077167589664534, 'num_points': 9}, {'avg_silhouette': 0.47037150355238205, 'num_points': 14}, {'avg_silhouette': 0.6158554329138364, 'num_points': 5}, {'avg_silhouette': 0.4772728215060304, 'num_points': 14}, {'avg_silhouette': 0.20894168623193615, 'num_points': 26}, {'avg_silhouette': 0.4687387437480247, 'num_points': 25}, {'avg_silhouette': 0.21523903398589794, 'num_points': 67}, {'avg_silhouette': 0.33011532729787996, 'num_points': 56}, {'avg_silhouette': 0.6692633324599938, 'num_points': 20}, {'avg_silhouette': 0.6221909362406645, 'num_points': 24}, {'avg_silhouette': 0.3760148445273043, 'num_points': 6}, {'avg_silhouette': 0.5863831109738921, 'num_points': 7}, {'avg_silhouette': 0.4201955170859598, 'num_points': 20}, {'avg_silhouette': 0.4096920251065417, 'num_points': 18}, {'avg_silhouette': 0.6473851175820623, 'num_points': 19}, {'avg_silhouette': 0.41121192330372913, 'num_points': 7}, {'avg_silhouette': 0.5442411222741937, 'num_points': 7}, {'avg_silhouette': 0.6029812456152255, 'num_points': 5}, {'avg_silhouette': 0.579068000027243, 'num_points': 10}, {'avg_silhouette': 0.4705161903315223, 'num_points': 14}, {'avg_silhouette': 0.902438434514092, 'num_points': 5}, {'avg_silhouette': 0.30191184160642714, 'num_points': 9}, {'avg_silhouette': 0.3196041994596829, 'num_points': 8}, {'avg_silhouette': 0.5217644939374649, 'num_points': 19}, {'avg_silhouette': 0.33035762840334687, 'num_points': 11}, {'avg_silhouette': 0.524563830819954, 'num_points': 28}, {'avg_silhouette': 0.6027005968376178, 'num_points': 8}, {'avg_silhouette': 0.636769579081624, 'num_points': 14}, {'avg_silhouette': 0.6377314624162845, 'num_points': 22}, {'avg_silhouette': 0.5205588887646644, 'num_points': 17}, {'avg_silhouette': 0.5631149773525518, 'num_points': 19}, {'avg_silhouette': 0.6463487370633485, 'num_points': 12}, {'avg_silhouette': 0.7318972318115564, 'num_points': 5}, {'avg_silhouette': 0.6051803330893613, 'num_points': 5}, {'avg_silhouette': 0.7321432391752777, 'num_points': 6}, {'avg_silhouette': 0.3542967052385921, 'num_points': 5}, {'avg_silhouette': 0.5065478762517207, 'num_points': 5}, {'avg_silhouette': 0.6427523746280934, 'num_points': 12}, {'avg_silhouette': 0.49515169275744253, 'num_points': 5}, {'avg_silhouette': 0.6327746806343932, 'num_points': 5}, {'avg_silhouette': 0.08685705702756977, 'num_points': 5}, {'avg_silhouette': 0.2532532492476296, 'num_points': 4}, {'avg_silhouette': 0.3918817888630873, 'num_points': 5}, {'avg_silhouette': 0.5610093044171739, 'num_points': 10}, {'avg_silhouette': 0.9648289850465565, 'num_points': 9}]",5.0,74,0.15329523787046867,,3,0.3682805029220715
DBSCAN,,0.1599158227686095,"[{'avg_silhouette': 0.6017509319202756, 'num_points': 83}, {'avg_silhouette': 0.4320273347749952, 'num_points': 61}, {'avg_silhouette': 0.3677170727843935, 'num_points': 1889}, {'avg_silhouette': 0.5096391522144749, 'num_points': 715}, {'avg_silhouette': 0.39784107031222754, 'num_points': 276}, {'avg_silhouette': 0.4243055431775476, 'num_points': 136}, {'avg_silhouette': 0.5456370192930351, 'num_points': 214}, {'avg_silhouette': 0.4975515541154182, 'num_points': 249}, {'avg_silhouette': 0.39563653082168526, 'num_points': 410}, {'avg_silhouette': 0.33416162144251976, 'num_points': 76}, {'avg_silhouette': 0.748880776347032, 'num_points': 20}, {'avg_silhouette': 0.6539119651990952, 'num_points': 17}, {'avg_silhouette': 0.3747857882935563, 'num_points': 103}, {'avg_silhouette': 0.32668838798368494, 'num_points': 54}, {'avg_silhouette': 0.4858328853089109, 'num_points': 31}, {'avg_silhouette': 0.8838753831674732, 'num_points': 20}, {'avg_silhouette': 0.5376476032718414, 'num_points': 16}, {'avg_silhouette': 0.4794457901552571, 'num_points': 182}, {'avg_silhouette': 0.556510115698748, 'num_points': 26}, {'avg_silhouette': 0.8815917466944531, 'num_points': 17}, {'avg_silhouette': 0.6488628461243865, 'num_points': 27}, {'avg_silhouette': 0.5175690217534556, 'num_points': 15}, {'avg_silhouette': 0.600286398817381, 'num_points': 8}, {'avg_silhouette': 0.4872858160249854, 'num_points': 44}, {'avg_silhouette': 0.5543584207642992, 'num_points': 9}, {'avg_silhouette': 0.29660793670487845, 'num_points': 56}, {'avg_silhouette': 0.6510213238198177, 'num_points': 10}, {'avg_silhouette': 0.6144960131617638, 'num_points': 5}, {'avg_silhouette': 0.532529458095894, 'num_points': 11}, {'avg_silhouette': 0.2115216226054179, 'num_points': 26}, {'avg_silhouette': 0.2532760248434362, 'num_points': 17}, {'avg_silhouette': 0.24186573914669784, 'num_points': 60}, {'avg_silhouette': 0.36126870659922067, 'num_points': 49}, {'avg_silhouette': 0.6738635920670294, 'num_points': 19}, {'avg_silhouette': 0.6423761258170331, 'num_points': 21}, {'avg_silhouette': 0.36510312066257605, 'num_points': 6}, {'avg_silhouette': 0.4201955170859598, 'num_points': 20}, {'avg_silhouette': 0.5552576618572047, 'num_points': 15}, {'avg_silhouette': 0.6665122820870216, 'num_points': 17}, {'avg_silhouette': 0.46442057415369303, 'num_points': 6}, {'avg_silhouette': 0.5325650194151804, 'num_points': 7}, {'avg_silhouette': 0.6024299963884537, 'num_points': 5}, {'avg_silhouette': 0.6113033794715622, 'num_points': 9}, {'avg_silhouette': 0.30191184160642714, 'num_points': 9}, {'avg_silhouette': 0.324222577081358, 'num_points': 7}, {'avg_silhouette': 0.5106642059599664, 'num_points': 19}, {'avg_silhouette': 0.32279123760008477, 'num_points': 11}, {'avg_silhouette': 0.524563830819954, 'num_points': 28}, {'avg_silhouette': 0.656550578626864, 'num_points': 7}, {'avg_silhouette': 0.6132266543325248, 'num_points': 5}, {'avg_silhouette': 0.6377314624162845, 'num_points': 22}, {'avg_silhouette': 0.6708322260509938, 'num_points': 12}, {'avg_silhouette': 0.517682827027807, 'num_points': 17}, {'avg_silhouette': 0.5607587154225107, 'num_points': 19}, {'avg_silhouette': 0.6650451600240046, 'num_points': 11}, {'avg_silhouette': 0.7302703753389139, 'num_points': 5}, {'avg_silhouette': 0.30745898788665876, 'num_points': 7}, {'avg_silhouette': 0.6051803330893613, 'num_points': 5}, {'avg_silhouette': 0.22858277020624093, 'num_points': 6}, {'avg_silhouette': 0.3542967052385921, 'num_points': 5}, {'avg_silhouette': 0.7267936143880852, 'num_points': 5}, {'avg_silhouette': 0.6931013714861087, 'num_points': 10}, {'avg_silhouette': 0.5674192304150762, 'num_points': 5}, {'avg_silhouette': 0.633225879848864, 'num_points': 5}, {'avg_silhouette': 0.2849909194110967, 'num_points': 4}, {'avg_silhouette': 0.39796495905477747, 'num_points': 4}, {'avg_silhouette': 0.25611034910891656, 'num_points': 5}, {'avg_silhouette': 0.49457636096581287, 'num_points': 5}, {'avg_silhouette': 0.5997890734029127, 'num_points': 6}, {'avg_silhouette': 0.5848515670705177, 'num_points': 6}, {'avg_silhouette': 0.3918817888630873, 'num_points': 5}, {'avg_silhouette': 0.5605495992270564, 'num_points': 10}, {'avg_silhouette': 0.9648176594126114, 'num_points': 9}]",5.0,73,0.1474284253103216,,3,0.4243309186068512
HDBSCAN,,,"[{'avg_silhouette': 0.4493657588133052, 'num_points': 842}, {'avg_silhouette': 0.5315382420663685, 'num_points': 688}, {'avg_silhouette': 0.5789755468440734, 'num_points': 220}, {'avg_silhouette': 0.7089311021105603, 'num_points': 1946}, {'avg_silhouette': 0.5737172688614021, 'num_points': 316}]",,5,0.14384979119234703,216.0,3,0.5632783676634113
DBSCAN,,0.1699158227686095,"[{'avg_silhouette': 0.6071560026234322, 'num_points': 85}, {'avg_silhouette': 0.42269816867055304, 'num_points': 62}, {'avg_silhouette': 0.3779611004371053, 'num_points': 1891}, {'avg_silhouette': 0.510957102332554, 'num_points': 716}, {'avg_silhouette': 0.40043755784626617, 'num_points': 276}, {'avg_silhouette': 0.4188747051937918, 'num_points': 139}, {'avg_silhouette': 0.5573638831534019, 'num_points': 213}, {'avg_silhouette': 0.48924370352345053, 'num_points': 251}, {'avg_silhouette': 0.3918905680830978, 'num_points': 413}, {'avg_silhouette': 0.34160539481898944, 'num_points': 75}, {'avg_silhouette': 0.7488404934418853, 'num_points': 20}, {'avg_silhouette': 0.3724935518778946, 'num_points': 104}, {'avg_silhouette': 0.6791323366147833, 'num_points': 54}, {'avg_silhouette': 0.49896886587211053, 'num_points': 35}, {'avg_silhouette': 0.8838675840133801, 'num_points': 20}, {'avg_silhouette': 0.4986023438233873, 'num_points': 17}, {'avg_silhouette': 0.4901591520210066, 'num_points': 183}, {'avg_silhouette': 0.5563242031247748, 'num_points': 26}, {'avg_silhouette': 0.8816197887114852, 'num_points': 17}, {'avg_silhouette': 0.6342359442674484, 'num_points': 28}, {'avg_silhouette': 0.7224062602387762, 'num_points': 16}, {'avg_silhouette': 0.4802142721393098, 'num_points': 45}, {'avg_silhouette': 0.6452574533403052, 'num_points': 54}, {'avg_silhouette': 0.6357982340312632, 'num_points': 24}, {'avg_silhouette': 0.519034158021913, 'num_points': 19}, {'avg_silhouette': 0.6044030144186349, 'num_points': 63}, {'avg_silhouette': 0.6792923076900306, 'num_points': 19}, {'avg_silhouette': 0.6198802387778751, 'num_points': 24}, {'avg_silhouette': 0.4201955170859598, 'num_points': 20}, {'avg_silhouette': 0.5336190374769384, 'num_points': 17}, {'avg_silhouette': 0.6667730607466927, 'num_points': 17}, {'avg_silhouette': 0.355191824994422, 'num_points': 48}, {'avg_silhouette': 0.5367050111020116, 'num_points': 15}, {'avg_silhouette': 0.5346951783301047, 'num_points': 18}, {'avg_silhouette': 0.5225622650031335, 'num_points': 28}, {'avg_silhouette': 0.6377314624162845, 'num_points': 22}, {'avg_silhouette': 0.5181972656204477, 'num_points': 17}, {'avg_silhouette': 0.5624044067571702, 'num_points': 19}, {'avg_silhouette': 0.7136114349892304, 'num_points': 10}]",10.0,39,0.14138759688146088,,3,0.426936256950919
DBSCAN,,0.14991582276860949,"[{'avg_silhouette': 0.6030964525076108, 'num_points': 82}, {'avg_silhouette': 0.4497484456583435, 'num_points': 58}, {'avg_silhouette': 0.3741592922304979, 'num_points': 1879}, {'avg_silhouette': 0.5111442244896113, 'num_points': 713}, {'avg_silhouette': 0.39626462314872046, 'num_points': 273}, {'avg_silhouette': 0.43559877703253963, 'num_points': 133}, {'avg_silhouette': 0.5468595658547493, 'num_points': 214}, {'avg_silhouette': 0.5054162996145816, 'num_points': 246}, {'avg_silhouette': 0.3944694348029736, 'num_points': 405}, {'avg_silhouette': 0.34647676505635366, 'num_points': 72}, {'avg_silhouette': 0.7487883103793856, 'num_points': 20}, {'avg_silhouette': 0.40345595837003834, 'num_points': 96}, {'avg_silhouette': 0.5652271517717697, 'num_points': 53}, {'avg_silhouette': 0.5005518310571425, 'num_points': 30}, {'avg_silhouette': 0.8838519155177229, 'num_points': 20}, {'avg_silhouette': 0.5360630665006998, 'num_points': 16}, {'avg_silhouette': 0.4939825879359118, 'num_points': 180}, {'avg_silhouette': 0.5636564631039889, 'num_points': 25}, {'avg_silhouette': 0.8815408871258658, 'num_points': 17}, {'avg_silhouette': 0.647945409368599, 'num_points': 27}, {'avg_silhouette': 0.5174354665423798, 'num_points': 15}, {'avg_silhouette': 0.5999931934192975, 'num_points': 8}, {'avg_silhouette': 0.5023834358142567, 'num_points': 42}, {'avg_silhouette': 0.6346232214442261, 'num_points': 8}, {'avg_silhouette': 0.4547224172419278, 'num_points': 52}, {'avg_silhouette': 0.5136509112664411, 'num_points': 23}, {'avg_silhouette': 0.546775434711442, 'num_points': 15}, {'avg_silhouette': 0.2654681596397331, 'num_points': 56}, {'avg_silhouette': 0.6738635920670294, 'num_points': 19}, {'avg_silhouette': 0.6463628379478715, 'num_points': 20}, {'avg_silhouette': 0.3873515357324234, 'num_points': 5}, {'avg_silhouette': 0.7709018640501049, 'num_points': 15}, {'avg_silhouette': 0.43910727619006823, 'num_points': 19}, {'avg_silhouette': 0.569576588830846, 'num_points': 13}, {'avg_silhouette': 0.67164688676641, 'num_points': 16}, {'avg_silhouette': 0.3970870252757693, 'num_points': 42}, {'avg_silhouette': 0.6430177753692492, 'num_points': 7}, {'avg_silhouette': 0.6113033794715622, 'num_points': 9}, {'avg_silhouette': 0.2873898379566307, 'num_points': 9}, {'avg_silhouette': 0.6272762807887657, 'num_points': 8}, {'avg_silhouette': 0.5221230240285192, 'num_points': 18}, {'avg_silhouette': 0.3169573584152601, 'num_points': 11}, {'avg_silhouette': 0.5346752215195747, 'num_points': 27}, {'avg_silhouette': 0.6560745122159615, 'num_points': 7}, {'avg_silhouette': 0.6319160707564642, 'num_points': 22}, {'avg_silhouette': 0.7258800691256083, 'num_points': 11}, {'avg_silhouette': 0.5277050806078686, 'num_points': 16}, {'avg_silhouette': 0.576509081387011, 'num_points': 18}, {'avg_silhouette': 0.6870881714232981, 'num_points': 10}, {'avg_silhouette': 0.7176629089959675, 'num_points': 5}, {'avg_silhouette': 0.7005126424380286, 'num_points': 10}, {'avg_silhouette': 0.5977949658428192, 'num_points': 5}, {'avg_silhouette': 0.7038301811558826, 'num_points': 6}, {'avg_silhouette': 0.5963182774935273, 'num_points': 6}, {'avg_silhouette': 0.3289560373017965, 'num_points': 5}, {'avg_silhouette': 0.6075546886436117, 'num_points': 6}, {'avg_silhouette': 0.6107870914456507, 'num_points': 5}, {'avg_silhouette': 0.6233968877381253, 'num_points': 8}, {'avg_silhouette': 0.9648176594126114, 'num_points': 9}, {'avg_silhouette': 0.5665923176068673, 'num_points': 5}]",5.0,60,0.1364748114138079,,3,0.42659098384102756
DBSCAN,,0.1599158227686095,"[{'avg_silhouette': 0.6172140872781745, 'num_points': 83}, {'avg_silhouette': 0.4280147942639063, 'num_points': 61}, {'avg_silhouette': 0.3741195655072465, 'num_points': 1883}, {'avg_silhouette': 0.510018135029613, 'num_points': 714}, {'avg_silhouette': 0.41663301114148155, 'num_points': 267}, {'avg_silhouette': 0.43952217816506206, 'num_points': 133}, {'avg_silhouette': 0.5787653880982041, 'num_points': 209}, {'avg_silhouette': 0.5060435454377603, 'num_points': 246}, {'avg_silhouette': 0.38694839896602207, 'num_points': 410}, {'avg_silhouette': 0.7488185286553689, 'num_points': 20}, {'avg_silhouette': 0.3528695459824053, 'num_points': 72}, {'avg_silhouette': 0.40636355313963873, 'num_points': 97}, {'avg_silhouette': 0.6788322795715189, 'num_points': 54}, {'avg_silhouette': 0.5397789642372904, 'num_points': 29}, {'avg_silhouette': 0.8838365148269505, 'num_points': 20}, {'avg_silhouette': 0.5364952311170178, 'num_points': 16}, {'avg_silhouette': 0.4990601271941522, 'num_points': 179}, {'avg_silhouette': 0.5556388776568879, 'num_points': 26}, {'avg_silhouette': 0.8815897453327948, 'num_points': 17}, {'avg_silhouette': 0.6730816326888948, 'num_points': 26}, {'avg_silhouette': 0.7196374547020286, 'num_points': 16}, {'avg_silhouette': 0.491472621055695, 'num_points': 43}, {'avg_silhouette': 0.6509137574257359, 'num_points': 53}, {'avg_silhouette': 0.6891680335035485, 'num_points': 24}, {'avg_silhouette': 0.5375221494767893, 'num_points': 15}, {'avg_silhouette': 0.7311038183285086, 'num_points': 18}, {'avg_silhouette': 0.6396003008532244, 'num_points': 21}, {'avg_silhouette': 0.6828483496172856, 'num_points': 15}, {'avg_silhouette': 0.4156607101404096, 'num_points': 39}, {'avg_silhouette': 0.6174549857432151, 'num_points': 58}, {'avg_silhouette': 0.5156243111747267, 'num_points': 18}, {'avg_silhouette': 0.5192025166437829, 'num_points': 28}, {'avg_silhouette': 0.6374669332845316, 'num_points': 22}, {'avg_silhouette': 0.5080671112741258, 'num_points': 17}, {'avg_silhouette': 0.5598045815069868, 'num_points': 19}, {'avg_silhouette': 0.4465051603698413, 'num_points': 19}, {'avg_silhouette': 0.5823790996732933, 'num_points': 12}]",10.0,37,0.1279142213013369,,3,0.42369536650096057
DBSCAN,,0.13991582276860948,"[{'avg_silhouette': 0.5996967240352379, 'num_points': 82}, {'avg_silhouette': 0.4443573115607216, 'num_points': 58}, {'avg_silhouette': 0.37961190549341517, 'num_points': 1861}, {'avg_silhouette': 0.5111974336520267, 'num_points': 711}, {'avg_silhouette': 0.4238083481163191, 'num_points': 256}, {'avg_silhouette': 0.4444158690632002, 'num_points': 131}, {'avg_silhouette': 0.5613311828646149, 'num_points': 211}, {'avg_silhouette': 0.5212358596373263, 'num_points': 237}, {'avg_silhouette': 0.3976552924098506, 'num_points': 396}, {'avg_silhouette': 0.2587013598984955, 'num_points': 67}, {'avg_silhouette': 0.7487120763441872, 'num_points': 20}, {'avg_silhouette': 0.4214347340281031, 'num_points': 92}, {'avg_silhouette': 0.6983576868821557, 'num_points': 50}, {'avg_silhouette': 0.5110335396967106, 'num_points': 29}, {'avg_silhouette': 0.8838087337264776, 'num_points': 20}, {'avg_silhouette': 0.5337721683390206, 'num_points': 16}, {'avg_silhouette': 0.4932473067192028, 'num_points': 177}, {'avg_silhouette': 0.5904814752704187, 'num_points': 22}, {'avg_silhouette': 0.8937877692281534, 'num_points': 15}, {'avg_silhouette': 0.6827298040220079, 'num_points': 25}, {'avg_silhouette': 0.5842897082456286, 'num_points': 10}, {'avg_silhouette': 0.6315150168777429, 'num_points': 7}, {'avg_silhouette': 0.5096678121036635, 'num_points': 41}, {'avg_silhouette': 0.6274376155890893, 'num_points': 8}, {'avg_silhouette': 0.4961394378283332, 'num_points': 48}, {'avg_silhouette': 0.6507595375854413, 'num_points': 22}, {'avg_silhouette': 0.5605611773395133, 'num_points': 13}, {'avg_silhouette': 0.6842301846405231, 'num_points': 18}, {'avg_silhouette': 0.6620187924358166, 'num_points': 18}, {'avg_silhouette': 0.7693261312399211, 'num_points': 15}, {'avg_silhouette': 0.4523252110737045, 'num_points': 18}, {'avg_silhouette': 0.6146533504114177, 'num_points': 11}, {'avg_silhouette': 0.6841836687445796, 'num_points': 14}, {'avg_silhouette': 0.43350915930563483, 'num_points': 37}, {'avg_silhouette': 0.24777275074461558, 'num_points': 50}, {'avg_silhouette': 0.6384601321201309, 'num_points': 8}, {'avg_silhouette': 0.3139876333726316, 'num_points': 8}, {'avg_silhouette': 0.5611932213723826, 'num_points': 5}, {'avg_silhouette': 0.7247044433772797, 'num_points': 6}, {'avg_silhouette': 0.5107017877925856, 'num_points': 18}, {'avg_silhouette': 0.45255049777561324, 'num_points': 7}, {'avg_silhouette': 0.5354777285414793, 'num_points': 26}, {'avg_silhouette': 0.6553775468921038, 'num_points': 7}, {'avg_silhouette': 0.6510187558203873, 'num_points': 21}, {'avg_silhouette': 0.5231535967484577, 'num_points': 16}, {'avg_silhouette': 0.605874271759383, 'num_points': 17}, {'avg_silhouette': 0.7178087510724558, 'num_points': 5}, {'avg_silhouette': 0.7609458912121959, 'num_points': 8}, {'avg_silhouette': 0.6424130003295758, 'num_points': 7}, {'avg_silhouette': 0.7256255580139696, 'num_points': 9}, {'avg_silhouette': 0.2129139534698846, 'num_points': 5}, {'avg_silhouette': 0.36960422976979257, 'num_points': 4}, {'avg_silhouette': 0.608051101278905, 'num_points': 4}, {'avg_silhouette': 0.5972874479851216, 'num_points': 5}, {'avg_silhouette': 0.7257490215800116, 'num_points': 5}, {'avg_silhouette': 0.635188483793885, 'num_points': 5}, {'avg_silhouette': 0.9647962971447939, 'num_points': 9}, {'avg_silhouette': 0.565607856894115, 'num_points': 5}, {'avg_silhouette': 0.6226509225667831, 'num_points': 8}]",5.0,59,0.12095729666221759,,3,0.42948821051843084
DBSCAN,,0.14991582276860949,"[{'avg_silhouette': 0.6244499065378045, 'num_points': 82}, {'avg_silhouette': 0.44370554357438263, 'num_points': 58}, {'avg_silhouette': 0.3841913562371436, 'num_points': 1867}, {'avg_silhouette': 0.5110051597094889, 'num_points': 712}, {'avg_silhouette': 0.4256803396995524, 'num_points': 257}, {'avg_silhouette': 0.4520642813368498, 'num_points': 129}, {'avg_silhouette': 0.5824298880459005, 'num_points': 208}, {'avg_silhouette': 0.5117380702820031, 'num_points': 242}, {'avg_silhouette': 0.39614343932656965, 'num_points': 400}, {'avg_silhouette': 0.7487488250384244, 'num_points': 20}, {'avg_silhouette': 0.37314672499282053, 'num_points': 67}, {'avg_silhouette': 0.427061043907263, 'num_points': 92}, {'avg_silhouette': 0.7081754695827196, 'num_points': 49}, {'avg_silhouette': 0.5382498349090554, 'num_points': 29}, {'avg_silhouette': 0.8837994806590895, 'num_points': 20}, {'avg_silhouette': 0.5340493072763387, 'num_points': 16}, {'avg_silhouette': 0.5083742911327181, 'num_points': 174}, {'avg_silhouette': 0.5734295504208763, 'num_points': 24}, {'avg_silhouette': 0.88685901810668, 'num_points': 16}, {'avg_silhouette': 0.6712903719794532, 'num_points': 26}, {'avg_silhouette': 0.5077902171082338, 'num_points': 41}, {'avg_silhouette': 0.6663052278181744, 'num_points': 50}, {'avg_silhouette': 0.7308267675958067, 'num_points': 18}, {'avg_silhouette': 0.7257403649381411, 'num_points': 20}, {'avg_silhouette': 0.7668631513526677, 'num_points': 15}, {'avg_silhouette': 0.42765510523954814, 'num_points': 38}, {'avg_silhouette': 0.6554671399723555, 'num_points': 17}, {'avg_silhouette': 0.6333046868683307, 'num_points': 53}, {'avg_silhouette': 0.6005532044791803, 'num_points': 10}, {'avg_silhouette': 0.5124291259783564, 'num_points': 18}, {'avg_silhouette': 0.527105271904355, 'num_points': 27}, {'avg_silhouette': 0.6273054731639118, 'num_points': 22}, {'avg_silhouette': 0.5229541984131744, 'num_points': 16}, {'avg_silhouette': 0.6453977683173411, 'num_points': 16}, {'avg_silhouette': 0.4845076605556726, 'num_points': 17}, {'avg_silhouette': 0.701554131320793, 'num_points': 10}]",10.0,36,0.11685121029251914,,3,0.43044665175773406
DBSCAN,,0.13991582276860948,"[{'avg_silhouette': 0.6276729878172645, 'num_points': 81}, {'avg_silhouette': 0.45378370657188405, 'num_points': 56}, {'avg_silhouette': 0.3922204351996407, 'num_points': 1851}, {'avg_silhouette': 0.5124848499111062, 'num_points': 710}, {'avg_silhouette': 0.43748891255475364, 'num_points': 248}, {'avg_silhouette': 0.47110266248708316, 'num_points': 125}, {'avg_silhouette': 0.5987369761894284, 'num_points': 203}, {'avg_silhouette': 0.5192516734043846, 'num_points': 237}, {'avg_silhouette': 0.40527858554950547, 'num_points': 389}, {'avg_silhouette': 0.4072010310536838, 'num_points': 59}, {'avg_silhouette': 0.4341256947209594, 'num_points': 90}, {'avg_silhouette': 0.7315482339002363, 'num_points': 44}, {'avg_silhouette': 0.8837708138805533, 'num_points': 20}, {'avg_silhouette': 0.5323026579015973, 'num_points': 16}, {'avg_silhouette': 0.5152341302225054, 'num_points': 170}, {'avg_silhouette': 0.62254263918974, 'num_points': 20}, {'avg_silhouette': 0.8937758875091667, 'num_points': 15}, {'avg_silhouette': 0.7486723438895969, 'num_points': 20}, {'avg_silhouette': 0.6814495763532763, 'num_points': 25}, {'avg_silhouette': 0.5556170437859633, 'num_points': 27}, {'avg_silhouette': 0.6816823580322545, 'num_points': 47}, {'avg_silhouette': 0.7654646673484945, 'num_points': 15}, {'avg_silhouette': 0.45604583219035777, 'num_points': 33}, {'avg_silhouette': 0.5038894704740501, 'num_points': 41}, {'avg_silhouette': 0.7554769574849435, 'num_points': 12}, {'avg_silhouette': 0.6430931784654664, 'num_points': 49}, {'avg_silhouette': 0.5050088106241659, 'num_points': 18}, {'avg_silhouette': 0.5279653567257162, 'num_points': 26}, {'avg_silhouette': 0.6500989917940219, 'num_points': 21}, {'avg_silhouette': 0.5208629924300296, 'num_points': 16}, {'avg_silhouette': 0.6446954858669597, 'num_points': 16}, {'avg_silhouette': 0.4812218164682112, 'num_points': 17}, {'avg_silhouette': 0.7429722226591601, 'num_points': 17}]",10.0,33,0.10625714004005664,,3,0.4366612902200841
DBSCAN,,0.12991582276860947,"[{'avg_silhouette': 0.602442012462555, 'num_points': 81}, {'avg_silhouette': 0.44804288793157565, 'num_points': 57}, {'avg_silhouette': 0.3924494181535587, 'num_points': 1849}, {'avg_silhouette': 0.5177637612950878, 'num_points': 704}, {'avg_silhouette': 0.434133230739442, 'num_points': 250}, {'avg_silhouette': 0.46376838282426575, 'num_points': 126}, {'avg_silhouette': 0.438252797992542, 'num_points': 202}, {'avg_silhouette': 0.5199013379939704, 'num_points': 236}, {'avg_silhouette': 0.40319875465902894, 'num_points': 388}, {'avg_silhouette': 0.3786855857385924, 'num_points': 65}, {'avg_silhouette': 0.7485083632386249, 'num_points': 20}, {'avg_silhouette': 0.4447748195618306, 'num_points': 87}, {'avg_silhouette': 0.7355694190118375, 'num_points': 43}, {'avg_silhouette': 0.5376617772122297, 'num_points': 29}, {'avg_silhouette': 0.8837728445064131, 'num_points': 20}, {'avg_silhouette': 0.5320821478462748, 'num_points': 16}, {'avg_silhouette': 0.43957922634830837, 'num_points': 163}, {'avg_silhouette': 0.6168217760627073, 'num_points': 20}, {'avg_silhouette': 0.8937787178405864, 'num_points': 15}, {'avg_silhouette': 0.6918854263713916, 'num_points': 24}, {'avg_silhouette': 0.6309604551203807, 'num_points': 7}, {'avg_silhouette': 0.5060804444652236, 'num_points': 41}, {'avg_silhouette': 0.6212417924991833, 'num_points': 8}, {'avg_silhouette': 0.5146513176001158, 'num_points': 45}, {'avg_silhouette': 0.5051542222123276, 'num_points': 5}, {'avg_silhouette': 0.3870683167457793, 'num_points': 9}, {'avg_silhouette': 0.1409459376805826, 'num_points': 11}, {'avg_silhouette': 0.3768604945542746, 'num_points': 7}, {'avg_silhouette': 0.2811786700406078, 'num_points': 8}, {'avg_silhouette': 0.8159299504992051, 'num_points': 14}, {'avg_silhouette': 0.6379279771178685, 'num_points': 6}, {'avg_silhouette': 0.720888738928794, 'num_points': 9}, {'avg_silhouette': 0.44315521618158826, 'num_points': 5}, {'avg_silhouette': 0.44924809705438223, 'num_points': 35}, {'avg_silhouette': 0.3040475295431095, 'num_points': 8}, {'avg_silhouette': 0.24698702336163256, 'num_points': 47}, {'avg_silhouette': 0.6515308969652016, 'num_points': 9}, {'avg_silhouette': 0.6254696712323171, 'num_points': 8}, {'avg_silhouette': 0.7243600456971017, 'num_points': 6}, {'avg_silhouette': 0.5257430948588389, 'num_points': 17}, {'avg_silhouette': 0.5537304701486873, 'num_points': 24}, {'avg_silhouette': 0.6548672188144931, 'num_points': 7}, {'avg_silhouette': 0.6508347439269233, 'num_points': 21}, {'avg_silhouette': 0.6182291389553902, 'num_points': 8}, {'avg_silhouette': 0.5390783959322215, 'num_points': 15}, {'avg_silhouette': 0.644510726729008, 'num_points': 16}, {'avg_silhouette': 0.718252074615927, 'num_points': 5}, {'avg_silhouette': 0.7766844402765397, 'num_points': 7}, {'avg_silhouette': 0.4869531363278983, 'num_points': 16}, {'avg_silhouette': 0.6747132531596808, 'num_points': 6}, {'avg_silhouette': 0.7381810286829533, 'num_points': 8}, {'avg_silhouette': 0.740307772687972, 'num_points': 6}, {'avg_silhouette': 0.6443876578041758, 'num_points': 5}, {'avg_silhouette': 0.4218379334863195, 'num_points': 5}, {'avg_silhouette': 0.5176413946057824, 'num_points': 5}, {'avg_silhouette': 0.9647548222821718, 'num_points': 9}, {'avg_silhouette': 0.5651684248326321, 'num_points': 5}, {'avg_silhouette': 0.6220556016718038, 'num_points': 8}]",5.0,58,0.10156923016153875,,3,0.4378039780358918
DBSCAN,,0.11991582276860946,"[{'avg_silhouette': 0.6639002804707612, 'num_points': 72}, {'avg_silhouette': 0.4651221882413068, 'num_points': 52}, {'avg_silhouette': 0.41405655326137936, 'num_points': 1812}, {'avg_silhouette': 0.528109512114851, 'num_points': 692}, {'avg_silhouette': 0.4636444449833803, 'num_points': 224}, {'avg_silhouette': 0.49142841181438734, 'num_points': 117}, {'avg_silhouette': 0.6285417019161725, 'num_points': 196}, {'avg_silhouette': 0.5325689798551014, 'num_points': 231}, {'avg_silhouette': 0.4299525080041313, 'num_points': 352}, {'avg_silhouette': 0.45637483627590175, 'num_points': 46}, {'avg_silhouette': 0.5055523478126407, 'num_points': 78}, {'avg_silhouette': 0.8836941611749213, 'num_points': 20}, {'avg_silhouette': 0.7505757451843332, 'num_points': 39}, {'avg_silhouette': 0.8936204278566923, 'num_points': 15}, {'avg_silhouette': 0.330865966077344, 'num_points': 138}, {'avg_silhouette': 0.7646492466211052, 'num_points': 19}, {'avg_silhouette': 0.7095127608101476, 'num_points': 38}, {'avg_silhouette': 0.7135158141109104, 'num_points': 22}, {'avg_silhouette': 0.8774321469183511, 'num_points': 13}, {'avg_silhouette': 0.6689210282655756, 'num_points': 17}, {'avg_silhouette': 0.5369653757432697, 'num_points': 12}, {'avg_silhouette': 0.6118437292585102, 'num_points': 27}, {'avg_silhouette': 0.5629552480502598, 'num_points': 36}, {'avg_silhouette': 0.7178387908693746, 'num_points': 42}, {'avg_silhouette': 0.563856058248355, 'num_points': 21}, {'avg_silhouette': 0.8111711477556482, 'num_points': 21}, {'avg_silhouette': 0.6426967626472616, 'num_points': 16}, {'avg_silhouette': 0.5272228357284664, 'num_points': 16}]",10.0,28,0.07382889676311301,,2,0.4710830326881152
DBSCAN,,0.12991582276860947,"[{'avg_silhouette': 0.6557432865374129, 'num_points': 74}, {'avg_silhouette': 0.45038799836548343, 'num_points': 56}, {'avg_silhouette': 0.40402801918719194, 'num_points': 1830}, {'avg_silhouette': 0.5199930298909844, 'num_points': 702}, {'avg_silhouette': 0.18410506976295216, 'num_points': 233}, {'avg_silhouette': 0.47414482281062204, 'num_points': 121}, {'avg_silhouette': 0.613626114738106, 'num_points': 199}, {'avg_silhouette': 0.5195740805552729, 'num_points': 236}, {'avg_silhouette': 0.19334779670089267, 'num_points': 370}, {'avg_silhouette': 0.4341278393100787, 'num_points': 52}, {'avg_silhouette': 0.4437553765419015, 'num_points': 87}, {'avg_silhouette': 0.7386523678690973, 'num_points': 42}, {'avg_silhouette': 0.8837302108413663, 'num_points': 20}, {'avg_silhouette': 0.5295423339422207, 'num_points': 16}, {'avg_silhouette': 0.31761086709033104, 'num_points': 142}, {'avg_silhouette': 0.6369548611617428, 'num_points': 19}, {'avg_silhouette': 0.8936607531642143, 'num_points': 15}, {'avg_silhouette': 0.7062537784308133, 'num_points': 23}, {'avg_silhouette': 0.7484545714319595, 'num_points': 20}, {'avg_silhouette': 0.6871203194008417, 'num_points': 45}, {'avg_silhouette': 0.8144606297076615, 'num_points': 14}, {'avg_silhouette': 0.5489989931397896, 'num_points': 10}, {'avg_silhouette': 0.44441394220286035, 'num_points': 16}, {'avg_silhouette': 0.502533930714608, 'num_points': 28}, {'avg_silhouette': 0.5564976767973546, 'num_points': 37}, {'avg_silhouette': 0.6503513783985153, 'num_points': 44}, {'avg_silhouette': 0.2807578833854196, 'num_points': 13}, {'avg_silhouette': 0.5547093261565699, 'num_points': 23}, {'avg_silhouette': 0.2980369332283929, 'num_points': 7}, {'avg_silhouette': 0.6498970986854963, 'num_points': 21}, {'avg_silhouette': 0.5516757513637932, 'num_points': 14}, {'avg_silhouette': 0.644510726729008, 'num_points': 16}, {'avg_silhouette': 0.5678485194093258, 'num_points': 13}, {'avg_silhouette': 0.4737018611937326, 'num_points': 9}, {'avg_silhouette': 0.5010267202262504, 'num_points': 15}]",10.0,35,0.07088540864560713,,2,0.4620105245390882
DBSCAN,,0.11991582276860946,"[{'avg_silhouette': 0.6024253462336452, 'num_points': 81}, {'avg_silhouette': 0.4579795059792491, 'num_points': 54}, {'avg_silhouette': 0.3816370758252389, 'num_points': 1828}, {'avg_silhouette': 0.5240858576440316, 'num_points': 697}, {'avg_silhouette': 0.19550835156202004, 'num_points': 228}, {'avg_silhouette': 0.48123327143163586, 'num_points': 121}, {'avg_silhouette': 0.4619807189385586, 'num_points': 199}, {'avg_silhouette': 0.5252263296715295, 'num_points': 234}, {'avg_silhouette': 0.18490548673229057, 'num_points': 369}, {'avg_silhouette': 0.409215301498772, 'num_points': 55}, {'avg_silhouette': 0.4774758364315925, 'num_points': 81}, {'avg_silhouette': 0.7522416601913305, 'num_points': 39}, {'avg_silhouette': 0.529364975979657, 'num_points': 28}, {'avg_silhouette': 0.8837262149158063, 'num_points': 20}, {'avg_silhouette': 0.5295489718800073, 'num_points': 16}, {'avg_silhouette': 0.3145007633110869, 'num_points': 140}, {'avg_silhouette': 0.6331292859900479, 'num_points': 19}, {'avg_silhouette': 0.8937720394375861, 'num_points': 15}, {'avg_silhouette': 0.7648045672375743, 'num_points': 19}, {'avg_silhouette': 0.6980161924217533, 'num_points': 23}, {'avg_silhouette': 0.6748267620882351, 'num_points': 6}, {'avg_silhouette': 0.7680113915259916, 'num_points': 8}, {'avg_silhouette': 0.5162666571538722, 'num_points': 44}, {'avg_silhouette': 0.30592284501655886, 'num_points': 8}, {'avg_silhouette': 0.4394518405998804, 'num_points': 10}, {'avg_silhouette': 0.2756809340014951, 'num_points': 7}, {'avg_silhouette': 0.5580257679876118, 'num_points': 4}, {'avg_silhouette': 0.8783827670313512, 'num_points': 13}, {'avg_silhouette': 0.625746886836216, 'num_points': 6}, {'avg_silhouette': 0.5469920399525506, 'num_points': 10}, {'avg_silhouette': 0.48501367348896746, 'num_points': 14}, {'avg_silhouette': 0.3779220132678767, 'num_points': 6}, {'avg_silhouette': 0.47690398605629913, 'num_points': 31}, {'avg_silhouette': 0.3290735106355344, 'num_points': 6}, {'avg_silhouette': 0.523032993921899, 'num_points': 39}, {'avg_silhouette': 0.2427995460957399, 'num_points': 8}, {'avg_silhouette': 0.6558502110497858, 'num_points': 45}, {'avg_silhouette': 0.7240941988664343, 'num_points': 6}, {'avg_silhouette': 0.6512015239169358, 'num_points': 8}, {'avg_silhouette': 0.5198370450910959, 'num_points': 17}, {'avg_silhouette': 0.5653257258014323, 'num_points': 22}, {'avg_silhouette': 0.670787504526702, 'num_points': 6}, {'avg_silhouette': 0.6508347439269233, 'num_points': 21}, {'avg_silhouette': 0.6185306812752555, 'num_points': 7}, {'avg_silhouette': 0.5441975119746711, 'num_points': 14}, {'avg_silhouette': 0.6436457427414533, 'num_points': 16}, {'avg_silhouette': 0.7174097701678459, 'num_points': 5}, {'avg_silhouette': 0.4869531363278983, 'num_points': 16}, {'avg_silhouette': 0.7381810286829533, 'num_points': 8}, {'avg_silhouette': 0.5026540545363989, 'num_points': 5}, {'avg_silhouette': 0.6646038943719235, 'num_points': 8}, {'avg_silhouette': 0.9647334645943526, 'num_points': 9}, {'avg_silhouette': 0.5639131760886733, 'num_points': 5}, {'avg_silhouette': 0.6364761086444867, 'num_points': 7}]",5.0,54,0.06267445071426016,,2,0.45286146673463523
DBSCAN,,0.10991582276860945,"[{'avg_silhouette': 0.6785361435817516, 'num_points': 67}, {'avg_silhouette': 0.4161632957873715, 'num_points': 1789}, {'avg_silhouette': 0.5305681479175715, 'num_points': 688}, {'avg_silhouette': 0.4895144905312984, 'num_points': 207}, {'avg_silhouette': 0.5167537259618656, 'num_points': 108}, {'avg_silhouette': 0.6332284902617461, 'num_points': 195}, {'avg_silhouette': 0.5416153266485951, 'num_points': 228}, {'avg_silhouette': 0.4364139061817134, 'num_points': 340}, {'avg_silhouette': 0.499246545143748, 'num_points': 36}, {'avg_silhouette': 0.5222719692507086, 'num_points': 73}, {'avg_silhouette': 0.9027341148244423, 'num_points': 16}, {'avg_silhouette': 0.7646967372693593, 'num_points': 36}, {'avg_silhouette': 0.9036908698144968, 'num_points': 14}, {'avg_silhouette': 0.5891619938724564, 'num_points': 133}, {'avg_silhouette': 0.7943009081030059, 'num_points': 16}, {'avg_silhouette': 0.3069190055482064, 'num_points': 18}, {'avg_silhouette': 0.7247628585001645, 'num_points': 21}, {'avg_silhouette': 0.2875560320899152, 'num_points': 17}, {'avg_silhouette': 0.8771518086401531, 'num_points': 13}, {'avg_silhouette': 0.5875942471709023, 'num_points': 33}, {'avg_silhouette': 0.38151309747163303, 'num_points': 18}, {'avg_silhouette': 0.7299258206507283, 'num_points': 11}, {'avg_silhouette': 0.4347280734369355, 'num_points': 15}, {'avg_silhouette': 0.6806085720857246, 'num_points': 10}, {'avg_silhouette': 0.8111759110310349, 'num_points': 21}, {'avg_silhouette': 0.48953617374754393, 'num_points': 43}, {'avg_silhouette': 0.7235836570772713, 'num_points': 12}, {'avg_silhouette': 0.7020570708142271, 'num_points': 11}, {'avg_silhouette': 0.5920829077110683, 'num_points': 13}]",10.0,29,0.04879927162113634,,2,0.4733657218524715
DBSCAN,,0.10991582276860945,"[{'avg_silhouette': 0.394300600260922, 'num_points': 71}, {'avg_silhouette': 0.460286325127016, 'num_points': 50}, {'avg_silhouette': 0.38817732047637743, 'num_points': 1812}, {'avg_silhouette': 0.5261789654339002, 'num_points': 694}, {'avg_silhouette': 0.2205959681011201, 'num_points': 218}, {'avg_silhouette': 0.5025408020019126, 'num_points': 112}, {'avg_silhouette': 0.6283699275544025, 'num_points': 196}, {'avg_silhouette': 0.5318535695101593, 'num_points': 232}, {'avg_silhouette': 0.1981568011621771, 'num_points': 353}, {'avg_silhouette': 0.4347193557834939, 'num_points': 48}, {'avg_silhouette': 0.50117573530677, 'num_points': 75}, {'avg_silhouette': 0.7591920461383801, 'num_points': 37}, {'avg_silhouette': 0.33435463987438296, 'num_points': 20}, {'avg_silhouette': 0.8836979988765854, 'num_points': 20}, {'avg_silhouette': 0.5275347353710798, 'num_points': 16}, {'avg_silhouette': 0.3264767872202267, 'num_points': 135}, {'avg_silhouette': 0.6321460278123405, 'num_points': 19}, {'avg_silhouette': 0.8936258981866483, 'num_points': 15}, {'avg_silhouette': 0.7770462710783957, 'num_points': 18}, {'avg_silhouette': 0.7135528306149015, 'num_points': 22}, {'avg_silhouette': 0.4846489928109142, 'num_points': 5}, {'avg_silhouette': 0.8064350445460144, 'num_points': 8}, {'avg_silhouette': 0.5568413245785261, 'num_points': 37}, {'avg_silhouette': 0.47855935830800994, 'num_points': 9}, {'avg_silhouette': 0.41510032808511826, 'num_points': 5}, {'avg_silhouette': 0.8774515488158035, 'num_points': 13}, {'avg_silhouette': 0.7333199611294928, 'num_points': 5}, {'avg_silhouette': 0.5964803779748435, 'num_points': 9}, {'avg_silhouette': 0.5772336398099773, 'num_points': 10}, {'avg_silhouette': 0.18749773195196118, 'num_points': 25}, {'avg_silhouette': 0.5474864771866851, 'num_points': 36}, {'avg_silhouette': 0.6512495031674415, 'num_points': 43}, {'avg_silhouette': 0.721420118843108, 'num_points': 6}, {'avg_silhouette': 0.5556284013445113, 'num_points': 6}, {'avg_silhouette': 0.5580821428674476, 'num_points': 14}, {'avg_silhouette': 0.5868201442879953, 'num_points': 19}, {'avg_silhouette': 0.6480451830959394, 'num_points': 21}, {'avg_silhouette': 0.5451287742576404, 'num_points': 13}, {'avg_silhouette': 0.666100174181525, 'num_points': 15}, {'avg_silhouette': 0.5385508416678725, 'num_points': 13}, {'avg_silhouette': 0.7172492892871737, 'num_points': 5}, {'avg_silhouette': 0.34877646848417215, 'num_points': 5}, {'avg_silhouette': 0.45667162156195823, 'num_points': 5}, {'avg_silhouette': 0.40357415947108377, 'num_points': 7}, {'avg_silhouette': 0.7273967206036859, 'num_points': 5}, {'avg_silhouette': 0.38291790872296705, 'num_points': 3}, {'avg_silhouette': 0.9647169186581623, 'num_points': 9}, {'avg_silhouette': 0.6342323757665802, 'num_points': 7}]",5.0,48,0.047719020655645615,,2,0.4571781429551388
HDBSCAN,,,"[{'avg_silhouette': 0.49851257836784935, 'num_points': 19}, {'avg_silhouette': 0.6408535036960448, 'num_points': 15}, {'avg_silhouette': 0.46881638055062197, 'num_points': 39}, {'avg_silhouette': 0.27870134798328255, 'num_points': 14}, {'avg_silhouette': 0.2551942119922769, 'num_points': 18}, {'avg_silhouette': 0.1999929628886016, 'num_points': 14}, {'avg_silhouette': 0.29651751898154766, 'num_points': 20}, {'avg_silhouette': 0.22555496464248012, 'num_points': 29}, {'avg_silhouette': 0.3491870528154074, 'num_points': 10}, {'avg_silhouette': 0.37584850577290263, 'num_points': 38}, {'avg_silhouette': 0.32500229773834444, 'num_points': 11}, {'avg_silhouette': 0.36098189213449716, 'num_points': 73}, {'avg_silhouette': 0.47611055280739734, 'num_points': 14}, {'avg_silhouette': 0.4346861392509102, 'num_points': 12}, {'avg_silhouette': 0.46034062918506846, 'num_points': 12}, {'avg_silhouette': 0.48599201282189763, 'num_points': 18}, {'avg_silhouette': 0.4566005949633747, 'num_points': 22}, {'avg_silhouette': 0.29617897824728917, 'num_points': 57}, {'avg_silhouette': 0.3009480736636538, 'num_points': 26}, {'avg_silhouette': 0.34951531272223046, 'num_points': 27}, {'avg_silhouette': 0.2972096776276565, 'num_points': 47}, {'avg_silhouette': 0.4075576207727496, 'num_points': 91}, {'avg_silhouette': 0.640756851587361, 'num_points': 14}, {'avg_silhouette': 0.2900214637707908, 'num_points': 45}, {'avg_silhouette': 0.4689610115553301, 'num_points': 68}, {'avg_silhouette': 0.3987581728813028, 'num_points': 18}, {'avg_silhouette': 0.4182605688815705, 'num_points': 21}, {'avg_silhouette': 0.6090708490131107, 'num_points': 23}, {'avg_silhouette': 0.34489711548962976, 'num_points': 41}, {'avg_silhouette': 0.43262771550670787, 'num_points': 9}, {'avg_silhouette': 0.34055769584321227, 'num_points': 52}, {'avg_silhouette': 0.42459191921952, 'num_points': 19}, {'avg_silhouette': 0.4005018462578066, 'num_points': 88}, {'avg_silhouette': 0.3630023439527041, 'num_points': 31}, {'avg_silhouette': 0.33763802597486475, 'num_points': 19}, {'avg_silhouette': 0.4070049260497335, 'num_points': 14}, {'avg_silhouette': 0.4636594782897849, 'num_points': 47}, {'avg_silhouette': 0.5064608255552432, 'num_points': 19}, {'avg_silhouette': 0.3916253250424231, 'num_points': 146}, {'avg_silhouette': 0.5292537100101087, 'num_points': 13}, {'avg_silhouette': 0.606862761975757, 'num_points': 80}, {'avg_silhouette': 0.21784995919140646, 'num_points': 154}, {'avg_silhouette': 0.242607644789248, 'num_points': 45}, {'avg_silhouette': 0.5466691510157494, 'num_points': 24}, {'avg_silhouette': 0.564247951240344, 'num_points': 9}, {'avg_silhouette': 0.5392498336401257, 'num_points': 32}, {'avg_silhouette': 0.49198229043692865, 'num_points': 13}, {'avg_silhouette': 0.20963835638972242, 'num_points': 96}, {'avg_silhouette': 0.5540632138053824, 'num_points': 28}, {'avg_silhouette': 0.3491314141339986, 'num_points': 110}, {'avg_silhouette': 0.5236383560322054, 'num_points': 17}, {'avg_silhouette': 0.2628977105497961, 'num_points': 44}, {'avg_silhouette': 0.4495652370237414, 'num_points': 11}, {'avg_silhouette': 0.48855347084970757, 'num_points': 20}, {'avg_silhouette': 0.6114840053754909, 'num_points': 13}, {'avg_silhouette': 0.4327091583323781, 'num_points': 32}, {'avg_silhouette': 0.6007919482759747, 'num_points': 22}, {'avg_silhouette': 0.4059690656144356, 'num_points': 193}, {'avg_silhouette': 0.39646894457981163, 'num_points': 15}, {'avg_silhouette': 0.2780229074272147, 'num_points': 42}, {'avg_silhouette': 0.20890269436119643, 'num_points': 72}, {'avg_silhouette': 0.5527692627234565, 'num_points': 19}, {'avg_silhouette': 0.40855173573248493, 'num_points': 408}, {'avg_silhouette': 0.5239287193620545, 'num_points': 31}, {'avg_silhouette': 0.5559527042053113, 'num_points': 9}, {'avg_silhouette': 0.6917955269335615, 'num_points': 16}, {'avg_silhouette': 0.4019138062849337, 'num_points': 67}, {'avg_silhouette': 0.3778124472137946, 'num_points': 289}, {'avg_silhouette': 0.5003022839049194, 'num_points': 16}, {'avg_silhouette': 0.44992658901849447, 'num_points': 16}, {'avg_silhouette': 0.39343690210809806, 'num_points': 24}, {'avg_silhouette': 0.5589860643450176, 'num_points': 46}, {'avg_silhouette': 0.34622381658099366, 'num_points': 16}, {'avg_silhouette': 0.6783926936794158, 'num_points': 19}, {'avg_silhouette': 0.27657264453564695, 'num_points': 26}, {'avg_silhouette': 0.33624497166280404, 'num_points': 19}, {'avg_silhouette': 0.24545619343730776, 'num_points': 88}, {'avg_silhouette': 0.3624976433584916, 'num_points': 39}, {'avg_silhouette': 0.6729436317498853, 'num_points': 13}, {'avg_silhouette': 0.20487368284485813, 'num_points': 14}, {'avg_silhouette': 0.45712889382446864, 'num_points': 28}, {'avg_silhouette': 0.7391479464016291, 'num_points': 12}, {'avg_silhouette': 0.6797385620915309, 'num_points': 17}, {'avg_silhouette': 0.5456953825891596, 'num_points': 11}, {'avg_silhouette': 0.45088955317793705, 'num_points': 13}, {'avg_silhouette': 0.4210671132887772, 'num_points': 10}, {'avg_silhouette': 0.1733492304012449, 'num_points': 75}, {'avg_silhouette': 0.6597791438866717, 'num_points': 21}, {'avg_silhouette': 0.5546366076813847, 'num_points': 10}, {'avg_silhouette': 0.23292193153173163, 'num_points': 47}, {'avg_silhouette': 0.36644465288931016, 'num_points': 11}, {'avg_silhouette': 0.6457660659144642, 'num_points': 11}, {'avg_silhouette': 0.9185192186911468, 'num_points': 55}, {'avg_silhouette': 0.4189235825595807, 'num_points': 40}, {'avg_silhouette': 0.550393707137448, 'num_points': 30}, {'avg_silhouette': 0.8891044330030282, 'num_points': 83}, {'avg_silhouette': 0.14215959826413607, 'num_points': 46}, {'avg_silhouette': 0.4041090371343168, 'num_points': 17}, {'avg_silhouette': 0.1497970518108776, 'num_points': 64}, {'avg_silhouette': 0.46461475393815027, 'num_points': 11}, {'avg_silhouette': 0.41384329076054815, 'num_points': 26}, {'avg_silhouette': 0.39138039343742853, 'num_points': 37}, {'avg_silhouette': 0.65417327568382, 'num_points': 35}, {'avg_silhouette': 0.6352503138598242, 'num_points': 11}, {'avg_silhouette': 0.37756687011073287, 'num_points': 15}, {'avg_silhouette': 0.35800944994318634, 'num_points': 17}, {'avg_silhouette': 0.5833331580377745, 'num_points': 9}, {'avg_silhouette': 0.999999426305294, 'num_points': 25}, {'avg_silhouette': 0.999999426305294, 'num_points': 22}, {'avg_silhouette': 0.999999426305294, 'num_points': 11}, {'avg_silhouette': -0.13529985729656485, 'num_points': 20}, {'avg_silhouette': 0.9999994412064552, 'num_points': 45}, {'avg_silhouette': 0.5495058169368315, 'num_points': 19}, {'avg_silhouette': 0.999999426305294, 'num_points': 26}, {'avg_silhouette': 0.999999426305294, 'num_points': 62}, {'avg_silhouette': 0.999999426305294, 'num_points': 54}, {'avg_silhouette': 0.9999994702885548, 'num_points': 25}, {'avg_silhouette': 0.6546611285251683, 'num_points': 11}, {'avg_silhouette': 0.999999426305294, 'num_points': 23}, {'avg_silhouette': 0.999999426305294, 'num_points': 20}, {'avg_silhouette': 0.999999426305294, 'num_points': 10}, {'avg_silhouette': 0.999999426305294, 'num_points': 10}, {'avg_silhouette': 0.999999426305294, 'num_points': 10}, {'avg_silhouette': 0.999999426305294, 'num_points': 28}, {'avg_silhouette': 0.999999426305294, 'num_points': 22}, {'avg_silhouette': 0.999999426305294, 'num_points': 13}]",,126,0.04688382275360932,9.0,1,
HDBSCAN,,,"[{'avg_silhouette': 0.5393143053261481, 'num_points': 112}, {'avg_silhouette': 0.378035228514768, 'num_points': 911}, {'avg_silhouette': 0.403661525446473, 'num_points': 181}, {'avg_silhouette': 0.5226266699444236, 'num_points': 701}, {'avg_silhouette': 0.5402198146845033, 'num_points': 237}, {'avg_silhouette': 0.7010033112199776, 'num_points': 232}, {'avg_silhouette': 0.5441299409448201, 'num_points': 338}, {'avg_silhouette': 0.4815133571609658, 'num_points': 181}, {'avg_silhouette': 0.42516237034951015, 'num_points': 1052}, {'avg_silhouette': 0.6027824499703076, 'num_points': 136}]",,10,0.045067376386244244,107.0,3,0.44194142293623395
HDBSCAN,,,"[{'avg_silhouette': 0.47976715015301874, 'num_points': 39}, {'avg_silhouette': 0.41348154178649044, 'num_points': 36}, {'avg_silhouette': 0.4074308485400725, 'num_points': 69}, {'avg_silhouette': 0.4123592410779258, 'num_points': 67}, {'avg_silhouette': 0.4764117172791344, 'num_points': 43}, {'avg_silhouette': 0.4264052948573188, 'num_points': 83}, {'avg_silhouette': 0.44643435376606755, 'num_points': 93}, {'avg_silhouette': 0.4619591016437144, 'num_points': 85}, {'avg_silhouette': 0.4863017508775307, 'num_points': 52}, {'avg_silhouette': 0.4066059912761829, 'num_points': 146}, {'avg_silhouette': 0.43429766907066897, 'num_points': 134}, {'avg_silhouette': 0.5188285340283654, 'num_points': 41}, {'avg_silhouette': 0.5114142862831583, 'num_points': 246}, {'avg_silhouette': 0.6808413712734493, 'num_points': 68}, {'avg_silhouette': 0.5470550842353479, 'num_points': 679}, {'avg_silhouette': 0.3256650091910152, 'num_points': 115}, {'avg_silhouette': 0.36901083634084886, 'num_points': 424}, {'avg_silhouette': 0.43752197649580543, 'num_points': 98}, {'avg_silhouette': 0.33416065701722875, 'num_points': 81}, {'avg_silhouette': 0.6583273179999135, 'num_points': 244}, {'avg_silhouette': 0.4516387025475927, 'num_points': 187}, {'avg_silhouette': 0.4044981248237759, 'num_points': 272}, {'avg_silhouette': 0.4438654746713929, 'num_points': 59}, {'avg_silhouette': 0.5032315359184052, 'num_points': 47}, {'avg_silhouette': 0.2534540418692724, 'num_points': 226}, {'avg_silhouette': 0.9130686039821031, 'num_points': 84}, {'avg_silhouette': 0.16213078673868275, 'num_points': 198}, {'avg_silhouette': 0.20780681457177058, 'num_points': 82}, {'avg_silhouette': 0.99999958183575, 'num_points': 45}, {'avg_silhouette': 0.13707109210549034, 'num_points': 84}, {'avg_silhouette': 0.6993966463931955, 'num_points': 79}, {'avg_silhouette': 0.7750484938720636, 'num_points': 73}]",,32,0.01938161246889084,34.0,2,0.45803296028809837
DBSCAN,,0.09991582276860944,"[{'avg_silhouette': 0.7055548591188803, 'num_points': 60}, {'avg_silhouette': 0.42803877381867933, 'num_points': 1765}, {'avg_silhouette': 0.34395585135671636, 'num_points': 660}, {'avg_silhouette': 0.4866235304237555, 'num_points': 180}, {'avg_silhouette': 0.36975626970963116, 'num_points': 95}, {'avg_silhouette': 0.6525659301890446, 'num_points': 188}, {'avg_silhouette': 0.5603145550859286, 'num_points': 219}, {'avg_silhouette': 0.4594875349890685, 'num_points': 315}, {'avg_silhouette': 0.5355285863723228, 'num_points': 66}, {'avg_silhouette': 0.9073473528125114, 'num_points': 14}, {'avg_silhouette': 0.7855273270652963, 'num_points': 32}, {'avg_silhouette': 0.9036130190771645, 'num_points': 14}, {'avg_silhouette': 0.6121778084105138, 'num_points': 121}, {'avg_silhouette': 0.8010109211596055, 'num_points': 15}, {'avg_silhouette': 0.6966274212901846, 'num_points': 20}, {'avg_silhouette': 0.8061668806421096, 'num_points': 12}, {'avg_silhouette': 0.7223950596697547, 'num_points': 21}, {'avg_silhouette': 0.4906507592040673, 'num_points': 17}, {'avg_silhouette': 0.928093511828075, 'num_points': 12}, {'avg_silhouette': 0.5806167450180068, 'num_points': 33}, {'avg_silhouette': 0.7449905662340119, 'num_points': 10}, {'avg_silhouette': 0.8443248705067896, 'num_points': 14}, {'avg_silhouette': 0.5679628338140917, 'num_points': 9}, {'avg_silhouette': 0.8109408091827904, 'num_points': 21}, {'avg_silhouette': 0.3052826024622645, 'num_points': 18}, {'avg_silhouette': 0.7217936027609935, 'num_points': 12}, {'avg_silhouette': 0.5897514635400242, 'num_points': 13}, {'avg_silhouette': 0.4584788724593441, 'num_points': 11}]",10.0,28,0.007245920223811531,,2,0.38599731258769787
DBSCAN,,0.09991582276860944,"[{'avg_silhouette': 0.3226864927403787, 'num_points': 62}, {'avg_silhouette': 0.4723520811589603, 'num_points': 43}, {'avg_silhouette': 0.4075990654928153, 'num_points': 1773}, {'avg_silhouette': 0.3355220955577672, 'num_points': 665}, {'avg_silhouette': 0.10137131405822332, 'num_points': 194}, {'avg_silhouette': 0.5355308772618707, 'num_points': 104}, {'avg_silhouette': 0.629750189708865, 'num_points': 195}, {'avg_silhouette': 0.5398468678004225, 'num_points': 226}, {'avg_silhouette': 0.2079101401008249, 'num_points': 332}, {'avg_silhouette': 0.4533360564865264, 'num_points': 37}, {'avg_silhouette': 0.4985873939575698, 'num_points': 69}, {'avg_silhouette': 0.3094587777183165, 'num_points': 7}, {'avg_silhouette': 0.9026806544965024, 'num_points': 16}, {'avg_silhouette': 0.7635130674024088, 'num_points': 36}, {'avg_silhouette': 0.5232613485027027, 'num_points': 16}, {'avg_silhouette': 0.1321444812251032, 'num_points': 13}, {'avg_silhouette': 0.9036507021117439, 'num_points': 14}, {'avg_silhouette': 0.7813977009731246, 'num_points': 17}, {'avg_silhouette': 0.34767440859688387, 'num_points': 128}, {'avg_silhouette': 0.7119157333566218, 'num_points': 22}, {'avg_silhouette': 0.4242648683018079, 'num_points': 5}, {'avg_silhouette': 0.8059432632071597, 'num_points': 8}, {'avg_silhouette': 0.28560840581121094, 'num_points': 16}, {'avg_silhouette': 0.2920920327961638, 'num_points': 10}, {'avg_silhouette': 0.4931090636077172, 'num_points': 17}, {'avg_silhouette': 0.41510032808511826, 'num_points': 5}, {'avg_silhouette': 0.6941634716781231, 'num_points': 5}, {'avg_silhouette': 0.25318896415999914, 'num_points': 6}, {'avg_silhouette': 0.928884722930836, 'num_points': 12}, {'avg_silhouette': 0.4237616464819076, 'num_points': 6}, {'avg_silhouette': 0.7322595207041517, 'num_points': 5}, {'avg_silhouette': 0.5746820708613605, 'num_points': 9}, {'avg_silhouette': 0.573669698185995, 'num_points': 10}, {'avg_silhouette': 0.5517490024376525, 'num_points': 20}, {'avg_silhouette': 0.6846755153213989, 'num_points': 5}, {'avg_silhouette': 0.5524437268649217, 'num_points': 35}, {'avg_silhouette': 0.6612393162754364, 'num_points': 37}, {'avg_silhouette': 0.20639171813623075, 'num_points': 4}, {'avg_silhouette': 0.525249540432884, 'num_points': 7}, {'avg_silhouette': 0.7196179067800123, 'num_points': 6}, {'avg_silhouette': 0.2799103161373295, 'num_points': 5}, {'avg_silhouette': 0.5538678979716491, 'num_points': 14}, {'avg_silhouette': 0.5792990244277721, 'num_points': 7}, {'avg_silhouette': 0.3100876264734138, 'num_points': 11}, {'avg_silhouette': 0.6481882806396374, 'num_points': 21}, {'avg_silhouette': 0.3834119172899445, 'num_points': 5}, {'avg_silhouette': 0.6783633070689525, 'num_points': 14}, {'avg_silhouette': 0.3644442400092856, 'num_points': 9}, {'avg_silhouette': 0.7081815948495285, 'num_points': 5}, {'avg_silhouette': 0.6877916971807038, 'num_points': 5}, {'avg_silhouette': 0.40357415947108377, 'num_points': 7}, {'avg_silhouette': 0.4412372882596345, 'num_points': 4}, {'avg_silhouette': 0.9647159945320829, 'num_points': 9}, {'avg_silhouette': 0.6489314943583772, 'num_points': 6}]",5.0,54,0.0047115817454734255,,2,0.3715605805252913
DBSCAN,,0.08991582276860943,"[{'avg_silhouette': 0.43067006398358126, 'num_points': 1728}, {'avg_silhouette': 0.33417862773061563, 'num_points': 641}, {'avg_silhouette': 0.2967419889652525, 'num_points': 120}, {'avg_silhouette': 0.7577369336884567, 'num_points': 50}, {'avg_silhouette': 0.6761430079137837, 'num_points': 178}, {'avg_silhouette': 0.5833672362139145, 'num_points': 207}, {'avg_silhouette': 0.22794407335072614, 'num_points': 273}, {'avg_silhouette': 0.5762071790458289, 'num_points': 91}, {'avg_silhouette': 0.3971580991606257, 'num_points': 26}, {'avg_silhouette': 0.7941320484048197, 'num_points': 28}, {'avg_silhouette': 0.9266052256941355, 'num_points': 10}, {'avg_silhouette': 0.6238406716999345, 'num_points': 111}, {'avg_silhouette': 0.3328112163107676, 'num_points': 40}, {'avg_silhouette': 0.7565402913722571, 'num_points': 18}, {'avg_silhouette': 0.6094386394867237, 'num_points': 12}, {'avg_silhouette': 0.9275360218041993, 'num_points': 12}, {'avg_silhouette': 0.6106049949381321, 'num_points': 29}, {'avg_silhouette': 0.8357929729654849, 'num_points': 10}, {'avg_silhouette': 0.8617100539382108, 'num_points': 12}, {'avg_silhouette': 0.21191269729541418, 'num_points': 30}, {'avg_silhouette': 0.8399730651310106, 'num_points': 18}, {'avg_silhouette': 0.7308852576773733, 'num_points': 11}, {'avg_silhouette': 0.6284667681872809, 'num_points': 10}, {'avg_silhouette': 0.6717468599628507, 'num_points': 10}]",10.0,24,-0.04071578969430668,,2,0.38242434585709845
HDBSCAN,,,"[{'avg_silhouette': 0.46610208403968345, 'num_points': 62}, {'avg_silhouette': 0.4716733335632966, 'num_points': 72}, {'avg_silhouette': 0.5220426072281875, 'num_points': 90}, {'avg_silhouette': 0.5323820007096703, 'num_points': 84}, {'avg_silhouette': 0.4471205258368744, 'num_points': 133}, {'avg_silhouette': 0.39767959864979857, 'num_points': 190}, {'avg_silhouette': 0.40703728127887434, 'num_points': 790}, {'avg_silhouette': 0.5591557758969562, 'num_points': 240}, {'avg_silhouette': 0.360770434176035, 'num_points': 100}, {'avg_silhouette': 0.3889985912248506, 'num_points': 405}, {'avg_silhouette': 0.48384618956996256, 'num_points': 86}, {'avg_silhouette': 0.6757770926825046, 'num_points': 239}, {'avg_silhouette': 0.40094770461218915, 'num_points': 359}, {'avg_silhouette': 0.44877930161210045, 'num_points': 60}, {'avg_silhouette': 0.4741641558807443, 'num_points': 182}, {'avg_silhouette': 0.41513144909471617, 'num_points': 180}, {'avg_silhouette': 0.2433758810492035, 'num_points': 188}, {'avg_silhouette': 0.915563782968924, 'num_points': 84}, {'avg_silhouette': 0.9999995642126751, 'num_points': 62}, {'avg_silhouette': 0.6713726386193134, 'num_points': 79}]",,20,-0.054253335341086284,59.0,2,0.39801793625186244
DBSCAN,,0.08991582276860943,"[{'avg_silhouette': 0.7339622929141413, 'num_points': 54}, {'avg_silhouette': 0.3436634299104591, 'num_points': 1740}, {'avg_silhouette': 0.13202022464398738, 'num_points': 646}, {'avg_silhouette': 0.18753904312299471, 'num_points': 124}, {'avg_silhouette': 0.3556286388099636, 'num_points': 93}, {'avg_silhouette': 0.37842136574291796, 'num_points': 178}, {'avg_silhouette': 0.16109977329161962, 'num_points': 46}, {'avg_silhouette': 0.5822889142510508, 'num_points': 209}, {'avg_silhouette': 0.5003291304413344, 'num_points': 8}, {'avg_silhouette': 0.11098405513359919, 'num_points': 291}, {'avg_silhouette': 0.5548259068368435, 'num_points': 4}, {'avg_silhouette': 0.3461262385601359, 'num_points': 18}, {'avg_silhouette': 0.3755967611623912, 'num_points': 28}, {'avg_silhouette': 0.9231391241060213, 'num_points': 11}, {'avg_silhouette': 0.778243750271686, 'num_points': 33}, {'avg_silhouette': 0.9205866755369386, 'num_points': 11}, {'avg_silhouette': 0.7841369702627583, 'num_points': 16}, {'avg_silhouette': 0.3659801846823731, 'num_points': 116}, {'avg_silhouette': 0.7279955158802883, 'num_points': 20}, {'avg_silhouette': 0.36323923421428594, 'num_points': 5}, {'avg_silhouette': 0.8212203398346499, 'num_points': 7}, {'avg_silhouette': 0.48815288630132375, 'num_points': 9}, {'avg_silhouette': 0.36555287624375493, 'num_points': 8}, {'avg_silhouette': 0.5874955225881551, 'num_points': 13}, {'avg_silhouette': 0.6926485441331812, 'num_points': 5}, {'avg_silhouette': 0.2512791987739624, 'num_points': 5}, {'avg_silhouette': 0.9275360218041993, 'num_points': 12}, {'avg_silhouette': 0.6121609842584838, 'num_points': 8}, {'avg_silhouette': 0.556395777561613, 'num_points': 9}, {'avg_silhouette': 0.4266557877395274, 'num_points': 8}, {'avg_silhouette': 0.7388182055565832, 'num_points': 6}, {'avg_silhouette': 0.6432291873605895, 'num_points': 8}, {'avg_silhouette': 0.4435596787929977, 'num_points': 7}, {'avg_silhouette': 0.5703130046234576, 'num_points': 13}, {'avg_silhouette': 0.6041138183307314, 'num_points': 30}, {'avg_silhouette': 0.5179711006250816, 'num_points': 13}, {'avg_silhouette': 0.25169391953655396, 'num_points': 9}, {'avg_silhouette': 0.4493371383447462, 'num_points': 7}, {'avg_silhouette': 0.4756276687971589, 'num_points': 7}, {'avg_silhouette': 0.372061824248939, 'num_points': 6}, {'avg_silhouette': 0.40894693757566664, 'num_points': 6}, {'avg_silhouette': 0.7007864378981782, 'num_points': 8}, {'avg_silhouette': 0.7698478937276033, 'num_points': 6}, {'avg_silhouette': 0.19551601645795816, 'num_points': 32}, {'avg_silhouette': 0.5564919504256763, 'num_points': 7}, {'avg_silhouette': 0.32252433682113657, 'num_points': 10}, {'avg_silhouette': 0.8282647433868157, 'num_points': 19}, {'avg_silhouette': 0.27530011928179, 'num_points': 20}, {'avg_silhouette': 0.7026424096368218, 'num_points': 13}, {'avg_silhouette': 0.48009208951265847, 'num_points': 13}, {'avg_silhouette': 0.41958505135149576, 'num_points': 6}, {'avg_silhouette': 0.27268969265271087, 'num_points': 7}, {'avg_silhouette': 0.5738124016753873, 'num_points': 5}, {'avg_silhouette': 0.8463333534659587, 'num_points': 6}, {'avg_silhouette': 0.49596770207063223, 'num_points': 5}, {'avg_silhouette': 0.6352468957954717, 'num_points': 11}, {'avg_silhouette': 0.9823415966780753, 'num_points': 8}, {'avg_silhouette': 0.6044974498573256, 'num_points': 6}]",5.0,58,-0.07719508738342383,,2,0.23784182727722325
