algo,linkage,eps,clusters,min_samples,num_clusters,silhouette_score,min_cluster_size,num_representative_clusters,silhouette_score_representative_clusters
DBSCAN,,1.0372751268321587,"[{'avg_silhouette': 0.4837079864545446, 'num_points': 7481}, {'avg_silhouette': 0.5964296561095308, 'num_points': 8}]",5.0,2,0.4775096728858245,,1,
DBSCAN,,1.0472751268321587,"[{'avg_silhouette': 0.48312346376980253, 'num_points': 7487}, {'avg_silhouette': 0.5965263161664984, 'num_points': 8}]",5.0,2,0.47748638024836326,,1,
DBSCAN,,1.0572751268321587,"[{'avg_silhouette': 0.48253620577257617, 'num_points': 7493}, {'avg_silhouette': 0.5966172674896264, 'num_points': 8}]",5.0,2,0.4774677651761658,,1,
DBSCAN,,1.0272751268321587,"[{'avg_silhouette': 0.3982174852126157, 'num_points': 7435}, {'avg_silhouette': 0.4934375507445547, 'num_points': 30}]",10.0,2,0.3909696943320184,,1,
DBSCAN,,1.0272751268321587,"[{'avg_silhouette': 0.39692812873534417, 'num_points': 7438}, {'avg_silhouette': 0.4934928577099161, 'num_points': 30}, {'avg_silhouette': 0.5959962150416195, 'num_points': 8}]",5.0,3,0.3907934364682717,,1,
DBSCAN,,0.9472751268321586,"[{'avg_silhouette': 0.3777997415706158, 'num_points': 6692}, {'avg_silhouette': 0.43339376248851036, 'num_points': 79}, {'avg_silhouette': 0.46293858762584816, 'num_points': 70}, {'avg_silhouette': 0.5221506472530699, 'num_points': 63}, {'avg_silhouette': 0.4584013799801052, 'num_points': 82}, {'avg_silhouette': 0.6526237143409493, 'num_points': 59}, {'avg_silhouette': 0.3997937050974822, 'num_points': 64}, {'avg_silhouette': 0.3937604914059604, 'num_points': 18}, {'avg_silhouette': 0.6139955549102026, 'num_points': 25}, {'avg_silhouette': 0.3538088911252478, 'num_points': 33}, {'avg_silhouette': 0.40559666017793905, 'num_points': 6}, {'avg_silhouette': 0.48305310522061146, 'num_points': 29}, {'avg_silhouette': 0.38150825363489077, 'num_points': 18}, {'avg_silhouette': 0.5052023675829034, 'num_points': 41}, {'avg_silhouette': 0.5887323613185165, 'num_points': 8}, {'avg_silhouette': 0.44756649629827455, 'num_points': 23}, {'avg_silhouette': 0.7190984634222982, 'num_points': 19}, {'avg_silhouette': 0.39385029025504287, 'num_points': 38}, {'avg_silhouette': 0.590691483778288, 'num_points': 21}, {'avg_silhouette': 0.4645872224413777, 'num_points': 6}, {'avg_silhouette': 0.4423529351620287, 'num_points': 6}, {'avg_silhouette': 0.2845046715778893, 'num_points': 10}]",5.0,22,0.373861037572668,,1,
DBSCAN,,0.9272751268321586,"[{'avg_silhouette': 0.3780960621936417, 'num_points': 6690}, {'avg_silhouette': 0.4333262460657782, 'num_points': 79}, {'avg_silhouette': 0.4628693912658563, 'num_points': 70}, {'avg_silhouette': 0.5220924156615699, 'num_points': 63}, {'avg_silhouette': 0.45833261199261494, 'num_points': 82}, {'avg_silhouette': 0.6525685270811109, 'num_points': 59}, {'avg_silhouette': 0.3997236852341469, 'num_points': 64}, {'avg_silhouette': 0.4134602894732317, 'num_points': 17}, {'avg_silhouette': 0.6139433339261909, 'num_points': 25}, {'avg_silhouette': 0.3537517738122673, 'num_points': 33}, {'avg_silhouette': 0.405539522244484, 'num_points': 6}, {'avg_silhouette': 0.48297758871663904, 'num_points': 29}, {'avg_silhouette': 0.3814403108833886, 'num_points': 18}, {'avg_silhouette': 0.5051434829199418, 'num_points': 41}, {'avg_silhouette': 0.5886965927847563, 'num_points': 8}, {'avg_silhouette': 0.44748978187180394, 'num_points': 23}, {'avg_silhouette': 0.7190502221166701, 'num_points': 19}, {'avg_silhouette': 0.39385029025504287, 'num_points': 38}, {'avg_silhouette': 0.5906675656693651, 'num_points': 21}, {'avg_silhouette': 0.4645361700538469, 'num_points': 6}, {'avg_silhouette': 0.44228048840166867, 'num_points': 6}, {'avg_silhouette': 0.2863513078412791, 'num_points': 9}]",5.0,22,0.3738357992400469,,1,
DBSCAN,,0.9572751268321587,"[{'avg_silhouette': 0.3776399936998212, 'num_points': 6693}, {'avg_silhouette': 0.43343321576768795, 'num_points': 79}, {'avg_silhouette': 0.4629822214638689, 'num_points': 70}, {'avg_silhouette': 0.5221833180075902, 'num_points': 63}, {'avg_silhouette': 0.4584438575667579, 'num_points': 82}, {'avg_silhouette': 0.6526545923789727, 'num_points': 59}, {'avg_silhouette': 0.39983534321304537, 'num_points': 64}, {'avg_silhouette': 0.39380133422016894, 'num_points': 18}, {'avg_silhouette': 0.6140281750888256, 'num_points': 25}, {'avg_silhouette': 0.3538441470075838, 'num_points': 33}, {'avg_silhouette': 0.4056332988829272, 'num_points': 6}, {'avg_silhouette': 0.48309492640201007, 'num_points': 29}, {'avg_silhouette': 0.38154982224221684, 'num_points': 18}, {'avg_silhouette': 0.5052334773812808, 'num_points': 41}, {'avg_silhouette': 0.5887528039873295, 'num_points': 8}, {'avg_silhouette': 0.44760977566459453, 'num_points': 23}, {'avg_silhouette': 0.7191253155757904, 'num_points': 19}, {'avg_silhouette': 0.39385029025504287, 'num_points': 38}, {'avg_silhouette': 0.5907057694813916, 'num_points': 21}, {'avg_silhouette': 0.4646204989529963, 'num_points': 6}, {'avg_silhouette': 0.4423914335743668, 'num_points': 6}, {'avg_silhouette': 0.2845386859189969, 'num_points': 10}]",5.0,22,0.3737949614160516,,1,
DBSCAN,,0.9372751268321586,"[{'avg_silhouette': 0.37794504351429065, 'num_points': 6691}, {'avg_silhouette': 0.43336011002102637, 'num_points': 79}, {'avg_silhouette': 0.46290360384191204, 'num_points': 70}, {'avg_silhouette': 0.5221215849253844, 'num_points': 63}, {'avg_silhouette': 0.45836540044338836, 'num_points': 82}, {'avg_silhouette': 0.6525957537360174, 'num_points': 59}, {'avg_silhouette': 0.3997600619849059, 'num_points': 64}, {'avg_silhouette': 0.4134976682233309, 'num_points': 17}, {'avg_silhouette': 0.613967224730819, 'num_points': 25}, {'avg_silhouette': 0.35377914477284444, 'num_points': 33}, {'avg_silhouette': 0.4055656180366942, 'num_points': 6}, {'avg_silhouette': 0.48301496727233456, 'num_points': 29}, {'avg_silhouette': 0.38147689677339575, 'num_points': 18}, {'avg_silhouette': 0.505173330597052, 'num_points': 41}, {'avg_silhouette': 0.5887147382747775, 'num_points': 8}, {'avg_silhouette': 0.4475273478047232, 'num_points': 23}, {'avg_silhouette': 0.7190741671596771, 'num_points': 19}, {'avg_silhouette': 0.39385029025504287, 'num_points': 38}, {'avg_silhouette': 0.5906794226154516, 'num_points': 21}, {'avg_silhouette': 0.4645595829649772, 'num_points': 6}, {'avg_silhouette': 0.4423162405269507, 'num_points': 6}, {'avg_silhouette': 0.2863811614421994, 'num_points': 9}]",5.0,22,0.3737705665794911,,1,
DBSCAN,,0.9672751268321587,"[{'avg_silhouette': 0.3773600133751728, 'num_points': 6695}, {'avg_silhouette': 0.4335330256932298, 'num_points': 79}, {'avg_silhouette': 0.46307490979423044, 'num_points': 70}, {'avg_silhouette': 0.522261417406924, 'num_points': 63}, {'avg_silhouette': 0.45853708959408646, 'num_points': 82}, {'avg_silhouette': 0.6527268764972172, 'num_points': 59}, {'avg_silhouette': 0.3999364932861181, 'num_points': 64}, {'avg_silhouette': 0.39389924225270956, 'num_points': 18}, {'avg_silhouette': 0.6141004453384094, 'num_points': 25}, {'avg_silhouette': 0.35393056685470325, 'num_points': 33}, {'avg_silhouette': 0.40572108905364773, 'num_points': 6}, {'avg_silhouette': 0.4831909629979596, 'num_points': 29}, {'avg_silhouette': 0.38165008513545234, 'num_points': 18}, {'avg_silhouette': 0.4902309690075768, 'num_points': 42}, {'avg_silhouette': 0.5888062966332046, 'num_points': 8}, {'avg_silhouette': 0.44770496339723354, 'num_points': 23}, {'avg_silhouette': 0.719186611689285, 'num_points': 19}, {'avg_silhouette': 0.39385029025504287, 'num_points': 38}, {'avg_silhouette': 0.5907373329885476, 'num_points': 21}, {'avg_silhouette': 0.46468879192826584, 'num_points': 6}, {'avg_silhouette': 0.4424956909309164, 'num_points': 6}, {'avg_silhouette': 0.28464084364209136, 'num_points': 10}]",5.0,22,0.37373061897345927,,1,
DBSCAN,,0.9772751268321587,"[{'avg_silhouette': 0.37720848523393674, 'num_points': 6696}, {'avg_silhouette': 0.43357374861123915, 'num_points': 79}, {'avg_silhouette': 0.4631100437503269, 'num_points': 70}, {'avg_silhouette': 0.5222941782413753, 'num_points': 63}, {'avg_silhouette': 0.4585762666131104, 'num_points': 82}, {'avg_silhouette': 0.6527546665985492, 'num_points': 59}, {'avg_silhouette': 0.39997371168160994, 'num_points': 64}, {'avg_silhouette': 0.39393445092917667, 'num_points': 18}, {'avg_silhouette': 0.6141287893378228, 'num_points': 25}, {'avg_silhouette': 0.3539638957279304, 'num_points': 33}, {'avg_silhouette': 0.40575828065368774, 'num_points': 6}, {'avg_silhouette': 0.483223594310579, 'num_points': 29}, {'avg_silhouette': 0.3816844245658013, 'num_points': 18}, {'avg_silhouette': 0.4902635526521956, 'num_points': 42}, {'avg_silhouette': 0.5888282819595603, 'num_points': 8}, {'avg_silhouette': 0.44773683125703734, 'num_points': 23}, {'avg_silhouette': 0.7192099093157881, 'num_points': 19}, {'avg_silhouette': 0.39385029025504287, 'num_points': 38}, {'avg_silhouette': 0.590751477630153, 'num_points': 21}, {'avg_silhouette': 0.4647203829349556, 'num_points': 6}, {'avg_silhouette': 0.4425340964222326, 'num_points': 6}, {'avg_silhouette': 0.2846818232916632, 'num_points': 10}]",5.0,22,0.37367385275110204,,1,
DBSCAN,,0.9872751268321587,"[{'avg_silhouette': 0.37702727110741435, 'num_points': 6697}, {'avg_silhouette': 0.43362264667303463, 'num_points': 79}, {'avg_silhouette': 0.4631565636509658, 'num_points': 70}, {'avg_silhouette': 0.5223316462423477, 'num_points': 63}, {'avg_silhouette': 0.4586231350224127, 'num_points': 82}, {'avg_silhouette': 0.6527897396175648, 'num_points': 59}, {'avg_silhouette': 0.40001481669431854, 'num_points': 64}, {'avg_silhouette': 0.3939694780454572, 'num_points': 18}, {'avg_silhouette': 0.6141651404110444, 'num_points': 25}, {'avg_silhouette': 0.354006337841798, 'num_points': 33}, {'avg_silhouette': 0.40580008991467414, 'num_points': 6}, {'avg_silhouette': 0.4832716895735778, 'num_points': 29}, {'avg_silhouette': 0.38172139895262697, 'num_points': 18}, {'avg_silhouette': 0.4903025606202667, 'num_points': 42}, {'avg_silhouette': 0.5888541035641326, 'num_points': 8}, {'avg_silhouette': 0.4477846193232097, 'num_points': 23}, {'avg_silhouette': 0.7192398712907242, 'num_points': 19}, {'avg_silhouette': 0.39385029025504287, 'num_points': 38}, {'avg_silhouette': 0.5907669951733477, 'num_points': 21}, {'avg_silhouette': 0.46475758055304733, 'num_points': 6}, {'avg_silhouette': 0.442583512271095, 'num_points': 6}, {'avg_silhouette': 0.28472760557368365, 'num_points': 10}]",5.0,22,0.3735893507836985,,1,
DBSCAN,,0.9972751268321587,"[{'avg_silhouette': 0.3768676287122276, 'num_points': 6698}, {'avg_silhouette': 0.43365704920249515, 'num_points': 79}, {'avg_silhouette': 0.28476546428201494, 'num_points': 10}, {'avg_silhouette': 0.46319304854710835, 'num_points': 70}, {'avg_silhouette': 0.5223673124748458, 'num_points': 63}, {'avg_silhouette': 0.45866340664948074, 'num_points': 82}, {'avg_silhouette': 0.6528146518318091, 'num_points': 59}, {'avg_silhouette': 0.40004884216928155, 'num_points': 64}, {'avg_silhouette': 0.39400034828762415, 'num_points': 18}, {'avg_silhouette': 0.6141840159490323, 'num_points': 25}, {'avg_silhouette': 0.35405034422446097, 'num_points': 33}, {'avg_silhouette': 0.40584073242452084, 'num_points': 6}, {'avg_silhouette': 0.4833073849522239, 'num_points': 29}, {'avg_silhouette': 0.38175516422507416, 'num_points': 18}, {'avg_silhouette': 0.49034079237818284, 'num_points': 42}, {'avg_silhouette': 0.5888723252117829, 'num_points': 8}, {'avg_silhouette': 0.44782514219846786, 'num_points': 23}, {'avg_silhouette': 0.719263219440247, 'num_points': 19}, {'avg_silhouette': 0.39385029025504287, 'num_points': 38}, {'avg_silhouette': 0.5907805580134045, 'num_points': 21}, {'avg_silhouette': 0.464795046309809, 'num_points': 6}, {'avg_silhouette': 0.44262397500765244, 'num_points': 6}]",5.0,22,0.3735263265037075,,1,
DBSCAN,,0.8772751268321586,"[{'avg_silhouette': 0.37780669017108526, 'num_points': 6682}, {'avg_silhouette': 0.4330569177967134, 'num_points': 79}, {'avg_silhouette': 0.4626214108384418, 'num_points': 70}, {'avg_silhouette': 0.5218811478828811, 'num_points': 63}, {'avg_silhouette': 0.4580920733500299, 'num_points': 82}, {'avg_silhouette': 0.6523773686350405, 'num_points': 59}, {'avg_silhouette': 0.3994567121942386, 'num_points': 64}, {'avg_silhouette': 0.44186766875569494, 'num_points': 16}, {'avg_silhouette': 0.6137496767849266, 'num_points': 25}, {'avg_silhouette': 0.36375649448389036, 'num_points': 32}, {'avg_silhouette': 0.4916964726068461, 'num_points': 5}, {'avg_silhouette': 0.4827252632335559, 'num_points': 29}, {'avg_silhouette': 0.4134721383516284, 'num_points': 17}, {'avg_silhouette': 0.5049173000989169, 'num_points': 41}, {'avg_silhouette': 0.5885592212968414, 'num_points': 8}, {'avg_silhouette': 0.44723918547704067, 'num_points': 23}, {'avg_silhouette': 0.7188923803490694, 'num_points': 19}, {'avg_silhouette': 0.39385029025504287, 'num_points': 38}, {'avg_silhouette': 0.5905847683328269, 'num_points': 21}, {'avg_silhouette': 0.464364545150944, 'num_points': 6}, {'avg_silhouette': 0.44200905273127944, 'num_points': 6}, {'avg_silhouette': 0.36094832195429205, 'num_points': 5}]",5.0,22,0.37244971671342614,,1,
DBSCAN,,0.8672751268321586,"[{'avg_silhouette': 0.37780669017108526, 'num_points': 6682}, {'avg_silhouette': 0.4330569177967134, 'num_points': 79}, {'avg_silhouette': 0.4626214108384418, 'num_points': 70}, {'avg_silhouette': 0.5218811478828811, 'num_points': 63}, {'avg_silhouette': 0.4580920733500299, 'num_points': 82}, {'avg_silhouette': 0.6523773686350405, 'num_points': 59}, {'avg_silhouette': 0.3994567121942386, 'num_points': 64}, {'avg_silhouette': 0.44186766875569494, 'num_points': 16}, {'avg_silhouette': 0.6137496767849266, 'num_points': 25}, {'avg_silhouette': 0.36375649448389036, 'num_points': 32}, {'avg_silhouette': 0.4827252632335559, 'num_points': 29}, {'avg_silhouette': 0.4134721383516284, 'num_points': 17}, {'avg_silhouette': 0.4916964726068461, 'num_points': 5}, {'avg_silhouette': 0.5049173000989169, 'num_points': 41}, {'avg_silhouette': 0.5885592212968414, 'num_points': 8}, {'avg_silhouette': 0.44723918547704067, 'num_points': 23}, {'avg_silhouette': 0.7188923803490694, 'num_points': 19}, {'avg_silhouette': 0.39385029025504287, 'num_points': 38}, {'avg_silhouette': 0.5905847683328269, 'num_points': 21}, {'avg_silhouette': 0.464364545150944, 'num_points': 6}, {'avg_silhouette': 0.44200905273127944, 'num_points': 6}, {'avg_silhouette': 0.36094832195429205, 'num_points': 5}]",5.0,22,0.37244971671342614,,1,
DBSCAN,,0.8572751268321586,"[{'avg_silhouette': 0.3779058030529924, 'num_points': 6681}, {'avg_silhouette': 0.43303582152201436, 'num_points': 79}, {'avg_silhouette': 0.46260402996468336, 'num_points': 70}, {'avg_silhouette': 0.521861791278221, 'num_points': 63}, {'avg_silhouette': 0.4580689760115851, 'num_points': 82}, {'avg_silhouette': 0.652362985293134, 'num_points': 59}, {'avg_silhouette': 0.3994428496296992, 'num_points': 64}, {'avg_silhouette': 0.44185654755716436, 'num_points': 16}, {'avg_silhouette': 0.6137353590797947, 'num_points': 25}, {'avg_silhouette': 0.375286127668989, 'num_points': 31}, {'avg_silhouette': 0.4827071128427253, 'num_points': 29}, {'avg_silhouette': 0.4134591538532324, 'num_points': 17}, {'avg_silhouette': 0.4916777173011238, 'num_points': 5}, {'avg_silhouette': 0.5048991295872288, 'num_points': 41}, {'avg_silhouette': 0.5885476894652513, 'num_points': 8}, {'avg_silhouette': 0.4472203920623171, 'num_points': 23}, {'avg_silhouette': 0.7188795651855614, 'num_points': 19}, {'avg_silhouette': 0.39385029025504287, 'num_points': 38}, {'avg_silhouette': 0.5905764078211277, 'num_points': 21}, {'avg_silhouette': 0.46434542388608796, 'num_points': 6}, {'avg_silhouette': 0.4419921405325245, 'num_points': 6}, {'avg_silhouette': 0.36092382029407233, 'num_points': 5}]",5.0,22,0.3724054767186247,,1,
DBSCAN,,0.9172751268321586,"[{'avg_silhouette': 0.37677576744971036, 'num_points': 6690}, {'avg_silhouette': 0.4333262460657782, 'num_points': 79}, {'avg_silhouette': 0.4628693912658563, 'num_points': 70}, {'avg_silhouette': 0.5220924156615699, 'num_points': 63}, {'avg_silhouette': 0.45833261199261494, 'num_points': 82}, {'avg_silhouette': 0.6525685270811109, 'num_points': 59}, {'avg_silhouette': 0.3997236852341469, 'num_points': 64}, {'avg_silhouette': 0.4421224931882003, 'num_points': 16}, {'avg_silhouette': 0.6139433339261909, 'num_points': 25}, {'avg_silhouette': 0.3537517738122673, 'num_points': 33}, {'avg_silhouette': 0.49190868113471886, 'num_points': 5}, {'avg_silhouette': 0.48297758871663904, 'num_points': 29}, {'avg_silhouette': 0.3814403108833886, 'num_points': 18}, {'avg_silhouette': 0.5051434829199418, 'num_points': 41}, {'avg_silhouette': 0.5886965927847563, 'num_points': 8}, {'avg_silhouette': 0.44748978187180394, 'num_points': 23}, {'avg_silhouette': 0.7190502221166701, 'num_points': 19}, {'avg_silhouette': 0.39385029025504287, 'num_points': 38}, {'avg_silhouette': 0.5906675656693651, 'num_points': 21}, {'avg_silhouette': 0.4645361700538469, 'num_points': 6}, {'avg_silhouette': 0.44228048840166867, 'num_points': 6}, {'avg_silhouette': 0.31205017700877435, 'num_points': 7}]",5.0,22,0.37239858722206626,,1,
DBSCAN,,0.8472751268321586,"[{'avg_silhouette': 0.3779058030529924, 'num_points': 6681}, {'avg_silhouette': 0.43303582152201436, 'num_points': 79}, {'avg_silhouette': 0.46260402996468336, 'num_points': 70}, {'avg_silhouette': 0.521861791278221, 'num_points': 63}, {'avg_silhouette': 0.4580689760115851, 'num_points': 82}, {'avg_silhouette': 0.652362985293134, 'num_points': 59}, {'avg_silhouette': 0.405839010694558, 'num_points': 63}, {'avg_silhouette': 0.44185654755716436, 'num_points': 16}, {'avg_silhouette': 0.6137353590797947, 'num_points': 25}, {'avg_silhouette': 0.375286127668989, 'num_points': 31}, {'avg_silhouette': 0.4827071128427253, 'num_points': 29}, {'avg_silhouette': 0.4134591538532324, 'num_points': 17}, {'avg_silhouette': 0.4916777173011238, 'num_points': 5}, {'avg_silhouette': 0.5048991295872288, 'num_points': 41}, {'avg_silhouette': 0.5885476894652513, 'num_points': 8}, {'avg_silhouette': 0.4472203920623171, 'num_points': 23}, {'avg_silhouette': 0.7188795651855614, 'num_points': 19}, {'avg_silhouette': 0.39385029025504287, 'num_points': 38}, {'avg_silhouette': 0.5905764078211277, 'num_points': 21}, {'avg_silhouette': 0.46434542388608796, 'num_points': 6}, {'avg_silhouette': 0.4419921405325245, 'num_points': 6}, {'avg_silhouette': 0.36092382029407233, 'num_points': 5}]",5.0,22,0.3723576433883611,,1,
DBSCAN,,0.9072751268321586,"[{'avg_silhouette': 0.37689320276499805, 'num_points': 6689}, {'avg_silhouette': 0.43329485144072805, 'num_points': 79}, {'avg_silhouette': 0.4628436129646676, 'num_points': 70}, {'avg_silhouette': 0.5220648545651534, 'num_points': 63}, {'avg_silhouette': 0.45830472419397034, 'num_points': 82}, {'avg_silhouette': 0.652549322745736, 'num_points': 59}, {'avg_silhouette': 0.3996977624332966, 'num_points': 64}, {'avg_silhouette': 0.4421016955499395, 'num_points': 16}, {'avg_silhouette': 0.6139235151532219, 'num_points': 25}, {'avg_silhouette': 0.35372138364557115, 'num_points': 33}, {'avg_silhouette': 0.49187842937500814, 'num_points': 5}, {'avg_silhouette': 0.4829506217826573, 'num_points': 29}, {'avg_silhouette': 0.381416370615014, 'num_points': 18}, {'avg_silhouette': 0.5051167980931159, 'num_points': 41}, {'avg_silhouette': 0.5886802943583611, 'num_points': 8}, {'avg_silhouette': 0.44746224493175313, 'num_points': 23}, {'avg_silhouette': 0.7190343829622675, 'num_points': 19}, {'avg_silhouette': 0.39385029025504287, 'num_points': 38}, {'avg_silhouette': 0.5906578894886374, 'num_points': 21}, {'avg_silhouette': 0.4645179624082149, 'num_points': 6}, {'avg_silhouette': 0.442251281232891, 'num_points': 6}, {'avg_silhouette': 0.3268033913435017, 'num_points': 6}]",5.0,22,0.3723379707865458,,1,
DBSCAN,,0.8372751268321585,"[{'avg_silhouette': 0.37802330667578227, 'num_points': 6680}, {'avg_silhouette': 0.4330102556440507, 'num_points': 79}, {'avg_silhouette': 0.4625777798160861, 'num_points': 70}, {'avg_silhouette': 0.5218365004695, 'num_points': 63}, {'avg_silhouette': 0.4580393181126936, 'num_points': 82}, {'avg_silhouette': 0.6523432919979294, 'num_points': 59}, {'avg_silhouette': 0.4125163962234059, 'num_points': 62}, {'avg_silhouette': 0.4418304028172958, 'num_points': 16}, {'avg_silhouette': 0.6137145705702853, 'num_points': 25}, {'avg_silhouette': 0.37526088171707167, 'num_points': 31}, {'avg_silhouette': 0.48268203739708093, 'num_points': 29}, {'avg_silhouette': 0.41343443331584756, 'num_points': 17}, {'avg_silhouette': 0.4916532008298439, 'num_points': 5}, {'avg_silhouette': 0.5048754662930942, 'num_points': 41}, {'avg_silhouette': 0.588533953334347, 'num_points': 8}, {'avg_silhouette': 0.447197373145928, 'num_points': 23}, {'avg_silhouette': 0.718862344850077, 'num_points': 19}, {'avg_silhouette': 0.39385029025504287, 'num_points': 38}, {'avg_silhouette': 0.5905653302144229, 'num_points': 21}, {'avg_silhouette': 0.4643215951741783, 'num_points': 6}, {'avg_silhouette': 0.44196651890947786, 'num_points': 6}, {'avg_silhouette': 0.36090152301598305, 'num_points': 5}]",5.0,22,0.37232900763899585,,1,
DBSCAN,,0.8272751268321585,"[{'avg_silhouette': 0.3781512210003557, 'num_points': 6679}, {'avg_silhouette': 0.43298391860026164, 'num_points': 79}, {'avg_silhouette': 0.4625477268143445, 'num_points': 70}, {'avg_silhouette': 0.521813219736422, 'num_points': 63}, {'avg_silhouette': 0.4580089552033559, 'num_points': 82}, {'avg_silhouette': 0.6523203897427761, 'num_points': 59}, {'avg_silhouette': 0.41248644540131435, 'num_points': 62}, {'avg_silhouette': 0.4417998177027268, 'num_points': 16}, {'avg_silhouette': 0.6136920918295293, 'num_points': 25}, {'avg_silhouette': 0.38579016028558033, 'num_points': 30}, {'avg_silhouette': 0.4826509083222567, 'num_points': 29}, {'avg_silhouette': 0.4134039114041761, 'num_points': 17}, {'avg_silhouette': 0.49163276610443607, 'num_points': 5}, {'avg_silhouette': 0.5048519738843343, 'num_points': 41}, {'avg_silhouette': 0.5885198624540177, 'num_points': 8}, {'avg_silhouette': 0.4471649592414791, 'num_points': 23}, {'avg_silhouette': 0.7188420670889861, 'num_points': 19}, {'avg_silhouette': 0.39385029025504287, 'num_points': 38}, {'avg_silhouette': 0.5905549218945281, 'num_points': 21}, {'avg_silhouette': 0.464300950762184, 'num_points': 6}, {'avg_silhouette': 0.4419393082334006, 'num_points': 6}, {'avg_silhouette': 0.36087690006991885, 'num_points': 5}]",5.0,22,0.3723118160261663,,1,
DBSCAN,,0.8972751268321586,"[{'avg_silhouette': 0.37713096918063505, 'num_points': 6687}, {'avg_silhouette': 0.43324056072300154, 'num_points': 79}, {'avg_silhouette': 0.46278664275169823, 'num_points': 70}, {'avg_silhouette': 0.5220167327729093, 'num_points': 63}, {'avg_silhouette': 0.4582474035811455, 'num_points': 82}, {'avg_silhouette': 0.6525086302561738, 'num_points': 59}, {'avg_silhouette': 0.3996400657618887, 'num_points': 64}, {'avg_silhouette': 0.4420453298387636, 'num_points': 16}, {'avg_silhouette': 0.613885604008647, 'num_points': 25}, {'avg_silhouette': 0.3639145056180092, 'num_points': 32}, {'avg_silhouette': 0.4918319660280538, 'num_points': 5}, {'avg_silhouette': 0.48289600318440645, 'num_points': 29}, {'avg_silhouette': 0.41364902811893917, 'num_points': 17}, {'avg_silhouette': 0.5050656411998171, 'num_points': 41}, {'avg_silhouette': 0.5886526270351624, 'num_points': 8}, {'avg_silhouette': 0.447406285759112, 'num_points': 23}, {'avg_silhouette': 0.7189983517199379, 'num_points': 19}, {'avg_silhouette': 0.39385029025504287, 'num_points': 38}, {'avg_silhouette': 0.5906379432408709, 'num_points': 21}, {'avg_silhouette': 0.4644722696193652, 'num_points': 6}, {'avg_silhouette': 0.44219354986875, 'num_points': 6}, {'avg_silhouette': 0.32675461851321336, 'num_points': 6}]",5.0,22,0.37230544819038786,,1,
DBSCAN,,0.8872751268321586,"[{'avg_silhouette': 0.3772239556549158, 'num_points': 6686}, {'avg_silhouette': 0.433204195895566, 'num_points': 79}, {'avg_silhouette': 0.4627533250380054, 'num_points': 70}, {'avg_silhouette': 0.5219899932069931, 'num_points': 63}, {'avg_silhouette': 0.4582144816597637, 'num_points': 82}, {'avg_silhouette': 0.652482591331038, 'num_points': 59}, {'avg_silhouette': 0.3996036129843375, 'num_points': 64}, {'avg_silhouette': 0.44201084924821343, 'num_points': 16}, {'avg_silhouette': 0.6138584336139937, 'num_points': 25}, {'avg_silhouette': 0.3638850319006529, 'num_points': 32}, {'avg_silhouette': 0.4918113125335153, 'num_points': 5}, {'avg_silhouette': 0.48286260957202026, 'num_points': 29}, {'avg_silhouette': 0.41361569180701085, 'num_points': 17}, {'avg_silhouette': 0.5050367015749729, 'num_points': 41}, {'avg_silhouette': 0.5886340962371253, 'num_points': 8}, {'avg_silhouette': 0.4473740161430488, 'num_points': 23}, {'avg_silhouette': 0.7189771428558613, 'num_points': 19}, {'avg_silhouette': 0.39385029025504287, 'num_points': 38}, {'avg_silhouette': 0.5906271456800075, 'num_points': 21}, {'avg_silhouette': 0.46444924299614115, 'num_points': 6}, {'avg_silhouette': 0.44215707356017236, 'num_points': 6}, {'avg_silhouette': 0.3610871239233372, 'num_points': 5}]",5.0,22,0.3722373321435981,,1,
DBSCAN,,0.9272751268321586,"[{'avg_silhouette': 0.3787690345902091, 'num_points': 6690}, {'avg_silhouette': 0.4333262460657782, 'num_points': 79}, {'avg_silhouette': 0.4628693912658563, 'num_points': 70}, {'avg_silhouette': 0.5220924156615699, 'num_points': 63}, {'avg_silhouette': 0.45833261199261494, 'num_points': 82}, {'avg_silhouette': 0.6525685270811109, 'num_points': 59}, {'avg_silhouette': 0.3997236852341469, 'num_points': 64}, {'avg_silhouette': 0.4134602894732317, 'num_points': 17}, {'avg_silhouette': 0.6139433339261909, 'num_points': 25}, {'avg_silhouette': 0.3537517738122673, 'num_points': 33}, {'avg_silhouette': 0.48297758871663904, 'num_points': 29}, {'avg_silhouette': 0.3814403108833886, 'num_points': 18}, {'avg_silhouette': 0.5051434829199418, 'num_points': 41}, {'avg_silhouette': 0.44748978187180394, 'num_points': 23}, {'avg_silhouette': 0.7190502221166701, 'num_points': 19}, {'avg_silhouette': 0.39385029025504287, 'num_points': 38}, {'avg_silhouette': 0.5906675656693651, 'num_points': 21}]",10.0,17,0.3715058713202471,,1,
DBSCAN,,0.8772751268321586,"[{'avg_silhouette': 0.3796529815448817, 'num_points': 6682}, {'avg_silhouette': 0.4330569177967134, 'num_points': 79}, {'avg_silhouette': 0.4626214108384418, 'num_points': 70}, {'avg_silhouette': 0.5218811478828811, 'num_points': 63}, {'avg_silhouette': 0.4580920733500299, 'num_points': 82}, {'avg_silhouette': 0.6523773686350405, 'num_points': 59}, {'avg_silhouette': 0.3994567121942386, 'num_points': 64}, {'avg_silhouette': 0.4730985932932331, 'num_points': 15}, {'avg_silhouette': 0.6137496767849266, 'num_points': 25}, {'avg_silhouette': 0.36375649448389036, 'num_points': 32}, {'avg_silhouette': 0.4827252632335559, 'num_points': 29}, {'avg_silhouette': 0.4134721383516284, 'num_points': 17}, {'avg_silhouette': 0.5049173000989169, 'num_points': 41}, {'avg_silhouette': 0.44723918547704067, 'num_points': 23}, {'avg_silhouette': 0.7188923803490694, 'num_points': 19}, {'avg_silhouette': 0.39385029025504287, 'num_points': 38}, {'avg_silhouette': 0.5905847683328269, 'num_points': 21}]",10.0,17,0.3714604482634635,,1,
DBSCAN,,0.8672751268321586,"[{'avg_silhouette': 0.3796529815448817, 'num_points': 6682}, {'avg_silhouette': 0.4330569177967134, 'num_points': 79}, {'avg_silhouette': 0.4626214108384418, 'num_points': 70}, {'avg_silhouette': 0.5218811478828811, 'num_points': 63}, {'avg_silhouette': 0.4580920733500299, 'num_points': 82}, {'avg_silhouette': 0.6523773686350405, 'num_points': 59}, {'avg_silhouette': 0.3994567121942386, 'num_points': 64}, {'avg_silhouette': 0.4730985932932331, 'num_points': 15}, {'avg_silhouette': 0.6137496767849266, 'num_points': 25}, {'avg_silhouette': 0.36375649448389036, 'num_points': 32}, {'avg_silhouette': 0.4827252632335559, 'num_points': 29}, {'avg_silhouette': 0.4134721383516284, 'num_points': 17}, {'avg_silhouette': 0.5049173000989169, 'num_points': 41}, {'avg_silhouette': 0.44723918547704067, 'num_points': 23}, {'avg_silhouette': 0.7188923803490694, 'num_points': 19}, {'avg_silhouette': 0.39385029025504287, 'num_points': 38}, {'avg_silhouette': 0.5905847683328269, 'num_points': 21}]",10.0,17,0.3714604482634635,,1,
DBSCAN,,0.9472751268321586,"[{'avg_silhouette': 0.3784783646034763, 'num_points': 6692}, {'avg_silhouette': 0.43339376248851036, 'num_points': 79}, {'avg_silhouette': 0.46293858762584816, 'num_points': 70}, {'avg_silhouette': 0.5221506472530699, 'num_points': 63}, {'avg_silhouette': 0.4584013799801052, 'num_points': 82}, {'avg_silhouette': 0.6526237143409493, 'num_points': 59}, {'avg_silhouette': 0.3997937050974822, 'num_points': 64}, {'avg_silhouette': 0.3937604914059604, 'num_points': 18}, {'avg_silhouette': 0.6139955549102026, 'num_points': 25}, {'avg_silhouette': 0.3538088911252478, 'num_points': 33}, {'avg_silhouette': 0.48305310522061146, 'num_points': 29}, {'avg_silhouette': 0.38150825363489077, 'num_points': 18}, {'avg_silhouette': 0.5052023675829034, 'num_points': 41}, {'avg_silhouette': 0.44756649629827455, 'num_points': 23}, {'avg_silhouette': 0.7190984634222982, 'num_points': 19}, {'avg_silhouette': 0.39385029025504287, 'num_points': 38}, {'avg_silhouette': 0.590691483778288, 'num_points': 21}]",10.0,17,0.37145307184280496,,1,
DBSCAN,,0.9372751268321586,"[{'avg_silhouette': 0.3786190957356334, 'num_points': 6691}, {'avg_silhouette': 0.43336011002102637, 'num_points': 79}, {'avg_silhouette': 0.46290360384191204, 'num_points': 70}, {'avg_silhouette': 0.5221215849253844, 'num_points': 63}, {'avg_silhouette': 0.45836540044338836, 'num_points': 82}, {'avg_silhouette': 0.6525957537360174, 'num_points': 59}, {'avg_silhouette': 0.3997600619849059, 'num_points': 64}, {'avg_silhouette': 0.4134976682233309, 'num_points': 17}, {'avg_silhouette': 0.613967224730819, 'num_points': 25}, {'avg_silhouette': 0.35377914477284444, 'num_points': 33}, {'avg_silhouette': 0.48301496727233456, 'num_points': 29}, {'avg_silhouette': 0.38147689677339575, 'num_points': 18}, {'avg_silhouette': 0.505173330597052, 'num_points': 41}, {'avg_silhouette': 0.4475273478047232, 'num_points': 23}, {'avg_silhouette': 0.7190741671596771, 'num_points': 19}, {'avg_silhouette': 0.39385029025504287, 'num_points': 38}, {'avg_silhouette': 0.5906794226154516, 'num_points': 21}]",10.0,17,0.3714428810138421,,1,
DBSCAN,,0.8272751268321585,"[{'avg_silhouette': 0.38029898569698595, 'num_points': 6677}, {'avg_silhouette': 0.432896758544934, 'num_points': 79}, {'avg_silhouette': 0.4624629572726371, 'num_points': 70}, {'avg_silhouette': 0.5217352745713975, 'num_points': 63}, {'avg_silhouette': 0.4579166395430693, 'num_points': 82}, {'avg_silhouette': 0.41241011188801735, 'num_points': 62}, {'avg_silhouette': 0.47296992303185764, 'num_points': 15}, {'avg_silhouette': 0.6136275502519727, 'num_points': 25}, {'avg_silhouette': 0.3857021942362513, 'num_points': 30}, {'avg_silhouette': 0.6705389252596059, 'num_points': 58}, {'avg_silhouette': 0.4825687566869716, 'num_points': 29}, {'avg_silhouette': 0.4133317993490286, 'num_points': 17}, {'avg_silhouette': 0.5047768885024873, 'num_points': 41}, {'avg_silhouette': 0.447079466401464, 'num_points': 23}, {'avg_silhouette': 0.7187889146360273, 'num_points': 19}, {'avg_silhouette': 0.39385029025504287, 'num_points': 38}, {'avg_silhouette': 0.5905225269603062, 'num_points': 21}]",10.0,17,0.37142587535343,,1,
DBSCAN,,0.8372751268321585,"[{'avg_silhouette': 0.38003992323722485, 'num_points': 6679}, {'avg_silhouette': 0.4329602898727192, 'num_points': 79}, {'avg_silhouette': 0.4625247781844625, 'num_points': 70}, {'avg_silhouette': 0.5217903928284072, 'num_points': 63}, {'avg_silhouette': 0.45798200005033085, 'num_points': 82}, {'avg_silhouette': 0.4124709776762042, 'num_points': 62}, {'avg_silhouette': 0.47302369640743086, 'num_points': 15}, {'avg_silhouette': 0.6136751669438787, 'num_points': 25}, {'avg_silhouette': 0.3752049205581011, 'num_points': 31}, {'avg_silhouette': 0.6705842909566471, 'num_points': 58}, {'avg_silhouette': 0.48262992623700307, 'num_points': 29}, {'avg_silhouette': 0.4133912524037931, 'num_points': 17}, {'avg_silhouette': 0.5048291817541021, 'num_points': 41}, {'avg_silhouette': 0.44714261348603407, 'num_points': 23}, {'avg_silhouette': 0.7188289489208102, 'num_points': 19}, {'avg_silhouette': 0.39385029025504287, 'num_points': 38}, {'avg_silhouette': 0.590545603335449, 'num_points': 21}]",10.0,17,0.3714093541956048,,1,
DBSCAN,,0.8572751268321586,"[{'avg_silhouette': 0.3797399587406254, 'num_points': 6681}, {'avg_silhouette': 0.43303582152201436, 'num_points': 79}, {'avg_silhouette': 0.46260402996468336, 'num_points': 70}, {'avg_silhouette': 0.521861791278221, 'num_points': 63}, {'avg_silhouette': 0.4580689760115851, 'num_points': 82}, {'avg_silhouette': 0.652362985293134, 'num_points': 59}, {'avg_silhouette': 0.3994428496296992, 'num_points': 64}, {'avg_silhouette': 0.47308867590127435, 'num_points': 15}, {'avg_silhouette': 0.6137353590797947, 'num_points': 25}, {'avg_silhouette': 0.375286127668989, 'num_points': 31}, {'avg_silhouette': 0.4827071128427253, 'num_points': 29}, {'avg_silhouette': 0.4134591538532324, 'num_points': 17}, {'avg_silhouette': 0.5048991295872288, 'num_points': 41}, {'avg_silhouette': 0.4472203920623171, 'num_points': 23}, {'avg_silhouette': 0.7188795651855614, 'num_points': 19}, {'avg_silhouette': 0.39385029025504287, 'num_points': 38}, {'avg_silhouette': 0.5905764078211277, 'num_points': 21}]",10.0,17,0.37140423541218215,,1,
DBSCAN,,0.9572751268321587,"[{'avg_silhouette': 0.37831857081295, 'num_points': 6693}, {'avg_silhouette': 0.43343321576768795, 'num_points': 79}, {'avg_silhouette': 0.4629822214638689, 'num_points': 70}, {'avg_silhouette': 0.5221833180075902, 'num_points': 63}, {'avg_silhouette': 0.4584438575667579, 'num_points': 82}, {'avg_silhouette': 0.6526545923789727, 'num_points': 59}, {'avg_silhouette': 0.39983534321304537, 'num_points': 64}, {'avg_silhouette': 0.39380133422016894, 'num_points': 18}, {'avg_silhouette': 0.6140281750888256, 'num_points': 25}, {'avg_silhouette': 0.3538441470075838, 'num_points': 33}, {'avg_silhouette': 0.48309492640201007, 'num_points': 29}, {'avg_silhouette': 0.38154982224221684, 'num_points': 18}, {'avg_silhouette': 0.5052334773812808, 'num_points': 41}, {'avg_silhouette': 0.44760977566459453, 'num_points': 23}, {'avg_silhouette': 0.7191253155757904, 'num_points': 19}, {'avg_silhouette': 0.39385029025504287, 'num_points': 38}, {'avg_silhouette': 0.5907057694813916, 'num_points': 21}]",10.0,17,0.3713880097332899,,1,
DBSCAN,,0.9172751268321586,"[{'avg_silhouette': 0.3786841980655382, 'num_points': 6690}, {'avg_silhouette': 0.4333262460657782, 'num_points': 79}, {'avg_silhouette': 0.4628693912658563, 'num_points': 70}, {'avg_silhouette': 0.5220924156615699, 'num_points': 63}, {'avg_silhouette': 0.45833261199261494, 'num_points': 82}, {'avg_silhouette': 0.6525685270811109, 'num_points': 59}, {'avg_silhouette': 0.3997236852341469, 'num_points': 64}, {'avg_silhouette': 0.4421224931882003, 'num_points': 16}, {'avg_silhouette': 0.6139433339261909, 'num_points': 25}, {'avg_silhouette': 0.3537517738122673, 'num_points': 33}, {'avg_silhouette': 0.48297758871663904, 'num_points': 29}, {'avg_silhouette': 0.3814403108833886, 'num_points': 18}, {'avg_silhouette': 0.5051434829199418, 'num_points': 41}, {'avg_silhouette': 0.44748978187180394, 'num_points': 23}, {'avg_silhouette': 0.7190502221166701, 'num_points': 19}, {'avg_silhouette': 0.39385029025504287, 'num_points': 38}, {'avg_silhouette': 0.5906675656693651, 'num_points': 21}]",10.0,17,0.3713782551272637,,1,
DBSCAN,,0.8472751268321586,"[{'avg_silhouette': 0.3797399587406254, 'num_points': 6681}, {'avg_silhouette': 0.43303582152201436, 'num_points': 79}, {'avg_silhouette': 0.46260402996468336, 'num_points': 70}, {'avg_silhouette': 0.521861791278221, 'num_points': 63}, {'avg_silhouette': 0.4580689760115851, 'num_points': 82}, {'avg_silhouette': 0.652362985293134, 'num_points': 59}, {'avg_silhouette': 0.405839010694558, 'num_points': 63}, {'avg_silhouette': 0.47308867590127435, 'num_points': 15}, {'avg_silhouette': 0.6137353590797947, 'num_points': 25}, {'avg_silhouette': 0.375286127668989, 'num_points': 31}, {'avg_silhouette': 0.4827071128427253, 'num_points': 29}, {'avg_silhouette': 0.4134591538532324, 'num_points': 17}, {'avg_silhouette': 0.5048991295872288, 'num_points': 41}, {'avg_silhouette': 0.4472203920623171, 'num_points': 23}, {'avg_silhouette': 0.7188795651855614, 'num_points': 19}, {'avg_silhouette': 0.39385029025504287, 'num_points': 38}, {'avg_silhouette': 0.5905764078211277, 'num_points': 21}]",10.0,17,0.3713548593771364,,1,
DBSCAN,,0.9672751268321587,"[{'avg_silhouette': 0.378049222860901, 'num_points': 6695}, {'avg_silhouette': 0.4335330256932298, 'num_points': 79}, {'avg_silhouette': 0.46307490979423044, 'num_points': 70}, {'avg_silhouette': 0.522261417406924, 'num_points': 63}, {'avg_silhouette': 0.45853708959408646, 'num_points': 82}, {'avg_silhouette': 0.6527268764972172, 'num_points': 59}, {'avg_silhouette': 0.3999364932861181, 'num_points': 64}, {'avg_silhouette': 0.39389924225270956, 'num_points': 18}, {'avg_silhouette': 0.6141004453384094, 'num_points': 25}, {'avg_silhouette': 0.35393056685470325, 'num_points': 33}, {'avg_silhouette': 0.4831909629979596, 'num_points': 29}, {'avg_silhouette': 0.38165008513545234, 'num_points': 18}, {'avg_silhouette': 0.4902309690075768, 'num_points': 42}, {'avg_silhouette': 0.44770496339723354, 'num_points': 23}, {'avg_silhouette': 0.719186611689285, 'num_points': 19}, {'avg_silhouette': 0.39385029025504287, 'num_points': 38}, {'avg_silhouette': 0.5907373329885476, 'num_points': 21}]",10.0,17,0.37134050326362994,,1,
DBSCAN,,0.9772751268321587,"[{'avg_silhouette': 0.37789765437618367, 'num_points': 6696}, {'avg_silhouette': 0.43357374861123915, 'num_points': 79}, {'avg_silhouette': 0.4631100437503269, 'num_points': 70}, {'avg_silhouette': 0.5222941782413753, 'num_points': 63}, {'avg_silhouette': 0.4585762666131104, 'num_points': 82}, {'avg_silhouette': 0.6527546665985492, 'num_points': 59}, {'avg_silhouette': 0.39997371168160994, 'num_points': 64}, {'avg_silhouette': 0.39393445092917667, 'num_points': 18}, {'avg_silhouette': 0.6141287893378228, 'num_points': 25}, {'avg_silhouette': 0.3539638957279304, 'num_points': 33}, {'avg_silhouette': 0.483223594310579, 'num_points': 29}, {'avg_silhouette': 0.3816844245658013, 'num_points': 18}, {'avg_silhouette': 0.4902635526521956, 'num_points': 42}, {'avg_silhouette': 0.44773683125703734, 'num_points': 23}, {'avg_silhouette': 0.7192099093157881, 'num_points': 19}, {'avg_silhouette': 0.39385029025504287, 'num_points': 38}, {'avg_silhouette': 0.590751477630153, 'num_points': 21}]",10.0,17,0.3712856866413144,,1,
DBSCAN,,0.8872751268321586,"[{'avg_silhouette': 0.37907756985206925, 'num_points': 6686}, {'avg_silhouette': 0.433204195895566, 'num_points': 79}, {'avg_silhouette': 0.4627533250380054, 'num_points': 70}, {'avg_silhouette': 0.5219899932069931, 'num_points': 63}, {'avg_silhouette': 0.4582144816597637, 'num_points': 82}, {'avg_silhouette': 0.652482591331038, 'num_points': 59}, {'avg_silhouette': 0.3996036129843375, 'num_points': 64}, {'avg_silhouette': 0.47323581690669486, 'num_points': 15}, {'avg_silhouette': 0.6138584336139937, 'num_points': 25}, {'avg_silhouette': 0.3638850319006529, 'num_points': 32}, {'avg_silhouette': 0.48286260957202026, 'num_points': 29}, {'avg_silhouette': 0.41361569180701085, 'num_points': 17}, {'avg_silhouette': 0.5050367015749729, 'num_points': 41}, {'avg_silhouette': 0.4473740161430488, 'num_points': 23}, {'avg_silhouette': 0.7189771428558613, 'num_points': 19}, {'avg_silhouette': 0.39385029025504287, 'num_points': 38}, {'avg_silhouette': 0.5906271456800075, 'num_points': 21}]",10.0,17,0.3712592245871636,,1,
DBSCAN,,0.9072751268321586,"[{'avg_silhouette': 0.37869370995762647, 'num_points': 6689}, {'avg_silhouette': 0.43329485144072805, 'num_points': 79}, {'avg_silhouette': 0.4628436129646676, 'num_points': 70}, {'avg_silhouette': 0.5220648545651534, 'num_points': 63}, {'avg_silhouette': 0.45830472419397034, 'num_points': 82}, {'avg_silhouette': 0.652549322745736, 'num_points': 59}, {'avg_silhouette': 0.3996977624332966, 'num_points': 64}, {'avg_silhouette': 0.47332349892311576, 'num_points': 15}, {'avg_silhouette': 0.6139235151532219, 'num_points': 25}, {'avg_silhouette': 0.35372138364557115, 'num_points': 33}, {'avg_silhouette': 0.4829506217826573, 'num_points': 29}, {'avg_silhouette': 0.381416370615014, 'num_points': 18}, {'avg_silhouette': 0.5051167980931159, 'num_points': 41}, {'avg_silhouette': 0.44746224493175313, 'num_points': 23}, {'avg_silhouette': 0.7190343829622675, 'num_points': 19}, {'avg_silhouette': 0.39385029025504287, 'num_points': 38}, {'avg_silhouette': 0.5906578894886374, 'num_points': 21}]",10.0,17,0.37124393008376944,,1,
DBSCAN,,0.8972751268321586,"[{'avg_silhouette': 0.3789370425301212, 'num_points': 6687}, {'avg_silhouette': 0.43324056072300154, 'num_points': 79}, {'avg_silhouette': 0.46278664275169823, 'num_points': 70}, {'avg_silhouette': 0.5220167327729093, 'num_points': 63}, {'avg_silhouette': 0.4582474035811455, 'num_points': 82}, {'avg_silhouette': 0.6525086302561738, 'num_points': 59}, {'avg_silhouette': 0.3996400657618887, 'num_points': 64}, {'avg_silhouette': 0.4732689450426867, 'num_points': 15}, {'avg_silhouette': 0.613885604008647, 'num_points': 25}, {'avg_silhouette': 0.3639145056180092, 'num_points': 32}, {'avg_silhouette': 0.48289600318440645, 'num_points': 29}, {'avg_silhouette': 0.41364902811893917, 'num_points': 17}, {'avg_silhouette': 0.5050656411998171, 'num_points': 41}, {'avg_silhouette': 0.447406285759112, 'num_points': 23}, {'avg_silhouette': 0.7189983517199379, 'num_points': 19}, {'avg_silhouette': 0.39385029025504287, 'num_points': 38}, {'avg_silhouette': 0.5906379432408709, 'num_points': 21}]",10.0,17,0.3712123816957524,,1,
DBSCAN,,0.9872751268321587,"[{'avg_silhouette': 0.37771640257325373, 'num_points': 6697}, {'avg_silhouette': 0.43362264667303463, 'num_points': 79}, {'avg_silhouette': 0.4631565636509658, 'num_points': 70}, {'avg_silhouette': 0.5223316462423477, 'num_points': 63}, {'avg_silhouette': 0.4586231350224127, 'num_points': 82}, {'avg_silhouette': 0.6527897396175648, 'num_points': 59}, {'avg_silhouette': 0.40001481669431854, 'num_points': 64}, {'avg_silhouette': 0.3939694780454572, 'num_points': 18}, {'avg_silhouette': 0.6141651404110444, 'num_points': 25}, {'avg_silhouette': 0.354006337841798, 'num_points': 33}, {'avg_silhouette': 0.4832716895735778, 'num_points': 29}, {'avg_silhouette': 0.38172139895262697, 'num_points': 18}, {'avg_silhouette': 0.4903025606202667, 'num_points': 42}, {'avg_silhouette': 0.4477846193232097, 'num_points': 23}, {'avg_silhouette': 0.7192398712907242, 'num_points': 19}, {'avg_silhouette': 0.39385029025504287, 'num_points': 38}, {'avg_silhouette': 0.5907669951733477, 'num_points': 21}]",10.0,17,0.3712034150259848,,1,
DBSCAN,,0.9972751268321587,"[{'avg_silhouette': 0.3775567281864319, 'num_points': 6698}, {'avg_silhouette': 0.43365704920249515, 'num_points': 79}, {'avg_silhouette': 0.46319304854710835, 'num_points': 70}, {'avg_silhouette': 0.5223673124748458, 'num_points': 63}, {'avg_silhouette': 0.45866340664948074, 'num_points': 82}, {'avg_silhouette': 0.6528146518318091, 'num_points': 59}, {'avg_silhouette': 0.40004884216928155, 'num_points': 64}, {'avg_silhouette': 0.39400034828762415, 'num_points': 18}, {'avg_silhouette': 0.6141840159490323, 'num_points': 25}, {'avg_silhouette': 0.35405034422446097, 'num_points': 33}, {'avg_silhouette': 0.4833073849522239, 'num_points': 29}, {'avg_silhouette': 0.38175516422507416, 'num_points': 18}, {'avg_silhouette': 0.49034079237818284, 'num_points': 42}, {'avg_silhouette': 0.44782514219846786, 'num_points': 23}, {'avg_silhouette': 0.719263219440247, 'num_points': 19}, {'avg_silhouette': 0.39385029025504287, 'num_points': 38}, {'avg_silhouette': 0.5907805580134045, 'num_points': 21}]",10.0,17,0.37114183276809043,,1,
DBSCAN,,0.8072751268321585,"[{'avg_silhouette': 0.3745895486727828, 'num_points': 6678}, {'avg_silhouette': 0.43294466720022023, 'num_points': 79}, {'avg_silhouette': 0.46251395435055875, 'num_points': 70}, {'avg_silhouette': 0.5217773457898763, 'num_points': 63}, {'avg_silhouette': 0.4728054457698622, 'num_points': 80}, {'avg_silhouette': 0.6522924953473184, 'num_points': 59}, {'avg_silhouette': 0.4216498544499379, 'num_points': 61}, {'avg_silhouette': 0.4417608605596872, 'num_points': 16}, {'avg_silhouette': 0.6136647584223451, 'num_points': 25}, {'avg_silhouette': 0.38575404344116426, 'num_points': 30}, {'avg_silhouette': 0.4826131970200157, 'num_points': 29}, {'avg_silhouette': 0.41336617139721366, 'num_points': 17}, {'avg_silhouette': 0.491598998013553, 'num_points': 5}, {'avg_silhouette': 0.5048175444728558, 'num_points': 41}, {'avg_silhouette': 0.5884977034663588, 'num_points': 8}, {'avg_silhouette': 0.44712566214816385, 'num_points': 23}, {'avg_silhouette': 0.7693974702835917, 'num_points': 18}, {'avg_silhouette': 0.39385029025504287, 'num_points': 38}, {'avg_silhouette': 0.5905403277588184, 'num_points': 21}, {'avg_silhouette': 0.46426559769269654, 'num_points': 6}, {'avg_silhouette': 0.4418999164927328, 'num_points': 6}, {'avg_silhouette': 0.3608348761886996, 'num_points': 5}]",5.0,22,0.3689598182266255,,1,
DBSCAN,,0.8172751268321585,"[{'avg_silhouette': 0.3744335422260005, 'num_points': 6679}, {'avg_silhouette': 0.43298391860026164, 'num_points': 79}, {'avg_silhouette': 0.4625477268143445, 'num_points': 70}, {'avg_silhouette': 0.521813219736422, 'num_points': 63}, {'avg_silhouette': 0.46691231059008564, 'num_points': 81}, {'avg_silhouette': 0.6523203897427761, 'num_points': 59}, {'avg_silhouette': 0.42168803058862825, 'num_points': 61}, {'avg_silhouette': 0.4417998177027268, 'num_points': 16}, {'avg_silhouette': 0.6136920918295293, 'num_points': 25}, {'avg_silhouette': 0.38579016028558033, 'num_points': 30}, {'avg_silhouette': 0.4826509083222567, 'num_points': 29}, {'avg_silhouette': 0.4134039114041761, 'num_points': 17}, {'avg_silhouette': 0.49163276610443607, 'num_points': 5}, {'avg_silhouette': 0.5048519738843343, 'num_points': 41}, {'avg_silhouette': 0.5885198624540177, 'num_points': 8}, {'avg_silhouette': 0.4471649592414791, 'num_points': 23}, {'avg_silhouette': 0.7694188200040672, 'num_points': 18}, {'avg_silhouette': 0.39385029025504287, 'num_points': 38}, {'avg_silhouette': 0.5905549218945281, 'num_points': 21}, {'avg_silhouette': 0.464300950762184, 'num_points': 6}, {'avg_silhouette': 0.4419393082334006, 'num_points': 6}, {'avg_silhouette': 0.36087690006991885, 'num_points': 5}]",5.0,22,0.3689467094980609,,1,
DBSCAN,,0.7272751268321584,"[{'avg_silhouette': 0.37889037860365044, 'num_points': 6653}, {'avg_silhouette': 0.4322722363557367, 'num_points': 79}, {'avg_silhouette': 0.5212046669604142, 'num_points': 63}, {'avg_silhouette': 0.48737665071261316, 'num_points': 77}, {'avg_silhouette': 0.4340572374079441, 'num_points': 59}, {'avg_silhouette': 0.47241502057041046, 'num_points': 15}, {'avg_silhouette': 0.6131892214762785, 'num_points': 25}, {'avg_silhouette': 0.4762968281257631, 'num_points': 68}, {'avg_silhouette': 0.40494596382787623, 'num_points': 28}, {'avg_silhouette': 0.6832233507164329, 'num_points': 57}, {'avg_silhouette': 0.4945810616998008, 'num_points': 28}, {'avg_silhouette': 0.452340748123787, 'num_points': 15}, {'avg_silhouette': 0.5168117777921774, 'num_points': 40}, {'avg_silhouette': 0.5881445055028496, 'num_points': 8}, {'avg_silhouette': 0.4644797271872437, 'num_points': 22}, {'avg_silhouette': 0.7690270853449906, 'num_points': 18}, {'avg_silhouette': 0.39385029025504287, 'num_points': 38}, {'avg_silhouette': 0.590309881955446, 'num_points': 21}, {'avg_silhouette': 0.46374978487367047, 'num_points': 6}]",5.0,19,0.3686517287381754,,1,
DBSCAN,,0.7972751268321585,"[{'avg_silhouette': 0.37458266355166414, 'num_points': 6677}, {'avg_silhouette': 0.43291621811248104, 'num_points': 79}, {'avg_silhouette': 0.46891562301853534, 'num_points': 69}, {'avg_silhouette': 0.5217518332666621, 'num_points': 63}, {'avg_silhouette': 0.47277756715547925, 'num_points': 80}, {'avg_silhouette': 0.6522711170203432, 'num_points': 59}, {'avg_silhouette': 0.4216191915443966, 'num_points': 61}, {'avg_silhouette': 0.4417332691174761, 'num_points': 16}, {'avg_silhouette': 0.6136460925869754, 'num_points': 25}, {'avg_silhouette': 0.38572613313462234, 'num_points': 30}, {'avg_silhouette': 0.4825841944436813, 'num_points': 29}, {'avg_silhouette': 0.43350416240411216, 'num_points': 16}, {'avg_silhouette': 0.5047908819917301, 'num_points': 41}, {'avg_silhouette': 0.5884835127932357, 'num_points': 8}, {'avg_silhouette': 0.4470927790805516, 'num_points': 23}, {'avg_silhouette': 0.7693819194073142, 'num_points': 18}, {'avg_silhouette': 0.39385029025504287, 'num_points': 38}, {'avg_silhouette': 0.5905311271106451, 'num_points': 21}, {'avg_silhouette': 0.46424216133964774, 'num_points': 6}, {'avg_silhouette': 0.49157715340041575, 'num_points': 5}, {'avg_silhouette': 0.482841253201968, 'num_points': 5}, {'avg_silhouette': 0.3608150236042122, 'num_points': 5}]",5.0,22,0.368644681786769,,1,
DBSCAN,,0.7772751268321585,"[{'avg_silhouette': 0.37510440510274834, 'num_points': 6674}, {'avg_silhouette': 0.4328030341452992, 'num_points': 79}, {'avg_silhouette': 0.4688089304080169, 'num_points': 69}, {'avg_silhouette': 0.5216497112347636, 'num_points': 63}, {'avg_silhouette': 0.47817714334219835, 'num_points': 79}, {'avg_silhouette': 0.6521913561136343, 'num_points': 59}, {'avg_silhouette': 0.4215147311294886, 'num_points': 61}, {'avg_silhouette': 0.44163953728616434, 'num_points': 16}, {'avg_silhouette': 0.6135637151198631, 'num_points': 25}, {'avg_silhouette': 0.38561418815056864, 'num_points': 30}, {'avg_silhouette': 0.4824811044624219, 'num_points': 29}, {'avg_silhouette': 0.43340341157920115, 'num_points': 16}, {'avg_silhouette': 0.5046926987955047, 'num_points': 41}, {'avg_silhouette': 0.5884235997924946, 'num_points': 8}, {'avg_silhouette': 0.46502754283128317, 'num_points': 22}, {'avg_silhouette': 0.7693237295984814, 'num_points': 18}, {'avg_silhouette': 0.39385029025504287, 'num_points': 38}, {'avg_silhouette': 0.5904890683846076, 'num_points': 21}, {'avg_silhouette': 0.46414141922189606, 'num_points': 6}, {'avg_silhouette': 0.4914733856781111, 'num_points': 5}, {'avg_silhouette': 0.4827400825671212, 'num_points': 5}]",5.0,21,0.36854236951409286,,1,
DBSCAN,,0.7872751268321585,"[{'avg_silhouette': 0.37477290371865896, 'num_points': 6676}, {'avg_silhouette': 0.43288943133224195, 'num_points': 79}, {'avg_silhouette': 0.4688931793917968, 'num_points': 69}, {'avg_silhouette': 0.5217287505305538, 'num_points': 63}, {'avg_silhouette': 0.478268927386578, 'num_points': 79}, {'avg_silhouette': 0.6522534813771129, 'num_points': 59}, {'avg_silhouette': 0.4215942105166378, 'num_points': 61}, {'avg_silhouette': 0.44171119424891503, 'num_points': 16}, {'avg_silhouette': 0.6136279742325397, 'num_points': 25}, {'avg_silhouette': 0.38570447827187804, 'num_points': 30}, {'avg_silhouette': 0.4825643030785385, 'num_points': 29}, {'avg_silhouette': 0.4334811691883913, 'num_points': 16}, {'avg_silhouette': 0.5047689948575134, 'num_points': 41}, {'avg_silhouette': 0.5884691953949259, 'num_points': 8}, {'avg_silhouette': 0.44707497309262584, 'num_points': 23}, {'avg_silhouette': 0.769369051518977, 'num_points': 18}, {'avg_silhouette': 0.39385029025504287, 'num_points': 38}, {'avg_silhouette': 0.590521601764726, 'num_points': 21}, {'avg_silhouette': 0.46422359815072384, 'num_points': 6}, {'avg_silhouette': 0.49155531589483725, 'num_points': 5}, {'avg_silhouette': 0.48281803294981696, 'num_points': 5}]",5.0,21,0.36846871571390094,,1,
DBSCAN,,0.7572751268321585,"[{'avg_silhouette': 0.3755389989202658, 'num_points': 6670}, {'avg_silhouette': 0.43269585814350914, 'num_points': 79}, {'avg_silhouette': 0.4767099812273409, 'num_points': 68}, {'avg_silhouette': 0.521562910740366, 'num_points': 63}, {'avg_silhouette': 0.47807422189054016, 'num_points': 79}, {'avg_silhouette': 0.4277881214113226, 'num_points': 60}, {'avg_silhouette': 0.4415463208124358, 'num_points': 16}, {'avg_silhouette': 0.6134888833939951, 'num_points': 25}, {'avg_silhouette': 0.3937179117101495, 'num_points': 29}, {'avg_silhouette': 0.6703967147252591, 'num_points': 58}, {'avg_silhouette': 0.48237994253774075, 'num_points': 29}, {'avg_silhouette': 0.45274416002723394, 'num_points': 15}, {'avg_silhouette': 0.5046004055698973, 'num_points': 41}, {'avg_silhouette': 0.5883677712660824, 'num_points': 8}, {'avg_silhouette': 0.4649238334578796, 'num_points': 22}, {'avg_silhouette': 0.7692653037827281, 'num_points': 18}, {'avg_silhouette': 0.39385029025504287, 'num_points': 38}, {'avg_silhouette': 0.5904529950232723, 'num_points': 21}, {'avg_silhouette': 0.46406000561921124, 'num_points': 6}, {'avg_silhouette': 0.4913842945607386, 'num_points': 5}, {'avg_silhouette': 0.4826304780702045, 'num_points': 5}]",5.0,21,0.36837224187079537,,1,
DBSCAN,,0.7672751268321585,"[{'avg_silhouette': 0.3752687670438508, 'num_points': 6672}, {'avg_silhouette': 0.4327619574870062, 'num_points': 79}, {'avg_silhouette': 0.4767673401450023, 'num_points': 68}, {'avg_silhouette': 0.5216147214082875, 'num_points': 63}, {'avg_silhouette': 0.47813523302487065, 'num_points': 79}, {'avg_silhouette': 0.42784854136211437, 'num_points': 60}, {'avg_silhouette': 0.4416028124175521, 'num_points': 16}, {'avg_silhouette': 0.6135338986760382, 'num_points': 25}, {'avg_silhouette': 0.38557540446157784, 'num_points': 30}, {'avg_silhouette': 0.670441490270485, 'num_points': 58}, {'avg_silhouette': 0.48243932295743613, 'num_points': 29}, {'avg_silhouette': 0.4528006711126818, 'num_points': 15}, {'avg_silhouette': 0.5046561917602406, 'num_points': 41}, {'avg_silhouette': 0.5884027573182973, 'num_points': 8}, {'avg_silhouette': 0.46498584982953145, 'num_points': 22}, {'avg_silhouette': 0.7692991066819866, 'num_points': 18}, {'avg_silhouette': 0.39385029025504287, 'num_points': 38}, {'avg_silhouette': 0.5904738815941889, 'num_points': 21}, {'avg_silhouette': 0.4641091235449821, 'num_points': 6}, {'avg_silhouette': 0.4914381655623248, 'num_points': 5}, {'avg_silhouette': 0.4826963077560401, 'num_points': 5}]",5.0,21,0.3683576306344694,,1,
DBSCAN,,0.7372751268321585,"[{'avg_silhouette': 0.37673043964629543, 'num_points': 6659}, {'avg_silhouette': 0.43240296692253194, 'num_points': 79}, {'avg_silhouette': 0.5213209997894971, 'num_points': 63}, {'avg_silhouette': 0.48750436889514437, 'num_points': 77}, {'avg_silhouette': 0.4274925633959342, 'num_points': 60}, {'avg_silhouette': 0.441261843234725, 'num_points': 16}, {'avg_silhouette': 0.6132735170026992, 'num_points': 25}, {'avg_silhouette': 0.47642620124238927, 'num_points': 68}, {'avg_silhouette': 0.40506801721865177, 'num_points': 28}, {'avg_silhouette': 0.6701791603355784, 'num_points': 58}, {'avg_silhouette': 0.49471657072622216, 'num_points': 28}, {'avg_silhouette': 0.4524564769754745, 'num_points': 15}, {'avg_silhouette': 0.5169294613539204, 'num_points': 40}, {'avg_silhouette': 0.5882128160951803, 'num_points': 8}, {'avg_silhouette': 0.4646209493817619, 'num_points': 22}, {'avg_silhouette': 0.769099950595922, 'num_points': 18}, {'avg_silhouette': 0.39385029025504287, 'num_points': 38}, {'avg_silhouette': 0.5903551731589604, 'num_points': 21}, {'avg_silhouette': 0.46385168903307056, 'num_points': 6}, {'avg_silhouette': 0.4911495620724353, 'num_points': 5}, {'avg_silhouette': 0.48234940351421596, 'num_points': 5}]",5.0,21,0.3682814320030154,,1,
DBSCAN,,0.7472751268321585,"[{'avg_silhouette': 0.37618827912748654, 'num_points': 6664}, {'avg_silhouette': 0.4325602325593965, 'num_points': 79}, {'avg_silhouette': 0.5214478134902237, 'num_points': 63}, {'avg_silhouette': 0.48242047705276103, 'num_points': 78}, {'avg_silhouette': 0.42764811675505743, 'num_points': 60}, {'avg_silhouette': 0.44141041123609315, 'num_points': 16}, {'avg_silhouette': 0.6133914886457795, 'num_points': 25}, {'avg_silhouette': 0.47657265857090025, 'num_points': 68}, {'avg_silhouette': 0.4052055797379793, 'num_points': 28}, {'avg_silhouette': 0.6702944212112623, 'num_points': 58}, {'avg_silhouette': 0.49486496997872514, 'num_points': 28}, {'avg_silhouette': 0.45260619894814275, 'num_points': 15}, {'avg_silhouette': 0.5044823983054949, 'num_points': 41}, {'avg_silhouette': 0.588296667609211, 'num_points': 8}, {'avg_silhouette': 0.46477376000598053, 'num_points': 22}, {'avg_silhouette': 0.7691867266567989, 'num_points': 18}, {'avg_silhouette': 0.39385029025504287, 'num_points': 38}, {'avg_silhouette': 0.5904078893115328, 'num_points': 21}, {'avg_silhouette': 0.4639621510594352, 'num_points': 6}, {'avg_silhouette': 0.4912802015230685, 'num_points': 5}, {'avg_silhouette': 0.4824956985295394, 'num_points': 5}]",5.0,21,0.3682663705440909,,1,
DBSCAN,,0.8072751268321585,"[{'avg_silhouette': 0.3770649045869736, 'num_points': 6674}, {'avg_silhouette': 0.43277372364930394, 'num_points': 79}, {'avg_silhouette': 0.462349989906938, 'num_points': 70}, {'avg_silhouette': 0.5216345237534776, 'num_points': 63}, {'avg_silhouette': 0.47263500934096214, 'num_points': 80}, {'avg_silhouette': 0.42149176607468586, 'num_points': 61}, {'avg_silhouette': 0.47285782792908776, 'num_points': 15}, {'avg_silhouette': 0.6135363761137228, 'num_points': 25}, {'avg_silhouette': 0.3855929264308061, 'num_points': 30}, {'avg_silhouette': 0.67044945131605, 'num_points': 58}, {'avg_silhouette': 0.482447004570257, 'num_points': 29}, {'avg_silhouette': 0.43338170068415405, 'num_points': 16}, {'avg_silhouette': 0.5046708402789545, 'num_points': 41}, {'avg_silhouette': 0.4469552616601234, 'num_points': 23}, {'avg_silhouette': 0.7693059308468909, 'num_points': 18}, {'avg_silhouette': 0.39385029025504287, 'num_points': 38}, {'avg_silhouette': 0.5904807301201215, 'num_points': 21}]",10.0,17,0.3681564925044118,,1,
DBSCAN,,0.8172751268321585,"[{'avg_silhouette': 0.3767355543557042, 'num_points': 6676}, {'avg_silhouette': 0.4328580169496851, 'num_points': 79}, {'avg_silhouette': 0.46242840322553047, 'num_points': 70}, {'avg_silhouette': 0.5217088007820182, 'num_points': 63}, {'avg_silhouette': 0.466786675699174, 'num_points': 81}, {'avg_silhouette': 0.42157844526159305, 'num_points': 61}, {'avg_silhouette': 0.4729411535828214, 'num_points': 15}, {'avg_silhouette': 0.613598425306052, 'num_points': 25}, {'avg_silhouette': 0.385672885847157, 'num_points': 30}, {'avg_silhouette': 0.6705109295468002, 'num_points': 58}, {'avg_silhouette': 0.48253292477108545, 'num_points': 29}, {'avg_silhouette': 0.41329979298363534, 'num_points': 17}, {'avg_silhouette': 0.5047472165605421, 'num_points': 41}, {'avg_silhouette': 0.4470446478848068, 'num_points': 23}, {'avg_silhouette': 0.7693530318578298, 'num_points': 18}, {'avg_silhouette': 0.39385029025504287, 'num_points': 38}, {'avg_silhouette': 0.5905109847519923, 'num_points': 21}]",10.0,17,0.368128661582651,,1,
DBSCAN,,0.7972751268321585,"[{'avg_silhouette': 0.3770183196416706, 'num_points': 6673}, {'avg_silhouette': 0.43274521418173534, 'num_points': 79}, {'avg_silhouette': 0.46875256852272684, 'num_points': 69}, {'avg_silhouette': 0.5216089588569098, 'num_points': 63}, {'avg_silhouette': 0.47260706992191837, 'num_points': 80}, {'avg_silhouette': 0.42146104345556373, 'num_points': 61}, {'avg_silhouette': 0.4921336149695868, 'num_points': 14}, {'avg_silhouette': 0.613517667195848, 'num_points': 25}, {'avg_silhouette': 0.4039124685449746, 'num_points': 28}, {'avg_silhouette': 0.670428838913178, 'num_points': 58}, {'avg_silhouette': 0.48241794010888833, 'num_points': 29}, {'avg_silhouette': 0.4333502274144982, 'num_points': 16}, {'avg_silhouette': 0.504644123446612, 'num_points': 41}, {'avg_silhouette': 0.4469223122874868, 'num_points': 23}, {'avg_silhouette': 0.769290344454744, 'num_points': 18}, {'avg_silhouette': 0.39385029025504287, 'num_points': 38}, {'avg_silhouette': 0.5904715084585545, 'num_points': 21}]",10.0,17,0.367727711329328,,1,
DBSCAN,,0.7772751268321585,"[{'avg_silhouette': 0.3773946436893978, 'num_points': 6670}, {'avg_silhouette': 0.432646818462857, 'num_points': 79}, {'avg_silhouette': 0.4686643645288506, 'num_points': 69}, {'avg_silhouette': 0.5215241000317974, 'num_points': 63}, {'avg_silhouette': 0.4780288527853518, 'num_points': 79}, {'avg_silhouette': 0.4213633765914387, 'num_points': 61}, {'avg_silhouette': 0.49204509426459053, 'num_points': 14}, {'avg_silhouette': 0.6134456990942543, 'num_points': 25}, {'avg_silhouette': 0.4038237690193263, 'num_points': 28}, {'avg_silhouette': 0.6703599721128088, 'num_points': 58}, {'avg_silhouette': 0.4823285106024605, 'num_points': 29}, {'avg_silhouette': 0.5045606812253703, 'num_points': 41}, {'avg_silhouette': 0.46814406851384815, 'num_points': 14}, {'avg_silhouette': 0.46487188557090503, 'num_points': 22}, {'avg_silhouette': 0.7692388221989548, 'num_points': 18}, {'avg_silhouette': 0.39385029025504287, 'num_points': 38}, {'avg_silhouette': 0.5904371082331556, 'num_points': 21}]",10.0,17,0.36753038549481526,,1,
DBSCAN,,0.7872751268321585,"[{'avg_silhouette': 0.37711790778396004, 'num_points': 6672}, {'avg_silhouette': 0.43271836912823264, 'num_points': 79}, {'avg_silhouette': 0.46873007209694906, 'num_points': 69}, {'avg_silhouette': 0.5215858265560769, 'num_points': 63}, {'avg_silhouette': 0.4780988940627086, 'num_points': 79}, {'avg_silhouette': 0.4214360092722307, 'num_points': 61}, {'avg_silhouette': 0.49211193751938065, 'num_points': 14}, {'avg_silhouette': 0.6134995064352402, 'num_points': 25}, {'avg_silhouette': 0.40388954713271746, 'num_points': 28}, {'avg_silhouette': 0.6704117326750039, 'num_points': 58}, {'avg_silhouette': 0.48239799762981084, 'num_points': 29}, {'avg_silhouette': 0.5046221875147755, 'num_points': 41}, {'avg_silhouette': 0.46821667384683685, 'num_points': 14}, {'avg_silhouette': 0.44690445756702896, 'num_points': 23}, {'avg_silhouette': 0.7692774448110891, 'num_points': 18}, {'avg_silhouette': 0.39385029025504287, 'num_points': 38}, {'avg_silhouette': 0.5904619616704616, 'num_points': 21}]",10.0,17,0.3674955085295849,,1,
DBSCAN,,0.7672751268321585,"[{'avg_silhouette': 0.3777715127801319, 'num_points': 6666}, {'avg_silhouette': 0.43256935759190246, 'num_points': 79}, {'avg_silhouette': 0.5214544242559016, 'num_points': 63}, {'avg_silhouette': 0.4779461886556987, 'num_points': 79}, {'avg_silhouette': 0.4276792843750214, 'num_points': 60}, {'avg_silhouette': 0.49200220606183315, 'num_points': 14}, {'avg_silhouette': 0.6133925422600882, 'num_points': 25}, {'avg_silhouette': 0.4765909987728223, 'num_points': 68}, {'avg_silhouette': 0.4037454565484304, 'num_points': 28}, {'avg_silhouette': 0.6703048768265817, 'num_points': 58}, {'avg_silhouette': 0.4822532773504156, 'num_points': 29}, {'avg_silhouette': 0.5044896028539628, 'num_points': 41}, {'avg_silhouette': 0.4935050104942352, 'num_points': 13}, {'avg_silhouette': 0.4647977761691605, 'num_points': 22}, {'avg_silhouette': 0.7691966511014957, 'num_points': 18}, {'avg_silhouette': 0.39385029025504287, 'num_points': 38}, {'avg_silhouette': 0.5904074358873194, 'num_points': 21}]",10.0,17,0.3673605411741169,,1,
DBSCAN,,0.7572751268321585,"[{'avg_silhouette': 0.3777151383255482, 'num_points': 6663}, {'avg_silhouette': 0.4324872522646884, 'num_points': 79}, {'avg_silhouette': 0.521385984056617, 'num_points': 63}, {'avg_silhouette': 0.47786591111169996, 'num_points': 79}, {'avg_silhouette': 0.4275965700529165, 'num_points': 60}, {'avg_silhouette': 0.49192626528779987, 'num_points': 14}, {'avg_silhouette': 0.6133367540373545, 'num_points': 25}, {'avg_silhouette': 0.4765129085744058, 'num_points': 68}, {'avg_silhouette': 0.4473341014545222, 'num_points': 24}, {'avg_silhouette': 0.6702489900562368, 'num_points': 58}, {'avg_silhouette': 0.4821743441231673, 'num_points': 29}, {'avg_silhouette': 0.5044193197157496, 'num_points': 41}, {'avg_silhouette': 0.493425096444264, 'num_points': 13}, {'avg_silhouette': 0.4647122342861104, 'num_points': 22}, {'avg_silhouette': 0.7691532077121078, 'num_points': 18}, {'avg_silhouette': 0.39385029025504287, 'num_points': 38}, {'avg_silhouette': 0.5903807055165867, 'num_points': 21}]",10.0,17,0.3667658886653968,,1,
DBSCAN,,0.7472751268321585,"[{'avg_silhouette': 0.3782985304467699, 'num_points': 6657}, {'avg_silhouette': 0.43237343413755863, 'num_points': 79}, {'avg_silhouette': 0.521289244709918, 'num_points': 63}, {'avg_silhouette': 0.48223521947261544, 'num_points': 78}, {'avg_silhouette': 0.4918400245349509, 'num_points': 14}, {'avg_silhouette': 0.42749491774061626, 'num_points': 60}, {'avg_silhouette': 0.6132595604261466, 'num_points': 25}, {'avg_silhouette': 0.47640086985682484, 'num_points': 68}, {'avg_silhouette': 0.4472366818253581, 'num_points': 24}, {'avg_silhouette': 0.6701676755583409, 'num_points': 58}, {'avg_silhouette': 0.5178414345000726, 'num_points': 27}, {'avg_silhouette': 0.5043229947041534, 'num_points': 41}, {'avg_silhouette': 0.4933287189598236, 'num_points': 13}, {'avg_silhouette': 0.46459271049068374, 'num_points': 22}, {'avg_silhouette': 0.7690905508033543, 'num_points': 18}, {'avg_silhouette': 0.39385029025504287, 'num_points': 38}, {'avg_silhouette': 0.5903432112747239, 'num_points': 21}]",10.0,17,0.36660029592674925,,1,
DBSCAN,,0.7372751268321585,"[{'avg_silhouette': 0.3785575176737858, 'num_points': 6654}, {'avg_silhouette': 0.432288606189639, 'num_points': 79}, {'avg_silhouette': 0.521223180236329, 'num_points': 63}, {'avg_silhouette': 0.48738840513285686, 'num_points': 77}, {'avg_silhouette': 0.4917590829518389, 'num_points': 14}, {'avg_silhouette': 0.4274083091831737, 'num_points': 60}, {'avg_silhouette': 0.6131957684761704, 'num_points': 25}, {'avg_silhouette': 0.47632037741195676, 'num_points': 68}, {'avg_silhouette': 0.4471721403869391, 'num_points': 24}, {'avg_silhouette': 0.670103817715919, 'num_points': 58}, {'avg_silhouette': 0.5177636105198382, 'num_points': 27}, {'avg_silhouette': 0.516832015376257, 'num_points': 40}, {'avg_silhouette': 0.49324403563880104, 'num_points': 13}, {'avg_silhouette': 0.46451013379183076, 'num_points': 22}, {'avg_silhouette': 0.7690425563668153, 'num_points': 18}, {'avg_silhouette': 0.39385029025504287, 'num_points': 38}, {'avg_silhouette': 0.5903152572459053, 'num_points': 21}]",10.0,17,0.3665016897470687,,1,
DBSCAN,,0.7272751268321584,"[{'avg_silhouette': 0.3787834653726692, 'num_points': 6651}, {'avg_silhouette': 0.43222168019286655, 'num_points': 79}, {'avg_silhouette': 0.5211639397684577, 'num_points': 63}, {'avg_silhouette': 0.48732775116247257, 'num_points': 77}, {'avg_silhouette': 0.5090763055671385, 'num_points': 13}, {'avg_silhouette': 0.43402023227470193, 'num_points': 59}, {'avg_silhouette': 0.6131532195173375, 'num_points': 25}, {'avg_silhouette': 0.4762495133439077, 'num_points': 68}, {'avg_silhouette': 0.44711722200053555, 'num_points': 24}, {'avg_silhouette': 0.6831917823346729, 'num_points': 57}, {'avg_silhouette': 0.517692117264927, 'num_points': 27}, {'avg_silhouette': 0.5167722782903637, 'num_points': 40}, {'avg_silhouette': 0.5110797737160507, 'num_points': 12}, {'avg_silhouette': 0.4644314580998664, 'num_points': 22}, {'avg_silhouette': 0.7690027730516423, 'num_points': 18}, {'avg_silhouette': 0.39385029025504287, 'num_points': 38}, {'avg_silhouette': 0.5902933067404079, 'num_points': 21}]",10.0,17,0.3661401349026578,,1,
DBSCAN,,0.7172751268321584,"[{'avg_silhouette': 0.37529593496633507, 'num_points': 6653}, {'avg_silhouette': 0.4348348239915039, 'num_points': 78}, {'avg_silhouette': 0.5212046669604142, 'num_points': 63}, {'avg_silhouette': 0.48737665071261316, 'num_points': 77}, {'avg_silhouette': 0.4340572374079441, 'num_points': 59}, {'avg_silhouette': 0.4858390333714061, 'num_points': 14}, {'avg_silhouette': 0.6131892214762785, 'num_points': 25}, {'avg_silhouette': 0.4829500211813515, 'num_points': 67}, {'avg_silhouette': 0.2696500913736755, 'num_points': 23}, {'avg_silhouette': 0.6832233507164329, 'num_points': 57}, {'avg_silhouette': 0.4945810616998008, 'num_points': 28}, {'avg_silhouette': 0.452340748123787, 'num_points': 15}, {'avg_silhouette': 0.5168117777921774, 'num_points': 40}, {'avg_silhouette': 0.4130054866913083, 'num_points': 5}, {'avg_silhouette': 0.4644797271872437, 'num_points': 22}, {'avg_silhouette': 0.7690270853449906, 'num_points': 18}, {'avg_silhouette': 0.39385029025504287, 'num_points': 38}, {'avg_silhouette': 0.590309881955446, 'num_points': 21}, {'avg_silhouette': 0.46374978487367047, 'num_points': 6}, {'avg_silhouette': 0.5881445055028496, 'num_points': 8}]",5.0,20,0.36477351058814744,,1,
DBSCAN,,0.7172751268321584,"[{'avg_silhouette': 0.37727349433604873, 'num_points': 6651}, {'avg_silhouette': 0.4347844624416142, 'num_points': 78}, {'avg_silhouette': 0.543970851994149, 'num_points': 60}, {'avg_silhouette': 0.48732775116247257, 'num_points': 77}, {'avg_silhouette': 0.5700767507833613, 'num_points': 11}, {'avg_silhouette': 0.43402023227470193, 'num_points': 59}, {'avg_silhouette': 0.6131532195173375, 'num_points': 25}, {'avg_silhouette': 0.48290302884504094, 'num_points': 67}, {'avg_silhouette': 0.6831917823346729, 'num_points': 57}, {'avg_silhouette': 0.4601873680392698, 'num_points': 23}, {'avg_silhouette': 0.517692117264927, 'num_points': 27}, {'avg_silhouette': 0.527165250580587, 'num_points': 39}, {'avg_silhouette': 0.5110797737160507, 'num_points': 12}, {'avg_silhouette': 0.4644314580998664, 'num_points': 22}, {'avg_silhouette': 0.7690027730516423, 'num_points': 18}, {'avg_silhouette': 0.39385029025504287, 'num_points': 38}, {'avg_silhouette': 0.5902933067404079, 'num_points': 21}]",10.0,17,0.3641040531467639,,1,
DBSCAN,,1.0072751268321587,"[{'avg_silhouette': 0.36796563939870597, 'num_points': 7329}, {'avg_silhouette': 0.5144655070759659, 'num_points': 29}, {'avg_silhouette': 0.49543551806162733, 'num_points': 29}, {'avg_silhouette': 0.549877504206343, 'num_points': 38}]",10.0,4,0.3593754191713856,,1,
DBSCAN,,0.7072751268321584,"[{'avg_silhouette': 0.37266777222224906, 'num_points': 6646}, {'avg_silhouette': 0.4346860451352679, 'num_points': 78}, {'avg_silhouette': 0.5752690447808462, 'num_points': 56}, {'avg_silhouette': 0.4872258550834933, 'num_points': 77}, {'avg_silhouette': 0.5700078753679073, 'num_points': 11}, {'avg_silhouette': 0.4339256565153689, 'num_points': 59}, {'avg_silhouette': 0.6130809056212718, 'num_points': 25}, {'avg_silhouette': 0.49067375641814864, 'num_points': 66}, {'avg_silhouette': 0.6831191270515122, 'num_points': 57}, {'avg_silhouette': 0.5175980626658623, 'num_points': 27}, {'avg_silhouette': 0.460113247291747, 'num_points': 23}, {'avg_silhouette': 0.6431965477019574, 'num_points': 29}, {'avg_silhouette': 0.5109921486422713, 'num_points': 12}, {'avg_silhouette': 0.4643314880352138, 'num_points': 22}, {'avg_silhouette': 0.7689445391022369, 'num_points': 18}, {'avg_silhouette': 0.41155348988329793, 'num_points': 33}, {'avg_silhouette': 0.5861645452111672, 'num_points': 21}]",10.0,17,0.3578012711635494,,1,
DBSCAN,,0.6972751268321584,"[{'avg_silhouette': 0.37317977996349616, 'num_points': 6641}, {'avg_silhouette': 0.4345414953352901, 'num_points': 78}, {'avg_silhouette': 0.5751782938623774, 'num_points': 56}, {'avg_silhouette': 0.4871069361189714, 'num_points': 77}, {'avg_silhouette': 0.5699051693566597, 'num_points': 11}, {'avg_silhouette': 0.4337907052544551, 'num_points': 59}, {'avg_silhouette': 0.6129780322626479, 'num_points': 25}, {'avg_silhouette': 0.49054918917576273, 'num_points': 66}, {'avg_silhouette': 0.6830265900368643, 'num_points': 57}, {'avg_silhouette': 0.6022697298085243, 'num_points': 22}, {'avg_silhouette': 0.4600062160627281, 'num_points': 23}, {'avg_silhouette': 0.6431157742631487, 'num_points': 29}, {'avg_silhouette': 0.5108656507507874, 'num_points': 12}, {'avg_silhouette': 0.4642045276457788, 'num_points': 22}, {'avg_silhouette': 0.7688751480470642, 'num_points': 18}, {'avg_silhouette': 0.41155348988329793, 'num_points': 33}, {'avg_silhouette': 0.5861432953506276, 'num_points': 21}]",10.0,17,0.3574105270094226,,1,
DBSCAN,,0.6872751268321584,"[{'avg_silhouette': 0.37314884444139185, 'num_points': 6637}, {'avg_silhouette': 0.434451475836551, 'num_points': 78}, {'avg_silhouette': 0.583770827174599, 'num_points': 55}, {'avg_silhouette': 0.569855921940194, 'num_points': 11}, {'avg_silhouette': 0.43371580055374664, 'num_points': 59}, {'avg_silhouette': 0.6129139176741544, 'num_points': 25}, {'avg_silhouette': 0.4904651757525554, 'num_points': 66}, {'avg_silhouette': 0.6829663729936893, 'num_points': 57}, {'avg_silhouette': 0.6021969239535516, 'num_points': 22}, {'avg_silhouette': 0.45992686415792433, 'num_points': 23}, {'avg_silhouette': 0.6430557542014504, 'num_points': 29}, {'avg_silhouette': 0.5107998031816443, 'num_points': 12}, {'avg_silhouette': 0.47778550419018473, 'num_points': 21}, {'avg_silhouette': 0.7688261625618414, 'num_points': 18}, {'avg_silhouette': 0.4066091032784961, 'num_points': 33}, {'avg_silhouette': 0.6160598145402287, 'num_points': 20}, {'avg_silhouette': 0.4870126711889244, 'num_points': 77}]",10.0,17,0.35682403229935145,,1,
DBSCAN,,0.6772751268321584,"[{'avg_silhouette': 0.37361149418540474, 'num_points': 6631}, {'avg_silhouette': 0.4343439886082787, 'num_points': 78}, {'avg_silhouette': 0.5837187691849727, 'num_points': 55}, {'avg_silhouette': 0.5697794101417233, 'num_points': 11}, {'avg_silhouette': 0.4336109968182311, 'num_points': 59}, {'avg_silhouette': 0.6128289236492012, 'num_points': 25}, {'avg_silhouette': 0.4974364814939066, 'num_points': 65}, {'avg_silhouette': 0.6828912937543326, 'num_points': 57}, {'avg_silhouette': 0.6021075775802404, 'num_points': 22}, {'avg_silhouette': 0.4698803711122958, 'num_points': 22}, {'avg_silhouette': 0.6430072465713321, 'num_points': 29}, {'avg_silhouette': 0.5107032373825061, 'num_points': 12}, {'avg_silhouette': 0.4776957763812697, 'num_points': 21}, {'avg_silhouette': 0.7687712290785512, 'num_points': 18}, {'avg_silhouette': 0.4066091032784961, 'num_points': 33}, {'avg_silhouette': 0.6160480653249722, 'num_points': 20}, {'avg_silhouette': 0.48693363370200854, 'num_points': 77}]",10.0,17,0.356592304043623,,1,
DBSCAN,,1.0172751268321587,"[{'avg_silhouette': 0.36306942910621653, 'num_points': 7386}, {'avg_silhouette': 0.49261694105478926, 'num_points': 30}, {'avg_silhouette': 0.4970188263186081, 'num_points': 29}]",10.0,3,0.3553425209524475,,1,
DBSCAN,,1.0172751268321587,"[{'avg_silhouette': 0.3613984104007804, 'num_points': 7396}, {'avg_silhouette': 0.49283005724126927, 'num_points': 30}, {'avg_silhouette': 0.49724205173610697, 'num_points': 29}, {'avg_silhouette': 0.5955779750238479, 'num_points': 8}]",5.0,4,0.3553176612530856,,1,
DBSCAN,,0.6672751268321584,"[{'avg_silhouette': 0.3716075602500717, 'num_points': 6627}, {'avg_silhouette': 0.4373525606957723, 'num_points': 77}, {'avg_silhouette': 0.5924942073851326, 'num_points': 54}, {'avg_silhouette': 0.6127675246534517, 'num_points': 25}, {'avg_silhouette': 0.4454359996096087, 'num_points': 58}, {'avg_silhouette': 0.49735216737819105, 'num_points': 65}, {'avg_silhouette': 0.6828289677863064, 'num_points': 57}, {'avg_silhouette': 0.6020353543265498, 'num_points': 22}, {'avg_silhouette': 0.4698060933640307, 'num_points': 22}, {'avg_silhouette': 0.6429500351362287, 'num_points': 29}, {'avg_silhouette': 0.5106317112686618, 'num_points': 12}, {'avg_silhouette': 0.4895201712834437, 'num_points': 20}, {'avg_silhouette': 0.8138866500115929, 'num_points': 17}, {'avg_silhouette': 0.4066091032784961, 'num_points': 33}, {'avg_silhouette': 0.6160306375406573, 'num_points': 20}, {'avg_silhouette': 0.49339136897232455, 'num_points': 76}, {'avg_silhouette': 0.6076415814208174, 'num_points': 10}]",10.0,17,0.3540260072656027,,1,
DBSCAN,,0.6572751268321584,"[{'avg_silhouette': 0.37197634453548817, 'num_points': 6620}, {'avg_silhouette': 0.44324305735278086, 'num_points': 76}, {'avg_silhouette': 0.6008918166069298, 'num_points': 53}, {'avg_silhouette': 0.6126672076227248, 'num_points': 25}, {'avg_silhouette': 0.44530560333757263, 'num_points': 58}, {'avg_silhouette': 0.49722987613256003, 'num_points': 65}, {'avg_silhouette': 0.6827364343035703, 'num_points': 57}, {'avg_silhouette': 0.6019264595694254, 'num_points': 22}, {'avg_silhouette': 0.4817596723835083, 'num_points': 21}, {'avg_silhouette': 0.6428786549916031, 'num_points': 29}, {'avg_silhouette': 0.5244976770031083, 'num_points': 11}, {'avg_silhouette': 0.489398546901317, 'num_points': 20}, {'avg_silhouette': 0.8138256653508651, 'num_points': 17}, {'avg_silhouette': 0.4066091032784961, 'num_points': 33}, {'avg_silhouette': 0.6160046913120127, 'num_points': 20}, {'avg_silhouette': 0.49327420471650024, 'num_points': 76}, {'avg_silhouette': 0.6075465876572004, 'num_points': 10}]",10.0,17,0.35344622471806747,,1,
DBSCAN,,0.6472751268321584,"[{'avg_silhouette': 0.372785911341415, 'num_points': 6613}, {'avg_silhouette': 0.4474763942194113, 'num_points': 75}, {'avg_silhouette': 0.6007975807771434, 'num_points': 53}, {'avg_silhouette': 0.6125780801420305, 'num_points': 25}, {'avg_silhouette': 0.4537856016312748, 'num_points': 56}, {'avg_silhouette': 0.5025044764846104, 'num_points': 64}, {'avg_silhouette': 0.6826483173960274, 'num_points': 57}, {'avg_silhouette': 0.6018223189063506, 'num_points': 22}, {'avg_silhouette': 0.4816495797514694, 'num_points': 21}, {'avg_silhouette': 0.6427888177631221, 'num_points': 29}, {'avg_silhouette': 0.48927340106952544, 'num_points': 20}, {'avg_silhouette': 0.8137670400816328, 'num_points': 17}, {'avg_silhouette': 0.4066091032784961, 'num_points': 33}, {'avg_silhouette': 0.6159773104523268, 'num_points': 20}, {'avg_silhouette': 0.49315536984018576, 'num_points': 76}, {'avg_silhouette': 0.5243753771143138, 'num_points': 11}]",10.0,16,0.3524830367748665,,1,
DBSCAN,,0.6972751268321584,"[{'avg_silhouette': 0.3637326313109357, 'num_points': 6643}, {'avg_silhouette': 0.4346060225689274, 'num_points': 78}, {'avg_silhouette': 0.40315585155800904, 'num_points': 56}, {'avg_silhouette': 0.48716578699789714, 'num_points': 77}, {'avg_silhouette': 0.43384932207650734, 'num_points': 59}, {'avg_silhouette': 0.48565987434061314, 'num_points': 14}, {'avg_silhouette': 0.6130267783628595, 'num_points': 25}, {'avg_silhouette': 0.4906113604388511, 'num_points': 66}, {'avg_silhouette': 0.2696500913736755, 'num_points': 23}, {'avg_silhouette': 0.6830692383239392, 'num_points': 57}, {'avg_silhouette': 0.5086892111745757, 'num_points': 27}, {'avg_silhouette': 0.4521405579859852, 'num_points': 15}, {'avg_silhouette': 0.471006457834788, 'num_points': 29}, {'avg_silhouette': 0.4130054866913083, 'num_points': 5}, {'avg_silhouette': 0.5718243166982432, 'num_points': 9}, {'avg_silhouette': 0.4642604114931123, 'num_points': 22}, {'avg_silhouette': 0.7689075501324109, 'num_points': 18}, {'avg_silhouette': 0.39385029025504287, 'num_points': 38}, {'avg_silhouette': 0.5902358827575012, 'num_points': 21}, {'avg_silhouette': 0.46359347820477304, 'num_points': 6}, {'avg_silhouette': 0.6608595417775626, 'num_points': 7}]",5.0,21,0.3516525101635323,,1,
DBSCAN,,0.6372751268321584,"[{'avg_silhouette': 0.3734017908739742, 'num_points': 6608}, {'avg_silhouette': 0.44739629513669305, 'num_points': 75}, {'avg_silhouette': 0.6007365244729893, 'num_points': 53}, {'avg_silhouette': 0.6125019469684604, 'num_points': 25}, {'avg_silhouette': 0.453684388045916, 'num_points': 56}, {'avg_silhouette': 0.515231456153278, 'num_points': 62}, {'avg_silhouette': 0.6825767284782264, 'num_points': 57}, {'avg_silhouette': 0.6017376737012466, 'num_points': 22}, {'avg_silhouette': 0.48158332342447097, 'num_points': 21}, {'avg_silhouette': 0.6427319815546824, 'num_points': 29}, {'avg_silhouette': 0.4891709526613493, 'num_points': 20}, {'avg_silhouette': 0.8137178772399803, 'num_points': 17}, {'avg_silhouette': 0.4066091032784961, 'num_points': 33}, {'avg_silhouette': 0.6159576595639035, 'num_points': 20}, {'avg_silhouette': 0.4930630511591977, 'num_points': 76}]",10.0,15,0.35165190450776995,,1,
DBSCAN,,0.7072751268321584,"[{'avg_silhouette': 0.3631683492496924, 'num_points': 6648}, {'avg_silhouette': 0.43473649230590045, 'num_points': 78}, {'avg_silhouette': 0.40315585155800904, 'num_points': 56}, {'avg_silhouette': 0.48727484189629894, 'num_points': 77}, {'avg_silhouette': 0.43396273176329814, 'num_points': 59}, {'avg_silhouette': 0.48575918614280156, 'num_points': 14}, {'avg_silhouette': 0.6131169701320096, 'num_points': 25}, {'avg_silhouette': 0.4907203278626402, 'num_points': 66}, {'avg_silhouette': 0.2696500913736755, 'num_points': 23}, {'avg_silhouette': 0.6831507559738734, 'num_points': 57}, {'avg_silhouette': 0.4944845194726747, 'num_points': 28}, {'avg_silhouette': 0.4522510253811464, 'num_points': 15}, {'avg_silhouette': 0.471006457834788, 'num_points': 29}, {'avg_silhouette': 0.4130054866913083, 'num_points': 5}, {'avg_silhouette': 0.5718243166982432, 'num_points': 9}, {'avg_silhouette': 0.4643798424422548, 'num_points': 22}, {'avg_silhouette': 0.7689688995573637, 'num_points': 18}, {'avg_silhouette': 0.39385029025504287, 'num_points': 38}, {'avg_silhouette': 0.590274484740268, 'num_points': 21}, {'avg_silhouette': 0.46367920559839765, 'num_points': 6}, {'avg_silhouette': 0.6608595417775626, 'num_points': 7}]",5.0,21,0.35163220514052235,,1,
DBSCAN,,0.6872751268321584,"[{'avg_silhouette': 0.36372307675289, 'num_points': 6640}, {'avg_silhouette': 0.43453017911920877, 'num_points': 78}, {'avg_silhouette': 0.40315585155800904, 'num_points': 56}, {'avg_silhouette': 0.4870876836716267, 'num_points': 77}, {'avg_silhouette': 0.4337896516452156, 'num_points': 59}, {'avg_silhouette': 0.511330081659891, 'num_points': 13}, {'avg_silhouette': 0.612970165813525, 'num_points': 25}, {'avg_silhouette': 0.4905393949383774, 'num_points': 66}, {'avg_silhouette': 0.2696500913736755, 'num_points': 23}, {'avg_silhouette': 0.6830180801137725, 'num_points': 57}, {'avg_silhouette': 0.508622801332632, 'num_points': 27}, {'avg_silhouette': 0.4787032918511852, 'num_points': 14}, {'avg_silhouette': 0.471006457834788, 'num_points': 29}, {'avg_silhouette': 0.4130054866913083, 'num_points': 5}, {'avg_silhouette': 0.5718243166982432, 'num_points': 9}, {'avg_silhouette': 0.47785475439585634, 'num_points': 21}, {'avg_silhouette': 0.7688673733603624, 'num_points': 18}, {'avg_silhouette': 0.38882437235937467, 'num_points': 38}, {'avg_silhouette': 0.6196419265574316, 'num_points': 20}, {'avg_silhouette': 0.46353014764778927, 'num_points': 6}, {'avg_silhouette': 0.6608595417775626, 'num_points': 7}]",5.0,21,0.35108101176395023,,1,
DBSCAN,,0.6772751268321584,"[{'avg_silhouette': 0.36420382129910406, 'num_points': 6634}, {'avg_silhouette': 0.4344228427561515, 'num_points': 78}, {'avg_silhouette': 0.40315585155800904, 'num_points': 56}, {'avg_silhouette': 0.4870087737084432, 'num_points': 77}, {'avg_silhouette': 0.43368499110555514, 'num_points': 59}, {'avg_silhouette': 0.511246110484999, 'num_points': 13}, {'avg_silhouette': 0.6128852863571216, 'num_points': 25}, {'avg_silhouette': 0.49751045579007225, 'num_points': 65}, {'avg_silhouette': 0.2696500913736755, 'num_points': 23}, {'avg_silhouette': 0.682943106959649, 'num_points': 57}, {'avg_silhouette': 0.5085234146644685, 'num_points': 27}, {'avg_silhouette': 0.4786034850127708, 'num_points': 14}, {'avg_silhouette': 0.471006457834788, 'num_points': 29}, {'avg_silhouette': 0.4130054866913083, 'num_points': 5}, {'avg_silhouette': 0.5718243166982432, 'num_points': 9}, {'avg_silhouette': 0.47776515598964847, 'num_points': 21}, {'avg_silhouette': 0.768812522192404, 'num_points': 18}, {'avg_silhouette': 0.38882437235937467, 'num_points': 38}, {'avg_silhouette': 0.6196182823323961, 'num_points': 20}, {'avg_silhouette': 0.4634883668752999, 'num_points': 6}, {'avg_silhouette': 0.6608595417775626, 'num_points': 7}]",5.0,21,0.3509732693018624,,1,
DBSCAN,,0.6272751268321584,"[{'avg_silhouette': 0.3730337907715651, 'num_points': 6598}, {'avg_silhouette': 0.4471994760430749, 'num_points': 75}, {'avg_silhouette': 0.6006114221014973, 'num_points': 53}, {'avg_silhouette': 0.6123675147258283, 'num_points': 25}, {'avg_silhouette': 0.4535097605787426, 'num_points': 56}, {'avg_silhouette': 0.5150387741693256, 'num_points': 62}, {'avg_silhouette': 0.6824378585594132, 'num_points': 57}, {'avg_silhouette': 0.601570910398228, 'num_points': 22}, {'avg_silhouette': 0.49528910853860475, 'num_points': 20}, {'avg_silhouette': 0.664973922833107, 'num_points': 28}, {'avg_silhouette': 0.48897192932942657, 'num_points': 20}, {'avg_silhouette': 0.8136227891601432, 'num_points': 17}, {'avg_silhouette': 0.4152788283247433, 'num_points': 32}, {'avg_silhouette': 0.6151388100293494, 'num_points': 20}, {'avg_silhouette': 0.501078332954776, 'num_points': 75}]",10.0,15,0.3502531991898691,,1,
DBSCAN,,0.6172751268321583,"[{'avg_silhouette': 0.3740060771171454, 'num_points': 6587}, {'avg_silhouette': 0.4469975891089421, 'num_points': 75}, {'avg_silhouette': 0.6004641201971095, 'num_points': 53}, {'avg_silhouette': 0.6122088200068663, 'num_points': 25}, {'avg_silhouette': 0.45561570675036994, 'num_points': 55}, {'avg_silhouette': 0.5148595895755155, 'num_points': 62}, {'avg_silhouette': 0.682290125569991, 'num_points': 57}, {'avg_silhouette': 0.6014044215485838, 'num_points': 22}, {'avg_silhouette': 0.49940407614995064, 'num_points': 19}, {'avg_silhouette': 0.6648512238494525, 'num_points': 28}, {'avg_silhouette': 0.48877787812730444, 'num_points': 20}, {'avg_silhouette': 0.8135261030498305, 'num_points': 17}, {'avg_silhouette': 0.4212459988055866, 'num_points': 31}, {'avg_silhouette': 0.6149749900722418, 'num_points': 20}, {'avg_silhouette': 0.5066078385051895, 'num_points': 74}]",10.0,15,0.3498518445500685,,1,
DBSCAN,,1.0072751268321587,"[{'avg_silhouette': 0.35591074252179905, 'num_points': 7339}, {'avg_silhouette': 0.5146296798733853, 'num_points': 29}, {'avg_silhouette': 0.4956353526856279, 'num_points': 29}, {'avg_silhouette': 0.5953477770931963, 'num_points': 8}, {'avg_silhouette': 0.5419308207175318, 'num_points': 38}, {'avg_silhouette': 0.4765138381956014, 'num_points': 6}]",5.0,6,0.34977025636221387,,1,
DBSCAN,,0.6672751268321584,"[{'avg_silhouette': 0.3626797736304304, 'num_points': 6631}, {'avg_silhouette': 0.43742942578136174, 'num_points': 77}, {'avg_silhouette': 0.41377597182386844, 'num_points': 55}, {'avg_silhouette': 0.48692763788433163, 'num_points': 77}, {'avg_silhouette': 0.533542188591007, 'num_points': 12}, {'avg_silhouette': 0.43359701750711294, 'num_points': 59}, {'avg_silhouette': 0.6128191530556978, 'num_points': 25}, {'avg_silhouette': 0.49742561281185044, 'num_points': 65}, {'avg_silhouette': 0.6828825304651198, 'num_points': 57}, {'avg_silhouette': 0.2696500913736755, 'num_points': 23}, {'avg_silhouette': 0.5084478375367091, 'num_points': 27}, {'avg_silhouette': 0.4785215849360916, 'num_points': 14}, {'avg_silhouette': 0.471006457834788, 'num_points': 29}, {'avg_silhouette': 0.4130054866913083, 'num_points': 5}, {'avg_silhouette': 0.5718243166982432, 'num_points': 9}, {'avg_silhouette': 0.47769267990660663, 'num_points': 21}, {'avg_silhouette': 0.8139237262851963, 'num_points': 17}, {'avg_silhouette': 0.38882437235937467, 'num_points': 38}, {'avg_silhouette': 0.6195901331537174, 'num_points': 20}, {'avg_silhouette': 0.46342898193862564, 'num_points': 6}, {'avg_silhouette': 0.6596167302531003, 'num_points': 7}]",5.0,21,0.3491137143608266,,1,
DBSCAN,,0.6072751268321583,"[{'avg_silhouette': 0.37455195766295246, 'num_points': 6578}, {'avg_silhouette': 0.4512047249479131, 'num_points': 74}, {'avg_silhouette': 0.6003440186287284, 'num_points': 53}, {'avg_silhouette': 0.6282762286691158, 'num_points': 24}, {'avg_silhouette': 0.46194491572412494, 'num_points': 54}, {'avg_silhouette': 0.5147064413977481, 'num_points': 62}, {'avg_silhouette': 0.6942914166062931, 'num_points': 56}, {'avg_silhouette': 0.6277973283391741, 'num_points': 21}, {'avg_silhouette': 0.5112181170667643, 'num_points': 18}, {'avg_silhouette': 0.6647470242333887, 'num_points': 28}, {'avg_silhouette': 0.4886018972232904, 'num_points': 20}, {'avg_silhouette': 0.8134465300235583, 'num_points': 17}, {'avg_silhouette': 0.4212459988055866, 'num_points': 31}, {'avg_silhouette': 0.6149534176629976, 'num_points': 20}, {'avg_silhouette': 0.5115836451339606, 'num_points': 73}]",10.0,15,0.34905006847557796,,1,
DBSCAN,,0.5972751268321583,"[{'avg_silhouette': 0.37546221318714573, 'num_points': 6567}, {'avg_silhouette': 0.4553102489150172, 'num_points': 73}, {'avg_silhouette': 0.6002154654525754, 'num_points': 53}, {'avg_silhouette': 0.4617588866264915, 'num_points': 54}, {'avg_silhouette': 0.514545869406559, 'num_points': 62}, {'avg_silhouette': 0.6941677196105508, 'num_points': 56}, {'avg_silhouette': 0.6281543261339246, 'num_points': 24}, {'avg_silhouette': 0.6276554110420086, 'num_points': 21}, {'avg_silhouette': 0.5110635824153433, 'num_points': 18}, {'avg_silhouette': 0.6646314494433191, 'num_points': 28}, {'avg_silhouette': 0.4884195098172353, 'num_points': 20}, {'avg_silhouette': 0.8133658247413053, 'num_points': 17}, {'avg_silhouette': 0.4212459988055866, 'num_points': 31}, {'avg_silhouette': 0.6149313028261355, 'num_points': 20}, {'avg_silhouette': 0.5164452294331592, 'num_points': 72}]",10.0,15,0.3488036681874134,,1,
DBSCAN,,0.6572751268321584,"[{'avg_silhouette': 0.3630407027962811, 'num_points': 6624}, {'avg_silhouette': 0.4433196295684533, 'num_points': 76}, {'avg_silhouette': 0.4348221984543632, 'num_points': 53}, {'avg_silhouette': 0.4868105252181741, 'num_points': 77}, {'avg_silhouette': 0.5334320355812715, 'num_points': 12}, {'avg_silhouette': 0.4334661307355712, 'num_points': 59}, {'avg_silhouette': 0.6127189792078809, 'num_points': 25}, {'avg_silhouette': 0.4973035103506628, 'num_points': 65}, {'avg_silhouette': 0.6827901424799311, 'num_points': 57}, {'avg_silhouette': 0.2819099678234403, 'num_points': 22}, {'avg_silhouette': 0.5083281314331285, 'num_points': 27}, {'avg_silhouette': 0.5034898414652752, 'num_points': 12}, {'avg_silhouette': 0.471006457834788, 'num_points': 29}, {'avg_silhouette': 0.4074631313519507, 'num_points': 5}, {'avg_silhouette': 0.5718243166982432, 'num_points': 9}, {'avg_silhouette': 0.4775721084372374, 'num_points': 21}, {'avg_silhouette': 0.8138628419940465, 'num_points': 17}, {'avg_silhouette': 0.38882437235937467, 'num_points': 38}, {'avg_silhouette': 0.6195493218447213, 'num_points': 20}, {'avg_silhouette': 0.6549162091776378, 'num_points': 7}]",5.0,20,0.3479461817549515,,1,
DBSCAN,,0.6472751268321584,"[{'avg_silhouette': 0.363752483478335, 'num_points': 6616}, {'avg_silhouette': 0.44317316006247415, 'num_points': 76}, {'avg_silhouette': 0.4348221984543632, 'num_points': 53}, {'avg_silhouette': 0.5649784394706932, 'num_points': 11}, {'avg_silhouette': 0.4333157951332089, 'num_points': 59}, {'avg_silhouette': 0.6126189057858084, 'num_points': 25}, {'avg_silhouette': 0.5025599285312579, 'num_points': 64}, {'avg_silhouette': 0.6826919985912727, 'num_points': 57}, {'avg_silhouette': 0.2819099678234403, 'num_points': 22}, {'avg_silhouette': 0.5081887682685652, 'num_points': 27}, {'avg_silhouette': 0.5033472473607353, 'num_points': 12}, {'avg_silhouette': 0.471006457834788, 'num_points': 29}, {'avg_silhouette': 0.4074631313519507, 'num_points': 5}, {'avg_silhouette': 0.5718243166982432, 'num_points': 9}, {'avg_silhouette': 0.47742932083232226, 'num_points': 21}, {'avg_silhouette': 0.8137968402501047, 'num_points': 17}, {'avg_silhouette': 0.38882437235937467, 'num_points': 38}, {'avg_silhouette': 0.6195013899672004, 'num_points': 20}, {'avg_silhouette': 0.4866769919111868, 'num_points': 77}, {'avg_silhouette': 0.6549162091776378, 'num_points': 7}]",5.0,20,0.34776963740761313,,1,
DBSCAN,,0.6372751268321584,"[{'avg_silhouette': 0.3637354523229385, 'num_points': 6612}, {'avg_silhouette': 0.44312134396077907, 'num_points': 76}, {'avg_silhouette': 0.4348221984543632, 'num_points': 53}, {'avg_silhouette': 0.5649204625282753, 'num_points': 11}, {'avg_silhouette': 0.44515871336901697, 'num_points': 58}, {'avg_silhouette': 0.6125744371394568, 'num_points': 25}, {'avg_silhouette': 0.5082811197873274, 'num_points': 63}, {'avg_silhouette': 0.6826464782322264, 'num_points': 57}, {'avg_silhouette': 0.2819099678234403, 'num_points': 22}, {'avg_silhouette': 0.4683705421037972, 'num_points': 22}, {'avg_silhouette': 0.5032818945449481, 'num_points': 12}, {'avg_silhouette': 0.471006457834788, 'num_points': 29}, {'avg_silhouette': 0.4074631313519507, 'num_points': 5}, {'avg_silhouette': 0.5718243166982432, 'num_points': 9}, {'avg_silhouette': 0.4773640829402779, 'num_points': 21}, {'avg_silhouette': 0.8137648799537582, 'num_points': 17}, {'avg_silhouette': 0.38882437235937467, 'num_points': 38}, {'avg_silhouette': 0.6194813664852012, 'num_points': 20}, {'avg_silhouette': 0.49316082308044795, 'num_points': 76}, {'avg_silhouette': 0.48004178531457864, 'num_points': 4}, {'avg_silhouette': 0.6549162091776378, 'num_points': 7}]",5.0,21,0.34704223845300924,,1,
DBSCAN,,0.5872751268321583,"[{'avg_silhouette': 0.37465024261624824, 'num_points': 6559}, {'avg_silhouette': 0.4551927748288738, 'num_points': 73}, {'avg_silhouette': 0.6001449487221554, 'num_points': 53}, {'avg_silhouette': 0.46535019487833007, 'num_points': 53}, {'avg_silhouette': 0.5315600483270468, 'num_points': 59}, {'avg_silhouette': 0.7201796089527962, 'num_points': 54}, {'avg_silhouette': 0.6280590849553823, 'num_points': 24}, {'avg_silhouette': 0.6492884074006564, 'num_points': 20}, {'avg_silhouette': 0.685048754434512, 'num_points': 27}, {'avg_silhouette': 0.5345168902904771, 'num_points': 16}, {'avg_silhouette': 0.488297592403182, 'num_points': 20}, {'avg_silhouette': 0.8133038081165561, 'num_points': 17}, {'avg_silhouette': 0.43048814274240255, 'num_points': 30}, {'avg_silhouette': 0.6146096629681732, 'num_points': 20}, {'avg_silhouette': 0.5210005156374777, 'num_points': 71}]",10.0,15,0.3463451534701228,,1,
DBSCAN,,0.6272751268321584,"[{'avg_silhouette': 0.3634382079293405, 'num_points': 6602}, {'avg_silhouette': 0.44292114406179683, 'num_points': 76}, {'avg_silhouette': 0.4348221984543632, 'num_points': 53}, {'avg_silhouette': 0.5647855611360478, 'num_points': 11}, {'avg_silhouette': 0.44499279100954325, 'num_points': 58}, {'avg_silhouette': 0.6124403832100643, 'num_points': 25}, {'avg_silhouette': 0.5080889340519307, 'num_points': 63}, {'avg_silhouette': 0.6825094254499853, 'num_points': 57}, {'avg_silhouette': 0.2819099678234403, 'num_points': 22}, {'avg_silhouette': 0.4683705421037972, 'num_points': 22}, {'avg_silhouette': 0.5242053282418678, 'num_points': 11}, {'avg_silhouette': 0.5004381825765895, 'num_points': 28}, {'avg_silhouette': 0.4074631313519507, 'num_points': 5}, {'avg_silhouette': 0.5657397100876197, 'num_points': 9}, {'avg_silhouette': 0.47716203504238297, 'num_points': 21}, {'avg_silhouette': 0.8136717033144232, 'num_points': 17}, {'avg_silhouette': 0.3965105780811372, 'num_points': 37}, {'avg_silhouette': 0.6188752212627943, 'num_points': 20}, {'avg_silhouette': 0.5011703885300696, 'num_points': 75}, {'avg_silhouette': 0.48004178531457864, 'num_points': 4}, {'avg_silhouette': 0.6549162091776378, 'num_points': 7}]",5.0,21,0.34576523835974277,,1,
DBSCAN,,0.6172751268321583,"[{'avg_silhouette': 0.36450286925888264, 'num_points': 6593}, {'avg_silhouette': 0.4427701455783546, 'num_points': 76}, {'avg_silhouette': 0.4348221984543632, 'num_points': 53}, {'avg_silhouette': 0.5985058035657981, 'num_points': 10}, {'avg_silhouette': 0.446928124378518, 'num_points': 57}, {'avg_silhouette': 0.6123162609466781, 'num_points': 25}, {'avg_silhouette': 0.507950076221591, 'num_points': 63}, {'avg_silhouette': 0.6823961141410257, 'num_points': 57}, {'avg_silhouette': 0.2819099678234403, 'num_points': 22}, {'avg_silhouette': 0.6015233089166562, 'num_points': 22}, {'avg_silhouette': 0.5240742259829344, 'num_points': 11}, {'avg_silhouette': 0.5004381825765895, 'num_points': 28}, {'avg_silhouette': 0.4074631313519507, 'num_points': 5}, {'avg_silhouette': 0.5657397100876197, 'num_points': 9}, {'avg_silhouette': 0.4770191224443949, 'num_points': 21}, {'avg_silhouette': 0.8135975012760985, 'num_points': 17}, {'avg_silhouette': 0.3965105780811372, 'num_points': 37}, {'avg_silhouette': 0.6188193329775621, 'num_points': 20}, {'avg_silhouette': 0.5067474454112021, 'num_points': 74}, {'avg_silhouette': 0.6549162091776378, 'num_points': 7}]",5.0,20,0.34558253407541073,,1,
DBSCAN,,0.6072751268321583,"[{'avg_silhouette': 0.3653040310430046, 'num_points': 6585}, {'avg_silhouette': 0.4426047946057953, 'num_points': 76}, {'avg_silhouette': 0.4348221984543632, 'num_points': 53}, {'avg_silhouette': 0.6545824844244222, 'num_points': 9}, {'avg_silhouette': 0.4467624435410127, 'num_points': 57}, {'avg_silhouette': 0.6122084604492684, 'num_points': 25}, {'avg_silhouette': 0.5078020068934985, 'num_points': 63}, {'avg_silhouette': 0.6943969351125283, 'num_points': 56}, {'avg_silhouette': 0.29658248846747537, 'num_points': 21}, {'avg_silhouette': 0.6013909857748901, 'num_points': 22}, {'avg_silhouette': 0.5442284402259059, 'num_points': 10}, {'avg_silhouette': 0.5004381825765895, 'num_points': 28}, {'avg_silhouette': 0.40276804337080685, 'num_points': 5}, {'avg_silhouette': 0.5657397100876197, 'num_points': 9}, {'avg_silhouette': 0.4768482076354373, 'num_points': 21}, {'avg_silhouette': 0.813519979796821, 'num_points': 17}, {'avg_silhouette': 0.3965105780811372, 'num_points': 37}, {'avg_silhouette': 0.618758953915706, 'num_points': 20}, {'avg_silhouette': 0.5065845920948183, 'num_points': 74}, {'avg_silhouette': 0.6549162091776378, 'num_points': 7}]",5.0,20,0.3453764814411468,,1,
DBSCAN,,0.5972751268321583,"[{'avg_silhouette': 0.36603602273328456, 'num_points': 6577}, {'avg_silhouette': 0.4464345714900343, 'num_points': 75}, {'avg_silhouette': 0.4348221984543632, 'num_points': 53}, {'avg_silhouette': 0.654485124419061, 'num_points': 9}, {'avg_silhouette': 0.44662279950283545, 'num_points': 57}, {'avg_silhouette': 0.6121135784826408, 'num_points': 25}, {'avg_silhouette': 0.5076853855256188, 'num_points': 63}, {'avg_silhouette': 0.6943038316605584, 'num_points': 56}, {'avg_silhouette': 0.29658248846747537, 'num_points': 21}, {'avg_silhouette': 0.6012811830521015, 'num_points': 22}, {'avg_silhouette': 0.5694196066940646, 'num_points': 9}, {'avg_silhouette': 0.5004381825765895, 'num_points': 28}, {'avg_silhouette': 0.40276804337080685, 'num_points': 5}, {'avg_silhouette': 0.5657397100876197, 'num_points': 9}, {'avg_silhouette': 0.4886202921941039, 'num_points': 20}, {'avg_silhouette': 0.8134592719636559, 'num_points': 17}, {'avg_silhouette': 0.3965105780811372, 'num_points': 37}, {'avg_silhouette': 0.6187112563227921, 'num_points': 20}, {'avg_silhouette': 0.5115936969357905, 'num_points': 73}, {'avg_silhouette': 0.6549162091776378, 'num_points': 7}]",5.0,20,0.34501468587197537,,1,
DBSCAN,,0.49727512683215824,"[{'avg_silhouette': 0.2849724041324718, 'num_points': 2011}, {'avg_silhouette': 0.5062859200928239, 'num_points': 370}, {'avg_silhouette': 0.5589103045022592, 'num_points': 2354}, {'avg_silhouette': 0.35247472743053226, 'num_points': 14}, {'avg_silhouette': 0.3378465807403538, 'num_points': 198}, {'avg_silhouette': 0.5171488516971795, 'num_points': 259}, {'avg_silhouette': 0.5358521893522323, 'num_points': 12}, {'avg_silhouette': 0.42217221905623664, 'num_points': 40}, {'avg_silhouette': 0.3831404319175226, 'num_points': 14}, {'avg_silhouette': 0.26112908384341077, 'num_points': 293}, {'avg_silhouette': 0.3718093986935372, 'num_points': 12}, {'avg_silhouette': 0.5673059100105408, 'num_points': 21}, {'avg_silhouette': 0.4316424881735302, 'num_points': 16}, {'avg_silhouette': 0.31015793329298436, 'num_points': 154}, {'avg_silhouette': 0.35695074459566156, 'num_points': 37}, {'avg_silhouette': 0.3357550274941394, 'num_points': 48}, {'avg_silhouette': 0.8401481376779225, 'num_points': 6}, {'avg_silhouette': 0.27672802855676837, 'num_points': 49}, {'avg_silhouette': 0.6673696592080103, 'num_points': 19}, {'avg_silhouette': 0.3337699372726613, 'num_points': 16}, {'avg_silhouette': 0.41225959375422694, 'num_points': 29}, {'avg_silhouette': 0.4126012304568424, 'num_points': 40}, {'avg_silhouette': 0.4384507341391883, 'num_points': 48}, {'avg_silhouette': 0.43404951370409295, 'num_points': 17}, {'avg_silhouette': 0.47039059766071556, 'num_points': 8}, {'avg_silhouette': 0.4065606565548127, 'num_points': 10}, {'avg_silhouette': 0.30536283083495125, 'num_points': 5}, {'avg_silhouette': 0.6888995536502467, 'num_points': 17}, {'avg_silhouette': 0.39979442283977307, 'num_points': 9}, {'avg_silhouette': 0.5287836940442582, 'num_points': 12}, {'avg_silhouette': 0.415025595140592, 'num_points': 19}, {'avg_silhouette': 0.4057987134721778, 'num_points': 15}, {'avg_silhouette': 0.6008355044879411, 'num_points': 24}, {'avg_silhouette': 0.37831496978646423, 'num_points': 211}, {'avg_silhouette': 0.5676937598096292, 'num_points': 22}, {'avg_silhouette': 0.65243003453954, 'num_points': 9}, {'avg_silhouette': 0.3550566809582712, 'num_points': 18}, {'avg_silhouette': 0.5508039894750109, 'num_points': 9}, {'avg_silhouette': 0.4748397798459731, 'num_points': 5}, {'avg_silhouette': 0.35124768324159283, 'num_points': 10}, {'avg_silhouette': 0.3953461177856229, 'num_points': 17}, {'avg_silhouette': 0.2828569970856179, 'num_points': 9}, {'avg_silhouette': 0.7941083616100911, 'num_points': 17}, {'avg_silhouette': 0.37266638515818207, 'num_points': 16}, {'avg_silhouette': 0.41130936412863406, 'num_points': 49}, {'avg_silhouette': 0.4184919565060244, 'num_points': 7}, {'avg_silhouette': 0.5969946270936972, 'num_points': 12}, {'avg_silhouette': 0.6896379764580446, 'num_points': 10}, {'avg_silhouette': 0.43644288260505376, 'num_points': 36}, {'avg_silhouette': 0.6484806748427798, 'num_points': 5}, {'avg_silhouette': 0.654786364158921, 'num_points': 8}, {'avg_silhouette': 0.47494476748294606, 'num_points': 7}, {'avg_silhouette': 0.4683971929390169, 'num_points': 35}, {'avg_silhouette': 0.5142291704470056, 'num_points': 6}, {'avg_silhouette': 0.38810412752708895, 'num_points': 13}, {'avg_silhouette': 0.7629593263587945, 'num_points': 5}, {'avg_silhouette': 0.535278376554816, 'num_points': 6}, {'avg_silhouette': 0.365694020489486, 'num_points': 14}, {'avg_silhouette': 0.30469384731681987, 'num_points': 6}, {'avg_silhouette': 0.3158410879072971, 'num_points': 6}, {'avg_silhouette': 0.3632296714807101, 'num_points': 5}, {'avg_silhouette': 0.9027889002723919, 'num_points': 5}, {'avg_silhouette': 0.6467637736077784, 'num_points': 43}, {'avg_silhouette': 0.33691328495212175, 'num_points': 6}, {'avg_silhouette': 0.8209386406786067, 'num_points': 5}, {'avg_silhouette': 0.26278745708676604, 'num_points': 5}]",5.0,66,0.3450084682941334,,2,0.4219413543173655
DBSCAN,,0.5772751268321583,"[{'avg_silhouette': 0.3746704472755743, 'num_points': 6549}, {'avg_silhouette': 0.4639206889369472, 'num_points': 71}, {'avg_silhouette': 0.6000260435743865, 'num_points': 53}, {'avg_silhouette': 0.46519110157722954, 'num_points': 53}, {'avg_silhouette': 0.5409229146948514, 'num_points': 57}, {'avg_silhouette': 0.7200631867629025, 'num_points': 54}, {'avg_silhouette': 0.627934508728124, 'num_points': 24}, {'avg_silhouette': 0.6743097404579462, 'num_points': 19}, {'avg_silhouette': 0.7005828232307079, 'num_points': 26}, {'avg_silhouette': 0.5343947103435467, 'num_points': 16}, {'avg_silhouette': 0.48812773396852316, 'num_points': 20}, {'avg_silhouette': 0.8132200935453796, 'num_points': 17}, {'avg_silhouette': 0.5170507890211868, 'num_points': 23}, {'avg_silhouette': 0.6081114284033489, 'num_points': 20}, {'avg_silhouette': 0.520837684435588, 'num_points': 71}]",10.0,15,0.3443267105583063,,1,
DBSCAN,,0.48727512683215823,"[{'avg_silhouette': 0.28326891267583904, 'num_points': 2011}, {'avg_silhouette': 0.5052044070689405, 'num_points': 370}, {'avg_silhouette': 0.5600218930743965, 'num_points': 2352}, {'avg_silhouette': 0.35247472743053226, 'num_points': 14}, {'avg_silhouette': 0.3378465807403538, 'num_points': 198}, {'avg_silhouette': 0.5230919987010612, 'num_points': 258}, {'avg_silhouette': 0.5358521893522323, 'num_points': 12}, {'avg_silhouette': 0.42217221905623664, 'num_points': 40}, {'avg_silhouette': 0.3825771521582074, 'num_points': 14}, {'avg_silhouette': 0.2633677225547785, 'num_points': 292}, {'avg_silhouette': 0.3718093986935372, 'num_points': 12}, {'avg_silhouette': 0.5673059100105408, 'num_points': 21}, {'avg_silhouette': 0.4316424881735302, 'num_points': 16}, {'avg_silhouette': 0.32415227297864596, 'num_points': 151}, {'avg_silhouette': 0.35645905878137324, 'num_points': 37}, {'avg_silhouette': 0.3457033420928922, 'num_points': 47}, {'avg_silhouette': 0.8401427097327946, 'num_points': 6}, {'avg_silhouette': 0.27589347050085355, 'num_points': 49}, {'avg_silhouette': 0.6673696592080103, 'num_points': 19}, {'avg_silhouette': 0.3337699372726613, 'num_points': 16}, {'avg_silhouette': 0.447328248196459, 'num_points': 28}, {'avg_silhouette': 0.4126012304568424, 'num_points': 40}, {'avg_silhouette': 0.4377533691468533, 'num_points': 48}, {'avg_silhouette': 0.43404951370409295, 'num_points': 17}, {'avg_silhouette': 0.47039059766071556, 'num_points': 8}, {'avg_silhouette': 0.4065606565548127, 'num_points': 10}, {'avg_silhouette': 0.30536283083495125, 'num_points': 5}, {'avg_silhouette': 0.6888398907967284, 'num_points': 17}, {'avg_silhouette': 0.3990639851486105, 'num_points': 9}, {'avg_silhouette': 0.5432576288784393, 'num_points': 11}, {'avg_silhouette': 0.4057987134721778, 'num_points': 15}, {'avg_silhouette': 0.414743658828684, 'num_points': 19}, {'avg_silhouette': 0.6008355044879411, 'num_points': 24}, {'avg_silhouette': 0.37819097520991346, 'num_points': 211}, {'avg_silhouette': 0.5676937598096292, 'num_points': 22}, {'avg_silhouette': 0.6517001014324626, 'num_points': 9}, {'avg_silhouette': 0.35499460018381973, 'num_points': 18}, {'avg_silhouette': 0.5508039894750109, 'num_points': 9}, {'avg_silhouette': 0.4748397798459731, 'num_points': 5}, {'avg_silhouette': 0.3862468430280712, 'num_points': 9}, {'avg_silhouette': 0.3945343934542429, 'num_points': 17}, {'avg_silhouette': 0.2828569970856179, 'num_points': 9}, {'avg_silhouette': 0.794060194058261, 'num_points': 17}, {'avg_silhouette': 0.3724266074062065, 'num_points': 16}, {'avg_silhouette': 0.41130936412863406, 'num_points': 49}, {'avg_silhouette': 0.4182908870846132, 'num_points': 7}, {'avg_silhouette': 0.5969946270936972, 'num_points': 12}, {'avg_silhouette': 0.6896379764580446, 'num_points': 10}, {'avg_silhouette': 0.43644288260505376, 'num_points': 36}, {'avg_silhouette': 0.6484806748427798, 'num_points': 5}, {'avg_silhouette': 0.6547216392092838, 'num_points': 8}, {'avg_silhouette': 0.47494476748294606, 'num_points': 7}, {'avg_silhouette': 0.4683971929390169, 'num_points': 35}, {'avg_silhouette': 0.5142291704470056, 'num_points': 6}, {'avg_silhouette': 0.38810412752708895, 'num_points': 13}, {'avg_silhouette': 0.7629593263587945, 'num_points': 5}, {'avg_silhouette': 0.535278376554816, 'num_points': 6}, {'avg_silhouette': 0.40852276185658165, 'num_points': 13}, {'avg_silhouette': 0.3107863909400404, 'num_points': 6}, {'avg_silhouette': 0.33581652783849825, 'num_points': 5}, {'avg_silhouette': 0.3632296714807101, 'num_points': 5}, {'avg_silhouette': 0.9027889002723919, 'num_points': 5}, {'avg_silhouette': 0.6467637736077784, 'num_points': 43}, {'avg_silhouette': 0.33624592993254493, 'num_points': 6}, {'avg_silhouette': 0.8209386406786067, 'num_points': 5}, {'avg_silhouette': 0.26278745708676604, 'num_points': 5}]",5.0,66,0.3442920255097195,,2,0.42164540287511776
DBSCAN,,0.5872751268321583,"[{'avg_silhouette': 0.36545905252819616, 'num_points': 6568}, {'avg_silhouette': 0.446294493029503, 'num_points': 75}, {'avg_silhouette': 0.4348221984543632, 'num_points': 53}, {'avg_silhouette': 0.6543867032473271, 'num_points': 9}, {'avg_silhouette': 0.6281788906172895, 'num_points': 24}, {'avg_silhouette': 0.4557504986390216, 'num_points': 55}, {'avg_silhouette': 0.5134544130312121, 'num_points': 62}, {'avg_silhouette': 0.7085634960273576, 'num_points': 55}, {'avg_silhouette': 0.3047244544741464, 'num_points': 20}, {'avg_silhouette': 0.6199124931929797, 'num_points': 21}, {'avg_silhouette': 0.5692833961615583, 'num_points': 9}, {'avg_silhouette': 0.5277251591919492, 'num_points': 27}, {'avg_silhouette': 0.3999835164576293, 'num_points': 5}, {'avg_silhouette': 0.560478656742586, 'num_points': 9}, {'avg_silhouette': 0.48847364067678284, 'num_points': 20}, {'avg_silhouette': 0.8133879150310044, 'num_points': 17}, {'avg_silhouette': 0.3965105780811372, 'num_points': 37}, {'avg_silhouette': 0.6186730850550201, 'num_points': 20}, {'avg_silhouette': 0.5114740196276474, 'num_points': 73}, {'avg_silhouette': 0.6549162091776378, 'num_points': 7}]",5.0,20,0.34319278732512526,,1,
DBSCAN,,0.5772751268321583,"[{'avg_silhouette': 0.3650743862857104, 'num_points': 6564}, {'avg_silhouette': 0.446233741017007, 'num_points': 75}, {'avg_silhouette': 0.4348221984543632, 'num_points': 53}, {'avg_silhouette': 0.6543464291637732, 'num_points': 9}, {'avg_silhouette': 0.6281367311437486, 'num_points': 24}, {'avg_silhouette': 0.46546227876761154, 'num_points': 53}, {'avg_silhouette': 0.5134083805557442, 'num_points': 62}, {'avg_silhouette': 0.7085244038991249, 'num_points': 55}, {'avg_silhouette': 0.5040755500331913, 'num_points': 19}, {'avg_silhouette': 0.6417494121936319, 'num_points': 20}, {'avg_silhouette': 0.5692288488640843, 'num_points': 9}, {'avg_silhouette': 0.549264400752393, 'num_points': 26}, {'avg_silhouette': 0.5575944108462382, 'num_points': 9}, {'avg_silhouette': 0.4884195826427652, 'num_points': 20}, {'avg_silhouette': 0.8133612126986423, 'num_points': 17}, {'avg_silhouette': 0.40409283251454425, 'num_points': 36}, {'avg_silhouette': 0.6184240520461312, 'num_points': 20}, {'avg_silhouette': 0.5114200360841713, 'num_points': 73}, {'avg_silhouette': 0.6549162091776378, 'num_points': 7}]",5.0,19,0.3419709762792701,,1,
DBSCAN,,0.5672751268321583,"[{'avg_silhouette': 0.37538721610090053, 'num_points': 6532}, {'avg_silhouette': 0.4747085004410016, 'num_points': 68}, {'avg_silhouette': 0.6082474596690738, 'num_points': 52}, {'avg_silhouette': 0.469102327517437, 'num_points': 52}, {'avg_silhouette': 0.6140163419520207, 'num_points': 46}, {'avg_silhouette': 0.7324677329997693, 'num_points': 53}, {'avg_silhouette': 0.6277602414628064, 'num_points': 24}, {'avg_silhouette': 0.6741302543717483, 'num_points': 19}, {'avg_silhouette': 0.700441394061646, 'num_points': 26}, {'avg_silhouette': 0.5455174455504602, 'num_points': 15}, {'avg_silhouette': 0.49729309411066364, 'num_points': 19}, {'avg_silhouette': 0.8131016284244371, 'num_points': 17}, {'avg_silhouette': 0.5244248624260172, 'num_points': 22}, {'avg_silhouette': 0.6082643949373236, 'num_points': 20}, {'avg_silhouette': 0.5248686047222214, 'num_points': 70}]",10.0,15,0.34146493806216976,,1,
DBSCAN,,0.4772751268321582,"[{'avg_silhouette': 0.27974649568913074, 'num_points': 2009}, {'avg_silhouette': 0.5051966161053288, 'num_points': 370}, {'avg_silhouette': 0.561863705381939, 'num_points': 2349}, {'avg_silhouette': 0.35247472743053226, 'num_points': 14}, {'avg_silhouette': 0.34112883750375234, 'num_points': 197}, {'avg_silhouette': 0.5230919987010612, 'num_points': 258}, {'avg_silhouette': 0.530710900364925, 'num_points': 12}, {'avg_silhouette': 0.42217221905623664, 'num_points': 40}, {'avg_silhouette': 0.3817221138962594, 'num_points': 14}, {'avg_silhouette': 0.26753075696485495, 'num_points': 290}, {'avg_silhouette': 0.37153894940284354, 'num_points': 12}, {'avg_silhouette': 0.5610729574643849, 'num_points': 21}, {'avg_silhouette': 0.4727929339139826, 'num_points': 15}, {'avg_silhouette': 0.2888575041898246, 'num_points': 151}, {'avg_silhouette': 0.3555628085534282, 'num_points': 37}, {'avg_silhouette': 0.3549432080647705, 'num_points': 46}, {'avg_silhouette': 0.8401330581881788, 'num_points': 6}, {'avg_silhouette': 0.27588167307881334, 'num_points': 49}, {'avg_silhouette': 0.6673696592080103, 'num_points': 19}, {'avg_silhouette': 0.35264671751470117, 'num_points': 15}, {'avg_silhouette': 0.44724944690679524, 'num_points': 28}, {'avg_silhouette': 0.4309051421399825, 'num_points': 39}, {'avg_silhouette': 0.43661648441510786, 'num_points': 48}, {'avg_silhouette': 0.40932805971614034, 'num_points': 17}, {'avg_silhouette': 0.47039059766071556, 'num_points': 8}, {'avg_silhouette': 0.5020793482300248, 'num_points': 9}, {'avg_silhouette': 0.30536283083495125, 'num_points': 5}, {'avg_silhouette': 0.688738401005395, 'num_points': 17}, {'avg_silhouette': 0.3978522952511164, 'num_points': 9}, {'avg_silhouette': 0.5431668865183414, 'num_points': 11}, {'avg_silhouette': 0.4057987134721778, 'num_points': 15}, {'avg_silhouette': 0.4143030465519536, 'num_points': 19}, {'avg_silhouette': 0.6008355044879411, 'num_points': 24}, {'avg_silhouette': 0.33775721912039375, 'num_points': 211}, {'avg_silhouette': 0.5676937598096292, 'num_points': 22}, {'avg_silhouette': 0.6517001014324626, 'num_points': 9}, {'avg_silhouette': 0.4838837575279049, 'num_points': 13}, {'avg_silhouette': 0.5508039894750109, 'num_points': 9}, {'avg_silhouette': 0.4705357155276242, 'num_points': 5}, {'avg_silhouette': 0.42937231331736475, 'num_points': 8}, {'avg_silhouette': 0.3932294368202697, 'num_points': 17}, {'avg_silhouette': 0.28262265352249927, 'num_points': 9}, {'avg_silhouette': 0.7939791702598028, 'num_points': 17}, {'avg_silhouette': 0.37202954388857035, 'num_points': 16}, {'avg_silhouette': 0.39859368639434073, 'num_points': 49}, {'avg_silhouette': 0.4175764464903683, 'num_points': 7}, {'avg_silhouette': 0.5969946270936972, 'num_points': 12}, {'avg_silhouette': 0.6896379764580446, 'num_points': 10}, {'avg_silhouette': 0.4361217966622182, 'num_points': 36}, {'avg_silhouette': 0.6484806748427798, 'num_points': 5}, {'avg_silhouette': 0.7184897280793833, 'num_points': 7}, {'avg_silhouette': 0.47494476748294606, 'num_points': 7}, {'avg_silhouette': 0.4683971929390169, 'num_points': 35}, {'avg_silhouette': 0.5142291704470056, 'num_points': 6}, {'avg_silhouette': 0.449710434462331, 'num_points': 12}, {'avg_silhouette': 0.26638075607773637, 'num_points': 5}, {'avg_silhouette': 0.7629593263587945, 'num_points': 5}, {'avg_silhouette': 0.535278376554816, 'num_points': 6}, {'avg_silhouette': 0.47324362804918696, 'num_points': 12}, {'avg_silhouette': 0.3106293036295459, 'num_points': 6}, {'avg_silhouette': 0.33581652783849825, 'num_points': 5}, {'avg_silhouette': 0.36007231523042044, 'num_points': 5}, {'avg_silhouette': 0.9027889002723919, 'num_points': 5}, {'avg_silhouette': 0.6736166827884936, 'num_points': 42}, {'avg_silhouette': 0.8194024524318166, 'num_points': 5}, {'avg_silhouette': 0.33585137776849744, 'num_points': 6}, {'avg_silhouette': 0.25950964124468706, 'num_points': 5}]",5.0,67,0.34088254631772585,,2,0.4208051005355349
K-means,,,"[{'avg_silhouette': 0.04299796534152055, 'num_points': 109}, {'avg_silhouette': 0.5886873911548418, 'num_points': 2374}, {'avg_silhouette': -0.11618248392684806, 'num_points': 154}, {'avg_silhouette': 0.16451496732364057, 'num_points': 375}, {'avg_silhouette': 0.12625839755798238, 'num_points': 138}, {'avg_silhouette': 0.2716577065857533, 'num_points': 87}, {'avg_silhouette': 0.3939106311558199, 'num_points': 295}, {'avg_silhouette': 0.29997422579938193, 'num_points': 68}, {'avg_silhouette': 0.21551340334745045, 'num_points': 1141}, {'avg_silhouette': -0.04345230257669491, 'num_points': 59}, {'avg_silhouette': 0.22665916927375993, 'num_points': 491}, {'avg_silhouette': 0.561958553688375, 'num_points': 62}, {'avg_silhouette': 0.4745114304489858, 'num_points': 40}, {'avg_silhouette': 0.10839938484508804, 'num_points': 68}, {'avg_silhouette': 0.30628410587745447, 'num_points': 91}, {'avg_silhouette': 0.32785159267927666, 'num_points': 25}, {'avg_silhouette': 0.1971364146468663, 'num_points': 268}, {'avg_silhouette': 0.3864962770417823, 'num_points': 451}, {'avg_silhouette': 0.17170207198891904, 'num_points': 321}, {'avg_silhouette': 0.2411075881299832, 'num_points': 74}, {'avg_silhouette': 0.36475563407675743, 'num_points': 74}, {'avg_silhouette': 0.39132147045842464, 'num_points': 30}, {'avg_silhouette': 0.3406419064518851, 'num_points': 71}, {'avg_silhouette': 0.2824725577262279, 'num_points': 19}, {'avg_silhouette': 0.33904247210853533, 'num_points': 45}, {'avg_silhouette': 0.5809178318370644, 'num_points': 21}, {'avg_silhouette': 0.001098829087953368, 'num_points': 95}, {'avg_silhouette': 0.37131800521581576, 'num_points': 33}, {'avg_silhouette': 0.11760391759264262, 'num_points': 196}, {'avg_silhouette': 0.198739490317659, 'num_points': 37}, {'avg_silhouette': 0.17818497728949362, 'num_points': 247}]",,31,0.3384301726811008,,4,0.3543390602044586
DBSCAN,,0.4672751268321582,"[{'avg_silhouette': 0.2617467950066554, 'num_points': 2008}, {'avg_silhouette': 0.505190135214641, 'num_points': 370}, {'avg_silhouette': 0.5617850053562774, 'num_points': 2347}, {'avg_silhouette': 0.35247472743053226, 'num_points': 14}, {'avg_silhouette': 0.3411184129745133, 'num_points': 197}, {'avg_silhouette': 0.5230919987010612, 'num_points': 258}, {'avg_silhouette': 0.530710900364925, 'num_points': 12}, {'avg_silhouette': 0.42217221905623664, 'num_points': 40}, {'avg_silhouette': 0.3817221138962594, 'num_points': 14}, {'avg_silhouette': 0.26707375669446204, 'num_points': 290}, {'avg_silhouette': 0.3713198891565934, 'num_points': 12}, {'avg_silhouette': 0.5610729574643849, 'num_points': 21}, {'avg_silhouette': 0.4727929339139826, 'num_points': 15}, {'avg_silhouette': 0.30327013166870315, 'num_points': 151}, {'avg_silhouette': 0.3555628085534282, 'num_points': 37}, {'avg_silhouette': 0.3546929800823176, 'num_points': 46}, {'avg_silhouette': 0.8401259162114512, 'num_points': 6}, {'avg_silhouette': 0.275874162389808, 'num_points': 49}, {'avg_silhouette': 0.35264671751470117, 'num_points': 15}, {'avg_silhouette': 0.4472213857672664, 'num_points': 28}, {'avg_silhouette': 0.43865740743880405, 'num_points': 39}, {'avg_silhouette': 0.43661648441510786, 'num_points': 48}, {'avg_silhouette': 0.40932805971614034, 'num_points': 17}, {'avg_silhouette': 0.47039059766071556, 'num_points': 8}, {'avg_silhouette': 0.5020793482300248, 'num_points': 9}, {'avg_silhouette': 0.30536283083495125, 'num_points': 5}, {'avg_silhouette': 0.7254760400239326, 'num_points': 17}, {'avg_silhouette': 0.6886600221504197, 'num_points': 17}, {'avg_silhouette': 0.3978522952511164, 'num_points': 9}, {'avg_silhouette': 0.5573478301274254, 'num_points': 10}, {'avg_silhouette': 0.4057987134721778, 'num_points': 15}, {'avg_silhouette': 0.41393538408534825, 'num_points': 19}, {'avg_silhouette': 0.6008355044879411, 'num_points': 24}, {'avg_silhouette': 0.3601006124476437, 'num_points': 210}, {'avg_silhouette': 0.5676937598096292, 'num_points': 22}, {'avg_silhouette': 0.6517001014324626, 'num_points': 9}, {'avg_silhouette': 0.5212489855843456, 'num_points': 13}, {'avg_silhouette': 0.5508039894750109, 'num_points': 9}, {'avg_silhouette': 0.4705357155276242, 'num_points': 5}, {'avg_silhouette': 0.6166405381068535, 'num_points': 6}, {'avg_silhouette': 0.3932294368202697, 'num_points': 17}, {'avg_silhouette': 0.28039700631223774, 'num_points': 9}, {'avg_silhouette': 0.7939153637591859, 'num_points': 17}, {'avg_silhouette': 0.4145335859991167, 'num_points': 15}, {'avg_silhouette': 0.39406569901194627, 'num_points': 49}, {'avg_silhouette': 0.41519545498446425, 'num_points': 7}, {'avg_silhouette': 0.5969946270936972, 'num_points': 12}, {'avg_silhouette': 0.6896379764580446, 'num_points': 10}, {'avg_silhouette': 0.4358988321006887, 'num_points': 36}, {'avg_silhouette': 0.6484806748427798, 'num_points': 5}, {'avg_silhouette': 0.7184105233333729, 'num_points': 7}, {'avg_silhouette': 0.47494476748294606, 'num_points': 7}, {'avg_silhouette': 0.4524330744428105, 'num_points': 35}, {'avg_silhouette': 0.6772731578633853, 'num_points': 5}, {'avg_silhouette': 0.494116103317816, 'num_points': 11}, {'avg_silhouette': 0.7629593263587945, 'num_points': 5}, {'avg_silhouette': 0.535278376554816, 'num_points': 6}, {'avg_silhouette': 0.47324362804918696, 'num_points': 12}, {'avg_silhouette': 0.37607713642058516, 'num_points': 5}, {'avg_silhouette': 0.3355190655267068, 'num_points': 5}, {'avg_silhouette': 0.9027889002723919, 'num_points': 5}, {'avg_silhouette': 0.6736166827884936, 'num_points': 42}, {'avg_silhouette': 0.8194024524318166, 'num_points': 5}, {'avg_silhouette': 0.3355276088498697, 'num_points': 6}, {'avg_silhouette': 0.25950964124468706, 'num_points': 5}]",5.0,65,0.33490305935180764,,2,0.4117659001814664
DBSCAN,,0.5672751268321583,"[{'avg_silhouette': 0.3625753395969666, 'num_points': 6551}, {'avg_silhouette': 0.45409763501411854, 'num_points': 73}, {'avg_silhouette': 0.443831981859943, 'num_points': 52}, {'avg_silhouette': 0.7709514824189938, 'num_points': 7}, {'avg_silhouette': 0.6280073895308659, 'num_points': 24}, {'avg_silhouette': 0.4693934423324099, 'num_points': 52}, {'avg_silhouette': 0.2458385079679598, 'num_points': 55}, {'avg_silhouette': 0.7083889479617952, 'num_points': 55}, {'avg_silhouette': 0.5224442046496542, 'num_points': 17}, {'avg_silhouette': 0.641596053065475, 'num_points': 20}, {'avg_silhouette': 0.549264400752393, 'num_points': 26}, {'avg_silhouette': 0.5575944108462382, 'num_points': 9}, {'avg_silhouette': 0.508295577831451, 'num_points': 5}, {'avg_silhouette': 0.660589138041749, 'num_points': 6}, {'avg_silhouette': 0.4976118242865852, 'num_points': 19}, {'avg_silhouette': 0.8132614333120612, 'num_points': 17}, {'avg_silhouette': 0.3190521569578549, 'num_points': 12}, {'avg_silhouette': 0.34637915823785853, 'num_points': 24}, {'avg_silhouette': 0.6084373629681575, 'num_points': 20}, {'avg_silhouette': 0.5112116486175402, 'num_points': 73}, {'avg_silhouette': 0.6512290305773412, 'num_points': 7}]",5.0,21,0.33482900551260636,,1,
DBSCAN,,0.5572751268321583,"[{'avg_silhouette': 0.37154513268972705, 'num_points': 6523}, {'avg_silhouette': 0.3028203722253862, 'num_points': 30}, {'avg_silhouette': 0.6081433275062447, 'num_points': 52}, {'avg_silhouette': 0.44593032474140043, 'num_points': 38}, {'avg_silhouette': 0.4740087797676965, 'num_points': 51}, {'avg_silhouette': 0.6492953520890891, 'num_points': 42}, {'avg_silhouette': 0.7457156619712086, 'num_points': 52}, {'avg_silhouette': 0.6276952835495698, 'num_points': 24}, {'avg_silhouette': 0.6740514988028035, 'num_points': 19}, {'avg_silhouette': 0.7003592355476218, 'num_points': 26}, {'avg_silhouette': 0.5556979994728025, 'num_points': 14}, {'avg_silhouette': 0.507052149359147, 'num_points': 18}, {'avg_silhouette': 0.8130533179439869, 'num_points': 17}, {'avg_silhouette': 0.5340752506126146, 'num_points': 21}, {'avg_silhouette': 0.6083613693607058, 'num_points': 20}, {'avg_silhouette': 0.3386684638745015, 'num_points': 55}, {'avg_silhouette': 0.41817415092653737, 'num_points': 14}]",10.0,17,0.3336793714558342,,1,
DBSCAN,,0.4572751268321582,"[{'avg_silhouette': 0.26147226956379666, 'num_points': 2008}, {'avg_silhouette': 0.5046110623763134, 'num_points': 370}, {'avg_silhouette': 0.5616961247656949, 'num_points': 2347}, {'avg_silhouette': 0.37545941212263445, 'num_points': 14}, {'avg_silhouette': 0.3441727749768923, 'num_points': 196}, {'avg_silhouette': 0.5265857338176594, 'num_points': 257}, {'avg_silhouette': 0.530710900364925, 'num_points': 12}, {'avg_silhouette': 0.42217221905623664, 'num_points': 40}, {'avg_silhouette': 0.38108115531499426, 'num_points': 14}, {'avg_silhouette': 0.26856216810242417, 'num_points': 289}, {'avg_silhouette': 0.3713198891565934, 'num_points': 12}, {'avg_silhouette': 0.5610729574643849, 'num_points': 21}, {'avg_silhouette': 0.4727929339139826, 'num_points': 15}, {'avg_silhouette': 0.30327013166870315, 'num_points': 151}, {'avg_silhouette': 0.3550874971769766, 'num_points': 37}, {'avg_silhouette': 0.3546929800823176, 'num_points': 46}, {'avg_silhouette': 0.8401259162114512, 'num_points': 6}, {'avg_silhouette': 0.28697460091639687, 'num_points': 48}, {'avg_silhouette': 0.35264671751470117, 'num_points': 15}, {'avg_silhouette': 0.47522270861689786, 'num_points': 27}, {'avg_silhouette': 0.43865740743880405, 'num_points': 39}, {'avg_silhouette': 0.44801675893331105, 'num_points': 47}, {'avg_silhouette': 0.40932805971614034, 'num_points': 17}, {'avg_silhouette': 0.5020793482300248, 'num_points': 9}, {'avg_silhouette': 0.46718773666707114, 'num_points': 8}, {'avg_silhouette': 0.7254760400239326, 'num_points': 17}, {'avg_silhouette': 0.7199962925666332, 'num_points': 16}, {'avg_silhouette': 0.3972279863190103, 'num_points': 9}, {'avg_silhouette': 0.5573478301274254, 'num_points': 10}, {'avg_silhouette': 0.4057987134721778, 'num_points': 15}, {'avg_silhouette': 0.41393538408534825, 'num_points': 19}, {'avg_silhouette': 0.6008355044879411, 'num_points': 24}, {'avg_silhouette': 0.3601006124476437, 'num_points': 210}, {'avg_silhouette': 0.5676937598096292, 'num_points': 22}, {'avg_silhouette': 0.6498932015322657, 'num_points': 9}, {'avg_silhouette': 0.5212489855843456, 'num_points': 13}, {'avg_silhouette': 0.5508039894750109, 'num_points': 9}, {'avg_silhouette': 0.4705357155276242, 'num_points': 5}, {'avg_silhouette': 0.6166405381068535, 'num_points': 6}, {'avg_silhouette': 0.3925269770203296, 'num_points': 17}, {'avg_silhouette': 0.7939153637591859, 'num_points': 17}, {'avg_silhouette': 0.4145335859991167, 'num_points': 15}, {'avg_silhouette': 0.39406569901194627, 'num_points': 49}, {'avg_silhouette': 0.4150653397195496, 'num_points': 7}, {'avg_silhouette': 0.5969946270936972, 'num_points': 12}, {'avg_silhouette': 0.6896379764580446, 'num_points': 10}, {'avg_silhouette': 0.4358988321006887, 'num_points': 36}, {'avg_silhouette': 0.6484806748427798, 'num_points': 5}, {'avg_silhouette': 0.7184105233333729, 'num_points': 7}, {'avg_silhouette': 0.47494476748294606, 'num_points': 7}, {'avg_silhouette': 0.4524330744428105, 'num_points': 35}, {'avg_silhouette': 0.6772731578633853, 'num_points': 5}, {'avg_silhouette': 0.494116103317816, 'num_points': 11}, {'avg_silhouette': 0.7629593263587945, 'num_points': 5}, {'avg_silhouette': 0.535278376554816, 'num_points': 6}, {'avg_silhouette': 0.5223738009304538, 'num_points': 11}, {'avg_silhouette': 0.3243452554786283, 'num_points': 6}, {'avg_silhouette': 0.3690241979107777, 'num_points': 5}, {'avg_silhouette': 0.3330593661760187, 'num_points': 5}, {'avg_silhouette': 0.9027889002723919, 'num_points': 5}, {'avg_silhouette': 0.6736166827884936, 'num_points': 42}, {'avg_silhouette': 0.8194024524318166, 'num_points': 5}, {'avg_silhouette': 0.3353154985916104, 'num_points': 6}]",5.0,63,0.3330598442320779,,2,0.41158419716474576
DBSCAN,,0.5472751268321583,"[{'avg_silhouette': 0.37174918298037474, 'num_points': 6508}, {'avg_silhouette': 0.3028203722253862, 'num_points': 30}, {'avg_silhouette': 0.6157837011418864, 'num_points': 51}, {'avg_silhouette': 0.44593032474140043, 'num_points': 38}, {'avg_silhouette': 0.47727126681988224, 'num_points': 50}, {'avg_silhouette': 0.6491624380948828, 'num_points': 42}, {'avg_silhouette': 0.7455948745088571, 'num_points': 52}, {'avg_silhouette': 0.6275423358990005, 'num_points': 24}, {'avg_silhouette': 0.6739086730567313, 'num_points': 19}, {'avg_silhouette': 0.7192549785254668, 'num_points': 25}, {'avg_silhouette': 0.5594754814140095, 'num_points': 13}, {'avg_silhouette': 0.8129630018574291, 'num_points': 17}, {'avg_silhouette': 0.548199865044738, 'num_points': 20}, {'avg_silhouette': 0.6084102980260424, 'num_points': 20}, {'avg_silhouette': 0.3386684638745015, 'num_points': 55}, {'avg_silhouette': 0.5819398554341232, 'num_points': 12}, {'avg_silhouette': 0.41817415092653737, 'num_points': 14}]",10.0,17,0.33134074100640426,,1,
DBSCAN,,0.49727512683215824,"[{'avg_silhouette': 0.2792631091793736, 'num_points': 2011}, {'avg_silhouette': 0.5076753821202801, 'num_points': 370}, {'avg_silhouette': 0.5628547857808393, 'num_points': 2350}, {'avg_silhouette': 0.3412526498744901, 'num_points': 198}, {'avg_silhouette': 0.5230919987010612, 'num_points': 258}, {'avg_silhouette': 0.5358521893522323, 'num_points': 12}, {'avg_silhouette': 0.6630742434972037, 'num_points': 40}, {'avg_silhouette': 0.3831404319175226, 'num_points': 14}, {'avg_silhouette': 0.26729893789604414, 'num_points': 293}, {'avg_silhouette': 0.43292809692296297, 'num_points': 10}, {'avg_silhouette': 0.37545941212263445, 'num_points': 14}, {'avg_silhouette': 0.5673059100105408, 'num_points': 21}, {'avg_silhouette': 0.4316424881735302, 'num_points': 16}, {'avg_silhouette': 0.30007908192152283, 'num_points': 154}, {'avg_silhouette': 0.3692509975353614, 'num_points': 37}, {'avg_silhouette': 0.3357550274941394, 'num_points': 48}, {'avg_silhouette': 0.3408534539299471, 'num_points': 49}, {'avg_silhouette': 0.34724369192240295, 'num_points': 15}, {'avg_silhouette': 0.4732611223120461, 'num_points': 28}, {'avg_silhouette': 0.6294516781531184, 'num_points': 40}, {'avg_silhouette': 0.4504096911394315, 'num_points': 47}, {'avg_silhouette': 0.4351541401120538, 'num_points': 17}, {'avg_silhouette': 0.715180596520884, 'num_points': 18}, {'avg_silhouette': 0.6887402306384914, 'num_points': 17}, {'avg_silhouette': 0.4065606565548127, 'num_points': 10}, {'avg_silhouette': 0.414327723072995, 'num_points': 19}, {'avg_silhouette': 0.4057987134721778, 'num_points': 15}, {'avg_silhouette': 0.7115713559386748, 'num_points': 24}, {'avg_silhouette': 0.37124895115718015, 'num_points': 210}, {'avg_silhouette': 0.5676937598096292, 'num_points': 22}, {'avg_silhouette': 0.435634842091038, 'num_points': 15}, {'avg_silhouette': 0.7939809955587254, 'num_points': 17}, {'avg_silhouette': 0.37756716980512883, 'num_points': 16}, {'avg_silhouette': 0.3984570358176754, 'num_points': 49}, {'avg_silhouette': 0.3953461177856229, 'num_points': 17}, {'avg_silhouette': 0.7270736770051541, 'num_points': 12}, {'avg_silhouette': 0.8456228276484687, 'num_points': 10}, {'avg_silhouette': 0.43644288260505376, 'num_points': 36}, {'avg_silhouette': 0.5260422118689834, 'num_points': 35}, {'avg_silhouette': 0.449710434462331, 'num_points': 12}, {'avg_silhouette': 0.47324362804918696, 'num_points': 12}, {'avg_silhouette': 0.819534983965685, 'num_points': 43}]",10.0,42,0.3300509784604444,,2,0.4210589474801064
DBSCAN,,0.4472751268321582,"[{'avg_silhouette': 0.26220957172863185, 'num_points': 2005}, {'avg_silhouette': 0.5038132601153907, 'num_points': 370}, {'avg_silhouette': 0.5568410366441321, 'num_points': 2346}, {'avg_silhouette': 0.37545941212263445, 'num_points': 14}, {'avg_silhouette': 0.3398061410099374, 'num_points': 195}, {'avg_silhouette': 0.5313258701721721, 'num_points': 256}, {'avg_silhouette': 0.530710900364925, 'num_points': 12}, {'avg_silhouette': 0.42217221905623664, 'num_points': 40}, {'avg_silhouette': 0.3803649460126362, 'num_points': 14}, {'avg_silhouette': 0.26641457386909884, 'num_points': 289}, {'avg_silhouette': 0.3709197967522569, 'num_points': 12}, {'avg_silhouette': 0.5610729574643849, 'num_points': 21}, {'avg_silhouette': 0.4727929339139826, 'num_points': 15}, {'avg_silhouette': 0.30327013166870315, 'num_points': 151}, {'avg_silhouette': 0.3420279986194016, 'num_points': 37}, {'avg_silhouette': 0.3658347003117015, 'num_points': 45}, {'avg_silhouette': 0.8401230122162006, 'num_points': 6}, {'avg_silhouette': 0.28696007690677, 'num_points': 48}, {'avg_silhouette': 0.34707330159467026, 'num_points': 15}, {'avg_silhouette': 0.475214805719105, 'num_points': 27}, {'avg_silhouette': 0.43865740743880405, 'num_points': 39}, {'avg_silhouette': 0.44801675893331105, 'num_points': 47}, {'avg_silhouette': 0.44871934394978397, 'num_points': 16}, {'avg_silhouette': 0.49272976994614737, 'num_points': 9}, {'avg_silhouette': 0.46718773666707114, 'num_points': 8}, {'avg_silhouette': 0.7205791628401043, 'num_points': 17}, {'avg_silhouette': 0.7199686537399803, 'num_points': 16}, {'avg_silhouette': 0.3972279863190103, 'num_points': 9}, {'avg_silhouette': 0.4057987134721778, 'num_points': 15}, {'avg_silhouette': 0.4137909513233497, 'num_points': 19}, {'avg_silhouette': 0.6008355044879411, 'num_points': 24}, {'avg_silhouette': 0.3601006124476437, 'num_points': 210}, {'avg_silhouette': 0.5676937598096292, 'num_points': 22}, {'avg_silhouette': 0.6498932015322657, 'num_points': 9}, {'avg_silhouette': 0.5212489855843456, 'num_points': 13}, {'avg_silhouette': 0.5508039894750109, 'num_points': 9}, {'avg_silhouette': 0.4705357155276242, 'num_points': 5}, {'avg_silhouette': 0.6163053222386227, 'num_points': 6}, {'avg_silhouette': 0.3925269770203296, 'num_points': 17}, {'avg_silhouette': 0.7938911531846709, 'num_points': 17}, {'avg_silhouette': 0.4139884395921852, 'num_points': 15}, {'avg_silhouette': 0.39406569901194627, 'num_points': 49}, {'avg_silhouette': 0.4748635859733252, 'num_points': 6}, {'avg_silhouette': 0.5969946270936972, 'num_points': 12}, {'avg_silhouette': 0.6896379764580446, 'num_points': 10}, {'avg_silhouette': 0.4354948949569953, 'num_points': 36}, {'avg_silhouette': 0.6484806748427798, 'num_points': 5}, {'avg_silhouette': 0.7183802331190944, 'num_points': 7}, {'avg_silhouette': 0.47494476748294606, 'num_points': 7}, {'avg_silhouette': 0.4524330744428105, 'num_points': 35}, {'avg_silhouette': 0.6772731578633853, 'num_points': 5}, {'avg_silhouette': 0.494116103317816, 'num_points': 11}, {'avg_silhouette': 0.7629593263587945, 'num_points': 5}, {'avg_silhouette': 0.535278376554816, 'num_points': 6}, {'avg_silhouette': 0.5223738009304538, 'num_points': 11}, {'avg_silhouette': 0.5672199408061672, 'num_points': 8}, {'avg_silhouette': 0.3330593661760187, 'num_points': 5}, {'avg_silhouette': 0.37743329270474085, 'num_points': 5}, {'avg_silhouette': 0.9027889002723919, 'num_points': 5}, {'avg_silhouette': 0.6736166827884936, 'num_points': 42}, {'avg_silhouette': 0.8194024524318166, 'num_points': 5}, {'avg_silhouette': 0.4218271838644666, 'num_points': 5}]",5.0,62,0.3298858186077946,,2,0.409525304186382
DBSCAN,,0.48727512683215823,"[{'avg_silhouette': 0.2792240311731565, 'num_points': 2011}, {'avg_silhouette': 0.5076727449069077, 'num_points': 370}, {'avg_silhouette': 0.5634850696839384, 'num_points': 2349}, {'avg_silhouette': 0.3412526498744901, 'num_points': 198}, {'avg_silhouette': 0.5230919987010612, 'num_points': 258}, {'avg_silhouette': 0.5358521893522323, 'num_points': 12}, {'avg_silhouette': 0.6630742434972037, 'num_points': 40}, {'avg_silhouette': 0.3825771521582074, 'num_points': 14}, {'avg_silhouette': 0.2695490053439145, 'num_points': 292}, {'avg_silhouette': 0.37545941212263445, 'num_points': 14}, {'avg_silhouette': 0.5673059100105408, 'num_points': 21}, {'avg_silhouette': 0.4316424881735302, 'num_points': 16}, {'avg_silhouette': 0.3084700028993237, 'num_points': 151}, {'avg_silhouette': 0.368528363726651, 'num_points': 37}, {'avg_silhouette': 0.3457033420928922, 'num_points': 47}, {'avg_silhouette': 0.3408534539299471, 'num_points': 49}, {'avg_silhouette': 0.34724369192240295, 'num_points': 15}, {'avg_silhouette': 0.47316477710654736, 'num_points': 28}, {'avg_silhouette': 0.6294279718654087, 'num_points': 40}, {'avg_silhouette': 0.4497217333888122, 'num_points': 47}, {'avg_silhouette': 0.4351541401120538, 'num_points': 17}, {'avg_silhouette': 0.715180596520884, 'num_points': 18}, {'avg_silhouette': 0.6887107929120809, 'num_points': 17}, {'avg_silhouette': 0.4065606565548127, 'num_points': 10}, {'avg_silhouette': 0.43292809692296297, 'num_points': 10}, {'avg_silhouette': 0.4057987134721778, 'num_points': 15}, {'avg_silhouette': 0.41417578278758493, 'num_points': 19}, {'avg_silhouette': 0.7115713559386748, 'num_points': 24}, {'avg_silhouette': 0.3655044021830902, 'num_points': 210}, {'avg_silhouette': 0.5676937598096292, 'num_points': 22}, {'avg_silhouette': 0.4759951751074566, 'num_points': 14}, {'avg_silhouette': 0.7939562683131509, 'num_points': 17}, {'avg_silhouette': 0.377428524052351, 'num_points': 16}, {'avg_silhouette': 0.3984570358176754, 'num_points': 49}, {'avg_silhouette': 0.3945343934542429, 'num_points': 17}, {'avg_silhouette': 0.7270736770051541, 'num_points': 12}, {'avg_silhouette': 0.8456228276484687, 'num_points': 10}, {'avg_silhouette': 0.43644288260505376, 'num_points': 36}, {'avg_silhouette': 0.5260422118689834, 'num_points': 35}, {'avg_silhouette': 0.449710434462331, 'num_points': 12}, {'avg_silhouette': 0.47324362804918696, 'num_points': 12}, {'avg_silhouette': 0.8195145992354885, 'num_points': 43}]",10.0,42,0.3297688579947341,,2,0.4213545504285474
DBSCAN,,0.4372751268321582,"[{'avg_silhouette': 0.2632929239210591, 'num_points': 2002}, {'avg_silhouette': 0.503806555845959, 'num_points': 370}, {'avg_silhouette': 0.5585645794869561, 'num_points': 2343}, {'avg_silhouette': 0.37545941212263445, 'num_points': 14}, {'avg_silhouette': 0.3386663166673831, 'num_points': 194}, {'avg_silhouette': 0.5313258701721721, 'num_points': 256}, {'avg_silhouette': 0.530710900364925, 'num_points': 12}, {'avg_silhouette': 0.43792185190162014, 'num_points': 39}, {'avg_silhouette': 0.40643631889178305, 'num_points': 13}, {'avg_silhouette': 0.26873295179727896, 'num_points': 287}, {'avg_silhouette': 0.37058701211223916, 'num_points': 12}, {'avg_silhouette': 0.5610729574643849, 'num_points': 21}, {'avg_silhouette': 0.4727929339139826, 'num_points': 15}, {'avg_silhouette': 0.30084492063013485, 'num_points': 151}, {'avg_silhouette': 0.3419815753797068, 'num_points': 37}, {'avg_silhouette': 0.3654679671114346, 'num_points': 45}, {'avg_silhouette': 0.8401147136573369, 'num_points': 6}, {'avg_silhouette': 0.28674256722865693, 'num_points': 48}, {'avg_silhouette': 0.34707330159467026, 'num_points': 15}, {'avg_silhouette': 0.5011190814979968, 'num_points': 26}, {'avg_silhouette': 0.45493850795761226, 'num_points': 38}, {'avg_silhouette': 0.4564861127968612, 'num_points': 46}, {'avg_silhouette': 0.44871934394978397, 'num_points': 16}, {'avg_silhouette': 0.49272976994614737, 'num_points': 9}, {'avg_silhouette': 0.46718773666707114, 'num_points': 8}, {'avg_silhouette': 0.7205791628401043, 'num_points': 17}, {'avg_silhouette': 0.7198868594762926, 'num_points': 16}, {'avg_silhouette': 0.39640303699398693, 'num_points': 9}, {'avg_silhouette': 0.4057987134721778, 'num_points': 15}, {'avg_silhouette': 0.4133993439096236, 'num_points': 19}, {'avg_silhouette': 0.6008355044879411, 'num_points': 24}, {'avg_silhouette': 0.3601006124476437, 'num_points': 210}, {'avg_silhouette': 0.5676937598096292, 'num_points': 22}, {'avg_silhouette': 0.6494171323474537, 'num_points': 9}, {'avg_silhouette': 0.5212489855843456, 'num_points': 13}, {'avg_silhouette': 0.5508039894750109, 'num_points': 9}, {'avg_silhouette': 0.4670981114575971, 'num_points': 5}, {'avg_silhouette': 0.6160460465107704, 'num_points': 6}, {'avg_silhouette': 0.3914989025322843, 'num_points': 17}, {'avg_silhouette': 0.7938191634734586, 'num_points': 17}, {'avg_silhouette': 0.41365337089363335, 'num_points': 15}, {'avg_silhouette': 0.39406569901194627, 'num_points': 49}, {'avg_silhouette': 0.4746072359476268, 'num_points': 6}, {'avg_silhouette': 0.5969946270936972, 'num_points': 12}, {'avg_silhouette': 0.6896379764580446, 'num_points': 10}, {'avg_silhouette': 0.435174608790585, 'num_points': 36}, {'avg_silhouette': 0.6484806748427798, 'num_points': 5}, {'avg_silhouette': 0.7182922855892896, 'num_points': 7}, {'avg_silhouette': 0.4704025926743042, 'num_points': 7}, {'avg_silhouette': 0.4524330744428105, 'num_points': 35}, {'avg_silhouette': 0.6772731578633853, 'num_points': 5}, {'avg_silhouette': 0.494116103317816, 'num_points': 11}, {'avg_silhouette': 0.7629593263587945, 'num_points': 5}, {'avg_silhouette': 0.535278376554816, 'num_points': 6}, {'avg_silhouette': 0.5223738009304538, 'num_points': 11}, {'avg_silhouette': 0.6245629330909547, 'num_points': 5}, {'avg_silhouette': 0.3330593661760187, 'num_points': 5}, {'avg_silhouette': 0.37717766886027043, 'num_points': 5}, {'avg_silhouette': 0.9023561977260585, 'num_points': 5}, {'avg_silhouette': 0.6736166827884936, 'num_points': 42}, {'avg_silhouette': 0.8194024524318166, 'num_points': 5}, {'avg_silhouette': 0.42153265616440916, 'num_points': 5}]",5.0,62,0.3290554957383285,,2,0.4109287517040076
DBSCAN,,0.5572751268321583,"[{'avg_silhouette': 0.360334429379569, 'num_points': 6540}, {'avg_silhouette': 0.24336285346607964, 'num_points': 35}, {'avg_silhouette': 0.443831981859943, 'num_points': 52}, {'avg_silhouette': 0.46118083735992815, 'num_points': 38}, {'avg_silhouette': 0.7708876726379097, 'num_points': 7}, {'avg_silhouette': 0.6278952188658432, 'num_points': 24}, {'avg_silhouette': 0.4742268742232012, 'num_points': 51}, {'avg_silhouette': 0.3934916982596447, 'num_points': 42}, {'avg_silhouette': 0.7082774201168501, 'num_points': 55}, {'avg_silhouette': 0.5223277721137052, 'num_points': 17}, {'avg_silhouette': 0.6414657048314247, 'num_points': 20}, {'avg_silhouette': 0.549264400752393, 'num_points': 26}, {'avg_silhouette': 0.5575944108462382, 'num_points': 9}, {'avg_silhouette': 0.4803045807395955, 'num_points': 5}, {'avg_silhouette': 0.4974544587030419, 'num_points': 19}, {'avg_silhouette': 0.8131829895220303, 'num_points': 17}, {'avg_silhouette': 0.35773820554131125, 'num_points': 24}, {'avg_silhouette': 0.608389708974106, 'num_points': 20}, {'avg_silhouette': 0.3386684638745015, 'num_points': 55}, {'avg_silhouette': 0.41817415092653737, 'num_points': 14}, {'avg_silhouette': 0.31797008500053964, 'num_points': 6}, {'avg_silhouette': 0.459479045212857, 'num_points': 7}, {'avg_silhouette': 0.6512290305773412, 'num_points': 7}, {'avg_silhouette': 0.35069985446695606, 'num_points': 5}]",5.0,24,0.32878997976545604,,1,
DBSCAN,,0.4272751268321582,"[{'avg_silhouette': 0.2622624661963556, 'num_points': 1999}, {'avg_silhouette': 0.5063871685956074, 'num_points': 369}, {'avg_silhouette': 0.5648741955099605, 'num_points': 2343}, {'avg_silhouette': 0.37545941212263445, 'num_points': 14}, {'avg_silhouette': 0.34751536895789503, 'num_points': 193}, {'avg_silhouette': 0.530894777169727, 'num_points': 256}, {'avg_silhouette': 0.530710900364925, 'num_points': 12}, {'avg_silhouette': 0.43792185190162014, 'num_points': 39}, {'avg_silhouette': 0.40590227595312006, 'num_points': 13}, {'avg_silhouette': 0.26568786805497857, 'num_points': 287}, {'avg_silhouette': 0.3974171148895613, 'num_points': 11}, {'avg_silhouette': 0.5610729574643849, 'num_points': 21}, {'avg_silhouette': 0.4727929339139826, 'num_points': 15}, {'avg_silhouette': 0.29599469296935704, 'num_points': 151}, {'avg_silhouette': 0.36555836778299794, 'num_points': 37}, {'avg_silhouette': 0.3723070036841463, 'num_points': 44}, {'avg_silhouette': 0.8401147136573369, 'num_points': 6}, {'avg_silhouette': 0.2959376234454946, 'num_points': 47}, {'avg_silhouette': 0.3685519234139966, 'num_points': 10}, {'avg_silhouette': 0.5248579575643312, 'num_points': 25}, {'avg_silhouette': 0.4683112833384508, 'num_points': 37}, {'avg_silhouette': 0.3760164737524384, 'num_points': 5}, {'avg_silhouette': 0.4564861127968612, 'num_points': 46}, {'avg_silhouette': 0.4405896012807492, 'num_points': 16}, {'avg_silhouette': 0.49272976994614737, 'num_points': 9}, {'avg_silhouette': 0.4646313117854064, 'num_points': 8}, {'avg_silhouette': 0.7731823952787936, 'num_points': 16}, {'avg_silhouette': 0.7198868594762926, 'num_points': 16}, {'avg_silhouette': 0.4393557605409792, 'num_points': 8}, {'avg_silhouette': 0.4053778021965219, 'num_points': 15}, {'avg_silhouette': 0.4133993439096236, 'num_points': 19}, {'avg_silhouette': 0.6008355044879411, 'num_points': 24}, {'avg_silhouette': 0.3573122506195999, 'num_points': 209}, {'avg_silhouette': 0.5673092428024478, 'num_points': 22}, {'avg_silhouette': 0.6489676790539826, 'num_points': 9}, {'avg_silhouette': 0.573970217905393, 'num_points': 12}, {'avg_silhouette': 0.5508039894750109, 'num_points': 9}, {'avg_silhouette': 0.463091201885473, 'num_points': 5}, {'avg_silhouette': 0.6156905057903698, 'num_points': 6}, {'avg_silhouette': 0.3914989025322843, 'num_points': 17}, {'avg_silhouette': 0.7938191634734586, 'num_points': 17}, {'avg_silhouette': 0.41365337089363335, 'num_points': 15}, {'avg_silhouette': 0.39393686666708827, 'num_points': 49}, {'avg_silhouette': 0.4746072359476268, 'num_points': 6}, {'avg_silhouette': 0.5969946270936972, 'num_points': 12}, {'avg_silhouette': 0.6896379764580446, 'num_points': 10}, {'avg_silhouette': 0.4518351089643658, 'num_points': 35}, {'avg_silhouette': 0.6484806748427798, 'num_points': 5}, {'avg_silhouette': 0.7182922855892896, 'num_points': 7}, {'avg_silhouette': 0.4704025926743042, 'num_points': 7}, {'avg_silhouette': 0.4524330744428105, 'num_points': 35}, {'avg_silhouette': 0.6772731578633853, 'num_points': 5}, {'avg_silhouette': 0.494116103317816, 'num_points': 11}, {'avg_silhouette': 0.7629593263587945, 'num_points': 5}, {'avg_silhouette': 0.535278376554816, 'num_points': 6}, {'avg_silhouette': 0.5924250264199467, 'num_points': 10}, {'avg_silhouette': 0.6245241254098126, 'num_points': 5}, {'avg_silhouette': 0.37691354627153606, 'num_points': 5}, {'avg_silhouette': 0.9023561977260585, 'num_points': 5}, {'avg_silhouette': 0.6736166827884936, 'num_points': 42}, {'avg_silhouette': 0.8194024524318166, 'num_points': 5}]",5.0,61,0.32874046816507135,,2,0.4135683308531581
DBSCAN,,0.5472751268321583,"[{'avg_silhouette': 0.3612394837322123, 'num_points': 6525}, {'avg_silhouette': 0.2540317229172621, 'num_points': 34}, {'avg_silhouette': 0.4522579424159192, 'num_points': 51}, {'avg_silhouette': 0.45841618299539033, 'num_points': 38}, {'avg_silhouette': 0.7708141223603686, 'num_points': 7}, {'avg_silhouette': 0.627740896603464, 'num_points': 24}, {'avg_silhouette': 0.47748451489124943, 'num_points': 50}, {'avg_silhouette': 0.3934916982596447, 'num_points': 42}, {'avg_silhouette': 0.708136710730731, 'num_points': 55}, {'avg_silhouette': 0.5221642670166661, 'num_points': 17}, {'avg_silhouette': 0.6740970347863575, 'num_points': 19}, {'avg_silhouette': 0.5755678486500638, 'num_points': 25}, {'avg_silhouette': 0.554124463811915, 'num_points': 9}, {'avg_silhouette': 0.4803045807395955, 'num_points': 5}, {'avg_silhouette': 0.5020022807152232, 'num_points': 18}, {'avg_silhouette': 0.8130857984000838, 'num_points': 17}, {'avg_silhouette': 0.35247139993191917, 'num_points': 24}, {'avg_silhouette': 0.6083215828870395, 'num_points': 20}, {'avg_silhouette': 0.3386684638745015, 'num_points': 55}, {'avg_silhouette': 0.41817415092653737, 'num_points': 14}, {'avg_silhouette': 0.31797008500053964, 'num_points': 6}, {'avg_silhouette': 0.4627841983327092, 'num_points': 6}, {'avg_silhouette': 0.6484217576642636, 'num_points': 7}, {'avg_silhouette': 0.35069985446695606, 'num_points': 5}]",5.0,24,0.32772907499203296,,1,
DBSCAN,,0.4772751268321582,"[{'avg_silhouette': 0.27996991511155167, 'num_points': 2009}, {'avg_silhouette': 0.5076685599909389, 'num_points': 370}, {'avg_silhouette': 0.5645832751127235, 'num_points': 2347}, {'avg_silhouette': 0.3444854020707311, 'num_points': 197}, {'avg_silhouette': 0.5230919987010612, 'num_points': 258}, {'avg_silhouette': 0.530710900364925, 'num_points': 12}, {'avg_silhouette': 0.6629898354129053, 'num_points': 40}, {'avg_silhouette': 0.3817221138962594, 'num_points': 14}, {'avg_silhouette': 0.2737691610793158, 'num_points': 290}, {'avg_silhouette': 0.37545941212263445, 'num_points': 14}, {'avg_silhouette': 0.5610729574643849, 'num_points': 21}, {'avg_silhouette': 0.4727929339139826, 'num_points': 15}, {'avg_silhouette': 0.30327013166870315, 'num_points': 151}, {'avg_silhouette': 0.367143737089272, 'num_points': 37}, {'avg_silhouette': 0.3549432080647705, 'num_points': 46}, {'avg_silhouette': 0.3492419505344566, 'num_points': 48}, {'avg_silhouette': 0.3842589004156247, 'num_points': 13}, {'avg_silhouette': 0.47244290699046104, 'num_points': 28}, {'avg_silhouette': 0.6414256498856198, 'num_points': 39}, {'avg_silhouette': 0.44861762647668485, 'num_points': 47}, {'avg_silhouette': 0.46322535770534706, 'num_points': 17}, {'avg_silhouette': 0.715180596520884, 'num_points': 18}, {'avg_silhouette': 0.6886600221504197, 'num_points': 17}, {'avg_silhouette': 0.4326476867601266, 'num_points': 10}, {'avg_silhouette': 0.4057987134721778, 'num_points': 15}, {'avg_silhouette': 0.41393538408534825, 'num_points': 19}, {'avg_silhouette': 0.7114995922465682, 'num_points': 24}, {'avg_silhouette': 0.3606256655866905, 'num_points': 210}, {'avg_silhouette': 0.5676937598096292, 'num_points': 22}, {'avg_silhouette': 0.5212489855843456, 'num_points': 13}, {'avg_silhouette': 0.7939153637591859, 'num_points': 17}, {'avg_silhouette': 0.3772116906676319, 'num_points': 16}, {'avg_silhouette': 0.3984570358176754, 'num_points': 49}, {'avg_silhouette': 0.3932294368202697, 'num_points': 17}, {'avg_silhouette': 0.7270736770051541, 'num_points': 12}, {'avg_silhouette': 0.8456228276484687, 'num_points': 10}, {'avg_silhouette': 0.4361217966622182, 'num_points': 36}, {'avg_silhouette': 0.5175124923427344, 'num_points': 35}, {'avg_silhouette': 0.449710434462331, 'num_points': 12}, {'avg_silhouette': 0.5283796161121709, 'num_points': 11}, {'avg_silhouette': 0.8346774444499748, 'num_points': 42}]",10.0,41,0.32755506889209557,,2,0.4222765951121376
DBSCAN,,0.5372751268321583,"[{'avg_silhouette': 0.3723471228491001, 'num_points': 6485}, {'avg_silhouette': 0.3028203722253862, 'num_points': 30}, {'avg_silhouette': 0.6155882313366031, 'num_points': 51}, {'avg_silhouette': 0.44593032474140043, 'num_points': 38}, {'avg_silhouette': 0.2759240804974868, 'num_points': 32}, {'avg_silhouette': 0.42286754285697037, 'num_points': 16}, {'avg_silhouette': 0.6577345803485096, 'num_points': 41}, {'avg_silhouette': 0.6272783638768938, 'num_points': 24}, {'avg_silhouette': 0.6736492897366331, 'num_points': 19}, {'avg_silhouette': 0.7372130748795774, 'num_points': 24}, {'avg_silhouette': 0.5592739645324329, 'num_points': 13}, {'avg_silhouette': 0.8127960978912606, 'num_points': 17}, {'avg_silhouette': 0.633493479282002, 'num_points': 16}, {'avg_silhouette': 0.609428301293361, 'num_points': 20}, {'avg_silhouette': 0.3386684638745015, 'num_points': 55}, {'avg_silhouette': 0.41817415092653737, 'num_points': 14}, {'avg_silhouette': 0.7453750639168357, 'num_points': 52}]",10.0,17,0.32722787656221225,,1,
DBSCAN,,0.5372751268321583,"[{'avg_silhouette': 0.3622132974803964, 'num_points': 6506}, {'avg_silhouette': 0.2540317229172621, 'num_points': 34}, {'avg_silhouette': 0.4522579424159192, 'num_points': 51}, {'avg_silhouette': 0.45841618299539033, 'num_points': 38}, {'avg_silhouette': 0.7706977884480245, 'num_points': 7}, {'avg_silhouette': 0.6275347314360301, 'num_points': 24}, {'avg_silhouette': 0.2759240804974868, 'num_points': 32}, {'avg_silhouette': 0.42286754285697037, 'num_points': 16}, {'avg_silhouette': 0.40619477308202173, 'num_points': 41}, {'avg_silhouette': 0.7079517894460805, 'num_points': 55}, {'avg_silhouette': 0.5377194162223244, 'num_points': 16}, {'avg_silhouette': 0.6739003099919461, 'num_points': 19}, {'avg_silhouette': 0.6008355044879411, 'num_points': 24}, {'avg_silhouette': 0.5508039894750109, 'num_points': 9}, {'avg_silhouette': 0.4771675096347515, 'num_points': 5}, {'avg_silhouette': 0.5241833896517272, 'num_points': 16}, {'avg_silhouette': 0.8129591460649489, 'num_points': 17}, {'avg_silhouette': 0.3439769368039651, 'num_points': 24}, {'avg_silhouette': 0.6082435333152711, 'num_points': 20}, {'avg_silhouette': 0.3386684638745015, 'num_points': 55}, {'avg_silhouette': 0.41817415092653737, 'num_points': 14}, {'avg_silhouette': 0.31462691511681834, 'num_points': 6}, {'avg_silhouette': 0.5028740716503833, 'num_points': 5}, {'avg_silhouette': 0.6484217576642636, 'num_points': 7}]",5.0,24,0.32450721026550927,,1,
DBSCAN,,0.5272751268321583,"[{'avg_silhouette': 0.37369922676607914, 'num_points': 6452}, {'avg_silhouette': 0.3290892563781016, 'num_points': 28}, {'avg_silhouette': 0.6232644774073693, 'num_points': 50}, {'avg_silhouette': 0.4424203464259384, 'num_points': 38}, {'avg_silhouette': 0.42052080635756994, 'num_points': 16}, {'avg_silhouette': 0.6650853263922738, 'num_points': 40}, {'avg_silhouette': 0.30302407089595296, 'num_points': 30}, {'avg_silhouette': 0.6269463322209025, 'num_points': 24}, {'avg_silhouette': 0.6891260046438288, 'num_points': 18}, {'avg_silhouette': 0.7370170259464665, 'num_points': 24}, {'avg_silhouette': 0.8125903322235148, 'num_points': 17}, {'avg_silhouette': 0.6563978162882893, 'num_points': 15}, {'avg_silhouette': 0.6107417897607293, 'num_points': 20}, {'avg_silhouette': 0.33364995643779727, 'num_points': 53}, {'avg_silhouette': 0.5158137224415312, 'num_points': 12}, {'avg_silhouette': 0.5937193554419137, 'num_points': 10}, {'avg_silhouette': 0.7451055049736227, 'num_points': 52}]",10.0,17,0.32423851979150675,,1,
DBSCAN,,0.40727512683215816,"[{'avg_silhouette': 0.2614574327986563, 'num_points': 1989}, {'avg_silhouette': 0.508523811833703, 'num_points': 368}, {'avg_silhouette': 0.5625937511839865, 'num_points': 2339}, {'avg_silhouette': 0.37545941212263445, 'num_points': 14}, {'avg_silhouette': 0.3502767527733434, 'num_points': 192}, {'avg_silhouette': 0.5305367474585587, 'num_points': 256}, {'avg_silhouette': 0.530710900364925, 'num_points': 12}, {'avg_silhouette': 0.43792185190162014, 'num_points': 39}, {'avg_silhouette': 0.40516088135116224, 'num_points': 13}, {'avg_silhouette': 0.24817323389533286, 'num_points': 284}, {'avg_silhouette': 0.39650494855915996, 'num_points': 11}, {'avg_silhouette': 0.5610729574643849, 'num_points': 21}, {'avg_silhouette': 0.4727929339139826, 'num_points': 15}, {'avg_silhouette': 0.29599308061344026, 'num_points': 151}, {'avg_silhouette': 0.37569819798407617, 'num_points': 36}, {'avg_silhouette': 0.38097648998289935, 'num_points': 43}, {'avg_silhouette': 0.8398715025949847, 'num_points': 6}, {'avg_silhouette': 0.31330870569474933, 'num_points': 44}, {'avg_silhouette': 0.3685519234139966, 'num_points': 10}, {'avg_silhouette': 0.5595681601317899, 'num_points': 24}, {'avg_silhouette': 0.4683112833384508, 'num_points': 37}, {'avg_silhouette': 0.3760164737524384, 'num_points': 5}, {'avg_silhouette': 0.46706131980816906, 'num_points': 45}, {'avg_silhouette': 0.4405896012807492, 'num_points': 16}, {'avg_silhouette': 0.49272976994614737, 'num_points': 9}, {'avg_silhouette': 0.4604403447738859, 'num_points': 8}, {'avg_silhouette': 0.7731823952787936, 'num_points': 16}, {'avg_silhouette': 0.719778193256913, 'num_points': 16}, {'avg_silhouette': 0.4700541132127981, 'num_points': 7}, {'avg_silhouette': 0.4320979765668671, 'num_points': 14}, {'avg_silhouette': 0.4128231822798572, 'num_points': 19}, {'avg_silhouette': 0.6008355044879411, 'num_points': 24}, {'avg_silhouette': 0.33767384862572275, 'num_points': 208}, {'avg_silhouette': 0.5669371316962226, 'num_points': 22}, {'avg_silhouette': 0.6455610566651203, 'num_points': 9}, {'avg_silhouette': 0.5733197756652352, 'num_points': 12}, {'avg_silhouette': 0.5508039894750109, 'num_points': 9}, {'avg_silhouette': 0.463091201885473, 'num_points': 5}, {'avg_silhouette': 0.6147829327741142, 'num_points': 6}, {'avg_silhouette': 0.7937289442563156, 'num_points': 17}, {'avg_silhouette': 0.4517542232989854, 'num_points': 14}, {'avg_silhouette': 0.3844307513751582, 'num_points': 5}, {'avg_silhouette': 0.3623566475184954, 'num_points': 44}, {'avg_silhouette': 0.4693903874308882, 'num_points': 5}, {'avg_silhouette': 0.4730527929351382, 'num_points': 6}, {'avg_silhouette': 0.4233747620185388, 'num_points': 11}, {'avg_silhouette': 0.6748485145639112, 'num_points': 10}, {'avg_silhouette': 0.6896379764580446, 'num_points': 10}, {'avg_silhouette': 0.5416381866901275, 'num_points': 29}, {'avg_silhouette': 0.6484806748427798, 'num_points': 5}, {'avg_silhouette': 0.7181788355534026, 'num_points': 7}, {'avg_silhouette': 0.4704025926743042, 'num_points': 7}, {'avg_silhouette': 0.4524330744428105, 'num_points': 35}, {'avg_silhouette': 0.6772731578633853, 'num_points': 5}, {'avg_silhouette': 0.6394843509565161, 'num_points': 9}, {'avg_silhouette': 0.7557578240806038, 'num_points': 5}, {'avg_silhouette': 0.535278376554816, 'num_points': 6}, {'avg_silhouette': 0.5924250264199467, 'num_points': 10}, {'avg_silhouette': 0.37359570640153306, 'num_points': 5}, {'avg_silhouette': 0.9023561977260585, 'num_points': 5}, {'avg_silhouette': 0.6736166827884936, 'num_points': 42}, {'avg_silhouette': 0.8194024524318166, 'num_points': 5}]",5.0,62,0.3234147943723573,,2,0.4120255919913214
DBSCAN,,0.4672751268321582,"[{'avg_silhouette': 0.2682994618027595, 'num_points': 2008}, {'avg_silhouette': 0.5076661803891059, 'num_points': 370}, {'avg_silhouette': 0.5632845852303094, 'num_points': 2346}, {'avg_silhouette': 0.3444413248779286, 'num_points': 197}, {'avg_silhouette': 0.5230919987010612, 'num_points': 258}, {'avg_silhouette': 0.530710900364925, 'num_points': 12}, {'avg_silhouette': 0.6629273741093901, 'num_points': 40}, {'avg_silhouette': 0.2733021619556137, 'num_points': 290}, {'avg_silhouette': 0.37545941212263445, 'num_points': 14}, {'avg_silhouette': 0.5610729574643849, 'num_points': 21}, {'avg_silhouette': 0.4727929339139826, 'num_points': 15}, {'avg_silhouette': 0.30327013166870315, 'num_points': 151}, {'avg_silhouette': 0.367143737089272, 'num_points': 37}, {'avg_silhouette': 0.3546929800823176, 'num_points': 46}, {'avg_silhouette': 0.34920380827636005, 'num_points': 48}, {'avg_silhouette': 0.40258477868672676, 'num_points': 12}, {'avg_silhouette': 0.4723565654762343, 'num_points': 28}, {'avg_silhouette': 0.6414043908376866, 'num_points': 39}, {'avg_silhouette': 0.44861762647668485, 'num_points': 47}, {'avg_silhouette': 0.46365932680585403, 'num_points': 17}, {'avg_silhouette': 0.7412277538465613, 'num_points': 17}, {'avg_silhouette': 0.6886284415931239, 'num_points': 17}, {'avg_silhouette': 0.3817221138962594, 'num_points': 14}, {'avg_silhouette': 0.4324258787729097, 'num_points': 10}, {'avg_silhouette': 0.4057987134721778, 'num_points': 15}, {'avg_silhouette': 0.4138003143132729, 'num_points': 19}, {'avg_silhouette': 0.7114458931838102, 'num_points': 24}, {'avg_silhouette': 0.360624907986833, 'num_points': 210}, {'avg_silhouette': 0.5676937598096292, 'num_points': 22}, {'avg_silhouette': 0.5212489855843456, 'num_points': 13}, {'avg_silhouette': 0.7938884156525665, 'num_points': 17}, {'avg_silhouette': 0.41594744560581315, 'num_points': 15}, {'avg_silhouette': 0.38028234071614764, 'num_points': 49}, {'avg_silhouette': 0.4143056845641142, 'num_points': 16}, {'avg_silhouette': 0.7270736770051541, 'num_points': 12}, {'avg_silhouette': 0.8456228276484687, 'num_points': 10}, {'avg_silhouette': 0.4358988321006887, 'num_points': 36}, {'avg_silhouette': 0.5175124923427344, 'num_points': 35}, {'avg_silhouette': 0.5787383290849839, 'num_points': 10}, {'avg_silhouette': 0.5283796161121709, 'num_points': 11}, {'avg_silhouette': 0.8346573787126943, 'num_points': 42}]",10.0,41,0.3232799308728502,,2,0.41579202351653444
AGGLC,ward,,"[{'avg_silhouette': 0.30239257431500827, 'num_points': 1108}, {'avg_silhouette': 0.18092867997888526, 'num_points': 309}, {'avg_silhouette': -0.06980229412053181, 'num_points': 111}, {'avg_silhouette': 0.699252858871908, 'num_points': 1963}, {'avg_silhouette': 0.28415657566945984, 'num_points': 61}, {'avg_silhouette': -0.04192900964470298, 'num_points': 509}, {'avg_silhouette': 0.16197363300330306, 'num_points': 235}, {'avg_silhouette': -0.02445173226016348, 'num_points': 137}, {'avg_silhouette': -0.09588858811235457, 'num_points': 43}, {'avg_silhouette': 0.44004533363533105, 'num_points': 280}, {'avg_silhouette': 0.4274141662466873, 'num_points': 30}, {'avg_silhouette': 0.14429244653915194, 'num_points': 421}, {'avg_silhouette': 0.2751438442357491, 'num_points': 161}, {'avg_silhouette': -0.24766005874745958, 'num_points': 509}, {'avg_silhouette': -0.004340086674308191, 'num_points': 115}, {'avg_silhouette': 0.31214218644047786, 'num_points': 82}, {'avg_silhouette': 0.37712450933334984, 'num_points': 430}, {'avg_silhouette': 0.37972545834140653, 'num_points': 72}, {'avg_silhouette': 0.4039799757831422, 'num_points': 43}, {'avg_silhouette': 0.2643000294696152, 'num_points': 95}, {'avg_silhouette': 0.23709920916511712, 'num_points': 35}, {'avg_silhouette': 0.557703842567512, 'num_points': 62}, {'avg_silhouette': 0.4307504976173341, 'num_points': 29}, {'avg_silhouette': 0.27028227315826814, 'num_points': 70}, {'avg_silhouette': 0.32503459636593185, 'num_points': 25}, {'avg_silhouette': 0.45565916427414693, 'num_points': 63}, {'avg_silhouette': 0.6260869714062991, 'num_points': 20}, {'avg_silhouette': 0.33912324415634115, 'num_points': 438}, {'avg_silhouette': 0.1860042680583825, 'num_points': 13}, {'avg_silhouette': 0.3031490476217979, 'num_points': 19}, {'avg_silhouette': 0.08897234028336257, 'num_points': 71}]",,31,0.3229527311715686,,7,0.22465665211765667
DBSCAN,,0.39727512683215815,"[{'avg_silhouette': 0.26358184725957, 'num_points': 1986}, {'avg_silhouette': 0.5070588693603794, 'num_points': 368}, {'avg_silhouette': 0.5644445955245048, 'num_points': 2336}, {'avg_silhouette': 0.350207487535437, 'num_points': 192}, {'avg_silhouette': 0.5305367474585587, 'num_points': 256}, {'avg_silhouette': 0.530710900364925, 'num_points': 12}, {'avg_silhouette': 0.43792185190162014, 'num_points': 39}, {'avg_silhouette': 0.40491634508794316, 'num_points': 13}, {'avg_silhouette': 0.2501847340463316, 'num_points': 283}, {'avg_silhouette': 0.39607449531816985, 'num_points': 11}, {'avg_silhouette': 0.3919059821672468, 'num_points': 13}, {'avg_silhouette': 0.5610729574643849, 'num_points': 21}, {'avg_silhouette': 0.4727929339139826, 'num_points': 15}, {'avg_silhouette': 0.30306075952545114, 'num_points': 149}, {'avg_silhouette': 0.3751411529746168, 'num_points': 36}, {'avg_silhouette': 0.3805095952991204, 'num_points': 43}, {'avg_silhouette': 0.8398715025949847, 'num_points': 6}, {'avg_silhouette': 0.32162691919745656, 'num_points': 43}, {'avg_silhouette': 0.3685519234139966, 'num_points': 10}, {'avg_silhouette': 0.5594902925183347, 'num_points': 24}, {'avg_silhouette': 0.48403427023313406, 'num_points': 36}, {'avg_silhouette': 0.3760164737524384, 'num_points': 5}, {'avg_silhouette': 0.4665975103405335, 'num_points': 45}, {'avg_silhouette': 0.4405896012807492, 'num_points': 16}, {'avg_silhouette': 0.49272976994614737, 'num_points': 9}, {'avg_silhouette': 0.4589386031532304, 'num_points': 8}, {'avg_silhouette': 0.7731823952787936, 'num_points': 16}, {'avg_silhouette': 0.7390925917207859, 'num_points': 15}, {'avg_silhouette': 0.4696926110573308, 'num_points': 7}, {'avg_silhouette': 0.4320979765668671, 'num_points': 14}, {'avg_silhouette': 0.4124280433219607, 'num_points': 19}, {'avg_silhouette': 0.598738150166688, 'num_points': 24}, {'avg_silhouette': 0.33767384862572275, 'num_points': 208}, {'avg_silhouette': 0.6019245580999562, 'num_points': 21}, {'avg_silhouette': 0.6455610566651203, 'num_points': 9}, {'avg_silhouette': 0.5733197756652352, 'num_points': 12}, {'avg_silhouette': 0.5752055481691308, 'num_points': 8}, {'avg_silhouette': 0.46110053923157485, 'num_points': 5}, {'avg_silhouette': 0.6144308524969836, 'num_points': 6}, {'avg_silhouette': 0.7936643019205668, 'num_points': 17}, {'avg_silhouette': 0.45163084354310123, 'num_points': 14}, {'avg_silhouette': 0.3844307513751582, 'num_points': 5}, {'avg_silhouette': 0.3623566475184954, 'num_points': 44}, {'avg_silhouette': 0.4729954379078727, 'num_points': 6}, {'avg_silhouette': 0.4233747620185388, 'num_points': 11}, {'avg_silhouette': 0.6748485145639112, 'num_points': 10}, {'avg_silhouette': 0.6896379764580446, 'num_points': 10}, {'avg_silhouette': 0.5412585848063475, 'num_points': 29}, {'avg_silhouette': 0.6484806748427798, 'num_points': 5}, {'avg_silhouette': 0.7668964947820678, 'num_points': 6}, {'avg_silhouette': 0.45028942092226426, 'num_points': 35}, {'avg_silhouette': 0.6772731578633853, 'num_points': 5}, {'avg_silhouette': 0.6394843509565161, 'num_points': 9}, {'avg_silhouette': 0.4693903874308882, 'num_points': 5}, {'avg_silhouette': 0.7557578240806038, 'num_points': 5}, {'avg_silhouette': 0.6364814423737355, 'num_points': 5}, {'avg_silhouette': 0.4704025926743042, 'num_points': 7}, {'avg_silhouette': 0.5924250264199467, 'num_points': 10}, {'avg_silhouette': 0.9023561977260585, 'num_points': 5}, {'avg_silhouette': 0.6736166827884936, 'num_points': 42}, {'avg_silhouette': 0.8194024524318166, 'num_points': 5}]",5.0,61,0.3226751691893237,,2,0.4140132213920374
DBSCAN,,0.4472751268321582,"[{'avg_silhouette': 0.2771647198905784, 'num_points': 2002}, {'avg_silhouette': 0.5062411903807681, 'num_points': 370}, {'avg_silhouette': 0.5652926249300331, 'num_points': 2343}, {'avg_silhouette': 0.3501817888467271, 'num_points': 195}, {'avg_silhouette': 0.5313258701721721, 'num_points': 256}, {'avg_silhouette': 0.530710900364925, 'num_points': 12}, {'avg_silhouette': 0.27624379434070295, 'num_points': 287}, {'avg_silhouette': 0.37545941212263445, 'num_points': 14}, {'avg_silhouette': 0.5610729574643849, 'num_points': 21}, {'avg_silhouette': 0.4727929339139826, 'num_points': 15}, {'avg_silhouette': 0.30327013166870315, 'num_points': 151}, {'avg_silhouette': 0.3653112142613805, 'num_points': 37}, {'avg_silhouette': 0.3746260229301346, 'num_points': 44}, {'avg_silhouette': 0.6742229482887621, 'num_points': 39}, {'avg_silhouette': 0.4974210898548388, 'num_points': 27}, {'avg_silhouette': 0.6413004206346903, 'num_points': 39}, {'avg_silhouette': 0.4469262332006047, 'num_points': 47}, {'avg_silhouette': 0.5723786475306861, 'num_points': 14}, {'avg_silhouette': 0.740972155168465, 'num_points': 17}, {'avg_silhouette': 0.7198559838138137, 'num_points': 16}, {'avg_silhouette': 0.37926192133993714, 'num_points': 44}, {'avg_silhouette': 0.3803649460126362, 'num_points': 14}, {'avg_silhouette': 0.4057987134721778, 'num_points': 15}, {'avg_silhouette': 0.41323305793476484, 'num_points': 19}, {'avg_silhouette': 0.7112599603140418, 'num_points': 24}, {'avg_silhouette': 0.3598183532588202, 'num_points': 210}, {'avg_silhouette': 0.5676937598096292, 'num_points': 22}, {'avg_silhouette': 0.5212489855843456, 'num_points': 13}, {'avg_silhouette': 0.793801156799787, 'num_points': 17}, {'avg_silhouette': 0.4154306120855538, 'num_points': 15}, {'avg_silhouette': 0.4065823583832638, 'num_points': 46}, {'avg_silhouette': 0.4625203206291209, 'num_points': 14}, {'avg_silhouette': 0.7270736770051541, 'num_points': 12}, {'avg_silhouette': 0.8456228276484687, 'num_points': 10}, {'avg_silhouette': 0.47214134921406403, 'num_points': 33}, {'avg_silhouette': 0.5084402830298167, 'num_points': 35}, {'avg_silhouette': 0.5741491428931562, 'num_points': 10}, {'avg_silhouette': 0.5924250264199467, 'num_points': 10}, {'avg_silhouette': 0.4685865856487242, 'num_points': 10}, {'avg_silhouette': 0.8345871475559618, 'num_points': 42}]",10.0,40,0.32257835998100765,,2,0.4212286724103057
DBSCAN,,0.4572751268321582,"[{'avg_silhouette': 0.26846933125926936, 'num_points': 2007}, {'avg_silhouette': 0.5070639035711232, 'num_points': 370}, {'avg_silhouette': 0.5646625320592918, 'num_points': 2344}, {'avg_silhouette': 0.34747032503159925, 'num_points': 196}, {'avg_silhouette': 0.5265857338176594, 'num_points': 257}, {'avg_silhouette': 0.530710900364925, 'num_points': 12}, {'avg_silhouette': 0.6743696174899062, 'num_points': 39}, {'avg_silhouette': 0.27522569007409997, 'num_points': 289}, {'avg_silhouette': 0.37545941212263445, 'num_points': 14}, {'avg_silhouette': 0.5610729574643849, 'num_points': 21}, {'avg_silhouette': 0.4727929339139826, 'num_points': 15}, {'avg_silhouette': 0.30327013166870315, 'num_points': 151}, {'avg_silhouette': 0.3664394248703082, 'num_points': 37}, {'avg_silhouette': 0.3753196007939071, 'num_points': 44}, {'avg_silhouette': 0.36423817720467516, 'num_points': 46}, {'avg_silhouette': 0.4981302320014916, 'num_points': 27}, {'avg_silhouette': 0.6413206934388975, 'num_points': 39}, {'avg_silhouette': 0.44801675893331105, 'num_points': 47}, {'avg_silhouette': 0.4588689746946117, 'num_points': 17}, {'avg_silhouette': 0.7411252952772592, 'num_points': 17}, {'avg_silhouette': 0.71988372921113, 'num_points': 16}, {'avg_silhouette': 0.4322831441318935, 'num_points': 10}, {'avg_silhouette': 0.38108115531499426, 'num_points': 14}, {'avg_silhouette': 0.4057987134721778, 'num_points': 15}, {'avg_silhouette': 0.41337820332973196, 'num_points': 19}, {'avg_silhouette': 0.711411233335227, 'num_points': 24}, {'avg_silhouette': 0.3598307744775357, 'num_points': 210}, {'avg_silhouette': 0.5676937598096292, 'num_points': 22}, {'avg_silhouette': 0.5212489855843456, 'num_points': 13}, {'avg_silhouette': 0.7938254580075084, 'num_points': 17}, {'avg_silhouette': 0.41555545457855975, 'num_points': 15}, {'avg_silhouette': 0.4065823583832638, 'num_points': 46}, {'avg_silhouette': 0.41359814631580516, 'num_points': 16}, {'avg_silhouette': 0.7270736770051541, 'num_points': 12}, {'avg_silhouette': 0.8456228276484687, 'num_points': 10}, {'avg_silhouette': 0.43576265701488087, 'num_points': 36}, {'avg_silhouette': 0.5084402830298167, 'num_points': 35}, {'avg_silhouette': 0.5741491428931562, 'num_points': 10}, {'avg_silhouette': 0.5924250264199467, 'num_points': 10}, {'avg_silhouette': 0.48842400616186377, 'num_points': 10}, {'avg_silhouette': 0.8346062749535522, 'num_points': 42}]",10.0,41,0.3223586411635979,,2,0.4165659316592806
DBSCAN,,0.4372751268321582,"[{'avg_silhouette': 0.2785478199816747, 'num_points': 1998}, {'avg_silhouette': 0.5062346993051243, 'num_points': 370}, {'avg_silhouette': 0.5669030502063693, 'num_points': 2340}, {'avg_silhouette': 0.3469052456262308, 'num_points': 194}, {'avg_silhouette': 0.5313258701721721, 'num_points': 256}, {'avg_silhouette': 0.530710900364925, 'num_points': 12}, {'avg_silhouette': 0.28073202063982516, 'num_points': 284}, {'avg_silhouette': 0.37545941212263445, 'num_points': 14}, {'avg_silhouette': 0.5610729574643849, 'num_points': 21}, {'avg_silhouette': 0.4727929339139826, 'num_points': 15}, {'avg_silhouette': 0.30084492063013485, 'num_points': 151}, {'avg_silhouette': 0.3638621626307446, 'num_points': 37}, {'avg_silhouette': 0.3741315200353373, 'num_points': 44}, {'avg_silhouette': 0.6741187597100943, 'num_points': 39}, {'avg_silhouette': 0.5227466847162565, 'num_points': 26}, {'avg_silhouette': 0.6528070244592505, 'num_points': 38}, {'avg_silhouette': 0.4549147463512391, 'num_points': 46}, {'avg_silhouette': 0.5723786475306861, 'num_points': 14}, {'avg_silhouette': 0.740972155168465, 'num_points': 17}, {'avg_silhouette': 0.7197847603608214, 'num_points': 16}, {'avg_silhouette': 0.3785837233865202, 'num_points': 44}, {'avg_silhouette': 0.40643631889178305, 'num_points': 13}, {'avg_silhouette': 0.4057987134721778, 'num_points': 15}, {'avg_silhouette': 0.4128618585131892, 'num_points': 19}, {'avg_silhouette': 0.7111673760482162, 'num_points': 24}, {'avg_silhouette': 0.363507913890852, 'num_points': 209}, {'avg_silhouette': 0.5676937598096292, 'num_points': 22}, {'avg_silhouette': 0.520322803737518, 'num_points': 13}, {'avg_silhouette': 0.7937389282093674, 'num_points': 17}, {'avg_silhouette': 0.41509005247726644, 'num_points': 15}, {'avg_silhouette': 0.4065628850154895, 'num_points': 46}, {'avg_silhouette': 0.4607933472269655, 'num_points': 14}, {'avg_silhouette': 0.7270736770051541, 'num_points': 12}, {'avg_silhouette': 0.8454474804763844, 'num_points': 10}, {'avg_silhouette': 0.4717090800567485, 'num_points': 33}, {'avg_silhouette': 0.5084402830298167, 'num_points': 35}, {'avg_silhouette': 0.5741491428931562, 'num_points': 10}, {'avg_silhouette': 0.5924250264199467, 'num_points': 10}, {'avg_silhouette': 0.4685865856487242, 'num_points': 10}, {'avg_silhouette': 0.8345394963037265, 'num_points': 42}]",10.0,40,0.32210109131072356,,2,0.42272543509402205
K-means,,,"[{'avg_silhouette': 0.03829678797183357, 'num_points': 290}, {'avg_silhouette': 0.5587536983304823, 'num_points': 2409}, {'avg_silhouette': 0.3203107997008922, 'num_points': 56}, {'avg_silhouette': -0.007786470221419785, 'num_points': 137}, {'avg_silhouette': 0.4205933494900177, 'num_points': 290}, {'avg_silhouette': -0.10867856652793982, 'num_points': 130}, {'avg_silhouette': 0.006779702020081149, 'num_points': 100}, {'avg_silhouette': 0.08247265579595119, 'num_points': 35}, {'avg_silhouette': 0.18172012726684975, 'num_points': 513}, {'avg_silhouette': 0.03613199757401703, 'num_points': 213}, {'avg_silhouette': 0.32587152175761236, 'num_points': 72}, {'avg_silhouette': 0.3843437421023561, 'num_points': 452}, {'avg_silhouette': 0.019013282139444355, 'num_points': 113}, {'avg_silhouette': 0.3103320855137539, 'num_points': 946}, {'avg_silhouette': 0.11387373856143576, 'num_points': 644}, {'avg_silhouette': 0.1794903004348611, 'num_points': 289}, {'avg_silhouette': -0.04064628646767201, 'num_points': 60}, {'avg_silhouette': 0.3234847606483657, 'num_points': 37}, {'avg_silhouette': 0.1941406661422529, 'num_points': 262}, {'avg_silhouette': 0.5641624415112526, 'num_points': 62}, {'avg_silhouette': 0.28810102752299, 'num_points': 61}, {'avg_silhouette': 0.58565758576503, 'num_points': 21}, {'avg_silhouette': -0.10267377941533791, 'num_points': 9}, {'avg_silhouette': 0.3840516502683473, 'num_points': 32}, {'avg_silhouette': 0.1324389815118099, 'num_points': 128}, {'avg_silhouette': 0.38183128631069985, 'num_points': 44}, {'avg_silhouette': 0.36641880584486036, 'num_points': 74}, {'avg_silhouette': 0.40667753331985745, 'num_points': 80}]",,28,0.3220625827726159,,5,0.30980467835497555
DBSCAN,,0.41727512683215817,"[{'avg_silhouette': 0.24733309968776448, 'num_points': 1994}, {'avg_silhouette': 0.5063789715039704, 'num_points': 369}, {'avg_silhouette': 0.5620805469042925, 'num_points': 2340}, {'avg_silhouette': 0.37545941212263445, 'num_points': 14}, {'avg_silhouette': 0.3474285250562341, 'num_points': 193}, {'avg_silhouette': 0.530894777169727, 'num_points': 256}, {'avg_silhouette': 0.530710900364925, 'num_points': 12}, {'avg_silhouette': 0.43792185190162014, 'num_points': 39}, {'avg_silhouette': 0.40590227595312006, 'num_points': 13}, {'avg_silhouette': 0.25038762255854036, 'num_points': 285}, {'avg_silhouette': 0.3969083207614814, 'num_points': 11}, {'avg_silhouette': 0.5610729574643849, 'num_points': 21}, {'avg_silhouette': 0.4727929339139826, 'num_points': 15}, {'avg_silhouette': 0.29599469296935704, 'num_points': 151}, {'avg_silhouette': 0.3649959893791816, 'num_points': 37}, {'avg_silhouette': 0.3815006966291892, 'num_points': 43}, {'avg_silhouette': 0.8401069357107332, 'num_points': 6}, {'avg_silhouette': 0.29591754308865936, 'num_points': 47}, {'avg_silhouette': 0.3685519234139966, 'num_points': 10}, {'avg_silhouette': 0.5247775740730267, 'num_points': 25}, {'avg_silhouette': 0.4683112833384508, 'num_points': 37}, {'avg_silhouette': 0.3760164737524384, 'num_points': 5}, {'avg_silhouette': 0.46756584594308753, 'num_points': 45}, {'avg_silhouette': 0.4405896012807492, 'num_points': 16}, {'avg_silhouette': 0.49272976994614737, 'num_points': 9}, {'avg_silhouette': 0.4646313117854064, 'num_points': 8}, {'avg_silhouette': 0.7731823952787936, 'num_points': 16}, {'avg_silhouette': 0.7198042372649897, 'num_points': 16}, {'avg_silhouette': 0.4385692631701076, 'num_points': 8}, {'avg_silhouette': 0.4053778021965219, 'num_points': 15}, {'avg_silhouette': 0.4129636862853349, 'num_points': 19}, {'avg_silhouette': 0.6008355044879411, 'num_points': 24}, {'avg_silhouette': 0.3569105134073621, 'num_points': 209}, {'avg_silhouette': 0.5673092428024478, 'num_points': 22}, {'avg_silhouette': 0.6489676790539826, 'num_points': 9}, {'avg_silhouette': 0.573970217905393, 'num_points': 12}, {'avg_silhouette': 0.5508039894750109, 'num_points': 9}, {'avg_silhouette': 0.463091201885473, 'num_points': 5}, {'avg_silhouette': 0.6152350799062994, 'num_points': 6}, {'avg_silhouette': 0.3827463155134632, 'num_points': 5}, {'avg_silhouette': 0.7937514796892691, 'num_points': 17}, {'avg_silhouette': 0.45187700666850167, 'num_points': 14}, {'avg_silhouette': 0.37215573968791504, 'num_points': 49}, {'avg_silhouette': 0.47308803157908486, 'num_points': 6}, {'avg_silhouette': 0.3731247945608718, 'num_points': 12}, {'avg_silhouette': 0.6263760237658554, 'num_points': 11}, {'avg_silhouette': 0.6896379764580446, 'num_points': 10}, {'avg_silhouette': 0.4117250718229155, 'num_points': 29}, {'avg_silhouette': 0.6484806748427798, 'num_points': 5}, {'avg_silhouette': 0.7182071494530226, 'num_points': 7}, {'avg_silhouette': 0.4704025926743042, 'num_points': 7}, {'avg_silhouette': 0.4524330744428105, 'num_points': 35}, {'avg_silhouette': 0.6772731578633853, 'num_points': 5}, {'avg_silhouette': 0.6479598180949595, 'num_points': 9}, {'avg_silhouette': 0.7598454113776134, 'num_points': 5}, {'avg_silhouette': 0.535278376554816, 'num_points': 6}, {'avg_silhouette': 0.5924250264199467, 'num_points': 10}, {'avg_silhouette': 0.6244064885138279, 'num_points': 5}, {'avg_silhouette': 0.23844979767153146, 'num_points': 5}, {'avg_silhouette': 0.37392205813608903, 'num_points': 5}, {'avg_silhouette': 0.9023561977260585, 'num_points': 5}, {'avg_silhouette': 0.6736166827884936, 'num_points': 42}, {'avg_silhouette': 0.8194024524318166, 'num_points': 5}]",5.0,63,0.3212490703408051,,2,0.40470682329602853
DBSCAN,,0.5272751268321583,"[{'avg_silhouette': 0.36290409147252156, 'num_points': 6481}, {'avg_silhouette': 0.28206430157269335, 'num_points': 32}, {'avg_silhouette': 0.4514158802343789, 'num_points': 50}, {'avg_silhouette': 0.44990058785107473, 'num_points': 38}, {'avg_silhouette': 0.7705439915621156, 'num_points': 7}, {'avg_silhouette': 0.6272769801067054, 'num_points': 24}, {'avg_silhouette': 0.30302407089595296, 'num_points': 30}, {'avg_silhouette': 0.42052080635756994, 'num_points': 16}, {'avg_silhouette': 0.4174205034174978, 'num_points': 40}, {'avg_silhouette': 0.7077154071160725, 'num_points': 55}, {'avg_silhouette': 0.6894284279497994, 'num_points': 18}, {'avg_silhouette': 0.5704878493739378, 'num_points': 12}, {'avg_silhouette': 0.6008355044879411, 'num_points': 24}, {'avg_silhouette': 0.5508039894750109, 'num_points': 9}, {'avg_silhouette': 0.4748397798459731, 'num_points': 5}, {'avg_silhouette': 0.34110485718316375, 'num_points': 5}, {'avg_silhouette': 0.812793259820212, 'num_points': 17}, {'avg_silhouette': 0.5051375976434895, 'num_points': 24}, {'avg_silhouette': 0.6081662839785732, 'num_points': 20}, {'avg_silhouette': 0.3463613361313965, 'num_points': 10}, {'avg_silhouette': 0.3553004652636735, 'num_points': 53}, {'avg_silhouette': 0.41377538281236365, 'num_points': 14}, {'avg_silhouette': 0.3117256002995475, 'num_points': 6}, {'avg_silhouette': 0.7384515546207321, 'num_points': 6}]",5.0,24,0.3210962338383202,,1,
DBSCAN,,0.4272751268321582,"[{'avg_silhouette': 0.2768226247122338, 'num_points': 1997}, {'avg_silhouette': 0.5088113371407126, 'num_points': 369}, {'avg_silhouette': 0.5681758145754803, 'num_points': 2338}, {'avg_silhouette': 0.3490928887215515, 'num_points': 193}, {'avg_silhouette': 0.530894777169727, 'num_points': 256}, {'avg_silhouette': 0.530710900364925, 'num_points': 12}, {'avg_silhouette': 0.28063862996229966, 'num_points': 284}, {'avg_silhouette': 0.37545941212263445, 'num_points': 14}, {'avg_silhouette': 0.5610729574643849, 'num_points': 21}, {'avg_silhouette': 0.4727929339139826, 'num_points': 15}, {'avg_silhouette': 0.29599469296935704, 'num_points': 151}, {'avg_silhouette': 0.3638621626307446, 'num_points': 37}, {'avg_silhouette': 0.3818273122827365, 'num_points': 43}, {'avg_silhouette': 0.6740938897199334, 'num_points': 39}, {'avg_silhouette': 0.5439791872417726, 'num_points': 25}, {'avg_silhouette': 0.6625670013693851, 'num_points': 37}, {'avg_silhouette': 0.4549147463512391, 'num_points': 46}, {'avg_silhouette': 0.5723786475306861, 'num_points': 14}, {'avg_silhouette': 0.7731823952787936, 'num_points': 16}, {'avg_silhouette': 0.7197210255412083, 'num_points': 16}, {'avg_silhouette': 0.37802495632339533, 'num_points': 44}, {'avg_silhouette': 0.40590227595312006, 'num_points': 13}, {'avg_silhouette': 0.4053778021965219, 'num_points': 15}, {'avg_silhouette': 0.41252104344040313, 'num_points': 19}, {'avg_silhouette': 0.7111445389149361, 'num_points': 24}, {'avg_silhouette': 0.35969907825920483, 'num_points': 208}, {'avg_silhouette': 0.5673092428024478, 'num_points': 22}, {'avg_silhouette': 0.5733197756652352, 'num_points': 12}, {'avg_silhouette': 0.7936863145428303, 'num_points': 17}, {'avg_silhouette': 0.4147715151631887, 'num_points': 15}, {'avg_silhouette': 0.40654698710079845, 'num_points': 46}, {'avg_silhouette': 0.4607933472269655, 'num_points': 14}, {'avg_silhouette': 0.7270736770051541, 'num_points': 12}, {'avg_silhouette': 0.8453142505478841, 'num_points': 10}, {'avg_silhouette': 0.5230901240529261, 'num_points': 30}, {'avg_silhouette': 0.5084402830298167, 'num_points': 35}, {'avg_silhouette': 0.5741491428931562, 'num_points': 10}, {'avg_silhouette': 0.4685865856487242, 'num_points': 10}, {'avg_silhouette': 0.5924250264199467, 'num_points': 10}, {'avg_silhouette': 0.8344980212134853, 'num_points': 42}]",10.0,40,0.3207285166756989,,2,0.42249921964385706
DBSCAN,,0.38727512683215815,"[{'avg_silhouette': 0.26232927124870525, 'num_points': 1978}, {'avg_silhouette': 0.5095250469522412, 'num_points': 367}, {'avg_silhouette': 0.5655045050594267, 'num_points': 2334}, {'avg_silhouette': 0.35205291696589297, 'num_points': 191}, {'avg_silhouette': 0.530156457485405, 'num_points': 256}, {'avg_silhouette': 0.5301912018007856, 'num_points': 12}, {'avg_silhouette': 0.4496772753398152, 'num_points': 38}, {'avg_silhouette': 0.257463067598288, 'num_points': 278}, {'avg_silhouette': 0.4992153055131564, 'num_points': 7}, {'avg_silhouette': 0.39959608770727867, 'num_points': 11}, {'avg_silhouette': 0.5610729574643849, 'num_points': 21}, {'avg_silhouette': 0.4727929339139826, 'num_points': 15}, {'avg_silhouette': 0.30274396695673406, 'num_points': 147}, {'avg_silhouette': 0.3808596063510021, 'num_points': 35}, {'avg_silhouette': 0.379638627480201, 'num_points': 43}, {'avg_silhouette': 0.8398715025949847, 'num_points': 6}, {'avg_silhouette': 0.4042177665486728, 'num_points': 13}, {'avg_silhouette': 0.3685519234139966, 'num_points': 10}, {'avg_silhouette': 0.5594445541368759, 'num_points': 24}, {'avg_silhouette': 0.48403427023313406, 'num_points': 36}, {'avg_silhouette': 0.3760164737524384, 'num_points': 5}, {'avg_silhouette': 0.46517549160340327, 'num_points': 45}, {'avg_silhouette': 0.48403783276423445, 'num_points': 15}, {'avg_silhouette': 0.4861763433221546, 'num_points': 9}, {'avg_silhouette': 0.44915268726485014, 'num_points': 8}, {'avg_silhouette': 0.7731823952787936, 'num_points': 16}, {'avg_silhouette': 0.7390530756361702, 'num_points': 15}, {'avg_silhouette': 0.46855014866912226, 'num_points': 7}, {'avg_silhouette': 0.36848461776329583, 'num_points': 39}, {'avg_silhouette': 0.43162281995835444, 'num_points': 14}, {'avg_silhouette': 0.4121767692869098, 'num_points': 19}, {'avg_silhouette': 0.5962039503453587, 'num_points': 24}, {'avg_silhouette': 0.3284267357314104, 'num_points': 207}, {'avg_silhouette': 0.6015369900082693, 'num_points': 21}, {'avg_silhouette': 0.6455610566651203, 'num_points': 9}, {'avg_silhouette': 0.6198641607819272, 'num_points': 7}, {'avg_silhouette': 0.46110053923157485, 'num_points': 5}, {'avg_silhouette': 0.6180132909785414, 'num_points': 11}, {'avg_silhouette': 0.6136854831213795, 'num_points': 6}, {'avg_silhouette': 0.7936322705187759, 'num_points': 17}, {'avg_silhouette': 0.45138998135532393, 'num_points': 14}, {'avg_silhouette': 0.3844307513751582, 'num_points': 5}, {'avg_silhouette': 0.4032757546882494, 'num_points': 9}, {'avg_silhouette': 0.47817384522539186, 'num_points': 35}, {'avg_silhouette': 0.4727285255086655, 'num_points': 6}, {'avg_silhouette': 0.4233747620185388, 'num_points': 11}, {'avg_silhouette': 0.6748485145639112, 'num_points': 10}, {'avg_silhouette': 0.6896379764580446, 'num_points': 10}, {'avg_silhouette': 0.5404923400138085, 'num_points': 29}, {'avg_silhouette': 0.6484806748427798, 'num_points': 5}, {'avg_silhouette': 0.7668577315197026, 'num_points': 6}, {'avg_silhouette': 0.45028942092226426, 'num_points': 35}, {'avg_silhouette': 0.6772731578633853, 'num_points': 5}, {'avg_silhouette': 0.6192246191182281, 'num_points': 9}, {'avg_silhouette': 0.4543031578944158, 'num_points': 5}, {'avg_silhouette': 0.7557578240806038, 'num_points': 5}, {'avg_silhouette': 0.6364814423737355, 'num_points': 5}, {'avg_silhouette': 0.4690516907379779, 'num_points': 7}, {'avg_silhouette': 0.5924250264199467, 'num_points': 10}, {'avg_silhouette': 0.9019264123243435, 'num_points': 5}, {'avg_silhouette': 0.6736166827884936, 'num_points': 42}, {'avg_silhouette': 0.8194024524318166, 'num_points': 5}]",5.0,62,0.32009243238521967,,2,0.413916888154066
DBSCAN,,0.5172751268321583,"[{'avg_silhouette': 0.37404535399560357, 'num_points': 6414}, {'avg_silhouette': 0.38798763621633786, 'num_points': 14}, {'avg_silhouette': 0.4976367077711936, 'num_points': 13}, {'avg_silhouette': 0.6229600929063159, 'num_points': 50}, {'avg_silhouette': 0.3869859032729792, 'num_points': 38}, {'avg_silhouette': 0.4015763584883607, 'num_points': 16}, {'avg_silhouette': 0.6647530409633997, 'num_points': 40}, {'avg_silhouette': 0.3282270826655738, 'num_points': 28}, {'avg_silhouette': 0.6913898139244289, 'num_points': 20}, {'avg_silhouette': 0.7129415697475786, 'num_points': 17}, {'avg_silhouette': 0.7367765282449829, 'num_points': 24}, {'avg_silhouette': 0.8123744823218633, 'num_points': 17}, {'avg_silhouette': 0.6721296565280992, 'num_points': 14}, {'avg_silhouette': 0.662282371417503, 'num_points': 17}, {'avg_silhouette': 0.3707520132842639, 'num_points': 48}, {'avg_silhouette': 0.5069456448908866, 'num_points': 12}, {'avg_silhouette': 0.7448214439152389, 'num_points': 52}]",10.0,17,0.3197406158306495,,1,
AGGLC,ward,,"[{'avg_silhouette': -0.10044521069056213, 'num_points': 580}, {'avg_silhouette': 0.1810994370029363, 'num_points': 309}, {'avg_silhouette': 0.3112404801517223, 'num_points': 1108}, {'avg_silhouette': 0.699252858871908, 'num_points': 1963}, {'avg_silhouette': 0.28415657566945984, 'num_points': 61}, {'avg_silhouette': -0.06980229412053181, 'num_points': 111}, {'avg_silhouette': 0.1625683034488408, 'num_points': 235}, {'avg_silhouette': -0.022986549233939606, 'num_points': 137}, {'avg_silhouette': -0.0947117992236753, 'num_points': 43}, {'avg_silhouette': 0.44004533363533105, 'num_points': 280}, {'avg_silhouette': 0.4274141662466873, 'num_points': 30}, {'avg_silhouette': 0.14454409597697793, 'num_points': 421}, {'avg_silhouette': 0.2775344808917939, 'num_points': 161}, {'avg_silhouette': -0.24758595847933654, 'num_points': 509}, {'avg_silhouette': -0.0027590590730434696, 'num_points': 115}, {'avg_silhouette': 0.3125197257225739, 'num_points': 82}, {'avg_silhouette': 0.37712450933334984, 'num_points': 430}, {'avg_silhouette': 0.38039215979759056, 'num_points': 72}, {'avg_silhouette': 0.4041366029598042, 'num_points': 43}, {'avg_silhouette': 0.2643852526811573, 'num_points': 95}, {'avg_silhouette': 0.23797134956316032, 'num_points': 35}, {'avg_silhouette': 0.5577076425724807, 'num_points': 62}, {'avg_silhouette': 0.4307504976173341, 'num_points': 29}, {'avg_silhouette': 0.27037889770774487, 'num_points': 70}, {'avg_silhouette': 0.32503459636593185, 'num_points': 25}, {'avg_silhouette': 0.45578596667525134, 'num_points': 63}, {'avg_silhouette': 0.6260869714062991, 'num_points': 20}, {'avg_silhouette': 0.34433643818384074, 'num_points': 438}, {'avg_silhouette': 0.1860042680583825, 'num_points': 13}, {'avg_silhouette': 0.3031490476217979, 'num_points': 19}]",,30,0.3190033974608638,,7,0.2183524590497
AGGLC,ward,,"[{'avg_silhouette': 0.020968958697169218, 'num_points': 631}, {'avg_silhouette': 0.48157473382155036, 'num_points': 2546}, {'avg_silhouette': 0.29016569729417596, 'num_points': 1688}, {'avg_silhouette': 0.27666264431439846, 'num_points': 310}, {'avg_silhouette': 0.24836716270507073, 'num_points': 309}, {'avg_silhouette': 0.19379970932300758, 'num_points': 421}, {'avg_silhouette': -0.026325171786766, 'num_points': 291}, {'avg_silhouette': 0.025976144855461878, 'num_points': 137}, {'avg_silhouette': 0.42166598123052645, 'num_points': 43}, {'avg_silhouette': 0.28033192322826306, 'num_points': 95}, {'avg_silhouette': 0.5720240203360982, 'num_points': 62}, {'avg_silhouette': 0.2912348635952685, 'num_points': 70}, {'avg_silhouette': 0.46956359071431397, 'num_points': 63}, {'avg_silhouette': 0.14309088608867493, 'num_points': 74}, {'avg_silhouette': 0.24556481526699933, 'num_points': 235}, {'avg_silhouette': 0.3294904342991485, 'num_points': 82}, {'avg_silhouette': 0.43165065110251216, 'num_points': 430}, {'avg_silhouette': 0.3958072375746879, 'num_points': 72}]",,18,0.31865844945774796,,5,0.28363195004768305
DBSCAN,,0.41727512683215817,"[{'avg_silhouette': 0.2804245522030718, 'num_points': 1993}, {'avg_silhouette': 0.5088097856327676, 'num_points': 369}, {'avg_silhouette': 0.564020080923543, 'num_points': 2337}, {'avg_silhouette': 0.3490144042421629, 'num_points': 193}, {'avg_silhouette': 0.530894777169727, 'num_points': 256}, {'avg_silhouette': 0.530710900364925, 'num_points': 12}, {'avg_silhouette': 0.2758479541646774, 'num_points': 283}, {'avg_silhouette': 0.37545941212263445, 'num_points': 14}, {'avg_silhouette': 0.5610729574643849, 'num_points': 21}, {'avg_silhouette': 0.4727929339139826, 'num_points': 15}, {'avg_silhouette': 0.29599469296935704, 'num_points': 151}, {'avg_silhouette': 0.3635616519941225, 'num_points': 37}, {'avg_silhouette': 0.39670928870268884, 'num_points': 41}, {'avg_silhouette': 0.6739766717442636, 'num_points': 39}, {'avg_silhouette': 0.5436311942751932, 'num_points': 25}, {'avg_silhouette': 0.6724905907831228, 'num_points': 36}, {'avg_silhouette': 0.4663539615852758, 'num_points': 45}, {'avg_silhouette': 0.5723786475306861, 'num_points': 14}, {'avg_silhouette': 0.7731823952787936, 'num_points': 16}, {'avg_silhouette': 0.7197065182575972, 'num_points': 16}, {'avg_silhouette': 0.385120284427361, 'num_points': 43}, {'avg_silhouette': 0.40590227595312006, 'num_points': 13}, {'avg_silhouette': 0.4053778021965219, 'num_points': 15}, {'avg_silhouette': 0.4124359347924131, 'num_points': 19}, {'avg_silhouette': 0.7110371060444481, 'num_points': 24}, {'avg_silhouette': 0.35969319185036475, 'num_points': 208}, {'avg_silhouette': 0.5673092428024478, 'num_points': 22}, {'avg_silhouette': 0.5733197756652352, 'num_points': 12}, {'avg_silhouette': 0.7936746705811117, 'num_points': 17}, {'avg_silhouette': 0.4516466723507815, 'num_points': 14}, {'avg_silhouette': 0.4566092655188996, 'num_points': 46}, {'avg_silhouette': 0.5064214685642486, 'num_points': 12}, {'avg_silhouette': 0.7488143002623127, 'num_points': 11}, {'avg_silhouette': 0.8453142505478841, 'num_points': 10}, {'avg_silhouette': 0.5419675945380102, 'num_points': 29}, {'avg_silhouette': 0.5084402830298167, 'num_points': 35}, {'avg_silhouette': 0.4685865856487242, 'num_points': 10}, {'avg_silhouette': 0.5924250264199467, 'num_points': 10}, {'avg_silhouette': 0.8344897942282843, 'num_points': 42}]",10.0,39,0.3177847651682657,,2,0.42222231656330744
K-means,,,"[{'avg_silhouette': -0.09133218181913841, 'num_points': 21}, {'avg_silhouette': 0.6226022103400423, 'num_points': 2074}, {'avg_silhouette': 0.1008018544646171, 'num_points': 296}, {'avg_silhouette': 0.31530080567855623, 'num_points': 690}, {'avg_silhouette': 0.36885205736859095, 'num_points': 290}, {'avg_silhouette': 0.14058986686304575, 'num_points': 242}, {'avg_silhouette': 0.14938135708044642, 'num_points': 124}, {'avg_silhouette': 0.030234948842550603, 'num_points': 88}, {'avg_silhouette': -0.008206180812253097, 'num_points': 210}, {'avg_silhouette': -0.03982686739440816, 'num_points': 186}, {'avg_silhouette': 0.2988430729016577, 'num_points': 16}, {'avg_silhouette': 0.2512331949578814, 'num_points': 73}, {'avg_silhouette': 0.374295206908645, 'num_points': 62}, {'avg_silhouette': 0.19256886251826072, 'num_points': 38}, {'avg_silhouette': -0.061085027080961425, 'num_points': 88}, {'avg_silhouette': 0.5563847602177021, 'num_points': 62}, {'avg_silhouette': -0.008794313536580483, 'num_points': 66}, {'avg_silhouette': 0.3088638215405005, 'num_points': 300}, {'avg_silhouette': 0.2833546214232326, 'num_points': 15}, {'avg_silhouette': -0.03666789551333657, 'num_points': 121}, {'avg_silhouette': 0.38670452668900335, 'num_points': 68}, {'avg_silhouette': 0.4811536582311142, 'num_points': 301}, {'avg_silhouette': -0.10754493279004058, 'num_points': 204}, {'avg_silhouette': 0.5768928174760402, 'num_points': 21}, {'avg_silhouette': 0.20130567095968965, 'num_points': 7}, {'avg_silhouette': 0.2111557163595764, 'num_points': 254}, {'avg_silhouette': 0.11985545249446125, 'num_points': 55}, {'avg_silhouette': 0.12509695286713132, 'num_points': 154}, {'avg_silhouette': 0.23091164475266798, 'num_points': 235}, {'avg_silhouette': 0.293030316677347, 'num_points': 19}, {'avg_silhouette': 0.10265889869330046, 'num_points': 3}, {'avg_silhouette': 0.42008078460906606, 'num_points': 29}, {'avg_silhouette': -0.07566653158721065, 'num_points': 38}, {'avg_silhouette': 0.3121109235434287, 'num_points': 18}, {'avg_silhouette': 0.31833001124012444, 'num_points': 25}, {'avg_silhouette': -0.08992581631369004, 'num_points': 160}, {'avg_silhouette': 0.24958697145084455, 'num_points': 89}, {'avg_silhouette': -0.10578650754146986, 'num_points': 38}, {'avg_silhouette': 0.0821180752452189, 'num_points': 79}, {'avg_silhouette': 0.36790320896625084, 'num_points': 33}, {'avg_silhouette': 0.31572388302427573, 'num_points': 273}, {'avg_silhouette': 0.5470384257465705, 'num_points': 21}, {'avg_silhouette': 0.0716500153354805, 'num_points': 28}, {'avg_silhouette': 0.26906885405261666, 'num_points': 66}, {'avg_silhouette': 0.1979139056358946, 'num_points': 46}, {'avg_silhouette': 0.256966877014695, 'num_points': 135}, {'avg_silhouette': 0.11678594803524028, 'num_points': 30}, {'avg_silhouette': 0.36321623792986485, 'num_points': 44}, {'avg_silhouette': 0.26741387927320975, 'num_points': 24}]",,49,0.31740339247307564,,2,0.46895150800929924
AGGLC,ward,,"[{'avg_silhouette': -0.1295691167549261, 'num_points': 130}, {'avg_silhouette': 0.1810994370029363, 'num_points': 309}, {'avg_silhouette': -0.10044521069056213, 'num_points': 580}, {'avg_silhouette': 0.699252858871908, 'num_points': 1963}, {'avg_silhouette': 0.28415657566945984, 'num_points': 61}, {'avg_silhouette': 0.3112404801517223, 'num_points': 1108}, {'avg_silhouette': 0.1625683034488408, 'num_points': 235}, {'avg_silhouette': -0.022986549233939606, 'num_points': 137}, {'avg_silhouette': -0.0947117992236753, 'num_points': 43}, {'avg_silhouette': 0.44004533363533105, 'num_points': 280}, {'avg_silhouette': 0.4274141662466873, 'num_points': 30}, {'avg_silhouette': 0.14485161662326873, 'num_points': 421}, {'avg_silhouette': 0.2775344808917939, 'num_points': 161}, {'avg_silhouette': -0.24758595847933654, 'num_points': 509}, {'avg_silhouette': -0.0027590590730434696, 'num_points': 115}, {'avg_silhouette': 0.3125197257225739, 'num_points': 82}, {'avg_silhouette': 0.37712450933334984, 'num_points': 430}, {'avg_silhouette': 0.38039215979759056, 'num_points': 72}, {'avg_silhouette': 0.4041366029598042, 'num_points': 43}, {'avg_silhouette': 0.2643852526811573, 'num_points': 95}, {'avg_silhouette': 0.23797134956316032, 'num_points': 35}, {'avg_silhouette': 0.5577076425724807, 'num_points': 62}, {'avg_silhouette': 0.4307504976173341, 'num_points': 29}, {'avg_silhouette': 0.2712585350429904, 'num_points': 70}, {'avg_silhouette': 0.32503459636593185, 'num_points': 25}, {'avg_silhouette': 0.45578596667525134, 'num_points': 63}, {'avg_silhouette': 0.6260869714062991, 'num_points': 20}, {'avg_silhouette': 0.34433643818384074, 'num_points': 438}, {'avg_silhouette': 0.1860042680583825, 'num_points': 13}]",,29,0.31706336284914005,,7,0.2183963905705987
AGGLC,ward,,"[{'avg_silhouette': 0.6984686124912194, 'num_points': 1963}, {'avg_silhouette': 0.22717549365395295, 'num_points': 799}, {'avg_silhouette': -0.24844748587114307, 'num_points': 509}, {'avg_silhouette': -0.04112169200555703, 'num_points': 137}, {'avg_silhouette': 0.4396950020006588, 'num_points': 280}, {'avg_silhouette': -0.06531297513978888, 'num_points': 509}, {'avg_silhouette': 0.024438207980840544, 'num_points': 94}, {'avg_silhouette': 0.37558199285023497, 'num_points': 430}, {'avg_silhouette': -0.0993683485785826, 'num_points': 43}, {'avg_silhouette': 0.2588167503275032, 'num_points': 95}, {'avg_silhouette': 0.42727557585878784, 'num_points': 30}, {'avg_silhouette': 0.13922772347587256, 'num_points': 421}, {'avg_silhouette': 0.2639924184982108, 'num_points': 161}, {'avg_silhouette': 0.26522738731394435, 'num_points': 242}, {'avg_silhouette': -0.021810343101334548, 'num_points': 115}, {'avg_silhouette': 0.308522416351851, 'num_points': 82}, {'avg_silhouette': 0.24378777220966863, 'num_points': 222}, {'avg_silhouette': 0.3792064589312084, 'num_points': 72}, {'avg_silhouette': 0.40098442482200003, 'num_points': 43}, {'avg_silhouette': 0.36652746458422386, 'num_points': 40}, {'avg_silhouette': 0.22824444129850882, 'num_points': 35}, {'avg_silhouette': 0.5573105646931688, 'num_points': 62}, {'avg_silhouette': 0.42196058596429986, 'num_points': 29}, {'avg_silhouette': 0.26617053132851315, 'num_points': 70}, {'avg_silhouette': 0.32055576394094953, 'num_points': 25}, {'avg_silhouette': 0.4517887296770427, 'num_points': 63}, {'avg_silhouette': 0.6217582484855704, 'num_points': 20}, {'avg_silhouette': 0.3098644986290111, 'num_points': 438}, {'avg_silhouette': 0.18312844905185569, 'num_points': 13}, {'avg_silhouette': 0.30029306964367, 'num_points': 19}, {'avg_silhouette': 0.059624716619852115, 'num_points': 71}, {'avg_silhouette': 0.2562648233016815, 'num_points': 309}, {'avg_silhouette': 0.2883969677915544, 'num_points': 67}, {'avg_silhouette': 0.35467256318144164, 'num_points': 17}, {'avg_silhouette': 0.07492112908224878, 'num_points': 13}, {'avg_silhouette': 0.5468936722943324, 'num_points': 21}]",,36,0.3169855978737593,,7,0.20522255144133703
AGGLC,ward,,"[{'avg_silhouette': 0.13455209919849354, 'num_points': 74}, {'avg_silhouette': -0.1295691167549261, 'num_points': 130}, {'avg_silhouette': -0.10044521069056213, 'num_points': 580}, {'avg_silhouette': 0.699252858871908, 'num_points': 1963}, {'avg_silhouette': 0.1810994370029363, 'num_points': 309}, {'avg_silhouette': 0.3112404801517223, 'num_points': 1108}, {'avg_silhouette': 0.1625683034488408, 'num_points': 235}, {'avg_silhouette': -0.022986549233939606, 'num_points': 137}, {'avg_silhouette': -0.0947117992236753, 'num_points': 43}, {'avg_silhouette': 0.44004533363533105, 'num_points': 280}, {'avg_silhouette': 0.4274141662466873, 'num_points': 30}, {'avg_silhouette': 0.14485161662326873, 'num_points': 421}, {'avg_silhouette': 0.2775344808917939, 'num_points': 161}, {'avg_silhouette': -0.24758595847933654, 'num_points': 509}, {'avg_silhouette': -0.0027590590730434696, 'num_points': 115}, {'avg_silhouette': 0.3125197257225739, 'num_points': 82}, {'avg_silhouette': 0.37712450933334984, 'num_points': 430}, {'avg_silhouette': 0.38039215979759056, 'num_points': 72}, {'avg_silhouette': 0.4041366029598042, 'num_points': 43}, {'avg_silhouette': 0.2643852526811573, 'num_points': 95}, {'avg_silhouette': 0.23797134956316032, 'num_points': 35}, {'avg_silhouette': 0.5577076425724807, 'num_points': 62}, {'avg_silhouette': 0.4307504976173341, 'num_points': 29}, {'avg_silhouette': 0.2712585350429904, 'num_points': 70}, {'avg_silhouette': 0.32503459636593185, 'num_points': 25}, {'avg_silhouette': 0.45578596667525134, 'num_points': 63}, {'avg_silhouette': 0.6260869714062991, 'num_points': 20}, {'avg_silhouette': 0.34433643818384074, 'num_points': 438}]",,28,0.31576758943203365,,7,0.2183963905705987
AGGLC,ward,,"[{'avg_silhouette': 0.2729806977612247, 'num_points': 61}, {'avg_silhouette': 0.6984686124912194, 'num_points': 1963}, {'avg_silhouette': -0.24844748587114307, 'num_points': 509}, {'avg_silhouette': -0.04112169200555703, 'num_points': 137}, {'avg_silhouette': 0.22717549365395295, 'num_points': 799}, {'avg_silhouette': -0.06531297513978888, 'num_points': 509}, {'avg_silhouette': 0.024438207980840544, 'num_points': 94}, {'avg_silhouette': 0.37558199285023497, 'num_points': 430}, {'avg_silhouette': -0.0993683485785826, 'num_points': 43}, {'avg_silhouette': 0.4396950020006588, 'num_points': 280}, {'avg_silhouette': 0.42727557585878784, 'num_points': 30}, {'avg_silhouette': 0.13922772347587256, 'num_points': 421}, {'avg_silhouette': 0.2639924184982108, 'num_points': 161}, {'avg_silhouette': 0.26522738731394435, 'num_points': 242}, {'avg_silhouette': -0.021810343101334548, 'num_points': 115}, {'avg_silhouette': 0.308522416351851, 'num_points': 82}, {'avg_silhouette': 0.24378777220966863, 'num_points': 222}, {'avg_silhouette': 0.3792064589312084, 'num_points': 72}, {'avg_silhouette': 0.40098442482200003, 'num_points': 43}, {'avg_silhouette': 0.2588167503275032, 'num_points': 95}, {'avg_silhouette': 0.22824444129850882, 'num_points': 35}, {'avg_silhouette': 0.5573105646931688, 'num_points': 62}, {'avg_silhouette': 0.42196058596429986, 'num_points': 29}, {'avg_silhouette': 0.26617053132851315, 'num_points': 70}, {'avg_silhouette': 0.32055576394094953, 'num_points': 25}, {'avg_silhouette': 0.4517887296770427, 'num_points': 63}, {'avg_silhouette': 0.6217582484855704, 'num_points': 20}, {'avg_silhouette': 0.3098644986290111, 'num_points': 438}, {'avg_silhouette': 0.18312844905185569, 'num_points': 13}, {'avg_silhouette': 0.30029306964367, 'num_points': 19}, {'avg_silhouette': 0.059624716619852115, 'num_points': 71}, {'avg_silhouette': 0.2562648233016815, 'num_points': 309}, {'avg_silhouette': 0.2883969677915544, 'num_points': 67}, {'avg_silhouette': 0.35467256318144164, 'num_points': 17}, {'avg_silhouette': 0.07492112908224878, 'num_points': 13}]",,35,0.3157296059253381,,7,0.20522255144133703
K-means,,,"[{'avg_silhouette': 0.33399950920966837, 'num_points': 88}, {'avg_silhouette': 0.33484051258986364, 'num_points': 25}, {'avg_silhouette': 0.6177944493572373, 'num_points': 2103}, {'avg_silhouette': -0.11531814712795639, 'num_points': 103}, {'avg_silhouette': 0.33158421118126313, 'num_points': 72}, {'avg_silhouette': 0.3896198047777351, 'num_points': 296}, {'avg_silhouette': 0.4817166018834488, 'num_points': 40}, {'avg_silhouette': 0.27723262889738515, 'num_points': 1030}, {'avg_silhouette': 0.11923508431761179, 'num_points': 354}, {'avg_silhouette': -0.1248516048957064, 'num_points': 382}, {'avg_silhouette': 0.16579502135448373, 'num_points': 264}, {'avg_silhouette': 0.5603647902052695, 'num_points': 62}, {'avg_silhouette': 0.37051307751190143, 'num_points': 33}, {'avg_silhouette': 0.3756436221833177, 'num_points': 453}, {'avg_silhouette': 0.2611802736766615, 'num_points': 72}, {'avg_silhouette': 0.10411311537314565, 'num_points': 676}, {'avg_silhouette': 0.16217530307235323, 'num_points': 466}, {'avg_silhouette': 0.03301209526850802, 'num_points': 225}, {'avg_silhouette': 0.18041891629417994, 'num_points': 553}, {'avg_silhouette': 0.21144640554289096, 'num_points': 37}, {'avg_silhouette': 0.2758511265899412, 'num_points': 87}, {'avg_silhouette': 0.36567859130658265, 'num_points': 74}, {'avg_silhouette': 0.40404146402329033, 'num_points': 43}, {'avg_silhouette': 0.5830585769103953, 'num_points': 21}]",,24,0.3155189759838221,,7,0.22750377575455888
DBSCAN,,0.40727512683215816,"[{'avg_silhouette': 0.2823554511040676, 'num_points': 1986}, {'avg_silhouette': 0.5087728945465505, 'num_points': 368}, {'avg_silhouette': 0.5650904453043161, 'num_points': 2335}, {'avg_silhouette': 0.3536403427931173, 'num_points': 191}, {'avg_silhouette': 0.5416007354492935, 'num_points': 254}, {'avg_silhouette': 0.530710900364925, 'num_points': 12}, {'avg_silhouette': 0.26942225207736925, 'num_points': 281}, {'avg_silhouette': 0.37545941212263445, 'num_points': 14}, {'avg_silhouette': 0.5610729574643849, 'num_points': 21}, {'avg_silhouette': 0.4727929339139826, 'num_points': 15}, {'avg_silhouette': 0.30429798907108097, 'num_points': 150}, {'avg_silhouette': 0.3739868288789403, 'num_points': 36}, {'avg_silhouette': 0.39597779384454024, 'num_points': 41}, {'avg_silhouette': 0.6738143656043997, 'num_points': 39}, {'avg_silhouette': 0.5776768891600497, 'num_points': 24}, {'avg_silhouette': 0.6724456614878824, 'num_points': 36}, {'avg_silhouette': 0.4655498528075689, 'num_points': 45}, {'avg_silhouette': 0.7608106802718488, 'num_points': 14}, {'avg_silhouette': 0.7727619245145207, 'num_points': 16}, {'avg_silhouette': 0.7196574516825688, 'num_points': 16}, {'avg_silhouette': 0.3957700541923823, 'num_points': 41}, {'avg_silhouette': 0.3958281712581758, 'num_points': 10}, {'avg_silhouette': 0.4320979765668671, 'num_points': 14}, {'avg_silhouette': 0.4121649495945924, 'num_points': 19}, {'avg_silhouette': 0.7108821671527016, 'num_points': 24}, {'avg_silhouette': 0.3589861915526055, 'num_points': 208}, {'avg_silhouette': 0.5669371316962226, 'num_points': 22}, {'avg_silhouette': 0.5733197756652352, 'num_points': 12}, {'avg_silhouette': 0.7936331537024638, 'num_points': 17}, {'avg_silhouette': 0.45139209078998993, 'num_points': 14}, {'avg_silhouette': 0.4787975222317279, 'num_points': 44}, {'avg_silhouette': 0.5872464637279988, 'num_points': 10}, {'avg_silhouette': 0.7840410237692514, 'num_points': 10}, {'avg_silhouette': 0.8453142505478841, 'num_points': 10}, {'avg_silhouette': 0.5413302314359063, 'num_points': 29}, {'avg_silhouette': 0.5084402830298167, 'num_points': 35}, {'avg_silhouette': 0.5924250264199467, 'num_points': 10}, {'avg_silhouette': 0.8344576021461458, 'num_points': 42}]",10.0,38,0.3152662895804943,,2,0.4237229482041919
AGGLC,ward,,"[{'avg_silhouette': 0.16893156726197203, 'num_points': 553}, {'avg_silhouette': -0.12911323693999008, 'num_points': 130}, {'avg_silhouette': 0.13499715371678456, 'num_points': 74}, {'avg_silhouette': 0.699252858871908, 'num_points': 1963}, {'avg_silhouette': 0.19207273761979218, 'num_points': 309}, {'avg_silhouette': 0.33845516388799096, 'num_points': 1108}, {'avg_silhouette': -0.09213366696288217, 'num_points': 580}, {'avg_silhouette': -0.01613667805891754, 'num_points': 137}, {'avg_silhouette': -0.08583155426462281, 'num_points': 43}, {'avg_silhouette': 0.4401473010626167, 'num_points': 280}, {'avg_silhouette': 0.4274141662466873, 'num_points': 30}, {'avg_silhouette': 0.14754159417205412, 'num_points': 421}, {'avg_silhouette': 0.2924766712858195, 'num_points': 161}, {'avg_silhouette': -0.24626326721279335, 'num_points': 509}, {'avg_silhouette': 0.18252121259167461, 'num_points': 235}, {'avg_silhouette': 0.31352595165086417, 'num_points': 82}, {'avg_silhouette': 0.3777745123148761, 'num_points': 430}, {'avg_silhouette': 0.3804574950295423, 'num_points': 72}, {'avg_silhouette': 0.40543718544133134, 'num_points': 43}, {'avg_silhouette': 0.26511345510486234, 'num_points': 95}, {'avg_silhouette': 0.2417603872522158, 'num_points': 35}, {'avg_silhouette': 0.5577076425724807, 'num_points': 62}, {'avg_silhouette': 0.4313639530752324, 'num_points': 29}, {'avg_silhouette': 0.2719338719192226, 'num_points': 70}, {'avg_silhouette': 0.3251949813326054, 'num_points': 25}, {'avg_silhouette': 0.45753827542120606, 'num_points': 63}, {'avg_silhouette': 0.6260869714062991, 'num_points': 20}]",,27,0.31476582963335537,,7,0.1990798231904465
DBSCAN,,0.39727512683215815,"[{'avg_silhouette': 0.2838784815490837, 'num_points': 1981}, {'avg_silhouette': 0.5076347536080914, 'num_points': 368}, {'avg_silhouette': 0.568316639018256, 'num_points': 2330}, {'avg_silhouette': 0.38777514901146887, 'num_points': 190}, {'avg_silhouette': 0.5416007354492935, 'num_points': 254}, {'avg_silhouette': 0.5305512993735055, 'num_points': 12}, {'avg_silhouette': 0.2705649490077862, 'num_points': 280}, {'avg_silhouette': 0.4128636110725364, 'num_points': 12}, {'avg_silhouette': 0.5610729574643849, 'num_points': 21}, {'avg_silhouette': 0.4727929339139826, 'num_points': 15}, {'avg_silhouette': 0.31893245215003657, 'num_points': 149}, {'avg_silhouette': 0.37361980154224583, 'num_points': 36}, {'avg_silhouette': 0.3952710783044792, 'num_points': 41}, {'avg_silhouette': 0.6736495291027202, 'num_points': 39}, {'avg_silhouette': 0.5754545172006867, 'num_points': 24}, {'avg_silhouette': 0.6723241880354465, 'num_points': 36}, {'avg_silhouette': 0.4652989404781557, 'num_points': 45}, {'avg_silhouette': 0.7871769915636995, 'num_points': 13}, {'avg_silhouette': 0.7727619245145207, 'num_points': 16}, {'avg_silhouette': 0.7389055385795196, 'num_points': 15}, {'avg_silhouette': 0.4409764698579668, 'num_points': 36}, {'avg_silhouette': 0.4320979765668671, 'num_points': 14}, {'avg_silhouette': 0.41145682858391236, 'num_points': 19}, {'avg_silhouette': 0.7229483009704516, 'num_points': 23}, {'avg_silhouette': 0.35897732847678243, 'num_points': 208}, {'avg_silhouette': 0.6019245580999562, 'num_points': 21}, {'avg_silhouette': 0.5733197756652352, 'num_points': 12}, {'avg_silhouette': 0.7935054974787983, 'num_points': 17}, {'avg_silhouette': 0.4787975222317279, 'num_points': 44}, {'avg_silhouette': 0.5869575573578505, 'num_points': 10}, {'avg_silhouette': 0.7840410237692514, 'num_points': 10}, {'avg_silhouette': 0.8453142505478841, 'num_points': 10}, {'avg_silhouette': 0.5407574576717998, 'num_points': 29}, {'avg_silhouette': 0.5084402830298167, 'num_points': 35}, {'avg_silhouette': 0.45071409975213866, 'num_points': 14}, {'avg_silhouette': 0.5924250264199467, 'num_points': 10}, {'avg_silhouette': 0.8343614680105604, 'num_points': 42}]",10.0,37,0.31455530856004027,,2,0.42609756028366985
K-means,,,"[{'avg_silhouette': 0.12461544806688821, 'num_points': 368}, {'avg_silhouette': 0.25298185371137843, 'num_points': 331}, {'avg_silhouette': 0.36428307726630194, 'num_points': 75}, {'avg_silhouette': 0.1990591121369772, 'num_points': 578}, {'avg_silhouette': 0.1845355159514022, 'num_points': 270}, {'avg_silhouette': 0.23445898833921025, 'num_points': 1790}, {'avg_silhouette': 0.2960553018958627, 'num_points': 70}, {'avg_silhouette': 0.2630202906291946, 'num_points': 92}, {'avg_silhouette': 0.1619099569430469, 'num_points': 489}, {'avg_silhouette': 0.5159239483289312, 'num_points': 2536}, {'avg_silhouette': 0.36652746458422386, 'num_points': 40}, {'avg_silhouette': 0.37992541801191493, 'num_points': 465}, {'avg_silhouette': 0.28969376690387577, 'num_points': 95}, {'avg_silhouette': 0.4495191655972201, 'num_points': 29}, {'avg_silhouette': -0.13032839143603409, 'num_points': 310}, {'avg_silhouette': 0.5702488575567266, 'num_points': 21}]",,16,0.31451444643072163,,5,0.29825548475201613
K-means,,,"[{'avg_silhouette': 0.27315202827873314, 'num_points': 953}, {'avg_silhouette': 0.6391820669389237, 'num_points': 1947}, {'avg_silhouette': 0.3743855632286052, 'num_points': 292}, {'avg_silhouette': 0.3739875906801656, 'num_points': 53}, {'avg_silhouette': -0.0709608120039951, 'num_points': 168}, {'avg_silhouette': 0.3121931657311566, 'num_points': 306}, {'avg_silhouette': -0.1991216404003139, 'num_points': 360}, {'avg_silhouette': 0.19720434149267432, 'num_points': 351}, {'avg_silhouette': 0.2988430729016577, 'num_points': 16}, {'avg_silhouette': 0.3718595647606937, 'num_points': 44}, {'avg_silhouette': -0.11730987570859562, 'num_points': 9}, {'avg_silhouette': 0.3087980778211549, 'num_points': 90}, {'avg_silhouette': 0.18149887301146242, 'num_points': 272}, {'avg_silhouette': 0.3675266796744568, 'num_points': 33}, {'avg_silhouette': 0.5787073108243596, 'num_points': 21}, {'avg_silhouette': 0.5136950545961207, 'num_points': 349}, {'avg_silhouette': 0.5533949163676162, 'num_points': 21}, {'avg_silhouette': 0.16629217099961693, 'num_points': 245}, {'avg_silhouette': 0.2583273767936498, 'num_points': 88}, {'avg_silhouette': 0.6395314822864977, 'num_points': 53}, {'avg_silhouette': 0.11317669455219996, 'num_points': 2}, {'avg_silhouette': 0.2899822766862862, 'num_points': 68}, {'avg_silhouette': 0.14864659925638185, 'num_points': 87}, {'avg_silhouette': 0.1529537596466536, 'num_points': 11}, {'avg_silhouette': -0.05377058230204827, 'num_points': 63}, {'avg_silhouette': 0.036216826946331736, 'num_points': 65}, {'avg_silhouette': 0.30472924408169905, 'num_points': 19}, {'avg_silhouette': 0.35879087116517105, 'num_points': 74}, {'avg_silhouette': 0.45606351802509026, 'num_points': 59}, {'avg_silhouette': -0.002124694745186838, 'num_points': 221}, {'avg_silhouette': -0.017225038555614837, 'num_points': 126}, {'avg_silhouette': 0.11549060753417274, 'num_points': 35}, {'avg_silhouette': 0.1073392250855024, 'num_points': 153}, {'avg_silhouette': 0.23517518072722998, 'num_points': 49}, {'avg_silhouette': -0.08830435155526922, 'num_points': 107}, {'avg_silhouette': -0.10587214507609069, 'num_points': 29}, {'avg_silhouette': 0.19037033060253294, 'num_points': 151}, {'avg_silhouette': 0.270880968176073, 'num_points': 19}, {'avg_silhouette': 0.18788846466035367, 'num_points': 526}, {'avg_silhouette': 0.26741387927320975, 'num_points': 24}]",,40,0.31401389082252434,,3,0.36674085329267014
K-means,,,"[{'avg_silhouette': 0.5266890423419339, 'num_points': 346}, {'avg_silhouette': 0.14732393092762863, 'num_points': 321}, {'avg_silhouette': 0.2698353290476974, 'num_points': 839}, {'avg_silhouette': 0.09287529247582786, 'num_points': 163}, {'avg_silhouette': 0.4741730065630271, 'num_points': 40}, {'avg_silhouette': 0.6123927668873695, 'num_points': 2106}, {'avg_silhouette': 0.19437282493367916, 'num_points': 265}, {'avg_silhouette': 0.055127671542473555, 'num_points': 553}, {'avg_silhouette': 0.26993394396629616, 'num_points': 89}, {'avg_silhouette': 0.17415238433917635, 'num_points': 189}, {'avg_silhouette': 0.2841958817067, 'num_points': 93}, {'avg_silhouette': 0.10473520818813697, 'num_points': 132}, {'avg_silhouette': 0.3616146892745755, 'num_points': 74}, {'avg_silhouette': 0.15733310047494778, 'num_points': 557}, {'avg_silhouette': 0.22768796789941861, 'num_points': 324}, {'avg_silhouette': 0.2172110374572183, 'num_points': 78}, {'avg_silhouette': 0.5586306189621816, 'num_points': 62}, {'avg_silhouette': 0.4201515605434567, 'num_points': 66}, {'avg_silhouette': 0.2637485022913975, 'num_points': 71}, {'avg_silhouette': -0.1110569067870528, 'num_points': 111}, {'avg_silhouette': 0.5790517382841797, 'num_points': 21}, {'avg_silhouette': 0.3746808208400173, 'num_points': 44}, {'avg_silhouette': 0.1937828296992394, 'num_points': 282}, {'avg_silhouette': 0.3277021660340506, 'num_points': 25}, {'avg_silhouette': -0.13171723990553627, 'num_points': 224}, {'avg_silhouette': 0.21945957065288846, 'num_points': 36}, {'avg_silhouette': 0.17885126367734458, 'num_points': 26}, {'avg_silhouette': 0.2707719684404309, 'num_points': 19}, {'avg_silhouette': 0.15602813372688476, 'num_points': 263}, {'avg_silhouette': 0.30686233116231143, 'num_points': 19}, {'avg_silhouette': -0.11595289663815318, 'num_points': 66}, {'avg_silhouette': 0.34628883199328997, 'num_points': 55}]",,32,0.3136283515514244,,4,0.2736722169881221
K-means,,,"[{'avg_silhouette': 0.05811352977363522, 'num_points': 14}, {'avg_silhouette': 0.6098867642414127, 'num_points': 2083}, {'avg_silhouette': -0.028575897618478133, 'num_points': 194}, {'avg_silhouette': 0.10533474463753667, 'num_points': 556}, {'avg_silhouette': 0.18793209842499833, 'num_points': 13}, {'avg_silhouette': -0.010199603496708363, 'num_points': 98}, {'avg_silhouette': -0.0881777846126444, 'num_points': 55}, {'avg_silhouette': 0.37814524352522105, 'num_points': 44}, {'avg_silhouette': 0.2929796389179264, 'num_points': 787}, {'avg_silhouette': 0.27792726100310366, 'num_points': 94}, {'avg_silhouette': 0.27277782317436616, 'num_points': 70}, {'avg_silhouette': 0.4253241604695644, 'num_points': 288}, {'avg_silhouette': 0.361845588556991, 'num_points': 74}, {'avg_silhouette': 0.16339444832475822, 'num_points': 118}, {'avg_silhouette': 0.2539189657717805, 'num_points': 374}, {'avg_silhouette': 0.24613085391381562, 'num_points': 249}, {'avg_silhouette': 0.2753220918083184, 'num_points': 88}, {'avg_silhouette': 0.39571928382623833, 'num_points': 445}, {'avg_silhouette': 0.06763348967507693, 'num_points': 182}, {'avg_silhouette': 0.3935829244171218, 'num_points': 30}, {'avg_silhouette': 0.15174167757726342, 'num_points': 307}, {'avg_silhouette': 0.5581055562919067, 'num_points': 62}, {'avg_silhouette': 0.4199762983010227, 'num_points': 66}, {'avg_silhouette': 0.11962203326464708, 'num_points': 321}, {'avg_silhouette': 0.06991699997841154, 'num_points': 266}, {'avg_silhouette': 0.3237915103285441, 'num_points': 25}, {'avg_silhouette': 0.11458288398231711, 'num_points': 158}, {'avg_silhouette': -0.11214361004988584, 'num_points': 221}, {'avg_silhouette': 0.5497808801294596, 'num_points': 21}, {'avg_silhouette': -0.010493971063076807, 'num_points': 59}, {'avg_silhouette': 0.36652746458422386, 'num_points': 40}, {'avg_silhouette': 0.24480793639557785, 'num_points': 48}, {'avg_silhouette': 0.02167557603115416, 'num_points': 109}]",,33,0.3134697731981784,,4,0.3509801079057785
AGGLC,ward,,"[{'avg_silhouette': 0.14850969613045614, 'num_points': 235}, {'avg_silhouette': 0.2729806977612247, 'num_points': 61}, {'avg_silhouette': -0.24809844446842425, 'num_points': 509}, {'avg_silhouette': 0.6984686124912194, 'num_points': 1963}, {'avg_silhouette': 0.22724391785265916, 'num_points': 799}, {'avg_silhouette': -0.06454384745365242, 'num_points': 509}, {'avg_silhouette': 0.024438207980840544, 'num_points': 94}, {'avg_silhouette': -0.03766225492971214, 'num_points': 137}, {'avg_silhouette': -0.09865048853559022, 'num_points': 43}, {'avg_silhouette': 0.44004533363533105, 'num_points': 280}, {'avg_silhouette': 0.4274141662466873, 'num_points': 30}, {'avg_silhouette': 0.14051011406629027, 'num_points': 421}, {'avg_silhouette': 0.2639924184982108, 'num_points': 161}, {'avg_silhouette': 0.26522738731394435, 'num_points': 242}, {'avg_silhouette': -0.021810343101334548, 'num_points': 115}, {'avg_silhouette': 0.31062819894559024, 'num_points': 82}, {'avg_silhouette': 0.3757279026673162, 'num_points': 430}, {'avg_silhouette': 0.3792385761183691, 'num_points': 72}, {'avg_silhouette': 0.40098442482200003, 'num_points': 43}, {'avg_silhouette': 0.2611474053571926, 'num_points': 95}, {'avg_silhouette': 0.2303219751563885, 'num_points': 35}, {'avg_silhouette': 0.55764027347751, 'num_points': 62}, {'avg_silhouette': 0.42197377538667213, 'num_points': 29}, {'avg_silhouette': 0.2664115057922234, 'num_points': 70}, {'avg_silhouette': 0.32055576394094953, 'num_points': 25}, {'avg_silhouette': 0.4517887296770427, 'num_points': 63}, {'avg_silhouette': 0.6217582484855704, 'num_points': 20}, {'avg_silhouette': 0.3098644986290111, 'num_points': 438}, {'avg_silhouette': 0.18420209281370598, 'num_points': 13}, {'avg_silhouette': 0.30029306964367, 'num_points': 19}, {'avg_silhouette': 0.06309879504420421, 'num_points': 71}, {'avg_silhouette': 0.2562648233016815, 'num_points': 309}, {'avg_silhouette': 0.2883969677915544, 'num_points': 67}, {'avg_silhouette': 0.354961598066297, 'num_points': 17}]",,34,0.31340267938438726,,7,0.2055961076834885
AGGLC,ward,,"[{'avg_silhouette': -0.11031700225585964, 'num_points': 180}, {'avg_silhouette': 0.021567320887773443, 'num_points': 631}, {'avg_silhouette': 0.2901803063184549, 'num_points': 1688}, {'avg_silhouette': 0.48167178238905073, 'num_points': 2546}, {'avg_silhouette': 0.24860550236304496, 'num_points': 309}, {'avg_silhouette': 0.19419987995027596, 'num_points': 421}, {'avg_silhouette': -0.025826166732088564, 'num_points': 291}, {'avg_silhouette': 0.27666264431439846, 'num_points': 310}, {'avg_silhouette': 0.3958072375746879, 'num_points': 72}, {'avg_silhouette': 0.28033192322826306, 'num_points': 95}, {'avg_silhouette': 0.5720240203360982, 'num_points': 62}, {'avg_silhouette': 0.2916124108442934, 'num_points': 70}, {'avg_silhouette': 0.46956359071431397, 'num_points': 63}, {'avg_silhouette': 0.14309088608867493, 'num_points': 74}, {'avg_silhouette': 0.24556481526699933, 'num_points': 235}, {'avg_silhouette': 0.3294904342991485, 'num_points': 82}, {'avg_silhouette': 0.43165065110251216, 'num_points': 430}]",,17,0.3133026669932264,,5,0.2838539881296135
K-means,,,"[{'avg_silhouette': -0.09891159107420398, 'num_points': 120}, {'avg_silhouette': 0.2717504257350722, 'num_points': 835}, {'avg_silhouette': 0.5389692184883313, 'num_points': 2449}, {'avg_silhouette': 0.36815884779551683, 'num_points': 295}, {'avg_silhouette': 0.2592883342489383, 'num_points': 89}, {'avg_silhouette': 0.13096387804081144, 'num_points': 324}, {'avg_silhouette': -0.11713438703611745, 'num_points': 103}, {'avg_silhouette': 0.1744549351184494, 'num_points': 463}, {'avg_silhouette': 0.1497223163527915, 'num_points': 265}, {'avg_silhouette': -0.00047574694874223704, 'num_points': 39}, {'avg_silhouette': 0.033931105586053535, 'num_points': 30}, {'avg_silhouette': 0.28478944646269716, 'num_points': 61}, {'avg_silhouette': -0.0198099286730303, 'num_points': 93}, {'avg_silhouette': 0.3616628017123176, 'num_points': 74}, {'avg_silhouette': 0.3801116785894158, 'num_points': 69}, {'avg_silhouette': 0.3504459890211383, 'num_points': 45}, {'avg_silhouette': 0.055993938190109525, 'num_points': 219}, {'avg_silhouette': 0.28227885473182746, 'num_points': 70}, {'avg_silhouette': 0.5901575995442301, 'num_points': 61}, {'avg_silhouette': 0.06932175661649624, 'num_points': 556}, {'avg_silhouette': 0.37401867199586897, 'num_points': 33}, {'avg_silhouette': 0.2298221446305656, 'num_points': 246}, {'avg_silhouette': 0.37934858528595017, 'num_points': 63}, {'avg_silhouette': 0.4400748849566547, 'num_points': 29}, {'avg_silhouette': 0.5001110941147556, 'num_points': 354}, {'avg_silhouette': 0.12877799956814923, 'num_points': 574}]",,26,0.3129819405166466,,5,0.2366548671052997
AGGLC,ward,,"[{'avg_silhouette': 0.19069053601757843, 'num_points': 1688}, {'avg_silhouette': 0.6924242830993553, 'num_points': 1983}, {'avg_silhouette': -0.2551546726349132, 'num_points': 534}, {'avg_silhouette': 0.21477819321842906, 'num_points': 553}, {'avg_silhouette': 0.23116089774233559, 'num_points': 309}, {'avg_silhouette': 0.1533047440633908, 'num_points': 421}, {'avg_silhouette': -0.04585437753874102, 'num_points': 291}, {'avg_silhouette': 0.00085521741747611, 'num_points': 137}, {'avg_silhouette': -0.07243733652107663, 'num_points': 43}, {'avg_silhouette': 0.4401473010626167, 'num_points': 280}, {'avg_silhouette': 0.428343498010861, 'num_points': 30}, {'avg_silhouette': 0.278134946511627, 'num_points': 70}, {'avg_silhouette': 0.4676347945099228, 'num_points': 63}, {'avg_silhouette': 0.14089577665656008, 'num_points': 74}, {'avg_silhouette': 0.21933931625087044, 'num_points': 235}, {'avg_silhouette': 0.31595655505434384, 'num_points': 82}, {'avg_silhouette': 0.38293838438410677, 'num_points': 430}, {'avg_silhouette': 0.38497987800286215, 'num_points': 72}, {'avg_silhouette': 0.41586142074744886, 'num_points': 43}, {'avg_silhouette': 0.27519200077863154, 'num_points': 95}, {'avg_silhouette': 0.24867171293906273, 'num_points': 35}, {'avg_silhouette': 0.5595227223325807, 'num_points': 62}, {'avg_silhouette': 0.43263710859562127, 'num_points': 29}]",,23,0.312522907575018,,6,0.22983024469132451
AGGLC,ward,,"[{'avg_silhouette': 0.26436780794579695, 'num_points': 740}, {'avg_silhouette': -0.10237206878819699, 'num_points': 180}, {'avg_silhouette': 0.2903774572032559, 'num_points': 1688}, {'avg_silhouette': 0.021614434831185827, 'num_points': 631}, {'avg_silhouette': 0.24860550236304496, 'num_points': 309}, {'avg_silhouette': 0.19491905479747246, 'num_points': 421}, {'avg_silhouette': -0.017322113494241998, 'num_points': 291}, {'avg_silhouette': 0.5048212737842036, 'num_points': 2546}, {'avg_silhouette': 0.3976743526485145, 'num_points': 72}, {'avg_silhouette': 0.2812834631008812, 'num_points': 95}, {'avg_silhouette': 0.5720240203360982, 'num_points': 62}, {'avg_silhouette': 0.293875071095593, 'num_points': 70}, {'avg_silhouette': 0.4744067072345931, 'num_points': 63}, {'avg_silhouette': 0.1479317001018964, 'num_points': 74}, {'avg_silhouette': 0.24666427618028372, 'num_points': 235}, {'avg_silhouette': 0.34201839065799877, 'num_points': 82}]",,16,0.31199268684822223,,5,0.2552200057123829
AGGLC,ward,,"[{'avg_silhouette': -0.2696815334310743, 'num_points': 563}, {'avg_silhouette': 0.7036374912328632, 'num_points': 1983}, {'avg_silhouette': 0.19069561967492532, 'num_points': 1688}, {'avg_silhouette': 0.21477819321842906, 'num_points': 553}, {'avg_silhouette': 0.23116089774233559, 'num_points': 309}, {'avg_silhouette': 0.15342302824017712, 'num_points': 421}, {'avg_silhouette': -0.045838139423277836, 'num_points': 291}, {'avg_silhouette': 0.00085521741747611, 'num_points': 137}, {'avg_silhouette': -0.07243733652107663, 'num_points': 43}, {'avg_silhouette': 0.4401473010626167, 'num_points': 280}, {'avg_silhouette': 0.428343498010861, 'num_points': 30}, {'avg_silhouette': 0.278134946511627, 'num_points': 70}, {'avg_silhouette': 0.4676347945099228, 'num_points': 63}, {'avg_silhouette': 0.14089577665656008, 'num_points': 74}, {'avg_silhouette': 0.21933931625087044, 'num_points': 235}, {'avg_silhouette': 0.31595655505434384, 'num_points': 82}, {'avg_silhouette': 0.38293838438410677, 'num_points': 430}, {'avg_silhouette': 0.38497987800286215, 'num_points': 72}, {'avg_silhouette': 0.41586142074744886, 'num_points': 43}, {'avg_silhouette': 0.2755121980624228, 'num_points': 95}, {'avg_silhouette': 0.24867171293906273, 'num_points': 35}, {'avg_silhouette': 0.559638354043905, 'num_points': 62}]",,22,0.31175718452918033,,6,0.22929853055323787
DBSCAN,,0.38727512683215815,"[{'avg_silhouette': 0.28767304136959293, 'num_points': 1969}, {'avg_silhouette': 0.5100925806248773, 'num_points': 367}, {'avg_silhouette': 0.5705265090730038, 'num_points': 2324}, {'avg_silhouette': 0.3877776213291177, 'num_points': 189}, {'avg_silhouette': 0.5412191337524811, 'num_points': 254}, {'avg_silhouette': 0.528251972924272, 'num_points': 12}, {'avg_silhouette': 0.42408932295543156, 'num_points': 10}, {'avg_silhouette': 0.5610729574643849, 'num_points': 21}, {'avg_silhouette': 0.4727929339139826, 'num_points': 15}, {'avg_silhouette': 0.31918637571731917, 'num_points': 146}, {'avg_silhouette': 0.37901539117033073, 'num_points': 35}, {'avg_silhouette': 0.2776359055294093, 'num_points': 274}, {'avg_silhouette': 0.40903390324899247, 'num_points': 39}, {'avg_silhouette': 0.6804181544648766, 'num_points': 38}, {'avg_silhouette': 0.5747007240397222, 'num_points': 24}, {'avg_silhouette': 0.6721692426776752, 'num_points': 36}, {'avg_silhouette': 0.46349405029565716, 'num_points': 45}, {'avg_silhouette': 0.7871425973417945, 'num_points': 13}, {'avg_silhouette': 0.7727619245145207, 'num_points': 16}, {'avg_silhouette': 0.7387490406344727, 'num_points': 15}, {'avg_silhouette': 0.448475800265862, 'num_points': 35}, {'avg_silhouette': 0.43162281995835444, 'num_points': 14}, {'avg_silhouette': 0.43692275531085095, 'num_points': 18}, {'avg_silhouette': 0.7226792770012792, 'num_points': 23}, {'avg_silhouette': 0.3484664491123927, 'num_points': 207}, {'avg_silhouette': 0.6015369900082693, 'num_points': 21}, {'avg_silhouette': 0.6180132909785414, 'num_points': 11}, {'avg_silhouette': 0.7933747263516213, 'num_points': 17}, {'avg_silhouette': 0.5842131173972279, 'num_points': 35}, {'avg_silhouette': 0.5849417266658914, 'num_points': 10}, {'avg_silhouette': 0.7840410237692514, 'num_points': 10}, {'avg_silhouette': 0.8452364676728934, 'num_points': 10}, {'avg_silhouette': 0.5394875819072199, 'num_points': 29}, {'avg_silhouette': 0.5084402830298167, 'num_points': 35}, {'avg_silhouette': 0.4498819431067672, 'num_points': 14}, {'avg_silhouette': 0.5924250264199467, 'num_points': 10}, {'avg_silhouette': 0.83425801224614, 'num_points': 42}]",10.0,37,0.3117357356780583,,2,0.4290997752212984
AGGLC,ward,,"[{'avg_silhouette': -0.0699829440059659, 'num_points': 111}, {'avg_silhouette': 0.2729806977612247, 'num_points': 61}, {'avg_silhouette': 0.14850969613045614, 'num_points': 235}, {'avg_silhouette': 0.6984686124912194, 'num_points': 1963}, {'avg_silhouette': 0.22732066646508253, 'num_points': 799}, {'avg_silhouette': -0.06454384745365242, 'num_points': 509}, {'avg_silhouette': -0.24809844446842425, 'num_points': 509}, {'avg_silhouette': -0.03766225492971214, 'num_points': 137}, {'avg_silhouette': -0.09731589845933729, 'num_points': 43}, {'avg_silhouette': 0.44004533363533105, 'num_points': 280}, {'avg_silhouette': 0.4274141662466873, 'num_points': 30}, {'avg_silhouette': 0.14147631622752269, 'num_points': 421}, {'avg_silhouette': 0.2639924184982108, 'num_points': 161}, {'avg_silhouette': 0.26522738731394435, 'num_points': 242}, {'avg_silhouette': -0.021810343101334548, 'num_points': 115}, {'avg_silhouette': 0.31062819894559024, 'num_points': 82}, {'avg_silhouette': 0.3757279026673162, 'num_points': 430}, {'avg_silhouette': 0.3792385761183691, 'num_points': 72}, {'avg_silhouette': 0.40098442482200003, 'num_points': 43}, {'avg_silhouette': 0.2611474053571926, 'num_points': 95}, {'avg_silhouette': 0.2303219751563885, 'num_points': 35}, {'avg_silhouette': 0.55764027347751, 'num_points': 62}, {'avg_silhouette': 0.42197377538667213, 'num_points': 29}, {'avg_silhouette': 0.2671091721440317, 'num_points': 70}, {'avg_silhouette': 0.32055576394094953, 'num_points': 25}, {'avg_silhouette': 0.4517887296770427, 'num_points': 63}, {'avg_silhouette': 0.6217582484855704, 'num_points': 20}, {'avg_silhouette': 0.3098644986290111, 'num_points': 438}, {'avg_silhouette': 0.18420209281370598, 'num_points': 13}, {'avg_silhouette': 0.300453093296882, 'num_points': 19}, {'avg_silhouette': 0.06309879504420421, 'num_points': 71}, {'avg_silhouette': 0.2562648233016815, 'num_points': 309}, {'avg_silhouette': 0.2883969677915544, 'num_points': 67}]",,33,0.3113491950897098,,7,0.20574510065115362
AGGLC,ward,,"[{'avg_silhouette': 0.6779829167321754, 'num_points': 1983}, {'avg_silhouette': 0.16893156726197203, 'num_points': 553}, {'avg_silhouette': 0.1351003513260115, 'num_points': 74}, {'avg_silhouette': -0.12833216997461647, 'num_points': 130}, {'avg_silhouette': 0.19207273761979218, 'num_points': 309}, {'avg_silhouette': 0.33897970696063745, 'num_points': 1108}, {'avg_silhouette': -0.09212486244134398, 'num_points': 580}, {'avg_silhouette': -0.014253775879372143, 'num_points': 137}, {'avg_silhouette': -0.08583155426462281, 'num_points': 43}, {'avg_silhouette': 0.4401473010626167, 'num_points': 280}, {'avg_silhouette': 0.428343498010861, 'num_points': 30}, {'avg_silhouette': 0.15259909228370983, 'num_points': 421}, {'avg_silhouette': 0.2924766712858195, 'num_points': 161}, {'avg_silhouette': -0.23655458848764352, 'num_points': 509}, {'avg_silhouette': 0.1825339803301554, 'num_points': 235}, {'avg_silhouette': 0.3139968563870806, 'num_points': 82}, {'avg_silhouette': 0.3811705106236456, 'num_points': 430}, {'avg_silhouette': 0.381928305940318, 'num_points': 72}, {'avg_silhouette': 0.4055513464192625, 'num_points': 43}, {'avg_silhouette': 0.2656018830252667, 'num_points': 95}, {'avg_silhouette': 0.24185312924784622, 'num_points': 35}, {'avg_silhouette': 0.5590649334169099, 'num_points': 62}, {'avg_silhouette': 0.43263710859562127, 'num_points': 29}, {'avg_silhouette': 0.2731307697507638, 'num_points': 70}, {'avg_silhouette': 0.32684765899816814, 'num_points': 25}, {'avg_silhouette': 0.45753827542120606, 'num_points': 63}]",,26,0.3106972730823973,,7,0.19871204899045042
K-means,,,"[{'avg_silhouette': 0.0814442401918662, 'num_points': 584}, {'avg_silhouette': 0.6218288563668303, 'num_points': 2083}, {'avg_silhouette': 0.1430887682158486, 'num_points': 266}, {'avg_silhouette': 0.4790469388274314, 'num_points': 40}, {'avg_silhouette': 0.5597149002697898, 'num_points': 62}, {'avg_silhouette': 0.3791906251211224, 'num_points': 450}, {'avg_silhouette': 0.17425842911088138, 'num_points': 413}, {'avg_silhouette': 0.18627749996172918, 'num_points': 186}, {'avg_silhouette': 0.42959685116979296, 'num_points': 42}, {'avg_silhouette': 0.36341166270799036, 'num_points': 74}, {'avg_silhouette': 0.1464032290747415, 'num_points': 566}, {'avg_silhouette': 0.02153276346268229, 'num_points': 100}, {'avg_silhouette': 0.40773245057443386, 'num_points': 292}, {'avg_silhouette': -0.12480690160446768, 'num_points': 381}, {'avg_silhouette': 0.2559441662196909, 'num_points': 817}, {'avg_silhouette': 0.36742099268122136, 'num_points': 33}, {'avg_silhouette': 0.35616061597206566, 'num_points': 70}, {'avg_silhouette': 0.17034933656565088, 'num_points': 273}, {'avg_silhouette': 0.3469648085742172, 'num_points': 45}, {'avg_silhouette': 0.26892871854911876, 'num_points': 71}, {'avg_silhouette': -0.07474657140598873, 'num_points': 7}, {'avg_silhouette': 0.043848150480870325, 'num_points': 85}, {'avg_silhouette': 0.1451440500887293, 'num_points': 323}, {'avg_silhouette': 0.39822285475794084, 'num_points': 30}, {'avg_silhouette': -0.097615059890329, 'num_points': 96}, {'avg_silhouette': 0.581027644928398, 'num_points': 21}, {'avg_silhouette': 0.28105159192295437, 'num_points': 19}, {'avg_silhouette': 0.37751312560864814, 'num_points': 83}, {'avg_silhouette': 0.10990096116630271, 'num_points': 47}]",,29,0.31056318830330626,,7,0.21918037778295213
DBSCAN,,0.3672751268321581,"[{'avg_silhouette': 0.26498534377899197, 'num_points': 1959}, {'avg_silhouette': 0.5115748351230592, 'num_points': 366}, {'avg_silhouette': 0.5583957312323072, 'num_points': 2329}, {'avg_silhouette': 0.3144346512342862, 'num_points': 186}, {'avg_silhouette': 0.5298302818731013, 'num_points': 256}, {'avg_silhouette': 0.520791461877136, 'num_points': 12}, {'avg_silhouette': 0.563453462406711, 'num_points': 6}, {'avg_silhouette': 0.48385304661282164, 'num_points': 8}, {'avg_silhouette': 0.5610729574643849, 'num_points': 21}, {'avg_silhouette': 0.4727929339139826, 'num_points': 15}, {'avg_silhouette': 0.2878270971471499, 'num_points': 144}, {'avg_silhouette': 0.37730030437562656, 'num_points': 35}, {'avg_silhouette': 0.1857869139363807, 'num_points': 268}, {'avg_silhouette': 0.41591941433011437, 'num_points': 38}, {'avg_silhouette': 0.8398589273904259, 'num_points': 6}, {'avg_silhouette': 0.6531390832912745, 'num_points': 5}, {'avg_silhouette': 0.4369465743117871, 'num_points': 9}, {'avg_silhouette': 0.4496772753398152, 'num_points': 38}, {'avg_silhouette': 0.5592882680364889, 'num_points': 24}, {'avg_silhouette': 0.6722980706649445, 'num_points': 36}, {'avg_silhouette': 0.3880901332638061, 'num_points': 5}, {'avg_silhouette': 0.4025589981368483, 'num_points': 35}, {'avg_silhouette': 0.48403783276423445, 'num_points': 15}, {'avg_silhouette': 0.4861763433221546, 'num_points': 9}, {'avg_silhouette': 0.4374351834181963, 'num_points': 8}, {'avg_silhouette': 0.499922286899234, 'num_points': 9}, {'avg_silhouette': 0.7731823952787936, 'num_points': 16}, {'avg_silhouette': 0.7388815612592498, 'num_points': 15}, {'avg_silhouette': 0.6373556832135898, 'num_points': 5}, {'avg_silhouette': 0.4296681328689414, 'num_points': 33}, {'avg_silhouette': 0.22499420703105402, 'num_points': 8}, {'avg_silhouette': 0.4313527270857885, 'num_points': 14}, {'avg_silhouette': 0.4303497715866193, 'num_points': 18}, {'avg_silhouette': 0.6155657612064946, 'num_points': 23}, {'avg_silhouette': 0.34333508597650303, 'num_points': 203}, {'avg_silhouette': 0.6013241634472356, 'num_points': 21}, {'avg_silhouette': 0.6455610566651203, 'num_points': 9}, {'avg_silhouette': 0.6179035726751588, 'num_points': 7}, {'avg_silhouette': 0.6152712549002745, 'num_points': 11}, {'avg_silhouette': 0.6118425833536969, 'num_points': 6}, {'avg_silhouette': 0.7934913184558269, 'num_points': 17}, {'avg_silhouette': 0.504198139659134, 'num_points': 13}, {'avg_silhouette': 0.3875004414239479, 'num_points': 5}, {'avg_silhouette': 0.4032757546882494, 'num_points': 9}, {'avg_silhouette': 0.47817384522539186, 'num_points': 35}, {'avg_silhouette': 0.4428237154695049, 'num_points': 6}, {'avg_silhouette': 0.49166631196654764, 'num_points': 10}, {'avg_silhouette': 0.6748485145639112, 'num_points': 10}, {'avg_silhouette': 0.39298555419538, 'num_points': 5}, {'avg_silhouette': 0.6896379764580446, 'num_points': 10}, {'avg_silhouette': 0.5385643365534935, 'num_points': 29}, {'avg_silhouette': 0.6484806748427798, 'num_points': 5}, {'avg_silhouette': 0.7666965706538748, 'num_points': 6}, {'avg_silhouette': 0.46603684532426937, 'num_points': 34}, {'avg_silhouette': 0.6751289529580501, 'num_points': 5}, {'avg_silhouette': 0.6192246191182281, 'num_points': 9}, {'avg_silhouette': 0.7557578240806038, 'num_points': 5}, {'avg_silhouette': 0.6343709529946567, 'num_points': 5}, {'avg_silhouette': 0.4690516907379779, 'num_points': 7}, {'avg_silhouette': 0.6522148039719333, 'num_points': 9}, {'avg_silhouette': 0.4543031578944158, 'num_points': 5}, {'avg_silhouette': 0.9019264123243435, 'num_points': 5}, {'avg_silhouette': 0.6736166827884936, 'num_points': 42}, {'avg_silhouette': 0.8194024524318166, 'num_points': 5}]",5.0,64,0.3090672699603285,,2,0.4116905375056496
DBSCAN,,0.37727512683215814,"[{'avg_silhouette': 0.2429843724876128, 'num_points': 1973}, {'avg_silhouette': 0.5115803811217561, 'num_points': 366}, {'avg_silhouette': 0.5578205431935839, 'num_points': 2331}, {'avg_silhouette': 0.35851630758946573, 'num_points': 188}, {'avg_silhouette': 0.5298302818731013, 'num_points': 256}, {'avg_silhouette': 0.5253164128970097, 'num_points': 12}, {'avg_silhouette': 0.245173177254928, 'num_points': 275}, {'avg_silhouette': 0.5644848753563133, 'num_points': 6}, {'avg_silhouette': 0.45193618451138945, 'num_points': 9}, {'avg_silhouette': 0.5610729574643849, 'num_points': 21}, {'avg_silhouette': 0.4727929339139826, 'num_points': 15}, {'avg_silhouette': 0.3134083227734172, 'num_points': 144}, {'avg_silhouette': 0.3790106440975628, 'num_points': 35}, {'avg_silhouette': 0.2690001886812802, 'num_points': 38}, {'avg_silhouette': 0.8398640337103452, 'num_points': 6}, {'avg_silhouette': 0.4023529443096801, 'num_points': 13}, {'avg_silhouette': 0.4369465743117871, 'num_points': 9}, {'avg_silhouette': 0.4496772753398152, 'num_points': 38}, {'avg_silhouette': 0.5593413655588083, 'num_points': 24}, {'avg_silhouette': 0.672351406822652, 'num_points': 36}, {'avg_silhouette': 0.3880901332638061, 'num_points': 5}, {'avg_silhouette': 0.4025589981368483, 'num_points': 35}, {'avg_silhouette': 0.48403783276423445, 'num_points': 15}, {'avg_silhouette': 0.4076220261844856, 'num_points': 5}, {'avg_silhouette': 0.4861763433221546, 'num_points': 9}, {'avg_silhouette': 0.4374351834181963, 'num_points': 8}, {'avg_silhouette': 0.499922286899234, 'num_points': 9}, {'avg_silhouette': 0.7731823952787936, 'num_points': 16}, {'avg_silhouette': 0.7389369797503071, 'num_points': 15}, {'avg_silhouette': 0.6385545069175814, 'num_points': 5}, {'avg_silhouette': 0.42974428711241763, 'num_points': 33}, {'avg_silhouette': 0.4313527270857885, 'num_points': 14}, {'avg_silhouette': 0.4306528511905014, 'num_points': 18}, {'avg_silhouette': 0.6155657612064946, 'num_points': 23}, {'avg_silhouette': 0.3284267357314104, 'num_points': 207}, {'avg_silhouette': 0.6013241634472356, 'num_points': 21}, {'avg_silhouette': 0.6455610566651203, 'num_points': 9}, {'avg_silhouette': 0.6179035726751588, 'num_points': 7}, {'avg_silhouette': 0.6180132909785414, 'num_points': 11}, {'avg_silhouette': 0.6132168494897314, 'num_points': 6}, {'avg_silhouette': 0.7935334276234127, 'num_points': 17}, {'avg_silhouette': 0.5044567915128039, 'num_points': 13}, {'avg_silhouette': 0.3844307513751582, 'num_points': 5}, {'avg_silhouette': 0.4032757546882494, 'num_points': 9}, {'avg_silhouette': 0.47817384522539186, 'num_points': 35}, {'avg_silhouette': 0.4664320583721229, 'num_points': 6}, {'avg_silhouette': 0.4233747620185388, 'num_points': 11}, {'avg_silhouette': 0.6748485145639112, 'num_points': 10}, {'avg_silhouette': 0.6896379764580446, 'num_points': 10}, {'avg_silhouette': 0.5400151648935775, 'num_points': 29}, {'avg_silhouette': 0.6484806748427798, 'num_points': 5}, {'avg_silhouette': 0.7667465744345164, 'num_points': 6}, {'avg_silhouette': 0.46603684532426937, 'num_points': 34}, {'avg_silhouette': 0.6751289529580501, 'num_points': 5}, {'avg_silhouette': 0.6192246191182281, 'num_points': 9}, {'avg_silhouette': 0.4543031578944158, 'num_points': 5}, {'avg_silhouette': 0.7557578240806038, 'num_points': 5}, {'avg_silhouette': 0.6343709529946567, 'num_points': 5}, {'avg_silhouette': 0.4690516907379779, 'num_points': 7}, {'avg_silhouette': 0.5905152725196301, 'num_points': 10}, {'avg_silhouette': 0.9019264123243435, 'num_points': 5}, {'avg_silhouette': 0.6736166827884936, 'num_points': 42}, {'avg_silhouette': 0.8194024524318166, 'num_points': 5}]",5.0,63,0.3086734138457415,,2,0.40040245784059836
DBSCAN,,0.3572751268321581,"[{'avg_silhouette': 0.26705649562579203, 'num_points': 1951}, {'avg_silhouette': 0.5190783618800286, 'num_points': 362}, {'avg_silhouette': 0.562580816114968, 'num_points': 2322}, {'avg_silhouette': 0.3119293035989695, 'num_points': 183}, {'avg_silhouette': 0.5321712060041714, 'num_points': 255}, {'avg_silhouette': 0.5183673838023493, 'num_points': 12}, {'avg_silhouette': 0.5629920402503664, 'num_points': 6}, {'avg_silhouette': 0.5053388826149051, 'num_points': 7}, {'avg_silhouette': 0.5610729574643849, 'num_points': 21}, {'avg_silhouette': 0.4727929339139826, 'num_points': 15}, {'avg_silhouette': 0.2855231372136318, 'num_points': 142}, {'avg_silhouette': 0.3759602588681384, 'num_points': 35}, {'avg_silhouette': 0.25269988943506555, 'num_points': 263}, {'avg_silhouette': 0.42368413225352675, 'num_points': 37}, {'avg_silhouette': 0.8396683134361362, 'num_points': 6}, {'avg_silhouette': 0.6538099213647358, 'num_points': 5}, {'avg_silhouette': 0.5104159225477836, 'num_points': 9}, {'avg_silhouette': 0.4496772753398152, 'num_points': 38}, {'avg_silhouette': 0.559160481019275, 'num_points': 24}, {'avg_silhouette': 0.6721812606022161, 'num_points': 36}, {'avg_silhouette': 0.42068948316252763, 'num_points': 34}, {'avg_silhouette': 0.48403783276423445, 'num_points': 15}, {'avg_silhouette': 0.4861763433221546, 'num_points': 9}, {'avg_silhouette': 0.4374351834181963, 'num_points': 8}, {'avg_silhouette': 0.49364383881771506, 'num_points': 9}, {'avg_silhouette': 0.7730911074884967, 'num_points': 16}, {'avg_silhouette': 0.7387555780385263, 'num_points': 15}, {'avg_silhouette': 0.6357886482227605, 'num_points': 5}, {'avg_silhouette': 0.42963533039283863, 'num_points': 33}, {'avg_silhouette': 0.28807938792146726, 'num_points': 7}, {'avg_silhouette': 0.45206892073873284, 'num_points': 13}, {'avg_silhouette': 0.429634755270359, 'num_points': 18}, {'avg_silhouette': 0.6130436698994308, 'num_points': 23}, {'avg_silhouette': 0.35396450864010864, 'num_points': 203}, {'avg_silhouette': 0.6003059495974574, 'num_points': 21}, {'avg_silhouette': 0.6455610566651203, 'num_points': 9}, {'avg_silhouette': 0.6728469386640832, 'num_points': 6}, {'avg_silhouette': 0.6780727057999411, 'num_points': 10}, {'avg_silhouette': 0.6112264727845983, 'num_points': 6}, {'avg_silhouette': 0.7933816150522128, 'num_points': 17}, {'avg_silhouette': 0.3875004414239479, 'num_points': 5}, {'avg_silhouette': 0.4032757546882494, 'num_points': 9}, {'avg_silhouette': 0.48410384389525213, 'num_points': 35}, {'avg_silhouette': 0.5022308207052881, 'num_points': 5}, {'avg_silhouette': 0.49166631196654764, 'num_points': 10}, {'avg_silhouette': 0.6748485145639112, 'num_points': 10}, {'avg_silhouette': 0.6896379764580446, 'num_points': 10}, {'avg_silhouette': 0.5379359983968379, 'num_points': 29}, {'avg_silhouette': 0.6484806748427798, 'num_points': 5}, {'avg_silhouette': 0.7665697336197858, 'num_points': 6}, {'avg_silhouette': 0.46603684532426937, 'num_points': 34}, {'avg_silhouette': 0.6751289529580501, 'num_points': 5}, {'avg_silhouette': 0.5028700355238892, 'num_points': 13}, {'avg_silhouette': 0.6192246191182281, 'num_points': 9}, {'avg_silhouette': 0.7557578240806038, 'num_points': 5}, {'avg_silhouette': 0.6343709529946567, 'num_points': 5}, {'avg_silhouette': 0.6522148039719333, 'num_points': 9}, {'avg_silhouette': 0.4690516907379779, 'num_points': 7}, {'avg_silhouette': 0.9019264123243435, 'num_points': 5}, {'avg_silhouette': 0.6736166827884936, 'num_points': 42}, {'avg_silhouette': 0.8194024524318166, 'num_points': 5}]",5.0,61,0.30851434262356986,,2,0.41481865587038
AGGLC,ward,,"[{'avg_silhouette': 0.14816988222353616, 'num_points': 2734}, {'avg_silhouette': 0.2678440782392829, 'num_points': 740}, {'avg_silhouette': 0.03040406491365444, 'num_points': 291}, {'avg_silhouette': 0.53012371938994, 'num_points': 2546}, {'avg_silhouette': 0.30969665067329005, 'num_points': 309}, {'avg_silhouette': 0.1988690179004514, 'num_points': 421}, {'avg_silhouette': 0.15863120548499363, 'num_points': 74}, {'avg_silhouette': 0.35583824995664654, 'num_points': 82}, {'avg_silhouette': 0.4009033932379602, 'num_points': 72}, {'avg_silhouette': 0.30186972569464887, 'num_points': 95}, {'avg_silhouette': 0.5735578916950307, 'num_points': 62}, {'avg_silhouette': 0.2979760501704882, 'num_points': 70}, {'avg_silhouette': 0.4894515306093211, 'num_points': 63}]",,13,0.30784207476238745,,4,0.2862516744383026
AGGLC,ward,,"[{'avg_silhouette': 0.16476298556287094, 'num_points': 309}, {'avg_silhouette': 0.2829435101061325, 'num_points': 61}, {'avg_silhouette': -0.06980229412053181, 'num_points': 111}, {'avg_silhouette': 0.6984892522677318, 'num_points': 1963}, {'avg_silhouette': 0.2273891208259915, 'num_points': 799}, {'avg_silhouette': -0.06434232619640665, 'num_points': 509}, {'avg_silhouette': 0.14850969613045614, 'num_points': 235}, {'avg_silhouette': -0.029680642906492288, 'num_points': 137}, {'avg_silhouette': -0.09588858811235457, 'num_points': 43}, {'avg_silhouette': 0.44004533363533105, 'num_points': 280}, {'avg_silhouette': 0.4274141662466873, 'num_points': 30}, {'avg_silhouette': 0.14391045754287404, 'num_points': 421}, {'avg_silhouette': 0.26417214661849736, 'num_points': 161}, {'avg_silhouette': -0.24800625253472416, 'num_points': 509}, {'avg_silhouette': -0.02143277841883593, 'num_points': 115}, {'avg_silhouette': 0.31062819894559024, 'num_points': 82}, {'avg_silhouette': 0.3767672132129632, 'num_points': 430}, {'avg_silhouette': 0.3792385761183691, 'num_points': 72}, {'avg_silhouette': 0.40098442482200003, 'num_points': 43}, {'avg_silhouette': 0.2616619922412466, 'num_points': 95}, {'avg_silhouette': 0.23357477973681842, 'num_points': 35}, {'avg_silhouette': 0.55764027347751, 'num_points': 62}, {'avg_silhouette': 0.4307504976173341, 'num_points': 29}, {'avg_silhouette': 0.26941754477842494, 'num_points': 70}, {'avg_silhouette': 0.32503459636593185, 'num_points': 25}, {'avg_silhouette': 0.4533993831134846, 'num_points': 63}, {'avg_silhouette': 0.6249988345512884, 'num_points': 20}, {'avg_silhouette': 0.3098644986290111, 'num_points': 438}, {'avg_silhouette': 0.18420209281370598, 'num_points': 13}, {'avg_silhouette': 0.30276216811601653, 'num_points': 19}, {'avg_silhouette': 0.07346763211219752, 'num_points': 71}, {'avg_silhouette': 0.2562648233016815, 'num_points': 309}]",,32,0.3077260543923505,,7,0.20629599482106298
DBSCAN,,0.3472751268321581,"[{'avg_silhouette': 0.2705154406117698, 'num_points': 1940}, {'avg_silhouette': 0.5179565158222132, 'num_points': 362}, {'avg_silhouette': 0.5675250160668782, 'num_points': 2313}, {'avg_silhouette': 0.3151058027895858, 'num_points': 179}, {'avg_silhouette': 0.5398381773383585, 'num_points': 253}, {'avg_silhouette': 0.5183673838023493, 'num_points': 12}, {'avg_silhouette': 0.562193341757969, 'num_points': 6}, {'avg_silhouette': 0.5053388826149051, 'num_points': 7}, {'avg_silhouette': 0.5610729574643849, 'num_points': 21}, {'avg_silhouette': 0.4727929339139826, 'num_points': 15}, {'avg_silhouette': 0.30705452558174334, 'num_points': 136}, {'avg_silhouette': 0.3755477594801922, 'num_points': 35}, {'avg_silhouette': 0.2590096194147194, 'num_points': 262}, {'avg_silhouette': 0.4225163687184816, 'num_points': 37}, {'avg_silhouette': 0.8396471934893189, 'num_points': 6}, {'avg_silhouette': 0.6468464892201233, 'num_points': 5}, {'avg_silhouette': 0.45717277534203454, 'num_points': 35}, {'avg_silhouette': 0.5589421296627207, 'num_points': 24}, {'avg_silhouette': 0.6719969267415749, 'num_points': 36}, {'avg_silhouette': 0.42068948316252763, 'num_points': 34}, {'avg_silhouette': 0.48403783276423445, 'num_points': 15}, {'avg_silhouette': 0.4861763433221546, 'num_points': 9}, {'avg_silhouette': 0.47506067184489664, 'num_points': 7}, {'avg_silhouette': 0.49364383881771506, 'num_points': 9}, {'avg_silhouette': 0.7887850791782507, 'num_points': 15}, {'avg_silhouette': 0.7385537141048067, 'num_points': 15}, {'avg_silhouette': 0.635261513850742, 'num_points': 5}, {'avg_silhouette': 0.45744948955952447, 'num_points': 31}, {'avg_silhouette': 0.332564100025495, 'num_points': 6}, {'avg_silhouette': 0.45206892073873284, 'num_points': 13}, {'avg_silhouette': 0.5104159225477836, 'num_points': 9}, {'avg_silhouette': 0.4593956726803445, 'num_points': 17}, {'avg_silhouette': 0.6713574804718687, 'num_points': 20}, {'avg_silhouette': 0.3539561575668428, 'num_points': 203}, {'avg_silhouette': 0.6003059495974574, 'num_points': 21}, {'avg_silhouette': 0.6455610566651203, 'num_points': 9}, {'avg_silhouette': 0.6674530347348338, 'num_points': 6}, {'avg_silhouette': 0.6780727057999411, 'num_points': 10}, {'avg_silhouette': 0.610240136544611, 'num_points': 6}, {'avg_silhouette': 0.7931978131478389, 'num_points': 17}, {'avg_silhouette': 0.3875004414239479, 'num_points': 5}, {'avg_silhouette': 0.4032757546882494, 'num_points': 9}, {'avg_silhouette': 0.48410384389525213, 'num_points': 35}, {'avg_silhouette': 0.49166631196654764, 'num_points': 10}, {'avg_silhouette': 0.6748485145639112, 'num_points': 10}, {'avg_silhouette': 0.6896379764580446, 'num_points': 10}, {'avg_silhouette': 0.5369066139317205, 'num_points': 29}, {'avg_silhouette': 0.6484806748427798, 'num_points': 5}, {'avg_silhouette': 0.7663607902695814, 'num_points': 6}, {'avg_silhouette': 0.49021793292212534, 'num_points': 32}, {'avg_silhouette': 0.6723311536435875, 'num_points': 5}, {'avg_silhouette': 0.5025660132267155, 'num_points': 13}, {'avg_silhouette': 0.6192246191182281, 'num_points': 9}, {'avg_silhouette': 0.7557578240806038, 'num_points': 5}, {'avg_silhouette': 0.6312935795022665, 'num_points': 5}, {'avg_silhouette': 0.6497119872472682, 'num_points': 9}, {'avg_silhouette': 0.577814530383901, 'num_points': 5}, {'avg_silhouette': 0.9016398897058535, 'num_points': 5}, {'avg_silhouette': 0.6736166827884936, 'num_points': 42}, {'avg_silhouette': 0.8194024524318166, 'num_points': 5}]",5.0,60,0.30625182026242986,,2,0.419020228339324
AGGLC,ward,,"[{'avg_silhouette': -0.25582852335299194, 'num_points': 534}, {'avg_silhouette': 0.6920623640674187, 'num_points': 1983}, {'avg_silhouette': -0.060856584541114464, 'num_points': 291}, {'avg_silhouette': 0.16893156726197203, 'num_points': 553}, {'avg_silhouette': 0.2021987248754702, 'num_points': 309}, {'avg_silhouette': 0.3391497401907895, 'num_points': 1108}, {'avg_silhouette': 0.13569352868361775, 'num_points': 74}, {'avg_silhouette': -0.010159351325116866, 'num_points': 137}, {'avg_silhouette': -0.07464134460857846, 'num_points': 43}, {'avg_silhouette': 0.4401473010626167, 'num_points': 280}, {'avg_silhouette': 0.428343498010861, 'num_points': 30}, {'avg_silhouette': 0.15289709161009832, 'num_points': 421}, {'avg_silhouette': 0.46121967826150023, 'num_points': 63}, {'avg_silhouette': -0.09040207474360111, 'num_points': 580}, {'avg_silhouette': 0.1919451844413801, 'num_points': 235}, {'avg_silhouette': 0.3140303089148486, 'num_points': 82}, {'avg_silhouette': 0.3821535982951013, 'num_points': 430}, {'avg_silhouette': 0.38328153505383805, 'num_points': 72}, {'avg_silhouette': 0.410711815966851, 'num_points': 43}, {'avg_silhouette': 0.26590205044012966, 'num_points': 95}, {'avg_silhouette': 0.24470194236830242, 'num_points': 35}, {'avg_silhouette': 0.5591787544843737, 'num_points': 62}, {'avg_silhouette': 0.43263710859562127, 'num_points': 29}, {'avg_silhouette': 0.2771780362268034, 'num_points': 70}]",,24,0.3060091324692761,,7,0.19842339476125526
AGGLC,ward,,"[{'avg_silhouette': 0.4782262551427053, 'num_points': 2546}, {'avg_silhouette': -0.15215365179411716, 'num_points': 78}, {'avg_silhouette': 0.19304925723652563, 'num_points': 1688}, {'avg_silhouette': 0.27658131346108383, 'num_points': 310}, {'avg_silhouette': 0.23116089774233559, 'num_points': 309}, {'avg_silhouette': 0.19203442217785138, 'num_points': 421}, {'avg_silhouette': -0.040261697384035865, 'num_points': 291}, {'avg_silhouette': 0.015513901519174408, 'num_points': 137}, {'avg_silhouette': 0.21482862633306035, 'num_points': 553}, {'avg_silhouette': 0.279514099471386, 'num_points': 95}, {'avg_silhouette': 0.5720240203360982, 'num_points': 62}, {'avg_silhouette': 0.290662863060277, 'num_points': 70}, {'avg_silhouette': 0.4676347945099228, 'num_points': 63}, {'avg_silhouette': 0.14245993182191502, 'num_points': 74}, {'avg_silhouette': 0.22031112943290654, 'num_points': 235}, {'avg_silhouette': 0.3279605948502712, 'num_points': 82}, {'avg_silhouette': 0.4305496384910559, 'num_points': 430}, {'avg_silhouette': 0.3958072375746879, 'num_points': 72}, {'avg_silhouette': 0.4192771820285007, 'num_points': 43}]",,19,0.3057925822230967,,5,0.3017376398762397
AGGLC,ward,,"[{'avg_silhouette': 0.2746512978004726, 'num_points': 310}, {'avg_silhouette': -0.26920636640714485, 'num_points': 563}, {'avg_silhouette': 0.19079779715098794, 'num_points': 1688}, {'avg_silhouette': 0.21482862633306035, 'num_points': 553}, {'avg_silhouette': 0.7036374912328632, 'num_points': 1983}, {'avg_silhouette': 0.15414254710606437, 'num_points': 421}, {'avg_silhouette': -0.043946943754690514, 'num_points': 291}, {'avg_silhouette': 0.00085521741747611, 'num_points': 137}, {'avg_silhouette': -0.07243733652107663, 'num_points': 43}, {'avg_silhouette': 0.23116089774233559, 'num_points': 309}, {'avg_silhouette': 0.559638354043905, 'num_points': 62}, {'avg_silhouette': 0.27944829066768023, 'num_points': 70}, {'avg_silhouette': 0.4676347945099228, 'num_points': 63}, {'avg_silhouette': 0.14156093872516018, 'num_points': 74}, {'avg_silhouette': 0.2202345161925929, 'num_points': 235}, {'avg_silhouette': 0.322962806454423, 'num_points': 82}, {'avg_silhouette': 0.3912776273761914, 'num_points': 430}, {'avg_silhouette': 0.3851563928256705, 'num_points': 72}, {'avg_silhouette': 0.41586142074744886, 'num_points': 43}, {'avg_silhouette': 0.2755121980624228, 'num_points': 95}, {'avg_silhouette': 0.24867171293906273, 'num_points': 35}]",,21,0.30579027314246143,,6,0.23091295379867038
K-means,,,"[{'avg_silhouette': 0.27320260237801947, 'num_points': 1072}, {'avg_silhouette': -0.1367562489559617, 'num_points': 79}, {'avg_silhouette': -0.021033822185458947, 'num_points': 198}, {'avg_silhouette': 0.5970388359310106, 'num_points': 2162}, {'avg_silhouette': 0.380229418321274, 'num_points': 298}, {'avg_silhouette': 0.2964706721566718, 'num_points': 61}, {'avg_silhouette': -0.10143914916265023, 'num_points': 204}, {'avg_silhouette': 0.2148068686603377, 'num_points': 282}, {'avg_silhouette': 0.3846447522981207, 'num_points': 452}, {'avg_silhouette': 0.5625718299260698, 'num_points': 62}, {'avg_silhouette': 0.10396883064838475, 'num_points': 361}, {'avg_silhouette': 0.27628105533309105, 'num_points': 71}, {'avg_silhouette': 0.3750202914198705, 'num_points': 33}, {'avg_silhouette': 0.3663330792923565, 'num_points': 74}, {'avg_silhouette': 0.3843618147623301, 'num_points': 44}, {'avg_silhouette': 0.17020293525508218, 'num_points': 577}, {'avg_silhouette': -0.12061826168178844, 'num_points': 377}, {'avg_silhouette': 0.3720144528494687, 'num_points': 70}, {'avg_silhouette': 0.333919203605373, 'num_points': 88}, {'avg_silhouette': 0.287187025583534, 'num_points': 19}, {'avg_silhouette': 0.11451863812420228, 'num_points': 617}, {'avg_silhouette': 0.262940173847416, 'num_points': 89}, {'avg_silhouette': 0.14881781345906062, 'num_points': 269}]",,23,0.30559196897653107,,5,0.30792155279728706
AGGLC,ward,,"[{'avg_silhouette': -0.06090610985426016, 'num_points': 291}, {'avg_silhouette': 0.6779829167321754, 'num_points': 1983}, {'avg_silhouette': 0.13569352868361775, 'num_points': 74}, {'avg_silhouette': 0.16893156726197203, 'num_points': 553}, {'avg_silhouette': 0.2021987248754702, 'num_points': 309}, {'avg_silhouette': 0.3391497401907895, 'num_points': 1108}, {'avg_silhouette': -0.09041739352627566, 'num_points': 580}, {'avg_silhouette': -0.010159351325116866, 'num_points': 137}, {'avg_silhouette': -0.07531544327975465, 'num_points': 43}, {'avg_silhouette': 0.4401473010626167, 'num_points': 280}, {'avg_silhouette': 0.428343498010861, 'num_points': 30}, {'avg_silhouette': 0.15264736333987453, 'num_points': 421}, {'avg_silhouette': 0.46121967826150023, 'num_points': 63}, {'avg_silhouette': -0.23638372626719856, 'num_points': 509}, {'avg_silhouette': 0.1919451844413801, 'num_points': 235}, {'avg_silhouette': 0.3140303089148486, 'num_points': 82}, {'avg_silhouette': 0.3821535982951013, 'num_points': 430}, {'avg_silhouette': 0.38318714436844614, 'num_points': 72}, {'avg_silhouette': 0.410711815966851, 'num_points': 43}, {'avg_silhouette': 0.26590205044012966, 'num_points': 95}, {'avg_silhouette': 0.24460375260953157, 'num_points': 35}, {'avg_silhouette': 0.5590649334169099, 'num_points': 62}, {'avg_silhouette': 0.43263710859562127, 'num_points': 29}, {'avg_silhouette': 0.2771780362268034, 'num_points': 70}, {'avg_silhouette': 0.32684765899816814, 'num_points': 25}]",,25,0.30552891735191545,,7,0.19915200943234831
AGGLC,ward,,"[{'avg_silhouette': -0.11363418862603827, 'num_points': 811}, {'avg_silhouette': 0.26457741179366673, 'num_points': 740}, {'avg_silhouette': 0.3106002586622723, 'num_points': 1688}, {'avg_silhouette': 0.5051618243650662, 'num_points': 2546}, {'avg_silhouette': 0.25098534153962343, 'num_points': 309}, {'avg_silhouette': 0.19523063067217908, 'num_points': 421}, {'avg_silhouette': -0.012483717433082466, 'num_points': 291}, {'avg_silhouette': 0.34201839065799877, 'num_points': 82}, {'avg_silhouette': 0.3976743526485145, 'num_points': 72}, {'avg_silhouette': 0.28144791286585236, 'num_points': 95}, {'avg_silhouette': 0.5720240203360982, 'num_points': 62}, {'avg_silhouette': 0.293875071095593, 'num_points': 70}, {'avg_silhouette': 0.4744067072345931, 'num_points': 63}, {'avg_silhouette': 0.1479317001018964, 'num_points': 74}, {'avg_silhouette': 0.24879219270489303, 'num_points': 235}]",,15,0.3054547022775604,,5,0.2323871873734292
DBSCAN,,0.37727512683215814,"[{'avg_silhouette': 0.28786573512323266, 'num_points': 1964}, {'avg_silhouette': 0.5184066521197975, 'num_points': 363}, {'avg_silhouette': 0.5630858372799088, 'num_points': 2322}, {'avg_silhouette': 0.3939369487565734, 'num_points': 186}, {'avg_silhouette': 0.5400096128682597, 'num_points': 254}, {'avg_silhouette': 0.530710900364925, 'num_points': 12}, {'avg_silhouette': 0.5610729574643849, 'num_points': 21}, {'avg_silhouette': 0.4727929339139826, 'num_points': 15}, {'avg_silhouette': 0.34694272806228177, 'num_points': 138}, {'avg_silhouette': 0.37750792750132994, 'num_points': 35}, {'avg_silhouette': 0.2808503807898539, 'num_points': 269}, {'avg_silhouette': 0.4171544789671932, 'num_points': 38}, {'avg_silhouette': 0.5734144069642534, 'num_points': 24}, {'avg_silhouette': 0.6792933613140134, 'num_points': 35}, {'avg_silhouette': 0.5522645241697983, 'num_points': 35}, {'avg_silhouette': 0.7865826617569897, 'num_points': 13}, {'avg_silhouette': 0.7727619245145207, 'num_points': 16}, {'avg_silhouette': 0.7386935228367374, 'num_points': 15}, {'avg_silhouette': 0.4699879588182204, 'num_points': 33}, {'avg_silhouette': 0.6802803135902874, 'num_points': 38}, {'avg_silhouette': 0.4305129844496684, 'num_points': 14}, {'avg_silhouette': 0.4601296364037471, 'num_points': 17}, {'avg_silhouette': 0.7384994706672614, 'num_points': 22}, {'avg_silhouette': 0.3515425900492412, 'num_points': 206}, {'avg_silhouette': 0.6005374856242023, 'num_points': 21}, {'avg_silhouette': 0.6174143296004792, 'num_points': 11}, {'avg_silhouette': 0.7933226234105917, 'num_points': 17}, {'avg_silhouette': 0.5839412333638472, 'num_points': 35}, {'avg_silhouette': 0.7840410237692514, 'num_points': 10}, {'avg_silhouette': 0.845202193025689, 'num_points': 10}, {'avg_silhouette': 0.5389452909906464, 'num_points': 29}, {'avg_silhouette': 0.5230748762746769, 'num_points': 34}, {'avg_silhouette': 0.503282484695828, 'num_points': 13}, {'avg_silhouette': 0.5837543307419154, 'num_points': 10}, {'avg_silhouette': 0.5905152725196301, 'num_points': 10}, {'avg_silhouette': 0.8342183243248916, 'num_points': 42}]",10.0,36,0.30516416971751487,,2,0.4254757862015707
DBSCAN,,0.3672751268321581,"[{'avg_silhouette': 0.29286356277841735, 'num_points': 1948}, {'avg_silhouette': 0.5183986267756006, 'num_points': 363}, {'avg_silhouette': 0.5652427003680676, 'num_points': 2318}, {'avg_silhouette': 0.3984898831059478, 'num_points': 183}, {'avg_silhouette': 0.5400096128682597, 'num_points': 254}, {'avg_silhouette': 0.530710900364925, 'num_points': 12}, {'avg_silhouette': 0.5610729574643849, 'num_points': 21}, {'avg_silhouette': 0.4727929339139826, 'num_points': 15}, {'avg_silhouette': 0.346839414648473, 'num_points': 138}, {'avg_silhouette': 0.37735292880620086, 'num_points': 35}, {'avg_silhouette': 0.29349542883189, 'num_points': 268}, {'avg_silhouette': 0.41537415643937164, 'num_points': 38}, {'avg_silhouette': 0.5731537116825862, 'num_points': 24}, {'avg_silhouette': 0.6792230449425493, 'num_points': 35}, {'avg_silhouette': 0.5519540708637585, 'num_points': 35}, {'avg_silhouette': 0.7865660306688802, 'num_points': 13}, {'avg_silhouette': 0.7727619245145207, 'num_points': 16}, {'avg_silhouette': 0.7386156333819557, 'num_points': 15}, {'avg_silhouette': 0.46987507317187077, 'num_points': 33}, {'avg_silhouette': 0.6866538814993609, 'num_points': 37}, {'avg_silhouette': 0.4305129844496684, 'num_points': 14}, {'avg_silhouette': 0.45969132100457, 'num_points': 17}, {'avg_silhouette': 0.7531716245182236, 'num_points': 21}, {'avg_silhouette': 0.36110506687616023, 'num_points': 203}, {'avg_silhouette': 0.6005374856242023, 'num_points': 21}, {'avg_silhouette': 0.6152712549002745, 'num_points': 11}, {'avg_silhouette': 0.7932601495471867, 'num_points': 17}, {'avg_silhouette': 0.5814775091231938, 'num_points': 35}, {'avg_silhouette': 0.7840410237692514, 'num_points': 10}, {'avg_silhouette': 0.8448600629095285, 'num_points': 10}, {'avg_silhouette': 0.5373754097359081, 'num_points': 29}, {'avg_silhouette': 0.7222072036625261, 'num_points': 34}, {'avg_silhouette': 0.5028967080640284, 'num_points': 13}, {'avg_silhouette': 0.834166934870781, 'num_points': 42}]",10.0,34,0.3035983160616163,,2,0.42905313157324243
AGGLC,ward,,"[{'avg_silhouette': -0.1523153861262623, 'num_points': 78}, {'avg_silhouette': 0.2746512978004726, 'num_points': 310}, {'avg_silhouette': 0.19079779715098794, 'num_points': 1688}, {'avg_silhouette': -0.26913308652298107, 'num_points': 563}, {'avg_silhouette': 0.7036374912328632, 'num_points': 1983}, {'avg_silhouette': 0.15414254710606437, 'num_points': 421}, {'avg_silhouette': -0.043946943754690514, 'num_points': 291}, {'avg_silhouette': 0.00085521741747611, 'num_points': 137}, {'avg_silhouette': 0.21482862633306035, 'num_points': 553}, {'avg_silhouette': 0.23116089774233559, 'num_points': 309}, {'avg_silhouette': 0.559638354043905, 'num_points': 62}, {'avg_silhouette': 0.2804862425505727, 'num_points': 70}, {'avg_silhouette': 0.4676347945099228, 'num_points': 63}, {'avg_silhouette': 0.14156093872516018, 'num_points': 74}, {'avg_silhouette': 0.2202345161925929, 'num_points': 235}, {'avg_silhouette': 0.3243948825727594, 'num_points': 82}, {'avg_silhouette': 0.3912776273761914, 'num_points': 430}, {'avg_silhouette': 0.3851563928256705, 'num_points': 72}, {'avg_silhouette': 0.4192416675937123, 'num_points': 43}, {'avg_silhouette': 0.27601061769145246, 'num_points': 95}]",,20,0.3035353107568454,,6,0.2309251671126977
K-means,,,"[{'avg_silhouette': 0.1491799403345827, 'num_points': 726}, {'avg_silhouette': 0.543029586138871, 'num_points': 2507}, {'avg_silhouette': 0.1798043526403265, 'num_points': 2171}, {'avg_silhouette': -0.10047680129096959, 'num_points': 221}, {'avg_silhouette': 0.3189639548698776, 'num_points': 94}, {'avg_silhouette': 0.26550314506489886, 'num_points': 334}, {'avg_silhouette': 0.5701329073352709, 'num_points': 62}, {'avg_silhouette': 0.3409937277083477, 'num_points': 475}, {'avg_silhouette': 0.16292264309886864, 'num_points': 485}, {'avg_silhouette': 0.3795986125171674, 'num_points': 74}, {'avg_silhouette': -0.005883833023395074, 'num_points': 317}, {'avg_silhouette': 0.2689323825597506, 'num_points': 93}]",,12,0.30216482662977373,,5,0.27518604998419927
DBSCAN,,0.3572751268321581,"[{'avg_silhouette': 0.29393591345213316, 'num_points': 1942}, {'avg_silhouette': 0.518591045220309, 'num_points': 362}, {'avg_silhouette': 0.5690604619627833, 'num_points': 2311}, {'avg_silhouette': 0.4025303471013553, 'num_points': 180}, {'avg_silhouette': 0.5433515836536806, 'num_points': 253}, {'avg_silhouette': 0.530710900364925, 'num_points': 12}, {'avg_silhouette': 0.6036145583864945, 'num_points': 20}, {'avg_silhouette': 0.46684290578932, 'num_points': 15}, {'avg_silhouette': 0.34066081955273986, 'num_points': 137}, {'avg_silhouette': 0.38813082557823486, 'num_points': 34}, {'avg_silhouette': 0.29685482450372647, 'num_points': 263}, {'avg_silhouette': 0.4233621521110183, 'num_points': 37}, {'avg_silhouette': 0.5727567527789007, 'num_points': 24}, {'avg_silhouette': 0.679111267984449, 'num_points': 35}, {'avg_silhouette': 0.5677434737463704, 'num_points': 34}, {'avg_silhouette': 0.7839983615812488, 'num_points': 13}, {'avg_silhouette': 0.7726679061783451, 'num_points': 16}, {'avg_silhouette': 0.73847390886771, 'num_points': 15}, {'avg_silhouette': 0.46984263537962373, 'num_points': 33}, {'avg_silhouette': 0.6948034587117456, 'num_points': 36}, {'avg_silhouette': 0.5330405174367907, 'num_points': 11}, {'avg_silhouette': 0.4589667346884867, 'num_points': 17}, {'avg_silhouette': 0.7530841920688476, 'num_points': 21}, {'avg_silhouette': 0.35399562729723805, 'num_points': 203}, {'avg_silhouette': 0.6003059495974574, 'num_points': 21}, {'avg_silhouette': 0.6780727057999411, 'num_points': 10}, {'avg_silhouette': 0.7931323708001866, 'num_points': 17}, {'avg_silhouette': 0.5814775091231938, 'num_points': 35}, {'avg_silhouette': 0.7840410237692514, 'num_points': 10}, {'avg_silhouette': 0.8448600629095285, 'num_points': 10}, {'avg_silhouette': 0.5369375349677157, 'num_points': 29}, {'avg_silhouette': 0.7221135590911051, 'num_points': 34}, {'avg_silhouette': 0.5022364925103091, 'num_points': 13}, {'avg_silhouette': 0.8340673060421993, 'num_points': 42}]",10.0,34,0.3016932989663038,,2,0.4314981877074582
AGGLC,ward,,"[{'avg_silhouette': 0.12995401755352337, 'num_points': 2797}, {'avg_silhouette': 0.26804250302086735, 'num_points': 740}, {'avg_silhouette': 0.036600381526755967, 'num_points': 291}, {'avg_silhouette': 0.5303850639960089, 'num_points': 2546}, {'avg_silhouette': 0.3170688970005534, 'num_points': 309}, {'avg_silhouette': 0.19906657866391603, 'num_points': 421}, {'avg_silhouette': 0.1599621875669671, 'num_points': 74}, {'avg_silhouette': 0.35717834988064084, 'num_points': 82}, {'avg_silhouette': 0.40135941448108936, 'num_points': 72}, {'avg_silhouette': 0.3125959666005262, 'num_points': 95}, {'avg_silhouette': 0.5736831793518928, 'num_points': 62}, {'avg_silhouette': 0.29968439374461386, 'num_points': 70}]",,12,0.29909932901220365,,4,0.2818620408085789
DBSCAN,,0.3472751268321581,"[{'avg_silhouette': 0.298014561410075, 'num_points': 1926}, {'avg_silhouette': 0.5169492598843705, 'num_points': 362}, {'avg_silhouette': 0.5712150767858694, 'num_points': 2307}, {'avg_silhouette': 0.40470343128383923, 'num_points': 178}, {'avg_silhouette': 0.5452992190782144, 'num_points': 252}, {'avg_silhouette': 0.5255897315074628, 'num_points': 12}, {'avg_silhouette': 0.5987061464879131, 'num_points': 20}, {'avg_silhouette': 0.4982464370280873, 'num_points': 14}, {'avg_silhouette': 0.35002893252846234, 'num_points': 133}, {'avg_silhouette': 0.29449355939402033, 'num_points': 21}, {'avg_silhouette': 0.28003756342199865, 'num_points': 259}, {'avg_silhouette': 0.4219566956857262, 'num_points': 37}, {'avg_silhouette': 0.571536453584044, 'num_points': 24}, {'avg_silhouette': 0.6790367495255, 'num_points': 35}, {'avg_silhouette': 0.566270899894207, 'num_points': 34}, {'avg_silhouette': 0.7834803145075973, 'num_points': 13}, {'avg_silhouette': 0.7885825153799833, 'num_points': 15}, {'avg_silhouette': 0.7384030923206366, 'num_points': 15}, {'avg_silhouette': 0.5138679776394695, 'num_points': 30}, {'avg_silhouette': 0.7017093961116646, 'num_points': 35}, {'avg_silhouette': 0.326746525865766, 'num_points': 13}, {'avg_silhouette': 0.5545045400309404, 'num_points': 10}, {'avg_silhouette': 0.4729807224173086, 'num_points': 16}, {'avg_silhouette': 0.7685071534135185, 'num_points': 20}, {'avg_silhouette': 0.35398961897387127, 'num_points': 203}, {'avg_silhouette': 0.6003059495974574, 'num_points': 21}, {'avg_silhouette': 0.6780727057999411, 'num_points': 10}, {'avg_silhouette': 0.7930680040371454, 'num_points': 17}, {'avg_silhouette': 0.5814775091231938, 'num_points': 35}, {'avg_silhouette': 0.8448600629095285, 'num_points': 10}, {'avg_silhouette': 0.5356756110726091, 'num_points': 29}, {'avg_silhouette': 0.7840410237692514, 'num_points': 10}, {'avg_silhouette': 0.7365865137127573, 'num_points': 32}, {'avg_silhouette': 0.5018396356209125, 'num_points': 13}, {'avg_silhouette': 0.8340185239555924, 'num_points': 42}]",10.0,35,0.2981193728537218,,2,0.43461481909797217
K-means,,,"[{'avg_silhouette': 0.3809552052818651, 'num_points': 455}, {'avg_silhouette': 0.5747609511480668, 'num_points': 2173}, {'avg_silhouette': 0.0709580290987531, 'num_points': 698}, {'avg_silhouette': 0.11152705083664632, 'num_points': 146}, {'avg_silhouette': 0.43009914030370167, 'num_points': 66}, {'avg_silhouette': -0.13022717119874538, 'num_points': 101}, {'avg_silhouette': 0.2765708892271782, 'num_points': 71}, {'avg_silhouette': 0.2133493980191982, 'num_points': 37}, {'avg_silhouette': 0.16190163296158033, 'num_points': 266}, {'avg_silhouette': 0.10067755162846023, 'num_points': 363}, {'avg_silhouette': 0.48365464619467213, 'num_points': 40}, {'avg_silhouette': 0.2931963768442881, 'num_points': 1038}, {'avg_silhouette': 0.15746601219050732, 'num_points': 333}, {'avg_silhouette': 0.2805671031538905, 'num_points': 87}, {'avg_silhouette': 0.3697793406327686, 'num_points': 301}, {'avg_silhouette': 0.2909184946418214, 'num_points': 93}, {'avg_silhouette': 0.1861349552399135, 'num_points': 556}, {'avg_silhouette': 0.3742624841101096, 'num_points': 33}, {'avg_silhouette': -0.12325048569894921, 'num_points': 400}, {'avg_silhouette': 0.35650005856661104, 'num_points': 75}, {'avg_silhouette': 0.03715528940723316, 'num_points': 227}]",,21,0.2978012262066837,,6,0.2304591719856562
K-means,,,"[{'avg_silhouette': 0.3715244194232071, 'num_points': 33}, {'avg_silhouette': 0.6014737495996505, 'num_points': 2109}, {'avg_silhouette': 0.164166145465127, 'num_points': 100}, {'avg_silhouette': 0.08529028881729529, 'num_points': 360}, {'avg_silhouette': 0.10871362522032772, 'num_points': 51}, {'avg_silhouette': 0.4815356438492565, 'num_points': 40}, {'avg_silhouette': 0.39286553148399983, 'num_points': 296}, {'avg_silhouette': -0.10862055690897927, 'num_points': 110}, {'avg_silhouette': 0.15538577916870783, 'num_points': 262}, {'avg_silhouette': 0.28582908582420424, 'num_points': 93}, {'avg_silhouette': 0.5616115330101357, 'num_points': 62}, {'avg_silhouette': 0.19137373267457108, 'num_points': 513}, {'avg_silhouette': 0.08439208980212763, 'num_points': 35}, {'avg_silhouette': 0.2840300528004816, 'num_points': 86}, {'avg_silhouette': 0.1279037686859407, 'num_points': 140}, {'avg_silhouette': 0.371207994894091, 'num_points': 455}, {'avg_silhouette': -0.08382463766746324, 'num_points': 3}, {'avg_silhouette': 0.3251501653963191, 'num_points': 37}, {'avg_silhouette': -0.13216724251733514, 'num_points': 397}, {'avg_silhouette': 0.012599883006000717, 'num_points': 226}, {'avg_silhouette': 0.3666679726337528, 'num_points': 74}, {'avg_silhouette': 0.14870444622440235, 'num_points': 335}, {'avg_silhouette': 0.007312468627389185, 'num_points': 130}, {'avg_silhouette': 0.06582164325220821, 'num_points': 616}, {'avg_silhouette': 0.2792704841310667, 'num_points': 892}, {'avg_silhouette': 0.40735595769172755, 'num_points': 67}, {'avg_silhouette': 0.21447539243808933, 'num_points': 37}]",,27,0.2958658228096628,,6,0.2294967270057087
AGGLC,ward,,"[{'avg_silhouette': 0.302123863805576, 'num_points': 82}, {'avg_silhouette': 0.413221464334789, 'num_points': 280}, {'avg_silhouette': 0.24109926507124863, 'num_points': 242}, {'avg_silhouette': -0.2762479909859565, 'num_points': 222}, {'avg_silhouette': -0.054467213925134275, 'num_points': 219}, {'avg_silhouette': 0.25378004894622813, 'num_points': 755}, {'avg_silhouette': -0.2148869051517255, 'num_points': 46}, {'avg_silhouette': 0.1557218296641315, 'num_points': 309}, {'avg_silhouette': -0.1319057619871098, 'num_points': 43}, {'avg_silhouette': -0.06724019193152259, 'num_points': 158}, {'avg_silhouette': -0.17677714458847554, 'num_points': 158}, {'avg_silhouette': -0.015756044421585257, 'num_points': 28}, {'avg_silhouette': 0.22188424784816344, 'num_points': 161}, {'avg_silhouette': 0.2607847522612275, 'num_points': 438}, {'avg_silhouette': 0.056480310717137217, 'num_points': 83}, {'avg_silhouette': -0.0808695015367374, 'num_points': 44}, {'avg_silhouette': 0.22895385232181734, 'num_points': 222}, {'avg_silhouette': 0.3703232636612133, 'num_points': 72}, {'avg_silhouette': -0.0842224054431719, 'num_points': 40}, {'avg_silhouette': 0.24928250576949773, 'num_points': 95}, {'avg_silhouette': 0.09787891770673245, 'num_points': 54}, {'avg_silhouette': 0.4252196683802841, 'num_points': 30}, {'avg_silhouette': 0.48827251500282515, 'num_points': 381}, {'avg_silhouette': 0.25970458865463947, 'num_points': 70}, {'avg_silhouette': 0.3130052316714281, 'num_points': 25}, {'avg_silhouette': 0.44580540718956047, 'num_points': 63}, {'avg_silhouette': 0.6200597568557584, 'num_points': 20}, {'avg_silhouette': -0.07001365735029685, 'num_points': 49}, {'avg_silhouette': 0.176345237289649, 'num_points': 13}, {'avg_silhouette': 0.29486976369858287, 'num_points': 19}, {'avg_silhouette': 0.03397724781760547, 'num_points': 71}, {'avg_silhouette': 0.033668656724572754, 'num_points': 107}, {'avg_silhouette': 0.28565115518203776, 'num_points': 67}, {'avg_silhouette': 0.35174669849945694, 'num_points': 17}, {'avg_silhouette': 0.06410844330075162, 'num_points': 13}, {'avg_silhouette': 0.5393042349021997, 'num_points': 21}, {'avg_silhouette': 0.3778903258436874, 'num_points': 233}, {'avg_silhouette': 0.3846419176706368, 'num_points': 43}, {'avg_silhouette': 0.3376890030149804, 'num_points': 305}, {'avg_silhouette': 0.36652746458422386, 'num_points': 40}, {'avg_silhouette': 0.17398058984321293, 'num_points': 44}, {'avg_silhouette': 0.197401225017082, 'num_points': 47}, {'avg_silhouette': 0.2126948433298108, 'num_points': 35}, {'avg_silhouette': 0.5535766954395585, 'num_points': 62}, {'avg_silhouette': 0.39478158691810955, 'num_points': 50}, {'avg_silhouette': 0.4175753863572781, 'num_points': 29}, {'avg_silhouette': 0.17248139514020885, 'num_points': 8}, {'avg_silhouette': 0.5619637662658972, 'num_points': 1730}, {'avg_silhouette': 0.34964782052433324, 'num_points': 187}, {'avg_silhouette': 0.08831427139636291, 'num_points': 29}]",,50,0.2953106272429409,,4,0.3912002706190445
K-means,,,"[{'avg_silhouette': 0.13082643122318663, 'num_points': 349}, {'avg_silhouette': 0.2512537918296832, 'num_points': 328}, {'avg_silhouette': -0.16656402711992138, 'num_points': 398}, {'avg_silhouette': 0.08130443289330995, 'num_points': 238}, {'avg_silhouette': 0.26761201234139376, 'num_points': 90}, {'avg_silhouette': 0.17054762277899177, 'num_points': 456}, {'avg_silhouette': 0.12497252997137501, 'num_points': 633}, {'avg_silhouette': -0.11791366739411742, 'num_points': 50}, {'avg_silhouette': 0.5592779743020849, 'num_points': 62}, {'avg_silhouette': 0.2408446351506797, 'num_points': 935}, {'avg_silhouette': 0.3939082328377954, 'num_points': 448}, {'avg_silhouette': 0.3019943335750628, 'num_points': 68}, {'avg_silhouette': 0.13074315912001938, 'num_points': 336}, {'avg_silhouette': 0.27397721322053964, 'num_points': 95}, {'avg_silhouette': 0.28429916736859634, 'num_points': 19}, {'avg_silhouette': 0.36443818271562484, 'num_points': 74}, {'avg_silhouette': 0.036388274833081054, 'num_points': 586}, {'avg_silhouette': 0.4268009596592439, 'num_points': 66}, {'avg_silhouette': 0.6361069190839371, 'num_points': 2063}, {'avg_silhouette': 0.01923111101995436, 'num_points': 25}, {'avg_silhouette': -0.06142857551438421, 'num_points': 89}, {'avg_silhouette': 0.5814315301577699, 'num_points': 21}, {'avg_silhouette': 0.3831808321844274, 'num_points': 44}, {'avg_silhouette': 0.21001899318288553, 'num_points': 37}, {'avg_silhouette': 0.24714817455429444, 'num_points': 49}]",,25,0.29384033157894535,,7,0.2051720267908484
AGGLC,ward,,"[{'avg_silhouette': -0.11696381952593893, 'num_points': 187}, {'avg_silhouette': 0.302123863805576, 'num_points': 82}, {'avg_silhouette': 0.24109926507124863, 'num_points': 242}, {'avg_silhouette': -0.2762479909859565, 'num_points': 222}, {'avg_silhouette': 0.413221464334789, 'num_points': 280}, {'avg_silhouette': 0.25378004894622813, 'num_points': 755}, {'avg_silhouette': -0.2148869051517255, 'num_points': 46}, {'avg_silhouette': 0.1557218296641315, 'num_points': 309}, {'avg_silhouette': -0.13142099182383238, 'num_points': 43}, {'avg_silhouette': -0.054467213925134275, 'num_points': 219}, {'avg_silhouette': -0.17677714458847554, 'num_points': 158}, {'avg_silhouette': -0.015756044421585257, 'num_points': 28}, {'avg_silhouette': 0.22188424784816344, 'num_points': 161}, {'avg_silhouette': 0.2607847522612275, 'num_points': 438}, {'avg_silhouette': 0.056480310717137217, 'num_points': 83}, {'avg_silhouette': -0.0808695015367374, 'num_points': 44}, {'avg_silhouette': 0.22895385232181734, 'num_points': 222}, {'avg_silhouette': 0.37059482127117693, 'num_points': 72}, {'avg_silhouette': -0.0842224054431719, 'num_points': 40}, {'avg_silhouette': 0.24950051238397816, 'num_points': 95}, {'avg_silhouette': 0.09787891770673245, 'num_points': 54}, {'avg_silhouette': 0.4252196683802841, 'num_points': 30}, {'avg_silhouette': 0.48827251500282515, 'num_points': 381}, {'avg_silhouette': 0.25970458865463947, 'num_points': 70}, {'avg_silhouette': 0.3130052316714281, 'num_points': 25}, {'avg_silhouette': 0.44580540718956047, 'num_points': 63}, {'avg_silhouette': 0.6200597568557584, 'num_points': 20}, {'avg_silhouette': -0.07001365735029685, 'num_points': 49}, {'avg_silhouette': 0.176345237289649, 'num_points': 13}, {'avg_silhouette': 0.29486976369858287, 'num_points': 19}, {'avg_silhouette': 0.03397724781760547, 'num_points': 71}, {'avg_silhouette': 0.033668656724572754, 'num_points': 107}, {'avg_silhouette': 0.28565115518203776, 'num_points': 67}, {'avg_silhouette': 0.35174669849945694, 'num_points': 17}, {'avg_silhouette': 0.06410844330075162, 'num_points': 13}, {'avg_silhouette': 0.5393042349021997, 'num_points': 21}, {'avg_silhouette': 0.3778903258436874, 'num_points': 233}, {'avg_silhouette': 0.3846419176706368, 'num_points': 43}, {'avg_silhouette': 0.3376890030149804, 'num_points': 305}, {'avg_silhouette': 0.36652746458422386, 'num_points': 40}, {'avg_silhouette': 0.17398058984321293, 'num_points': 44}, {'avg_silhouette': 0.19941400820968425, 'num_points': 47}, {'avg_silhouette': 0.21407854862111494, 'num_points': 35}, {'avg_silhouette': 0.5535766954395585, 'num_points': 62}, {'avg_silhouette': 0.3953422354964306, 'num_points': 50}, {'avg_silhouette': 0.4175753863572781, 'num_points': 29}, {'avg_silhouette': 0.17248139514020885, 'num_points': 8}, {'avg_silhouette': 0.5619637662658972, 'num_points': 1730}, {'avg_silhouette': 0.3554936410562951, 'num_points': 187}]",,49,0.293659078289414,,4,0.3912002706190445
AGGLC,ward,,"[{'avg_silhouette': -0.12743648503308838, 'num_points': 1046}, {'avg_silhouette': 0.26681885777024444, 'num_points': 740}, {'avg_silhouette': 0.31379758055227297, 'num_points': 1688}, {'avg_silhouette': 0.5054433465990604, 'num_points': 2546}, {'avg_silhouette': 0.25117553992704417, 'num_points': 309}, {'avg_silhouette': 0.19777337009676732, 'num_points': 421}, {'avg_silhouette': -0.011769375800714877, 'num_points': 291}, {'avg_silhouette': 0.34848154955571947, 'num_points': 82}, {'avg_silhouette': 0.39776154355095295, 'num_points': 72}, {'avg_silhouette': 0.28480050461752443, 'num_points': 95}, {'avg_silhouette': 0.5727146877966335, 'num_points': 62}, {'avg_silhouette': 0.2953656900261263, 'num_points': 70}, {'avg_silhouette': 0.4744067072345931, 'num_points': 63}, {'avg_silhouette': 0.14839838469098038, 'num_points': 74}]",,14,0.2936196306674212,,5,0.23127933399705136
AGGLC,ward,,"[{'avg_silhouette': 0.12091297057514336, 'num_points': 374}, {'avg_silhouette': -0.28325894035215815, 'num_points': 250}, {'avg_silhouette': 0.24109926507124863, 'num_points': 242}, {'avg_silhouette': 0.30237605348278684, 'num_points': 82}, {'avg_silhouette': 0.413221464334789, 'num_points': 280}, {'avg_silhouette': 0.25378004894622813, 'num_points': 755}, {'avg_silhouette': -0.214078103118107, 'num_points': 46}, {'avg_silhouette': 0.1557218296641315, 'num_points': 309}, {'avg_silhouette': -0.11919294942697997, 'num_points': 43}, {'avg_silhouette': -0.05446323731069967, 'num_points': 219}, {'avg_silhouette': -0.17630993589120933, 'num_points': 158}, {'avg_silhouette': 0.2597388590865067, 'num_points': 70}, {'avg_silhouette': 0.22188424784816344, 'num_points': 161}, {'avg_silhouette': 0.2607847522612275, 'num_points': 438}, {'avg_silhouette': 0.056480310717137217, 'num_points': 83}, {'avg_silhouette': -0.0808695015367374, 'num_points': 44}, {'avg_silhouette': 0.22895385232181734, 'num_points': 222}, {'avg_silhouette': 0.37358390077292086, 'num_points': 72}, {'avg_silhouette': -0.0842224054431719, 'num_points': 40}, {'avg_silhouette': 0.2512946953369201, 'num_points': 95}, {'avg_silhouette': 0.10822057312154712, 'num_points': 54}, {'avg_silhouette': 0.4252196683802841, 'num_points': 30}, {'avg_silhouette': 0.48827251500282515, 'num_points': 381}, {'avg_silhouette': 0.5619637662658972, 'num_points': 1730}, {'avg_silhouette': 0.3130052316714281, 'num_points': 25}, {'avg_silhouette': 0.44580540718956047, 'num_points': 63}, {'avg_silhouette': 0.6200597568557584, 'num_points': 20}, {'avg_silhouette': -0.07001365735029685, 'num_points': 49}, {'avg_silhouette': 0.176345237289649, 'num_points': 13}, {'avg_silhouette': 0.29486976369858287, 'num_points': 19}, {'avg_silhouette': 0.03397724781760547, 'num_points': 71}, {'avg_silhouette': 0.033668656724572754, 'num_points': 107}, {'avg_silhouette': 0.28565115518203776, 'num_points': 67}, {'avg_silhouette': 0.35174669849945694, 'num_points': 17}, {'avg_silhouette': 0.06410844330075162, 'num_points': 13}, {'avg_silhouette': 0.5393042349021997, 'num_points': 21}, {'avg_silhouette': 0.3778903258436874, 'num_points': 233}, {'avg_silhouette': 0.39245543356106893, 'num_points': 43}, {'avg_silhouette': 0.3376890030149804, 'num_points': 305}, {'avg_silhouette': 0.36652746458422386, 'num_points': 40}, {'avg_silhouette': 0.1784888098615274, 'num_points': 44}, {'avg_silhouette': 0.2492146865641493, 'num_points': 47}, {'avg_silhouette': 0.21962123067345535, 'num_points': 35}, {'avg_silhouette': 0.5536561315978076, 'num_points': 62}, {'avg_silhouette': 0.45325280045794886, 'num_points': 50}, {'avg_silhouette': 0.4175753863572781, 'num_points': 29}, {'avg_silhouette': 0.17248139514020885, 'num_points': 8}]",,47,0.2935458588135846,,4,0.3912002706190445
K-means,,,"[{'avg_silhouette': 0.1562132321991385, 'num_points': 641}, {'avg_silhouette': -0.13581610307737768, 'num_points': 77}, {'avg_silhouette': -0.16475728652767366, 'num_points': 378}, {'avg_silhouette': 0.2603970908365057, 'num_points': 1161}, {'avg_silhouette': 0.19716015540204782, 'num_points': 354}, {'avg_silhouette': 0.3505084969563285, 'num_points': 457}, {'avg_silhouette': 0.1829866958391007, 'num_points': 320}, {'avg_silhouette': -0.11232878609113106, 'num_points': 109}, {'avg_silhouette': 0.11658962928417942, 'num_points': 363}, {'avg_silhouette': 0.39107446176424604, 'num_points': 44}, {'avg_silhouette': 0.03144511590164867, 'num_points': 783}, {'avg_silhouette': 0.6257242062193881, 'num_points': 2203}, {'avg_silhouette': 0.5660276920315302, 'num_points': 62}, {'avg_silhouette': 0.28662090884182495, 'num_points': 96}, {'avg_silhouette': 0.16300021374077192, 'num_points': 214}, {'avg_silhouette': 0.30182605823921954, 'num_points': 61}, {'avg_silhouette': 0.289274869329886, 'num_points': 70}, {'avg_silhouette': 0.039710190609981155, 'num_points': 166}]",,18,0.2925481874460486,,6,0.20992180926422263
AGGLC,ward,,"[{'avg_silhouette': -0.2835692751133325, 'num_points': 250}, {'avg_silhouette': -0.11696381952593893, 'num_points': 187}, {'avg_silhouette': 0.24109926507124863, 'num_points': 242}, {'avg_silhouette': 0.302123863805576, 'num_points': 82}, {'avg_silhouette': 0.413221464334789, 'num_points': 280}, {'avg_silhouette': 0.25378004894622813, 'num_points': 755}, {'avg_silhouette': -0.2148869051517255, 'num_points': 46}, {'avg_silhouette': 0.1557218296641315, 'num_points': 309}, {'avg_silhouette': -0.12039674160212448, 'num_points': 43}, {'avg_silhouette': -0.05446323731069967, 'num_points': 219}, {'avg_silhouette': -0.17630993589120933, 'num_points': 158}, {'avg_silhouette': 0.2597388590865067, 'num_points': 70}, {'avg_silhouette': 0.22188424784816344, 'num_points': 161}, {'avg_silhouette': 0.2607847522612275, 'num_points': 438}, {'avg_silhouette': 0.056480310717137217, 'num_points': 83}, {'avg_silhouette': -0.0808695015367374, 'num_points': 44}, {'avg_silhouette': 0.22895385232181734, 'num_points': 222}, {'avg_silhouette': 0.371284958290588, 'num_points': 72}, {'avg_silhouette': -0.0842224054431719, 'num_points': 40}, {'avg_silhouette': 0.2497991960820304, 'num_points': 95}, {'avg_silhouette': 0.09787891770673245, 'num_points': 54}, {'avg_silhouette': 0.4252196683802841, 'num_points': 30}, {'avg_silhouette': 0.48827251500282515, 'num_points': 381}, {'avg_silhouette': 0.3554936410562951, 'num_points': 187}, {'avg_silhouette': 0.3130052316714281, 'num_points': 25}, {'avg_silhouette': 0.44580540718956047, 'num_points': 63}, {'avg_silhouette': 0.6200597568557584, 'num_points': 20}, {'avg_silhouette': -0.07001365735029685, 'num_points': 49}, {'avg_silhouette': 0.176345237289649, 'num_points': 13}, {'avg_silhouette': 0.29486976369858287, 'num_points': 19}, {'avg_silhouette': 0.03397724781760547, 'num_points': 71}, {'avg_silhouette': 0.033668656724572754, 'num_points': 107}, {'avg_silhouette': 0.28565115518203776, 'num_points': 67}, {'avg_silhouette': 0.35174669849945694, 'num_points': 17}, {'avg_silhouette': 0.06410844330075162, 'num_points': 13}, {'avg_silhouette': 0.5393042349021997, 'num_points': 21}, {'avg_silhouette': 0.3778903258436874, 'num_points': 233}, {'avg_silhouette': 0.3846419176706368, 'num_points': 43}, {'avg_silhouette': 0.3376890030149804, 'num_points': 305}, {'avg_silhouette': 0.36652746458422386, 'num_points': 40}, {'avg_silhouette': 0.17398058984321293, 'num_points': 44}, {'avg_silhouette': 0.19941400820968425, 'num_points': 47}, {'avg_silhouette': 0.2146981012495884, 'num_points': 35}, {'avg_silhouette': 0.5536561315978076, 'num_points': 62}, {'avg_silhouette': 0.3953422354964306, 'num_points': 50}, {'avg_silhouette': 0.4175753863572781, 'num_points': 29}, {'avg_silhouette': 0.17248139514020885, 'num_points': 8}, {'avg_silhouette': 0.5619637662658972, 'num_points': 1730}]",,48,0.29253878595013205,,4,0.3912002706190445
AGGLC,ward,,"[{'avg_silhouette': -0.06661354748968212, 'num_points': 361}, {'avg_silhouette': 0.26840484743244186, 'num_points': 740}, {'avg_silhouette': 0.13123040701760158, 'num_points': 2797}, {'avg_silhouette': 0.5304241878256587, 'num_points': 2546}, {'avg_silhouette': 0.32052968750130784, 'num_points': 309}, {'avg_silhouette': 0.1992221740784339, 'num_points': 421}, {'avg_silhouette': 0.16020975399963883, 'num_points': 74}, {'avg_silhouette': 0.35730999090007026, 'num_points': 82}, {'avg_silhouette': 0.40179613424025373, 'num_points': 72}, {'avg_silhouette': 0.315699063415396, 'num_points': 95}, {'avg_silhouette': 0.5736831793518928, 'num_points': 62}]",,11,0.29245188076106265,,4,0.282320404088534
AGGLC,ward,,"[{'avg_silhouette': -0.05431678576341424, 'num_points': 115}, {'avg_silhouette': 0.12094402591306737, 'num_points': 374}, {'avg_silhouette': 0.24109926507124863, 'num_points': 242}, {'avg_silhouette': -0.28325894035215815, 'num_points': 250}, {'avg_silhouette': 0.413221464334789, 'num_points': 280}, {'avg_silhouette': 0.25378004894622813, 'num_points': 755}, {'avg_silhouette': -0.214078103118107, 'num_points': 46}, {'avg_silhouette': 0.30237605348278684, 'num_points': 82}, {'avg_silhouette': -0.11911152927570835, 'num_points': 43}, {'avg_silhouette': -0.05338301906786505, 'num_points': 219}, {'avg_silhouette': -0.17610534220121288, 'num_points': 158}, {'avg_silhouette': 0.2597388590865067, 'num_points': 70}, {'avg_silhouette': 0.22301428038654103, 'num_points': 161}, {'avg_silhouette': 0.2611341061152355, 'num_points': 438}, {'avg_silhouette': 0.05691572918182338, 'num_points': 83}, {'avg_silhouette': 0.1557218296641315, 'num_points': 309}, {'avg_silhouette': 0.22992622094448478, 'num_points': 222}, {'avg_silhouette': 0.3736036527968936, 'num_points': 72}, {'avg_silhouette': -0.08245263701916641, 'num_points': 40}, {'avg_silhouette': 0.25144236064568803, 'num_points': 95}, {'avg_silhouette': 0.10822057312154712, 'num_points': 54}, {'avg_silhouette': 0.4252196683802841, 'num_points': 30}, {'avg_silhouette': 0.48827251500282515, 'num_points': 381}, {'avg_silhouette': 0.5619637662658972, 'num_points': 1730}, {'avg_silhouette': 0.3130052316714281, 'num_points': 25}, {'avg_silhouette': 0.44580540718956047, 'num_points': 63}, {'avg_silhouette': 0.6200597568557584, 'num_points': 20}, {'avg_silhouette': -0.07001365735029685, 'num_points': 49}, {'avg_silhouette': 0.176345237289649, 'num_points': 13}, {'avg_silhouette': 0.29486976369858287, 'num_points': 19}, {'avg_silhouette': 0.03470672654543163, 'num_points': 71}, {'avg_silhouette': -0.0808695015367374, 'num_points': 44}, {'avg_silhouette': 0.2856523019321165, 'num_points': 67}, {'avg_silhouette': 0.35174669849945694, 'num_points': 17}, {'avg_silhouette': 0.06410844330075162, 'num_points': 13}, {'avg_silhouette': 0.5393042349021997, 'num_points': 21}, {'avg_silhouette': 0.3778903258436874, 'num_points': 233}, {'avg_silhouette': 0.39245543356106893, 'num_points': 43}, {'avg_silhouette': 0.3376890030149804, 'num_points': 305}, {'avg_silhouette': 0.36652746458422386, 'num_points': 40}, {'avg_silhouette': 0.1784888098615274, 'num_points': 44}, {'avg_silhouette': 0.2492146865641493, 'num_points': 47}, {'avg_silhouette': 0.22009745399914663, 'num_points': 35}, {'avg_silhouette': 0.5536561315978076, 'num_points': 62}, {'avg_silhouette': 0.45325280045794886, 'num_points': 50}, {'avg_silhouette': 0.4175753863572781, 'num_points': 29}]",,46,0.2921960662598777,,4,0.3912876090825465
K-means,,,"[{'avg_silhouette': 0.38010843516243076, 'num_points': 30}, {'avg_silhouette': 0.5645032634375493, 'num_points': 1721}, {'avg_silhouette': 0.126820705347764, 'num_points': 264}, {'avg_silhouette': 0.23915978920005587, 'num_points': 44}, {'avg_silhouette': 0.5033615319314793, 'num_points': 308}, {'avg_silhouette': 0.3580630104968974, 'num_points': 293}, {'avg_silhouette': 0.3400744955948964, 'num_points': 703}, {'avg_silhouette': 0.3544956616145292, 'num_points': 74}, {'avg_silhouette': 0.36652746458422386, 'num_points': 40}, {'avg_silhouette': 0.15359270704229422, 'num_points': 263}, {'avg_silhouette': 0.18307052106385746, 'num_points': 170}, {'avg_silhouette': 0.07073092640513663, 'num_points': 187}, {'avg_silhouette': 0.5536467232379256, 'num_points': 62}, {'avg_silhouette': -0.00790263083703967, 'num_points': 3}, {'avg_silhouette': 0.3725206540455822, 'num_points': 56}, {'avg_silhouette': -0.12054625954103373, 'num_points': 30}, {'avg_silhouette': 0.26350595418643835, 'num_points': 70}, {'avg_silhouette': -0.04263276437730059, 'num_points': 58}, {'avg_silhouette': 0.11857416528212825, 'num_points': 33}, {'avg_silhouette': 0.18835494852154, 'num_points': 9}, {'avg_silhouette': -0.029000857153862036, 'num_points': 117}, {'avg_silhouette': 0.3175856664311892, 'num_points': 252}, {'avg_silhouette': 0.22117947962235354, 'num_points': 404}, {'avg_silhouette': 0.3462031792311009, 'num_points': 191}, {'avg_silhouette': -0.09564441398225772, 'num_points': 32}, {'avg_silhouette': 0.5749076023673817, 'num_points': 21}, {'avg_silhouette': 0.2577375955024944, 'num_points': 20}, {'avg_silhouette': -0.06310839743404555, 'num_points': 187}, {'avg_silhouette': 0.06453394744812299, 'num_points': 97}, {'avg_silhouette': 0.18303429116868436, 'num_points': 196}, {'avg_silhouette': 0.2688359633805386, 'num_points': 19}, {'avg_silhouette': 0.1410654913597924, 'num_points': 146}, {'avg_silhouette': -0.0020928465127562344, 'num_points': 81}, {'avg_silhouette': 0.35628114529310345, 'num_points': 32}, {'avg_silhouette': 0.33263502106132603, 'num_points': 245}, {'avg_silhouette': 0.15667628832343172, 'num_points': 8}, {'avg_silhouette': -0.033707250895345715, 'num_points': 56}, {'avg_silhouette': 0.32910100927397673, 'num_points': 86}, {'avg_silhouette': -0.0027008086428243626, 'num_points': 157}, {'avg_silhouette': -0.14537813954039713, 'num_points': 279}, {'avg_silhouette': 0.11069464967159764, 'num_points': 110}, {'avg_silhouette': 0.20177497499186478, 'num_points': 38}, {'avg_silhouette': -0.07130016916220502, 'num_points': 105}, {'avg_silhouette': 0.19424752437026643, 'num_points': 76}, {'avg_silhouette': 0.22096494249621726, 'num_points': 35}, {'avg_silhouette': 0.5333499334125095, 'num_points': 21}, {'avg_silhouette': 0.36109079016091505, 'num_points': 12}, {'avg_silhouette': 0.3615632563293366, 'num_points': 33}, {'avg_silhouette': 0.3094334223796299, 'num_points': 60}, {'avg_silhouette': 0.3113295036440886, 'num_points': 25}]",,50,0.2903962822289694,,3,0.3752524128849331
K-means,,,"[{'avg_silhouette': 0.18340391862278108, 'num_points': 598}, {'avg_silhouette': 0.32574985513552657, 'num_points': 490}, {'avg_silhouette': 0.16108193755500763, 'num_points': 280}, {'avg_silhouette': 0.49843163123771506, 'num_points': 2594}, {'avg_silhouette': -0.14061932572324706, 'num_points': 366}, {'avg_silhouette': 0.16618704747700952, 'num_points': 494}, {'avg_silhouette': 0.2924975600294963, 'num_points': 96}, {'avg_silhouette': 0.03438052805773682, 'num_points': 412}, {'avg_silhouette': 0.16262634243718677, 'num_points': 373}, {'avg_silhouette': 0.23865738504801495, 'num_points': 1781}, {'avg_silhouette': 0.3686177759550402, 'num_points': 75}]",,11,0.29019137446178506,,6,0.2411350609297973
AGGLC,ward,,"[{'avg_silhouette': 0.36582819103894637, 'num_points': 430}, {'avg_silhouette': 0.12119476071238888, 'num_points': 374}, {'avg_silhouette': -0.05431678576341424, 'num_points': 115}, {'avg_silhouette': -0.28302128727019255, 'num_points': 250}, {'avg_silhouette': 0.4392484782175037, 'num_points': 280}, {'avg_silhouette': 0.25378004894622813, 'num_points': 755}, {'avg_silhouette': 0.24109926507124863, 'num_points': 242}, {'avg_silhouette': 0.30488256207601033, 'num_points': 82}, {'avg_silhouette': -0.11764563916193209, 'num_points': 43}, {'avg_silhouette': -0.05338301906786505, 'num_points': 219}, {'avg_silhouette': -0.17610534220121288, 'num_points': 158}, {'avg_silhouette': 0.2605334468525987, 'num_points': 70}, {'avg_silhouette': 0.22301428038654103, 'num_points': 161}, {'avg_silhouette': -0.214078103118107, 'num_points': 46}, {'avg_silhouette': 0.05691572918182338, 'num_points': 83}, {'avg_silhouette': 0.1557218296641315, 'num_points': 309}, {'avg_silhouette': 0.22992622094448478, 'num_points': 222}, {'avg_silhouette': 0.3741163640757412, 'num_points': 72}, {'avg_silhouette': -0.08245263701916641, 'num_points': 40}, {'avg_silhouette': 0.2516213448684528, 'num_points': 95}, {'avg_silhouette': 0.11653115178016488, 'num_points': 54}, {'avg_silhouette': 0.4252196683802841, 'num_points': 30}, {'avg_silhouette': 0.41766889586617323, 'num_points': 29}, {'avg_silhouette': 0.5619637662658972, 'num_points': 1730}, {'avg_silhouette': 0.3130052316714281, 'num_points': 25}, {'avg_silhouette': 0.44739949097425247, 'num_points': 63}, {'avg_silhouette': 0.6200597568557584, 'num_points': 20}, {'avg_silhouette': 0.2611341061152355, 'num_points': 438}, {'avg_silhouette': 0.17864445940145313, 'num_points': 13}, {'avg_silhouette': 0.2950173101874923, 'num_points': 19}, {'avg_silhouette': 0.03483737645285581, 'num_points': 71}, {'avg_silhouette': -0.06543041060590589, 'num_points': 44}, {'avg_silhouette': 0.2856523019321165, 'num_points': 67}, {'avg_silhouette': 0.35174669849945694, 'num_points': 17}, {'avg_silhouette': 0.06410844330075162, 'num_points': 13}, {'avg_silhouette': 0.5393042349021997, 'num_points': 21}, {'avg_silhouette': 0.3778903258436874, 'num_points': 233}, {'avg_silhouette': 0.3931017950436701, 'num_points': 43}, {'avg_silhouette': 0.3376890030149804, 'num_points': 305}, {'avg_silhouette': 0.36652746458422386, 'num_points': 40}, {'avg_silhouette': 0.180608051983185, 'num_points': 44}, {'avg_silhouette': 0.2492146865641493, 'num_points': 47}, {'avg_silhouette': 0.22009745399914663, 'num_points': 35}, {'avg_silhouette': 0.5536561315978076, 'num_points': 62}, {'avg_silhouette': 0.45325280045794886, 'num_points': 50}]",,45,0.29006854434743234,,4,0.3606765280915768
K-means,,,"[{'avg_silhouette': 0.15320188369963975, 'num_points': 507}, {'avg_silhouette': 0.48690721551871824, 'num_points': 2655}, {'avg_silhouette': 0.49528989880694124, 'num_points': 40}, {'avg_silhouette': 0.01343692511722596, 'num_points': 936}, {'avg_silhouette': 0.12537543813001822, 'num_points': 391}, {'avg_silhouette': 0.23946155706458214, 'num_points': 795}, {'avg_silhouette': 0.2955202364223119, 'num_points': 91}, {'avg_silhouette': 0.24006096693396267, 'num_points': 2035}, {'avg_silhouette': 0.3037189954735755, 'num_points': 71}, {'avg_silhouette': 0.23121964930478267, 'num_points': 38}]",,10,0.28945113227309766,,6,0.20974066441069117
AGGLC,ward,,"[{'avg_silhouette': 0.012551286796313375, 'num_points': 94}, {'avg_silhouette': 0.36587547097847545, 'num_points': 430}, {'avg_silhouette': -0.05431678576341424, 'num_points': 115}, {'avg_silhouette': 0.15098387154813372, 'num_points': 374}, {'avg_silhouette': 0.4393330134305492, 'num_points': 280}, {'avg_silhouette': 0.25378004894622813, 'num_points': 755}, {'avg_silhouette': 0.24109926507124863, 'num_points': 242}, {'avg_silhouette': -0.28302128727019255, 'num_points': 250}, {'avg_silhouette': -0.11471960729313394, 'num_points': 43}, {'avg_silhouette': -0.05338301906786505, 'num_points': 219}, {'avg_silhouette': -0.17610534220121288, 'num_points': 158}, {'avg_silhouette': 0.26128712098593593, 'num_points': 70}, {'avg_silhouette': 0.22301428038654103, 'num_points': 161}, {'avg_silhouette': -0.214078103118107, 'num_points': 46}, {'avg_silhouette': 0.05691572918182338, 'num_points': 83}, {'avg_silhouette': 0.30488256207601033, 'num_points': 82}, {'avg_silhouette': 0.22992622094448478, 'num_points': 222}, {'avg_silhouette': 0.37414258436791487, 'num_points': 72}, {'avg_silhouette': -0.08245263701916641, 'num_points': 40}, {'avg_silhouette': 0.2516213448684528, 'num_points': 95}, {'avg_silhouette': 0.11653115178016488, 'num_points': 54}, {'avg_silhouette': 0.4252196683802841, 'num_points': 30}, {'avg_silhouette': 0.41766889586617323, 'num_points': 29}, {'avg_silhouette': 0.5619637662658972, 'num_points': 1730}, {'avg_silhouette': 0.3130052316714281, 'num_points': 25}, {'avg_silhouette': 0.44739949097425247, 'num_points': 63}, {'avg_silhouette': 0.6200597568557584, 'num_points': 20}, {'avg_silhouette': 0.2611341061152355, 'num_points': 438}, {'avg_silhouette': 0.17864445940145313, 'num_points': 13}, {'avg_silhouette': 0.2950522925591685, 'num_points': 19}, {'avg_silhouette': 0.03483737645285581, 'num_points': 71}, {'avg_silhouette': 0.1557218296641315, 'num_points': 309}, {'avg_silhouette': 0.2856523019321165, 'num_points': 67}, {'avg_silhouette': 0.352197239298635, 'num_points': 17}, {'avg_silhouette': 0.06410844330075162, 'num_points': 13}, {'avg_silhouette': 0.5393042349021997, 'num_points': 21}, {'avg_silhouette': 0.3778903258436874, 'num_points': 233}, {'avg_silhouette': 0.3931017950436701, 'num_points': 43}, {'avg_silhouette': 0.3376890030149804, 'num_points': 305}, {'avg_silhouette': 0.36652746458422386, 'num_points': 40}, {'avg_silhouette': 0.18428372518668049, 'num_points': 44}, {'avg_silhouette': 0.25310051045035026, 'num_points': 47}, {'avg_silhouette': 0.22009745399914663, 'num_points': 35}, {'avg_silhouette': 0.5536561315978076, 'num_points': 62}]",,44,0.28915762998201583,,4,0.36068834807645905
K-means,,,"[{'avg_silhouette': 0.009081497203926748, 'num_points': 242}, {'avg_silhouette': 0.6003683201685405, 'num_points': 2119}, {'avg_silhouette': 0.14182043451681306, 'num_points': 570}, {'avg_silhouette': 0.06108024848882939, 'num_points': 293}, {'avg_silhouette': 0.43185492081660165, 'num_points': 290}, {'avg_silhouette': 0.3012065934872537, 'num_points': 92}, {'avg_silhouette': 0.5628147527387507, 'num_points': 62}, {'avg_silhouette': -0.10398903079741909, 'num_points': 65}, {'avg_silhouette': 0.19990684551904433, 'num_points': 535}, {'avg_silhouette': 0.022118707408400475, 'num_points': 389}, {'avg_silhouette': 0.23808475810741553, 'num_points': 1065}, {'avg_silhouette': 0.14565003268295834, 'num_points': 482}, {'avg_silhouette': 0.34902234240269425, 'num_points': 460}, {'avg_silhouette': 0.2831711356745545, 'num_points': 70}, {'avg_silhouette': -0.13204928438768862, 'num_points': 402}, {'avg_silhouette': -0.09586711938502256, 'num_points': 188}, {'avg_silhouette': 0.3676712392706317, 'num_points': 70}, {'avg_silhouette': 0.26089068247460356, 'num_points': 91}, {'avg_silhouette': 0.36954682226542124, 'num_points': 74}]",,19,0.28834559692499634,,8,0.19561526955227224
AGGLC,ward,,"[{'avg_silhouette': -0.24943799520066298, 'num_points': 204}, {'avg_silhouette': 0.36587547097847545, 'num_points': 430}, {'avg_silhouette': 0.012551286796313375, 'num_points': 94}, {'avg_silhouette': 0.15098387154813372, 'num_points': 374}, {'avg_silhouette': 0.4393330134305492, 'num_points': 280}, {'avg_silhouette': 0.25378004894622813, 'num_points': 755}, {'avg_silhouette': -0.054207662668221954, 'num_points': 115}, {'avg_silhouette': -0.2827980118263737, 'num_points': 250}, {'avg_silhouette': -0.10336726124903092, 'num_points': 43}, {'avg_silhouette': -0.05338301906786505, 'num_points': 219}, {'avg_silhouette': 0.4252196683802841, 'num_points': 30}, {'avg_silhouette': 0.26140317886121317, 'num_points': 70}, {'avg_silhouette': 0.22314489397504017, 'num_points': 161}, {'avg_silhouette': 0.24109926507124863, 'num_points': 242}, {'avg_silhouette': 0.05747911721437508, 'num_points': 83}, {'avg_silhouette': 0.30488256207601033, 'num_points': 82}, {'avg_silhouette': 0.23006869332241814, 'num_points': 222}, {'avg_silhouette': 0.374474630978762, 'num_points': 72}, {'avg_silhouette': -0.080679658742545, 'num_points': 40}, {'avg_silhouette': 0.25200570068600325, 'num_points': 95}, {'avg_silhouette': 0.11653115178016488, 'num_points': 54}, {'avg_silhouette': 0.5538344061578065, 'num_points': 62}, {'avg_silhouette': 0.41766889586617323, 'num_points': 29}, {'avg_silhouette': 0.5619637662658972, 'num_points': 1730}, {'avg_silhouette': 0.3130052316714281, 'num_points': 25}, {'avg_silhouette': 0.44739949097425247, 'num_points': 63}, {'avg_silhouette': 0.6200597568557584, 'num_points': 20}, {'avg_silhouette': 0.26120070383465777, 'num_points': 438}, {'avg_silhouette': 0.17864445940145313, 'num_points': 13}, {'avg_silhouette': 0.2950522925591685, 'num_points': 19}, {'avg_silhouette': 0.03483737645285581, 'num_points': 71}, {'avg_silhouette': 0.1557218296641315, 'num_points': 309}, {'avg_silhouette': 0.2856523019321165, 'num_points': 67}, {'avg_silhouette': 0.352197239298635, 'num_points': 17}, {'avg_silhouette': 0.06412169828369582, 'num_points': 13}, {'avg_silhouette': 0.5393042349021997, 'num_points': 21}, {'avg_silhouette': 0.3778903258436874, 'num_points': 233}, {'avg_silhouette': 0.3931017950436701, 'num_points': 43}, {'avg_silhouette': 0.3376890030149804, 'num_points': 305}, {'avg_silhouette': 0.36652746458422386, 'num_points': 40}, {'avg_silhouette': 0.18428372518668049, 'num_points': 44}, {'avg_silhouette': 0.25310051045035026, 'num_points': 47}, {'avg_silhouette': 0.22009745399914663, 'num_points': 35}]",,43,0.28752020215148616,,4,0.36070499750631463
K-means,,,"[{'avg_silhouette': 0.27047616974497296, 'num_points': 19}, {'avg_silhouette': 0.6107107807065512, 'num_points': 1599}, {'avg_silhouette': 0.3266846055815713, 'num_points': 731}, {'avg_silhouette': 0.3843802872950008, 'num_points': 444}, {'avg_silhouette': 0.1571003663397796, 'num_points': 247}, {'avg_silhouette': 0.21244819048503188, 'num_points': 262}, {'avg_silhouette': 0.27308043763022927, 'num_points': 319}, {'avg_silhouette': 0.34888814312347294, 'num_points': 54}, {'avg_silhouette': 0.2662082531009788, 'num_points': 89}, {'avg_silhouette': 0.11281499610578184, 'num_points': 531}, {'avg_silhouette': 0.3916617693125268, 'num_points': 68}, {'avg_silhouette': 0.5506248869454504, 'num_points': 8}, {'avg_silhouette': 0.27845812729491887, 'num_points': 69}, {'avg_silhouette': -0.13426039111165966, 'num_points': 38}, {'avg_silhouette': 0.35619741326037974, 'num_points': 74}, {'avg_silhouette': 0.3152037410919111, 'num_points': 25}, {'avg_silhouette': 0.022256709021046425, 'num_points': 216}, {'avg_silhouette': -0.01937156532893041, 'num_points': 70}, {'avg_silhouette': -0.003234449543103261, 'num_points': 3}, {'avg_silhouette': 0.14937774628391556, 'num_points': 120}, {'avg_silhouette': -0.05875377130521362, 'num_points': 57}, {'avg_silhouette': 0.5535754544739809, 'num_points': 62}, {'avg_silhouette': 0.36652746458422386, 'num_points': 40}, {'avg_silhouette': 0.5490378831875871, 'num_points': 21}, {'avg_silhouette': -0.16204874292829197, 'num_points': 370}, {'avg_silhouette': 0.11205721274487518, 'num_points': 149}, {'avg_silhouette': 0.38345360478069307, 'num_points': 30}, {'avg_silhouette': 0.30049042168141354, 'num_points': 295}, {'avg_silhouette': 0.18158654355848278, 'num_points': 273}, {'avg_silhouette': 0.38725152464168333, 'num_points': 43}, {'avg_silhouette': 0.14005775674001555, 'num_points': 301}, {'avg_silhouette': 0.15219218868322412, 'num_points': 9}, {'avg_silhouette': 0.15473941406502367, 'num_points': 183}, {'avg_silhouette': -0.013668497115091334, 'num_points': 123}, {'avg_silhouette': 0.22189877963720067, 'num_points': 29}, {'avg_silhouette': 0.036054958152563786, 'num_points': 107}, {'avg_silhouette': 0.23038536118727726, 'num_points': 76}, {'avg_silhouette': 0.3243253878066187, 'num_points': 87}, {'avg_silhouette': 0.28000687051324186, 'num_points': 257}, {'avg_silhouette': 0.5747740606220582, 'num_points': 21}, {'avg_silhouette': -0.010853737171177987, 'num_points': 20}, {'avg_silhouette': 0.2637782894385269, 'num_points': 20}]",,42,0.2872675054020153,,4,0.35864766742222626
K-means,,,"[{'avg_silhouette': 0.12029086589662134, 'num_points': 147}, {'avg_silhouette': 0.36508673992247465, 'num_points': 33}, {'avg_silhouette': -0.14361198604649653, 'num_points': 68}, {'avg_silhouette': 0.1695683412318899, 'num_points': 181}, {'avg_silhouette': 0.19928795192335444, 'num_points': 489}, {'avg_silhouette': -0.08829294784659039, 'num_points': 108}, {'avg_silhouette': 0.1429002512613488, 'num_points': 298}, {'avg_silhouette': 0.06147823587347704, 'num_points': 6}, {'avg_silhouette': 0.20727554454748973, 'num_points': 48}, {'avg_silhouette': 0.3822000938424206, 'num_points': 290}, {'avg_silhouette': 0.0873597283281543, 'num_points': 544}, {'avg_silhouette': 0.17342596782571668, 'num_points': 170}, {'avg_silhouette': 0.2926892061290033, 'num_points': 55}, {'avg_silhouette': 0.11095784777278161, 'num_points': 27}, {'avg_silhouette': 0.2640096933544953, 'num_points': 20}, {'avg_silhouette': -0.16858346851643558, 'num_points': 380}, {'avg_silhouette': 0.36652746458422386, 'num_points': 40}, {'avg_silhouette': 0.6083139465230296, 'num_points': 1590}, {'avg_silhouette': 0.2630711113570717, 'num_points': 87}, {'avg_silhouette': 0.2873185233634105, 'num_points': 68}, {'avg_silhouette': 0.5418602786706532, 'num_points': 21}, {'avg_silhouette': 0.29773392148574246, 'num_points': 90}, {'avg_silhouette': 0.23975682725030398, 'num_points': 225}, {'avg_silhouette': 0.009372914646849388, 'num_points': 93}, {'avg_silhouette': 0.2184147993553581, 'num_points': 44}, {'avg_silhouette': 0.5225415477994355, 'num_points': 342}, {'avg_silhouette': 0.3904944343031839, 'num_points': 68}, {'avg_silhouette': 0.38479047235661257, 'num_points': 43}, {'avg_silhouette': -0.02509574034601102, 'num_points': 129}, {'avg_silhouette': 0.38951946112106045, 'num_points': 30}, {'avg_silhouette': 0.18390684781950226, 'num_points': 101}, {'avg_silhouette': -0.007784465174856756, 'num_points': 51}, {'avg_silhouette': 0.5428990480483104, 'num_points': 56}, {'avg_silhouette': 0.046535913146595526, 'num_points': 104}, {'avg_silhouette': -0.0664332430460855, 'num_points': 79}, {'avg_silhouette': 0.17118554868202707, 'num_points': 38}, {'avg_silhouette': 0.3492854705150715, 'num_points': 712}, {'avg_silhouette': 0.5768278977560485, 'num_points': 21}, {'avg_silhouette': 0.5462104995827672, 'num_points': 8}, {'avg_silhouette': 0.2155366544268956, 'num_points': 250}, {'avg_silhouette': 0.2704999271605186, 'num_points': 19}, {'avg_silhouette': 0.2890140568624523, 'num_points': 256}, {'avg_silhouette': 0.2148722589065107, 'num_points': 83}, {'avg_silhouette': 0.031039216193432816, 'num_points': 47}]",,44,0.2869363171032958,,5,0.21513272575463485
K-means,,,"[{'avg_silhouette': 0.11503460040402598, 'num_points': 366}, {'avg_silhouette': 0.516899439537752, 'num_points': 2526}, {'avg_silhouette': 0.5719249552895462, 'num_points': 62}, {'avg_silhouette': 0.20464967733887934, 'num_points': 353}, {'avg_silhouette': -0.13063463341362533, 'num_points': 168}, {'avg_silhouette': 0.09955988964492254, 'num_points': 292}, {'avg_silhouette': 0.15507856028392428, 'num_points': 489}, {'avg_silhouette': 0.056580493357940624, 'num_points': 626}, {'avg_silhouette': 0.27705464823842035, 'num_points': 1007}, {'avg_silhouette': -0.0070134077929381025, 'num_points': 140}, {'avg_silhouette': 0.34927926419769467, 'num_points': 476}, {'avg_silhouette': 0.015275020631356346, 'num_points': 308}, {'avg_silhouette': 0.1499937333451252, 'num_points': 612}, {'avg_silhouette': 0.30195370704274976, 'num_points': 61}, {'avg_silhouette': 0.3330587491580438, 'num_points': 73}]",,15,0.285404342499742,,6,0.25081435649347616
AGGLC,ward,,"[{'avg_silhouette': -0.06084856271867978, 'num_points': 137}, {'avg_silhouette': 0.36587547097847545, 'num_points': 430}, {'avg_silhouette': -0.24943799520066298, 'num_points': 204}, {'avg_silhouette': 0.15121406812535118, 'num_points': 374}, {'avg_silhouette': 0.4396211296963661, 'num_points': 280}, {'avg_silhouette': 0.25378004894622813, 'num_points': 755}, {'avg_silhouette': 0.012551286796313375, 'num_points': 94}, {'avg_silhouette': -0.2827980118263737, 'num_points': 250}, {'avg_silhouette': -0.10336726124903092, 'num_points': 43}, {'avg_silhouette': -0.05338301906786505, 'num_points': 219}, {'avg_silhouette': 0.4252196683802841, 'num_points': 30}, {'avg_silhouette': 0.2622360941099796, 'num_points': 70}, {'avg_silhouette': 0.22314489397504017, 'num_points': 161}, {'avg_silhouette': 0.24140395730956182, 'num_points': 242}, {'avg_silhouette': -0.054207662668221954, 'num_points': 115}, {'avg_silhouette': 0.30488256207601033, 'num_points': 82}, {'avg_silhouette': 0.23006869332241814, 'num_points': 222}, {'avg_silhouette': 0.374474630978762, 'num_points': 72}, {'avg_silhouette': -0.080679658742545, 'num_points': 40}, {'avg_silhouette': 0.25200570068600325, 'num_points': 95}, {'avg_silhouette': 0.22111664694751076, 'num_points': 35}, {'avg_silhouette': 0.5538344061578065, 'num_points': 62}, {'avg_silhouette': 0.4195726936303012, 'num_points': 29}, {'avg_silhouette': 0.5619637662658972, 'num_points': 1730}, {'avg_silhouette': 0.3142764018785359, 'num_points': 25}, {'avg_silhouette': 0.44739949097425247, 'num_points': 63}, {'avg_silhouette': 0.6200597568557584, 'num_points': 20}, {'avg_silhouette': 0.26120070383465777, 'num_points': 438}, {'avg_silhouette': 0.17864445940145313, 'num_points': 13}, {'avg_silhouette': 0.29835451581996797, 'num_points': 19}, {'avg_silhouette': 0.03483737645285581, 'num_points': 71}, {'avg_silhouette': 0.1557218296641315, 'num_points': 309}, {'avg_silhouette': 0.2856523019321165, 'num_points': 67}, {'avg_silhouette': 0.352197239298635, 'num_points': 17}, {'avg_silhouette': 0.06412169828369582, 'num_points': 13}, {'avg_silhouette': 0.5393042349021997, 'num_points': 21}, {'avg_silhouette': 0.3778903258436874, 'num_points': 233}, {'avg_silhouette': 0.3939408245963615, 'num_points': 43}, {'avg_silhouette': 0.3376890030149804, 'num_points': 305}, {'avg_silhouette': 0.36652746458422386, 'num_points': 40}, {'avg_silhouette': 0.18428372518668049, 'num_points': 44}, {'avg_silhouette': 0.25310051045035026, 'num_points': 47}]",,42,0.2850225947037105,,4,0.36070499750631463
AGGLC,ward,,"[{'avg_silhouette': 0.49698356294671464, 'num_points': 2608}, {'avg_silhouette': -0.06481815159785119, 'num_points': 361}, {'avg_silhouette': 0.1377546309213112, 'num_points': 2797}, {'avg_silhouette': 0.27847532913991285, 'num_points': 740}, {'avg_silhouette': 0.32052968750130784, 'num_points': 309}, {'avg_silhouette': 0.2098959845806677, 'num_points': 421}, {'avg_silhouette': 0.16043245654546942, 'num_points': 74}, {'avg_silhouette': 0.35827596020443564, 'num_points': 82}, {'avg_silhouette': 0.40496197425204755, 'num_points': 72}, {'avg_silhouette': 0.3168180642298135, 'num_points': 95}]",,10,0.28469648331844477,,4,0.2807773768971516
K-means,,,"[{'avg_silhouette': 0.0, 'num_points': 1}, {'avg_silhouette': 0.31065661508510267, 'num_points': 256}, {'avg_silhouette': 0.18628966321999263, 'num_points': 521}, {'avg_silhouette': 0.006068745051766449, 'num_points': 95}, {'avg_silhouette': -0.014653144103792853, 'num_points': 221}, {'avg_silhouette': 0.0, 'num_points': 1}, {'avg_silhouette': 0.36640053807854417, 'num_points': 73}, {'avg_silhouette': 0.13121672329825712, 'num_points': 77}, {'avg_silhouette': 0.36652746458422386, 'num_points': 40}, {'avg_silhouette': 0.36585665478124435, 'num_points': 33}, {'avg_silhouette': -0.007098013168229734, 'num_points': 94}, {'avg_silhouette': 0.1378663574335516, 'num_points': 257}, {'avg_silhouette': 0.28328031397107517, 'num_points': 935}, {'avg_silhouette': 0.34021989232200456, 'num_points': 64}, {'avg_silhouette': 0.12652026517939827, 'num_points': 121}, {'avg_silhouette': 0.27714571711971175, 'num_points': 234}, {'avg_silhouette': 0.06147823587347704, 'num_points': 6}, {'avg_silhouette': 0.26772899734012023, 'num_points': 87}, {'avg_silhouette': 0.249993114513913, 'num_points': 195}, {'avg_silhouette': 0.43237267807439483, 'num_points': 59}, {'avg_silhouette': 0.3922294012076502, 'num_points': 30}, {'avg_silhouette': 0.27534681667930133, 'num_points': 66}, {'avg_silhouette': 0.27040865641904344, 'num_points': 19}, {'avg_silhouette': 0.3446680356995182, 'num_points': 54}, {'avg_silhouette': 0.36739551006221, 'num_points': 44}, {'avg_silhouette': 0.09362320527321409, 'num_points': 28}, {'avg_silhouette': 0.38376872273283885, 'num_points': 291}, {'avg_silhouette': 0.26621995252141784, 'num_points': 20}, {'avg_silhouette': 0.05754128512280945, 'num_points': 56}, {'avg_silhouette': -0.07402230232772992, 'num_points': 167}, {'avg_silhouette': 0.25043627214913833, 'num_points': 10}, {'avg_silhouette': 0.5428990480483104, 'num_points': 56}, {'avg_silhouette': 0.488856622296126, 'num_points': 1875}, {'avg_silhouette': -0.11439772497800511, 'num_points': 35}, {'avg_silhouette': 0.2041277310327862, 'num_points': 36}, {'avg_silhouette': -0.004874647712624338, 'num_points': 123}, {'avg_silhouette': 0.5785592458606874, 'num_points': 21}, {'avg_silhouette': 0.24676440927752408, 'num_points': 143}, {'avg_silhouette': 0.33431543523813917, 'num_points': 339}, {'avg_silhouette': 0.0699452008951569, 'num_points': 160}, {'avg_silhouette': 0.22145387186344664, 'num_points': 46}, {'avg_silhouette': 0.5402619609024734, 'num_points': 21}, {'avg_silhouette': 0.33920818146182785, 'num_points': 294}, {'avg_silhouette': -0.02908317795130133, 'num_points': 40}, {'avg_silhouette': 0.04787181341125412, 'num_points': 45}, {'avg_silhouette': -0.1157822883328223, 'num_points': 170}]",,46,0.28365126645711636,,3,0.3194755331623979
AGGLC,ward,,"[{'avg_silhouette': 0.12162641208946602, 'num_points': 421}, {'avg_silhouette': -0.059077599888908386, 'num_points': 137}, {'avg_silhouette': -0.24940187323196916, 'num_points': 204}, {'avg_silhouette': 0.36587547097847545, 'num_points': 430}, {'avg_silhouette': 0.4396950020006588, 'num_points': 280}, {'avg_silhouette': 0.25378004894622813, 'num_points': 755}, {'avg_silhouette': 0.021843580846941504, 'num_points': 94}, {'avg_silhouette': -0.28243873660417046, 'num_points': 250}, {'avg_silhouette': -0.10223354074371692, 'num_points': 43}, {'avg_silhouette': -0.05338301906786505, 'num_points': 219}, {'avg_silhouette': 0.4253735117906571, 'num_points': 30}, {'avg_silhouette': 0.2623381137545377, 'num_points': 70}, {'avg_silhouette': 0.22314489397504017, 'num_points': 161}, {'avg_silhouette': 0.24140395730956182, 'num_points': 242}, {'avg_silhouette': -0.054207662668221954, 'num_points': 115}, {'avg_silhouette': 0.30579319175562847, 'num_points': 82}, {'avg_silhouette': 0.23078339893076272, 'num_points': 222}, {'avg_silhouette': 0.37594450773960986, 'num_points': 72}, {'avg_silhouette': -0.080679658742545, 'num_points': 40}, {'avg_silhouette': 0.25319671751494527, 'num_points': 95}, {'avg_silhouette': 0.2243968181072742, 'num_points': 35}, {'avg_silhouette': 0.5547826372061262, 'num_points': 62}, {'avg_silhouette': 0.4195726936303012, 'num_points': 29}, {'avg_silhouette': 0.5619637662658972, 'num_points': 1730}, {'avg_silhouette': 0.3142764018785359, 'num_points': 25}, {'avg_silhouette': 0.44739949097425247, 'num_points': 63}, {'avg_silhouette': 0.6200597568557584, 'num_points': 20}, {'avg_silhouette': 0.26120070383465777, 'num_points': 438}, {'avg_silhouette': 0.17864445940145313, 'num_points': 13}, {'avg_silhouette': 0.29835451581996797, 'num_points': 19}, {'avg_silhouette': 0.03483737645285581, 'num_points': 71}, {'avg_silhouette': 0.1557218296641315, 'num_points': 309}, {'avg_silhouette': 0.2856523019321165, 'num_points': 67}, {'avg_silhouette': 0.352197239298635, 'num_points': 17}, {'avg_silhouette': 0.07200460799594172, 'num_points': 13}, {'avg_silhouette': 0.5393042349021997, 'num_points': 21}, {'avg_silhouette': 0.3778903258436874, 'num_points': 233}, {'avg_silhouette': 0.3950468128934616, 'num_points': 43}, {'avg_silhouette': 0.3376890030149804, 'num_points': 305}, {'avg_silhouette': 0.36652746458422386, 'num_points': 40}, {'avg_silhouette': 0.1849894178944347, 'num_points': 44}]",,41,0.28301920884336584,,5,0.3128892804229449
AGGLC,ward,,"[{'avg_silhouette': 0.1483447018554786, 'num_points': 3106}, {'avg_silhouette': -0.05932626111576959, 'num_points': 361}, {'avg_silhouette': 0.49782970421654105, 'num_points': 2608}, {'avg_silhouette': 0.2803931358060289, 'num_points': 740}, {'avg_silhouette': 0.3193837728634517, 'num_points': 95}, {'avg_silhouette': 0.21331317847878364, 'num_points': 421}, {'avg_silhouette': 0.19003476115785808, 'num_points': 74}, {'avg_silhouette': 0.3595934497834075, 'num_points': 82}, {'avg_silhouette': 0.405397810323378, 'num_points': 72}]",,9,0.28284916482422595,,4,0.28497018008920805
K-means,,,"[{'avg_silhouette': 0.5272980896776438, 'num_points': 1765}, {'avg_silhouette': 0.09993342437089081, 'num_points': 492}, {'avg_silhouette': 0.034191210163586484, 'num_points': 15}, {'avg_silhouette': 0.15011746264587744, 'num_points': 255}, {'avg_silhouette': 0.31709182152735105, 'num_points': 25}, {'avg_silhouette': 0.20052213670554123, 'num_points': 491}, {'avg_silhouette': 0.26725432282710004, 'num_points': 212}, {'avg_silhouette': 0.23292611279743422, 'num_points': 164}, {'avg_silhouette': 0.10340083116901845, 'num_points': 34}, {'avg_silhouette': 0.28209091389922064, 'num_points': 721}, {'avg_silhouette': 0.3627870647003377, 'num_points': 447}, {'avg_silhouette': 0.31091960399090984, 'num_points': 89}, {'avg_silhouette': 0.580637081682161, 'num_points': 61}, {'avg_silhouette': 0.22136257359431757, 'num_points': 35}, {'avg_silhouette': 0.5415169417421926, 'num_points': 21}, {'avg_silhouette': 0.3672953709378807, 'num_points': 32}, {'avg_silhouette': 0.36628748098543773, 'num_points': 191}, {'avg_silhouette': -0.21380182783918858, 'num_points': 35}, {'avg_silhouette': -0.10338065247802353, 'num_points': 76}, {'avg_silhouette': 0.38516846812364575, 'num_points': 30}, {'avg_silhouette': 0.0, 'num_points': 1}, {'avg_silhouette': 0.10247647366169886, 'num_points': 176}, {'avg_silhouette': -0.017944209494004434, 'num_points': 84}, {'avg_silhouette': 0.36652746458422386, 'num_points': 40}, {'avg_silhouette': -0.16093194460470597, 'num_points': 293}, {'avg_silhouette': 0.19599275557858004, 'num_points': 49}, {'avg_silhouette': 0.3800641708276421, 'num_points': 32}, {'avg_silhouette': 0.21880829869317533, 'num_points': 221}, {'avg_silhouette': 0.17701928595499233, 'num_points': 101}, {'avg_silhouette': -0.0154254004179509, 'num_points': 57}, {'avg_silhouette': 0.5306691859979337, 'num_points': 248}, {'avg_silhouette': 0.3667721220463909, 'num_points': 44}, {'avg_silhouette': 0.35631435902426406, 'num_points': 74}, {'avg_silhouette': 0.18835494852154, 'num_points': 9}, {'avg_silhouette': -0.16212365826296407, 'num_points': 60}, {'avg_silhouette': 0.1773262734755117, 'num_points': 78}, {'avg_silhouette': 0.3224103088507263, 'num_points': 252}, {'avg_silhouette': 0.12425277324280667, 'num_points': 154}, {'avg_silhouette': -0.04397367567622549, 'num_points': 65}, {'avg_silhouette': 0.26568015703356235, 'num_points': 19}, {'avg_silhouette': 0.31140615435226787, 'num_points': 60}, {'avg_silhouette': -0.002405956651783321, 'num_points': 127}, {'avg_silhouette': 0.31193067740639097, 'num_points': 37}, {'avg_silhouette': 0.0007113958886339258, 'num_points': 80}, {'avg_silhouette': 0.3102863447347878, 'num_points': 7}]",,45,0.2824290891884105,,5,0.2945263258707268
K-means,,,"[{'avg_silhouette': 0.10033076256111022, 'num_points': 107}, {'avg_silhouette': 0.39471069063912123, 'num_points': 292}, {'avg_silhouette': 0.5697607168076062, 'num_points': 1722}, {'avg_silhouette': 0.3095389706873082, 'num_points': 731}, {'avg_silhouette': 0.21086180446148106, 'num_points': 251}, {'avg_silhouette': 0.16082853624674073, 'num_points': 83}, {'avg_silhouette': 0.13529076091940792, 'num_points': 83}, {'avg_silhouette': 0.30254727280694105, 'num_points': 129}, {'avg_silhouette': 0.17259670956717862, 'num_points': 240}, {'avg_silhouette': -0.003460921186593391, 'num_points': 45}, {'avg_silhouette': 0.043759432144854934, 'num_points': 30}, {'avg_silhouette': 0.2988430729016577, 'num_points': 16}, {'avg_silhouette': 0.5792178109091477, 'num_points': 61}, {'avg_silhouette': 0.20792972480258903, 'num_points': 258}, {'avg_silhouette': 0.13131491741936316, 'num_points': 147}, {'avg_silhouette': -0.12479794517013476, 'num_points': 34}, {'avg_silhouette': 0.4381451721100302, 'num_points': 13}, {'avg_silhouette': 0.17794127590856726, 'num_points': 475}, {'avg_silhouette': 0.2725545391388636, 'num_points': 366}, {'avg_silhouette': -0.07783939881602031, 'num_points': 129}, {'avg_silhouette': 0.12598706870876814, 'num_points': 46}, {'avg_silhouette': 0.41333142944595647, 'num_points': 66}, {'avg_silhouette': 0.3056331997877361, 'num_points': 253}, {'avg_silhouette': 0.16363462948314067, 'num_points': 105}, {'avg_silhouette': 0.36472008119049093, 'num_points': 44}, {'avg_silhouette': 0.2673234885484302, 'num_points': 19}, {'avg_silhouette': -0.03477160577688166, 'num_points': 57}, {'avg_silhouette': 0.06629213577512368, 'num_points': 174}, {'avg_silhouette': 0.31579695000560026, 'num_points': 25}, {'avg_silhouette': 0.29614640535199804, 'num_points': 19}, {'avg_silhouette': 0.3524924796332748, 'num_points': 65}, {'avg_silhouette': 0.02349512351977457, 'num_points': 14}, {'avg_silhouette': 0.029206089456865043, 'num_points': 106}, {'avg_silhouette': 0.011940271527503295, 'num_points': 59}, {'avg_silhouette': 0.05969951517153094, 'num_points': 56}, {'avg_silhouette': 0.26741387927320975, 'num_points': 24}, {'avg_silhouette': 0.362809167460201, 'num_points': 33}, {'avg_silhouette': 0.4208384163750894, 'num_points': 42}, {'avg_silhouette': -0.01842660720250034, 'num_points': 116}, {'avg_silhouette': 0.16106767086619925, 'num_points': 28}, {'avg_silhouette': 0.33243405301132833, 'num_points': 231}, {'avg_silhouette': 0.5488166730863101, 'num_points': 21}, {'avg_silhouette': 0.21684189282962277, 'num_points': 62}, {'avg_silhouette': 0.22289629459632332, 'num_points': 35}, {'avg_silhouette': 0.5758001850272352, 'num_points': 21}, {'avg_silhouette': -0.18903830686204623, 'num_points': 290}, {'avg_silhouette': 0.11468927228482834, 'num_points': 53}, {'avg_silhouette': 0.14024388812165786, 'num_points': 283}]",,48,0.2823738358605534,,3,0.3524136544678272
K-means,,,"[{'avg_silhouette': -0.1599176378674289, 'num_points': 89}, {'avg_silhouette': 0.5000609255160803, 'num_points': 1855}, {'avg_silhouette': 0.1421255157673648, 'num_points': 457}, {'avg_silhouette': 0.28662139544257526, 'num_points': 92}, {'avg_silhouette': -0.062375463552391756, 'num_points': 60}, {'avg_silhouette': 0.3596945597203846, 'num_points': 452}, {'avg_silhouette': 0.34978848022937636, 'num_points': 55}, {'avg_silhouette': 0.028872446871706262, 'num_points': 208}, {'avg_silhouette': 0.017361750496324824, 'num_points': 106}, {'avg_silhouette': 0.16459363362725055, 'num_points': 244}, {'avg_silhouette': 0.28028234987854317, 'num_points': 69}, {'avg_silhouette': -0.13341332242325965, 'num_points': 39}, {'avg_silhouette': 0.2885460225153083, 'num_points': 85}, {'avg_silhouette': 0.15052023679769183, 'num_points': 123}, {'avg_silhouette': -0.0014319348308475181, 'num_points': 93}, {'avg_silhouette': 0.047414159625545196, 'num_points': 10}, {'avg_silhouette': 0.32443328203183175, 'num_points': 64}, {'avg_silhouette': 0.40628638998792554, 'num_points': 293}, {'avg_silhouette': 0.3899406345134796, 'num_points': 30}, {'avg_silhouette': 0.25389471524905927, 'num_points': 452}, {'avg_silhouette': 0.18192823431933866, 'num_points': 38}, {'avg_silhouette': 0.36652746458422386, 'num_points': 40}, {'avg_silhouette': 0.16761352706850885, 'num_points': 285}, {'avg_silhouette': 0.026956630423835032, 'num_points': 110}, {'avg_silhouette': 0.3940081515182884, 'num_points': 68}, {'avg_silhouette': 0.36532999051870113, 'num_points': 33}, {'avg_silhouette': 0.2619598759416708, 'num_points': 238}, {'avg_silhouette': 0.5556697082543249, 'num_points': 62}, {'avg_silhouette': 0.20955931706240774, 'num_points': 250}, {'avg_silhouette': 0.00037889074985881084, 'num_points': 68}, {'avg_silhouette': 0.5461559871030542, 'num_points': 21}, {'avg_silhouette': 0.3177308458457439, 'num_points': 696}, {'avg_silhouette': 0.31748261007150885, 'num_points': 255}, {'avg_silhouette': 0.5772951340195004, 'num_points': 21}, {'avg_silhouette': -0.04582896099785042, 'num_points': 235}, {'avg_silhouette': 0.31807173155364477, 'num_points': 25}, {'avg_silhouette': -0.13449498002927374, 'num_points': 33}, {'avg_silhouette': -0.0429473822483094, 'num_points': 137}, {'avg_silhouette': 0.07560919782465592, 'num_points': 68}]",,39,0.2821314044233973,,5,0.31470131241972654
K-means,,,"[{'avg_silhouette': 0.2003789331001962, 'num_points': 2333}, {'avg_silhouette': 0.49084685955082186, 'num_points': 2619}, {'avg_silhouette': 0.1414055090672264, 'num_points': 511}, {'avg_silhouette': 0.17881282352355019, 'num_points': 369}, {'avg_silhouette': 0.3746934524747726, 'num_points': 75}, {'avg_silhouette': 0.323804132227183, 'num_points': 61}, {'avg_silhouette': 0.005469903107357383, 'num_points': 1030}, {'avg_silhouette': 0.3324100759567787, 'num_points': 489}, {'avg_silhouette': 0.2934702711589885, 'num_points': 72}]",,9,0.2815740932621059,,5,0.23410225615647612
K-means,,,"[{'avg_silhouette': 0.5340577666779168, 'num_points': 1765}, {'avg_silhouette': -0.08193904152006252, 'num_points': 75}, {'avg_silhouette': 0.16130026222967525, 'num_points': 106}, {'avg_silhouette': 0.270088862100483, 'num_points': 791}, {'avg_silhouette': 0.20988235272196906, 'num_points': 255}, {'avg_silhouette': 0.5551738032165618, 'num_points': 62}, {'avg_silhouette': 0.42869013077703744, 'num_points': 288}, {'avg_silhouette': -0.12513032634715754, 'num_points': 36}, {'avg_silhouette': -0.07044201020942968, 'num_points': 12}, {'avg_silhouette': 0.1697856815139237, 'num_points': 67}, {'avg_silhouette': 0.29337582476303586, 'num_points': 91}, {'avg_silhouette': 0.21237007029974703, 'num_points': 347}, {'avg_silhouette': 0.1166212551169196, 'num_points': 310}, {'avg_silhouette': 0.19987770038818306, 'num_points': 258}, {'avg_silhouette': 0.2988430729016577, 'num_points': 16}, {'avg_silhouette': 0.31873590353648984, 'num_points': 18}, {'avg_silhouette': 0.2752848459932256, 'num_points': 86}, {'avg_silhouette': 0.23347509225376564, 'num_points': 331}, {'avg_silhouette': 0.26741387927320975, 'num_points': 24}, {'avg_silhouette': 0.16924670045212836, 'num_points': 177}, {'avg_silhouette': 0.3948935086439095, 'num_points': 68}, {'avg_silhouette': 0.37516391504642904, 'num_points': 448}, {'avg_silhouette': 0.2219752110697002, 'num_points': 48}, {'avg_silhouette': 0.08570230810215568, 'num_points': 161}, {'avg_silhouette': -0.041346031235772567, 'num_points': 257}, {'avg_silhouette': 0.55095109902945, 'num_points': 21}, {'avg_silhouette': 0.1972868205041728, 'num_points': 86}, {'avg_silhouette': -0.20160783605702398, 'num_points': 298}, {'avg_silhouette': 0.3054713347931194, 'num_points': 19}, {'avg_silhouette': 0.3227305967304461, 'num_points': 25}, {'avg_silhouette': 0.04755231749196304, 'num_points': 34}, {'avg_silhouette': 0.5483320514764085, 'num_points': 8}, {'avg_silhouette': 0.35828330996422325, 'num_points': 74}, {'avg_silhouette': 0.021063232817689157, 'num_points': 95}, {'avg_silhouette': 0.36553505096374217, 'num_points': 33}, {'avg_silhouette': 0.1961612942967073, 'num_points': 178}, {'avg_silhouette': 0.30680411494137405, 'num_points': 256}, {'avg_silhouette': 0.3865659849947388, 'num_points': 43}, {'avg_silhouette': 0.040715149950891906, 'num_points': 229}, {'avg_silhouette': 0.1958653988487602, 'num_points': 37}, {'avg_silhouette': 0.4108440876227142, 'num_points': 26}]",,41,0.2798768530919979,,3,0.39310351460827625
AGGLC,ward,,"[{'avg_silhouette': 0.18895227356325606, 'num_points': 799}, {'avg_silhouette': -0.0569788075573603, 'num_points': 137}, {'avg_silhouette': 0.12195864985565107, 'num_points': 421}, {'avg_silhouette': 0.3659608020774929, 'num_points': 430}, {'avg_silhouette': 0.4396950020006588, 'num_points': 280}, {'avg_silhouette': -0.24806126246435806, 'num_points': 204}, {'avg_silhouette': 0.021843580846941504, 'num_points': 94}, {'avg_silhouette': -0.28243873660417046, 'num_points': 250}, {'avg_silhouette': -0.10223354074371692, 'num_points': 43}, {'avg_silhouette': -0.05338301906786505, 'num_points': 219}, {'avg_silhouette': 0.4253735117906571, 'num_points': 30}, {'avg_silhouette': 0.26244005066125026, 'num_points': 70}, {'avg_silhouette': 0.22659032702943277, 'num_points': 161}, {'avg_silhouette': 0.2442928956651962, 'num_points': 242}, {'avg_silhouette': -0.046914238996121585, 'num_points': 115}, {'avg_silhouette': 0.30602419005937515, 'num_points': 82}, {'avg_silhouette': 0.23712614387422196, 'num_points': 222}, {'avg_silhouette': 0.3762723022502032, 'num_points': 72}, {'avg_silhouette': -0.07861252779457756, 'num_points': 40}, {'avg_silhouette': 0.25765567795787747, 'num_points': 95}, {'avg_silhouette': 0.22612710616661338, 'num_points': 35}, {'avg_silhouette': 0.5548749068262536, 'num_points': 62}, {'avg_silhouette': 0.4195726936303012, 'num_points': 29}, {'avg_silhouette': 0.5619637662658972, 'num_points': 1730}, {'avg_silhouette': 0.3143036953213165, 'num_points': 25}, {'avg_silhouette': 0.4486463120712106, 'num_points': 63}, {'avg_silhouette': 0.6200597568557584, 'num_points': 20}, {'avg_silhouette': 0.26934268967892044, 'num_points': 438}, {'avg_silhouette': 0.17915103455825634, 'num_points': 13}, {'avg_silhouette': 0.29877739681353477, 'num_points': 19}, {'avg_silhouette': 0.04029071875187926, 'num_points': 71}, {'avg_silhouette': 0.1766737051819054, 'num_points': 309}, {'avg_silhouette': 0.2883969677915544, 'num_points': 67}, {'avg_silhouette': 0.352197239298635, 'num_points': 17}, {'avg_silhouette': 0.07200460799594172, 'num_points': 13}, {'avg_silhouette': 0.5462834395963927, 'num_points': 21}, {'avg_silhouette': 0.3778903258436874, 'num_points': 233}, {'avg_silhouette': 0.395157801675968, 'num_points': 43}, {'avg_silhouette': 0.3592058071154843, 'num_points': 305}, {'avg_silhouette': 0.36652746458422386, 'num_points': 40}]",,40,0.2795146590726592,,5,0.3016356362882435
DBSCAN,,0.3372751268321581,"[{'avg_silhouette': 0.19672384816496896, 'num_points': 1853}, {'avg_silhouette': 0.522205347156399, 'num_points': 359}, {'avg_silhouette': 0.5495644388960932, 'num_points': 2304}, {'avg_silhouette': 0.31925388160175394, 'num_points': 177}, {'avg_silhouette': 0.5472640847070163, 'num_points': 251}, {'avg_silhouette': 0.5183673838023493, 'num_points': 12}, {'avg_silhouette': 0.5585617504976038, 'num_points': 6}, {'avg_silhouette': 0.5053388826149051, 'num_points': 7}, {'avg_silhouette': 0.5610729574643849, 'num_points': 21}, {'avg_silhouette': 0.4727929339139826, 'num_points': 15}, {'avg_silhouette': 0.31746118265649154, 'num_points': 133}, {'avg_silhouette': 0.3574022327163638, 'num_points': 19}, {'avg_silhouette': 0.27884555958677365, 'num_points': 190}, {'avg_silhouette': 0.41785636187610425, 'num_points': 37}, {'avg_silhouette': 0.8396309549376376, 'num_points': 6}, {'avg_silhouette': 0.6468464892201233, 'num_points': 5}, {'avg_silhouette': 0.3157831191925027, 'num_points': 71}, {'avg_silhouette': 0.45717277534203454, 'num_points': 35}, {'avg_silhouette': 0.558766016479617, 'num_points': 24}, {'avg_silhouette': 0.6949427279985284, 'num_points': 33}, {'avg_silhouette': 0.43299971351203775, 'num_points': 33}, {'avg_silhouette': 0.48403783276423445, 'num_points': 15}, {'avg_silhouette': 0.4861763433221546, 'num_points': 9}, {'avg_silhouette': 0.47506067184489664, 'num_points': 7}, {'avg_silhouette': 0.2954356682798951, 'num_points': 15}, {'avg_silhouette': 0.4900998289334242, 'num_points': 9}, {'avg_silhouette': 0.7884570303830903, 'num_points': 15}, {'avg_silhouette': 0.7383801203283566, 'num_points': 15}, {'avg_silhouette': 0.6263666619361234, 'num_points': 5}, {'avg_silhouette': 0.4572430412844587, 'num_points': 31}, {'avg_silhouette': 0.332564100025495, 'num_points': 6}, {'avg_silhouette': 0.3253345220747243, 'num_points': 24}, {'avg_silhouette': 0.451360362444868, 'num_points': 13}, {'avg_silhouette': 0.5700838745746711, 'num_points': 6}, {'avg_silhouette': 0.3794279713982496, 'num_points': 11}, {'avg_silhouette': 0.6713574804718687, 'num_points': 20}, {'avg_silhouette': 0.35725627036406743, 'num_points': 165}, {'avg_silhouette': 0.3899175885243375, 'num_points': 37}, {'avg_silhouette': 0.599657512718055, 'num_points': 21}, {'avg_silhouette': 0.2516210224928349, 'num_points': 53}, {'avg_silhouette': 0.6455610566651203, 'num_points': 9}, {'avg_silhouette': 0.6674530347348338, 'num_points': 6}, {'avg_silhouette': 0.6661000644661134, 'num_points': 10}, {'avg_silhouette': 0.8170439769303046, 'num_points': 16}, {'avg_silhouette': 0.3875004414239479, 'num_points': 5}, {'avg_silhouette': 0.4032757546882494, 'num_points': 9}, {'avg_silhouette': 0.48410384389525213, 'num_points': 35}, {'avg_silhouette': 0.6065354759913281, 'num_points': 6}, {'avg_silhouette': 0.49166631196654764, 'num_points': 10}, {'avg_silhouette': 0.6748485145639112, 'num_points': 10}, {'avg_silhouette': 0.6896379764580446, 'num_points': 10}, {'avg_silhouette': 0.5331549040562517, 'num_points': 29}, {'avg_silhouette': 0.6484806748427798, 'num_points': 5}, {'avg_silhouette': 0.7662008937718126, 'num_points': 6}, {'avg_silhouette': 0.49021793292212534, 'num_points': 32}, {'avg_silhouette': 0.6723311536435875, 'num_points': 5}, {'avg_silhouette': 0.5017597897952063, 'num_points': 13}, {'avg_silhouette': 0.6192246191182281, 'num_points': 9}, {'avg_silhouette': 0.7557578240806038, 'num_points': 5}, {'avg_silhouette': 0.6312935795022665, 'num_points': 5}, {'avg_silhouette': 0.6497119872472682, 'num_points': 9}, {'avg_silhouette': 0.5282075484226051, 'num_points': 7}, {'avg_silhouette': 0.4195536055434749, 'num_points': 5}, {'avg_silhouette': 0.577814530383901, 'num_points': 5}, {'avg_silhouette': 0.9016398897058535, 'num_points': 5}, {'avg_silhouette': 0.7819353704033175, 'num_points': 37}, {'avg_silhouette': 0.6951609338193872, 'num_points': 5}, {'avg_silhouette': 0.8146445771924755, 'num_points': 5}]",5.0,68,0.2782355559526084,,2,0.37314414353053105
K-means,,,"[{'avg_silhouette': -0.04426808798799277, 'num_points': 127}, {'avg_silhouette': 0.5726931078923996, 'num_points': 1729}, {'avg_silhouette': 0.3287542575170119, 'num_points': 298}, {'avg_silhouette': 0.2131003772528346, 'num_points': 413}, {'avg_silhouette': 0.17881514631543438, 'num_points': 356}, {'avg_silhouette': 0.2689931897235172, 'num_points': 70}, {'avg_silhouette': -0.022088684546170145, 'num_points': 66}, {'avg_silhouette': -0.05813231311073152, 'num_points': 65}, {'avg_silhouette': 0.4191982882561593, 'num_points': 66}, {'avg_silhouette': 0.29903163586106885, 'num_points': 91}, {'avg_silhouette': 0.4762232873385054, 'num_points': 40}, {'avg_silhouette': 0.10849627898625416, 'num_points': 295}, {'avg_silhouette': 0.37075224835209714, 'num_points': 54}, {'avg_silhouette': 0.555322198148075, 'num_points': 62}, {'avg_silhouette': -0.0402841683536842, 'num_points': 230}, {'avg_silhouette': 0.214149908143921, 'num_points': 230}, {'avg_silhouette': 0.1906302029502875, 'num_points': 85}, {'avg_silhouette': 0.36109079016091505, 'num_points': 12}, {'avg_silhouette': 0.5765512369618677, 'num_points': 21}, {'avg_silhouette': 0.08866184619875422, 'num_points': 163}, {'avg_silhouette': 0.1835080488998675, 'num_points': 86}, {'avg_silhouette': -0.08389900634994071, 'num_points': 128}, {'avg_silhouette': 0.4097787910019919, 'num_points': 228}, {'avg_silhouette': 0.37049943947000163, 'num_points': 447}, {'avg_silhouette': 0.35748356811240417, 'num_points': 32}, {'avg_silhouette': 0.27029239321380855, 'num_points': 258}, {'avg_silhouette': 0.3582111528998144, 'num_points': 74}, {'avg_silhouette': 0.18004790285079017, 'num_points': 176}, {'avg_silhouette': 0.14799427369110887, 'num_points': 185}, {'avg_silhouette': 0.2694530365031075, 'num_points': 20}, {'avg_silhouette': 0.3882368705841474, 'num_points': 30}, {'avg_silhouette': 0.2406847333367467, 'num_points': 741}, {'avg_silhouette': -0.16750023301905415, 'num_points': 301}, {'avg_silhouette': 0.2722791860786256, 'num_points': 19}, {'avg_silhouette': -0.11970037134387912, 'num_points': 36}, {'avg_silhouette': 0.07932705458871342, 'num_points': 154}, {'avg_silhouette': 0.2356112548211894, 'num_points': 92}, {'avg_silhouette': -0.03760070980152779, 'num_points': 79}]",,38,0.2781918926630686,,4,0.34924441448799565
K-means,,,"[{'avg_silhouette': -0.02047083495023609, 'num_points': 71}, {'avg_silhouette': 0.5215255402118163, 'num_points': 1786}, {'avg_silhouette': 0.09028955780697603, 'num_points': 485}, {'avg_silhouette': 0.2738144217611335, 'num_points': 63}, {'avg_silhouette': 0.16957245639583723, 'num_points': 395}, {'avg_silhouette': 0.3142545833942985, 'num_points': 699}, {'avg_silhouette': 0.37216035434793554, 'num_points': 56}, {'avg_silhouette': 0.045047123104619745, 'num_points': 33}, {'avg_silhouette': -0.04633889034067666, 'num_points': 87}, {'avg_silhouette': 0.02056558263370911, 'num_points': 54}, {'avg_silhouette': 0.3565679821333019, 'num_points': 74}, {'avg_silhouette': 0.3230529611239354, 'num_points': 88}, {'avg_silhouette': 0.44014777028458824, 'num_points': 269}, {'avg_silhouette': 0.0003942086914640264, 'num_points': 118}, {'avg_silhouette': 0.3446929253762887, 'num_points': 70}, {'avg_silhouette': -0.11281056618605566, 'num_points': 60}, {'avg_silhouette': 0.5555757947716957, 'num_points': 62}, {'avg_silhouette': 0.34394129453500577, 'num_points': 55}, {'avg_silhouette': -0.019484731571848306, 'num_points': 64}, {'avg_silhouette': 0.3617009985888074, 'num_points': 33}, {'avg_silhouette': 0.1237846997655342, 'num_points': 172}, {'avg_silhouette': 0.21197323132752466, 'num_points': 14}, {'avg_silhouette': 0.2249726263406998, 'num_points': 35}, {'avg_silhouette': 0.30524874513350686, 'num_points': 296}, {'avg_silhouette': 0.12453652248766743, 'num_points': 163}, {'avg_silhouette': 0.16792695977671665, 'num_points': 238}, {'avg_silhouette': 0.44197631735791904, 'num_points': 8}, {'avg_silhouette': 0.37894302323788914, 'num_points': 287}, {'avg_silhouette': 0.3502051645894233, 'num_points': 192}, {'avg_silhouette': 0.20430103008167425, 'num_points': 220}, {'avg_silhouette': 0.3710718320460942, 'num_points': 44}, {'avg_silhouette': 0.004648862721822599, 'num_points': 217}, {'avg_silhouette': 0.1709928438474382, 'num_points': 12}, {'avg_silhouette': 0.20574696092138237, 'num_points': 75}, {'avg_silhouette': 0.29818021211492224, 'num_points': 19}, {'avg_silhouette': 0.20391711669593215, 'num_points': 32}, {'avg_silhouette': 0.31364520470736285, 'num_points': 255}, {'avg_silhouette': -0.06639082900888388, 'num_points': 96}, {'avg_silhouette': 0.5413864898076138, 'num_points': 21}, {'avg_silhouette': 0.31936332975823534, 'num_points': 25}, {'avg_silhouette': 0.11871014198971822, 'num_points': 33}, {'avg_silhouette': -0.10080107308974473, 'num_points': 295}, {'avg_silhouette': 0.17863391524754946, 'num_points': 13}, {'avg_silhouette': 0.3146245617925606, 'num_points': 25}, {'avg_silhouette': 0.3832093491225883, 'num_points': 30}, {'avg_silhouette': 0.08833127081749935, 'num_points': 94}, {'avg_silhouette': -0.1576765384481184, 'num_points': 26}]",,47,0.27768542110690586,,4,0.273910534452232
AGGLC,ward,,"[{'avg_silhouette': 0.46011329345352187, 'num_points': 2680}, {'avg_silhouette': -0.05718568237013419, 'num_points': 361}, {'avg_silhouette': 0.16111031339506565, 'num_points': 3106}, {'avg_silhouette': 0.29260436072683893, 'num_points': 740}, {'avg_silhouette': 0.32299009365729836, 'num_points': 95}, {'avg_silhouette': 0.22543350766802217, 'num_points': 421}, {'avg_silhouette': 0.19029216320405448, 'num_points': 74}, {'avg_silhouette': 0.3606793319769589, 'num_points': 82}]",,8,0.27763518274740656,,4,0.2848153688108621
K-means,,,"[{'avg_silhouette': 0.28573247409242425, 'num_points': 92}, {'avg_silhouette': 0.29600587524183963, 'num_points': 711}, {'avg_silhouette': -0.01702642502936084, 'num_points': 37}, {'avg_silhouette': 0.5261746238749526, 'num_points': 1765}, {'avg_silhouette': 0.21066508247069543, 'num_points': 83}, {'avg_silhouette': -0.10405929367801775, 'num_points': 82}, {'avg_silhouette': 0.16214050975287203, 'num_points': 302}, {'avg_silhouette': 0.3975697081812664, 'num_points': 434}, {'avg_silhouette': 0.36652746458422386, 'num_points': 40}, {'avg_silhouette': 0.022992505497568632, 'num_points': 14}, {'avg_silhouette': 0.09969058465679677, 'num_points': 482}, {'avg_silhouette': 0.3284186299665868, 'num_points': 251}, {'avg_silhouette': 0.17157991806178943, 'num_points': 308}, {'avg_silhouette': 0.11910890758148879, 'num_points': 33}, {'avg_silhouette': -0.19174413336958604, 'num_points': 5}, {'avg_silhouette': -0.18964749437978465, 'num_points': 241}, {'avg_silhouette': 0.37257385250992286, 'num_points': 56}, {'avg_silhouette': 0.41195475264287457, 'num_points': 290}, {'avg_silhouette': 0.36945616270983545, 'num_points': 44}, {'avg_silhouette': 0.5555574747285008, 'num_points': 62}, {'avg_silhouette': 0.1286945414982929, 'num_points': 172}, {'avg_silhouette': 0.07069763496887774, 'num_points': 161}, {'avg_silhouette': 0.14737062221777827, 'num_points': 110}, {'avg_silhouette': 0.11705519402444682, 'num_points': 79}, {'avg_silhouette': 0.32454801010711193, 'num_points': 37}, {'avg_silhouette': 0.5507438945637964, 'num_points': 21}, {'avg_silhouette': 0.08313996014382026, 'num_points': 35}, {'avg_silhouette': 0.18014838926145205, 'num_points': 170}, {'avg_silhouette': -0.01208540562019319, 'num_points': 68}, {'avg_silhouette': -0.003946800205805537, 'num_points': 69}, {'avg_silhouette': 0.24569247164457603, 'num_points': 336}, {'avg_silhouette': 0.21203503276466876, 'num_points': 219}, {'avg_silhouette': 0.31946554424074636, 'num_points': 25}, {'avg_silhouette': 0.362977274408864, 'num_points': 33}, {'avg_silhouette': 0.43614835137558833, 'num_points': 63}, {'avg_silhouette': 0.5472695058551951, 'num_points': 8}, {'avg_silhouette': 0.16337087941908737, 'num_points': 125}, {'avg_silhouette': 0.22476439546641416, 'num_points': 35}, {'avg_silhouette': -0.1479039852194548, 'num_points': 85}, {'avg_silhouette': -0.02432642837047549, 'num_points': 119}, {'avg_silhouette': 0.2985102830735308, 'num_points': 60}, {'avg_silhouette': 0.05880940830627766, 'num_points': 56}, {'avg_silhouette': 0.13682694997491826, 'num_points': 141}]",,43,0.27662512899768016,,4,0.32986019798871385
AGGLC,ward,,"[{'avg_silhouette': -0.0653296923141005, 'num_points': 509}, {'avg_silhouette': 0.2271551827515518, 'num_points': 799}, {'avg_silhouette': -0.24712541262356055, 'num_points': 469}, {'avg_silhouette': -0.043736112552855165, 'num_points': 137}, {'avg_silhouette': 0.4396950020006588, 'num_points': 280}, {'avg_silhouette': 0.12823570585772387, 'num_points': 421}, {'avg_silhouette': 0.021843580846941504, 'num_points': 94}, {'avg_silhouette': 0.36631919456380707, 'num_points': 430}, {'avg_silhouette': -0.09964596554231676, 'num_points': 43}, {'avg_silhouette': 0.2580943932970098, 'num_points': 95}, {'avg_silhouette': 0.4253735117906571, 'num_points': 30}, {'avg_silhouette': 0.26431481805382984, 'num_points': 70}, {'avg_silhouette': 0.2639924184982108, 'num_points': 161}, {'avg_silhouette': 0.26522738731394435, 'num_points': 242}, {'avg_silhouette': -0.021810343101334548, 'num_points': 115}, {'avg_silhouette': 0.3075990429343833, 'num_points': 82}, {'avg_silhouette': 0.24378777220966863, 'num_points': 222}, {'avg_silhouette': 0.37715856442005236, 'num_points': 72}, {'avg_silhouette': -0.07087674463415361, 'num_points': 40}, {'avg_silhouette': 0.36652746458422386, 'num_points': 40}, {'avg_silhouette': 0.22814147039533994, 'num_points': 35}, {'avg_silhouette': 0.5551744199092353, 'num_points': 62}, {'avg_silhouette': 0.4198708620092037, 'num_points': 29}, {'avg_silhouette': 0.5619637662658972, 'num_points': 1730}, {'avg_silhouette': 0.3147681077194831, 'num_points': 25}, {'avg_silhouette': 0.4517887296770427, 'num_points': 63}, {'avg_silhouette': 0.6200597568557584, 'num_points': 20}, {'avg_silhouette': 0.3098644986290111, 'num_points': 438}, {'avg_silhouette': 0.18312844905185569, 'num_points': 13}, {'avg_silhouette': 0.29877739681353477, 'num_points': 19}, {'avg_silhouette': 0.059624716619852115, 'num_points': 71}, {'avg_silhouette': 0.25601865060239193, 'num_points': 309}, {'avg_silhouette': 0.2883969677915544, 'num_points': 67}, {'avg_silhouette': 0.3527750873773536, 'num_points': 17}, {'avg_silhouette': 0.0747253955437234, 'num_points': 13}, {'avg_silhouette': 0.5468936722943324, 'num_points': 21}, {'avg_silhouette': 0.3778903258436874, 'num_points': 233}, {'avg_silhouette': 0.4008845566789102, 'num_points': 43}]",,38,0.2755287052858287,,7,0.18301189187576142
AGGLC,ward,,"[{'avg_silhouette': -0.24721633916906113, 'num_points': 469}, {'avg_silhouette': 0.18895227356325606, 'num_points': 799}, {'avg_silhouette': 0.12733342417126484, 'num_points': 421}, {'avg_silhouette': -0.05646206206913168, 'num_points': 137}, {'avg_silhouette': 0.4396950020006588, 'num_points': 280}, {'avg_silhouette': -0.2480067553163552, 'num_points': 204}, {'avg_silhouette': 0.021843580846941504, 'num_points': 94}, {'avg_silhouette': 0.36621024716716427, 'num_points': 430}, {'avg_silhouette': -0.10115264641911108, 'num_points': 43}, {'avg_silhouette': 0.2578758524893415, 'num_points': 95}, {'avg_silhouette': 0.4253735117906571, 'num_points': 30}, {'avg_silhouette': 0.26311266284951634, 'num_points': 70}, {'avg_silhouette': 0.22659032702943277, 'num_points': 161}, {'avg_silhouette': 0.2442928956651962, 'num_points': 242}, {'avg_silhouette': -0.046914238996121585, 'num_points': 115}, {'avg_silhouette': 0.30602419005937515, 'num_points': 82}, {'avg_silhouette': 0.23715956339492422, 'num_points': 222}, {'avg_silhouette': 0.3768713843293262, 'num_points': 72}, {'avg_silhouette': -0.07792125839335942, 'num_points': 40}, {'avg_silhouette': 0.36652746458422386, 'num_points': 40}, {'avg_silhouette': 0.2268144288109101, 'num_points': 35}, {'avg_silhouette': 0.5551714065984175, 'num_points': 62}, {'avg_silhouette': 0.4198708620092037, 'num_points': 29}, {'avg_silhouette': 0.5619637662658972, 'num_points': 1730}, {'avg_silhouette': 0.3145370501663802, 'num_points': 25}, {'avg_silhouette': 0.4486463120712106, 'num_points': 63}, {'avg_silhouette': 0.6200597568557584, 'num_points': 20}, {'avg_silhouette': 0.26934945138443767, 'num_points': 438}, {'avg_silhouette': 0.17915103455825634, 'num_points': 13}, {'avg_silhouette': 0.29877739681353477, 'num_points': 19}, {'avg_silhouette': 0.04029071875187926, 'num_points': 71}, {'avg_silhouette': 0.1766737051819054, 'num_points': 309}, {'avg_silhouette': 0.2883969677915544, 'num_points': 67}, {'avg_silhouette': 0.3527750873773536, 'num_points': 17}, {'avg_silhouette': 0.07200460799594172, 'num_points': 13}, {'avg_silhouette': 0.5462834395963927, 'num_points': 21}, {'avg_silhouette': 0.3778903258436874, 'num_points': 233}, {'avg_silhouette': 0.395157801675968, 'num_points': 43}, {'avg_silhouette': 0.3592058071154843, 'num_points': 305}]",,39,0.27542290672552183,,6,0.21109880389715982
AGGLC,ward,,"[{'avg_silhouette': -0.26543585755493354, 'num_points': 509}, {'avg_silhouette': 0.2271551827515518, 'num_points': 799}, {'avg_silhouette': -0.06532243399052907, 'num_points': 509}, {'avg_silhouette': -0.043736112552855165, 'num_points': 137}, {'avg_silhouette': 0.4396950020006588, 'num_points': 280}, {'avg_silhouette': 0.1289399137577247, 'num_points': 421}, {'avg_silhouette': 0.021843580846941504, 'num_points': 94}, {'avg_silhouette': 0.36631919456380707, 'num_points': 430}, {'avg_silhouette': -0.0993683485785826, 'num_points': 43}, {'avg_silhouette': 0.2580943932970098, 'num_points': 95}, {'avg_silhouette': 0.4253735117906571, 'num_points': 30}, {'avg_silhouette': 0.2643253674018712, 'num_points': 70}, {'avg_silhouette': 0.2639924184982108, 'num_points': 161}, {'avg_silhouette': 0.26522738731394435, 'num_points': 242}, {'avg_silhouette': -0.021810343101334548, 'num_points': 115}, {'avg_silhouette': 0.3075990429343833, 'num_points': 82}, {'avg_silhouette': 0.24378777220966863, 'num_points': 222}, {'avg_silhouette': 0.37723085213871416, 'num_points': 72}, {'avg_silhouette': 0.4008845566789102, 'num_points': 43}, {'avg_silhouette': 0.36652746458422386, 'num_points': 40}, {'avg_silhouette': 0.22816779221525887, 'num_points': 35}, {'avg_silhouette': 0.5552285724017524, 'num_points': 62}, {'avg_silhouette': 0.4198708620092037, 'num_points': 29}, {'avg_silhouette': 0.5619637662658972, 'num_points': 1730}, {'avg_silhouette': 0.3148856366761085, 'num_points': 25}, {'avg_silhouette': 0.4517887296770427, 'num_points': 63}, {'avg_silhouette': 0.6200597568557584, 'num_points': 20}, {'avg_silhouette': 0.3098644986290111, 'num_points': 438}, {'avg_silhouette': 0.18312844905185569, 'num_points': 13}, {'avg_silhouette': 0.29877739681353477, 'num_points': 19}, {'avg_silhouette': 0.059624716619852115, 'num_points': 71}, {'avg_silhouette': 0.25601865060239193, 'num_points': 309}, {'avg_silhouette': 0.2883969677915544, 'num_points': 67}, {'avg_silhouette': 0.3527750873773536, 'num_points': 17}, {'avg_silhouette': 0.0747253955437234, 'num_points': 13}, {'avg_silhouette': 0.5468936722943324, 'num_points': 21}, {'avg_silhouette': 0.3778903258436874, 'num_points': 233}]",,37,0.27340610976587226,,7,0.1804977520603613
K-means,,,"[{'avg_silhouette': 0.2842507665629104, 'num_points': 1069}, {'avg_silhouette': 0.5309379346922737, 'num_points': 2500}, {'avg_silhouette': 0.050335055419269234, 'num_points': 132}, {'avg_silhouette': 0.027987638417485222, 'num_points': 207}, {'avg_silhouette': 0.04203063253543786, 'num_points': 736}, {'avg_silhouette': 0.15015716534325477, 'num_points': 590}, {'avg_silhouette': -0.05110512481322143, 'num_points': 278}, {'avg_silhouette': 0.2309930568097111, 'num_points': 793}, {'avg_silhouette': 0.2893541835994358, 'num_points': 96}, {'avg_silhouette': 0.08445017735988494, 'num_points': 385}, {'avg_silhouette': -0.1120206569113161, 'num_points': 138}, {'avg_silhouette': 0.4908067076225381, 'num_points': 40}, {'avg_silhouette': 0.17404845951901377, 'num_points': 276}, {'avg_silhouette': 0.029189181433805115, 'num_points': 319}]",,14,0.27172345262200015,,6,0.2204699555505788
AGGLC,ward,,"[{'avg_silhouette': 0.19085653497014904, 'num_points': 822}, {'avg_silhouette': 0.47342153841552603, 'num_points': 2680}, {'avg_silhouette': 0.16192861163919628, 'num_points': 3106}, {'avg_silhouette': -0.052321234889943946, 'num_points': 361}, {'avg_silhouette': 0.3237311983000256, 'num_points': 95}, {'avg_silhouette': 0.22569920435288118, 'num_points': 421}, {'avg_silhouette': 0.19370471472393055, 'num_points': 74}]",,7,0.27117662050744573,,4,0.2629764723444381
K-means,,,"[{'avg_silhouette': -0.05578593330611907, 'num_points': 63}, {'avg_silhouette': 0.5562866337895869, 'num_points': 1738}, {'avg_silhouette': 0.14447152933738053, 'num_points': 308}, {'avg_silhouette': 0.509015520532441, 'num_points': 350}, {'avg_silhouette': 0.307736420090371, 'num_points': 757}, {'avg_silhouette': -0.013385601701577956, 'num_points': 127}, {'avg_silhouette': 0.36736528567030874, 'num_points': 294}, {'avg_silhouette': 0.15273945367440217, 'num_points': 323}, {'avg_silhouette': 0.30267195301790273, 'num_points': 314}, {'avg_silhouette': 0.1101924930032988, 'num_points': 47}, {'avg_silhouette': 0.13879539195567678, 'num_points': 260}, {'avg_silhouette': -0.09923742129984385, 'num_points': 77}, {'avg_silhouette': 0.10323995008820012, 'num_points': 152}, {'avg_silhouette': -0.115248582795918, 'num_points': 111}, {'avg_silhouette': 0.1962708801628898, 'num_points': 274}, {'avg_silhouette': -0.034190879099011307, 'num_points': 215}, {'avg_silhouette': 0.26966055742277983, 'num_points': 70}, {'avg_silhouette': 0.15574281917793414, 'num_points': 86}, {'avg_silhouette': 0.28794815591617773, 'num_points': 92}, {'avg_silhouette': 0.06292390590213014, 'num_points': 558}, {'avg_silhouette': 0.28090091579061677, 'num_points': 61}, {'avg_silhouette': 0.3778962994300333, 'num_points': 69}, {'avg_silhouette': 0.029133638171318973, 'num_points': 215}, {'avg_silhouette': 0.321481119709074, 'num_points': 25}, {'avg_silhouette': 0.31577696716227427, 'num_points': 254}, {'avg_silhouette': 0.36460638212345176, 'num_points': 33}, {'avg_silhouette': 0.3600069236759346, 'num_points': 74}, {'avg_silhouette': 0.42959685116979296, 'num_points': 42}, {'avg_silhouette': 0.5551183081672647, 'num_points': 62}, {'avg_silhouette': 0.5764036608585114, 'num_points': 21}, {'avg_silhouette': 0.11434826707473596, 'num_points': 141}, {'avg_silhouette': -0.2106575563207272, 'num_points': 309}, {'avg_silhouette': 0.0, 'num_points': 1}, {'avg_silhouette': 0.22403654910960943, 'num_points': 36}]",,34,0.2707335783492949,,3,0.30898231992736264
K-means,,,"[{'avg_silhouette': 0.3153691556411161, 'num_points': 254}, {'avg_silhouette': -0.1979117798548577, 'num_points': 33}, {'avg_silhouette': 0.21657392448784715, 'num_points': 9}, {'avg_silhouette': 0.13066379891423602, 'num_points': 324}, {'avg_silhouette': 0.3562877883880328, 'num_points': 70}, {'avg_silhouette': 0.1829171119590797, 'num_points': 178}, {'avg_silhouette': 0.3278204132561146, 'num_points': 7}, {'avg_silhouette': -0.0893294319995048, 'num_points': 60}, {'avg_silhouette': 0.37011956161040643, 'num_points': 446}, {'avg_silhouette': 0.04455418929178736, 'num_points': 197}, {'avg_silhouette': 0.8445094017911232, 'num_points': 2}, {'avg_silhouette': 0.5589816472994186, 'num_points': 1731}, {'avg_silhouette': 0.19801019578128656, 'num_points': 404}, {'avg_silhouette': 0.5809897217999754, 'num_points': 61}, {'avg_silhouette': 0.2471582879512039, 'num_points': 815}, {'avg_silhouette': 0.007139830990926627, 'num_points': 22}, {'avg_silhouette': 0.11417868995336371, 'num_points': 350}, {'avg_silhouette': 0.25261070178091494, 'num_points': 89}, {'avg_silhouette': 0.3663746739847748, 'num_points': 33}, {'avg_silhouette': 0.060343338209598626, 'num_points': 163}, {'avg_silhouette': -0.1492837922919669, 'num_points': 133}, {'avg_silhouette': 0.34689886622744487, 'num_points': 45}, {'avg_silhouette': 0.14224728256018107, 'num_points': 536}, {'avg_silhouette': 0.3104529897717666, 'num_points': 37}, {'avg_silhouette': 0.4573324690161355, 'num_points': 279}, {'avg_silhouette': 0.32470998083194913, 'num_points': 25}, {'avg_silhouette': 0.09405198491559928, 'num_points': 136}, {'avg_silhouette': 0.056077500267348895, 'num_points': 213}, {'avg_silhouette': 0.3944799118764098, 'num_points': 30}, {'avg_silhouette': 0.5787874168400531, 'num_points': 21}, {'avg_silhouette': -0.1682301400627267, 'num_points': 299}, {'avg_silhouette': 0.11298728104954125, 'num_points': 33}, {'avg_silhouette': 0.18298233817254336, 'num_points': 87}, {'avg_silhouette': 0.3355989902109247, 'num_points': 63}, {'avg_silhouette': 0.1519603730621662, 'num_points': 271}, {'avg_silhouette': 0.378838625910124, 'num_points': 38}, {'avg_silhouette': 0.21349767740827974, 'num_points': 65}]",,37,0.27049825377548786,,5,0.3033033950404993
K-means,,,"[{'avg_silhouette': 0.46629465651511703, 'num_points': 2685}, {'avg_silhouette': 0.20457459517032855, 'num_points': 1954}, {'avg_silhouette': 0.20998777469074947, 'num_points': 831}, {'avg_silhouette': 0.35380686912119025, 'num_points': 73}, {'avg_silhouette': 0.17339306785445782, 'num_points': 672}, {'avg_silhouette': 0.15558719478551475, 'num_points': 512}, {'avg_silhouette': 0.06085592775127564, 'num_points': 408}, {'avg_silhouette': -0.13349450969207619, 'num_points': 424}]",,8,0.26676491409726555,,7,0.16245695815362388
K-means,,,"[{'avg_silhouette': 0.15795745704938569, 'num_points': 323}, {'avg_silhouette': 0.1470726180411025, 'num_points': 307}, {'avg_silhouette': 0.4757107868577842, 'num_points': 1865}, {'avg_silhouette': -0.19025421199272333, 'num_points': 33}, {'avg_silhouette': 0.14894670847397598, 'num_points': 82}, {'avg_silhouette': 0.2590605922640437, 'num_points': 213}, {'avg_silhouette': -0.015016072368866842, 'num_points': 222}, {'avg_silhouette': 0.47437319273182155, 'num_points': 40}, {'avg_silhouette': 0.283988310096611, 'num_points': 767}, {'avg_silhouette': 0.5568018407945581, 'num_points': 62}, {'avg_silhouette': 0.28197566573293126, 'num_points': 93}, {'avg_silhouette': 0.19450511218794844, 'num_points': 85}, {'avg_silhouette': 0.13313023729520573, 'num_points': 150}, {'avg_silhouette': 0.03838097210584119, 'num_points': 83}, {'avg_silhouette': 0.25262805487223994, 'num_points': 72}, {'avg_silhouette': 0.3664906620121816, 'num_points': 33}, {'avg_silhouette': 0.10051429262258416, 'num_points': 555}, {'avg_silhouette': 0.26801082121704706, 'num_points': 87}, {'avg_silhouette': 0.1779957473527394, 'num_points': 178}, {'avg_silhouette': 0.2649593111793471, 'num_points': 366}, {'avg_silhouette': 0.3614552766417473, 'num_points': 74}, {'avg_silhouette': 0.37880665185744106, 'num_points': 44}, {'avg_silhouette': 0.32237129375421775, 'num_points': 254}, {'avg_silhouette': 0.11343472419694892, 'num_points': 141}, {'avg_silhouette': -0.08390931916691176, 'num_points': 76}, {'avg_silhouette': 0.4718668488869971, 'num_points': 269}, {'avg_silhouette': -0.09171531538821763, 'num_points': 39}, {'avg_silhouette': 0.4269800157312258, 'num_points': 29}, {'avg_silhouette': 0.30711311147599357, 'num_points': 307}, {'avg_silhouette': -0.12592871310455633, 'num_points': 213}, {'avg_silhouette': 0.08002421045929067, 'num_points': 190}, {'avg_silhouette': 0.3914540913736037, 'num_points': 67}, {'avg_silhouette': -0.01816143987536797, 'num_points': 129}, {'avg_silhouette': 0.15500610984543972, 'num_points': 86}, {'avg_silhouette': 0.32080544751884554, 'num_points': 25}]",,35,0.26656681353104095,,3,0.2867377965256598
DBSCAN,,0.3372751268321581,"[{'avg_silhouette': 0.20625259090108738, 'num_points': 1838}, {'avg_silhouette': 0.5357450954857722, 'num_points': 353}, {'avg_silhouette': 0.5672360276605135, 'num_points': 2298}, {'avg_silhouette': 0.40808570207958433, 'num_points': 172}, {'avg_silhouette': 0.5453638571630948, 'num_points': 251}, {'avg_silhouette': 0.5255897315074628, 'num_points': 12}, {'avg_silhouette': 0.5987061464879131, 'num_points': 20}, {'avg_silhouette': 0.4982464370280873, 'num_points': 14}, {'avg_silhouette': 0.35632624150933556, 'num_points': 130}, {'avg_silhouette': 0.37608692954786255, 'num_points': 17}, {'avg_silhouette': 0.29119443400709155, 'num_points': 186}, {'avg_silhouette': 0.4171814939668942, 'num_points': 37}, {'avg_silhouette': 0.3255575702810722, 'num_points': 70}, {'avg_silhouette': 0.6948445274082352, 'num_points': 33}, {'avg_silhouette': 0.5610586178388425, 'num_points': 33}, {'avg_silhouette': 0.7834401994379122, 'num_points': 13}, {'avg_silhouette': 0.5711215126861723, 'num_points': 24}, {'avg_silhouette': 0.7883197866028124, 'num_points': 15}, {'avg_silhouette': 0.738268086342289, 'num_points': 15}, {'avg_silhouette': 0.5135351707763837, 'num_points': 30}, {'avg_silhouette': 0.35131408158498656, 'num_points': 22}, {'avg_silhouette': 0.7008252068107276, 'num_points': 35}, {'avg_silhouette': 0.3407411977833873, 'num_points': 13}, {'avg_silhouette': 0.5518673705684091, 'num_points': 10}, {'avg_silhouette': 0.5632381294123463, 'num_points': 11}, {'avg_silhouette': 0.7677671855113173, 'num_points': 20}, {'avg_silhouette': 0.35725627036406743, 'num_points': 165}, {'avg_silhouette': 0.3899175885243375, 'num_points': 37}, {'avg_silhouette': 0.598061484174577, 'num_points': 21}, {'avg_silhouette': 0.25832033675568583, 'num_points': 51}, {'avg_silhouette': 0.6661000644661134, 'num_points': 10}, {'avg_silhouette': 0.8169489178176031, 'num_points': 16}, {'avg_silhouette': 0.5661034732950446, 'num_points': 35}, {'avg_silhouette': 0.8428237946547285, 'num_points': 10}, {'avg_silhouette': 0.5319661499380183, 'num_points': 29}, {'avg_silhouette': 0.7840410237692514, 'num_points': 10}, {'avg_silhouette': 0.7358683529168529, 'num_points': 32}, {'avg_silhouette': 0.5011794997081466, 'num_points': 13}, {'avg_silhouette': 0.8921561591469064, 'num_points': 37}]",10.0,39,0.2664632899054558,,2,0.38674430928080045
DBSCAN,,0.3272751268321581,"[{'avg_silhouette': 0.2785752246056864, 'num_points': 418}, {'avg_silhouette': 0.4940639459819691, 'num_points': 353}, {'avg_silhouette': 0.48917118308139723, 'num_points': 2149}, {'avg_silhouette': 0.43107770571301435, 'num_points': 54}, {'avg_silhouette': 0.3977208402904515, 'num_points': 236}, {'avg_silhouette': 0.2842279827284201, 'num_points': 1390}, {'avg_silhouette': 0.26620103217900937, 'num_points': 119}, {'avg_silhouette': 0.5183673838023493, 'num_points': 12}, {'avg_silhouette': 0.27486200752690787, 'num_points': 116}, {'avg_silhouette': 0.30755068356146836, 'num_points': 28}, {'avg_silhouette': 0.5053388826149051, 'num_points': 7}, {'avg_silhouette': 0.5610729574643849, 'num_points': 21}, {'avg_silhouette': 0.4727929339139826, 'num_points': 15}, {'avg_silhouette': 0.36080296912654614, 'num_points': 103}, {'avg_silhouette': 0.3574022327163638, 'num_points': 19}, {'avg_silhouette': 0.28210008011857984, 'num_points': 188}, {'avg_silhouette': 0.3968283841610424, 'num_points': 37}, {'avg_silhouette': 0.8395197857505056, 'num_points': 6}, {'avg_silhouette': 0.4634299202114211, 'num_points': 6}, {'avg_silhouette': 0.4822472258488868, 'num_points': 6}, {'avg_silhouette': 0.6468464892201233, 'num_points': 5}, {'avg_silhouette': 0.31482157578498743, 'num_points': 71}, {'avg_silhouette': 0.45717277534203454, 'num_points': 35}, {'avg_silhouette': 0.5529887526704518, 'num_points': 24}, {'avg_silhouette': 0.41498449980004876, 'num_points': 10}, {'avg_silhouette': 0.6938752603335019, 'num_points': 33}, {'avg_silhouette': 0.29755850032701275, 'num_points': 23}, {'avg_silhouette': 0.43299971351203775, 'num_points': 33}, {'avg_silhouette': 0.48403783276423445, 'num_points': 15}, {'avg_silhouette': 0.545702874157796, 'num_points': 6}, {'avg_silhouette': 0.4861763433221546, 'num_points': 9}, {'avg_silhouette': 0.47506067184489664, 'num_points': 7}, {'avg_silhouette': 0.2954356682798951, 'num_points': 15}, {'avg_silhouette': 0.26458224459490015, 'num_points': 11}, {'avg_silhouette': 0.4900998289334242, 'num_points': 9}, {'avg_silhouette': 0.787870131362397, 'num_points': 15}, {'avg_silhouette': 0.7372431192497148, 'num_points': 15}, {'avg_silhouette': 0.38411916475463226, 'num_points': 5}, {'avg_silhouette': 0.6263384206862944, 'num_points': 5}, {'avg_silhouette': 0.4561464421944175, 'num_points': 31}, {'avg_silhouette': 0.332564100025495, 'num_points': 6}, {'avg_silhouette': 0.31716187667216417, 'num_points': 26}, {'avg_silhouette': 0.32170413513556906, 'num_points': 22}, {'avg_silhouette': 0.4453278841185426, 'num_points': 13}, {'avg_silhouette': 0.43404526388992914, 'num_points': 10}, {'avg_silhouette': 0.6933220230911359, 'num_points': 19}, {'avg_silhouette': 0.35725627036406743, 'num_points': 165}, {'avg_silhouette': 0.3899175885243375, 'num_points': 37}, {'avg_silhouette': 0.5983549739410867, 'num_points': 21}, {'avg_silhouette': 0.25825582358744287, 'num_points': 51}, {'avg_silhouette': 0.7078036628562465, 'num_points': 8}, {'avg_silhouette': 0.6659811981300457, 'num_points': 6}, {'avg_silhouette': 0.5700838745746711, 'num_points': 6}, {'avg_silhouette': 0.6661000644661134, 'num_points': 10}, {'avg_silhouette': 0.8161606071906342, 'num_points': 16}, {'avg_silhouette': 0.3875004414239479, 'num_points': 5}, {'avg_silhouette': 0.4032757546882494, 'num_points': 9}, {'avg_silhouette': 0.48410384389525213, 'num_points': 35}, {'avg_silhouette': 0.5862714485129983, 'num_points': 6}, {'avg_silhouette': 0.49166631196654764, 'num_points': 10}, {'avg_silhouette': 0.6748485145639112, 'num_points': 10}, {'avg_silhouette': 0.6896379764580446, 'num_points': 10}, {'avg_silhouette': 0.5126097998623462, 'num_points': 29}, {'avg_silhouette': 0.6484806748427798, 'num_points': 5}, {'avg_silhouette': 0.7650488405637329, 'num_points': 6}, {'avg_silhouette': 0.49021793292212534, 'num_points': 32}, {'avg_silhouette': 0.6723311536435875, 'num_points': 5}, {'avg_silhouette': 0.4951537657777812, 'num_points': 13}, {'avg_silhouette': 0.6192246191182281, 'num_points': 9}, {'avg_silhouette': 0.7557578240806038, 'num_points': 5}, {'avg_silhouette': 0.6312935795022665, 'num_points': 5}, {'avg_silhouette': 0.6497119872472682, 'num_points': 9}, {'avg_silhouette': 0.3994141071846727, 'num_points': 7}, {'avg_silhouette': 0.577814530383901, 'num_points': 5}, {'avg_silhouette': 0.5196870079331775, 'num_points': 5}, {'avg_silhouette': 0.9016398897058535, 'num_points': 5}, {'avg_silhouette': 0.7819353704033175, 'num_points': 37}, {'avg_silhouette': 0.6843911059715468, 'num_points': 5}, {'avg_silhouette': 0.8146445771924755, 'num_points': 5}]",5.0,79,0.2659175394067515,,3,0.3506581301385013
K-means,,,"[{'avg_silhouette': 0.16946874516003452, 'num_points': 2116}, {'avg_silhouette': 0.20871319659774804, 'num_points': 833}, {'avg_silhouette': 0.4815779352297787, 'num_points': 2673}, {'avg_silhouette': 0.06378037860780814, 'num_points': 416}, {'avg_silhouette': -0.15570408703548255, 'num_points': 326}, {'avg_silhouette': 0.18408179924727622, 'num_points': 691}, {'avg_silhouette': 0.16468720505866558, 'num_points': 504}]",,7,0.2653377110927996,,6,0.21205154331688522
K-means,,,"[{'avg_silhouette': -0.10140680260095941, 'num_points': 315}, {'avg_silhouette': 0.11633949651575236, 'num_points': 761}, {'avg_silhouette': 0.24391935409357304, 'num_points': 1725}, {'avg_silhouette': 0.3407938857867534, 'num_points': 467}, {'avg_silhouette': 0.151217801786159, 'num_points': 431}, {'avg_silhouette': -0.054028914993640674, 'num_points': 672}, {'avg_silhouette': 0.29217630132268985, 'num_points': 94}, {'avg_silhouette': 0.3075578555827414, 'num_points': 61}, {'avg_silhouette': 0.19084805012023667, 'num_points': 355}, {'avg_silhouette': 0.36982446222367227, 'num_points': 74}, {'avg_silhouette': -0.045226414351079935, 'num_points': 108}, {'avg_silhouette': 0.3783826332988261, 'num_points': 70}, {'avg_silhouette': 0.2890705699950706, 'num_points': 70}, {'avg_silhouette': 0.5616178975998497, 'num_points': 62}, {'avg_silhouette': 0.5868543057876847, 'num_points': 1942}, {'avg_silhouette': 0.3660220658402863, 'num_points': 45}, {'avg_silhouette': -0.12438820726360196, 'num_points': 307}]",,17,0.2647607371363479,,6,0.23084932149604698
K-means,,,"[{'avg_silhouette': 0.2870437751770993, 'num_points': 717}, {'avg_silhouette': -0.19262297917456825, 'num_points': 575}, {'avg_silhouette': -0.10407167333656707, 'num_points': 110}, {'avg_silhouette': 0.14928444091994358, 'num_points': 88}, {'avg_silhouette': 0.20788145348968085, 'num_points': 258}, {'avg_silhouette': 0.03404709663480732, 'num_points': 9}, {'avg_silhouette': 0.36652746458422386, 'num_points': 40}, {'avg_silhouette': 0.22898690042563014, 'num_points': 323}, {'avg_silhouette': 0.07575248746340207, 'num_points': 506}, {'avg_silhouette': -0.013315117021658518, 'num_points': 221}, {'avg_silhouette': 0.2998792807599952, 'num_points': 306}, {'avg_silhouette': 0.41784169741104776, 'num_points': 66}, {'avg_silhouette': 0.391555001078239, 'num_points': 43}, {'avg_silhouette': 0.24320612673369174, 'num_points': 16}, {'avg_silhouette': 0.08520391917800457, 'num_points': 200}, {'avg_silhouette': 0.1397207059763187, 'num_points': 257}, {'avg_silhouette': 0.0313311813902756, 'num_points': 79}, {'avg_silhouette': -0.027568708743598423, 'num_points': 70}, {'avg_silhouette': 0.19314779638752796, 'num_points': 37}, {'avg_silhouette': 0.21711206413498352, 'num_points': 221}, {'avg_silhouette': 0.1476556933409316, 'num_points': 283}, {'avg_silhouette': 0.19911784952201034, 'num_points': 65}, {'avg_silhouette': 0.006812179524191415, 'num_points': 196}, {'avg_silhouette': -0.1311747915784228, 'num_points': 64}, {'avg_silhouette': 0.11394753952337452, 'num_points': 176}, {'avg_silhouette': 0.28088827109365755, 'num_points': 69}, {'avg_silhouette': 0.26037439387698963, 'num_points': 90}, {'avg_silhouette': 0.5554901483410907, 'num_points': 62}, {'avg_silhouette': 0.5545969356174053, 'num_points': 21}, {'avg_silhouette': 0.30730615829370306, 'num_points': 19}, {'avg_silhouette': 0.5774399222569284, 'num_points': 21}, {'avg_silhouette': 0.0, 'num_points': 1}, {'avg_silhouette': 0.6480948402348594, 'num_points': 1719}, {'avg_silhouette': -0.022768012333514873, 'num_points': 128}, {'avg_silhouette': 0.07244928000517302, 'num_points': 157}, {'avg_silhouette': 0.518303000240327, 'num_points': 346}]",,36,0.26456456784774635,,4,0.20456703092519812
DBSCAN,,0.3172751268321581,"[{'avg_silhouette': 0.2712142737064845, 'num_points': 417}, {'avg_silhouette': 0.4975405442501153, 'num_points': 352}, {'avg_silhouette': 0.49279476998853744, 'num_points': 2144}, {'avg_silhouette': 0.4293838853555574, 'num_points': 54}, {'avg_silhouette': 0.3977208402904515, 'num_points': 236}, {'avg_silhouette': 0.28298738386325384, 'num_points': 1386}, {'avg_silhouette': 0.26555008752772297, 'num_points': 119}, {'avg_silhouette': 0.5183673838023493, 'num_points': 12}, {'avg_silhouette': 0.2807161321973013, 'num_points': 115}, {'avg_silhouette': 0.3204122919780287, 'num_points': 27}, {'avg_silhouette': 0.5053388826149051, 'num_points': 7}, {'avg_silhouette': 0.5610729574643849, 'num_points': 21}, {'avg_silhouette': 0.4727929339139826, 'num_points': 15}, {'avg_silhouette': 0.36080296912654614, 'num_points': 103}, {'avg_silhouette': 0.3716300796453592, 'num_points': 18}, {'avg_silhouette': 0.28655265972431365, 'num_points': 186}, {'avg_silhouette': 0.4037854740137406, 'num_points': 36}, {'avg_silhouette': 0.8394730467295285, 'num_points': 6}, {'avg_silhouette': 0.4625059136209207, 'num_points': 6}, {'avg_silhouette': 0.4803255297860917, 'num_points': 6}, {'avg_silhouette': 0.6468464892201233, 'num_points': 5}, {'avg_silhouette': 0.3165385076027842, 'num_points': 70}, {'avg_silhouette': 0.45717277534203454, 'num_points': 35}, {'avg_silhouette': 0.5528807227275125, 'num_points': 24}, {'avg_silhouette': 0.41498449980004876, 'num_points': 10}, {'avg_silhouette': 0.6938006692164455, 'num_points': 33}, {'avg_silhouette': 0.29755850032701275, 'num_points': 23}, {'avg_silhouette': 0.4509385697267512, 'num_points': 32}, {'avg_silhouette': 0.48403783276423445, 'num_points': 15}, {'avg_silhouette': 0.5457166644089521, 'num_points': 6}, {'avg_silhouette': 0.4861763433221546, 'num_points': 9}, {'avg_silhouette': 0.47294416928364785, 'num_points': 7}, {'avg_silhouette': 0.2933544873845159, 'num_points': 15}, {'avg_silhouette': 0.2842753636392722, 'num_points': 10}, {'avg_silhouette': 0.4887762212574013, 'num_points': 9}, {'avg_silhouette': 0.7878268179775318, 'num_points': 15}, {'avg_silhouette': 0.7371474448516895, 'num_points': 15}, {'avg_silhouette': 0.38361566300413685, 'num_points': 5}, {'avg_silhouette': 0.6261839756072155, 'num_points': 5}, {'avg_silhouette': 0.46713557371772263, 'num_points': 30}, {'avg_silhouette': 0.332564100025495, 'num_points': 6}, {'avg_silhouette': 0.3368857343727467, 'num_points': 25}, {'avg_silhouette': 0.3548742701663198, 'num_points': 20}, {'avg_silhouette': 0.4448144563272348, 'num_points': 13}, {'avg_silhouette': 0.43404526388992914, 'num_points': 10}, {'avg_silhouette': 0.6933220230911359, 'num_points': 19}, {'avg_silhouette': 0.35531517967708054, 'num_points': 165}, {'avg_silhouette': 0.4013020799443279, 'num_points': 36}, {'avg_silhouette': 0.5978792827442104, 'num_points': 21}, {'avg_silhouette': 0.2521774050339007, 'num_points': 51}, {'avg_silhouette': 0.7077232366164499, 'num_points': 8}, {'avg_silhouette': 0.6659811981300457, 'num_points': 6}, {'avg_silhouette': 0.6661000644661134, 'num_points': 10}, {'avg_silhouette': 0.816077132422143, 'num_points': 16}, {'avg_silhouette': 0.38112978025713284, 'num_points': 5}, {'avg_silhouette': 0.4032757546882494, 'num_points': 9}, {'avg_silhouette': 0.48410384389525213, 'num_points': 35}, {'avg_silhouette': 0.585790089859807, 'num_points': 6}, {'avg_silhouette': 0.5601048452682352, 'num_points': 9}, {'avg_silhouette': 0.6748485145639112, 'num_points': 10}, {'avg_silhouette': 0.6896379764580446, 'num_points': 10}, {'avg_silhouette': 0.5121803881053674, 'num_points': 29}, {'avg_silhouette': 0.6484806748427798, 'num_points': 5}, {'avg_silhouette': 0.7649449371999822, 'num_points': 6}, {'avg_silhouette': 0.49021793292212534, 'num_points': 32}, {'avg_silhouette': 0.6723311536435875, 'num_points': 5}, {'avg_silhouette': 0.5178131150411195, 'num_points': 12}, {'avg_silhouette': 0.6192246191182281, 'num_points': 9}, {'avg_silhouette': 0.7557578240806038, 'num_points': 5}, {'avg_silhouette': 0.6312935795022665, 'num_points': 5}, {'avg_silhouette': 0.6497119872472682, 'num_points': 9}, {'avg_silhouette': 0.3964133073061363, 'num_points': 7}, {'avg_silhouette': 0.5700838745746711, 'num_points': 6}, {'avg_silhouette': 0.577814530383901, 'num_points': 5}, {'avg_silhouette': 0.9016398897058535, 'num_points': 5}, {'avg_silhouette': 0.5196870079331775, 'num_points': 5}, {'avg_silhouette': 0.7819353704033175, 'num_points': 37}, {'avg_silhouette': 0.6843911059715468, 'num_points': 5}, {'avg_silhouette': 0.8146445771924755, 'num_points': 5}]",5.0,79,0.2641386464931205,,3,0.348998809186092
DBSCAN,,0.3072751268321581,"[{'avg_silhouette': 0.2885695584670355, 'num_points': 417}, {'avg_silhouette': 0.49923619139374353, 'num_points': 351}, {'avg_silhouette': 0.49470726973670615, 'num_points': 2141}, {'avg_silhouette': 0.4282423309208141, 'num_points': 54}, {'avg_silhouette': 0.3977208402904515, 'num_points': 236}, {'avg_silhouette': 0.2822949955833043, 'num_points': 1382}, {'avg_silhouette': 0.27120264011477585, 'num_points': 118}, {'avg_silhouette': 0.5183673838023493, 'num_points': 12}, {'avg_silhouette': 0.2857477823237679, 'num_points': 114}, {'avg_silhouette': 0.3457657803154475, 'num_points': 27}, {'avg_silhouette': 0.5053388826149051, 'num_points': 7}, {'avg_silhouette': 0.5610729574643849, 'num_points': 21}, {'avg_silhouette': 0.4727929339139826, 'num_points': 15}, {'avg_silhouette': 0.37233763836071043, 'num_points': 101}, {'avg_silhouette': 0.3716300796453592, 'num_points': 18}, {'avg_silhouette': 0.29554751747534425, 'num_points': 183}, {'avg_silhouette': 0.40343462722974566, 'num_points': 36}, {'avg_silhouette': 0.8384156943806734, 'num_points': 6}, {'avg_silhouette': 0.46209487944703337, 'num_points': 6}, {'avg_silhouette': 0.4793688516565518, 'num_points': 6}, {'avg_silhouette': 0.6468464892201233, 'num_points': 5}, {'avg_silhouette': 0.3176264816391133, 'num_points': 69}, {'avg_silhouette': 0.45717277534203454, 'num_points': 35}, {'avg_silhouette': 0.41498449980004876, 'num_points': 10}, {'avg_silhouette': 0.6937738206253103, 'num_points': 33}, {'avg_silhouette': 0.29540489733727887, 'num_points': 23}, {'avg_silhouette': 0.44343997847781436, 'num_points': 32}, {'avg_silhouette': 0.5778786125631405, 'num_points': 13}, {'avg_silhouette': 0.47359761256120464, 'num_points': 9}, {'avg_silhouette': 0.4845236907565028, 'num_points': 5}, {'avg_silhouette': 0.2933544873845159, 'num_points': 15}, {'avg_silhouette': 0.5455244774607712, 'num_points': 6}, {'avg_silhouette': 0.5528329545623353, 'num_points': 24}, {'avg_silhouette': 0.5330718827578673, 'num_points': 8}, {'avg_silhouette': 0.7878268179775318, 'num_points': 15}, {'avg_silhouette': 0.38319369348373755, 'num_points': 5}, {'avg_silhouette': 0.6252799695952821, 'num_points': 5}, {'avg_silhouette': 0.46428722851260956, 'num_points': 30}, {'avg_silhouette': 0.332564100025495, 'num_points': 6}, {'avg_silhouette': 0.3365323121510695, 'num_points': 25}, {'avg_silhouette': 0.3696974035669812, 'num_points': 19}, {'avg_silhouette': 0.48796241394703826, 'num_points': 12}, {'avg_silhouette': 0.43404526388992914, 'num_points': 10}, {'avg_silhouette': 0.6933220230911359, 'num_points': 19}, {'avg_silhouette': 0.3492401484073158, 'num_points': 165}, {'avg_silhouette': 0.4145049592569629, 'num_points': 35}, {'avg_silhouette': 0.5976684180976498, 'num_points': 21}, {'avg_silhouette': 0.28305670878878425, 'num_points': 46}, {'avg_silhouette': 0.7076968506532583, 'num_points': 8}, {'avg_silhouette': 0.7370968640819584, 'num_points': 15}, {'avg_silhouette': 0.6659811981300457, 'num_points': 6}, {'avg_silhouette': 0.6661000644661134, 'num_points': 10}, {'avg_silhouette': 0.8160325584760743, 'num_points': 16}, {'avg_silhouette': 0.4032757546882494, 'num_points': 9}, {'avg_silhouette': 0.48410384389525213, 'num_points': 35}, {'avg_silhouette': 0.6167741245053785, 'num_points': 9}, {'avg_silhouette': 0.6748485145639112, 'num_points': 10}, {'avg_silhouette': 0.6896379764580446, 'num_points': 10}, {'avg_silhouette': 0.5118406980216801, 'num_points': 29}, {'avg_silhouette': 0.6484806748427798, 'num_points': 5}, {'avg_silhouette': 0.7648914377602973, 'num_points': 6}, {'avg_silhouette': 0.49021793292212534, 'num_points': 32}, {'avg_silhouette': 0.6723311536435875, 'num_points': 5}, {'avg_silhouette': 0.5176067350519692, 'num_points': 12}, {'avg_silhouette': 0.6192246191182281, 'num_points': 9}, {'avg_silhouette': 0.7557578240806038, 'num_points': 5}, {'avg_silhouette': 0.6312935795022665, 'num_points': 5}, {'avg_silhouette': 0.6497119872472682, 'num_points': 9}, {'avg_silhouette': 0.5854414547813472, 'num_points': 6}, {'avg_silhouette': 0.3964133073061363, 'num_points': 7}, {'avg_silhouette': 0.556610695088598, 'num_points': 6}, {'avg_silhouette': 0.577814530383901, 'num_points': 5}, {'avg_silhouette': 0.9016398897058535, 'num_points': 5}, {'avg_silhouette': 0.5196870079331775, 'num_points': 5}, {'avg_silhouette': 0.7819353704033175, 'num_points': 37}, {'avg_silhouette': 0.6843911059715468, 'num_points': 5}, {'avg_silhouette': 0.8146445771924755, 'num_points': 5}]",5.0,77,0.261945591045658,,3,0.3551906079290153
AGGLC,ward,,"[{'avg_silhouette': 0.13669192713010508, 'num_points': 3180}, {'avg_silhouette': 0.4736108596847552, 'num_points': 2680}, {'avg_silhouette': 0.19158755299798694, 'num_points': 822}, {'avg_silhouette': -0.042790735505614595, 'num_points': 361}, {'avg_silhouette': 0.32787621756335295, 'num_points': 95}, {'avg_silhouette': 0.22604876928453554, 'num_points': 421}]",,6,0.26092204230890387,,4,0.25698477727434565
DBSCAN,,0.3272751268321581,"[{'avg_silhouette': 0.29974612467843675, 'num_points': 418}, {'avg_silhouette': 0.5369626451596264, 'num_points': 351}, {'avg_silhouette': 0.5286159458521551, 'num_points': 2146}, {'avg_silhouette': 0.4311131263370184, 'num_points': 54}, {'avg_silhouette': 0.5787850545930401, 'num_points': 236}, {'avg_silhouette': 0.2773210538808742, 'num_points': 1389}, {'avg_silhouette': 0.2939731688341515, 'num_points': 117}, {'avg_silhouette': 0.5255897315074628, 'num_points': 12}, {'avg_silhouette': 0.30952277245966425, 'num_points': 116}, {'avg_silhouette': 0.3575576147627949, 'num_points': 26}, {'avg_silhouette': 0.5987061464879131, 'num_points': 20}, {'avg_silhouette': 0.4982464370280873, 'num_points': 14}, {'avg_silhouette': 0.3523666047599385, 'num_points': 102}, {'avg_silhouette': 0.41772332001435303, 'num_points': 15}, {'avg_silhouette': 0.2948042207548223, 'num_points': 184}, {'avg_silhouette': 0.3971081043968005, 'num_points': 37}, {'avg_silhouette': 0.324493529148445, 'num_points': 70}, {'avg_silhouette': 0.6938360426161035, 'num_points': 33}, {'avg_silhouette': 0.33293233405047246, 'num_points': 21}, {'avg_silhouette': 0.5606291077814121, 'num_points': 33}, {'avg_silhouette': 0.566917937422288, 'num_points': 24}, {'avg_silhouette': 0.7876177494913892, 'num_points': 15}, {'avg_silhouette': 0.7834401994379122, 'num_points': 13}, {'avg_silhouette': 0.5113286022054744, 'num_points': 30}, {'avg_silhouette': 0.36185837324891545, 'num_points': 25}, {'avg_silhouette': 0.32170413513556906, 'num_points': 22}, {'avg_silhouette': 0.6967045866348133, 'num_points': 35}, {'avg_silhouette': 0.3324765172292358, 'num_points': 13}, {'avg_silhouette': 0.5513423694426295, 'num_points': 10}, {'avg_silhouette': 0.7812895240875687, 'num_points': 19}, {'avg_silhouette': 0.35725627036406743, 'num_points': 165}, {'avg_silhouette': 0.3899175885243375, 'num_points': 37}, {'avg_silhouette': 0.5976824290090734, 'num_points': 21}, {'avg_silhouette': 0.2582562422753743, 'num_points': 51}, {'avg_silhouette': 0.7477515511541731, 'num_points': 14}, {'avg_silhouette': 0.6661000644661134, 'num_points': 10}, {'avg_silhouette': 0.8161003764515455, 'num_points': 16}, {'avg_silhouette': 0.5661034732950446, 'num_points': 35}, {'avg_silhouette': 0.8428237946547285, 'num_points': 10}, {'avg_silhouette': 0.5125599441046207, 'num_points': 29}, {'avg_silhouette': 0.7320946293372727, 'num_points': 32}, {'avg_silhouette': 0.49477617023885967, 'num_points': 13}, {'avg_silhouette': 0.7840410237692514, 'num_points': 10}, {'avg_silhouette': 0.8916433663475011, 'num_points': 37}, {'avg_silhouette': 0.6012703268613099, 'num_points': 10}]",10.0,45,0.26002066218558206,,3,0.3685610414704887
K-means,,,"[{'avg_silhouette': 0.2179958278753676, 'num_points': 861}, {'avg_silhouette': 0.17462064402653152, 'num_points': 3402}, {'avg_silhouette': 0.35808868707540137, 'num_points': 3296}]",,3,0.25956001473468376,,3,0.2502350529924335
DBSCAN,,0.3172751268321581,"[{'avg_silhouette': 0.28861450921842036, 'num_points': 417}, {'avg_silhouette': 0.5369566821859728, 'num_points': 351}, {'avg_silhouette': 0.5317201442821509, 'num_points': 2141}, {'avg_silhouette': 0.42940178861572986, 'num_points': 54}, {'avg_silhouette': 0.5787850545930401, 'num_points': 236}, {'avg_silhouette': 0.28024658114971107, 'num_points': 1384}, {'avg_silhouette': 0.29338074418731974, 'num_points': 117}, {'avg_silhouette': 0.5255897315074628, 'num_points': 12}, {'avg_silhouette': 0.315377908335985, 'num_points': 115}, {'avg_silhouette': 0.5987061464879131, 'num_points': 20}, {'avg_silhouette': 0.4982464370280873, 'num_points': 14}, {'avg_silhouette': 0.35687187407800625, 'num_points': 26}, {'avg_silhouette': 0.35235817998840846, 'num_points': 102}, {'avg_silhouette': 0.41772332001435303, 'num_points': 15}, {'avg_silhouette': 0.29667338279448, 'num_points': 183}, {'avg_silhouette': 0.41563995198807513, 'num_points': 35}, {'avg_silhouette': 0.3268974575938606, 'num_points': 69}, {'avg_silhouette': 0.704598729040743, 'num_points': 32}, {'avg_silhouette': 0.33293233405047246, 'num_points': 21}, {'avg_silhouette': 0.5734350520296514, 'num_points': 32}, {'avg_silhouette': 0.5648874800211169, 'num_points': 24}, {'avg_silhouette': 0.7876177494913892, 'num_points': 15}, {'avg_silhouette': 0.7833844014658138, 'num_points': 13}, {'avg_silhouette': 0.5477898800411724, 'num_points': 27}, {'avg_silhouette': 0.36117881351071324, 'num_points': 25}, {'avg_silhouette': 0.3726944121725082, 'num_points': 19}, {'avg_silhouette': 0.6965911365842127, 'num_points': 35}, {'avg_silhouette': 0.3324765172292358, 'num_points': 13}, {'avg_silhouette': 0.7811911104515112, 'num_points': 19}, {'avg_silhouette': 0.35531517967708054, 'num_points': 165}, {'avg_silhouette': 0.4013020799443279, 'num_points': 36}, {'avg_silhouette': 0.5976824290090734, 'num_points': 21}, {'avg_silhouette': 0.7476786159035734, 'num_points': 14}, {'avg_silhouette': 0.6661000644661134, 'num_points': 10}, {'avg_silhouette': 0.8160414170514813, 'num_points': 16}, {'avg_silhouette': 0.24848551959609957, 'num_points': 51}, {'avg_silhouette': 0.5661034732950446, 'num_points': 35}, {'avg_silhouette': 0.8428237946547285, 'num_points': 10}, {'avg_silhouette': 0.5120265332752059, 'num_points': 29}, {'avg_silhouette': 0.7319861677589447, 'num_points': 32}, {'avg_silhouette': 0.5175541260327706, 'num_points': 12}, {'avg_silhouette': 0.7840410237692514, 'num_points': 10}, {'avg_silhouette': 0.891606693770901, 'num_points': 37}, {'avg_silhouette': 0.5513423694426295, 'num_points': 10}, {'avg_silhouette': 0.6009321880083991, 'num_points': 10}]",10.0,45,0.25826339036735235,,3,0.36686041155009413
K-means,,,"[{'avg_silhouette': 0.3150494062496226, 'num_points': 769}, {'avg_silhouette': 0.35492229960518484, 'num_points': 3157}, {'avg_silhouette': -0.07139748511561507, 'num_points': 1055}, {'avg_silhouette': 0.32434773260261623, 'num_points': 61}, {'avg_silhouette': 0.25464813519072776, 'num_points': 2424}, {'avg_silhouette': 0.2881092962398641, 'num_points': 93}]",,6,0.2581406009265704,,4,0.21330558898248003
K-means,,,"[{'avg_silhouette': 0.21737291012882798, 'num_points': 2985}, {'avg_silhouette': 0.3511574605749349, 'num_points': 3506}, {'avg_silhouette': 0.07341878375346901, 'num_points': 445}, {'avg_silhouette': 0.05128297318438233, 'num_points': 623}]",,4,0.2572611250925304,,4,0.17330803191040356
K-means,,,"[{'avg_silhouette': 0.2941603240466163, 'num_points': 322}, {'avg_silhouette': 0.4572939630058495, 'num_points': 1926}, {'avg_silhouette': 0.16280497054644227, 'num_points': 98}, {'avg_silhouette': 0.3954258204751151, 'num_points': 295}, {'avg_silhouette': 0.37339857157445555, 'num_points': 450}, {'avg_silhouette': 0.2773467709791198, 'num_points': 94}, {'avg_silhouette': 0.030577950562072465, 'num_points': 232}, {'avg_silhouette': 0.08593148427121398, 'num_points': 503}, {'avg_silhouette': 0.11070693201267456, 'num_points': 47}, {'avg_silhouette': -0.040845065839881414, 'num_points': 244}, {'avg_silhouette': 0.27099846400508865, 'num_points': 857}, {'avg_silhouette': 0.14373526181142943, 'num_points': 259}, {'avg_silhouette': 0.5588550015672765, 'num_points': 62}, {'avg_silhouette': 0.10462313513505803, 'num_points': 20}, {'avg_silhouette': 0.36264701082206, 'num_points': 74}, {'avg_silhouette': 0.2774334258459301, 'num_points': 70}, {'avg_silhouette': 0.4252389355714305, 'num_points': 66}, {'avg_silhouette': 0.17119598130416513, 'num_points': 241}, {'avg_silhouette': -0.11023730583131602, 'num_points': 44}, {'avg_silhouette': 0.12190679610826305, 'num_points': 328}, {'avg_silhouette': -0.05749016167969615, 'num_points': 84}, {'avg_silhouette': 0.4804767482602387, 'num_points': 40}, {'avg_silhouette': 0.022831699918576826, 'num_points': 234}, {'avg_silhouette': 0.013733555875543452, 'num_points': 258}, {'avg_silhouette': 0.43514875620307103, 'num_points': 29}, {'avg_silhouette': -0.037235340951645025, 'num_points': 238}, {'avg_silhouette': 0.28726744544251304, 'num_points': 262}, {'avg_silhouette': 0.01905786643172034, 'num_points': 107}, {'avg_silhouette': 0.42959685116979296, 'num_points': 42}, {'avg_silhouette': 0.36749786528238254, 'num_points': 33}]",,30,0.2565371790729645,,4,0.29690562071415194
DBSCAN,,0.29727512683215807,"[{'avg_silhouette': 0.2885666633155313, 'num_points': 417}, {'avg_silhouette': 0.4992352562814517, 'num_points': 351}, {'avg_silhouette': 0.48639106785533115, 'num_points': 2139}, {'avg_silhouette': 0.4265577776618972, 'num_points': 54}, {'avg_silhouette': 0.3977208402904515, 'num_points': 236}, {'avg_silhouette': 0.2823425137329299, 'num_points': 1380}, {'avg_silhouette': 0.27839815919906175, 'num_points': 116}, {'avg_silhouette': 0.5158141310132319, 'num_points': 12}, {'avg_silhouette': 0.2932868893803889, 'num_points': 113}, {'avg_silhouette': 0.34561927298925327, 'num_points': 27}, {'avg_silhouette': 0.5448332937821503, 'num_points': 6}, {'avg_silhouette': 0.6036145583864945, 'num_points': 20}, {'avg_silhouette': 0.46684290578932, 'num_points': 15}, {'avg_silhouette': 0.37294032049418313, 'num_points': 99}, {'avg_silhouette': 0.3716300796453592, 'num_points': 18}, {'avg_silhouette': 0.2966961791156368, 'num_points': 182}, {'avg_silhouette': 0.40597151219078775, 'num_points': 35}, {'avg_silhouette': 0.8384156943806734, 'num_points': 6}, {'avg_silhouette': 0.5754783795754428, 'num_points': 5}, {'avg_silhouette': 0.47739226043904043, 'num_points': 6}, {'avg_silhouette': 0.6353980162491144, 'num_points': 5}, {'avg_silhouette': 0.3175446489032264, 'num_points': 69}, {'avg_silhouette': 0.41498449980004876, 'num_points': 10}, {'avg_silhouette': 0.693645160369565, 'num_points': 33}, {'avg_silhouette': 0.3145637361421695, 'num_points': 21}, {'avg_silhouette': 0.44343997847781436, 'num_points': 32}, {'avg_silhouette': 0.5682560288823251, 'num_points': 13}, {'avg_silhouette': 0.5299139848325738, 'num_points': 8}, {'avg_silhouette': 0.4845236907565028, 'num_points': 5}, {'avg_silhouette': 0.2933544873845159, 'num_points': 15}, {'avg_silhouette': 0.6005349795032, 'num_points': 5}, {'avg_silhouette': 0.5528117671863826, 'num_points': 24}, {'avg_silhouette': 0.5330718827578673, 'num_points': 8}, {'avg_silhouette': 0.7878268179775318, 'num_points': 15}, {'avg_silhouette': 0.38319369348373755, 'num_points': 5}, {'avg_silhouette': 0.6253795104222266, 'num_points': 5}, {'avg_silhouette': 0.4642790819442351, 'num_points': 30}, {'avg_silhouette': 0.3464870935468889, 'num_points': 5}, {'avg_silhouette': 0.3779421638322338, 'num_points': 23}, {'avg_silhouette': 0.36890814817264894, 'num_points': 19}, {'avg_silhouette': 0.5818632185610675, 'num_points': 35}, {'avg_silhouette': 0.48796241394703826, 'num_points': 12}, {'avg_silhouette': 0.5080399314104246, 'num_points': 9}, {'avg_silhouette': 0.6933220230911359, 'num_points': 19}, {'avg_silhouette': 0.35575847810215405, 'num_points': 163}, {'avg_silhouette': 0.4135755519229239, 'num_points': 35}, {'avg_silhouette': 0.5976684180976498, 'num_points': 21}, {'avg_silhouette': 0.28697386055814383, 'num_points': 45}, {'avg_silhouette': 0.7076968506532583, 'num_points': 8}, {'avg_silhouette': 0.7476504773104498, 'num_points': 14}, {'avg_silhouette': 0.665378141693032, 'num_points': 10}, {'avg_silhouette': 0.8160106273016503, 'num_points': 16}, {'avg_silhouette': 0.4248261475069507, 'num_points': 8}, {'avg_silhouette': 0.49453751678412466, 'num_points': 34}, {'avg_silhouette': 0.6780495997948984, 'num_points': 8}, {'avg_silhouette': 0.6748485145639112, 'num_points': 10}, {'avg_silhouette': 0.6896379764580446, 'num_points': 10}, {'avg_silhouette': 0.5325740107411188, 'num_points': 27}, {'avg_silhouette': 0.6484806748427798, 'num_points': 5}, {'avg_silhouette': 0.7648643944675313, 'num_points': 6}, {'avg_silhouette': 0.49021793292212534, 'num_points': 32}, {'avg_silhouette': 0.6723311536435875, 'num_points': 5}, {'avg_silhouette': 0.5174916066911518, 'num_points': 12}, {'avg_silhouette': 0.615601642544323, 'num_points': 9}, {'avg_silhouette': 0.7557578240806038, 'num_points': 5}, {'avg_silhouette': 0.6312935795022665, 'num_points': 5}, {'avg_silhouette': 0.6497119872472682, 'num_points': 9}, {'avg_silhouette': 0.6659811981300457, 'num_points': 6}, {'avg_silhouette': 0.39526151652102104, 'num_points': 7}, {'avg_silhouette': 0.571948688449418, 'num_points': 5}, {'avg_silhouette': 0.6485958327052643, 'num_points': 5}, {'avg_silhouette': 0.9016398897058535, 'num_points': 5}, {'avg_silhouette': 0.5196870079331775, 'num_points': 5}, {'avg_silhouette': 0.7819353704033175, 'num_points': 37}, {'avg_silhouette': 0.6730508162818092, 'num_points': 5}, {'avg_silhouette': 0.8146445771924755, 'num_points': 5}]",5.0,76,0.25627962027383955,,3,0.35243341496793074
DBSCAN,,0.3072751268321581,"[{'avg_silhouette': 0.2884979909835126, 'num_points': 417}, {'avg_silhouette': 0.5427970393379659, 'num_points': 349}, {'avg_silhouette': 0.5335936772162285, 'num_points': 2138}, {'avg_silhouette': 0.42763436017839757, 'num_points': 54}, {'avg_silhouette': 0.5811743957477348, 'num_points': 235}, {'avg_silhouette': 0.278589299444678, 'num_points': 1382}, {'avg_silhouette': 0.2930353187569437, 'num_points': 117}, {'avg_silhouette': 0.5534210619676221, 'num_points': 10}, {'avg_silhouette': 0.32227101594474183, 'num_points': 113}, {'avg_silhouette': 0.5974370549157072, 'num_points': 20}, {'avg_silhouette': 0.3710190583337958, 'num_points': 99}, {'avg_silhouette': 0.41772332001435303, 'num_points': 15}, {'avg_silhouette': 0.29995014753938953, 'num_points': 182}, {'avg_silhouette': 0.35661879611653013, 'num_points': 26}, {'avg_silhouette': 0.42598112182546466, 'num_points': 34}, {'avg_silhouette': 0.32560707405843503, 'num_points': 69}, {'avg_silhouette': 0.7045711439672641, 'num_points': 32}, {'avg_silhouette': 0.34599571003235086, 'num_points': 20}, {'avg_silhouette': 0.5727648463417256, 'num_points': 32}, {'avg_silhouette': 0.564763552160093, 'num_points': 24}, {'avg_silhouette': 0.7875623745455211, 'num_points': 15}, {'avg_silhouette': 0.7861509987993679, 'num_points': 13}, {'avg_silhouette': 0.547767791547715, 'num_points': 27}, {'avg_silhouette': 0.3607474250127743, 'num_points': 25}, {'avg_silhouette': 0.3696974035669812, 'num_points': 19}, {'avg_silhouette': 0.6965540947345001, 'num_points': 35}, {'avg_silhouette': 0.3324765172292358, 'num_points': 13}, {'avg_silhouette': 0.7811531793764954, 'num_points': 19}, {'avg_silhouette': 0.3492401484073158, 'num_points': 165}, {'avg_silhouette': 0.4145049592569629, 'num_points': 35}, {'avg_silhouette': 0.5969855682351678, 'num_points': 21}, {'avg_silhouette': 0.7476281141961133, 'num_points': 14}, {'avg_silhouette': 0.6661000644661134, 'num_points': 10}, {'avg_silhouette': 0.8159967130079058, 'num_points': 16}, {'avg_silhouette': 0.28305670878878425, 'num_points': 46}, {'avg_silhouette': 0.5661034732950446, 'num_points': 35}, {'avg_silhouette': 0.8428237946547285, 'num_points': 10}, {'avg_silhouette': 0.5264370433392418, 'num_points': 28}, {'avg_silhouette': 0.7319520482110669, 'num_points': 32}, {'avg_silhouette': 0.5173468477004051, 'num_points': 12}, {'avg_silhouette': 0.7840410237692514, 'num_points': 10}, {'avg_silhouette': 0.5154293437780092, 'num_points': 13}, {'avg_silhouette': 0.8915803386677938, 'num_points': 37}, {'avg_silhouette': 0.6007411061750433, 'num_points': 10}]",10.0,44,0.2552562033286439,,3,0.36689365588147305
DBSCAN,,0.28727512683215806,"[{'avg_silhouette': 0.29091666491717566, 'num_points': 415}, {'avg_silhouette': 0.5392702851868184, 'num_points': 349}, {'avg_silhouette': 0.4882454883068229, 'num_points': 2136}, {'avg_silhouette': 0.4265577776618972, 'num_points': 54}, {'avg_silhouette': 0.4041893562410661, 'num_points': 234}, {'avg_silhouette': 0.28133973166245785, 'num_points': 1374}, {'avg_silhouette': 0.2847963564675767, 'num_points': 114}, {'avg_silhouette': 0.5675525474574333, 'num_points': 9}, {'avg_silhouette': 0.2932868893803889, 'num_points': 113}, {'avg_silhouette': 0.5413801219988178, 'num_points': 6}, {'avg_silhouette': 0.5987061464879131, 'num_points': 20}, {'avg_silhouette': 0.4982464370280873, 'num_points': 14}, {'avg_silhouette': 0.35572093594083765, 'num_points': 26}, {'avg_silhouette': 0.3634932155213589, 'num_points': 99}, {'avg_silhouette': 0.3826269260710289, 'num_points': 17}, {'avg_silhouette': 0.2968220905791907, 'num_points': 182}, {'avg_silhouette': 0.4138972644176768, 'num_points': 34}, {'avg_silhouette': 0.8375097991292325, 'num_points': 6}, {'avg_silhouette': 0.5751085332869879, 'num_points': 5}, {'avg_silhouette': 0.47739226043904043, 'num_points': 6}, {'avg_silhouette': 0.7084811587606613, 'num_points': 5}, {'avg_silhouette': 0.3175446489032264, 'num_points': 69}, {'avg_silhouette': 0.45248870708606304, 'num_points': 9}, {'avg_silhouette': 0.7046718516499619, 'num_points': 31}, {'avg_silhouette': 0.35089684027964896, 'num_points': 19}, {'avg_silhouette': 0.44343997847781436, 'num_points': 32}, {'avg_silhouette': 0.6174903664773056, 'num_points': 12}, {'avg_silhouette': 0.5255390829798889, 'num_points': 8}, {'avg_silhouette': 0.2984555169793657, 'num_points': 14}, {'avg_silhouette': 0.6007081290220982, 'num_points': 5}, {'avg_silhouette': 0.5649649441127796, 'num_points': 23}, {'avg_silhouette': 0.5330718827578673, 'num_points': 8}, {'avg_silhouette': 0.7876787229838211, 'num_points': 15}, {'avg_silhouette': 0.5565590015688459, 'num_points': 26}, {'avg_silhouette': 0.4052296062383792, 'num_points': 22}, {'avg_silhouette': 0.3682499237300337, 'num_points': 19}, {'avg_silhouette': 0.6118615805254021, 'num_points': 31}, {'avg_silhouette': 0.5291096591883896, 'num_points': 11}, {'avg_silhouette': 0.5080399314104246, 'num_points': 9}, {'avg_silhouette': 0.6933220230911359, 'num_points': 19}, {'avg_silhouette': 0.36091534460384633, 'num_points': 162}, {'avg_silhouette': 0.41265037521443443, 'num_points': 35}, {'avg_silhouette': 0.5970133754846572, 'num_points': 21}, {'avg_silhouette': 0.7069685406953696, 'num_points': 8}, {'avg_silhouette': 0.7586458015598267, 'num_points': 13}, {'avg_silhouette': 0.6646948966271176, 'num_points': 10}, {'avg_silhouette': 0.8159712213349648, 'num_points': 16}, {'avg_silhouette': 0.28697386055814383, 'num_points': 45}, {'avg_silhouette': 0.4812284756325477, 'num_points': 7}, {'avg_silhouette': 0.4824127123325258, 'num_points': 34}, {'avg_silhouette': 0.6780495997948984, 'num_points': 8}, {'avg_silhouette': 0.6748485145639112, 'num_points': 10}, {'avg_silhouette': 0.6896379764580446, 'num_points': 10}, {'avg_silhouette': 0.5320476364569624, 'num_points': 27}, {'avg_silhouette': 0.6484806748427798, 'num_points': 5}, {'avg_silhouette': 0.7648149127701308, 'num_points': 6}, {'avg_silhouette': 0.49021793292212534, 'num_points': 32}, {'avg_silhouette': 0.6723311536435875, 'num_points': 5}, {'avg_silhouette': 0.5172604737215699, 'num_points': 12}, {'avg_silhouette': 0.615601642544323, 'num_points': 9}, {'avg_silhouette': 0.7557578240806038, 'num_points': 5}, {'avg_silhouette': 0.6497119872472682, 'num_points': 9}, {'avg_silhouette': 0.6312935795022665, 'num_points': 5}, {'avg_silhouette': 0.6659811981300457, 'num_points': 6}, {'avg_silhouette': 0.39504647510848395, 'num_points': 7}, {'avg_silhouette': 0.565769689954524, 'num_points': 5}, {'avg_silhouette': 0.6480759248780543, 'num_points': 5}, {'avg_silhouette': 0.901172213935731, 'num_points': 5}, {'avg_silhouette': 0.5178284121879428, 'num_points': 5}, {'avg_silhouette': 0.7819353704033175, 'num_points': 37}, {'avg_silhouette': 0.6730508162818092, 'num_points': 5}, {'avg_silhouette': 0.8146445771924755, 'num_points': 5}]",5.0,72,0.25179439275536475,,3,0.3535006282954855
AGGLC,ward,,"[{'avg_silhouette': -0.05202292155373109, 'num_points': 782}, {'avg_silhouette': 0.13907106169749528, 'num_points': 3180}, {'avg_silhouette': 0.19189809160117383, 'num_points': 822}, {'avg_silhouette': 0.48929550101060404, 'num_points': 2680}, {'avg_silhouette': 0.3326873557155124, 'num_points': 95}]",,5,0.25164989077134203,,4,0.19206043318888552
DBSCAN,,0.29727512683215807,"[{'avg_silhouette': 0.28847993925947474, 'num_points': 417}, {'avg_silhouette': 0.5427942328269367, 'num_points': 349}, {'avg_silhouette': 0.5250175992607753, 'num_points': 2135}, {'avg_silhouette': 0.42595386814777436, 'num_points': 54}, {'avg_silhouette': 0.5811743957477348, 'num_points': 235}, {'avg_silhouette': 0.2749991937640189, 'num_points': 1379}, {'avg_silhouette': 0.30777050253560545, 'num_points': 113}, {'avg_silhouette': 0.5541520431456333, 'num_points': 10}, {'avg_silhouette': 0.3298735438059333, 'num_points': 112}, {'avg_silhouette': 0.3790846178060915, 'num_points': 97}, {'avg_silhouette': 0.41772332001435303, 'num_points': 15}, {'avg_silhouette': 0.3011272800588683, 'num_points': 181}, {'avg_silhouette': 0.3563852124255567, 'num_points': 26}, {'avg_silhouette': 0.3255465176244487, 'num_points': 69}, {'avg_silhouette': 0.704537940465195, 'num_points': 32}, {'avg_silhouette': 0.3505897688479187, 'num_points': 19}, {'avg_silhouette': 0.5727019840391903, 'num_points': 32}, {'avg_silhouette': 0.593097717364052, 'num_points': 22}, {'avg_silhouette': 0.7875623745455211, 'num_points': 15}, {'avg_silhouette': 0.7860513914025768, 'num_points': 13}, {'avg_silhouette': 0.43329871175579104, 'num_points': 32}, {'avg_silhouette': 0.5456493145948189, 'num_points': 27}, {'avg_silhouette': 0.3942621796956713, 'num_points': 23}, {'avg_silhouette': 0.36358723049805675, 'num_points': 19}, {'avg_silhouette': 0.7332927285253102, 'num_points': 31}, {'avg_silhouette': 0.3324765172292358, 'num_points': 13}, {'avg_silhouette': 0.3573369992095382, 'num_points': 162}, {'avg_silhouette': 0.4131387026708267, 'num_points': 35}, {'avg_silhouette': 0.5969855682351678, 'num_points': 21}, {'avg_silhouette': 0.7811184392866755, 'num_points': 19}, {'avg_silhouette': 0.7705005242297392, 'num_points': 12}, {'avg_silhouette': 0.6652123042043929, 'num_points': 10}, {'avg_silhouette': 0.8159603183440545, 'num_points': 16}, {'avg_silhouette': 0.32150956361085975, 'num_points': 42}, {'avg_silhouette': 0.5870296102634408, 'num_points': 34}, {'avg_silhouette': 0.8426370112052043, 'num_points': 10}, {'avg_silhouette': 0.5498134894221925, 'num_points': 26}, {'avg_silhouette': 0.7377767342218686, 'num_points': 31}, {'avg_silhouette': 0.7840410237692514, 'num_points': 10}, {'avg_silhouette': 0.5458222945464992, 'num_points': 11}, {'avg_silhouette': 0.5975284014616689, 'num_points': 20}, {'avg_silhouette': 0.5149270827017463, 'num_points': 12}, {'avg_silhouette': 0.891558889248831, 'num_points': 37}]",10.0,43,0.24721953330002897,,3,0.3628322440947563
DBSCAN,,0.27727512683215805,"[{'avg_silhouette': 0.29495303842568715, 'num_points': 409}, {'avg_silhouette': 0.545019356563863, 'num_points': 346}, {'avg_silhouette': 0.49006531192546904, 'num_points': 2133}, {'avg_silhouette': 0.43424823746802094, 'num_points': 53}, {'avg_silhouette': 0.4097378674462126, 'num_points': 232}, {'avg_silhouette': 0.28115509957892887, 'num_points': 1368}, {'avg_silhouette': 0.30083433189242503, 'num_points': 111}, {'avg_silhouette': 0.5675525474574333, 'num_points': 9}, {'avg_silhouette': 0.2814521945313092, 'num_points': 109}, {'avg_silhouette': 0.5413801219988178, 'num_points': 6}, {'avg_silhouette': 0.5987061464879131, 'num_points': 20}, {'avg_silhouette': 0.4982464370280873, 'num_points': 14}, {'avg_silhouette': 0.3639866736024658, 'num_points': 25}, {'avg_silhouette': 0.386000252151436, 'num_points': 95}, {'avg_silhouette': 0.4840976416060192, 'num_points': 13}, {'avg_silhouette': 0.3070425532924541, 'num_points': 178}, {'avg_silhouette': 0.41856761663516695, 'num_points': 32}, {'avg_silhouette': 0.8371038136646122, 'num_points': 6}, {'avg_silhouette': 0.5747841721850646, 'num_points': 5}, {'avg_silhouette': 0.5590195155362662, 'num_points': 5}, {'avg_silhouette': 0.7075892103185809, 'num_points': 5}, {'avg_silhouette': 0.31594176971058424, 'num_points': 68}, {'avg_silhouette': 0.7171619368317227, 'num_points': 30}, {'avg_silhouette': 0.34934242100737956, 'num_points': 19}, {'avg_silhouette': 0.44343997847781436, 'num_points': 32}, {'avg_silhouette': 0.610068458889337, 'num_points': 12}, {'avg_silhouette': 0.5772167265849274, 'num_points': 7}, {'avg_silhouette': 0.28265257778850944, 'num_points': 14}, {'avg_silhouette': 0.46563143324014816, 'num_points': 8}, {'avg_silhouette': 0.597701127234849, 'num_points': 21}, {'avg_silhouette': 0.5330718827578673, 'num_points': 8}, {'avg_silhouette': 0.8340168332350639, 'num_points': 13}, {'avg_silhouette': 0.5658436056084613, 'num_points': 25}, {'avg_silhouette': 0.40792314835131155, 'num_points': 22}, {'avg_silhouette': 0.3673005229462231, 'num_points': 19}, {'avg_silhouette': 0.6248979598965788, 'num_points': 30}, {'avg_silhouette': 0.5498480648955006, 'num_points': 10}, {'avg_silhouette': 0.5080399314104246, 'num_points': 9}, {'avg_silhouette': 0.6912310563170535, 'num_points': 19}, {'avg_silhouette': 0.3664385744814983, 'num_points': 160}, {'avg_silhouette': 0.4114804450144296, 'num_points': 35}, {'avg_silhouette': 0.5963379714613253, 'num_points': 21}, {'avg_silhouette': 0.7052232892188164, 'num_points': 8}, {'avg_silhouette': 0.7711463633301588, 'num_points': 12}, {'avg_silhouette': 0.6642101739697035, 'num_points': 10}, {'avg_silhouette': 0.8159376204442021, 'num_points': 16}, {'avg_silhouette': 0.28697386055814383, 'num_points': 45}, {'avg_silhouette': 0.4812002627322742, 'num_points': 7}, {'avg_silhouette': 0.4971479248671742, 'num_points': 33}, {'avg_silhouette': 0.6764539444881369, 'num_points': 8}, {'avg_silhouette': 0.6748485145639112, 'num_points': 10}, {'avg_silhouette': 0.6896379764580446, 'num_points': 10}, {'avg_silhouette': 0.5489133201045205, 'num_points': 26}, {'avg_silhouette': 0.6484806748427798, 'num_points': 5}, {'avg_silhouette': 0.7647722431234496, 'num_points': 6}, {'avg_silhouette': 0.5006879275740708, 'num_points': 31}, {'avg_silhouette': 0.6713393028802482, 'num_points': 5}, {'avg_silhouette': 0.5170482485126642, 'num_points': 12}, {'avg_silhouette': 0.6143077182718819, 'num_points': 9}, {'avg_silhouette': 0.6898318655863029, 'num_points': 8}, {'avg_silhouette': 0.6768700470964708, 'num_points': 5}, {'avg_silhouette': 0.4647871841287882, 'num_points': 5}, {'avg_silhouette': 0.7557578240806038, 'num_points': 5}, {'avg_silhouette': 0.6301116590455987, 'num_points': 5}, {'avg_silhouette': 0.6476255358255358, 'num_points': 5}, {'avg_silhouette': 0.901172069461522, 'num_points': 5}, {'avg_silhouette': 0.516265227537998, 'num_points': 5}, {'avg_silhouette': 0.7819353704033175, 'num_points': 37}, {'avg_silhouette': 0.8146445771924755, 'num_points': 5}, {'avg_silhouette': 0.6730508162818092, 'num_points': 5}]",5.0,70,0.24522456891996322,,3,0.355391149976695
K-means,,,"[{'avg_silhouette': 0.35924261457418505, 'num_points': 75}, {'avg_silhouette': 0.3881072478099196, 'num_points': 2218}, {'avg_silhouette': 0.15956904286564874, 'num_points': 583}, {'avg_silhouette': 0.3899304302647744, 'num_points': 458}, {'avg_silhouette': 0.21208478232379865, 'num_points': 1131}, {'avg_silhouette': 0.1078264980158377, 'num_points': 306}, {'avg_silhouette': 0.26657152645026005, 'num_points': 91}, {'avg_silhouette': 0.3666746433411132, 'num_points': 70}, {'avg_silhouette': 0.0015595104682316634, 'num_points': 94}, {'avg_silhouette': 0.29964368184778056, 'num_points': 61}, {'avg_silhouette': 0.18889439062257635, 'num_points': 261}, {'avg_silhouette': 0.12914943601796425, 'num_points': 215}, {'avg_silhouette': 0.17317277753141802, 'num_points': 429}, {'avg_silhouette': 0.3120807293788615, 'num_points': 91}, {'avg_silhouette': 0.2511494668142452, 'num_points': 329}, {'avg_silhouette': 0.27847015528679897, 'num_points': 71}, {'avg_silhouette': -0.0066689474377209556, 'num_points': 152}, {'avg_silhouette': 0.1118674835060865, 'num_points': 708}, {'avg_silhouette': -0.115641464242462, 'num_points': 142}, {'avg_silhouette': 0.09312750788233166, 'num_points': 74}]",,20,0.2449282027671313,,6,0.23912196071694095
DBSCAN,,0.5172751268321583,"[{'avg_silhouette': 0.275987093753483, 'num_points': 6447}, {'avg_silhouette': 0.3552384117486537, 'num_points': 14}, {'avg_silhouette': 0.4976367077711936, 'num_points': 13}, {'avg_silhouette': 0.43717764954200455, 'num_points': 50}, {'avg_silhouette': 0.38121987799904, 'num_points': 38}, {'avg_silhouette': 0.8525111268275866, 'num_points': 6}, {'avg_silhouette': 0.637565312251023, 'num_points': 23}, {'avg_silhouette': 0.3245353130248336, 'num_points': 29}, {'avg_silhouette': 0.4098194333209111, 'num_points': 16}, {'avg_silhouette': 0.4174205034174978, 'num_points': 40}, {'avg_silhouette': 0.30536283083495125, 'num_points': 5}, {'avg_silhouette': 0.7132378249513361, 'num_points': 17}, {'avg_silhouette': 0.5701415979890553, 'num_points': 12}, {'avg_silhouette': 0.6008355044879411, 'num_points': 24}, {'avg_silhouette': 0.5508039894750109, 'num_points': 9}, {'avg_silhouette': 0.4748397798459731, 'num_points': 5}, {'avg_silhouette': 0.8125912775549754, 'num_points': 17}, {'avg_silhouette': 0.5708486381424277, 'num_points': 7}, {'avg_silhouette': 0.3068053194276227, 'num_points': 18}, {'avg_silhouette': 0.6381934850257727, 'num_points': 17}, {'avg_silhouette': 0.6456865901551789, 'num_points': 9}, {'avg_silhouette': 0.36173162010714627, 'num_points': 52}, {'avg_silhouette': 0.7501945130989223, 'num_points': 5}, {'avg_silhouette': 0.41245554231636483, 'num_points': 14}, {'avg_silhouette': 0.3117256002995475, 'num_points': 6}, {'avg_silhouette': 0.9064680641015753, 'num_points': 5}, {'avg_silhouette': 0.7074152887345688, 'num_points': 55}]",5.0,27,0.24216199209883196,,1,
K-means,,,"[{'avg_silhouette': 0.2735251609676234, 'num_points': 4153}, {'avg_silhouette': 0.20222110353056638, 'num_points': 3406}]",,2,0.24139635826480346,,2,0.2378731322490949
AGGLC,ward,,"[{'avg_silhouette': 0.11555371693874927, 'num_points': 3275}, {'avg_silhouette': -0.0483696995967912, 'num_points': 782}, {'avg_silhouette': 0.19277466975946164, 'num_points': 822}, {'avg_silhouette': 0.49069322775940083, 'num_points': 2680}]",,4,0.23999628877195198,,4,0.18766297871520515
K-means,,,"[{'avg_silhouette': 0.317787221065239, 'num_points': 61}, {'avg_silhouette': 0.05068435630981245, 'num_points': 318}, {'avg_silhouette': 0.17251474628976524, 'num_points': 675}, {'avg_silhouette': 0.18466866363051626, 'num_points': 2125}, {'avg_silhouette': -0.12927555264567633, 'num_points': 264}, {'avg_silhouette': 0.035035092643258194, 'num_points': 102}, {'avg_silhouette': 0.4506837183635237, 'num_points': 29}, {'avg_silhouette': 0.14702234485002633, 'num_points': 495}, {'avg_silhouette': 0.5715927893267422, 'num_points': 62}, {'avg_silhouette': 0.4038011563155237, 'num_points': 2241}, {'avg_silhouette': 0.23281444272428733, 'num_points': 794}, {'avg_silhouette': 0.1295672169725107, 'num_points': 297}, {'avg_silhouette': 0.30259742762309644, 'num_points': 96}]",,13,0.23712188915114185,,5,0.22816427076202378
DBSCAN,,0.28727512683215806,"[{'avg_silhouette': 0.282229897177244, 'num_points': 413}, {'avg_silhouette': 0.5461072930161813, 'num_points': 347}, {'avg_silhouette': 0.5129452676687087, 'num_points': 2133}, {'avg_silhouette': 0.4251789014348048, 'num_points': 54}, {'avg_silhouette': 0.5878328408063394, 'num_points': 233}, {'avg_silhouette': 0.27195159595991, 'num_points': 1370}, {'avg_silhouette': 0.314842791909279, 'num_points': 111}, {'avg_silhouette': 0.3330826846452967, 'num_points': 111}, {'avg_silhouette': 0.3781616835390754, 'num_points': 97}, {'avg_silhouette': 0.5783291634354424, 'num_points': 13}, {'avg_silhouette': 0.310939680676387, 'num_points': 177}, {'avg_silhouette': 0.37559963058832324, 'num_points': 23}, {'avg_silhouette': 0.3238815503707035, 'num_points': 69}, {'avg_silhouette': 0.7235285005651493, 'num_points': 29}, {'avg_silhouette': 0.36902707743009666, 'num_points': 18}, {'avg_silhouette': 0.5715156770824732, 'num_points': 32}, {'avg_silhouette': 0.5926333837533971, 'num_points': 22}, {'avg_silhouette': 0.7873864713493622, 'num_points': 15}, {'avg_silhouette': 0.8133395900314446, 'num_points': 12}, {'avg_silhouette': 0.4617411811101385, 'num_points': 29}, {'avg_silhouette': 0.5554227318073631, 'num_points': 26}, {'avg_silhouette': 0.44612910360461033, 'num_points': 21}, {'avg_silhouette': 0.7555145318548939, 'num_points': 28}, {'avg_silhouette': 0.45560521762268785, 'num_points': 14}, {'avg_silhouette': 0.35247459644554724, 'num_points': 161}, {'avg_silhouette': 0.4328219025637062, 'num_points': 33}, {'avg_silhouette': 0.5965207401468086, 'num_points': 21}, {'avg_silhouette': 0.7810054577160986, 'num_points': 19}, {'avg_silhouette': 0.7868597314326871, 'num_points': 11}, {'avg_silhouette': 0.6645231146539803, 'num_points': 10}, {'avg_silhouette': 0.8159311484667995, 'num_points': 16}, {'avg_silhouette': 0.3551320079337583, 'num_points': 40}, {'avg_silhouette': 0.5861131265886496, 'num_points': 34}, {'avg_silhouette': 0.8424941264154491, 'num_points': 10}, {'avg_silhouette': 0.5677096476702346, 'num_points': 24}, {'avg_silhouette': 0.7376217925149429, 'num_points': 31}, {'avg_silhouette': 0.5456614631878662, 'num_points': 11}, {'avg_silhouette': 0.5958020968864373, 'num_points': 20}, {'avg_silhouette': 0.5412002594203699, 'num_points': 10}, {'avg_silhouette': 0.8915415871615875, 'num_points': 37}]",10.0,40,0.23365879703624712,,3,0.35570892026862094
DBSCAN,,0.26727512683215804,"[{'avg_silhouette': 0.24115194100484208, 'num_points': 408}, {'avg_silhouette': 0.5499011224648279, 'num_points': 343}, {'avg_silhouette': 0.4925597733381146, 'num_points': 2128}, {'avg_silhouette': 0.43424823746802094, 'num_points': 53}, {'avg_silhouette': 0.41430752573109186, 'num_points': 231}, {'avg_silhouette': 0.27739466181561523, 'num_points': 1354}, {'avg_silhouette': 0.3027945539511905, 'num_points': 110}, {'avg_silhouette': 0.5727508188954538, 'num_points': 9}, {'avg_silhouette': 0.2814521945313092, 'num_points': 109}, {'avg_silhouette': 0.5428076129096371, 'num_points': 12}, {'avg_silhouette': 0.3949844331691848, 'num_points': 23}, {'avg_silhouette': 0.38984287898655706, 'num_points': 94}, {'avg_silhouette': 0.4840976416060192, 'num_points': 13}, {'avg_silhouette': 0.313621118741846, 'num_points': 174}, {'avg_silhouette': 0.4168057695951625, 'num_points': 32}, {'avg_silhouette': 0.8371038136646122, 'num_points': 6}, {'avg_silhouette': 0.5742176620118382, 'num_points': 5}, {'avg_silhouette': 0.7075892103185809, 'num_points': 5}, {'avg_silhouette': 0.32089192635966, 'num_points': 65}, {'avg_silhouette': 0.7291526507352305, 'num_points': 28}, {'avg_silhouette': 0.34898578777515177, 'num_points': 19}, {'avg_silhouette': 0.4535694354913286, 'num_points': 31}, {'avg_silhouette': 0.610068458889337, 'num_points': 12}, {'avg_silhouette': 0.5772167265849274, 'num_points': 7}, {'avg_silhouette': 0.28265257778850944, 'num_points': 14}, {'avg_silhouette': 0.5031490427258575, 'num_points': 7}, {'avg_silhouette': 0.6323991843616517, 'num_points': 19}, {'avg_silhouette': 0.5322446829724199, 'num_points': 8}, {'avg_silhouette': 0.8339635434557766, 'num_points': 13}, {'avg_silhouette': 0.5737516796661537, 'num_points': 24}, {'avg_silhouette': 0.44150851723416873, 'num_points': 21}, {'avg_silhouette': 0.37986698211702163, 'num_points': 7}, {'avg_silhouette': 0.6485078266500555, 'num_points': 28}, {'avg_silhouette': 0.5492688677188808, 'num_points': 10}, {'avg_silhouette': 0.3947246219132457, 'num_points': 12}, {'avg_silhouette': 0.6598796875867879, 'num_points': 9}, {'avg_silhouette': 0.7808286576819222, 'num_points': 19}, {'avg_silhouette': 0.37974101697794677, 'num_points': 155}, {'avg_silhouette': 0.5590195155362662, 'num_points': 5}, {'avg_silhouette': 0.416866545367718, 'num_points': 34}, {'avg_silhouette': 0.5958814482496186, 'num_points': 21}, {'avg_silhouette': 0.7006509861743995, 'num_points': 8}, {'avg_silhouette': 0.7710832269784526, 'num_points': 12}, {'avg_silhouette': 0.6620684301159553, 'num_points': 10}, {'avg_silhouette': 0.8158849773688739, 'num_points': 16}, {'avg_silhouette': 0.26061358392343864, 'num_points': 39}, {'avg_silhouette': 0.4802591032568855, 'num_points': 33}, {'avg_silhouette': 0.6754373714009236, 'num_points': 8}, {'avg_silhouette': 0.6748485145639112, 'num_points': 10}, {'avg_silhouette': 0.6896379764580446, 'num_points': 10}, {'avg_silhouette': 0.5480384541384417, 'num_points': 26}, {'avg_silhouette': 0.6484806748427798, 'num_points': 5}, {'avg_silhouette': 0.5524848234007689, 'num_points': 26}, {'avg_silhouette': 0.6655251649925059, 'num_points': 5}, {'avg_silhouette': 0.5167061118378907, 'num_points': 12}, {'avg_silhouette': 0.6143077182718819, 'num_points': 9}, {'avg_silhouette': 0.6853224690148589, 'num_points': 8}, {'avg_silhouette': 0.5686489511346478, 'num_points': 5}, {'avg_silhouette': 0.46437517850022225, 'num_points': 5}, {'avg_silhouette': 0.7557578240806038, 'num_points': 5}, {'avg_silhouette': 0.6238612505715417, 'num_points': 5}, {'avg_silhouette': 0.6468073424732477, 'num_points': 5}, {'avg_silhouette': 0.5946746159380832, 'num_points': 20}, {'avg_silhouette': 0.9008566663178911, 'num_points': 5}, {'avg_silhouette': 0.7819353704033175, 'num_points': 37}, {'avg_silhouette': 0.8146445771924755, 'num_points': 5}, {'avg_silhouette': 0.5150594208349275, 'num_points': 5}]",5.0,67,0.23349768143971572,,3,0.33703545871952395
K-means,,,"[{'avg_silhouette': 0.09552038938675969, 'num_points': 458}, {'avg_silhouette': 0.4577266314574326, 'num_points': 1960}, {'avg_silhouette': 0.12669913029888813, 'num_points': 700}, {'avg_silhouette': -0.13211479935075882, 'num_points': 309}, {'avg_silhouette': -0.0623856053430702, 'num_points': 448}, {'avg_silhouette': 0.2777150612727726, 'num_points': 71}, {'avg_silhouette': 0.34905092610499944, 'num_points': 465}, {'avg_silhouette': 0.16062319908784548, 'num_points': 394}, {'avg_silhouette': 0.3734411518371868, 'num_points': 70}, {'avg_silhouette': 0.22546100436224345, 'num_points': 270}, {'avg_silhouette': 0.30703548955681254, 'num_points': 92}, {'avg_silhouette': 0.5622217755732517, 'num_points': 62}, {'avg_silhouette': 0.23131671144634797, 'num_points': 340}, {'avg_silhouette': 0.36869092023302374, 'num_points': 74}, {'avg_silhouette': 0.17024161357054343, 'num_points': 1339}, {'avg_silhouette': 0.20455073471800456, 'num_points': 13}, {'avg_silhouette': 0.5693776233988633, 'num_points': 21}, {'avg_silhouette': 0.11446947586760212, 'num_points': 242}, {'avg_silhouette': -0.0332243458473051, 'num_points': 98}, {'avg_silhouette': 0.36652746458422386, 'num_points': 40}, {'avg_silhouette': 0.4033744947218721, 'num_points': 30}, {'avg_silhouette': 0.09093032181048497, 'num_points': 63}]",,22,0.23305715723528309,,7,0.18535375493762835
K-means,,,"[{'avg_silhouette': -0.007371632198368718, 'num_points': 1126}, {'avg_silhouette': 0.0796105925012368, 'num_points': 145}, {'avg_silhouette': 0.23210035488268466, 'num_points': 2235}, {'avg_silhouette': 0.3153125756198968, 'num_points': 3534}, {'avg_silhouette': 0.18495501560543265, 'num_points': 519}]",,5,0.22916968733431028,,4,0.18124907847741134
DBSCAN,,0.27727512683215805,"[{'avg_silhouette': 0.2854105747700847, 'num_points': 407}, {'avg_silhouette': 0.5524181607480493, 'num_points': 343}, {'avg_silhouette': 0.5149592988905137, 'num_points': 2129}, {'avg_silhouette': 0.4338363655127139, 'num_points': 53}, {'avg_silhouette': 0.5925818081570899, 'num_points': 231}, {'avg_silhouette': 0.2745421347123595, 'num_points': 1362}, {'avg_silhouette': 0.3303072507723624, 'num_points': 107}, {'avg_silhouette': 0.3393020828226561, 'num_points': 108}, {'avg_silhouette': 0.38345287643778025, 'num_points': 94}, {'avg_silhouette': 0.32107430512740504, 'num_points': 173}, {'avg_silhouette': 0.37468250583067, 'num_points': 23}, {'avg_silhouette': 0.3256913484382598, 'num_points': 67}, {'avg_silhouette': 0.7234996073878995, 'num_points': 29}, {'avg_silhouette': 0.3816822081325439, 'num_points': 17}, {'avg_silhouette': 0.5832419087815229, 'num_points': 31}, {'avg_silhouette': 0.6073392207555495, 'num_points': 21}, {'avg_silhouette': 0.8339412266147518, 'num_points': 13}, {'avg_silhouette': 0.8391439133555696, 'num_points': 11}, {'avg_silhouette': 0.4799610536359004, 'num_points': 26}, {'avg_silhouette': 0.5657985036756028, 'num_points': 25}, {'avg_silhouette': 0.6042712329045855, 'num_points': 12}, {'avg_silhouette': 0.44571391284779455, 'num_points': 21}, {'avg_silhouette': 0.46622987809559596, 'num_points': 13}, {'avg_silhouette': 0.36169427406951904, 'num_points': 159}, {'avg_silhouette': 0.4311388921646044, 'num_points': 33}, {'avg_silhouette': 0.5958561950925914, 'num_points': 21}, {'avg_silhouette': 0.7808918291322043, 'num_points': 19}, {'avg_silhouette': 0.7868185897194003, 'num_points': 11}, {'avg_silhouette': 0.663515465154435, 'num_points': 10}, {'avg_silhouette': 0.8158938518074432, 'num_points': 16}, {'avg_silhouette': 0.366168876111738, 'num_points': 39}, {'avg_silhouette': 0.5945004513693164, 'num_points': 33}, {'avg_silhouette': 0.8422031487326788, 'num_points': 10}, {'avg_silhouette': 0.7553947508075263, 'num_points': 28}, {'avg_silhouette': 0.5819477979612964, 'num_points': 23}, {'avg_silhouette': 0.7443847058284315, 'num_points': 30}, {'avg_silhouette': 0.7773006743225752, 'num_points': 20}, {'avg_silhouette': 0.8915185858799554, 'num_points': 37}]",10.0,38,0.2274856864185407,,3,0.358304002790986
AGGLC,ward,,"[{'avg_silhouette': 0.2950514023673231, 'num_points': 3462}, {'avg_silhouette': 0.15189893064927942, 'num_points': 3275}, {'avg_silhouette': 0.23826685782981366, 'num_points': 822}]",,3,0.22685438682473466,,3,0.22840573028213873
DBSCAN,,0.26727512683215804,"[{'avg_silhouette': 0.35101771491122813, 'num_points': 405}, {'avg_silhouette': 0.554868501151797, 'num_points': 341}, {'avg_silhouette': 0.5194022297158472, 'num_points': 2121}, {'avg_silhouette': 0.4418580961439454, 'num_points': 52}, {'avg_silhouette': 0.5993894174224167, 'num_points': 229}, {'avg_silhouette': 0.26422241600630797, 'num_points': 1346}, {'avg_silhouette': 0.3490129198652094, 'num_points': 100}, {'avg_silhouette': 0.3355785238618744, 'num_points': 108}, {'avg_silhouette': 0.3781368239766897, 'num_points': 91}, {'avg_silhouette': 0.3381090505035817, 'num_points': 165}, {'avg_silhouette': 0.45987225924702696, 'num_points': 17}, {'avg_silhouette': 0.33628818987522663, 'num_points': 60}, {'avg_silhouette': 0.7504739995944447, 'num_points': 26}, {'avg_silhouette': 0.6280066290648532, 'num_points': 27}, {'avg_silhouette': 0.6418235087187638, 'num_points': 19}, {'avg_silhouette': 0.4363499538173254, 'num_points': 11}, {'avg_silhouette': 0.5016611921204501, 'num_points': 22}, {'avg_silhouette': 0.5737496793002993, 'num_points': 24}, {'avg_silhouette': 0.8390002371197031, 'num_points': 11}, {'avg_silhouette': 0.60840956807535, 'num_points': 11}, {'avg_silhouette': 0.4448357138017683, 'num_points': 21}, {'avg_silhouette': 0.37212871364070793, 'num_points': 154}, {'avg_silhouette': 0.4408602816596919, 'num_points': 32}, {'avg_silhouette': 0.5956026085873128, 'num_points': 21}, {'avg_silhouette': 0.8195287663126386, 'num_points': 15}, {'avg_silhouette': 0.6618403685985494, 'num_points': 10}, {'avg_silhouette': 0.8368438268934711, 'num_points': 15}, {'avg_silhouette': 0.43449595247294137, 'num_points': 35}, {'avg_silhouette': 0.616294791700159, 'num_points': 31}, {'avg_silhouette': 0.8419719327322321, 'num_points': 10}, {'avg_silhouette': 0.7595908954995091, 'num_points': 27}, {'avg_silhouette': 0.5900345848815465, 'num_points': 22}, {'avg_silhouette': 0.7688346371924103, 'num_points': 26}, {'avg_silhouette': 0.7771371094521224, 'num_points': 20}, {'avg_silhouette': 0.8338532491847789, 'num_points': 13}, {'avg_silhouette': 0.8914736277825337, 'num_points': 37}]",10.0,36,0.21657468163263766,,3,0.37821412021112777
DBSCAN,,0.25727512683215803,"[{'avg_silhouette': 0.16815347175970943, 'num_points': 396}, {'avg_silhouette': 0.5406187836761258, 'num_points': 337}, {'avg_silhouette': 0.4910651355340934, 'num_points': 2126}, {'avg_silhouette': 0.31857340963747005, 'num_points': 44}, {'avg_silhouette': 0.4270014277943051, 'num_points': 228}, {'avg_silhouette': 0.2774474680098998, 'num_points': 1345}, {'avg_silhouette': 0.2155231839755543, 'num_points': 102}, {'avg_silhouette': 0.6276144087553858, 'num_points': 7}, {'avg_silhouette': 0.28331768446511096, 'num_points': 106}, {'avg_silhouette': 0.5390025603077929, 'num_points': 12}, {'avg_silhouette': 0.4023382638543902, 'num_points': 22}, {'avg_silhouette': 0.40610795135498584, 'num_points': 90}, {'avg_silhouette': 0.4842393836264497, 'num_points': 13}, {'avg_silhouette': 0.31669393900603976, 'num_points': 172}, {'avg_silhouette': 0.11425687981603275, 'num_points': 25}, {'avg_silhouette': 0.8752428567043349, 'num_points': 5}, {'avg_silhouette': 0.5740006889243565, 'num_points': 5}, {'avg_silhouette': 0.7032004584159116, 'num_points': 5}, {'avg_silhouette': 0.32683828779207547, 'num_points': 62}, {'avg_silhouette': 0.7393333607050147, 'num_points': 26}, {'avg_silhouette': 0.34308387974228516, 'num_points': 19}, {'avg_silhouette': 0.5070610153596996, 'num_points': 27}, {'avg_silhouette': 0.637087090237482, 'num_points': 11}, {'avg_silhouette': 0.3465399480442047, 'num_points': 6}, {'avg_silhouette': 0.614101774459212, 'num_points': 6}, {'avg_silhouette': 0.30865591541614645, 'num_points': 12}, {'avg_silhouette': 0.5900284186095085, 'num_points': 6}, {'avg_silhouette': 0.6740599683717313, 'num_points': 17}, {'avg_silhouette': 0.8338138339701779, 'num_points': 13}, {'avg_silhouette': 0.5207891434477953, 'num_points': 8}, {'avg_silhouette': 0.5701151846962068, 'num_points': 24}, {'avg_silhouette': 0.4765718029222694, 'num_points': 19}, {'avg_silhouette': 0.36130365901702816, 'num_points': 7}, {'avg_silhouette': 0.6485078266500555, 'num_points': 28}, {'avg_silhouette': 0.3755976177777654, 'num_points': 9}, {'avg_silhouette': 0.7687177082943049, 'num_points': 5}, {'avg_silhouette': 0.5094891955534382, 'num_points': 9}, {'avg_silhouette': 0.7578181336777458, 'num_points': 7}, {'avg_silhouette': 0.3764607976817166, 'num_points': 155}, {'avg_silhouette': 0.5559659978364049, 'num_points': 5}, {'avg_silhouette': 0.42750893274769336, 'num_points': 33}, {'avg_silhouette': 0.4208124747999922, 'num_points': 15}, {'avg_silhouette': 0.4826180683423186, 'num_points': 13}, {'avg_silhouette': 0.443026921948282, 'num_points': 6}, {'avg_silhouette': 0.6981352305294944, 'num_points': 8}, {'avg_silhouette': 0.8014302266288691, 'num_points': 10}, {'avg_silhouette': 0.6620684301159553, 'num_points': 10}, {'avg_silhouette': 0.853955657233983, 'num_points': 14}, {'avg_silhouette': 0.2564825804789081, 'num_points': 39}, {'avg_silhouette': 0.5376535914558199, 'num_points': 29}, {'avg_silhouette': 0.6746931282805955, 'num_points': 8}, {'avg_silhouette': 0.7338517424259297, 'num_points': 8}, {'avg_silhouette': 0.6896379764580446, 'num_points': 10}, {'avg_silhouette': 0.6128975819667283, 'num_points': 20}, {'avg_silhouette': 0.6484806748427798, 'num_points': 5}, {'avg_silhouette': 0.5524848234007689, 'num_points': 26}, {'avg_silhouette': 0.5449088595021946, 'num_points': 11}, {'avg_silhouette': 0.608971930425009, 'num_points': 9}, {'avg_silhouette': 0.6853224690148589, 'num_points': 8}, {'avg_silhouette': 0.42561039579330573, 'num_points': 6}, {'avg_silhouette': 0.5646168185536592, 'num_points': 5}, {'avg_silhouette': 0.45686454970251467, 'num_points': 5}, {'avg_silhouette': 0.6655251649925059, 'num_points': 5}, {'avg_silhouette': 0.3630242128051868, 'num_points': 6}, {'avg_silhouette': 0.32397365313418874, 'num_points': 6}, {'avg_silhouette': 0.7518429402640386, 'num_points': 5}, {'avg_silhouette': 0.6238612505715417, 'num_points': 5}, {'avg_silhouette': 0.6463569389871278, 'num_points': 5}, {'avg_silhouette': 0.6378682925297006, 'num_points': 19}, {'avg_silhouette': 0.9008566663178911, 'num_points': 5}, {'avg_silhouette': 0.7819353704033175, 'num_points': 37}, {'avg_silhouette': 0.8146445771924755, 'num_points': 5}, {'avg_silhouette': 0.5113146514801349, 'num_points': 5}]",5.0,73,0.21362073541704318,,3,0.3122220251012342
AGGLC,ward,,"[{'avg_silhouette': 0.24228373632162026, 'num_points': 4284}, {'avg_silhouette': 0.1757374484898073, 'num_points': 3275}]",,2,0.2134520002918296,,2,0.2090105924057138
HDBSCAN,,,"[{'avg_silhouette': 0.5497425237063216, 'num_points': 348}, {'avg_silhouette': 0.5906702295067787, 'num_points': 235}, {'avg_silhouette': 0.37641527880856746, 'num_points': 1857}, {'avg_silhouette': 0.6252478424167541, 'num_points': 2246}]",,4,0.21066489397869778,212.0,2,0.5008315606126608
HDBSCAN,,,"[{'avg_silhouette': 0.4190121968448259, 'num_points': 576}, {'avg_silhouette': 0.3783638871449494, 'num_points': 1848}, {'avg_silhouette': 0.6558004956808442, 'num_points': 2245}]",,3,0.2092918794432683,232.0,3,0.4843921932235398
DBSCAN,,0.25727512683215803,"[{'avg_silhouette': 0.35621064683703013, 'num_points': 395}, {'avg_silhouette': 0.5619803524065069, 'num_points': 335}, {'avg_silhouette': 0.5160255759929644, 'num_points': 2120}, {'avg_silhouette': 0.48677321273943636, 'num_points': 44}, {'avg_silhouette': 0.6055077924004173, 'num_points': 227}, {'avg_silhouette': 0.2587528202350635, 'num_points': 1324}, {'avg_silhouette': 0.35048708880235524, 'num_points': 99}, {'avg_silhouette': 0.3427315451974178, 'num_points': 105}, {'avg_silhouette': 0.4142157751684277, 'num_points': 82}, {'avg_silhouette': 0.34382741509742504, 'num_points': 159}, {'avg_silhouette': 0.4879008715163616, 'num_points': 14}, {'avg_silhouette': 0.3495532519125349, 'num_points': 56}, {'avg_silhouette': 0.7687016397902278, 'num_points': 23}, {'avg_silhouette': 0.6373432582962348, 'num_points': 26}, {'avg_silhouette': 0.682702407340532, 'num_points': 17}, {'avg_silhouette': 0.4364849874576088, 'num_points': 10}, {'avg_silhouette': 0.5421188982296451, 'num_points': 18}, {'avg_silhouette': 0.5701151846962068, 'num_points': 24}, {'avg_silhouette': 0.8591652312902411, 'num_points': 10}, {'avg_silhouette': 0.4803191596590862, 'num_points': 19}, {'avg_silhouette': 0.37774456247872296, 'num_points': 149}, {'avg_silhouette': 0.43952882213483685, 'num_points': 32}, {'avg_silhouette': 0.6833814120717542, 'num_points': 15}, {'avg_silhouette': 0.8474324891476841, 'num_points': 13}, {'avg_silhouette': 0.6611008228931093, 'num_points': 10}, {'avg_silhouette': 0.8539075270886156, 'num_points': 14}, {'avg_silhouette': 0.5205721049308513, 'num_points': 25}, {'avg_silhouette': 0.6380623786271917, 'num_points': 29}, {'avg_silhouette': 0.8418714309390877, 'num_points': 10}, {'avg_silhouette': 0.7593952457276989, 'num_points': 27}, {'avg_silhouette': 0.648579662286099, 'num_points': 18}, {'avg_silhouette': 0.7686177622394074, 'num_points': 26}, {'avg_silhouette': 0.82226046804491, 'num_points': 17}, {'avg_silhouette': 0.83376394139801, 'num_points': 13}, {'avg_silhouette': 0.6069510918444547, 'num_points': 11}, {'avg_silhouette': 0.8914674420640757, 'num_points': 37}]",10.0,36,0.20124288529765078,,3,0.37699634768835266
HDBSCAN,,,"[{'avg_silhouette': 0.4527231116947971, 'num_points': 478}, {'avg_silhouette': 0.3800233024072642, 'num_points': 1838}, {'avg_silhouette': 0.6500702312539376, 'num_points': 2238}]",,3,0.19598633733953796,251.0,3,0.4942722151186663
HDBSCAN,,,"[{'avg_silhouette': 0.5042750219469083, 'num_points': 404}, {'avg_silhouette': 0.38144845855361637, 'num_points': 1831}, {'avg_silhouette': 0.6399279897729316, 'num_points': 2237}]",,3,0.18659755236350864,270.0,3,0.5085504900911522
DBSCAN,,0.5072751268321583,"[{'avg_silhouette': 0.22509325553231363, 'num_points': 6306}, {'avg_silhouette': 0.5471780143867745, 'num_points': 12}, {'avg_silhouette': 0.6821317252176264, 'num_points': 41}, {'avg_silhouette': 0.37545941212263445, 'num_points': 14}, {'avg_silhouette': 0.39061333355146405, 'num_points': 37}, {'avg_silhouette': 0.4671346551411358, 'num_points': 50}, {'avg_silhouette': 0.41406825528896857, 'num_points': 15}, {'avg_silhouette': 0.6638480170790789, 'num_points': 40}, {'avg_silhouette': 0.32487923632447196, 'num_points': 28}, {'avg_silhouette': 0.6907497945547189, 'num_points': 20}, {'avg_silhouette': 0.7121773184942004, 'num_points': 17}, {'avg_silhouette': 0.7364343988397658, 'num_points': 24}, {'avg_silhouette': 0.8118304414373901, 'num_points': 17}, {'avg_silhouette': 0.7311242878819013, 'num_points': 12}, {'avg_silhouette': 0.7602274652138915, 'num_points': 12}, {'avg_silhouette': 0.5090906772935414, 'num_points': 36}, {'avg_silhouette': 0.476404392121845, 'num_points': 12}, {'avg_silhouette': 0.7441320519542864, 'num_points': 52}]",10.0,18,0.18634171304737537,,1,
HDBSCAN,,,"[{'avg_silhouette': 0.5327143819371116, 'num_points': 380}, {'avg_silhouette': 0.3831057666914404, 'num_points': 1823}, {'avg_silhouette': 0.6359665746937553, 'num_points': 2236}]",,3,0.18360167578771347,288.0,3,0.5172622411074358
HDBSCAN,,,"[{'avg_silhouette': 0.5470867435449464, 'num_points': 370}, {'avg_silhouette': 0.38426512666959056, 'num_points': 1817}, {'avg_silhouette': 0.6348794480786607, 'num_points': 2235}]",,3,0.1822804231081605,305.0,2,0.5095722873741256
HDBSCAN,,,"[{'avg_silhouette': 0.557134799877136, 'num_points': 363}, {'avg_silhouette': 0.3859547419817256, 'num_points': 1809}, {'avg_silhouette': 0.6336954783362169, 'num_points': 2235}]",,3,0.18111242616051995,322.0,2,0.5098251101589713
HDBSCAN,,,"[{'avg_silhouette': 0.5835220431926971, 'num_points': 346}, {'avg_silhouette': 0.38667532558002193, 'num_points': 1805}, {'avg_silhouette': 0.6307048649971618, 'num_points': 2235}]",,3,0.1789979235325291,338.0,2,0.5086900952885919
DBSCAN,,0.24727512683215802,"[{'avg_silhouette': 0.22707827909016765, 'num_points': 301}, {'avg_silhouette': 0.3351861019744892, 'num_points': 276}, {'avg_silhouette': 0.49148784101055465, 'num_points': 1831}, {'avg_silhouette': 0.31857340963747005, 'num_points': 44}, {'avg_silhouette': 0.46103502818626557, 'num_points': 187}, {'avg_silhouette': 0.1917858266068045, 'num_points': 953}, {'avg_silhouette': 0.2928654925116657, 'num_points': 26}, {'avg_silhouette': 0.6086419098452449, 'num_points': 7}, {'avg_silhouette': 0.2985746167880706, 'num_points': 85}, {'avg_silhouette': 0.2185460809591916, 'num_points': 91}, {'avg_silhouette': 0.15889889894742568, 'num_points': 285}, {'avg_silhouette': 0.3339312812082061, 'num_points': 39}, {'avg_silhouette': 0.24672248214101833, 'num_points': 69}, {'avg_silhouette': 0.5100761676285751, 'num_points': 6}, {'avg_silhouette': 0.5211902503835285, 'num_points': 48}, {'avg_silhouette': 0.4652530945504857, 'num_points': 15}, {'avg_silhouette': 0.21947803348918016, 'num_points': 73}, {'avg_silhouette': 0.3508651380149908, 'num_points': 237}, {'avg_silhouette': 0.5037811943741181, 'num_points': 12}, {'avg_silhouette': 0.08098569958767791, 'num_points': 133}, {'avg_silhouette': 0.4149151890640229, 'num_points': 7}, {'avg_silhouette': 0.32885812516594193, 'num_points': 73}, {'avg_silhouette': 0.5616187664702463, 'num_points': 5}, {'avg_silhouette': 0.7032004584159116, 'num_points': 5}, {'avg_silhouette': 0.15919777372307078, 'num_points': 54}, {'avg_silhouette': 0.43346525431263244, 'num_points': 17}, {'avg_silhouette': 0.6350803320216633, 'num_points': 6}, {'avg_silhouette': 0.7523401826760694, 'num_points': 25}, {'avg_silhouette': 0.43613091685626804, 'num_points': 7}, {'avg_silhouette': 0.31676210850017256, 'num_points': 19}, {'avg_silhouette': 0.5215410164634764, 'num_points': 26}, {'avg_silhouette': 0.637087090237482, 'num_points': 11}, {'avg_silhouette': 0.34417169523043817, 'num_points': 5}, {'avg_silhouette': 0.614101774459212, 'num_points': 6}, {'avg_silhouette': 0.46164132269780656, 'num_points': 7}, {'avg_silhouette': 0.46819941611444776, 'num_points': 7}, {'avg_silhouette': 0.534824026693962, 'num_points': 6}, {'avg_silhouette': 0.6447985732274301, 'num_points': 17}, {'avg_silhouette': 0.8330580079115154, 'num_points': 13}, {'avg_silhouette': 0.259852570353084, 'num_points': 20}, {'avg_silhouette': 0.2662033001559925, 'num_points': 16}, {'avg_silhouette': 0.5170852650854771, 'num_points': 8}, {'avg_silhouette': 0.28817069562538755, 'num_points': 15}, {'avg_silhouette': 0.39299680291607747, 'num_points': 14}, {'avg_silhouette': 0.5038758343574331, 'num_points': 16}, {'avg_silhouette': 0.5360524007439321, 'num_points': 24}, {'avg_silhouette': 0.3501329672402152, 'num_points': 30}, {'avg_silhouette': 0.5890950391975069, 'num_points': 6}, {'avg_silhouette': 0.5138047723160293, 'num_points': 17}, {'avg_silhouette': 0.36130365901702816, 'num_points': 7}, {'avg_silhouette': 0.6485078266500555, 'num_points': 28}, {'avg_silhouette': 0.34576431222438586, 'num_points': 8}, {'avg_silhouette': 0.3755976177777654, 'num_points': 9}, {'avg_silhouette': 0.7646352669197647, 'num_points': 5}, {'avg_silhouette': 0.5094891955534382, 'num_points': 9}, {'avg_silhouette': 0.7537907209864289, 'num_points': 7}, {'avg_silhouette': 0.28350005661968425, 'num_points': 112}, {'avg_silhouette': 0.43563723528657616, 'num_points': 17}, {'avg_silhouette': 0.456603356200095, 'num_points': 7}, {'avg_silhouette': 0.47479264430396795, 'num_points': 14}, {'avg_silhouette': 0.4826180683423186, 'num_points': 13}, {'avg_silhouette': 0.2893098890305209, 'num_points': 16}, {'avg_silhouette': 0.37638877657418995, 'num_points': 6}, {'avg_silhouette': 0.6652103843815559, 'num_points': 8}, {'avg_silhouette': 0.8752428567043349, 'num_points': 5}, {'avg_silhouette': 0.826103444295424, 'num_points': 9}, {'avg_silhouette': 0.6514680631694718, 'num_points': 10}, {'avg_silhouette': 0.2375954156590741, 'num_points': 34}, {'avg_silhouette': 0.33592403164576023, 'num_points': 8}, {'avg_silhouette': 0.8721272155934301, 'num_points': 13}, {'avg_silhouette': 0.26372141181887976, 'num_points': 22}, {'avg_silhouette': 0.6657117651030118, 'num_points': 5}, {'avg_silhouette': 0.3377658292592352, 'num_points': 5}, {'avg_silhouette': 0.609616327078411, 'num_points': 29}, {'avg_silhouette': 0.670015932644388, 'num_points': 8}, {'avg_silhouette': 0.7338517424259297, 'num_points': 8}, {'avg_silhouette': 0.6896379764580446, 'num_points': 10}, {'avg_silhouette': 0.6206814603796146, 'num_points': 19}, {'avg_silhouette': 0.5524848234007689, 'num_points': 26}, {'avg_silhouette': 0.5386138859670903, 'num_points': 11}, {'avg_silhouette': 0.608971930425009, 'num_points': 9}, {'avg_silhouette': 0.6853224690148589, 'num_points': 8}, {'avg_silhouette': 0.4147035297175597, 'num_points': 6}, {'avg_silhouette': 0.521094478630832, 'num_points': 8}, {'avg_silhouette': 0.6655251649925059, 'num_points': 5}, {'avg_silhouette': 0.3046325388633691, 'num_points': 6}, {'avg_silhouette': 0.48181713737931064, 'num_points': 5}, {'avg_silhouette': 0.32397365313418874, 'num_points': 6}, {'avg_silhouette': 0.28224379721221854, 'num_points': 6}, {'avg_silhouette': 0.7518429402640386, 'num_points': 5}, {'avg_silhouette': 0.6484806748427798, 'num_points': 5}, {'avg_silhouette': 0.6238612505715417, 'num_points': 5}, {'avg_silhouette': 0.6790750717224572, 'num_points': 16}, {'avg_silhouette': 0.9008566663178911, 'num_points': 5}, {'avg_silhouette': 0.5425110265502318, 'num_points': 5}, {'avg_silhouette': 0.7700782115478451, 'num_points': 32}, {'avg_silhouette': 0.6655310066221041, 'num_points': 5}, {'avg_silhouette': 0.8117822614269017, 'num_points': 5}]",5.0,98,0.16795855760178743,,2,0.3416368338086796
DBSCAN,,0.237275126832158,"[{'avg_silhouette': 0.22724572430890977, 'num_points': 300}, {'avg_silhouette': 0.33064871071390534, 'num_points': 276}, {'avg_silhouette': 0.49306513019075104, 'num_points': 1828}, {'avg_silhouette': 0.2985665764378283, 'num_points': 44}, {'avg_silhouette': 0.4552495936771704, 'num_points': 187}, {'avg_silhouette': 0.1843329387517417, 'num_points': 947}, {'avg_silhouette': 0.2928654925116657, 'num_points': 26}, {'avg_silhouette': 0.6086419098452449, 'num_points': 7}, {'avg_silhouette': 0.29735923059899083, 'num_points': 84}, {'avg_silhouette': 0.2179041926587932, 'num_points': 91}, {'avg_silhouette': 0.15001205031919054, 'num_points': 283}, {'avg_silhouette': 0.3545813238302137, 'num_points': 38}, {'avg_silhouette': 0.23430525475930544, 'num_points': 68}, {'avg_silhouette': 0.5100761676285751, 'num_points': 6}, {'avg_silhouette': 0.5423677700516767, 'num_points': 47}, {'avg_silhouette': 0.21947803348918016, 'num_points': 73}, {'avg_silhouette': 0.35562913713170813, 'num_points': 236}, {'avg_silhouette': 0.6371371743753037, 'num_points': 10}, {'avg_silhouette': 0.08675406763319435, 'num_points': 130}, {'avg_silhouette': 0.4611093317301528, 'num_points': 15}, {'avg_silhouette': 0.30213705227011367, 'num_points': 73}, {'avg_silhouette': 0.7032004584159116, 'num_points': 5}, {'avg_silhouette': 0.166436245262423, 'num_points': 52}, {'avg_silhouette': 0.6350803320216633, 'num_points': 6}, {'avg_silhouette': 0.7612294517396411, 'num_points': 23}, {'avg_silhouette': 0.43426446981454386, 'num_points': 7}, {'avg_silhouette': 0.32694432647658184, 'num_points': 17}, {'avg_silhouette': 0.5682106595622439, 'num_points': 23}, {'avg_silhouette': 0.3434458303778731, 'num_points': 5}, {'avg_silhouette': 0.47367295803785375, 'num_points': 7}, {'avg_silhouette': 0.5612924050737139, 'num_points': 5}, {'avg_silhouette': 0.6119872595171325, 'num_points': 6}, {'avg_silhouette': 0.5336441206768601, 'num_points': 6}, {'avg_silhouette': 0.6447985732274301, 'num_points': 17}, {'avg_silhouette': 0.8445306500446552, 'num_points': 12}, {'avg_silhouette': 0.2661888016037353, 'num_points': 18}, {'avg_silhouette': 0.3443062504745139, 'num_points': 13}, {'avg_silhouette': 0.4330774569083667, 'num_points': 17}, {'avg_silhouette': 0.5089107919424988, 'num_points': 8}, {'avg_silhouette': 0.7008546098415932, 'num_points': 10}, {'avg_silhouette': 0.3214508132795935, 'num_points': 14}, {'avg_silhouette': 0.42732620031372015, 'num_points': 13}, {'avg_silhouette': 0.47666292940738736, 'num_points': 16}, {'avg_silhouette': 0.5328916627286858, 'num_points': 24}, {'avg_silhouette': 0.3495341605155941, 'num_points': 30}, {'avg_silhouette': 0.5890950391975069, 'num_points': 6}, {'avg_silhouette': 0.5135148585916522, 'num_points': 17}, {'avg_silhouette': 0.6675956345673517, 'num_points': 27}, {'avg_silhouette': 0.4516214527952853, 'num_points': 6}, {'avg_silhouette': 0.4040728020070837, 'num_points': 7}, {'avg_silhouette': 0.4252769876782998, 'num_points': 8}, {'avg_silhouette': 0.7646352669197647, 'num_points': 5}, {'avg_silhouette': 0.5802622001554896, 'num_points': 8}, {'avg_silhouette': 0.7536879201696607, 'num_points': 7}, {'avg_silhouette': 0.2701194120351937, 'num_points': 112}, {'avg_silhouette': 0.4205189076387124, 'num_points': 17}, {'avg_silhouette': 0.5015927931397605, 'num_points': 6}, {'avg_silhouette': 0.47479264430396795, 'num_points': 14}, {'avg_silhouette': 0.4826180683423186, 'num_points': 13}, {'avg_silhouette': 0.3298364162491581, 'num_points': 15}, {'avg_silhouette': 0.37169539656162814, 'num_points': 6}, {'avg_silhouette': 0.7316910048159804, 'num_points': 7}, {'avg_silhouette': 0.8752428567043349, 'num_points': 5}, {'avg_silhouette': 0.8260815371568234, 'num_points': 9}, {'avg_silhouette': 0.6514680631694718, 'num_points': 10}, {'avg_silhouette': 0.2375954156590741, 'num_points': 34}, {'avg_silhouette': 0.38657869460343, 'num_points': 7}, {'avg_silhouette': 0.8721099012722203, 'num_points': 13}, {'avg_silhouette': 0.30735060288569577, 'num_points': 21}, {'avg_silhouette': 0.662685102448287, 'num_points': 5}, {'avg_silhouette': 0.609616327078411, 'num_points': 29}, {'avg_silhouette': 0.668346208471874, 'num_points': 8}, {'avg_silhouette': 0.7338517424259297, 'num_points': 8}, {'avg_silhouette': 0.6896379764580446, 'num_points': 10}, {'avg_silhouette': 0.6201092401979604, 'num_points': 19}, {'avg_silhouette': 0.5524848234007689, 'num_points': 26}, {'avg_silhouette': 0.608971930425009, 'num_points': 9}, {'avg_silhouette': 0.4256263017927666, 'num_points': 5}, {'avg_silhouette': 0.5999157948463506, 'num_points': 9}, {'avg_silhouette': 0.6853224690148589, 'num_points': 8}, {'avg_silhouette': 0.4147035297175597, 'num_points': 6}, {'avg_silhouette': 0.521094478630832, 'num_points': 8}, {'avg_silhouette': 0.6655251649925059, 'num_points': 5}, {'avg_silhouette': 0.480151585884175, 'num_points': 5}, {'avg_silhouette': 0.32397365313418874, 'num_points': 6}, {'avg_silhouette': 0.3753876678348096, 'num_points': 5}, {'avg_silhouette': 0.28224379721221854, 'num_points': 6}, {'avg_silhouette': 0.6484806748427798, 'num_points': 5}, {'avg_silhouette': 0.6238612505715417, 'num_points': 5}, {'avg_silhouette': 0.7518429402640386, 'num_points': 5}, {'avg_silhouette': 0.6790750717224572, 'num_points': 16}, {'avg_silhouette': 0.9008223812071258, 'num_points': 5}, {'avg_silhouette': 0.5416429443110982, 'num_points': 5}, {'avg_silhouette': 0.7700782115478451, 'num_points': 32}, {'avg_silhouette': 0.6655310066221041, 'num_points': 5}, {'avg_silhouette': 0.8117822614269017, 'num_points': 5}]",5.0,96,0.15982803087017067,,2,0.3386990344712464
HDBSCAN,,,"[{'avg_silhouette': 0.38890498570125914, 'num_points': 1794}, {'avg_silhouette': 0.657816619792806, 'num_points': 2235}]",,2,0.15963463950291762,354.0,2,0.5233608027470326
HDBSCAN,,,"[{'avg_silhouette': 0.39064351191513913, 'num_points': 1784}, {'avg_silhouette': 0.6577484507199386, 'num_points': 2234}]",,2,0.15884923165296805,369.0,2,0.5241959813175389
HDBSCAN,,,"[{'avg_silhouette': 0.3921461399730266, 'num_points': 1775}, {'avg_silhouette': 0.6581351407460605, 'num_points': 2232}]",,2,0.15812409316918385,384.0,2,0.5251406403595436
HDBSCAN,,,"[{'avg_silhouette': 0.39307932755610003, 'num_points': 1770}, {'avg_silhouette': 0.6586894589380049, 'num_points': 2230}]",,2,0.15772335435222828,398.0,2,0.5258843932470525
HDBSCAN,,,"[{'avg_silhouette': 0.3934203094497046, 'num_points': 1768}, {'avg_silhouette': 0.658972118753093, 'num_points': 2229}]",,2,0.1575486347203667,412.0,2,0.5261962141013988
HDBSCAN,,,"[{'avg_silhouette': 0.3943645269257509, 'num_points': 1763}, {'avg_silhouette': 0.6591694046902319, 'num_points': 2228}]",,2,0.1571901416014554,425.0,2,0.5267669658079914
DBSCAN,,0.5072751268321583,"[{'avg_silhouette': 0.18085360731879507, 'num_points': 6343}, {'avg_silhouette': 0.35247472743053226, 'num_points': 14}, {'avg_silhouette': 0.5471780143867745, 'num_points': 12}, {'avg_silhouette': 0.40877775920555776, 'num_points': 41}, {'avg_silhouette': 0.3882235108465858, 'num_points': 37}, {'avg_silhouette': 0.8521749653553811, 'num_points': 6}, {'avg_silhouette': 0.2281422813031372, 'num_points': 56}, {'avg_silhouette': 0.6367292931741939, 'num_points': 23}, {'avg_silhouette': 0.4015763584883607, 'num_points': 16}, {'avg_silhouette': 0.4174205034174978, 'num_points': 40}, {'avg_silhouette': 0.3282270826655738, 'num_points': 28}, {'avg_silhouette': 0.4873564749264443, 'num_points': 8}, {'avg_silhouette': 0.30536283083495125, 'num_points': 5}, {'avg_silhouette': 0.7124831350461304, 'num_points': 17}, {'avg_silhouette': 0.5689133638566205, 'num_points': 12}, {'avg_silhouette': 0.6008355044879411, 'num_points': 24}, {'avg_silhouette': 0.5508039894750109, 'num_points': 9}, {'avg_silhouette': 0.4748397798459731, 'num_points': 5}, {'avg_silhouette': 0.8120482140147092, 'num_points': 17}, {'avg_silhouette': 0.5391718605062861, 'num_points': 7}, {'avg_silhouette': 0.5969946270936972, 'num_points': 12}, {'avg_silhouette': 0.6594694436586571, 'num_points': 16}, {'avg_silhouette': 0.683454077057773, 'num_points': 8}, {'avg_silhouette': 0.4790006779275765, 'num_points': 7}, {'avg_silhouette': 0.35345131840934174, 'num_points': 42}, {'avg_silhouette': 0.7629593263587945, 'num_points': 5}, {'avg_silhouette': 0.5530316429339938, 'num_points': 6}, {'avg_silhouette': 0.3911797070318083, 'num_points': 14}, {'avg_silhouette': 0.3117256002995475, 'num_points': 6}, {'avg_silhouette': 0.4360237978132911, 'num_points': 7}, {'avg_silhouette': 0.90304654307062, 'num_points': 5}, {'avg_silhouette': 0.7066387604570403, 'num_points': 55}]",5.0,32,0.15684476710462988,,1,
HDBSCAN,,,"[{'avg_silhouette': 0.39503635303745577, 'num_points': 1759}, {'avg_silhouette': 0.6597431974178708, 'num_points': 2226}]",,2,0.1568350757273923,437.0,2,0.5273897752276633
HDBSCAN,,,"[{'avg_silhouette': 0.39594674016574327, 'num_points': 1753}, {'avg_silhouette': 0.6605951407765673, 'num_points': 2223}]",,2,0.15625133133246683,449.0,2,0.5282709404711553
HDBSCAN,,,"[{'avg_silhouette': 0.3965051942467662, 'num_points': 1750}, {'avg_silhouette': 0.6604387016222154, 'num_points': 2223}]",,2,0.15603718590844085,460.0,2,0.5284719479344908
HDBSCAN,,,"[{'avg_silhouette': 0.39703148164833496, 'num_points': 1747}, {'avg_silhouette': 0.6603028942828123, 'num_points': 2223}]",,2,0.15581318795326055,471.0,2,0.5286671879655737
HDBSCAN,,,"[{'avg_silhouette': 0.397910234280051, 'num_points': 1742}, {'avg_silhouette': 0.6601204848725766, 'num_points': 2223}]",,2,0.15545535517639383,481.0,2,0.5290153595763138
HDBSCAN,,,"[{'avg_silhouette': 0.39892068687285925, 'num_points': 1736}, {'avg_silhouette': 0.6602516963263567, 'num_points': 2222}]",,2,0.15497058195136615,491.0,2,0.529586191599608
HDBSCAN,,,"[{'avg_silhouette': 0.39947946330525813, 'num_points': 1733}, {'avg_silhouette': 0.6600950958348113, 'num_points': 2222}]",,2,0.15475118379416453,500.0,2,0.5297872795700347
HDBSCAN,,,"[{'avg_silhouette': 0.3999638018634336, 'num_points': 1730}, {'avg_silhouette': 0.6602884671121314, 'num_points': 2221}]",,2,0.1544719080227887,508.0,2,0.5301261344877826
HDBSCAN,,,"[{'avg_silhouette': 0.4006638711144977, 'num_points': 1726}, {'avg_silhouette': 0.6601346993749049, 'num_points': 2221}]",,2,0.15417279604708403,516.0,2,0.5303992852447013
DBSCAN,,0.227275126832158,"[{'avg_silhouette': 0.278396650746962, 'num_points': 298}, {'avg_silhouette': 0.33508297704778595, 'num_points': 274}, {'avg_silhouette': 0.4984107452957647, 'num_points': 1820}, {'avg_silhouette': 0.2985665764378283, 'num_points': 44}, {'avg_silhouette': 0.39705879365299057, 'num_points': 181}, {'avg_silhouette': 0.1874914435640569, 'num_points': 941}, {'avg_silhouette': 0.3814478715887686, 'num_points': 22}, {'avg_silhouette': 0.4718423106933719, 'num_points': 5}, {'avg_silhouette': 0.30539487480826055, 'num_points': 83}, {'avg_silhouette': 0.21701828154112252, 'num_points': 90}, {'avg_silhouette': 0.11645101442444152, 'num_points': 274}, {'avg_silhouette': 0.36056627667471114, 'num_points': 37}, {'avg_silhouette': 0.15798908803668818, 'num_points': 68}, {'avg_silhouette': 0.49965105439273305, 'num_points': 6}, {'avg_silhouette': 0.5414584382898793, 'num_points': 47}, {'avg_silhouette': 0.21947803348918016, 'num_points': 73}, {'avg_silhouette': 0.3635868202721931, 'num_points': 234}, {'avg_silhouette': 0.6347277997653846, 'num_points': 10}, {'avg_silhouette': 0.051177302219094396, 'num_points': 126}, {'avg_silhouette': 0.6697964658444198, 'num_points': 6}, {'avg_silhouette': 0.4013145408783286, 'num_points': 9}, {'avg_silhouette': 0.2939384408713984, 'num_points': 73}, {'avg_silhouette': 0.7031257881151554, 'num_points': 5}, {'avg_silhouette': 0.2942924913052509, 'num_points': 26}, {'avg_silhouette': 0.6350803320216633, 'num_points': 6}, {'avg_silhouette': 0.7674014898452878, 'num_points': 22}, {'avg_silhouette': 0.35092531323486037, 'num_points': 7}, {'avg_silhouette': 0.5682106595622439, 'num_points': 23}, {'avg_silhouette': 0.40042747545304797, 'num_points': 5}, {'avg_silhouette': 0.5603977920080027, 'num_points': 5}, {'avg_silhouette': 0.6983612194337744, 'num_points': 5}, {'avg_silhouette': 0.5332530508356207, 'num_points': 6}, {'avg_silhouette': 0.4180691696004711, 'num_points': 6}, {'avg_silhouette': 0.6447985732274301, 'num_points': 17}, {'avg_silhouette': 0.24836754604351893, 'num_points': 10}, {'avg_silhouette': 0.844423093220032, 'num_points': 12}, {'avg_silhouette': 0.3958909559163327, 'num_points': 25}, {'avg_silhouette': 0.27173695679580345, 'num_points': 17}, {'avg_silhouette': 0.47367295803785375, 'num_points': 7}, {'avg_silhouette': 0.2646271718674149, 'num_points': 8}, {'avg_silhouette': 0.4319436779003283, 'num_points': 17}, {'avg_silhouette': 0.5089107919424988, 'num_points': 8}, {'avg_silhouette': 0.6928959973072302, 'num_points': 10}, {'avg_silhouette': 0.3214508132795935, 'num_points': 14}, {'avg_silhouette': 0.5866197299718054, 'num_points': 7}, {'avg_silhouette': 0.47989225031565286, 'num_points': 16}, {'avg_silhouette': 0.5328916627286858, 'num_points': 24}, {'avg_silhouette': 0.34761136587318575, 'num_points': 30}, {'avg_silhouette': 0.5890950391975069, 'num_points': 6}, {'avg_silhouette': 0.5125054059793426, 'num_points': 17}, {'avg_silhouette': 0.4800915682493666, 'num_points': 5}, {'avg_silhouette': 0.5508176061596014, 'num_points': 6}, {'avg_silhouette': 0.6675956345673517, 'num_points': 27}, {'avg_silhouette': 0.4739677683528269, 'num_points': 6}, {'avg_silhouette': 0.4252769876782998, 'num_points': 8}, {'avg_silhouette': 0.7645356624836466, 'num_points': 5}, {'avg_silhouette': 0.500988360780955, 'num_points': 5}, {'avg_silhouette': 0.669858179107871, 'num_points': 8}, {'avg_silhouette': 0.7533833858044564, 'num_points': 7}, {'avg_silhouette': 0.24923791932442899, 'num_points': 111}, {'avg_silhouette': 0.4572056135683983, 'num_points': 16}, {'avg_silhouette': 0.48852012015195706, 'num_points': 6}, {'avg_silhouette': 0.47479264430396795, 'num_points': 14}, {'avg_silhouette': 0.47111334550678274, 'num_points': 13}, {'avg_silhouette': 0.3252046269724476, 'num_points': 15}, {'avg_silhouette': 0.37169539656162814, 'num_points': 6}, {'avg_silhouette': 0.7316910048159804, 'num_points': 7}, {'avg_silhouette': 0.8752428567043349, 'num_points': 5}, {'avg_silhouette': 0.8260150935400542, 'num_points': 9}, {'avg_silhouette': 0.651153083134226, 'num_points': 10}, {'avg_silhouette': 0.25974020358018823, 'num_points': 32}, {'avg_silhouette': 0.8720513793363911, 'num_points': 13}, {'avg_silhouette': 0.30735060288569577, 'num_points': 21}, {'avg_silhouette': 0.662685102448287, 'num_points': 5}, {'avg_silhouette': 0.4847536463398689, 'num_points': 6}, {'avg_silhouette': 0.6060156228063187, 'num_points': 29}, {'avg_silhouette': 0.6658629906492826, 'num_points': 8}, {'avg_silhouette': 0.7338517424259297, 'num_points': 8}, {'avg_silhouette': 0.6896379764580446, 'num_points': 10}, {'avg_silhouette': 0.6195622047308268, 'num_points': 19}, {'avg_silhouette': 0.5524848234007689, 'num_points': 26}, {'avg_silhouette': 0.6662841611314203, 'num_points': 8}, {'avg_silhouette': 0.6198528727127712, 'num_points': 8}, {'avg_silhouette': 0.6853224690148589, 'num_points': 8}, {'avg_silhouette': 0.4293162251393808, 'num_points': 6}, {'avg_silhouette': 0.4147035297175597, 'num_points': 6}, {'avg_silhouette': 0.520761838229093, 'num_points': 8}, {'avg_silhouette': 0.6655251649925059, 'num_points': 5}, {'avg_silhouette': 0.4781428695839776, 'num_points': 5}, {'avg_silhouette': 0.3841967064075783, 'num_points': 5}, {'avg_silhouette': 0.3753876678348096, 'num_points': 5}, {'avg_silhouette': 0.6484806748427798, 'num_points': 5}, {'avg_silhouette': 0.6238612505715417, 'num_points': 5}, {'avg_silhouette': 0.7518429402640386, 'num_points': 5}, {'avg_silhouette': 0.6790750717224572, 'num_points': 16}, {'avg_silhouette': 0.38938847904498813, 'num_points': 5}, {'avg_silhouette': 0.9008223812071258, 'num_points': 5}, {'avg_silhouette': 0.5397196202071368, 'num_points': 5}, {'avg_silhouette': 0.7700782115478451, 'num_points': 32}, {'avg_silhouette': 0.6655310066221041, 'num_points': 5}, {'avg_silhouette': 0.8117822614269017, 'num_points': 5}]",5.0,101,0.1538619139562303,,2,0.3429510944299108
HDBSCAN,,,"[{'avg_silhouette': 0.4017151526038306, 'num_points': 1720}, {'avg_silhouette': 0.6598895805084232, 'num_points': 2221}]",,2,0.15373607223701663,523.0,2,0.5308023665561269
HDBSCAN,,,"[{'avg_silhouette': 0.4023252126640855, 'num_points': 1716}, {'avg_silhouette': 0.6597488653192083, 'num_points': 2221}]",,2,0.15342251497934745,530.0,2,0.5310370389916469
HDBSCAN,,,"[{'avg_silhouette': 0.40311740049412775, 'num_points': 1711}, {'avg_silhouette': 0.6599187045262094, 'num_points': 2220}]",,2,0.1530020918230098,536.0,2,0.5315180525101686
HDBSCAN,,,"[{'avg_silhouette': 0.40344228762106144, 'num_points': 1709}, {'avg_silhouette': 0.6601932035160886, 'num_points': 2219}]",,2,0.1528217255748913,542.0,2,0.531817745568575
HDBSCAN,,,"[{'avg_silhouette': 0.4038773953319264, 'num_points': 1706}, {'avg_silhouette': 0.6604171706937624, 'num_points': 2218}]",,2,0.15254285475764778,547.0,2,0.5321472830128444
HDBSCAN,,,"[{'avg_silhouette': 0.4042263858234474, 'num_points': 1704}, {'avg_silhouette': 0.6603263441441478, 'num_points': 2218}]",,2,0.15239288615291746,551.0,2,0.5322763649837976
HDBSCAN,,,"[{'avg_silhouette': 0.40439216385170385, 'num_points': 1703}, {'avg_silhouette': 0.660667278368138, 'num_points': 2217}]",,2,0.15228667059099904,555.0,2,0.5325297211099209
HDBSCAN,,,"[{'avg_silhouette': 0.404715271819914, 'num_points': 1701}, {'avg_silhouette': 0.6605880980608125, 'num_points': 2217}]",,2,0.15213467361460187,563.0,2,0.5326516849403633
HDBSCAN,,,"[{'avg_silhouette': 0.404715271819914, 'num_points': 1701}, {'avg_silhouette': 0.6605880980608125, 'num_points': 2217}]",,2,0.15213467361460187,561.0,2,0.5326516849403633
HDBSCAN,,,"[{'avg_silhouette': 0.404715271819914, 'num_points': 1701}, {'avg_silhouette': 0.6605880980608125, 'num_points': 2217}]",,2,0.15213467361460187,558.0,2,0.5326516849403633
HDBSCAN,,,"[{'avg_silhouette': 0.40489298232661297, 'num_points': 1700}, {'avg_silhouette': 0.660538256129827, 'num_points': 2217}]",,2,0.15206170595088692,565.0,2,0.53271561922822
HDBSCAN,,,"[{'avg_silhouette': 0.5496065774620971, 'num_points': 349}, {'avg_silhouette': 0.5779932294067663, 'num_points': 240}, {'avg_silhouette': 0.6203512722299431, 'num_points': 2248}, {'avg_silhouette': 0.48807769731270806, 'num_points': 235}, {'avg_silhouette': 0.3414788935705811, 'num_points': 1162}]",,5,0.15205097402123238,192.0,2,0.4809150829002621
HDBSCAN,,,"[{'avg_silhouette': 0.40505166660877095, 'num_points': 1699}, {'avg_silhouette': 0.6604936990107552, 'num_points': 2217}]",,2,0.1519831853022095,566.0,2,0.5327726828097631
DBSCAN,,0.217275126832158,"[{'avg_silhouette': 0.34860109127488736, 'num_points': 96}, {'avg_silhouette': 0.33508297704778595, 'num_points': 274}, {'avg_silhouette': 0.5017998722596495, 'num_points': 1814}, {'avg_silhouette': 0.2985665764378283, 'num_points': 44}, {'avg_silhouette': 0.39705879365299057, 'num_points': 181}, {'avg_silhouette': 0.13855175799981614, 'num_points': 938}, {'avg_silhouette': 0.42251730116227104, 'num_points': 19}, {'avg_silhouette': 0.4718423106933719, 'num_points': 5}, {'avg_silhouette': 0.3108823286439042, 'num_points': 81}, {'avg_silhouette': 0.27099020012499825, 'num_points': 34}, {'avg_silhouette': 0.1346403670191267, 'num_points': 272}, {'avg_silhouette': 0.25909692631074105, 'num_points': 54}, {'avg_silhouette': 0.37047207412757754, 'num_points': 36}, {'avg_silhouette': 0.34080607901103716, 'num_points': 45}, {'avg_silhouette': 0.3126380850138552, 'num_points': 202}, {'avg_silhouette': 0.49965105439273305, 'num_points': 6}, {'avg_silhouette': 0.5414584382898793, 'num_points': 47}, {'avg_silhouette': 0.39959126286725144, 'num_points': 42}, {'avg_silhouette': 0.36729909514270404, 'num_points': 233}, {'avg_silhouette': 0.6217174318970112, 'num_points': 10}, {'avg_silhouette': 0.33780115367542407, 'num_points': 51}, {'avg_silhouette': 0.6697964658444198, 'num_points': 6}, {'avg_silhouette': 0.4013145408783286, 'num_points': 9}, {'avg_silhouette': 0.37044551334196874, 'num_points': 70}, {'avg_silhouette': 0.30863428395349657, 'num_points': 71}, {'avg_silhouette': 0.7031257881151554, 'num_points': 5}, {'avg_silhouette': 0.2942924913052509, 'num_points': 26}, {'avg_silhouette': 0.33658108372990014, 'num_points': 23}, {'avg_silhouette': 0.578616122281443, 'num_points': 6}, {'avg_silhouette': 0.31877599999753414, 'num_points': 30}, {'avg_silhouette': 0.7713769715311879, 'num_points': 21}, {'avg_silhouette': 0.35092531323486037, 'num_points': 7}, {'avg_silhouette': 0.5581724700299463, 'num_points': 23}, {'avg_silhouette': 0.40042747545304797, 'num_points': 5}, {'avg_silhouette': 0.5597460705973185, 'num_points': 5}, {'avg_silhouette': 0.49181788688855166, 'num_points': 5}, {'avg_silhouette': 0.6416817591224016, 'num_points': 17}, {'avg_silhouette': 0.5329005079010075, 'num_points': 6}, {'avg_silhouette': 0.1979525511461767, 'num_points': 10}, {'avg_silhouette': 0.844423093220032, 'num_points': 12}, {'avg_silhouette': 0.3922268834595232, 'num_points': 25}, {'avg_silhouette': 0.29975412233924714, 'num_points': 16}, {'avg_silhouette': 0.6961641151775646, 'num_points': 5}, {'avg_silhouette': 0.4918717704321269, 'num_points': 6}, {'avg_silhouette': 0.3083587683050917, 'num_points': 7}, {'avg_silhouette': 0.47551432552280065, 'num_points': 15}, {'avg_silhouette': 0.7322017538912734, 'num_points': 9}, {'avg_silhouette': 0.31465255011596627, 'num_points': 14}, {'avg_silhouette': 0.575350084589858, 'num_points': 7}, {'avg_silhouette': 0.44773674914527345, 'num_points': 15}, {'avg_silhouette': 0.5328916627286858, 'num_points': 24}, {'avg_silhouette': 0.34617476360672234, 'num_points': 30}, {'avg_silhouette': 0.5160960822674082, 'num_points': 6}, {'avg_silhouette': 0.5118440836167931, 'num_points': 17}, {'avg_silhouette': 0.4636754710173962, 'num_points': 5}, {'avg_silhouette': 0.5508176061596014, 'num_points': 6}, {'avg_silhouette': 0.6675956345673517, 'num_points': 27}, {'avg_silhouette': 0.5503816119834751, 'num_points': 6}, {'avg_silhouette': 0.403746671188262, 'num_points': 6}, {'avg_silhouette': 0.4252769876782998, 'num_points': 8}, {'avg_silhouette': 0.7645356624836466, 'num_points': 5}, {'avg_silhouette': 0.638476527429812, 'num_points': 8}, {'avg_silhouette': 0.753154759973321, 'num_points': 7}, {'avg_silhouette': 0.26887300512699763, 'num_points': 106}, {'avg_silhouette': 0.4572056135683983, 'num_points': 16}, {'avg_silhouette': 0.4825933868807184, 'num_points': 6}, {'avg_silhouette': 0.47479264430396795, 'num_points': 14}, {'avg_silhouette': 0.47111334550678274, 'num_points': 13}, {'avg_silhouette': 0.3252046269724476, 'num_points': 15}, {'avg_silhouette': 0.37022724257856865, 'num_points': 6}, {'avg_silhouette': 0.8115214992694484, 'num_points': 6}, {'avg_silhouette': 0.8752428567043349, 'num_points': 5}, {'avg_silhouette': 0.8373963788421299, 'num_points': 8}, {'avg_silhouette': 0.6498009702860225, 'num_points': 10}, {'avg_silhouette': 0.26714424482104, 'num_points': 31}, {'avg_silhouette': 0.8720069862827567, 'num_points': 13}, {'avg_silhouette': 0.4053820683349153, 'num_points': 16}, {'avg_silhouette': 0.636650764936174, 'num_points': 5}, {'avg_silhouette': 0.4800982904986817, 'num_points': 6}, {'avg_silhouette': 0.6057576459712688, 'num_points': 29}, {'avg_silhouette': 0.659809072890849, 'num_points': 5}, {'avg_silhouette': 0.6561474919380872, 'num_points': 8}, {'avg_silhouette': 0.7338517424259297, 'num_points': 8}, {'avg_silhouette': 0.6896379764580446, 'num_points': 10}, {'avg_silhouette': 0.6194203266634739, 'num_points': 19}, {'avg_silhouette': 0.56494841052141, 'num_points': 25}, {'avg_silhouette': 0.6662841611314203, 'num_points': 8}, {'avg_silhouette': 0.6720137321510068, 'num_points': 7}, {'avg_silhouette': 0.7211687575880505, 'num_points': 7}, {'avg_silhouette': 0.4147035297175597, 'num_points': 6}, {'avg_silhouette': 0.520761838229093, 'num_points': 8}, {'avg_silhouette': 0.6638979657900622, 'num_points': 5}, {'avg_silhouette': 0.47777301869344246, 'num_points': 5}, {'avg_silhouette': 0.3841967064075783, 'num_points': 5}, {'avg_silhouette': 0.6484806748427798, 'num_points': 5}, {'avg_silhouette': 0.7518429402640386, 'num_points': 5}, {'avg_silhouette': 0.6790750717224572, 'num_points': 16}, {'avg_silhouette': 0.38938847904498813, 'num_points': 5}, {'avg_silhouette': 0.9008223812071258, 'num_points': 5}, {'avg_silhouette': 0.7700782115478451, 'num_points': 32}, {'avg_silhouette': 0.6655310066221041, 'num_points': 5}, {'avg_silhouette': 0.8117822614269017, 'num_points': 5}]",5.0,102,0.1500907131906544,,2,0.3201758151297328
DBSCAN,,0.24727512683215802,"[{'avg_silhouette': 0.27306467127420053, 'num_points': 301}, {'avg_silhouette': 0.36370127057908735, 'num_points': 276}, {'avg_silhouette': 0.4952506194146601, 'num_points': 1826}, {'avg_silhouette': 0.4743677462872553, 'num_points': 44}, {'avg_silhouette': 0.4552495936771704, 'num_points': 187}, {'avg_silhouette': 0.23545455655096942, 'num_points': 949}, {'avg_silhouette': 0.3226985074469002, 'num_points': 24}, {'avg_silhouette': 0.2864078445506249, 'num_points': 85}, {'avg_silhouette': 0.2262323138099348, 'num_points': 90}, {'avg_silhouette': 0.18189404542415516, 'num_points': 284}, {'avg_silhouette': 0.3545813238302137, 'num_points': 38}, {'avg_silhouette': 0.21687715964975846, 'num_points': 69}, {'avg_silhouette': 0.5211902503835285, 'num_points': 48}, {'avg_silhouette': 0.5377156525206136, 'num_points': 73}, {'avg_silhouette': 0.37684176452760854, 'num_points': 236}, {'avg_silhouette': 0.11896020548588705, 'num_points': 126}, {'avg_silhouette': 0.5689820670181566, 'num_points': 10}, {'avg_silhouette': 0.396630002795787, 'num_points': 71}, {'avg_silhouette': 0.34064721998058095, 'num_points': 54}, {'avg_silhouette': 0.7771951712812633, 'num_points': 22}, {'avg_silhouette': 0.6448119737502508, 'num_points': 25}, {'avg_silhouette': 0.6447985732274301, 'num_points': 17}, {'avg_silhouette': 0.2882587877672015, 'num_points': 19}, {'avg_silhouette': 0.43259857520616113, 'num_points': 17}, {'avg_silhouette': 0.5735657435761646, 'num_points': 15}, {'avg_silhouette': 0.5382881120289362, 'num_points': 15}, {'avg_silhouette': 0.5699634462965943, 'num_points': 24}, {'avg_silhouette': 0.403900892413828, 'num_points': 10}, {'avg_silhouette': 0.348811966774313, 'num_points': 30}, {'avg_silhouette': 0.5132458918581403, 'num_points': 17}, {'avg_silhouette': 0.4508855100807173, 'num_points': 11}, {'avg_silhouette': 0.33013690384243144, 'num_points': 112}, {'avg_silhouette': 0.4205189076387124, 'num_points': 17}, {'avg_silhouette': 0.7122063075900325, 'num_points': 14}, {'avg_silhouette': 0.8462182304779824, 'num_points': 13}, {'avg_silhouette': 0.3298364162491581, 'num_points': 15}, {'avg_silhouette': 0.8586796272026669, 'num_points': 10}, {'avg_silhouette': 0.6514680631694718, 'num_points': 10}, {'avg_silhouette': 0.2375954156590741, 'num_points': 34}, {'avg_silhouette': 0.8720887532558681, 'num_points': 13}, {'avg_silhouette': 0.5637707012278226, 'num_points': 20}, {'avg_silhouette': 0.6292921304840723, 'num_points': 29}, {'avg_silhouette': 0.8408322315769056, 'num_points': 10}, {'avg_silhouette': 0.7655651599593258, 'num_points': 26}, {'avg_silhouette': 0.6386798556523526, 'num_points': 18}, {'avg_silhouette': 0.7665544353856895, 'num_points': 26}, {'avg_silhouette': 0.8337806167532893, 'num_points': 16}, {'avg_silhouette': 0.8496816578789576, 'num_points': 12}, {'avg_silhouette': 0.9391332145736403, 'num_points': 32}, {'avg_silhouette': 0.6006705265210565, 'num_points': 11}]",10.0,50,0.14699297809307996,,2,0.3653525879828148
DBSCAN,,0.20727512683215799,"[{'avg_silhouette': 0.3472836234489784, 'num_points': 96}, {'avg_silhouette': 0.33876686056061484, 'num_points': 273}, {'avg_silhouette': 0.49563542141568345, 'num_points': 1804}, {'avg_silhouette': 0.2985665764378283, 'num_points': 44}, {'avg_silhouette': 0.40042669997601193, 'num_points': 180}, {'avg_silhouette': 0.12859040534940652, 'num_points': 931}, {'avg_silhouette': 0.4700018642534949, 'num_points': 17}, {'avg_silhouette': 0.4709468283543661, 'num_points': 5}, {'avg_silhouette': 0.3022630853485923, 'num_points': 81}, {'avg_silhouette': 0.2783585348935572, 'num_points': 33}, {'avg_silhouette': 0.3241022310887066, 'num_points': 92}, {'avg_silhouette': 0.2598517155431844, 'num_points': 53}, {'avg_silhouette': 0.36973228015276616, 'num_points': 36}, {'avg_silhouette': 0.3375923521222618, 'num_points': 45}, {'avg_silhouette': 0.31435086778740395, 'num_points': 201}, {'avg_silhouette': 0.49965105439273305, 'num_points': 6}, {'avg_silhouette': 0.5405895660760269, 'num_points': 47}, {'avg_silhouette': 0.41676926755702304, 'num_points': 41}, {'avg_silhouette': 0.3746154944732736, 'num_points': 231}, {'avg_silhouette': 0.619030304754576, 'num_points': 10}, {'avg_silhouette': 0.3497578671420223, 'num_points': 50}, {'avg_silhouette': 0.38650359858343614, 'num_points': 172}, {'avg_silhouette': 0.6697964658444198, 'num_points': 6}, {'avg_silhouette': 0.4013145408783286, 'num_points': 9}, {'avg_silhouette': 0.3648755925544584, 'num_points': 69}, {'avg_silhouette': 0.34830977237852306, 'num_points': 68}, {'avg_silhouette': 0.6981113185519223, 'num_points': 5}, {'avg_silhouette': 0.3210014857275993, 'num_points': 24}, {'avg_silhouette': 0.3566272498566066, 'num_points': 22}, {'avg_silhouette': 0.575942756781359, 'num_points': 6}, {'avg_silhouette': 0.3172780658879485, 'num_points': 30}, {'avg_silhouette': 0.7889838947806749, 'num_points': 19}, {'avg_silhouette': 0.5733366455808024, 'num_points': 22}, {'avg_silhouette': 0.40042747545304797, 'num_points': 5}, {'avg_silhouette': 0.5590137774259332, 'num_points': 5}, {'avg_silhouette': 0.5099206465610466, 'num_points': 5}, {'avg_silhouette': 0.6416817591224016, 'num_points': 17}, {'avg_silhouette': 0.5329005079010075, 'num_points': 6}, {'avg_silhouette': 0.41525331396952264, 'num_points': 24}, {'avg_silhouette': 0.31999505314982823, 'num_points': 14}, {'avg_silhouette': 0.6961641151775646, 'num_points': 5}, {'avg_silhouette': 0.5266103739008822, 'num_points': 5}, {'avg_silhouette': 0.3083587683050917, 'num_points': 7}, {'avg_silhouette': 0.47455644798217594, 'num_points': 15}, {'avg_silhouette': 0.7322017538912734, 'num_points': 9}, {'avg_silhouette': 0.4073533422325891, 'num_points': 14}, {'avg_silhouette': 0.4009428423266616, 'num_points': 5}, {'avg_silhouette': 0.5740862015637199, 'num_points': 7}, {'avg_silhouette': 0.4345988175142226, 'num_points': 15}, {'avg_silhouette': 0.5466634133373667, 'num_points': 23}, {'avg_silhouette': 0.41368959603206606, 'num_points': 27}, {'avg_silhouette': 0.5125788770935572, 'num_points': 6}, {'avg_silhouette': 0.5281718938241888, 'num_points': 16}, {'avg_silhouette': 0.4636754710173962, 'num_points': 5}, {'avg_silhouette': 0.5486037974041237, 'num_points': 6}, {'avg_silhouette': 0.4007999737887289, 'num_points': 6}, {'avg_silhouette': 0.59817395515926, 'num_points': 5}, {'avg_silhouette': 0.4252769876782998, 'num_points': 8}, {'avg_silhouette': 0.7644121302922896, 'num_points': 5}, {'avg_silhouette': 0.638476527429812, 'num_points': 8}, {'avg_silhouette': 0.7529092619467341, 'num_points': 7}, {'avg_silhouette': 0.25279059664121445, 'num_points': 104}, {'avg_silhouette': 0.4756696490988329, 'num_points': 15}, {'avg_silhouette': 0.47479264430396795, 'num_points': 14}, {'avg_silhouette': 0.47111334550678274, 'num_points': 13}, {'avg_silhouette': 0.3552696177073316, 'num_points': 14}, {'avg_silhouette': 0.8115214992694484, 'num_points': 6}, {'avg_silhouette': 0.8752428567043349, 'num_points': 5}, {'avg_silhouette': 0.8579454764892958, 'num_points': 7}, {'avg_silhouette': 0.6494401445909225, 'num_points': 10}, {'avg_silhouette': 0.37296778626737853, 'num_points': 21}, {'avg_silhouette': 0.871961334305413, 'num_points': 13}, {'avg_silhouette': 0.4053820683349153, 'num_points': 16}, {'avg_silhouette': 0.636650764936174, 'num_points': 5}, {'avg_silhouette': 0.47847283986560846, 'num_points': 6}, {'avg_silhouette': 0.605710276700364, 'num_points': 29}, {'avg_silhouette': 0.659809072890849, 'num_points': 5}, {'avg_silhouette': 0.6540870579336696, 'num_points': 8}, {'avg_silhouette': 0.7338517424259297, 'num_points': 8}, {'avg_silhouette': 0.8401298620998585, 'num_points': 10}, {'avg_silhouette': 0.29698286100819227, 'num_points': 10}, {'avg_silhouette': 0.6936271542962512, 'num_points': 25}, {'avg_silhouette': 0.6189038314716114, 'num_points': 19}, {'avg_silhouette': 0.56494841052141, 'num_points': 25}, {'avg_silhouette': 0.6662841611314203, 'num_points': 8}, {'avg_silhouette': 0.5192562224506526, 'num_points': 5}, {'avg_silhouette': 0.7206062687244215, 'num_points': 6}, {'avg_silhouette': 0.7211687575880505, 'num_points': 7}, {'avg_silhouette': 0.43077514657113253, 'num_points': 6}, {'avg_silhouette': 0.4147035297175597, 'num_points': 6}, {'avg_silhouette': 0.5203204185886596, 'num_points': 8}, {'avg_silhouette': 0.47571968419661437, 'num_points': 5}, {'avg_silhouette': 0.3841967064075783, 'num_points': 5}, {'avg_silhouette': 0.7518429402640386, 'num_points': 5}, {'avg_silhouette': 0.6638979657900622, 'num_points': 5}, {'avg_silhouette': 0.6790750717224572, 'num_points': 16}, {'avg_silhouette': 0.38938847904498813, 'num_points': 5}, {'avg_silhouette': 0.8644146783296391, 'num_points': 11}, {'avg_silhouette': 0.9013126007693806, 'num_points': 5}, {'avg_silhouette': 0.7700782115478451, 'num_points': 32}, {'avg_silhouette': 0.6655310066221041, 'num_points': 5}, {'avg_silhouette': 0.8117822614269017, 'num_points': 5}]",5.0,102,0.14682756053102103,,2,0.312112913382545
DBSCAN,,0.237275126832158,"[{'avg_silhouette': 0.2758351429812726, 'num_points': 299}, {'avg_silhouette': 0.35902139136741074, 'num_points': 276}, {'avg_silhouette': 0.4892661090037625, 'num_points': 1822}, {'avg_silhouette': 0.4736401236782394, 'num_points': 44}, {'avg_silhouette': 0.4442688318421297, 'num_points': 187}, {'avg_silhouette': 0.2360932699784421, 'num_points': 942}, {'avg_silhouette': 0.3887120777646798, 'num_points': 21}, {'avg_silhouette': 0.2826123231693975, 'num_points': 84}, {'avg_silhouette': 0.2285394011028256, 'num_points': 89}, {'avg_silhouette': 0.24079858698879844, 'num_points': 279}, {'avg_silhouette': 0.39349365618972354, 'num_points': 36}, {'avg_silhouette': 0.2874213280590658, 'num_points': 67}, {'avg_silhouette': 0.5374093916572948, 'num_points': 73}, {'avg_silhouette': 0.3760052389191226, 'num_points': 236}, {'avg_silhouette': 0.20216629448543813, 'num_points': 123}, {'avg_silhouette': 0.5682841930090378, 'num_points': 10}, {'avg_silhouette': 0.37583234448927727, 'num_points': 71}, {'avg_silhouette': 0.346618683148001, 'num_points': 52}, {'avg_silhouette': 0.7833105854424492, 'num_points': 21}, {'avg_silhouette': 0.6728556231169827, 'num_points': 23}, {'avg_silhouette': 0.6447985732274301, 'num_points': 17}, {'avg_silhouette': 0.3020243684244378, 'num_points': 17}, {'avg_silhouette': 0.432088130830446, 'num_points': 17}, {'avg_silhouette': 0.5339799040464868, 'num_points': 15}, {'avg_silhouette': 0.5699688483592599, 'num_points': 24}, {'avg_silhouette': 0.3954805541644916, 'num_points': 28}, {'avg_silhouette': 0.5423677700516767, 'num_points': 47}, {'avg_silhouette': 0.5127570821328635, 'num_points': 17}, {'avg_silhouette': 0.271133614474646, 'num_points': 110}, {'avg_silhouette': 0.4205189076387124, 'num_points': 17}, {'avg_silhouette': 0.7122063075900325, 'num_points': 14}, {'avg_silhouette': 0.8461536388890092, 'num_points': 13}, {'avg_silhouette': 0.3298364162491581, 'num_points': 15}, {'avg_silhouette': 0.6646351714054339, 'num_points': 11}, {'avg_silhouette': 0.2771030687571851, 'num_points': 25}, {'avg_silhouette': 0.8720604273835764, 'num_points': 13}, {'avg_silhouette': 0.5993664710200431, 'num_points': 18}, {'avg_silhouette': 0.628244668450134, 'num_points': 29}, {'avg_silhouette': 0.8402602953891956, 'num_points': 10}, {'avg_silhouette': 0.7750751881223082, 'num_points': 25}, {'avg_silhouette': 0.6380149826988122, 'num_points': 18}, {'avg_silhouette': 0.7664343130087838, 'num_points': 26}, {'avg_silhouette': 0.3772119340989634, 'num_points': 8}, {'avg_silhouette': 0.6510409496733134, 'num_points': 10}, {'avg_silhouette': 0.8337806167532893, 'num_points': 16}, {'avg_silhouette': 0.8645799887424294, 'num_points': 11}, {'avg_silhouette': 0.9391195476229117, 'num_points': 32}]",10.0,47,0.1408409759263387,,2,0.3626796894911023
DBSCAN,,0.19727512683215798,"[{'avg_silhouette': 0.35350177380710224, 'num_points': 95}, {'avg_silhouette': 0.33876686056061484, 'num_points': 273}, {'avg_silhouette': 0.49740720783453596, 'num_points': 1800}, {'avg_silhouette': 0.2985665764378283, 'num_points': 44}, {'avg_silhouette': 0.40042669997601193, 'num_points': 180}, {'avg_silhouette': 0.1279901431951828, 'num_points': 926}, {'avg_silhouette': 0.4656878873084572, 'num_points': 17}, {'avg_silhouette': 0.4709468283543661, 'num_points': 5}, {'avg_silhouette': 0.2836328041015345, 'num_points': 81}, {'avg_silhouette': 0.27705255755438923, 'num_points': 33}, {'avg_silhouette': 0.4103528923161225, 'num_points': 91}, {'avg_silhouette': 0.26422998502120626, 'num_points': 52}, {'avg_silhouette': 0.36973228015276616, 'num_points': 36}, {'avg_silhouette': 0.3566305753838094, 'num_points': 43}, {'avg_silhouette': 0.31559358264997384, 'num_points': 200}, {'avg_silhouette': 0.49965105439273305, 'num_points': 6}, {'avg_silhouette': 0.5405895660760269, 'num_points': 47}, {'avg_silhouette': 0.41676926755702304, 'num_points': 41}, {'avg_silhouette': 0.3974598477013597, 'num_points': 225}, {'avg_silhouette': 0.3495188145066605, 'num_points': 50}, {'avg_silhouette': 0.3940593308031797, 'num_points': 169}, {'avg_silhouette': 0.4013145408783286, 'num_points': 9}, {'avg_silhouette': 0.3759345299317914, 'num_points': 67}, {'avg_silhouette': 0.36550664212232303, 'num_points': 66}, {'avg_silhouette': 0.6981113185519223, 'num_points': 5}, {'avg_silhouette': 0.42618734468036956, 'num_points': 22}, {'avg_silhouette': 0.4147016094265055, 'num_points': 22}, {'avg_silhouette': 0.575942756781359, 'num_points': 6}, {'avg_silhouette': 0.3172780658879485, 'num_points': 30}, {'avg_silhouette': 0.8223401633447485, 'num_points': 16}, {'avg_silhouette': 0.6603120000444668, 'num_points': 22}, {'avg_silhouette': 0.40042747545304797, 'num_points': 5}, {'avg_silhouette': 0.558659859862442, 'num_points': 5}, {'avg_silhouette': 0.6416817591224016, 'num_points': 17}, {'avg_silhouette': 0.4237759261924842, 'num_points': 23}, {'avg_silhouette': 0.3786574965890426, 'num_points': 12}, {'avg_silhouette': 0.6951528736496593, 'num_points': 5}, {'avg_silhouette': 0.4302873363687137, 'num_points': 7}, {'avg_silhouette': 0.4740829160965333, 'num_points': 15}, {'avg_silhouette': 0.792911392688934, 'num_points': 8}, {'avg_silhouette': 0.6137124158075032, 'num_points': 12}, {'avg_silhouette': 0.5740862015637199, 'num_points': 7}, {'avg_silhouette': 0.4300381052894994, 'num_points': 15}, {'avg_silhouette': 0.5779310149569191, 'num_points': 21}, {'avg_silhouette': 0.41287938567129034, 'num_points': 27}, {'avg_silhouette': 0.5125788770935572, 'num_points': 6}, {'avg_silhouette': 0.618579206109747, 'num_points': 10}, {'avg_silhouette': 0.8237302840943423, 'num_points': 8}, {'avg_silhouette': 0.5465364507336655, 'num_points': 6}, {'avg_silhouette': 0.4252769876782998, 'num_points': 8}, {'avg_silhouette': 0.7644121302922896, 'num_points': 5}, {'avg_silhouette': 0.6373822622621464, 'num_points': 8}, {'avg_silhouette': 0.4007999737887289, 'num_points': 6}, {'avg_silhouette': 0.7527869711450814, 'num_points': 7}, {'avg_silhouette': 0.26561649295903456, 'num_points': 101}, {'avg_silhouette': 0.4657868143195512, 'num_points': 15}, {'avg_silhouette': 0.47479264430396795, 'num_points': 14}, {'avg_silhouette': 0.8458335856117555, 'num_points': 13}, {'avg_silhouette': 0.3801660714956219, 'num_points': 13}, {'avg_silhouette': 0.8115214992694484, 'num_points': 6}, {'avg_silhouette': 0.8752428567043349, 'num_points': 5}, {'avg_silhouette': 0.8579210887031188, 'num_points': 7}, {'avg_silhouette': 0.6774055855283454, 'num_points': 9}, {'avg_silhouette': 0.37112488694952817, 'num_points': 21}, {'avg_silhouette': 0.8719370318112272, 'num_points': 13}, {'avg_silhouette': 0.4053820683349153, 'num_points': 16}, {'avg_silhouette': 0.636650764936174, 'num_points': 5}, {'avg_silhouette': 0.475300967622083, 'num_points': 6}, {'avg_silhouette': 0.6192427232088085, 'num_points': 28}, {'avg_silhouette': 0.659809072890849, 'num_points': 5}, {'avg_silhouette': 0.4203253013498234, 'num_points': 8}, {'avg_silhouette': 0.6536819488612831, 'num_points': 8}, {'avg_silhouette': 0.7338517424259297, 'num_points': 8}, {'avg_silhouette': 0.840127507309445, 'num_points': 10}, {'avg_silhouette': 0.29698286100819227, 'num_points': 10}, {'avg_silhouette': 0.6936271542962512, 'num_points': 25}, {'avg_silhouette': 0.6372319418347209, 'num_points': 18}, {'avg_silhouette': 0.6129012151886689, 'num_points': 24}, {'avg_silhouette': 0.6651952683220743, 'num_points': 8}, {'avg_silhouette': 0.5187366227617201, 'num_points': 5}, {'avg_silhouette': 0.7209267308462893, 'num_points': 7}, {'avg_silhouette': 0.5135443399668708, 'num_points': 6}, {'avg_silhouette': 0.4147035297175597, 'num_points': 6}, {'avg_silhouette': 0.5203204185886596, 'num_points': 8}, {'avg_silhouette': 0.46994350521192113, 'num_points': 5}, {'avg_silhouette': 0.7828571043657832, 'num_points': 5}, {'avg_silhouette': 0.7518429402640386, 'num_points': 5}, {'avg_silhouette': 0.6790750717224572, 'num_points': 16}, {'avg_silhouette': 0.8644146783296391, 'num_points': 11}, {'avg_silhouette': 0.9013126007693806, 'num_points': 5}, {'avg_silhouette': 0.7700782115478451, 'num_points': 32}, {'avg_silhouette': 0.6655310066221041, 'num_points': 5}, {'avg_silhouette': 0.8117822614269017, 'num_points': 5}, {'avg_silhouette': 0.38938847904498813, 'num_points': 5}]",5.0,94,0.1392881157971262,,2,0.31269867551485936
DBSCAN,,0.227275126832158,"[{'avg_silhouette': 0.2760442269723607, 'num_points': 298}, {'avg_silhouette': 0.36311135107988646, 'num_points': 274}, {'avg_silhouette': 0.49321943784846606, 'num_points': 1816}, {'avg_silhouette': 0.48476719779031596, 'num_points': 43}, {'avg_silhouette': 0.46224243546733934, 'num_points': 181}, {'avg_silhouette': 0.24278524858913914, 'num_points': 934}, {'avg_silhouette': 0.3883167983658053, 'num_points': 21}, {'avg_silhouette': 0.2873585548943684, 'num_points': 82}, {'avg_silhouette': 0.22953718843086823, 'num_points': 88}, {'avg_silhouette': 0.24529052603942234, 'num_points': 273}, {'avg_silhouette': 0.401659068408753, 'num_points': 35}, {'avg_silhouette': 0.2916650313407457, 'num_points': 66}, {'avg_silhouette': 0.5570094130039772, 'num_points': 73}, {'avg_silhouette': 0.3923247286160839, 'num_points': 232}, {'avg_silhouette': 0.19092968007337222, 'num_points': 121}, {'avg_silhouette': 0.38315529280619137, 'num_points': 70}, {'avg_silhouette': 0.41246013060660164, 'num_points': 24}, {'avg_silhouette': 0.8063986564239732, 'num_points': 18}, {'avg_silhouette': 0.672697858726034, 'num_points': 23}, {'avg_silhouette': 0.39175549059812703, 'num_points': 25}, {'avg_silhouette': 0.35743732775417586, 'num_points': 12}, {'avg_silhouette': 0.4312768756593688, 'num_points': 17}, {'avg_silhouette': 0.5301898036297444, 'num_points': 15}, {'avg_silhouette': 0.5699458731400048, 'num_points': 24}, {'avg_silhouette': 0.39414713991639866, 'num_points': 28}, {'avg_silhouette': 0.6447985732274301, 'num_points': 17}, {'avg_silhouette': 0.5414584382898793, 'num_points': 47}, {'avg_silhouette': 0.5661188769163755, 'num_points': 15}, {'avg_silhouette': 0.2938438348170443, 'num_points': 109}, {'avg_silhouette': 0.4572056135683983, 'num_points': 16}, {'avg_silhouette': 0.71203948787199, 'num_points': 14}, {'avg_silhouette': 0.8460521451912205, 'num_points': 13}, {'avg_silhouette': 0.3252046269724476, 'num_points': 15}, {'avg_silhouette': 0.6639803447964481, 'num_points': 11}, {'avg_silhouette': 0.370803000664753, 'num_points': 23}, {'avg_silhouette': 0.8720188670431092, 'num_points': 13}, {'avg_silhouette': 0.5990163800366566, 'num_points': 18}, {'avg_silhouette': 0.6278089812765241, 'num_points': 29}, {'avg_silhouette': 0.6374245438791172, 'num_points': 18}, {'avg_silhouette': 0.7749856653679956, 'num_points': 25}, {'avg_silhouette': 0.7663613971690666, 'num_points': 26}, {'avg_silhouette': 0.8336427372889694, 'num_points': 16}, {'avg_silhouette': 0.8644668078713359, 'num_points': 11}, {'avg_silhouette': 0.9391006313339612, 'num_points': 32}]",10.0,44,0.13407050590665914,,2,0.3680023432188026
HDBSCAN,,,"[{'avg_silhouette': 0.5436277756141227, 'num_points': 352}, {'avg_silhouette': 0.5679410453321585, 'num_points': 244}, {'avg_silhouette': 0.4444528801625979, 'num_points': 174}, {'avg_silhouette': 0.40065542650419406, 'num_points': 212}, {'avg_silhouette': 0.4333218003999037, 'num_points': 132}, {'avg_silhouette': 0.5411566037397759, 'num_points': 1720}, {'avg_silhouette': 0.4994845530253579, 'num_points': 195}, {'avg_silhouette': 0.41619559021143454, 'num_points': 323}, {'avg_silhouette': 0.34334642848433794, 'num_points': 1212}]",,9,0.13261573000267382,128.0,2,0.44225151611205693
DBSCAN,,0.18727512683215797,"[{'avg_silhouette': 0.37287366586656384, 'num_points': 92}, {'avg_silhouette': 0.3451215928842599, 'num_points': 271}, {'avg_silhouette': 0.4937880079380206, 'num_points': 1798}, {'avg_silhouette': 0.3111047613598248, 'num_points': 42}, {'avg_silhouette': 0.40042669997601193, 'num_points': 180}, {'avg_silhouette': 0.13075141589561817, 'num_points': 919}, {'avg_silhouette': 0.45196417634569136, 'num_points': 17}, {'avg_silhouette': 0.28351352554715703, 'num_points': 81}, {'avg_silhouette': 0.29747298443244585, 'num_points': 31}, {'avg_silhouette': 0.4123427382206415, 'num_points': 88}, {'avg_silhouette': 0.2963818667732952, 'num_points': 48}, {'avg_silhouette': 0.36973228015276616, 'num_points': 36}, {'avg_silhouette': 0.34878536226772955, 'num_points': 43}, {'avg_silhouette': 0.31047548414278653, 'num_points': 197}, {'avg_silhouette': 0.7047044088183457, 'num_points': 6}, {'avg_silhouette': 0.4105846234571997, 'num_points': 41}, {'avg_silhouette': 0.4004119285516688, 'num_points': 224}, {'avg_silhouette': 0.34922700295770254, 'num_points': 50}, {'avg_silhouette': 0.4065676786152513, 'num_points': 168}, {'avg_silhouette': 0.42346062318126937, 'num_points': 8}, {'avg_silhouette': 0.4217098235447219, 'num_points': 60}, {'avg_silhouette': 0.3783950588594939, 'num_points': 65}, {'avg_silhouette': 0.2694659742966039, 'num_points': 16}, {'avg_silhouette': 0.4360282097322852, 'num_points': 21}, {'avg_silhouette': 0.575942756781359, 'num_points': 6}, {'avg_silhouette': 0.3172780658879485, 'num_points': 30}, {'avg_silhouette': 0.8468655172368434, 'num_points': 14}, {'avg_silhouette': 0.6603120000444668, 'num_points': 22}, {'avg_silhouette': 0.3890792270199612, 'num_points': 5}, {'avg_silhouette': 0.5584225561988522, 'num_points': 5}, {'avg_silhouette': 0.6552230421388028, 'num_points': 16}, {'avg_silhouette': 0.4030765863833952, 'num_points': 23}, {'avg_silhouette': 0.3786574965890426, 'num_points': 12}, {'avg_silhouette': 0.6951528736496593, 'num_points': 5}, {'avg_silhouette': 0.5957919662498402, 'num_points': 5}, {'avg_silhouette': 0.5089215256013778, 'num_points': 14}, {'avg_silhouette': 0.792911392688934, 'num_points': 8}, {'avg_silhouette': 0.5740862015637199, 'num_points': 7}, {'avg_silhouette': 0.5168513138487044, 'num_points': 12}, {'avg_silhouette': 0.5775649910699162, 'num_points': 21}, {'avg_silhouette': 0.4313774400832449, 'num_points': 26}, {'avg_silhouette': 0.6116628497545639, 'num_points': 5}, {'avg_silhouette': 0.2720376027715961, 'num_points': 6}, {'avg_silhouette': 0.8237302840943423, 'num_points': 8}, {'avg_silhouette': 0.5445311446374906, 'num_points': 6}, {'avg_silhouette': 0.4229360015932949, 'num_points': 8}, {'avg_silhouette': 0.5395961826548795, 'num_points': 47}, {'avg_silhouette': 0.6329864493762785, 'num_points': 8}, {'avg_silhouette': 0.3959505538626466, 'num_points': 6}, {'avg_silhouette': 0.7527097984894299, 'num_points': 7}, {'avg_silhouette': 0.27580077094029637, 'num_points': 97}, {'avg_silhouette': 0.4900332711454561, 'num_points': 14}, {'avg_silhouette': 0.47479264430396795, 'num_points': 14}, {'avg_silhouette': 0.8457604153845284, 'num_points': 13}, {'avg_silhouette': 0.3793532791107977, 'num_points': 13}, {'avg_silhouette': 0.8096804604624857, 'num_points': 6}, {'avg_silhouette': 0.6772334848200791, 'num_points': 10}, {'avg_silhouette': 0.8752428567043349, 'num_points': 5}, {'avg_silhouette': 0.8579084356754457, 'num_points': 7}, {'avg_silhouette': 0.32538237755175126, 'num_points': 6}, {'avg_silhouette': 0.6841807119802612, 'num_points': 8}, {'avg_silhouette': 0.35500069596746503, 'num_points': 21}, {'avg_silhouette': 0.8719233867864696, 'num_points': 13}, {'avg_silhouette': 0.43402714959046995, 'num_points': 15}, {'avg_silhouette': 0.6304836369853284, 'num_points': 5}, {'avg_silhouette': 0.4713115908286549, 'num_points': 6}, {'avg_silhouette': 0.6191552874342728, 'num_points': 28}, {'avg_silhouette': 0.6548847968740917, 'num_points': 5}, {'avg_silhouette': 0.4203253013498234, 'num_points': 8}, {'avg_silhouette': 0.6890506403272597, 'num_points': 7}, {'avg_silhouette': 0.8246320698886191, 'num_points': 8}, {'avg_silhouette': 0.8832029752965548, 'num_points': 8}, {'avg_silhouette': 0.6936271542962512, 'num_points': 25}, {'avg_silhouette': 0.6452213402448459, 'num_points': 17}, {'avg_silhouette': 0.6129012151886689, 'num_points': 24}, {'avg_silhouette': 0.6651952683220743, 'num_points': 8}, {'avg_silhouette': 0.4131981511646596, 'num_points': 6}, {'avg_silhouette': 0.5166274551790341, 'num_points': 5}, {'avg_silhouette': 0.7209267308462893, 'num_points': 7}, {'avg_silhouette': 0.4147035297175597, 'num_points': 6}, {'avg_silhouette': 0.5608353650595703, 'num_points': 7}, {'avg_silhouette': 0.7641973898273233, 'num_points': 5}, {'avg_silhouette': 0.46897264374464215, 'num_points': 5}, {'avg_silhouette': 0.7827767535583765, 'num_points': 5}, {'avg_silhouette': 0.4709468283543661, 'num_points': 5}, {'avg_silhouette': 0.7101009725166364, 'num_points': 15}, {'avg_silhouette': 0.544722791997091, 'num_points': 4}, {'avg_silhouette': 0.863910530480386, 'num_points': 11}, {'avg_silhouette': 0.9013126007693806, 'num_points': 5}, {'avg_silhouette': 0.7700782115478451, 'num_points': 32}, {'avg_silhouette': 0.6655310066221041, 'num_points': 5}, {'avg_silhouette': 0.8117822614269017, 'num_points': 5}]",5.0,92,0.12835078637100727,,2,0.3122697119168194
DBSCAN,,0.217275126832158,"[{'avg_silhouette': 0.3450282612883632, 'num_points': 96}, {'avg_silhouette': 0.36311135107988646, 'num_points': 274}, {'avg_silhouette': 0.4975788177228546, 'num_points': 1808}, {'avg_silhouette': 0.48338882837109914, 'num_points': 43}, {'avg_silhouette': 0.4594440837195822, 'num_points': 181}, {'avg_silhouette': 0.14736525788229804, 'num_points': 930}, {'avg_silhouette': 0.46569749017799295, 'num_points': 17}, {'avg_silhouette': 0.4359257325028678, 'num_points': 81}, {'avg_silhouette': 0.2923329288405464, 'num_points': 33}, {'avg_silhouette': 0.23692903118134565, 'num_points': 271}, {'avg_silhouette': 0.25598015904971094, 'num_points': 54}, {'avg_silhouette': 0.4135865614400292, 'num_points': 34}, {'avg_silhouette': 0.3586389285645452, 'num_points': 44}, {'avg_silhouette': 0.3126380850138552, 'num_points': 202}, {'avg_silhouette': 0.47832459690696766, 'num_points': 42}, {'avg_silhouette': 0.4019136791647024, 'num_points': 229}, {'avg_silhouette': 0.42008138815281487, 'num_points': 51}, {'avg_silhouette': 0.387044034572391, 'num_points': 66}, {'avg_silhouette': 0.35302529322608356, 'num_points': 69}, {'avg_silhouette': 0.4229451610001651, 'num_points': 23}, {'avg_silhouette': 0.4283323239672251, 'num_points': 22}, {'avg_silhouette': 0.31877599999753414, 'num_points': 30}, {'avg_silhouette': 0.806340026017819, 'num_points': 18}, {'avg_silhouette': 0.6436267352443101, 'num_points': 23}, {'avg_silhouette': 0.3921787702131128, 'num_points': 25}, {'avg_silhouette': 0.47464993100080266, 'num_points': 15}, {'avg_silhouette': 0.4387343019708761, 'num_points': 15}, {'avg_silhouette': 0.5660678281105328, 'num_points': 24}, {'avg_silhouette': 0.3924410205736258, 'num_points': 28}, {'avg_silhouette': 0.6416817591224016, 'num_points': 17}, {'avg_silhouette': 0.5414584382898793, 'num_points': 47}, {'avg_silhouette': 0.710774638439846, 'num_points': 10}, {'avg_silhouette': 0.30918912751781946, 'num_points': 105}, {'avg_silhouette': 0.4572056135683983, 'num_points': 16}, {'avg_silhouette': 0.71203948787199, 'num_points': 14}, {'avg_silhouette': 0.8459602822084816, 'num_points': 13}, {'avg_silhouette': 0.3252046269724476, 'num_points': 15}, {'avg_silhouette': 0.3658988566904188, 'num_points': 23}, {'avg_silhouette': 0.8719682963283037, 'num_points': 13}, {'avg_silhouette': 0.6376277562628971, 'num_points': 16}, {'avg_silhouette': 0.62676399333765, 'num_points': 29}, {'avg_silhouette': 0.6372287121423723, 'num_points': 18}, {'avg_silhouette': 0.7749627184807741, 'num_points': 25}, {'avg_silhouette': 0.7865097707804337, 'num_points': 23}, {'avg_silhouette': 0.6637855837456015, 'num_points': 11}, {'avg_silhouette': 0.8336427372889694, 'num_points': 16}, {'avg_silhouette': 0.8644668078713359, 'num_points': 11}, {'avg_silhouette': 0.9390760149883404, 'num_points': 32}]",10.0,48,0.12049302053234762,,2,0.32247203780257633
DBSCAN,,0.17727512683215796,"[{'avg_silhouette': 0.38015475517247904, 'num_points': 90}, {'avg_silhouette': 0.348358884827532, 'num_points': 269}, {'avg_silhouette': 0.4907739895221902, 'num_points': 1786}, {'avg_silhouette': 0.32423486158966447, 'num_points': 41}, {'avg_silhouette': 0.40042669997601193, 'num_points': 180}, {'avg_silhouette': 0.12421952609605821, 'num_points': 909}, {'avg_silhouette': 0.5256054258984749, 'num_points': 14}, {'avg_silhouette': 0.24901181561649272, 'num_points': 71}, {'avg_silhouette': 0.29964752587408316, 'num_points': 30}, {'avg_silhouette': 0.42122919048076213, 'num_points': 86}, {'avg_silhouette': 0.29462542284971205, 'num_points': 48}, {'avg_silhouette': 0.36973228015276616, 'num_points': 36}, {'avg_silhouette': 0.37766315694244507, 'num_points': 38}, {'avg_silhouette': 0.3146693817812059, 'num_points': 195}, {'avg_silhouette': 0.7047044088183457, 'num_points': 6}, {'avg_silhouette': 0.4105846234571997, 'num_points': 41}, {'avg_silhouette': 0.42424355411333553, 'num_points': 221}, {'avg_silhouette': 0.3587985050679222, 'num_points': 49}, {'avg_silhouette': 0.41241114069910845, 'num_points': 166}, {'avg_silhouette': 0.42346062318126937, 'num_points': 8}, {'avg_silhouette': 0.43124847817241735, 'num_points': 58}, {'avg_silhouette': 0.36691205387624304, 'num_points': 65}, {'avg_silhouette': 0.2726315608191275, 'num_points': 15}, {'avg_silhouette': 0.42998359342217557, 'num_points': 21}, {'avg_silhouette': 0.575942756781359, 'num_points': 6}, {'avg_silhouette': 0.3172780658879485, 'num_points': 30}, {'avg_silhouette': 0.8464720003577658, 'num_points': 14}, {'avg_silhouette': 0.6600554993103654, 'num_points': 22}, {'avg_silhouette': 0.3890792270199612, 'num_points': 5}, {'avg_silhouette': 0.5575379110459817, 'num_points': 5}, {'avg_silhouette': 0.6552230421388028, 'num_points': 16}, {'avg_silhouette': 0.3995903228242194, 'num_points': 23}, {'avg_silhouette': 0.35424367229996784, 'num_points': 12}, {'avg_silhouette': 0.6951528736496593, 'num_points': 5}, {'avg_silhouette': 0.4670629757103759, 'num_points': 8}, {'avg_silhouette': 0.5077749964117515, 'num_points': 14}, {'avg_silhouette': 0.792911392688934, 'num_points': 8}, {'avg_silhouette': 0.5683783807439687, 'num_points': 7}, {'avg_silhouette': 0.5168513138487044, 'num_points': 12}, {'avg_silhouette': 0.6034367362293397, 'num_points': 19}, {'avg_silhouette': 0.474141976681354, 'num_points': 23}, {'avg_silhouette': 0.6116628497545639, 'num_points': 5}, {'avg_silhouette': 0.2720376027715961, 'num_points': 6}, {'avg_silhouette': 0.8237302840943423, 'num_points': 8}, {'avg_silhouette': 0.6654837738923434, 'num_points': 5}, {'avg_silhouette': 0.44147241866661374, 'num_points': 7}, {'avg_silhouette': 0.571435868772155, 'num_points': 45}, {'avg_silhouette': 0.6320871066743201, 'num_points': 8}, {'avg_silhouette': 0.4134153874469149, 'num_points': 5}, {'avg_silhouette': 0.7524139889571139, 'num_points': 7}, {'avg_silhouette': 0.3002100348880502, 'num_points': 92}, {'avg_silhouette': 0.5918365616322859, 'num_points': 5}, {'avg_silhouette': 0.4967785510559858, 'num_points': 13}, {'avg_silhouette': 0.47479264430396795, 'num_points': 14}, {'avg_silhouette': 0.845706521577749, 'num_points': 13}, {'avg_silhouette': 0.5219229270055968, 'num_points': 8}, {'avg_silhouette': 0.8085697905116143, 'num_points': 6}, {'avg_silhouette': 0.7492434390786682, 'num_points': 7}, {'avg_silhouette': 0.8752428567043349, 'num_points': 5}, {'avg_silhouette': 0.9026261053593866, 'num_points': 6}, {'avg_silhouette': 0.38039305039100874, 'num_points': 5}, {'avg_silhouette': 0.7377929267544144, 'num_points': 6}, {'avg_silhouette': 0.4138079351927734, 'num_points': 19}, {'avg_silhouette': 0.8849094798265965, 'num_points': 12}, {'avg_silhouette': 0.43402714959046995, 'num_points': 15}, {'avg_silhouette': 0.46452166615277335, 'num_points': 6}, {'avg_silhouette': 0.6304836369853284, 'num_points': 5}, {'avg_silhouette': 0.6383460463543899, 'num_points': 26}, {'avg_silhouette': 0.6548847968740917, 'num_points': 5}, {'avg_silhouette': 0.4203253013498234, 'num_points': 8}, {'avg_silhouette': 0.8830231583767191, 'num_points': 8}, {'avg_silhouette': 0.6887457809362233, 'num_points': 7}, {'avg_silhouette': 0.7050112754302686, 'num_points': 24}, {'avg_silhouette': 0.6590996199162678, 'num_points': 16}, {'avg_silhouette': 0.6159852546860176, 'num_points': 23}, {'avg_silhouette': 0.6765326504994481, 'num_points': 5}, {'avg_silhouette': 0.6992447776640413, 'num_points': 7}, {'avg_silhouette': 0.4808083524408587, 'num_points': 5}, {'avg_silhouette': 0.5158849984229443, 'num_points': 5}, {'avg_silhouette': 0.721103170116398, 'num_points': 7}, {'avg_silhouette': 0.6138159987460148, 'num_points': 6}, {'avg_silhouette': 0.6384074337972474, 'num_points': 8}, {'avg_silhouette': 0.8681771984132841, 'num_points': 6}, {'avg_silhouette': 0.7637479257181827, 'num_points': 5}, {'avg_silhouette': 0.7824917148281587, 'num_points': 5}, {'avg_silhouette': 0.4147035297175597, 'num_points': 6}, {'avg_silhouette': 0.7101009725166364, 'num_points': 15}, {'avg_silhouette': 0.4709468283543661, 'num_points': 5}, {'avg_silhouette': 0.544722791997091, 'num_points': 4}, {'avg_silhouette': 0.8818190049659297, 'num_points': 10}, {'avg_silhouette': 0.901658225471088, 'num_points': 5}, {'avg_silhouette': 0.7700782115478451, 'num_points': 32}, {'avg_silhouette': 0.6655310066221041, 'num_points': 5}, {'avg_silhouette': 0.8117822614269017, 'num_points': 5}]",5.0,94,0.11713984872636223,,2,0.3074967578091242
DBSCAN,,0.20727512683215799,"[{'avg_silhouette': 0.3435038884019881, 'num_points': 96}, {'avg_silhouette': 0.3664348001190394, 'num_points': 273}, {'avg_silhouette': 0.49905136645418974, 'num_points': 1799}, {'avg_silhouette': 0.4798893670419423, 'num_points': 43}, {'avg_silhouette': 0.46275920848010704, 'num_points': 180}, {'avg_silhouette': 0.13381780358817297, 'num_points': 923}, {'avg_silhouette': 0.46420217994369056, 'num_points': 17}, {'avg_silhouette': 0.4653085281710332, 'num_points': 77}, {'avg_silhouette': 0.3012479669284314, 'num_points': 32}, {'avg_silhouette': 0.40701793120675567, 'num_points': 92}, {'avg_silhouette': 0.2565286410697445, 'num_points': 53}, {'avg_silhouette': 0.4128685084920245, 'num_points': 34}, {'avg_silhouette': 0.3666903063820919, 'num_points': 42}, {'avg_silhouette': 0.31435086778740395, 'num_points': 201}, {'avg_silhouette': 0.4957924860814913, 'num_points': 41}, {'avg_silhouette': 0.4036952061045647, 'num_points': 228}, {'avg_silhouette': 0.43730597041132596, 'num_points': 49}, {'avg_silhouette': 0.4021667203173201, 'num_points': 171}, {'avg_silhouette': 0.3924981707670103, 'num_points': 65}, {'avg_silhouette': 0.37600634230234314, 'num_points': 67}, {'avg_silhouette': 0.45965765897314914, 'num_points': 19}, {'avg_silhouette': 0.4368281429548343, 'num_points': 21}, {'avg_silhouette': 0.3172780658879485, 'num_points': 30}, {'avg_silhouette': 0.8063010717948207, 'num_points': 18}, {'avg_silhouette': 0.6600554993103654, 'num_points': 22}, {'avg_silhouette': 0.40684022165937545, 'num_points': 24}, {'avg_silhouette': 0.47378111744200485, 'num_points': 15}, {'avg_silhouette': 0.4313765794148612, 'num_points': 15}, {'avg_silhouette': 0.6154346399522738, 'num_points': 21}, {'avg_silhouette': 0.4125371241230265, 'num_points': 27}, {'avg_silhouette': 0.6416817591224016, 'num_points': 17}, {'avg_silhouette': 0.5405895660760269, 'num_points': 47}, {'avg_silhouette': 0.30885964252665693, 'num_points': 103}, {'avg_silhouette': 0.4439652157850689, 'num_points': 15}, {'avg_silhouette': 0.7118657027395991, 'num_points': 14}, {'avg_silhouette': 0.8458942488067982, 'num_points': 13}, {'avg_silhouette': 0.4027603665629413, 'num_points': 21}, {'avg_silhouette': 0.8719284851828217, 'num_points': 13}, {'avg_silhouette': 0.637406442992425, 'num_points': 16}, {'avg_silhouette': 0.6262914794781239, 'num_points': 29}, {'avg_silhouette': 0.6368856815732461, 'num_points': 18}, {'avg_silhouette': 0.7749073999930626, 'num_points': 25}, {'avg_silhouette': 0.7864646016688789, 'num_points': 23}, {'avg_silhouette': 0.4665505688047529, 'num_points': 10}, {'avg_silhouette': 0.6728615007218111, 'num_points': 10}, {'avg_silhouette': 0.8336107464420066, 'num_points': 16}, {'avg_silhouette': 0.8644540340954396, 'num_points': 11}, {'avg_silhouette': 0.9390563620370911, 'num_points': 32}]",10.0,48,0.11670858592336844,,2,0.3164345850211814
HDBSCAN,,,"[{'avg_silhouette': 0.5455735971982922, 'num_points': 351}, {'avg_silhouette': 0.5676835868384639, 'num_points': 244}, {'avg_silhouette': 0.47632456724210354, 'num_points': 156}, {'avg_silhouette': 0.4249492408372772, 'num_points': 192}, {'avg_silhouette': 0.5422853984512037, 'num_points': 1715}, {'avg_silhouette': 0.5080977488289351, 'num_points': 191}, {'avg_silhouette': 0.4454279492040713, 'num_points': 287}, {'avg_silhouette': 0.34160675188279804, 'num_points': 1198}]",,8,0.11250996556293724,150.0,2,0.4419460751670009
DBSCAN,,0.19727512683215798,"[{'avg_silhouette': 0.3481401408948001, 'num_points': 95}, {'avg_silhouette': 0.3701386561005901, 'num_points': 272}, {'avg_silhouette': 0.5013444516840928, 'num_points': 1789}, {'avg_silhouette': 0.48960398354528795, 'num_points': 42}, {'avg_silhouette': 0.46275920848010704, 'num_points': 180}, {'avg_silhouette': 0.13037922357813594, 'num_points': 917}, {'avg_silhouette': 0.47443285807338764, 'num_points': 16}, {'avg_silhouette': 0.46900928219935756, 'num_points': 76}, {'avg_silhouette': 0.29947118224134417, 'num_points': 32}, {'avg_silhouette': 0.41270323778273615, 'num_points': 91}, {'avg_silhouette': 0.25947112274994205, 'num_points': 51}, {'avg_silhouette': 0.4128685084920245, 'num_points': 34}, {'avg_silhouette': 0.3678287403059432, 'num_points': 40}, {'avg_silhouette': 0.325211877906911, 'num_points': 197}, {'avg_silhouette': 0.4957924860814913, 'num_points': 41}, {'avg_silhouette': 0.423698430830692, 'num_points': 222}, {'avg_silhouette': 0.4370952569248586, 'num_points': 49}, {'avg_silhouette': 0.41067597585997007, 'num_points': 168}, {'avg_silhouette': 0.40539823100344363, 'num_points': 63}, {'avg_silhouette': 0.3990785645233715, 'num_points': 65}, {'avg_silhouette': 0.4653866117467856, 'num_points': 18}, {'avg_silhouette': 0.4659432157599402, 'num_points': 20}, {'avg_silhouette': 0.3172780658879485, 'num_points': 30}, {'avg_silhouette': 0.8222812663826083, 'num_points': 16}, {'avg_silhouette': 0.6773630590718318, 'num_points': 21}, {'avg_silhouette': 0.41408445206018824, 'num_points': 23}, {'avg_silhouette': 0.42504464518648016, 'num_points': 15}, {'avg_silhouette': 0.6522622446905781, 'num_points': 17}, {'avg_silhouette': 0.5078449274912963, 'num_points': 14}, {'avg_silhouette': 0.4249486227888062, 'num_points': 26}, {'avg_silhouette': 0.6394177899683028, 'num_points': 17}, {'avg_silhouette': 0.5397448629247799, 'num_points': 47}, {'avg_silhouette': 0.31381187358540374, 'num_points': 101}, {'avg_silhouette': 0.4439652157850689, 'num_points': 15}, {'avg_silhouette': 0.711674209212206, 'num_points': 14}, {'avg_silhouette': 0.8458075129016074, 'num_points': 13}, {'avg_silhouette': 0.871879945155836, 'num_points': 13}, {'avg_silhouette': 0.40935860558969883, 'num_points': 20}, {'avg_silhouette': 0.6584089514989819, 'num_points': 15}, {'avg_silhouette': 0.6400866548514151, 'num_points': 28}, {'avg_silhouette': 0.7841936968494572, 'num_points': 22}, {'avg_silhouette': 0.6594519355308817, 'num_points': 16}, {'avg_silhouette': 0.786399474534764, 'num_points': 23}, {'avg_silhouette': 0.4665505688047529, 'num_points': 10}, {'avg_silhouette': 0.8336107464420066, 'num_points': 16}, {'avg_silhouette': 0.8644540340954396, 'num_points': 11}, {'avg_silhouette': 0.9390301946545683, 'num_points': 32}]",10.0,47,0.10956684626666541,,2,0.31586183763111436
DBSCAN,,0.18727512683215797,"[{'avg_silhouette': 0.36536496962725784, 'num_points': 92}, {'avg_silhouette': 0.38085446818328983, 'num_points': 269}, {'avg_silhouette': 0.49310391172131346, 'num_points': 1784}, {'avg_silhouette': 0.5176283839834941, 'num_points': 38}, {'avg_silhouette': 0.46275920848010704, 'num_points': 180}, {'avg_silhouette': 0.1404551757414943, 'num_points': 899}, {'avg_silhouette': 0.5261924419125068, 'num_points': 14}, {'avg_silhouette': 0.5081887202618804, 'num_points': 68}, {'avg_silhouette': 0.3425858197758971, 'num_points': 28}, {'avg_silhouette': 0.4316688499530514, 'num_points': 87}, {'avg_silhouette': 0.36759388373539764, 'num_points': 40}, {'avg_silhouette': 0.32310363909600853, 'num_points': 194}, {'avg_silhouette': 0.4875714989922887, 'num_points': 41}, {'avg_silhouette': 0.4261939915729602, 'num_points': 221}, {'avg_silhouette': 0.4370952569248586, 'num_points': 49}, {'avg_silhouette': 0.40883788936671506, 'num_points': 167}, {'avg_silhouette': 0.4239491112757327, 'num_points': 59}, {'avg_silhouette': 0.4128685084920245, 'num_points': 34}, {'avg_silhouette': 0.37653015171603027, 'num_points': 65}, {'avg_silhouette': 0.5119721536357692, 'num_points': 15}, {'avg_silhouette': 0.46590180108270723, 'num_points': 20}, {'avg_silhouette': 0.3353996674193817, 'num_points': 29}, {'avg_silhouette': 0.28881514369657646, 'num_points': 47}, {'avg_silhouette': 0.6773630590718318, 'num_points': 21}, {'avg_silhouette': 0.3995903228242194, 'num_points': 23}, {'avg_silhouette': 0.5659050162911851, 'num_points': 11}, {'avg_silhouette': 0.650076082711804, 'num_points': 17}, {'avg_silhouette': 0.5074397629361879, 'num_points': 14}, {'avg_silhouette': 0.48577780879709104, 'num_points': 23}, {'avg_silhouette': 0.8468177156454837, 'num_points': 14}, {'avg_silhouette': 0.6844743827361937, 'num_points': 14}, {'avg_silhouette': 0.5370233847026307, 'num_points': 47}, {'avg_silhouette': 0.33315055717054654, 'num_points': 96}, {'avg_silhouette': 0.4680787263590491, 'num_points': 14}, {'avg_silhouette': 0.7111152570546466, 'num_points': 14}, {'avg_silhouette': 0.8456796336681944, 'num_points': 13}, {'avg_silhouette': 0.8718616005907699, 'num_points': 13}, {'avg_silhouette': 0.4039679546945658, 'num_points': 20}, {'avg_silhouette': 0.6576841609132469, 'num_points': 15}, {'avg_silhouette': 0.639393314016733, 'num_points': 28}, {'avg_silhouette': 0.7860078842998289, 'num_points': 21}, {'avg_silhouette': 0.6585085223487883, 'num_points': 16}, {'avg_silhouette': 0.8095590279858107, 'num_points': 16}, {'avg_silhouette': 0.46503845287315226, 'num_points': 10}, {'avg_silhouette': 0.8505326927302778, 'num_points': 15}, {'avg_silhouette': 0.8644540340954396, 'num_points': 11}, {'avg_silhouette': 0.9390194801728228, 'num_points': 32}]",10.0,47,0.09847288048103045,,2,0.3167795437314039
HDBSCAN,,,"[{'avg_silhouette': 0.540054545979309, 'num_points': 354}, {'avg_silhouette': 0.5655974393450216, 'num_points': 245}, {'avg_silhouette': 0.40984847983877687, 'num_points': 181}, {'avg_silhouette': 0.38541932295759934, 'num_points': 227}, {'avg_silhouette': 0.37340747245588835, 'num_points': 155}, {'avg_silhouette': 0.36854461053310855, 'num_points': 341}, {'avg_silhouette': 0.5398244526870165, 'num_points': 1727}, {'avg_silhouette': 0.48853790812670156, 'num_points': 200}, {'avg_silhouette': 0.25477919675130095, 'num_points': 796}, {'avg_silhouette': 0.5107787099670749, 'num_points': 131}]",,10,0.09772509179539708,105.0,2,0.39730182471915876
DBSCAN,,0.16727512683215795,"[{'avg_silhouette': 0.39427955763213035, 'num_points': 85}, {'avg_silhouette': 0.35043431527463453, 'num_points': 267}, {'avg_silhouette': 0.4922878303267929, 'num_points': 1759}, {'avg_silhouette': 0.2373777420325742, 'num_points': 30}, {'avg_silhouette': 0.40042669997601193, 'num_points': 180}, {'avg_silhouette': 0.046168914881937445, 'num_points': 872}, {'avg_silhouette': 0.5887368259535936, 'num_points': 12}, {'avg_silhouette': 0.23721678088584564, 'num_points': 67}, {'avg_silhouette': 0.29476312265670024, 'num_points': 30}, {'avg_silhouette': 0.39707548398883213, 'num_points': 85}, {'avg_silhouette': 0.30018286835984187, 'num_points': 44}, {'avg_silhouette': 0.36973228015276616, 'num_points': 36}, {'avg_silhouette': 0.39350586512774455, 'num_points': 36}, {'avg_silhouette': 0.19921252895253347, 'num_points': 171}, {'avg_silhouette': 0.7043914479826715, 'num_points': 6}, {'avg_silhouette': 0.4450953563256233, 'num_points': 39}, {'avg_silhouette': 0.421164369076997, 'num_points': 220}, {'avg_silhouette': 0.3720759493671981, 'num_points': 48}, {'avg_silhouette': 0.4165858032333046, 'num_points': 160}, {'avg_silhouette': 0.6222778820115343, 'num_points': 8}, {'avg_silhouette': 0.43933495394983013, 'num_points': 57}, {'avg_silhouette': 0.3692211506202277, 'num_points': 64}, {'avg_silhouette': 0.2720202190060234, 'num_points': 15}, {'avg_silhouette': 0.4176960765374521, 'num_points': 21}, {'avg_silhouette': 0.5698620147930119, 'num_points': 6}, {'avg_silhouette': 0.32396346907060536, 'num_points': 29}, {'avg_silhouette': 0.49847924324292975, 'num_points': 8}, {'avg_silhouette': 0.3500975255303907, 'num_points': 7}, {'avg_silhouette': 0.6598330656840979, 'num_points': 22}, {'avg_silhouette': 0.5520302968489605, 'num_points': 5}, {'avg_silhouette': 0.6552230421388028, 'num_points': 16}, {'avg_silhouette': 0.4086537068195195, 'num_points': 22}, {'avg_silhouette': 0.1379693118014315, 'num_points': 8}, {'avg_silhouette': 0.19183311212792867, 'num_points': 17}, {'avg_silhouette': 0.6951528736496593, 'num_points': 5}, {'avg_silhouette': 0.5684585395977075, 'num_points': 7}, {'avg_silhouette': 0.792911392688934, 'num_points': 8}, {'avg_silhouette': 0.5679098400071497, 'num_points': 7}, {'avg_silhouette': 0.5653638177718041, 'num_points': 11}, {'avg_silhouette': 0.6267723461750677, 'num_points': 19}, {'avg_silhouette': 0.5063924971126345, 'num_points': 14}, {'avg_silhouette': 0.4701103489730528, 'num_points': 23}, {'avg_silhouette': 0.8109716349076512, 'num_points': 8}, {'avg_silhouette': 0.6652670850349013, 'num_points': 5}, {'avg_silhouette': 0.611027273455291, 'num_points': 5}, {'avg_silhouette': 0.4875708820700405, 'num_points': 7}, {'avg_silhouette': 0.465831490907427, 'num_points': 6}, {'avg_silhouette': 0.5882667954343666, 'num_points': 44}, {'avg_silhouette': 0.6991505111342761, 'num_points': 7}, {'avg_silhouette': 0.7520008347410821, 'num_points': 7}, {'avg_silhouette': 0.33996556950902374, 'num_points': 90}, {'avg_silhouette': 0.5896658515644895, 'num_points': 5}, {'avg_silhouette': 0.4967785510559858, 'num_points': 13}, {'avg_silhouette': 0.3719856147070139, 'num_points': 20}, {'avg_silhouette': 0.47485400026449975, 'num_points': 14}, {'avg_silhouette': 0.8451426252796915, 'num_points': 13}, {'avg_silhouette': 0.5219229270055968, 'num_points': 8}, {'avg_silhouette': 0.8085697905116143, 'num_points': 6}, {'avg_silhouette': 0.7461194764448409, 'num_points': 7}, {'avg_silhouette': 0.8752428567043349, 'num_points': 5}, {'avg_silhouette': 0.9025599759734954, 'num_points': 6}, {'avg_silhouette': 0.38039305039100874, 'num_points': 5}, {'avg_silhouette': 0.7369999763260098, 'num_points': 6}, {'avg_silhouette': 0.44105945806212005, 'num_points': 18}, {'avg_silhouette': 0.8848352581302542, 'num_points': 12}, {'avg_silhouette': 0.5181886521508569, 'num_points': 13}, {'avg_silhouette': 0.46122432454953116, 'num_points': 6}, {'avg_silhouette': 0.6198897977797977, 'num_points': 5}, {'avg_silhouette': 0.6441654819716349, 'num_points': 25}, {'avg_silhouette': 0.6524372855319861, 'num_points': 5}, {'avg_silhouette': 0.483210117778583, 'num_points': 7}, {'avg_silhouette': 0.8834690829378715, 'num_points': 8}, {'avg_silhouette': 0.6882015269338798, 'num_points': 7}, {'avg_silhouette': 0.6673506514878677, 'num_points': 15}, {'avg_silhouette': 0.7207358788711311, 'num_points': 20}, {'avg_silhouette': 0.29868860048846835, 'num_points': 8}, {'avg_silhouette': 0.3164763419051055, 'num_points': 12}, {'avg_silhouette': 0.4951320536124676, 'num_points': 5}, {'avg_silhouette': 0.6986766082620198, 'num_points': 7}, {'avg_silhouette': 0.2560575376562262, 'num_points': 7}, {'avg_silhouette': 0.7150025181712344, 'num_points': 7}, {'avg_silhouette': 0.6129450601003529, 'num_points': 6}, {'avg_silhouette': 0.46964071327903456, 'num_points': 8}, {'avg_silhouette': 0.8681771984132841, 'num_points': 6}, {'avg_silhouette': 0.37505806729192087, 'num_points': 3}, {'avg_silhouette': 0.7635217896307082, 'num_points': 5}, {'avg_silhouette': 0.7820091047376254, 'num_points': 5}, {'avg_silhouette': 0.47620012165040865, 'num_points': 5}, {'avg_silhouette': 0.7321268744845838, 'num_points': 14}, {'avg_silhouette': 0.4709468283543661, 'num_points': 5}, {'avg_silhouette': 0.8822268600467421, 'num_points': 10}, {'avg_silhouette': 0.9008095761571955, 'num_points': 5}, {'avg_silhouette': 0.4788664905154948, 'num_points': 9}, {'avg_silhouette': 0.7700782115478451, 'num_points': 32}, {'avg_silhouette': 0.6655310066221041, 'num_points': 5}, {'avg_silhouette': 0.8117822614269017, 'num_points': 5}]",5.0,96,0.08882395125269031,,2,0.26922837260436516
DBSCAN,,0.17727512683215796,"[{'avg_silhouette': 0.38721243724557397, 'num_points': 87}, {'avg_silhouette': 0.4478795328490731, 'num_points': 237}, {'avg_silhouette': 0.497843094084011, 'num_points': 1773}, {'avg_silhouette': 0.5187854193637271, 'num_points': 38}, {'avg_silhouette': 0.46275920848010704, 'num_points': 180}, {'avg_silhouette': 0.13789678712313957, 'num_points': 872}, {'avg_silhouette': 0.5497462784407321, 'num_points': 13}, {'avg_silhouette': 0.5209145951618641, 'num_points': 66}, {'avg_silhouette': 0.3431920443084659, 'num_points': 27}, {'avg_silhouette': 0.43754403197626063, 'num_points': 86}, {'avg_silhouette': 0.44504132242995825, 'num_points': 33}, {'avg_silhouette': 0.46836976764523175, 'num_points': 30}, {'avg_silhouette': 0.32125781583908997, 'num_points': 192}, {'avg_silhouette': 0.5039957091872068, 'num_points': 40}, {'avg_silhouette': 0.42646899651594117, 'num_points': 220}, {'avg_silhouette': 0.4372843406648661, 'num_points': 49}, {'avg_silhouette': 0.41419102126751334, 'num_points': 164}, {'avg_silhouette': 0.445932199078835, 'num_points': 56}, {'avg_silhouette': 0.4128685084920245, 'num_points': 34}, {'avg_silhouette': 0.37653015171603027, 'num_points': 65}, {'avg_silhouette': 0.5078803643532013, 'num_points': 15}, {'avg_silhouette': 0.5117940664266876, 'num_points': 18}, {'avg_silhouette': 0.3278033990583994, 'num_points': 29}, {'avg_silhouette': 0.6773630590718318, 'num_points': 21}, {'avg_silhouette': 0.3032890565014666, 'num_points': 45}, {'avg_silhouette': 0.4085030130259606, 'num_points': 22}, {'avg_silhouette': 0.4990746272375995, 'num_points': 22}, {'avg_silhouette': 0.8488694841591116, 'num_points': 10}, {'avg_silhouette': 0.6844743827361937, 'num_points': 14}, {'avg_silhouette': 0.5486428871984355, 'num_points': 45}, {'avg_silhouette': 0.5659050162911851, 'num_points': 11}, {'avg_silhouette': 0.5066654020175733, 'num_points': 14}, {'avg_silhouette': 0.6926896523474004, 'num_points': 13}, {'avg_silhouette': 0.3406950836076739, 'num_points': 92}, {'avg_silhouette': 0.6591038537105435, 'num_points': 13}, {'avg_silhouette': 0.729094784920695, 'num_points': 13}, {'avg_silhouette': 0.8455685244923964, 'num_points': 13}, {'avg_silhouette': 0.884858321491982, 'num_points': 12}, {'avg_silhouette': 0.4413833174338311, 'num_points': 18}, {'avg_silhouette': 0.6572711564444859, 'num_points': 15}, {'avg_silhouette': 0.658344058076642, 'num_points': 26}, {'avg_silhouette': 0.8030061206731953, 'num_points': 19}, {'avg_silhouette': 0.6746856428200504, 'num_points': 14}, {'avg_silhouette': 0.8163711287928651, 'num_points': 14}, {'avg_silhouette': 0.8505326927302778, 'num_points': 15}, {'avg_silhouette': 0.8822268600467421, 'num_points': 10}, {'avg_silhouette': 0.9389990790871611, 'num_points': 32}]",10.0,47,0.0885998895796506,,2,0.3178699406035753
HDBSCAN,,,"[{'avg_silhouette': 0.5310960292995968, 'num_points': 26}, {'avg_silhouette': 0.42884133451122264, 'num_points': 28}, {'avg_silhouette': 0.39385029025504287, 'num_points': 38}, {'avg_silhouette': 0.671410930391977, 'num_points': 19}, {'avg_silhouette': 0.37203152924451866, 'num_points': 23}, {'avg_silhouette': 0.5217845499896419, 'num_points': 21}, {'avg_silhouette': 0.4313135296094321, 'num_points': 63}, {'avg_silhouette': 0.6222038699954406, 'num_points': 58}, {'avg_silhouette': 0.2507769065348675, 'num_points': 30}, {'avg_silhouette': 0.38795891299539775, 'num_points': 15}, {'avg_silhouette': 0.3743602029898039, 'num_points': 70}, {'avg_silhouette': 0.3249313762141648, 'num_points': 62}, {'avg_silhouette': 0.3759855254336083, 'num_points': 15}, {'avg_silhouette': 0.560478656742586, 'num_points': 9}, {'avg_silhouette': 0.5277251591919492, 'num_points': 27}, {'avg_silhouette': 0.3444089753049126, 'num_points': 51}, {'avg_silhouette': 0.5614700515803743, 'num_points': 11}, {'avg_silhouette': 0.37545941212263445, 'num_points': 14}, {'avg_silhouette': 0.530710900364925, 'num_points': 12}, {'avg_silhouette': 0.46276923918724694, 'num_points': 15}, {'avg_silhouette': 0.6462435876433105, 'num_points': 19}, {'avg_silhouette': 0.3355739572494456, 'num_points': 42}, {'avg_silhouette': 0.3799470389697078, 'num_points': 14}, {'avg_silhouette': 0.5679756581873986, 'num_points': 21}, {'avg_silhouette': 0.38276288434854927, 'num_points': 47}, {'avg_silhouette': 0.33390963802548623, 'num_points': 12}, {'avg_silhouette': 0.6323136883548387, 'num_points': 9}, {'avg_silhouette': 0.4788347819245071, 'num_points': 11}, {'avg_silhouette': 0.4482382142702978, 'num_points': 12}, {'avg_silhouette': 0.37503193798796797, 'num_points': 18}, {'avg_silhouette': 0.38487194421798393, 'num_points': 34}, {'avg_silhouette': 0.5358941659235815, 'num_points': 12}, {'avg_silhouette': 0.2868930074309831, 'num_points': 42}, {'avg_silhouette': 0.45307025081557967, 'num_points': 13}, {'avg_silhouette': 0.4806242484607901, 'num_points': 25}, {'avg_silhouette': 0.28798847784499937, 'num_points': 36}, {'avg_silhouette': 0.43651059130015846, 'num_points': 33}, {'avg_silhouette': 0.4924913454338392, 'num_points': 9}, {'avg_silhouette': 0.45033598006966347, 'num_points': 186}, {'avg_silhouette': 0.39163798475849526, 'num_points': 36}, {'avg_silhouette': 0.48693471992753484, 'num_points': 14}, {'avg_silhouette': 0.4160017084755209, 'num_points': 12}, {'avg_silhouette': 0.4112176388605639, 'num_points': 51}, {'avg_silhouette': 0.3245826606826254, 'num_points': 16}, {'avg_silhouette': 0.5462826209427007, 'num_points': 45}, {'avg_silhouette': 0.31892520947622605, 'num_points': 106}, {'avg_silhouette': 0.3190818449374691, 'num_points': 26}, {'avg_silhouette': 0.2211979961096009, 'num_points': 66}, {'avg_silhouette': 0.3204497698036534, 'num_points': 77}, {'avg_silhouette': 0.3536439622536125, 'num_points': 12}, {'avg_silhouette': 0.484273106079022, 'num_points': 226}, {'avg_silhouette': 0.4751316913122221, 'num_points': 27}, {'avg_silhouette': 0.3278033990583994, 'num_points': 29}, {'avg_silhouette': 0.5039957091872068, 'num_points': 40}, {'avg_silhouette': 0.3642889723904406, 'num_points': 21}, {'avg_silhouette': 0.4577801731374743, 'num_points': 14}, {'avg_silhouette': 0.38842040813017525, 'num_points': 65}, {'avg_silhouette': 0.48218842299543196, 'num_points': 46}, {'avg_silhouette': 0.40191003638484385, 'num_points': 64}, {'avg_silhouette': 0.4368839319671962, 'num_points': 18}, {'avg_silhouette': 0.31681555523325167, 'num_points': 40}, {'avg_silhouette': 0.2942430492122645, 'num_points': 17}, {'avg_silhouette': 0.43772518755658185, 'num_points': 14}, {'avg_silhouette': 0.32848835279403277, 'num_points': 22}, {'avg_silhouette': 0.33913866360076955, 'num_points': 26}, {'avg_silhouette': 0.31783575462195585, 'num_points': 227}, {'avg_silhouette': 0.26779852064536275, 'num_points': 49}, {'avg_silhouette': 0.35167714401182437, 'num_points': 27}, {'avg_silhouette': 0.3628724671968754, 'num_points': 90}, {'avg_silhouette': 0.23505534947518222, 'num_points': 154}, {'avg_silhouette': 0.448016881896435, 'num_points': 14}, {'avg_silhouette': 0.4038978302613546, 'num_points': 38}, {'avg_silhouette': 0.4831512693343429, 'num_points': 19}, {'avg_silhouette': 0.12603120620877462, 'num_points': 914}, {'avg_silhouette': 0.4263409108511294, 'num_points': 161}, {'avg_silhouette': 0.434468285700443, 'num_points': 87}, {'avg_silhouette': 0.45031916468911126, 'num_points': 10}, {'avg_silhouette': 0.3396953152719459, 'num_points': 33}, {'avg_silhouette': 0.2623988434486667, 'num_points': 18}, {'avg_silhouette': 0.5742021864272223, 'num_points': 19}, {'avg_silhouette': 0.37099455583196395, 'num_points': 23}, {'avg_silhouette': 0.4964453819976172, 'num_points': 32}, {'avg_silhouette': 0.36809086302728083, 'num_points': 42}, {'avg_silhouette': 0.451962389010237, 'num_points': 14}, {'avg_silhouette': 0.10131504266774946, 'num_points': 49}, {'avg_silhouette': 0.31543406154363074, 'num_points': 40}, {'avg_silhouette': 0.6313965005475997, 'num_points': 12}, {'avg_silhouette': 0.9700557707608372, 'num_points': 102}, {'avg_silhouette': 0.6607954899772334, 'num_points': 24}, {'avg_silhouette': 0.6890424318211761, 'num_points': 26}, {'avg_silhouette': 0.6386004478085154, 'num_points': 9}, {'avg_silhouette': 0.13684621778316308, 'num_points': 27}, {'avg_silhouette': 0.6616437714768045, 'num_points': 9}, {'avg_silhouette': 0.7620927726381816, 'num_points': 17}, {'avg_silhouette': 0.42785015819574146, 'num_points': 16}, {'avg_silhouette': 0.4312869432331302, 'num_points': 14}, {'avg_silhouette': 0.8173049252143835, 'num_points': 31}, {'avg_silhouette': 1.0, 'num_points': 48}, {'avg_silhouette': 1.0, 'num_points': 92}, {'avg_silhouette': 1.0, 'num_points': 11}, {'avg_silhouette': 0.6499999999999897, 'num_points': 10}, {'avg_silhouette': 0.3270717178818913, 'num_points': 27}, {'avg_silhouette': 0.4430016968173527, 'num_points': 18}, {'avg_silhouette': 0.4751102808632216, 'num_points': 13}, {'avg_silhouette': 0.8041960514844003, 'num_points': 14}, {'avg_silhouette': 0.9251190476190446, 'num_points': 36}, {'avg_silhouette': 0.625082884822672, 'num_points': 15}, {'avg_silhouette': 0.686839230194651, 'num_points': 11}, {'avg_silhouette': 1.0, 'num_points': 18}, {'avg_silhouette': 0.7739644269494733, 'num_points': 30}, {'avg_silhouette': 0.8063893615745816, 'num_points': 50}, {'avg_silhouette': 1.0, 'num_points': 68}]",,112,0.0883611514894288,9.0,1,
HDBSCAN,,,"[{'avg_silhouette': 0.5463633909256512, 'num_points': 350}, {'avg_silhouette': 0.5757119211830634, 'num_points': 241}, {'avg_silhouette': 0.5423875578026893, 'num_points': 1710}, {'avg_silhouette': 0.5212870703956078, 'num_points': 184}, {'avg_silhouette': 0.45746681632913255, 'num_points': 270}, {'avg_silhouette': 0.34393345240456613, 'num_points': 1178}]",,6,0.08370176793893105,171.0,2,0.4431605051036277
DBSCAN,,0.16727512683215795,"[{'avg_silhouette': 0.39027932162478374, 'num_points': 84}, {'avg_silhouette': 0.44850865871773266, 'num_points': 236}, {'avg_silhouette': 0.5029140226075964, 'num_points': 1756}, {'avg_silhouette': 0.5844432846169407, 'num_points': 29}, {'avg_silhouette': 0.45388818728277364, 'num_points': 180}, {'avg_silhouette': 0.14034885870518157, 'num_points': 849}, {'avg_silhouette': 0.5295554678399279, 'num_points': 66}, {'avg_silhouette': 0.4432544860234049, 'num_points': 84}, {'avg_silhouette': 0.37690090787436814, 'num_points': 24}, {'avg_silhouette': 0.5048365781205282, 'num_points': 30}, {'avg_silhouette': 0.46899823992848283, 'num_points': 30}, {'avg_silhouette': 0.20751080185795828, 'num_points': 168}, {'avg_silhouette': 0.5130487680228201, 'num_points': 39}, {'avg_silhouette': 0.43809791381880303, 'num_points': 216}, {'avg_silhouette': 0.44177991450562265, 'num_points': 48}, {'avg_silhouette': 0.4292082332199764, 'num_points': 157}, {'avg_silhouette': 0.45504998676188535, 'num_points': 55}, {'avg_silhouette': 0.45988957523152585, 'num_points': 31}, {'avg_silhouette': 0.3793208750761387, 'num_points': 64}, {'avg_silhouette': 0.5128826851778049, 'num_points': 18}, {'avg_silhouette': 0.32396346907060536, 'num_points': 29}, {'avg_silhouette': 0.677098404998238, 'num_points': 21}, {'avg_silhouette': 0.6112384211244994, 'num_points': 11}, {'avg_silhouette': 0.3315658317618151, 'num_points': 40}, {'avg_silhouette': 0.45214924998557493, 'num_points': 20}, {'avg_silhouette': 0.5170298563578172, 'num_points': 21}, {'avg_silhouette': 0.6040624796175985, 'num_points': 11}, {'avg_silhouette': 0.5666101328994387, 'num_points': 44}, {'avg_silhouette': 0.5653638177718041, 'num_points': 11}, {'avg_silhouette': 0.5061284651016387, 'num_points': 14}, {'avg_silhouette': 0.7100526736033251, 'num_points': 10}, {'avg_silhouette': 0.3529535608323886, 'num_points': 89}, {'avg_silhouette': 0.6892883329299618, 'num_points': 12}, {'avg_silhouette': 0.36903898932119195, 'num_points': 20}, {'avg_silhouette': 0.7290940829918142, 'num_points': 13}, {'avg_silhouette': 0.8454577347885461, 'num_points': 13}, {'avg_silhouette': 0.6844743827361937, 'num_points': 14}, {'avg_silhouette': 0.8848225010998482, 'num_points': 12}, {'avg_silhouette': 0.7099130461967249, 'num_points': 13}, {'avg_silhouette': 0.663854854640054, 'num_points': 25}, {'avg_silhouette': 0.8174205934187793, 'num_points': 16}, {'avg_silhouette': 0.6844941260884113, 'num_points': 12}, {'avg_silhouette': 0.45657385234761727, 'num_points': 16}, {'avg_silhouette': 0.8621720531114577, 'num_points': 14}, {'avg_silhouette': 0.8822268600467421, 'num_points': 10}, {'avg_silhouette': 0.9389781309007722, 'num_points': 32}]",10.0,46,0.07723644848925827,,2,0.321631440656389
DBSCAN,,0.15727512683215794,"[{'avg_silhouette': 0.39287513415223335, 'num_points': 84}, {'avg_silhouette': 0.35043431527463453, 'num_points': 267}, {'avg_silhouette': 0.4938652163968081, 'num_points': 1753}, {'avg_silhouette': 0.25684499662098886, 'num_points': 28}, {'avg_silhouette': 0.46275920848010704, 'num_points': 180}, {'avg_silhouette': 0.04038202389689221, 'num_points': 850}, {'avg_silhouette': 0.5264925040646443, 'num_points': 12}, {'avg_silhouette': 0.2843241131047533, 'num_points': 66}, {'avg_silhouette': 0.3204747191959118, 'num_points': 28}, {'avg_silhouette': 0.3921643993482704, 'num_points': 84}, {'avg_silhouette': 0.29693461587282705, 'num_points': 43}, {'avg_silhouette': 0.4128685084920245, 'num_points': 34}, {'avg_silhouette': 0.3849549424242127, 'num_points': 36}, {'avg_silhouette': 0.21146717826853834, 'num_points': 167}, {'avg_silhouette': 0.7408964587215237, 'num_points': 5}, {'avg_silhouette': 0.445000395389075, 'num_points': 39}, {'avg_silhouette': 0.42831418340108024, 'num_points': 218}, {'avg_silhouette': 0.3981550128472947, 'num_points': 46}, {'avg_silhouette': 0.41509252628339566, 'num_points': 159}, {'avg_silhouette': 0.6098378530548101, 'num_points': 8}, {'avg_silhouette': 0.266705807361261, 'num_points': 44}, {'avg_silhouette': 0.40048891317147706, 'num_points': 60}, {'avg_silhouette': 0.3193523578841572, 'num_points': 13}, {'avg_silhouette': 0.45483716492773835, 'num_points': 19}, {'avg_silhouette': 0.5698620147930119, 'num_points': 6}, {'avg_silhouette': 0.32770952480665005, 'num_points': 28}, {'avg_silhouette': 0.5438811472554932, 'num_points': 5}, {'avg_silhouette': 0.3500975255303907, 'num_points': 7}, {'avg_silhouette': 0.6579793488939996, 'num_points': 22}, {'avg_silhouette': 0.3998355991708703, 'num_points': 22}, {'avg_silhouette': 0.21839560729423166, 'num_points': 15}, {'avg_silhouette': 0.5684585395977075, 'num_points': 7}, {'avg_silhouette': 0.5166731782595795, 'num_points': 5}, {'avg_silhouette': 0.9239912732199447, 'num_points': 7}, {'avg_silhouette': 0.5650787284332314, 'num_points': 7}, {'avg_silhouette': 0.5587719612203107, 'num_points': 11}, {'avg_silhouette': 0.6312155484422455, 'num_points': 17}, {'avg_silhouette': 0.4689428294021586, 'num_points': 23}, {'avg_silhouette': 0.8109716349076512, 'num_points': 8}, {'avg_silhouette': 0.6615522885073665, 'num_points': 5}, {'avg_silhouette': 0.611027273455291, 'num_points': 5}, {'avg_silhouette': 0.6715105605440984, 'num_points': 15}, {'avg_silhouette': 0.48387496143901326, 'num_points': 7}, {'avg_silhouette': 0.5047372990793983, 'num_points': 5}, {'avg_silhouette': 0.5882667954343666, 'num_points': 44}, {'avg_silhouette': 0.6989327673120999, 'num_points': 7}, {'avg_silhouette': 0.5148633189733947, 'num_points': 13}, {'avg_silhouette': 0.4096406560323467, 'num_points': 12}, {'avg_silhouette': 0.3374969936761211, 'num_points': 88}, {'avg_silhouette': 0.5891906454991659, 'num_points': 5}, {'avg_silhouette': 0.5837572055646485, 'num_points': 11}, {'avg_silhouette': 0.3676895060861517, 'num_points': 20}, {'avg_silhouette': 0.7338874956084875, 'num_points': 13}, {'avg_silhouette': 0.8524383965198837, 'num_points': 12}, {'avg_silhouette': 0.513864650973896, 'num_points': 8}, {'avg_silhouette': 0.8085697905116143, 'num_points': 6}, {'avg_silhouette': 0.745505938400796, 'num_points': 7}, {'avg_silhouette': 0.9025354433454206, 'num_points': 6}, {'avg_silhouette': 0.36747853949899456, 'num_points': 5}, {'avg_silhouette': 0.44006488688724626, 'num_points': 18}, {'avg_silhouette': 0.8848056430863999, 'num_points': 12}, {'avg_silhouette': 0.5181886521508569, 'num_points': 13}, {'avg_silhouette': 0.5302011365773771, 'num_points': 5}, {'avg_silhouette': 0.6198897977797977, 'num_points': 5}, {'avg_silhouette': 0.674488345539472, 'num_points': 24}, {'avg_silhouette': 0.6524372855319861, 'num_points': 5}, {'avg_silhouette': 0.7368467359855572, 'num_points': 6}, {'avg_silhouette': 0.9203835151450684, 'num_points': 7}, {'avg_silhouette': 0.6769682140325299, 'num_points': 14}, {'avg_silhouette': 0.3506927362613941, 'num_points': 7}, {'avg_silhouette': 0.7328439976152684, 'num_points': 18}, {'avg_silhouette': 0.3255407579427351, 'num_points': 10}, {'avg_silhouette': 0.483210117778583, 'num_points': 7}, {'avg_silhouette': 0.7253894046819879, 'num_points': 6}, {'avg_silhouette': 0.6129450601003529, 'num_points': 6}, {'avg_silhouette': 0.46696164929194206, 'num_points': 8}, {'avg_silhouette': 0.31166590937402106, 'num_points': 6}, {'avg_silhouette': 0.8678894468088885, 'num_points': 6}, {'avg_silhouette': 0.8752428567043349, 'num_points': 5}, {'avg_silhouette': 0.7635217896307082, 'num_points': 5}, {'avg_silhouette': 0.2882557088835713, 'num_points': 10}, {'avg_silhouette': 0.78181806272977, 'num_points': 5}, {'avg_silhouette': 0.7652017448889925, 'num_points': 5}, {'avg_silhouette': 0.4923988442132897, 'num_points': 5}, {'avg_silhouette': 0.7518395439718555, 'num_points': 7}, {'avg_silhouette': 0.7295428228874118, 'num_points': 14}, {'avg_silhouette': 0.8822268600467421, 'num_points': 10}, {'avg_silhouette': 0.9012089611406982, 'num_points': 5}, {'avg_silhouette': 0.46997121887753907, 'num_points': 9}, {'avg_silhouette': 0.7700782115478451, 'num_points': 32}, {'avg_silhouette': 0.6655310066221041, 'num_points': 5}, {'avg_silhouette': 0.8117822614269017, 'num_points': 5}]",5.0,92,0.07600290036313288,,2,0.26712362014685015
DBSCAN,,0.15727512683215794,"[{'avg_silhouette': 0.4076197694258754, 'num_points': 80}, {'avg_silhouette': 0.44850865871773266, 'num_points': 236}, {'avg_silhouette': 0.5118604306188861, 'num_points': 1749}, {'avg_silhouette': 0.5984255155502175, 'num_points': 27}, {'avg_silhouette': 0.45388818728277364, 'num_points': 180}, {'avg_silhouette': 0.14267213451708838, 'num_points': 841}, {'avg_silhouette': 0.546755224077526, 'num_points': 61}, {'avg_silhouette': 0.447571634158558, 'num_points': 83}, {'avg_silhouette': 0.49205398421636726, 'num_points': 30}, {'avg_silhouette': 0.46899823992848283, 'num_points': 30}, {'avg_silhouette': 0.21057103787064455, 'num_points': 165}, {'avg_silhouette': 0.5233198200514473, 'num_points': 39}, {'avg_silhouette': 0.4633817032439097, 'num_points': 209}, {'avg_silhouette': 0.4799099515693534, 'num_points': 45}, {'avg_silhouette': 0.43069369288716636, 'num_points': 155}, {'avg_silhouette': 0.26562339630712994, 'num_points': 43}, {'avg_silhouette': 0.45988957523152585, 'num_points': 31}, {'avg_silhouette': 0.4189523502319379, 'num_points': 59}, {'avg_silhouette': 0.6741609711221773, 'num_points': 21}, {'avg_silhouette': 0.5464991896696503, 'num_points': 11}, {'avg_silhouette': 0.33751366084223305, 'num_points': 38}, {'avg_silhouette': 0.5561515361574652, 'num_points': 16}, {'avg_silhouette': 0.3878809165082371, 'num_points': 23}, {'avg_silhouette': 0.45470202903688933, 'num_points': 19}, {'avg_silhouette': 0.515918193919619, 'num_points': 21}, {'avg_silhouette': 0.460384336970599, 'num_points': 22}, {'avg_silhouette': 0.597620274974708, 'num_points': 11}, {'avg_silhouette': 0.5666101328994387, 'num_points': 44}, {'avg_silhouette': 0.4598607374231914, 'num_points': 11}, {'avg_silhouette': 0.7149681905195379, 'num_points': 11}, {'avg_silhouette': 0.3704757795990547, 'num_points': 19}, {'avg_silhouette': 0.7575723789421227, 'num_points': 12}, {'avg_silhouette': 0.35637365462986076, 'num_points': 87}, {'avg_silhouette': 0.7349286846062228, 'num_points': 13}, {'avg_silhouette': 0.8847918776827212, 'num_points': 12}, {'avg_silhouette': 0.7340047730111919, 'num_points': 12}, {'avg_silhouette': 0.6744292298079196, 'num_points': 24}, {'avg_silhouette': 0.6957216455705645, 'num_points': 11}, {'avg_silhouette': 0.8719378440378195, 'num_points': 10}, {'avg_silhouette': 0.5038912692045022, 'num_points': 13}, {'avg_silhouette': 0.556684990721982, 'num_points': 11}, {'avg_silhouette': 0.8701772396277359, 'num_points': 13}, {'avg_silhouette': 0.8822268600467421, 'num_points': 10}, {'avg_silhouette': 0.9389613377970464, 'num_points': 32}]",10.0,44,0.06816390542403927,,2,0.32726628256798723
DBSCAN,,0.14727512683215793,"[{'avg_silhouette': 0.386081719962905, 'num_points': 83}, {'avg_silhouette': 0.4453295149857014, 'num_points': 235}, {'avg_silhouette': 0.4948769400979462, 'num_points': 1743}, {'avg_silhouette': 0.2922505186582745, 'num_points': 25}, {'avg_silhouette': 0.45775752128686237, 'num_points': 180}, {'avg_silhouette': 0.5550646903869094, 'num_points': 11}, {'avg_silhouette': 0.04397136704315308, 'num_points': 841}, {'avg_silhouette': 0.27839910539120716, 'num_points': 65}, {'avg_silhouette': 0.3727683497814507, 'num_points': 23}, {'avg_silhouette': 0.424220932946719, 'num_points': 83}, {'avg_silhouette': 0.44008492706882285, 'num_points': 32}, {'avg_silhouette': 0.37076268910254734, 'num_points': 35}, {'avg_silhouette': 0.45588456276607087, 'num_points': 30}, {'avg_silhouette': 0.21567692953238238, 'num_points': 164}, {'avg_silhouette': 0.7408964587215237, 'num_points': 5}, {'avg_silhouette': 0.45947478776014594, 'num_points': 38}, {'avg_silhouette': 0.4468202977207753, 'num_points': 212}, {'avg_silhouette': 0.40254155098245814, 'num_points': 45}, {'avg_silhouette': 0.43282843974136886, 'num_points': 154}, {'avg_silhouette': 0.649611800678697, 'num_points': 6}, {'avg_silhouette': 0.29651548154352386, 'num_points': 40}, {'avg_silhouette': 0.4100027386348379, 'num_points': 59}, {'avg_silhouette': 0.5418717253944344, 'num_points': 16}, {'avg_silhouette': 0.5676456892318792, 'num_points': 6}, {'avg_silhouette': 0.32396121485511037, 'num_points': 28}, {'avg_silhouette': 0.6580181257320971, 'num_points': 22}, {'avg_silhouette': 0.3300505588890849, 'num_points': 40}, {'avg_silhouette': 0.4079657629536438, 'num_points': 22}, {'avg_silhouette': 0.3288163129756423, 'num_points': 9}, {'avg_silhouette': 0.5684585395977075, 'num_points': 7}, {'avg_silhouette': 0.9239912732199447, 'num_points': 7}, {'avg_silhouette': 0.578821349553773, 'num_points': 12}, {'avg_silhouette': 0.5651213964259431, 'num_points': 7}, {'avg_silhouette': 0.556684990721982, 'num_points': 11}, {'avg_silhouette': 0.6158476776467248, 'num_points': 5}, {'avg_silhouette': 0.49577985238158606, 'num_points': 22}, {'avg_silhouette': 0.3500975255303907, 'num_points': 7}, {'avg_silhouette': 0.8109716349076512, 'num_points': 8}, {'avg_silhouette': 0.660620637683337, 'num_points': 5}, {'avg_silhouette': 0.6113161646344298, 'num_points': 5}, {'avg_silhouette': 0.6840933997730033, 'num_points': 14}, {'avg_silhouette': 0.5052493319850322, 'num_points': 5}, {'avg_silhouette': 0.5670538762184404, 'num_points': 44}, {'avg_silhouette': 0.69880425566629, 'num_points': 7}, {'avg_silhouette': 0.5119631316554009, 'num_points': 13}, {'avg_silhouette': 0.3402712044914692, 'num_points': 9}, {'avg_silhouette': 0.3980567492614733, 'num_points': 12}, {'avg_silhouette': 0.33683656260374417, 'num_points': 88}, {'avg_silhouette': 0.5883993785748527, 'num_points': 5}, {'avg_silhouette': 0.5784799533046332, 'num_points': 11}, {'avg_silhouette': 0.3865923034064772, 'num_points': 19}, {'avg_silhouette': 0.7569512880727544, 'num_points': 12}, {'avg_silhouette': 0.8527162974219227, 'num_points': 12}, {'avg_silhouette': 0.5564946707227165, 'num_points': 7}, {'avg_silhouette': 0.7759691342217335, 'num_points': 6}, {'avg_silhouette': 0.9025064590849742, 'num_points': 6}, {'avg_silhouette': 0.8085697905116143, 'num_points': 6}, {'avg_silhouette': 0.45810215915045055, 'num_points': 17}, {'avg_silhouette': 0.8847731250665274, 'num_points': 12}, {'avg_silhouette': 0.5181886521508569, 'num_points': 13}, {'avg_silhouette': 0.5302011365773771, 'num_points': 5}, {'avg_silhouette': 0.6198897977797977, 'num_points': 5}, {'avg_silhouette': 0.6524372855319861, 'num_points': 5}, {'avg_silhouette': 0.7367160303545751, 'num_points': 6}, {'avg_silhouette': 0.674488345539472, 'num_points': 24}, {'avg_silhouette': 0.9203835151450684, 'num_points': 7}, {'avg_silhouette': 0.38956422867516244, 'num_points': 6}, {'avg_silhouette': 0.7415964154294319, 'num_points': 17}, {'avg_silhouette': 0.483210117778583, 'num_points': 7}, {'avg_silhouette': 0.6939986547458912, 'num_points': 10}, {'avg_silhouette': 0.7624504941336874, 'num_points': 5}, {'avg_silhouette': 0.6031256136389599, 'num_points': 6}, {'avg_silhouette': 0.5666105249394963, 'num_points': 7}, {'avg_silhouette': 0.8678894468088885, 'num_points': 6}, {'avg_silhouette': 0.30586104433682226, 'num_points': 10}, {'avg_silhouette': 0.39508545646713344, 'num_points': 4}, {'avg_silhouette': 0.7606910377958686, 'num_points': 5}, {'avg_silhouette': 0.46102396394772516, 'num_points': 5}, {'avg_silhouette': 0.7816043817403369, 'num_points': 5}, {'avg_silhouette': 0.7650330853756078, 'num_points': 5}, {'avg_silhouette': 0.5667098774102222, 'num_points': 5}, {'avg_silhouette': 0.7513608534244727, 'num_points': 7}, {'avg_silhouette': 0.7295428228874118, 'num_points': 14}, {'avg_silhouette': 0.8822268600467421, 'num_points': 10}, {'avg_silhouette': 0.9012636868428414, 'num_points': 5}, {'avg_silhouette': 0.5527581713196396, 'num_points': 8}, {'avg_silhouette': 0.7700782115478451, 'num_points': 32}, {'avg_silhouette': 0.6655310066221041, 'num_points': 5}, {'avg_silhouette': 0.8117822614269017, 'num_points': 5}]",5.0,89,0.06544677757633571,,2,0.26942415357054966
DBSCAN,,0.13727512683215792,"[{'avg_silhouette': 0.39483618991949404, 'num_points': 81}, {'avg_silhouette': 0.4611481357149381, 'num_points': 231}, {'avg_silhouette': 0.5116556205300264, 'num_points': 1740}, {'avg_silhouette': 0.3195814146822653, 'num_points': 23}, {'avg_silhouette': 0.45775752128686237, 'num_points': 180}, {'avg_silhouette': 0.6110273457233247, 'num_points': 9}, {'avg_silhouette': 0.12472095882057126, 'num_points': 833}, {'avg_silhouette': 0.49310290696802717, 'num_points': 61}, {'avg_silhouette': 0.38018725755988847, 'num_points': 21}, {'avg_silhouette': 0.4309146571977545, 'num_points': 82}, {'avg_silhouette': 0.44008492706882285, 'num_points': 32}, {'avg_silhouette': 0.3857246426899635, 'num_points': 34}, {'avg_silhouette': 0.4764204309380939, 'num_points': 29}, {'avg_silhouette': 0.23189204825423437, 'num_points': 158}, {'avg_silhouette': 0.7408964587215237, 'num_points': 5}, {'avg_silhouette': 0.478270674693511, 'num_points': 37}, {'avg_silhouette': 0.4735866244877753, 'num_points': 205}, {'avg_silhouette': 0.43692421219308375, 'num_points': 42}, {'avg_silhouette': 0.43767580471651685, 'num_points': 152}, {'avg_silhouette': 0.3036282610971401, 'num_points': 39}, {'avg_silhouette': 0.42442269135254834, 'num_points': 56}, {'avg_silhouette': 0.5669268765041148, 'num_points': 15}, {'avg_silhouette': 0.6561248541001461, 'num_points': 5}, {'avg_silhouette': 0.34810964378220133, 'num_points': 25}, {'avg_silhouette': 0.6558480794723035, 'num_points': 22}, {'avg_silhouette': 0.3859031850476392, 'num_points': 35}, {'avg_silhouette': 0.4252945386210931, 'num_points': 21}, {'avg_silhouette': 0.5684585395977075, 'num_points': 7}, {'avg_silhouette': 0.9239912732199447, 'num_points': 7}, {'avg_silhouette': 0.5819460310724213, 'num_points': 10}, {'avg_silhouette': 0.5616458077555346, 'num_points': 7}, {'avg_silhouette': 0.6726862760321212, 'num_points': 5}, {'avg_silhouette': 0.5544333424440641, 'num_points': 11}, {'avg_silhouette': 0.6645911810811197, 'num_points': 5}, {'avg_silhouette': 0.5147844383573468, 'num_points': 21}, {'avg_silhouette': 0.3500975255303907, 'num_points': 7}, {'avg_silhouette': 0.8037256126625387, 'num_points': 8}, {'avg_silhouette': 0.659329805267127, 'num_points': 5}, {'avg_silhouette': 0.6864880358977208, 'num_points': 13}, {'avg_silhouette': 0.5647742150162705, 'num_points': 44}, {'avg_silhouette': 0.697868473875422, 'num_points': 7}, {'avg_silhouette': 0.3839997142263353, 'num_points': 8}, {'avg_silhouette': 0.39438316158142256, 'num_points': 12}, {'avg_silhouette': 0.3629154671232878, 'num_points': 81}, {'avg_silhouette': 0.5888257962030923, 'num_points': 5}, {'avg_silhouette': 0.5998663725800842, 'num_points': 10}, {'avg_silhouette': 0.38015020376103237, 'num_points': 19}, {'avg_silhouette': 0.7865604122943554, 'num_points': 10}, {'avg_silhouette': 0.8719335341798056, 'num_points': 10}, {'avg_silhouette': 0.7756293590886897, 'num_points': 6}, {'avg_silhouette': 0.11730271127976678, 'num_points': 9}, {'avg_silhouette': 0.9024965474743675, 'num_points': 6}, {'avg_silhouette': 0.8085697905116143, 'num_points': 6}, {'avg_silhouette': 0.5956016493754409, 'num_points': 6}, {'avg_silhouette': 0.8847608026061101, 'num_points': 12}, {'avg_silhouette': 0.49615479969952664, 'num_points': 14}, {'avg_silhouette': 0.5550836518889363, 'num_points': 12}, {'avg_silhouette': 0.5220962880075812, 'num_points': 5}, {'avg_silhouette': 0.6161376981646564, 'num_points': 5}, {'avg_silhouette': 0.649714460305684, 'num_points': 5}, {'avg_silhouette': 0.6835354489251617, 'num_points': 23}, {'avg_silhouette': 0.9204704979829135, 'num_points': 7}, {'avg_silhouette': 0.7754633993342755, 'num_points': 5}, {'avg_silhouette': 0.711973411892404, 'num_points': 8}, {'avg_silhouette': 0.7060320719762126, 'num_points': 7}, {'avg_silhouette': 0.8803462183422001, 'num_points': 5}, {'avg_silhouette': 0.3756785093596157, 'num_points': 5}, {'avg_silhouette': 0.4727791395551589, 'num_points': 5}, {'avg_silhouette': 0.38040393305673326, 'num_points': 5}, {'avg_silhouette': 0.7603266692200414, 'num_points': 5}, {'avg_silhouette': 0.5126617919633091, 'num_points': 6}, {'avg_silhouette': 0.6021893860450017, 'num_points': 6}, {'avg_silhouette': 0.3463609023007543, 'num_points': 8}, {'avg_silhouette': 0.35870869029809693, 'num_points': 5}, {'avg_silhouette': 0.7815259458715004, 'num_points': 5}, {'avg_silhouette': 0.7515952213008523, 'num_points': 7}, {'avg_silhouette': 0.7295428228874118, 'num_points': 14}, {'avg_silhouette': 0.8822268600467421, 'num_points': 10}, {'avg_silhouette': 0.8989692332115806, 'num_points': 5}, {'avg_silhouette': 0.5400994576369516, 'num_points': 8}, {'avg_silhouette': 0.7700782115478451, 'num_points': 32}, {'avg_silhouette': 0.6655310066221041, 'num_points': 5}, {'avg_silhouette': 0.37555303562238596, 'num_points': 3}, {'avg_silhouette': 0.8117822614269017, 'num_points': 5}]",5.0,84,0.06448269864467497,,2,0.31818828967529883
DBSCAN,,0.14727512683215793,"[{'avg_silhouette': 0.3984642436886104, 'num_points': 79}, {'avg_silhouette': 0.4553064125604373, 'num_points': 233}, {'avg_silhouette': 0.5165652975625866, 'num_points': 1741}, {'avg_silhouette': 0.6144280284184288, 'num_points': 25}, {'avg_silhouette': 0.4469165393015097, 'num_points': 180}, {'avg_silhouette': 0.13573652342631765, 'num_points': 833}, {'avg_silhouette': 0.5750764882073637, 'num_points': 58}, {'avg_silhouette': 0.44452802510471545, 'num_points': 83}, {'avg_silhouette': 0.5209802277456344, 'num_points': 27}, {'avg_silhouette': 0.49302883604274395, 'num_points': 27}, {'avg_silhouette': 0.21720026648606808, 'num_points': 161}, {'avg_silhouette': 0.5363014339603839, 'num_points': 38}, {'avg_silhouette': 0.47537667650942667, 'num_points': 204}, {'avg_silhouette': 0.49510749814575283, 'num_points': 43}, {'avg_silhouette': 0.43883008426839126, 'num_points': 151}, {'avg_silhouette': 0.31945493921572354, 'num_points': 37}, {'avg_silhouette': 0.5126011025340353, 'num_points': 28}, {'avg_silhouette': 0.517907735218806, 'num_points': 57}, {'avg_silhouette': 0.7070162077143413, 'num_points': 18}, {'avg_silhouette': 0.6018569893978414, 'num_points': 14}, {'avg_silhouette': 0.5149064433471534, 'num_points': 21}, {'avg_silhouette': 0.47758288141369043, 'num_points': 16}, {'avg_silhouette': 0.47462566611281976, 'num_points': 21}, {'avg_silhouette': 0.4772361036443607, 'num_points': 16}, {'avg_silhouette': 0.4566476866895138, 'num_points': 30}, {'avg_silhouette': 0.5791970311525348, 'num_points': 11}, {'avg_silhouette': 0.5655921275877072, 'num_points': 44}, {'avg_silhouette': 0.7148694510377652, 'num_points': 11}, {'avg_silhouette': 0.4387165587999506, 'num_points': 11}, {'avg_silhouette': 0.3891265307012725, 'num_points': 18}, {'avg_silhouette': 0.3599476677215148, 'num_points': 84}, {'avg_silhouette': 0.8847640132996645, 'num_points': 12}, {'avg_silhouette': 0.7335913618240321, 'num_points': 12}, {'avg_silhouette': 0.6974121938828608, 'num_points': 21}, {'avg_silhouette': 0.7456187202331157, 'num_points': 12}, {'avg_silhouette': 0.592411412916406, 'num_points': 10}, {'avg_silhouette': 0.7519224641657535, 'num_points': 11}, {'avg_silhouette': 0.8701772396277359, 'num_points': 13}, {'avg_silhouette': 0.577040168511667, 'num_points': 10}, {'avg_silhouette': 0.8822268600467421, 'num_points': 10}, {'avg_silhouette': 0.9389457096758977, 'num_points': 32}]",10.0,41,0.056198427452544095,,2,0.3261509104944521
DBSCAN,,0.12727512683215791,"[{'avg_silhouette': 0.40570085368714054, 'num_points': 77}, {'avg_silhouette': 0.4603397350633978, 'num_points': 231}, {'avg_silhouette': 0.5195231981604849, 'num_points': 1732}, {'avg_silhouette': 0.31256247239214047, 'num_points': 22}, {'avg_silhouette': 0.4578845884481644, 'num_points': 180}, {'avg_silhouette': 0.6805922683487148, 'num_points': 7}, {'avg_silhouette': 0.15357261639434058, 'num_points': 817}, {'avg_silhouette': 0.4911734470488351, 'num_points': 61}, {'avg_silhouette': 0.45588181630229735, 'num_points': 80}, {'avg_silhouette': 0.45178117775732624, 'num_points': 16}, {'avg_silhouette': 0.44148924215099705, 'num_points': 31}, {'avg_silhouette': 0.44772648668314396, 'num_points': 31}, {'avg_silhouette': 0.49384713598922886, 'num_points': 27}, {'avg_silhouette': 0.23332464633868322, 'num_points': 154}, {'avg_silhouette': 0.4837459277749022, 'num_points': 36}, {'avg_silhouette': 0.48616288750048914, 'num_points': 199}, {'avg_silhouette': 0.43382860513768146, 'num_points': 41}, {'avg_silhouette': 0.4502751074281964, 'num_points': 145}, {'avg_silhouette': 0.31401760501497533, 'num_points': 37}, {'avg_silhouette': 0.42826981490891475, 'num_points': 55}, {'avg_silhouette': 0.6553409631744405, 'num_points': 5}, {'avg_silhouette': 0.35263628144423126, 'num_points': 24}, {'avg_silhouette': 0.2508556197670818, 'num_points': 18}, {'avg_silhouette': 0.4305193234618908, 'num_points': 31}, {'avg_silhouette': 0.571920653775792, 'num_points': 15}, {'avg_silhouette': 0.5684585395977075, 'num_points': 7}, {'avg_silhouette': 0.2824791952668687, 'num_points': 15}, {'avg_silhouette': 0.9249562765536098, 'num_points': 7}, {'avg_silhouette': 0.571885442639414, 'num_points': 8}, {'avg_silhouette': 0.6207975400474384, 'num_points': 6}, {'avg_silhouette': 0.5822462254376483, 'num_points': 10}, {'avg_silhouette': 0.5290491751243134, 'num_points': 20}, {'avg_silhouette': 0.3500975255303907, 'num_points': 7}, {'avg_silhouette': 0.8078879992853942, 'num_points': 8}, {'avg_silhouette': 0.6624583256966068, 'num_points': 5}, {'avg_silhouette': 0.5647742150162705, 'num_points': 44}, {'avg_silhouette': 0.7246929318580618, 'num_points': 6}, {'avg_silhouette': 0.7439393684412137, 'num_points': 8}, {'avg_silhouette': 0.4407708655226429, 'num_points': 11}, {'avg_silhouette': 0.6498224044506284, 'num_points': 9}, {'avg_silhouette': 0.3938243032263909, 'num_points': 17}, {'avg_silhouette': 0.8051846113428832, 'num_points': 9}, {'avg_silhouette': 0.8802575585600596, 'num_points': 9}, {'avg_silhouette': 0.4157697282214144, 'num_points': 62}, {'avg_silhouette': 0.775172564615123, 'num_points': 6}, {'avg_silhouette': 0.9024773373218725, 'num_points': 6}, {'avg_silhouette': 0.8085697905116143, 'num_points': 6}, {'avg_silhouette': 0.5909755086123543, 'num_points': 6}, {'avg_silhouette': 0.7390423996465226, 'num_points': 11}, {'avg_silhouette': 0.8847374179019161, 'num_points': 12}, {'avg_silhouette': 0.5550836518889363, 'num_points': 12}, {'avg_silhouette': 0.700675846227963, 'num_points': 20}, {'avg_silhouette': 0.9179501544273417, 'num_points': 7}, {'avg_silhouette': 0.573195918419717, 'num_points': 9}, {'avg_silhouette': 0.6161376981646564, 'num_points': 5}, {'avg_silhouette': 0.649714460305684, 'num_points': 5}, {'avg_silhouette': 0.5377806540564184, 'num_points': 11}, {'avg_silhouette': 0.7713814800317551, 'num_points': 6}, {'avg_silhouette': 0.3760226829502817, 'num_points': 5}, {'avg_silhouette': 0.5036063946957939, 'num_points': 5}, {'avg_silhouette': 0.37577409683718715, 'num_points': 3}, {'avg_silhouette': 0.6004836541595461, 'num_points': 5}, {'avg_silhouette': 0.6021893860450017, 'num_points': 6}, {'avg_silhouette': 0.3538823413539833, 'num_points': 7}, {'avg_silhouette': 0.8231286420956099, 'num_points': 5}, {'avg_silhouette': 0.7523298497236025, 'num_points': 5}, {'avg_silhouette': 0.7702627616280794, 'num_points': 6}, {'avg_silhouette': 0.8701772396277359, 'num_points': 13}, {'avg_silhouette': 0.8822268600467421, 'num_points': 10}, {'avg_silhouette': 0.8989692332115806, 'num_points': 5}, {'avg_silhouette': 0.5946647634598217, 'num_points': 7}, {'avg_silhouette': 0.7700782115478451, 'num_points': 32}, {'avg_silhouette': 0.8117822614269017, 'num_points': 5}, {'avg_silhouette': 0.6655310066221041, 'num_points': 5}]",5.0,74,0.05091807213398243,,2,0.33654790727741274
DBSCAN,,0.13727512683215792,"[{'avg_silhouette': 0.45803283529812855, 'num_points': 76}, {'avg_silhouette': 0.4635510764598627, 'num_points': 230}, {'avg_silhouette': 0.5070018786802128, 'num_points': 1739}, {'avg_silhouette': 0.6345816480819895, 'num_points': 23}, {'avg_silhouette': 0.44510484428731295, 'num_points': 180}, {'avg_silhouette': 0.13744278083552364, 'num_points': 826}, {'avg_silhouette': 0.5745475534363609, 'num_points': 56}, {'avg_silhouette': 0.4619403629870268, 'num_points': 80}, {'avg_silhouette': 0.5209802277456344, 'num_points': 27}, {'avg_silhouette': 0.5021055273367125, 'num_points': 26}, {'avg_silhouette': 0.22765173341759842, 'num_points': 155}, {'avg_silhouette': 0.5615478673135932, 'num_points': 37}, {'avg_silhouette': 0.48466679065865675, 'num_points': 201}, {'avg_silhouette': 0.5102552054936662, 'num_points': 41}, {'avg_silhouette': 0.45787613109365677, 'num_points': 143}, {'avg_silhouette': 0.32174766259140575, 'num_points': 36}, {'avg_silhouette': 0.5290836728280247, 'num_points': 54}, {'avg_silhouette': 0.7183670686723236, 'num_points': 17}, {'avg_silhouette': 0.6018569893978414, 'num_points': 14}, {'avg_silhouette': 0.5316771033377835, 'num_points': 27}, {'avg_silhouette': 0.5961411820007587, 'num_points': 16}, {'avg_silhouette': 0.5397661773057217, 'num_points': 24}, {'avg_silhouette': 0.5644229861458763, 'num_points': 44}, {'avg_silhouette': 0.47260264069718555, 'num_points': 10}, {'avg_silhouette': 0.5955495337114967, 'num_points': 66}, {'avg_silhouette': 0.7251041657206782, 'num_points': 10}, {'avg_silhouette': 0.41329721643625594, 'num_points': 16}, {'avg_silhouette': 0.5937713205786139, 'num_points': 17}, {'avg_silhouette': 0.8922439688393705, 'num_points': 11}, {'avg_silhouette': 0.7333572308669498, 'num_points': 12}, {'avg_silhouette': 0.7331504977833477, 'num_points': 18}, {'avg_silhouette': 0.7595432680390639, 'num_points': 10}, {'avg_silhouette': 0.8701772396277359, 'num_points': 13}, {'avg_silhouette': 0.8822264938669772, 'num_points': 10}, {'avg_silhouette': 0.9389415624026964, 'num_points': 32}]",10.0,35,0.038750251845722644,,2,0.32222232975786824
DBSCAN,,0.1172751268321579,"[{'avg_silhouette': 0.4927750584911341, 'num_points': 67}, {'avg_silhouette': 0.5077088478681497, 'num_points': 217}, {'avg_silhouette': 0.5161197286904736, 'num_points': 1713}, {'avg_silhouette': 0.44957524403690513, 'num_points': 176}, {'avg_silhouette': 0.3564388371393836, 'num_points': 537}, {'avg_silhouette': 0.34376890359507517, 'num_points': 238}, {'avg_silhouette': 0.6378505523670053, 'num_points': 44}, {'avg_silhouette': 0.40902752288172994, 'num_points': 70}, {'avg_silhouette': 0.5088222310040615, 'num_points': 25}, {'avg_silhouette': 0.347986691454706, 'num_points': 142}, {'avg_silhouette': 0.7449304636809146, 'num_points': 34}, {'avg_silhouette': 0.5070009357679175, 'num_points': 190}, {'avg_silhouette': 0.5241537917749481, 'num_points': 39}, {'avg_silhouette': 0.5514569717790782, 'num_points': 50}, {'avg_silhouette': 0.44175658436382864, 'num_points': 127}, {'avg_silhouette': 0.6806458881913604, 'num_points': 31}, {'avg_silhouette': 0.6001022532618728, 'num_points': 21}, {'avg_silhouette': 0.6044968638159228, 'num_points': 22}, {'avg_silhouette': 0.5655903498066087, 'num_points': 43}, {'avg_silhouette': 0.22060681447555563, 'num_points': 15}, {'avg_silhouette': 0.6404467802450036, 'num_points': 12}, {'avg_silhouette': 0.7352582355948024, 'num_points': 51}, {'avg_silhouette': 0.6439505585423649, 'num_points': 15}, {'avg_silhouette': 0.764760139144018, 'num_points': 10}, {'avg_silhouette': 0.7783411936635755, 'num_points': 11}, {'avg_silhouette': 0.3381418954504996, 'num_points': 5}, {'avg_silhouette': 0.9033083505326751, 'num_points': 10}, {'avg_silhouette': 0.7268299937910893, 'num_points': 10}, {'avg_silhouette': 0.9388993033455834, 'num_points': 32}]",10.0,29,0.026294474136542588,,2,0.4362792829149286
DBSCAN,,0.12727512683215791,"[{'avg_silhouette': 0.4635648320533271, 'num_points': 74}, {'avg_silhouette': 0.48419746439745104, 'num_points': 225}, {'avg_silhouette': 0.5104498271289132, 'num_points': 1723}, {'avg_silhouette': 0.6584812425939259, 'num_points': 19}, {'avg_silhouette': 0.44787999703371895, 'num_points': 179}, {'avg_silhouette': 0.1387785417520413, 'num_points': 801}, {'avg_silhouette': 0.5789266949579838, 'num_points': 54}, {'avg_silhouette': 0.4654897224925281, 'num_points': 78}, {'avg_silhouette': 0.5014228833801386, 'num_points': 26}, {'avg_silhouette': 0.34425511954926935, 'num_points': 149}, {'avg_silhouette': 0.5647197667886634, 'num_points': 36}, {'avg_silhouette': 0.49643180926329006, 'num_points': 196}, {'avg_silhouette': 0.524303563369268, 'num_points': 39}, {'avg_silhouette': 0.6609788335883848, 'num_points': 35}, {'avg_silhouette': 0.4750139666628689, 'num_points': 134}, {'avg_silhouette': 0.5470718434933081, 'num_points': 51}, {'avg_silhouette': 0.6063653300026176, 'num_points': 14}, {'avg_silhouette': 0.7734085990748166, 'num_points': 12}, {'avg_silhouette': 0.5384078163426719, 'num_points': 26}, {'avg_silhouette': 0.5925474450563016, 'num_points': 24}, {'avg_silhouette': 0.5685887697284622, 'num_points': 21}, {'avg_silhouette': 0.5685984854394709, 'num_points': 43}, {'avg_silhouette': 0.6107499213505285, 'num_points': 15}, {'avg_silhouette': 0.7219853123385943, 'num_points': 58}, {'avg_silhouette': 0.6448944081702449, 'num_points': 15}, {'avg_silhouette': 0.9033331766150721, 'num_points': 10}, {'avg_silhouette': 0.760212798889593, 'num_points': 11}, {'avg_silhouette': 0.7601541952567639, 'num_points': 10}, {'avg_silhouette': 0.879247465703223, 'num_points': 12}, {'avg_silhouette': 0.9389144599181456, 'num_points': 32}]",10.0,30,0.024579998413953502,,2,0.32461418444047724
DBSCAN,,0.1072751268321579,"[{'avg_silhouette': 0.516398514903304, 'num_points': 210}, {'avg_silhouette': 0.5232253327220628, 'num_points': 1691}, {'avg_silhouette': 0.3654728157764269, 'num_points': 518}, {'avg_silhouette': 0.3619442862076631, 'num_points': 226}, {'avg_silhouette': 0.7155774387021198, 'num_points': 41}, {'avg_silhouette': 0.4319777043056137, 'num_points': 57}, {'avg_silhouette': 0.5212614299518317, 'num_points': 60}, {'avg_silhouette': 0.4519597687795826, 'num_points': 174}, {'avg_silhouette': 0.3537100652856021, 'num_points': 133}, {'avg_silhouette': 0.7717596549362123, 'num_points': 30}, {'avg_silhouette': 0.5276703890598133, 'num_points': 179}, {'avg_silhouette': 0.5511525785019423, 'num_points': 34}, {'avg_silhouette': 0.5595148990097008, 'num_points': 13}, {'avg_silhouette': 0.6132617031406711, 'num_points': 40}, {'avg_silhouette': 0.47737064159342996, 'num_points': 114}, {'avg_silhouette': 0.7091194989926101, 'num_points': 26}, {'avg_silhouette': 0.6153829255326206, 'num_points': 19}, {'avg_silhouette': 0.6308833760110983, 'num_points': 20}, {'avg_silhouette': 0.5728140721121802, 'num_points': 42}, {'avg_silhouette': 0.6843863143428125, 'num_points': 11}, {'avg_silhouette': 0.5101480300022008, 'num_points': 12}, {'avg_silhouette': 0.748628972455932, 'num_points': 46}, {'avg_silhouette': 0.7036350756829752, 'num_points': 13}, {'avg_silhouette': 0.6629277035021123, 'num_points': 11}, {'avg_silhouette': 0.9032550955137447, 'num_points': 10}, {'avg_silhouette': 0.9426017312605188, 'num_points': 31}]",10.0,26,0.008192887553768607,,2,0.44434907424924486
DBSCAN,,0.1172751268321579,"[{'avg_silhouette': 0.4461710860149837, 'num_points': 69}, {'avg_silhouette': 0.47032267346045165, 'num_points': 227}, {'avg_silhouette': 0.5143155018623413, 'num_points': 1726}, {'avg_silhouette': 0.3350058525300451, 'num_points': 20}, {'avg_silhouette': 0.44539162212356587, 'num_points': 179}, {'avg_silhouette': 0.6752969379689862, 'num_points': 7}, {'avg_silhouette': -0.11460329535222444, 'num_points': 795}, {'avg_silhouette': 0.5409207698399819, 'num_points': 49}, {'avg_silhouette': 0.4617640083685204, 'num_points': 78}, {'avg_silhouette': 0.4941714768175232, 'num_points': 27}, {'avg_silhouette': 0.23135151422402825, 'num_points': 148}, {'avg_silhouette': 0.44870913194804984, 'num_points': 36}, {'avg_silhouette': 0.4933737459466932, 'num_points': 196}, {'avg_silhouette': 0.44806833460806444, 'num_points': 39}, {'avg_silhouette': 0.42678943463568364, 'num_points': 137}, {'avg_silhouette': 0.3381845075453319, 'num_points': 34}, {'avg_silhouette': 0.5577326923963275, 'num_points': 25}, {'avg_silhouette': 0.44788262505406023, 'num_points': 52}, {'avg_silhouette': 0.6553409631744405, 'num_points': 5}, {'avg_silhouette': 0.733248172540586, 'num_points': 15}, {'avg_silhouette': 0.6497505315356272, 'num_points': 12}, {'avg_silhouette': 0.44875904899602154, 'num_points': 15}, {'avg_silhouette': 0.9155220178112836, 'num_points': 7}, {'avg_silhouette': 0.9242612658876089, 'num_points': 7}, {'avg_silhouette': 0.5483658794165448, 'num_points': 7}, {'avg_silhouette': 0.5889228967764826, 'num_points': 7}, {'avg_silhouette': 0.5222179665572215, 'num_points': 9}, {'avg_silhouette': 0.5790082409519988, 'num_points': 10}, {'avg_silhouette': 0.6191678442784365, 'num_points': 6}, {'avg_silhouette': 0.5924783926803416, 'num_points': 17}, {'avg_silhouette': 0.8078879992853942, 'num_points': 8}, {'avg_silhouette': 0.5820602026311001, 'num_points': 23}, {'avg_silhouette': 0.4734261541515688, 'num_points': 16}, {'avg_silhouette': 0.49649188260567073, 'num_points': 26}, {'avg_silhouette': 0.563343823858266, 'num_points': 44}, {'avg_silhouette': 0.7206054874542535, 'num_points': 6}, {'avg_silhouette': 0.46655706629629, 'num_points': 10}, {'avg_silhouette': 0.6498224044506284, 'num_points': 9}, {'avg_silhouette': 0.46301965838493203, 'num_points': 12}, {'avg_silhouette': 0.8238079329975567, 'num_points': 8}, {'avg_silhouette': 0.8782801183386911, 'num_points': 9}, {'avg_silhouette': 0.42401573429250566, 'num_points': 60}, {'avg_silhouette': 0.9152588228660242, 'num_points': 5}, {'avg_silhouette': 0.8476126621450394, 'num_points': 5}, {'avg_silhouette': 0.8110332284775984, 'num_points': 5}, {'avg_silhouette': 0.884719771584589, 'num_points': 12}, {'avg_silhouette': 0.5821076088118694, 'num_points': 11}, {'avg_silhouette': 0.7281364439940855, 'num_points': 17}, {'avg_silhouette': 0.9179097349365305, 'num_points': 7}, {'avg_silhouette': 0.5973936805809428, 'num_points': 8}, {'avg_silhouette': 0.6432454637365307, 'num_points': 5}, {'avg_silhouette': 0.5967779650277812, 'num_points': 7}, {'avg_silhouette': 0.6086504818300382, 'num_points': 8}, {'avg_silhouette': 0.8268567204222675, 'num_points': 5}, {'avg_silhouette': 0.7791452020427595, 'num_points': 7}, {'avg_silhouette': 0.5909755086123543, 'num_points': 6}, {'avg_silhouette': 0.6608685629121397, 'num_points': 5}, {'avg_silhouette': 0.6004836541595461, 'num_points': 5}, {'avg_silhouette': 0.6409635535038193, 'num_points': 5}, {'avg_silhouette': 0.6149718537799428, 'num_points': 5}, {'avg_silhouette': 0.7761259868639808, 'num_points': 5}, {'avg_silhouette': 0.886525751715001, 'num_points': 11}, {'avg_silhouette': 0.924376747532327, 'num_points': 5}, {'avg_silhouette': 0.895128500765944, 'num_points': 8}, {'avg_silhouette': 0.5895668793029702, 'num_points': 7}, {'avg_silhouette': 0.7700782115478451, 'num_points': 32}, {'avg_silhouette': 0.8117822614269017, 'num_points': 5}, {'avg_silhouette': 0.6655310066221041, 'num_points': 5}]",5.0,68,0.0064019743054152065,,2,0.19985610325505843
HDBSCAN,,,"[{'avg_silhouette': 0.41019816431982536, 'num_points': 78}, {'avg_silhouette': 0.4373430634018084, 'num_points': 63}, {'avg_silhouette': 0.6275798590613642, 'num_points': 58}, {'avg_silhouette': 0.4597377842503676, 'num_points': 38}, {'avg_silhouette': 0.32339510041480946, 'num_points': 78}, {'avg_silhouette': 0.4193004426791241, 'num_points': 66}, {'avg_silhouette': 0.39671780862343087, 'num_points': 54}, {'avg_silhouette': 0.5237980879816289, 'num_points': 251}, {'avg_silhouette': 0.5479279733761718, 'num_points': 38}, {'avg_silhouette': 0.5426163459824286, 'num_points': 36}, {'avg_silhouette': 0.35507126060800775, 'num_points': 199}, {'avg_silhouette': 0.2710109793834413, 'num_points': 266}, {'avg_silhouette': 0.3220693077735017, 'num_points': 131}, {'avg_silhouette': 0.30742787688053846, 'num_points': 184}, {'avg_silhouette': 0.429086461335671, 'num_points': 251}, {'avg_silhouette': 0.5744585212010418, 'num_points': 44}, {'avg_silhouette': 0.36459605134329354, 'num_points': 85}, {'avg_silhouette': 0.4206232815906427, 'num_points': 208}, {'avg_silhouette': 0.4768461999223278, 'num_points': 76}, {'avg_silhouette': 0.3828624524997655, 'num_points': 174}, {'avg_silhouette': 0.14594062385624001, 'num_points': 870}, {'avg_silhouette': 0.4944524870182574, 'num_points': 136}, {'avg_silhouette': 0.49705945773804644, 'num_points': 73}, {'avg_silhouette': 0.36908936701100037, 'num_points': 84}, {'avg_silhouette': 0.30424043644351884, 'num_points': 166}, {'avg_silhouette': 0.3194929925849031, 'num_points': 60}, {'avg_silhouette': 0.5122835407471963, 'num_points': 49}, {'avg_silhouette': 0.9720945209831461, 'num_points': 102}, {'avg_silhouette': 0.49555865608644034, 'num_points': 67}, {'avg_silhouette': 0.566800415210473, 'num_points': 48}, {'avg_silhouette': 0.8157142857142801, 'num_points': 50}, {'avg_silhouette': 1.0, 'num_points': 68}, {'avg_silhouette': 0.8557879802390016, 'num_points': 53}, {'avg_silhouette': 1.0, 'num_points': 92}]",,34,0.002433283864542936,34.0,1,
DBSCAN,,0.1072751268321579,"[{'avg_silhouette': 0.45706145822033223, 'num_points': 66}, {'avg_silhouette': 0.4890001253658897, 'num_points': 218}, {'avg_silhouette': 0.5216503333628173, 'num_points': 1710}, {'avg_silhouette': 0.34253743266537257, 'num_points': 18}, {'avg_silhouette': 0.44569638106593373, 'num_points': 179}, {'avg_silhouette': 0.7823905202950303, 'num_points': 5}, {'avg_silhouette': 0.04719956826445582, 'num_points': 527}, {'avg_silhouette': 0.1685392846627885, 'num_points': 233}, {'avg_silhouette': 0.5506781456965718, 'num_points': 46}, {'avg_silhouette': 0.020081275560905044, 'num_points': 62}, {'avg_silhouette': 0.5104633660092464, 'num_points': 12}, {'avg_silhouette': 0.23451168820798288, 'num_points': 137}, {'avg_silhouette': 0.4637562616580467, 'num_points': 35}, {'avg_silhouette': 0.44048335651867254, 'num_points': 8}, {'avg_silhouette': 0.5171798697941972, 'num_points': 185}, {'avg_silhouette': 0.4500186705771531, 'num_points': 37}, {'avg_silhouette': 0.5595148990097008, 'num_points': 13}, {'avg_silhouette': 0.3694783595894742, 'num_points': 29}, {'avg_silhouette': 0.44320640341067086, 'num_points': 124}, {'avg_silhouette': 0.4572143079381308, 'num_points': 51}, {'avg_silhouette': 0.7664023439688475, 'num_points': 13}, {'avg_silhouette': 0.6426738871291047, 'num_points': 12}, {'avg_silhouette': 0.9155220178112836, 'num_points': 7}, {'avg_silhouette': 0.9242338328158378, 'num_points': 7}, {'avg_silhouette': 0.6817679425915478, 'num_points': 6}, {'avg_silhouette': 0.5437535385729716, 'num_points': 8}, {'avg_silhouette': 0.6075971125947762, 'num_points': 9}, {'avg_silhouette': 0.632797599763717, 'num_points': 6}, {'avg_silhouette': 0.6056273072011327, 'num_points': 16}, {'avg_silhouette': 0.5634565776410434, 'num_points': 24}, {'avg_silhouette': 0.8716883784178067, 'num_points': 8}, {'avg_silhouette': 0.5932549361794819, 'num_points': 22}, {'avg_silhouette': 0.5341791243309111, 'num_points': 13}, {'avg_silhouette': 0.49935285328151247, 'num_points': 23}, {'avg_silhouette': 0.5872057391335357, 'num_points': 9}, {'avg_silhouette': 0.5761025882791553, 'num_points': 42}, {'avg_silhouette': 0.7360887783905398, 'num_points': 5}, {'avg_silhouette': 0.4756706790615147, 'num_points': 9}, {'avg_silhouette': 0.6498224044506284, 'num_points': 9}, {'avg_silhouette': 0.8155635766744804, 'num_points': 8}, {'avg_silhouette': 0.2534276087357517, 'num_points': 48}, {'avg_silhouette': 0.8663960411725586, 'num_points': 5}, {'avg_silhouette': 0.8970348578408694, 'num_points': 6}, {'avg_silhouette': 0.8846775386137736, 'num_points': 12}, {'avg_silhouette': 0.6377330855368325, 'num_points': 9}, {'avg_silhouette': 0.7617628469759511, 'num_points': 9}, {'avg_silhouette': 0.9178555703292791, 'num_points': 7}, {'avg_silhouette': 0.5495414684190366, 'num_points': 7}, {'avg_silhouette': 0.4831251361815352, 'num_points': 6}, {'avg_silhouette': 0.6349229501492863, 'num_points': 5}, {'avg_silhouette': 0.48095843688628087, 'num_points': 7}, {'avg_silhouette': 0.5988040694484545, 'num_points': 6}, {'avg_silhouette': 0.6233786593051251, 'num_points': 7}, {'avg_silhouette': 0.8265616389553667, 'num_points': 5}, {'avg_silhouette': 0.596607024793491, 'num_points': 7}, {'avg_silhouette': 0.5909755086123543, 'num_points': 6}, {'avg_silhouette': 0.5228434878939922, 'num_points': 5}, {'avg_silhouette': 0.7759308579905644, 'num_points': 5}, {'avg_silhouette': 0.886525751715001, 'num_points': 11}, {'avg_silhouette': 0.9239293720413995, 'num_points': 5}, {'avg_silhouette': 0.895114604203996, 'num_points': 8}, {'avg_silhouette': 0.5872026671146574, 'num_points': 7}, {'avg_silhouette': 0.783463668916704, 'num_points': 31}, {'avg_silhouette': 0.6648663865191345, 'num_points': 5}]",5.0,64,-0.003070212056977523,,2,0.28442495081363656
DBSCAN,,0.09727512683215789,"[{'avg_silhouette': 0.5511838659326272, 'num_points': 202}, {'avg_silhouette': 0.5404194613578739, 'num_points': 1648}, {'avg_silhouette': 0.335513726668847, 'num_points': 197}, {'avg_silhouette': 0.28371832746467485, 'num_points': 23}, {'avg_silhouette': 0.45767245957145913, 'num_points': 46}, {'avg_silhouette': 0.37831345924732734, 'num_points': 486}, {'avg_silhouette': 0.5518839354512228, 'num_points': 50}, {'avg_silhouette': 0.4688656669020665, 'num_points': 165}, {'avg_silhouette': 0.3729502604055035, 'num_points': 120}, {'avg_silhouette': 0.7784046984908669, 'num_points': 28}, {'avg_silhouette': 0.5350032624408538, 'num_points': 172}, {'avg_silhouette': 0.8141704571725897, 'num_points': 10}, {'avg_silhouette': 0.629984333571545, 'num_points': 34}, {'avg_silhouette': 0.6739262904674149, 'num_points': 19}, {'avg_silhouette': 0.5337125918892567, 'num_points': 95}, {'avg_silhouette': 0.6373516302630262, 'num_points': 15}, {'avg_silhouette': 0.6852018747214323, 'num_points': 16}, {'avg_silhouette': 0.4113398420348621, 'num_points': 13}, {'avg_silhouette': 0.5705672611666427, 'num_points': 42}, {'avg_silhouette': 0.7229723051719111, 'num_points': 23}, {'avg_silhouette': 0.7539519988118909, 'num_points': 40}, {'avg_silhouette': 0.7559084462647448, 'num_points': 12}, {'avg_silhouette': 0.623968158718378, 'num_points': 10}, {'avg_silhouette': 0.6842727837352713, 'num_points': 10}, {'avg_silhouette': 0.9425593342845681, 'num_points': 31}]",10.0,25,-0.026613385891973894,,2,0.45936646030260064
DBSCAN,,0.09727512683215789,"[{'avg_silhouette': 0.519473124385337, 'num_points': 206}, {'avg_silhouette': 0.5210462234097497, 'num_points': 1680}, {'avg_silhouette': 0.5340548654216092, 'num_points': 8}, {'avg_silhouette': 0.7831037471175875, 'num_points': 5}, {'avg_silhouette': 0.13697378696226126, 'num_points': 508}, {'avg_silhouette': 0.28782031953348547, 'num_points': 215}, {'avg_silhouette': 0.5761260963219684, 'num_points': 42}, {'avg_silhouette': 0.028533590781295547, 'num_points': 53}, {'avg_silhouette': 0.46113654972725593, 'num_points': 61}, {'avg_silhouette': 0.4680828978344194, 'num_points': 169}, {'avg_silhouette': 0.5044395663203775, 'num_points': 12}, {'avg_silhouette': 0.2507047009251367, 'num_points': 130}, {'avg_silhouette': 0.493430115104619, 'num_points': 32}, {'avg_silhouette': 0.5249546253182886, 'num_points': 178}, {'avg_silhouette': 0.5474894317409793, 'num_points': 32}, {'avg_silhouette': 0.6305266424389475, 'num_points': 11}, {'avg_silhouette': 0.40244110567022545, 'num_points': 24}, {'avg_silhouette': 0.47207485914520475, 'num_points': 114}, {'avg_silhouette': 0.49479120534523036, 'num_points': 42}, {'avg_silhouette': 0.5458713577199905, 'num_points': 5}, {'avg_silhouette': 0.7834911691206607, 'num_points': 8}, {'avg_silhouette': 0.6745056138589764, 'num_points': 10}, {'avg_silhouette': 0.9155220178112836, 'num_points': 7}, {'avg_silhouette': 0.9240340085126423, 'num_points': 7}, {'avg_silhouette': 0.7800196288062331, 'num_points': 6}, {'avg_silhouette': 0.5766503036838828, 'num_points': 22}, {'avg_silhouette': 1.0, 'num_points': 6}, {'avg_silhouette': 0.6451770142460147, 'num_points': 18}, {'avg_silhouette': 0.22286268795328498, 'num_points': 6}, {'avg_silhouette': 0.7423088956067735, 'num_points': 5}, {'avg_silhouette': 0.5729361118883981, 'num_points': 42}, {'avg_silhouette': 0.6617768135991455, 'num_points': 11}, {'avg_silhouette': 0.6507653585495805, 'num_points': 8}, {'avg_silhouette': 0.5559350661885744, 'num_points': 7}, {'avg_silhouette': 0.8313509070347669, 'num_points': 7}, {'avg_silhouette': 0.5242622216202651, 'num_points': 45}, {'avg_silhouette': 0.6621530059448472, 'num_points': 7}, {'avg_silhouette': 0.7582175677943314, 'num_points': 12}, {'avg_silhouette': 0.8662902418803682, 'num_points': 5}, {'avg_silhouette': 0.9065891272208744, 'num_points': 5}, {'avg_silhouette': 0.8883416056784231, 'num_points': 11}, {'avg_silhouette': 0.7555362954123184, 'num_points': 9}, {'avg_silhouette': 0.7949620020014156, 'num_points': 5}, {'avg_silhouette': 0.9178106797489061, 'num_points': 7}, {'avg_silhouette': 0.7245069126341285, 'num_points': 6}, {'avg_silhouette': 0.5475505046112292, 'num_points': 7}, {'avg_silhouette': 0.6057641718111435, 'num_points': 5}, {'avg_silhouette': 0.6972554621153274, 'num_points': 5}, {'avg_silhouette': 0.8263305937969563, 'num_points': 5}, {'avg_silhouette': 0.3278699179993495, 'num_points': 5}, {'avg_silhouette': 0.6350719162567844, 'num_points': 5}, {'avg_silhouette': 0.6395428359503998, 'num_points': 5}, {'avg_silhouette': 0.8921592314502785, 'num_points': 10}, {'avg_silhouette': 0.9158817347572163, 'num_points': 5}, {'avg_silhouette': 0.6392061570277504, 'num_points': 6}, {'avg_silhouette': 0.9239293720413995, 'num_points': 5}, {'avg_silhouette': 0.783463668916704, 'num_points': 31}, {'avg_silhouette': 0.6648663865191345, 'num_points': 5}]",5.0,58,-0.026882662197107717,,2,0.3290100051860055
HDBSCAN,,,"[{'avg_silhouette': 0.42403598838121165, 'num_points': 76}, {'avg_silhouette': 0.3456362745400499, 'num_points': 74}, {'avg_silhouette': 0.4570679041485342, 'num_points': 61}, {'avg_silhouette': 0.5266645473635447, 'num_points': 360}, {'avg_silhouette': 0.558614592722978, 'num_points': 248}, {'avg_silhouette': 0.38977739815764445, 'num_points': 191}, {'avg_silhouette': 0.32041552526232764, 'num_points': 257}, {'avg_silhouette': 0.3901708142159796, 'num_points': 120}, {'avg_silhouette': 0.3323635757389306, 'num_points': 179}, {'avg_silhouette': 0.4876701177048425, 'num_points': 62}, {'avg_silhouette': 0.33954538465156453, 'num_points': 378}, {'avg_silhouette': 0.43438948871230076, 'num_points': 205}, {'avg_silhouette': 0.2827453491270969, 'num_points': 839}, {'avg_silhouette': 0.3060691082460051, 'num_points': 214}, {'avg_silhouette': 0.46648562089221024, 'num_points': 112}, {'avg_silhouette': 0.983255605200753, 'num_points': 102}, {'avg_silhouette': 0.6023284742248219, 'num_points': 59}, {'avg_silhouette': 0.49666483611443724, 'num_points': 153}, {'avg_silhouette': 0.6446197753605198, 'num_points': 65}, {'avg_silhouette': 1.0, 'num_points': 92}]",,20,-0.034554683409552645,58.0,2,0.3111453668893307
DBSCAN,,0.08727512683215788,"[{'avg_silhouette': 0.5404235348754313, 'num_points': 199}, {'avg_silhouette': 0.5374826032542555, 'num_points': 1637}, {'avg_silhouette': 0.6650112782381112, 'num_points': 5}, {'avg_silhouette': 0.15851689495347945, 'num_points': 475}, {'avg_silhouette': 0.31189361619211553, 'num_points': 203}, {'avg_silhouette': 0.36625635029711817, 'num_points': 18}, {'avg_silhouette': 0.3991806012803916, 'num_points': 44}, {'avg_silhouette': 0.13575737316330388, 'num_points': 39}, {'avg_silhouette': 0.4808691471221711, 'num_points': 160}, {'avg_silhouette': 0.5159947113195602, 'num_points': 11}, {'avg_silhouette': 0.24441288505045283, 'num_points': 117}, {'avg_silhouette': 0.7743770105797501, 'num_points': 28}, {'avg_silhouette': 0.537225035925624, 'num_points': 169}, {'avg_silhouette': 0.22002380180664108, 'num_points': 24}, {'avg_silhouette': 0.6571816159962354, 'num_points': 10}, {'avg_silhouette': 0.4136654639977516, 'num_points': 23}, {'avg_silhouette': 0.6147756793095823, 'num_points': 8}, {'avg_silhouette': 0.36426159555425813, 'num_points': 30}, {'avg_silhouette': 0.3590072125709105, 'num_points': 88}, {'avg_silhouette': 0.7605712317802907, 'num_points': 7}, {'avg_silhouette': 0.9155220178112836, 'num_points': 7}, {'avg_silhouette': 0.9401568412383469, 'num_points': 6}, {'avg_silhouette': 0.574373333013467, 'num_points': 22}, {'avg_silhouette': 1.0, 'num_points': 6}, {'avg_silhouette': 0.6797116612094994, 'num_points': 14}, {'avg_silhouette': 0.42899784791268064, 'num_points': 12}, {'avg_silhouette': 0.581377280414723, 'num_points': 40}, {'avg_silhouette': 0.5599930412494609, 'num_points': 6}, {'avg_silhouette': 0.640150317661818, 'num_points': 5}, {'avg_silhouette': 0.5535409997782663, 'num_points': 7}, {'avg_silhouette': 0.6874247342533549, 'num_points': 6}, {'avg_silhouette': 0.568646217691079, 'num_points': 39}, {'avg_silhouette': 0.7558069134164745, 'num_points': 12}, {'avg_silhouette': 0.8969614821398941, 'num_points': 10}, {'avg_silhouette': 0.8129880956256578, 'num_points': 6}, {'avg_silhouette': 0.6590806399235511, 'num_points': 5}, {'avg_silhouette': 0.9177701645514588, 'num_points': 7}, {'avg_silhouette': 0.6178117571655932, 'num_points': 5}, {'avg_silhouette': 0.8255042131388046, 'num_points': 5}, {'avg_silhouette': 0.7682739383094257, 'num_points': 5}, {'avg_silhouette': 0.7770406141712675, 'num_points': 6}, {'avg_silhouette': 0.7073710542709184, 'num_points': 9}, {'avg_silhouette': 0.4937495376066924, 'num_points': 4}, {'avg_silhouette': 0.8662043368951101, 'num_points': 5}, {'avg_silhouette': 0.6372695412751767, 'num_points': 5}, {'avg_silhouette': 0.7922992610214995, 'num_points': 6}, {'avg_silhouette': 0.8973616020678722, 'num_points': 9}, {'avg_silhouette': 0.7408292988496088, 'num_points': 5}, {'avg_silhouette': 0.783463668916704, 'num_points': 31}, {'avg_silhouette': 0.6648663865191345, 'num_points': 5}, {'avg_silhouette': 0.7831037471175875, 'num_points': 5}]",5.0,51,-0.05667039101801743,,2,0.34799974910386744
DBSCAN,,0.08727512683215788,"[{'avg_silhouette': 0.5688838392249206, 'num_points': 196}, {'avg_silhouette': 0.5562642826608284, 'num_points': 1607}, {'avg_silhouette': 0.4350338338226511, 'num_points': 174}, {'avg_silhouette': 0.40169780330123717, 'num_points': 434}, {'avg_silhouette': 0.7143044418169647, 'num_points': 157}, {'avg_silhouette': 0.5794687392084924, 'num_points': 25}, {'avg_silhouette': 0.44746016199524596, 'num_points': 37}, {'avg_silhouette': 0.7947775136302738, 'num_points': 25}, {'avg_silhouette': 0.5492326090184162, 'num_points': 163}, {'avg_silhouette': 0.41663234744723177, 'num_points': 16}, {'avg_silhouette': 0.6904514134156007, 'num_points': 17}, {'avg_silhouette': 0.5711411777452498, 'num_points': 75}, {'avg_silhouette': 0.40190481019772406, 'num_points': 10}, {'avg_silhouette': 0.7557039455768559, 'num_points': 12}, {'avg_silhouette': 0.701957731514848, 'num_points': 23}, {'avg_silhouette': 0.4930606876861836, 'num_points': 72}, {'avg_silhouette': 0.6218115099933108, 'num_points': 34}, {'avg_silhouette': 0.38285434333558005, 'num_points': 12}, {'avg_silhouette': 0.4307803183247872, 'num_points': 11}, {'avg_silhouette': 0.7865056324956141, 'num_points': 10}, {'avg_silhouette': 0.7543884807536059, 'num_points': 12}, {'avg_silhouette': 0.07713226298006662, 'num_points': 9}, {'avg_silhouette': 0.13319885184945673, 'num_points': 8}, {'avg_silhouette': 0.9425340665031593, 'num_points': 31}, {'avg_silhouette': 0.456234021300239, 'num_points': 10}]",10.0,25,-0.06282641177825382,,2,0.4789810429810328
HDBSCAN,,,"[{'avg_silhouette': 0.533790032623914, 'num_points': 357}, {'avg_silhouette': 0.5576931404512913, 'num_points': 248}, {'avg_silhouette': 0.39747601114595715, 'num_points': 187}, {'avg_silhouette': 0.36572438905662746, 'num_points': 241}, {'avg_silhouette': 0.42865692134024536, 'num_points': 108}, {'avg_silhouette': 0.35453097209760237, 'num_points': 167}, {'avg_silhouette': 0.3543677494744706, 'num_points': 360}, {'avg_silhouette': 0.4471306537500785, 'num_points': 201}, {'avg_silhouette': 0.26360175496244015, 'num_points': 819}, {'avg_silhouette': 0.4028504668290788, 'num_points': 163}, {'avg_silhouette': 0.5347237785970695, 'num_points': 88}, {'avg_silhouette': 0.9832853844914118, 'num_points': 102}, {'avg_silhouette': 0.684836718632681, 'num_points': 118}, {'avg_silhouette': 0.7512206279261289, 'num_points': 140}]",,14,-0.09440334066731805,82.0,1,
