algo,linkage,eps,clusters,min_samples,num_clusters,silhouette_score,min_cluster_size,num_representative_clusters,silhouette_score_representative_clusters
DBSCAN,,0.4538342073763926,"[{'avg_silhouette': 0.45648415060553044, 'num_points': 55}, {'avg_silhouette': 0.835688217105622, 'num_points': 13754}, {'avg_silhouette': 0.556572211651811, 'num_points': 83}, {'avg_silhouette': 0.5219206179408634, 'num_points': 228}, {'avg_silhouette': 0.38046934428135004, 'num_points': 16}, {'avg_silhouette': 0.8039631851481324, 'num_points': 35}, {'avg_silhouette': 0.7208777623108406, 'num_points': 804}, {'avg_silhouette': 0.782226652008247, 'num_points': 17}, {'avg_silhouette': 0.251281011838801, 'num_points': 240}, {'avg_silhouette': 0.681868529256224, 'num_points': 381}, {'avg_silhouette': 0.7123270524052622, 'num_points': 51}, {'avg_silhouette': 0.6327083438205094, 'num_points': 1361}, {'avg_silhouette': 0.25444502892880894, 'num_points': 35}, {'avg_silhouette': 0.6893776997439459, 'num_points': 11}, {'avg_silhouette': 0.5878162020760532, 'num_points': 10}, {'avg_silhouette': 0.5017556965985194, 'num_points': 9}, {'avg_silhouette': 0.5687296015139965, 'num_points': 41}, {'avg_silhouette': 0.4178255556235724, 'num_points': 29}, {'avg_silhouette': 0.546665609834456, 'num_points': 54}, {'avg_silhouette': 0.1900200837594849, 'num_points': 51}, {'avg_silhouette': 0.6335216415166681, 'num_points': 1955}, {'avg_silhouette': 0.7751976803456769, 'num_points': 63}, {'avg_silhouette': 0.47584481262049455, 'num_points': 70}, {'avg_silhouette': 0.8268849780707315, 'num_points': 359}, {'avg_silhouette': 0.3000018897570095, 'num_points': 9}, {'avg_silhouette': 0.6203798716342962, 'num_points': 9}, {'avg_silhouette': 0.29818964772872864, 'num_points': 7}, {'avg_silhouette': 0.8885758469802812, 'num_points': 5}, {'avg_silhouette': 0.4505592091071393, 'num_points': 10}, {'avg_silhouette': 0.6146353740761449, 'num_points': 35}, {'avg_silhouette': 0.8358164565056353, 'num_points': 138}, {'avg_silhouette': 0.8203936875317893, 'num_points': 80}, {'avg_silhouette': 0.7730171855065623, 'num_points': 6}, {'avg_silhouette': 0.44436843257077296, 'num_points': 76}, {'avg_silhouette': 0.8048335656372124, 'num_points': 6}, {'avg_silhouette': 0.4050111528320086, 'num_points': 13}, {'avg_silhouette': 0.4884405052248703, 'num_points': 8}, {'avg_silhouette': 0.573612017804629, 'num_points': 8}, {'avg_silhouette': 0.9004604103512133, 'num_points': 259}, {'avg_silhouette': 0.3977700258058399, 'num_points': 26}, {'avg_silhouette': 0.7343851808081411, 'num_points': 11}, {'avg_silhouette': 0.378277061201427, 'num_points': 25}, {'avg_silhouette': 0.5952207354064061, 'num_points': 340}, {'avg_silhouette': 0.19405238171929232, 'num_points': 30}, {'avg_silhouette': 0.43443171166966454, 'num_points': 12}, {'avg_silhouette': 0.5111678094545574, 'num_points': 19}, {'avg_silhouette': 0.557099964098864, 'num_points': 18}, {'avg_silhouette': 0.4616011472778649, 'num_points': 7}, {'avg_silhouette': 0.38886343970467985, 'num_points': 5}, {'avg_silhouette': 0.5142451274962535, 'num_points': 200}, {'avg_silhouette': 0.915168953558261, 'num_points': 15}, {'avg_silhouette': 1.0, 'num_points': 8}, {'avg_silhouette': 0.7401879363764673, 'num_points': 39}, {'avg_silhouette': 0.6912334681898509, 'num_points': 5}, {'avg_silhouette': 0.4412969336103248, 'num_points': 20}, {'avg_silhouette': 0.47787676003840557, 'num_points': 14}, {'avg_silhouette': 0.4935937886906751, 'num_points': 24}, {'avg_silhouette': 0.6164371982050516, 'num_points': 32}, {'avg_silhouette': 0.7448566976348665, 'num_points': 36}, {'avg_silhouette': 0.6391048471425302, 'num_points': 55}, {'avg_silhouette': 0.6073678316609049, 'num_points': 7}, {'avg_silhouette': 0.32244659327442, 'num_points': 15}, {'avg_silhouette': 0.7321081510350829, 'num_points': 25}, {'avg_silhouette': 0.7455747085754068, 'num_points': 6}, {'avg_silhouette': 0.42110703542828665, 'num_points': 5}, {'avg_silhouette': 0.6120202167761295, 'num_points': 21}, {'avg_silhouette': 0.6638094520091272, 'num_points': 6}, {'avg_silhouette': 0.6643003857651771, 'num_points': 6}, {'avg_silhouette': 0.7531200758248142, 'num_points': 8}, {'avg_silhouette': 0.5616709716609719, 'num_points': 6}, {'avg_silhouette': 0.29567993910447715, 'num_points': 7}, {'avg_silhouette': 0.8909575657903618, 'num_points': 5}, {'avg_silhouette': 0.3104554236555553, 'num_points': 7}]",5.0,73,0.7166554876961695,,3,0.7006394008142666
DBSCAN,,0.4638342073763926,"[{'avg_silhouette': 0.4569647329823574, 'num_points': 55}, {'avg_silhouette': 0.8351642758813731, 'num_points': 13757}, {'avg_silhouette': 0.5614033485255097, 'num_points': 83}, {'avg_silhouette': 0.5219206179408634, 'num_points': 228}, {'avg_silhouette': 0.38046934428135004, 'num_points': 16}, {'avg_silhouette': 0.8039631851481324, 'num_points': 35}, {'avg_silhouette': 0.7209343766419283, 'num_points': 804}, {'avg_silhouette': 0.7822393124115864, 'num_points': 17}, {'avg_silhouette': 0.2495576151696346, 'num_points': 241}, {'avg_silhouette': 0.6819187411671315, 'num_points': 381}, {'avg_silhouette': 0.7123270524052622, 'num_points': 51}, {'avg_silhouette': 0.6316338332512447, 'num_points': 1362}, {'avg_silhouette': 0.2547262255405741, 'num_points': 35}, {'avg_silhouette': 0.6894673721370389, 'num_points': 11}, {'avg_silhouette': 0.5878162020760532, 'num_points': 10}, {'avg_silhouette': 0.5017556965985194, 'num_points': 9}, {'avg_silhouette': 0.5687296015139965, 'num_points': 41}, {'avg_silhouette': 0.3622314051293881, 'num_points': 31}, {'avg_silhouette': 0.5466815670364967, 'num_points': 54}, {'avg_silhouette': 0.18375317908628463, 'num_points': 53}, {'avg_silhouette': 0.6335268988078532, 'num_points': 1955}, {'avg_silhouette': 0.7291422683062775, 'num_points': 65}, {'avg_silhouette': 0.47584481262049455, 'num_points': 70}, {'avg_silhouette': 0.8269164165511099, 'num_points': 359}, {'avg_silhouette': 0.3000018897570095, 'num_points': 9}, {'avg_silhouette': 0.6203798716342962, 'num_points': 9}, {'avg_silhouette': 0.3053586191280716, 'num_points': 7}, {'avg_silhouette': 0.8885758469802812, 'num_points': 5}, {'avg_silhouette': 0.397021268384791, 'num_points': 11}, {'avg_silhouette': 0.6147036957635421, 'num_points': 35}, {'avg_silhouette': 0.8358262307391691, 'num_points': 138}, {'avg_silhouette': 0.8203936875317893, 'num_points': 80}, {'avg_silhouette': 0.7764553555550985, 'num_points': 6}, {'avg_silhouette': 0.44436843257077296, 'num_points': 76}, {'avg_silhouette': 0.8048335656372124, 'num_points': 6}, {'avg_silhouette': 0.4050427407170836, 'num_points': 13}, {'avg_silhouette': 0.4884405052248703, 'num_points': 8}, {'avg_silhouette': 0.573612017804629, 'num_points': 8}, {'avg_silhouette': 0.9004668051390061, 'num_points': 259}, {'avg_silhouette': 0.37362280949721083, 'num_points': 27}, {'avg_silhouette': 0.7343851808081411, 'num_points': 11}, {'avg_silhouette': 0.36357183098074525, 'num_points': 26}, {'avg_silhouette': 0.5952207354064061, 'num_points': 340}, {'avg_silhouette': 0.18837062285687098, 'num_points': 31}, {'avg_silhouette': 0.43457748400093915, 'num_points': 12}, {'avg_silhouette': 0.5112492134745426, 'num_points': 19}, {'avg_silhouette': 0.557099964098864, 'num_points': 18}, {'avg_silhouette': 0.4616011472778649, 'num_points': 7}, {'avg_silhouette': 0.38886343970467985, 'num_points': 5}, {'avg_silhouette': 0.5142607307231464, 'num_points': 200}, {'avg_silhouette': 0.915168953558261, 'num_points': 15}, {'avg_silhouette': 1.0, 'num_points': 8}, {'avg_silhouette': 0.7401879363764673, 'num_points': 39}, {'avg_silhouette': 0.6912334681898509, 'num_points': 5}, {'avg_silhouette': 0.4412969336103248, 'num_points': 20}, {'avg_silhouette': 0.47787676003840557, 'num_points': 14}, {'avg_silhouette': 0.4935937886906751, 'num_points': 24}, {'avg_silhouette': 0.6164371982050516, 'num_points': 32}, {'avg_silhouette': 0.7448566976348665, 'num_points': 36}, {'avg_silhouette': 0.6391478139752077, 'num_points': 55}, {'avg_silhouette': 0.6073678316609049, 'num_points': 7}, {'avg_silhouette': 0.32795942947835316, 'num_points': 15}, {'avg_silhouette': 0.7321081510350829, 'num_points': 25}, {'avg_silhouette': 0.7455747085754068, 'num_points': 6}, {'avg_silhouette': 0.42110703542828665, 'num_points': 5}, {'avg_silhouette': 0.6120202167761295, 'num_points': 21}, {'avg_silhouette': 0.6638094520091272, 'num_points': 6}, {'avg_silhouette': 0.6643003857651771, 'num_points': 6}, {'avg_silhouette': 0.7531200758248142, 'num_points': 8}, {'avg_silhouette': 0.5616709716609719, 'num_points': 6}, {'avg_silhouette': 0.29567993910447715, 'num_points': 7}, {'avg_silhouette': 0.8909575657903618, 'num_points': 5}, {'avg_silhouette': 0.3104554236555553, 'num_points': 7}]",5.0,73,0.7165815530839847,,3,0.7001083359801571
DBSCAN,,0.44383420737639256,"[{'avg_silhouette': 0.4541646836217825, 'num_points': 55}, {'avg_silhouette': 0.8356822890974203, 'num_points': 13754}, {'avg_silhouette': 0.5570239251778171, 'num_points': 83}, {'avg_silhouette': 0.5219206179408634, 'num_points': 228}, {'avg_silhouette': 0.38046934428135004, 'num_points': 16}, {'avg_silhouette': 0.8039631851481324, 'num_points': 35}, {'avg_silhouette': 0.7208777623108406, 'num_points': 804}, {'avg_silhouette': 0.782226652008247, 'num_points': 17}, {'avg_silhouette': 0.2547762313602456, 'num_points': 239}, {'avg_silhouette': 0.6847872125587835, 'num_points': 380}, {'avg_silhouette': 0.7121804054410708, 'num_points': 51}, {'avg_silhouette': 0.6340213329909449, 'num_points': 1360}, {'avg_silhouette': 0.2479515654413129, 'num_points': 35}, {'avg_silhouette': 0.6893776997439459, 'num_points': 11}, {'avg_silhouette': 0.5874612057485336, 'num_points': 10}, {'avg_silhouette': 0.5017556965985194, 'num_points': 9}, {'avg_silhouette': 0.5687296015139965, 'num_points': 41}, {'avg_silhouette': 0.4178255556235724, 'num_points': 29}, {'avg_silhouette': 0.546665609834456, 'num_points': 54}, {'avg_silhouette': 0.1900200837594849, 'num_points': 51}, {'avg_silhouette': 0.6335216415166681, 'num_points': 1955}, {'avg_silhouette': 0.7751891862935376, 'num_points': 63}, {'avg_silhouette': 0.4905502060643071, 'num_points': 69}, {'avg_silhouette': 0.8268849780707315, 'num_points': 359}, {'avg_silhouette': 0.3559780471360162, 'num_points': 8}, {'avg_silhouette': 0.6203798716342962, 'num_points': 9}, {'avg_silhouette': 0.29818964772872864, 'num_points': 7}, {'avg_silhouette': 0.8885758469802812, 'num_points': 5}, {'avg_silhouette': 0.4505592091071393, 'num_points': 10}, {'avg_silhouette': 0.6145551935044817, 'num_points': 35}, {'avg_silhouette': 0.8358164565056353, 'num_points': 138}, {'avg_silhouette': 0.8203936875317893, 'num_points': 80}, {'avg_silhouette': 0.7730171855065623, 'num_points': 6}, {'avg_silhouette': 0.44436843257077296, 'num_points': 76}, {'avg_silhouette': 0.8048335656372124, 'num_points': 6}, {'avg_silhouette': 0.4050111528320086, 'num_points': 13}, {'avg_silhouette': 0.4884405052248703, 'num_points': 8}, {'avg_silhouette': 0.573612017804629, 'num_points': 8}, {'avg_silhouette': 0.9004604103512133, 'num_points': 259}, {'avg_silhouette': 0.3977700258058399, 'num_points': 26}, {'avg_silhouette': 0.7343851808081411, 'num_points': 11}, {'avg_silhouette': 0.37772309641957597, 'num_points': 25}, {'avg_silhouette': 0.5952207354064061, 'num_points': 340}, {'avg_silhouette': 0.19961024680869754, 'num_points': 29}, {'avg_silhouette': 0.43419920436682413, 'num_points': 12}, {'avg_silhouette': 0.5111678094545574, 'num_points': 19}, {'avg_silhouette': 0.5545024806633523, 'num_points': 18}, {'avg_silhouette': 0.4589328347734875, 'num_points': 7}, {'avg_silhouette': 0.5142451274962535, 'num_points': 200}, {'avg_silhouette': 0.915168953558261, 'num_points': 15}, {'avg_silhouette': 1.0, 'num_points': 8}, {'avg_silhouette': 0.7401879363764673, 'num_points': 39}, {'avg_silhouette': 0.6912334681898509, 'num_points': 5}, {'avg_silhouette': 0.4412969336103248, 'num_points': 20}, {'avg_silhouette': 0.47787676003840557, 'num_points': 14}, {'avg_silhouette': 0.4935937886906751, 'num_points': 24}, {'avg_silhouette': 0.6164371982050516, 'num_points': 32}, {'avg_silhouette': 0.7448566976348665, 'num_points': 36}, {'avg_silhouette': 0.6391048471425302, 'num_points': 55}, {'avg_silhouette': 0.6073678316609049, 'num_points': 7}, {'avg_silhouette': 0.32244659327442, 'num_points': 15}, {'avg_silhouette': 0.7321081510350829, 'num_points': 25}, {'avg_silhouette': 0.7455747085754068, 'num_points': 6}, {'avg_silhouette': 0.42110703542828665, 'num_points': 5}, {'avg_silhouette': 0.6120202167761295, 'num_points': 21}, {'avg_silhouette': 0.6638094520091272, 'num_points': 6}, {'avg_silhouette': 0.6643003857651771, 'num_points': 6}, {'avg_silhouette': 0.7531200758248142, 'num_points': 8}, {'avg_silhouette': 0.5616709716609719, 'num_points': 6}, {'avg_silhouette': 0.29567993910447715, 'num_points': 7}, {'avg_silhouette': 0.8909575657903618, 'num_points': 5}, {'avg_silhouette': 0.3230606517512735, 'num_points': 6}]",5.0,72,0.7164003332599168,,3,0.7010750878683445
DBSCAN,,0.41383420737639254,"[{'avg_silhouette': 0.45309399898686775, 'num_points': 55}, {'avg_silhouette': 0.8367237797381543, 'num_points': 13745}, {'avg_silhouette': 0.5568202544833857, 'num_points': 83}, {'avg_silhouette': 0.5247672379219203, 'num_points': 227}, {'avg_silhouette': 0.45287099240469264, 'num_points': 14}, {'avg_silhouette': 0.8039631851481324, 'num_points': 35}, {'avg_silhouette': 0.7248710382807865, 'num_points': 802}, {'avg_silhouette': 0.8253312375297726, 'num_points': 16}, {'avg_silhouette': 0.2588368982164864, 'num_points': 238}, {'avg_silhouette': 0.6913040889004896, 'num_points': 378}, {'avg_silhouette': 0.7117916867903041, 'num_points': 51}, {'avg_silhouette': 0.6330971957066257, 'num_points': 1359}, {'avg_silhouette': 0.2869962438808557, 'num_points': 30}, {'avg_silhouette': 0.6893776997439459, 'num_points': 11}, {'avg_silhouette': 0.5867062950010389, 'num_points': 10}, {'avg_silhouette': 0.5012152851474418, 'num_points': 9}, {'avg_silhouette': 0.5687296015139965, 'num_points': 41}, {'avg_silhouette': 0.420370094624659, 'num_points': 29}, {'avg_silhouette': 0.5464401560935066, 'num_points': 54}, {'avg_silhouette': 0.22012954251620598, 'num_points': 46}, {'avg_silhouette': 0.638542342991054, 'num_points': 1954}, {'avg_silhouette': 0.7751817093443247, 'num_points': 63}, {'avg_silhouette': 0.5133514412513053, 'num_points': 67}, {'avg_silhouette': 0.8268157364067587, 'num_points': 359}, {'avg_silhouette': 0.6202531056198642, 'num_points': 9}, {'avg_silhouette': 0.35222283004902677, 'num_points': 8}, {'avg_silhouette': 0.8935280463522643, 'num_points': 5}, {'avg_silhouette': 0.4505592091071393, 'num_points': 10}, {'avg_silhouette': 0.6144951564232297, 'num_points': 35}, {'avg_silhouette': 0.835796041266358, 'num_points': 138}, {'avg_silhouette': 0.5555563348928938, 'num_points': 7}, {'avg_silhouette': 0.8203936875317893, 'num_points': 80}, {'avg_silhouette': 0.7730171855065623, 'num_points': 6}, {'avg_silhouette': 0.4442933359172264, 'num_points': 76}, {'avg_silhouette': 0.8048335656372124, 'num_points': 6}, {'avg_silhouette': 0.4050111528320086, 'num_points': 13}, {'avg_silhouette': 0.48785356598269847, 'num_points': 8}, {'avg_silhouette': 0.573612017804629, 'num_points': 8}, {'avg_silhouette': 0.9004468647669863, 'num_points': 259}, {'avg_silhouette': 0.39720660770843963, 'num_points': 26}, {'avg_silhouette': 0.7343851808081411, 'num_points': 11}, {'avg_silhouette': 0.3769324863457441, 'num_points': 25}, {'avg_silhouette': 0.5952207354064061, 'num_points': 340}, {'avg_silhouette': 0.20375915918493742, 'num_points': 28}, {'avg_silhouette': 0.5075835544117635, 'num_points': 11}, {'avg_silhouette': 0.5464884052201795, 'num_points': 18}, {'avg_silhouette': 0.5500658932639703, 'num_points': 18}, {'avg_silhouette': 0.4540865441766328, 'num_points': 7}, {'avg_silhouette': 0.528187436785987, 'num_points': 198}, {'avg_silhouette': 0.915168953558261, 'num_points': 15}, {'avg_silhouette': 1.0, 'num_points': 8}, {'avg_silhouette': 0.7401879363764673, 'num_points': 39}, {'avg_silhouette': 0.6911326047198159, 'num_points': 5}, {'avg_silhouette': 0.4412969336103248, 'num_points': 20}, {'avg_silhouette': 0.47787676003840557, 'num_points': 14}, {'avg_silhouette': 0.5272111674613646, 'num_points': 23}, {'avg_silhouette': 0.6164371982050516, 'num_points': 32}, {'avg_silhouette': 0.7448566976348665, 'num_points': 36}, {'avg_silhouette': 0.6419310362658663, 'num_points': 55}, {'avg_silhouette': 0.6073678316609049, 'num_points': 7}, {'avg_silhouette': 0.3419098855452377, 'num_points': 14}, {'avg_silhouette': 0.7320403256124538, 'num_points': 25}, {'avg_silhouette': 0.7439058128022324, 'num_points': 6}, {'avg_silhouette': 0.6120202167761295, 'num_points': 21}, {'avg_silhouette': 0.6638094520091272, 'num_points': 6}, {'avg_silhouette': 0.6643003857651771, 'num_points': 6}, {'avg_silhouette': 0.7515266634072757, 'num_points': 8}, {'avg_silhouette': 0.5616709716609719, 'num_points': 6}, {'avg_silhouette': 0.8909575657903618, 'num_points': 5}, {'avg_silhouette': 0.3858720547048048, 'num_points': 5}]",5.0,70,0.7161846909886094,,3,0.7027877728119446
DBSCAN,,0.4838342073763926,"[{'avg_silhouette': 0.45699283590973916, 'num_points': 55}, {'avg_silhouette': 0.8333756105765971, 'num_points': 13767}, {'avg_silhouette': 0.5631903211964967, 'num_points': 83}, {'avg_silhouette': 0.5224900753867111, 'num_points': 228}, {'avg_silhouette': 0.3545711779610229, 'num_points': 17}, {'avg_silhouette': 0.8039631851481324, 'num_points': 35}, {'avg_silhouette': 0.7166074905764233, 'num_points': 806}, {'avg_silhouette': 0.7822841646627875, 'num_points': 17}, {'avg_silhouette': 0.2529703953078422, 'num_points': 241}, {'avg_silhouette': 0.6787825405819525, 'num_points': 382}, {'avg_silhouette': 0.7129491534452153, 'num_points': 51}, {'avg_silhouette': 0.6298001729960394, 'num_points': 1364}, {'avg_silhouette': 0.2387746973810625, 'num_points': 37}, {'avg_silhouette': 0.6894673721370389, 'num_points': 11}, {'avg_silhouette': 0.5882935880099508, 'num_points': 10}, {'avg_silhouette': 0.3787058591989739, 'num_points': 11}, {'avg_silhouette': 0.578015768402807, 'num_points': 41}, {'avg_silhouette': 0.36289164536239726, 'num_points': 31}, {'avg_silhouette': 0.532433436051679, 'num_points': 55}, {'avg_silhouette': 0.17661126735197807, 'num_points': 54}, {'avg_silhouette': 0.633544004262219, 'num_points': 1955}, {'avg_silhouette': 0.7291570139570362, 'num_points': 65}, {'avg_silhouette': 0.47584481262049455, 'num_points': 70}, {'avg_silhouette': 0.8270250514891113, 'num_points': 359}, {'avg_silhouette': 0.3007969495916738, 'num_points': 9}, {'avg_silhouette': 0.6203798716342962, 'num_points': 9}, {'avg_silhouette': 0.3053586191280716, 'num_points': 7}, {'avg_silhouette': 0.8885758469802812, 'num_points': 5}, {'avg_silhouette': 0.3514431390870721, 'num_points': 12}, {'avg_silhouette': 0.614824361714682, 'num_points': 35}, {'avg_silhouette': 0.8358589956351177, 'num_points': 138}, {'avg_silhouette': 0.8203936875317893, 'num_points': 80}, {'avg_silhouette': 0.7764553555550985, 'num_points': 6}, {'avg_silhouette': 0.44436843257077296, 'num_points': 76}, {'avg_silhouette': 0.8048335656372124, 'num_points': 6}, {'avg_silhouette': 0.4050427407170836, 'num_points': 13}, {'avg_silhouette': 0.4891794391728521, 'num_points': 8}, {'avg_silhouette': 0.4767447966771095, 'num_points': 9}, {'avg_silhouette': 0.9004891115477665, 'num_points': 259}, {'avg_silhouette': 0.37433555992078155, 'num_points': 27}, {'avg_silhouette': 0.6404621250501993, 'num_points': 12}, {'avg_silhouette': 0.36357183098074525, 'num_points': 26}, {'avg_silhouette': 0.5952207354064061, 'num_points': 340}, {'avg_silhouette': 0.18994840241027536, 'num_points': 31}, {'avg_silhouette': 0.4353444957658062, 'num_points': 12}, {'avg_silhouette': 0.5115247597280504, 'num_points': 19}, {'avg_silhouette': 0.557099964098864, 'num_points': 18}, {'avg_silhouette': 0.4616011472778649, 'num_points': 7}, {'avg_silhouette': 0.38886343970467985, 'num_points': 5}, {'avg_silhouette': 0.5143091580709933, 'num_points': 200}, {'avg_silhouette': 0.915168953558261, 'num_points': 15}, {'avg_silhouette': 1.0, 'num_points': 8}, {'avg_silhouette': 0.7401879363764673, 'num_points': 39}, {'avg_silhouette': 0.6924767973565047, 'num_points': 5}, {'avg_silhouette': 0.4412969336103248, 'num_points': 20}, {'avg_silhouette': 0.47787676003840557, 'num_points': 14}, {'avg_silhouette': 0.4935937886906751, 'num_points': 24}, {'avg_silhouette': 0.6164371982050516, 'num_points': 32}, {'avg_silhouette': 0.7448566976348665, 'num_points': 36}, {'avg_silhouette': 0.6392889698281975, 'num_points': 55}, {'avg_silhouette': 0.6073678316609049, 'num_points': 7}, {'avg_silhouette': 0.30491538993262635, 'num_points': 16}, {'avg_silhouette': 0.7321081510350829, 'num_points': 25}, {'avg_silhouette': 0.7455747085754068, 'num_points': 6}, {'avg_silhouette': 0.42110703542828665, 'num_points': 5}, {'avg_silhouette': 0.6120202167761295, 'num_points': 21}, {'avg_silhouette': 0.6638094520091272, 'num_points': 6}, {'avg_silhouette': 0.6643003857651771, 'num_points': 6}, {'avg_silhouette': 0.7531200758248142, 'num_points': 8}, {'avg_silhouette': 0.5616709716609719, 'num_points': 6}, {'avg_silhouette': 0.29567993910447715, 'num_points': 7}, {'avg_silhouette': 0.8909575657903618, 'num_points': 5}, {'avg_silhouette': 0.3104554236555553, 'num_points': 7}]",5.0,73,0.7161232205395465,,3,0.698906595944952
DBSCAN,,0.4738342073763926,"[{'avg_silhouette': 0.4569647329823574, 'num_points': 55}, {'avg_silhouette': 0.8337162837045033, 'num_points': 13765}, {'avg_silhouette': 0.5614033485255097, 'num_points': 83}, {'avg_silhouette': 0.5222418425250216, 'num_points': 228}, {'avg_silhouette': 0.38087371018968846, 'num_points': 16}, {'avg_silhouette': 0.8039631851481324, 'num_points': 35}, {'avg_silhouette': 0.7186642863988689, 'num_points': 805}, {'avg_silhouette': 0.7822755133873079, 'num_points': 17}, {'avg_silhouette': 0.24982963742394582, 'num_points': 241}, {'avg_silhouette': 0.6820545552144764, 'num_points': 381}, {'avg_silhouette': 0.7123270524052622, 'num_points': 51}, {'avg_silhouette': 0.6304590285441859, 'num_points': 1363}, {'avg_silhouette': 0.2441383179218648, 'num_points': 36}, {'avg_silhouette': 0.6894673721370389, 'num_points': 11}, {'avg_silhouette': 0.5878162020760532, 'num_points': 10}, {'avg_silhouette': 0.5021267647535654, 'num_points': 9}, {'avg_silhouette': 0.5779564084610089, 'num_points': 41}, {'avg_silhouette': 0.3624339812631682, 'num_points': 31}, {'avg_silhouette': 0.5467257308869223, 'num_points': 54}, {'avg_silhouette': 0.18398826799348747, 'num_points': 53}, {'avg_silhouette': 0.63354065617735, 'num_points': 1955}, {'avg_silhouette': 0.729149333504568, 'num_points': 65}, {'avg_silhouette': 0.47584481262049455, 'num_points': 70}, {'avg_silhouette': 0.8270030184201597, 'num_points': 359}, {'avg_silhouette': 0.3004918620038237, 'num_points': 9}, {'avg_silhouette': 0.6203798716342962, 'num_points': 9}, {'avg_silhouette': 0.3053586191280716, 'num_points': 7}, {'avg_silhouette': 0.8885758469802812, 'num_points': 5}, {'avg_silhouette': 0.397021268384791, 'num_points': 11}, {'avg_silhouette': 0.6147894430299166, 'num_points': 35}, {'avg_silhouette': 0.8358523684427225, 'num_points': 138}, {'avg_silhouette': 0.8203936875317893, 'num_points': 80}, {'avg_silhouette': 0.7764553555550985, 'num_points': 6}, {'avg_silhouette': 0.44436843257077296, 'num_points': 76}, {'avg_silhouette': 0.8048335656372124, 'num_points': 6}, {'avg_silhouette': 0.4050427407170836, 'num_points': 13}, {'avg_silhouette': 0.4888583784831795, 'num_points': 8}, {'avg_silhouette': 0.4767447966771095, 'num_points': 9}, {'avg_silhouette': 0.9004844421945273, 'num_points': 259}, {'avg_silhouette': 0.3740481241879839, 'num_points': 27}, {'avg_silhouette': 0.7343851808081411, 'num_points': 11}, {'avg_silhouette': 0.36357183098074525, 'num_points': 26}, {'avg_silhouette': 0.5952207354064061, 'num_points': 340}, {'avg_silhouette': 0.18844804303214702, 'num_points': 31}, {'avg_silhouette': 0.4348238040944308, 'num_points': 12}, {'avg_silhouette': 0.5114699750913505, 'num_points': 19}, {'avg_silhouette': 0.557099964098864, 'num_points': 18}, {'avg_silhouette': 0.4616011472778649, 'num_points': 7}, {'avg_silhouette': 0.38886343970467985, 'num_points': 5}, {'avg_silhouette': 0.5142997937295962, 'num_points': 200}, {'avg_silhouette': 0.915168953558261, 'num_points': 15}, {'avg_silhouette': 1.0, 'num_points': 8}, {'avg_silhouette': 0.7401879363764673, 'num_points': 39}, {'avg_silhouette': 0.691296027465208, 'num_points': 5}, {'avg_silhouette': 0.4412969336103248, 'num_points': 20}, {'avg_silhouette': 0.47787676003840557, 'num_points': 14}, {'avg_silhouette': 0.4935937886906751, 'num_points': 24}, {'avg_silhouette': 0.6164371982050516, 'num_points': 32}, {'avg_silhouette': 0.7448566976348665, 'num_points': 36}, {'avg_silhouette': 0.6392609222805972, 'num_points': 55}, {'avg_silhouette': 0.6073678316609049, 'num_points': 7}, {'avg_silhouette': 0.32795942947835316, 'num_points': 15}, {'avg_silhouette': 0.7321081510350829, 'num_points': 25}, {'avg_silhouette': 0.7455747085754068, 'num_points': 6}, {'avg_silhouette': 0.42110703542828665, 'num_points': 5}, {'avg_silhouette': 0.6120202167761295, 'num_points': 21}, {'avg_silhouette': 0.6638094520091272, 'num_points': 6}, {'avg_silhouette': 0.6643003857651771, 'num_points': 6}, {'avg_silhouette': 0.7531200758248142, 'num_points': 8}, {'avg_silhouette': 0.5616709716609719, 'num_points': 6}, {'avg_silhouette': 0.29567993910447715, 'num_points': 7}, {'avg_silhouette': 0.8909575657903618, 'num_points': 5}, {'avg_silhouette': 0.3104554236555553, 'num_points': 7}]",5.0,73,0.7160744695973885,,3,0.699238656142013
DBSCAN,,0.4938342073763926,"[{'avg_silhouette': 0.45841500935671325, 'num_points': 55}, {'avg_silhouette': 0.83312310365722, 'num_points': 13769}, {'avg_silhouette': 0.5249131734242446, 'num_points': 87}, {'avg_silhouette': 0.5239244133193854, 'num_points': 228}, {'avg_silhouette': 0.3563580257498182, 'num_points': 17}, {'avg_silhouette': 0.8039631851481324, 'num_points': 35}, {'avg_silhouette': 0.7056173100848478, 'num_points': 814}, {'avg_silhouette': 0.7822927336906487, 'num_points': 17}, {'avg_silhouette': 0.24962316778341767, 'num_points': 243}, {'avg_silhouette': 0.6788162940943588, 'num_points': 382}, {'avg_silhouette': 0.7129491534452153, 'num_points': 51}, {'avg_silhouette': 0.6288832269701254, 'num_points': 1365}, {'avg_silhouette': 0.2278430610575883, 'num_points': 39}, {'avg_silhouette': 0.6894673721370389, 'num_points': 11}, {'avg_silhouette': 0.5882935880099508, 'num_points': 10}, {'avg_silhouette': 0.38040254157555664, 'num_points': 11}, {'avg_silhouette': 0.578015768402807, 'num_points': 41}, {'avg_silhouette': 0.32392737822255147, 'num_points': 33}, {'avg_silhouette': 0.532445673289047, 'num_points': 55}, {'avg_silhouette': 0.16982951234373198, 'num_points': 55}, {'avg_silhouette': 0.6325190993457965, 'num_points': 1956}, {'avg_silhouette': 0.7291653139491672, 'num_points': 65}, {'avg_silhouette': 0.47584481262049455, 'num_points': 70}, {'avg_silhouette': 0.8270461846553973, 'num_points': 359}, {'avg_silhouette': 0.2637748211661898, 'num_points': 10}, {'avg_silhouette': 0.6205178533568384, 'num_points': 9}, {'avg_silhouette': 0.3107417032970529, 'num_points': 7}, {'avg_silhouette': 0.8885758469802812, 'num_points': 5}, {'avg_silhouette': 0.3604198984994995, 'num_points': 12}, {'avg_silhouette': 0.6148752271314128, 'num_points': 35}, {'avg_silhouette': 0.8358655612082302, 'num_points': 138}, {'avg_silhouette': 0.8203936875317893, 'num_points': 80}, {'avg_silhouette': 0.7764553555550985, 'num_points': 6}, {'avg_silhouette': 0.44445131127730453, 'num_points': 76}, {'avg_silhouette': 0.8048335656372124, 'num_points': 6}, {'avg_silhouette': 0.4050427407170836, 'num_points': 13}, {'avg_silhouette': 0.4767447966771095, 'num_points': 9}, {'avg_silhouette': 0.8917526332540904, 'num_points': 262}, {'avg_silhouette': 0.3760715560886117, 'num_points': 27}, {'avg_silhouette': 0.6404621250501993, 'num_points': 12}, {'avg_silhouette': 0.3640691293235542, 'num_points': 26}, {'avg_silhouette': 0.5952207354064061, 'num_points': 340}, {'avg_silhouette': 0.18996716909251166, 'num_points': 31}, {'avg_silhouette': 0.43575860945936445, 'num_points': 12}, {'avg_silhouette': 0.5115773030364575, 'num_points': 19}, {'avg_silhouette': 0.557099964098864, 'num_points': 18}, {'avg_silhouette': 0.4616011472778649, 'num_points': 7}, {'avg_silhouette': 0.3131261793303712, 'num_points': 6}, {'avg_silhouette': 0.5143178729360516, 'num_points': 200}, {'avg_silhouette': 0.915168953558261, 'num_points': 15}, {'avg_silhouette': 1.0, 'num_points': 8}, {'avg_silhouette': 0.7401879363764673, 'num_points': 39}, {'avg_silhouette': 0.6927304121710073, 'num_points': 5}, {'avg_silhouette': 0.4412969336103248, 'num_points': 20}, {'avg_silhouette': 0.47787676003840557, 'num_points': 14}, {'avg_silhouette': 0.4936979753806341, 'num_points': 24}, {'avg_silhouette': 0.6164371982050516, 'num_points': 32}, {'avg_silhouette': 0.7448566976348665, 'num_points': 36}, {'avg_silhouette': 0.6393156231177457, 'num_points': 55}, {'avg_silhouette': 0.6073678316609049, 'num_points': 7}, {'avg_silhouette': 0.30911177611097646, 'num_points': 16}, {'avg_silhouette': 0.7321847170820557, 'num_points': 25}, {'avg_silhouette': 0.7455747085754068, 'num_points': 6}, {'avg_silhouette': 0.42120751237492077, 'num_points': 5}, {'avg_silhouette': 0.6120202167761295, 'num_points': 21}, {'avg_silhouette': 0.6638094520091272, 'num_points': 6}, {'avg_silhouette': 0.6643003857651771, 'num_points': 6}, {'avg_silhouette': 0.7536444506738764, 'num_points': 8}, {'avg_silhouette': 0.5616709716609719, 'num_points': 6}, {'avg_silhouette': 0.29583333760662833, 'num_points': 7}, {'avg_silhouette': 0.8909575657903618, 'num_points': 5}, {'avg_silhouette': 0.3183594971706786, 'num_points': 7}]",5.0,72,0.7160550744074947,,3,0.6981751433243807
DBSCAN,,0.43383420737639256,"[{'avg_silhouette': 0.4541646836217825, 'num_points': 55}, {'avg_silhouette': 0.8358966646708152, 'num_points': 13753}, {'avg_silhouette': 0.5568202544833857, 'num_points': 83}, {'avg_silhouette': 0.5219206179408634, 'num_points': 228}, {'avg_silhouette': 0.3804198871219896, 'num_points': 16}, {'avg_silhouette': 0.8039631851481324, 'num_points': 35}, {'avg_silhouette': 0.7208570506107652, 'num_points': 804}, {'avg_silhouette': 0.782220711933805, 'num_points': 17}, {'avg_silhouette': 0.2543667571297891, 'num_points': 239}, {'avg_silhouette': 0.6873523028934002, 'num_points': 379}, {'avg_silhouette': 0.7120766415169564, 'num_points': 51}, {'avg_silhouette': 0.632060069001154, 'num_points': 1360}, {'avg_silhouette': 0.2701349156102577, 'num_points': 32}, {'avg_silhouette': 0.6893776997439459, 'num_points': 11}, {'avg_silhouette': 0.587230467063801, 'num_points': 10}, {'avg_silhouette': 0.5017556965985194, 'num_points': 9}, {'avg_silhouette': 0.5687296015139965, 'num_points': 41}, {'avg_silhouette': 0.42152897465010886, 'num_points': 29}, {'avg_silhouette': 0.5466555178172201, 'num_points': 54}, {'avg_silhouette': 0.21040552885795383, 'num_points': 49}, {'avg_silhouette': 0.6335374116782925, 'num_points': 1955}, {'avg_silhouette': 0.7751891862935376, 'num_points': 63}, {'avg_silhouette': 0.5039463198455318, 'num_points': 68}, {'avg_silhouette': 0.8268701686496117, 'num_points': 359}, {'avg_silhouette': 0.6203798716342962, 'num_points': 9}, {'avg_silhouette': 0.35344442796228226, 'num_points': 8}, {'avg_silhouette': 0.8935280463522643, 'num_points': 5}, {'avg_silhouette': 0.4505592091071393, 'num_points': 10}, {'avg_silhouette': 0.6145551935044817, 'num_points': 35}, {'avg_silhouette': 0.8358118328926699, 'num_points': 138}, {'avg_silhouette': 0.8203936875317893, 'num_points': 80}, {'avg_silhouette': 0.7730171855065623, 'num_points': 6}, {'avg_silhouette': 0.44436843257077296, 'num_points': 76}, {'avg_silhouette': 0.8048335656372124, 'num_points': 6}, {'avg_silhouette': 0.4050111528320086, 'num_points': 13}, {'avg_silhouette': 0.4884405052248703, 'num_points': 8}, {'avg_silhouette': 0.573612017804629, 'num_points': 8}, {'avg_silhouette': 0.9004571492123887, 'num_points': 259}, {'avg_silhouette': 0.3977700258058399, 'num_points': 26}, {'avg_silhouette': 0.7343851808081411, 'num_points': 11}, {'avg_silhouette': 0.37772309641957597, 'num_points': 25}, {'avg_silhouette': 0.5952207354064061, 'num_points': 340}, {'avg_silhouette': 0.19959993675433657, 'num_points': 29}, {'avg_silhouette': 0.5077546882882257, 'num_points': 11}, {'avg_silhouette': 0.5466213339813246, 'num_points': 18}, {'avg_silhouette': 0.5517115731553339, 'num_points': 18}, {'avg_silhouette': 0.45607730502455235, 'num_points': 7}, {'avg_silhouette': 0.5143267932858678, 'num_points': 200}, {'avg_silhouette': 0.915168953558261, 'num_points': 15}, {'avg_silhouette': 1.0, 'num_points': 8}, {'avg_silhouette': 0.7401879363764673, 'num_points': 39}, {'avg_silhouette': 0.6912334681898509, 'num_points': 5}, {'avg_silhouette': 0.4412969336103248, 'num_points': 20}, {'avg_silhouette': 0.47787676003840557, 'num_points': 14}, {'avg_silhouette': 0.5273111007510122, 'num_points': 23}, {'avg_silhouette': 0.6164371982050516, 'num_points': 32}, {'avg_silhouette': 0.7448566976348665, 'num_points': 36}, {'avg_silhouette': 0.6394086547020269, 'num_points': 55}, {'avg_silhouette': 0.6073678316609049, 'num_points': 7}, {'avg_silhouette': 0.32244659327442, 'num_points': 15}, {'avg_silhouette': 0.7321081510350829, 'num_points': 25}, {'avg_silhouette': 0.7455747085754068, 'num_points': 6}, {'avg_silhouette': 0.42110703542828665, 'num_points': 5}, {'avg_silhouette': 0.6120202167761295, 'num_points': 21}, {'avg_silhouette': 0.6638094520091272, 'num_points': 6}, {'avg_silhouette': 0.6643003857651771, 'num_points': 6}, {'avg_silhouette': 0.7531200758248142, 'num_points': 8}, {'avg_silhouette': 0.5616709716609719, 'num_points': 6}, {'avg_silhouette': 0.36784592476201583, 'num_points': 6}, {'avg_silhouette': 0.8909575657903618, 'num_points': 5}, {'avg_silhouette': 0.3858720547048048, 'num_points': 5}]",5.0,71,0.7160393755612495,,3,0.7004980484500872
DBSCAN,,0.42383420737639255,"[{'avg_silhouette': 0.45309399898686775, 'num_points': 55}, {'avg_silhouette': 0.8360506367492258, 'num_points': 13752}, {'avg_silhouette': 0.5568202544833857, 'num_points': 83}, {'avg_silhouette': 0.5216478933232663, 'num_points': 228}, {'avg_silhouette': 0.4149265964674287, 'num_points': 15}, {'avg_silhouette': 0.8039631851481324, 'num_points': 35}, {'avg_silhouette': 0.7229841556050588, 'num_points': 803}, {'avg_silhouette': 0.7822169190674833, 'num_points': 17}, {'avg_silhouette': 0.25885675228552174, 'num_points': 238}, {'avg_silhouette': 0.6913737726329475, 'num_points': 378}, {'avg_silhouette': 0.7117916867903041, 'num_points': 51}, {'avg_silhouette': 0.6320452860433693, 'num_points': 1360}, {'avg_silhouette': 0.27806183391299505, 'num_points': 31}, {'avg_silhouette': 0.6893776997439459, 'num_points': 11}, {'avg_silhouette': 0.5867062950010389, 'num_points': 10}, {'avg_silhouette': 0.50147278058677, 'num_points': 9}, {'avg_silhouette': 0.5687296015139965, 'num_points': 41}, {'avg_silhouette': 0.42150696061764453, 'num_points': 29}, {'avg_silhouette': 0.5466498605019093, 'num_points': 54}, {'avg_silhouette': 0.21351329831024987, 'num_points': 48}, {'avg_silhouette': 0.6375747245132732, 'num_points': 1955}, {'avg_silhouette': 0.7751891862935376, 'num_points': 63}, {'avg_silhouette': 0.5039463198455318, 'num_points': 68}, {'avg_silhouette': 0.8268606709897813, 'num_points': 359}, {'avg_silhouette': 0.6203798716342962, 'num_points': 9}, {'avg_silhouette': 0.35162054688889344, 'num_points': 8}, {'avg_silhouette': 0.8935280463522643, 'num_points': 5}, {'avg_silhouette': 0.4505592091071393, 'num_points': 10}, {'avg_silhouette': 0.6145551935044817, 'num_points': 35}, {'avg_silhouette': 0.8358092773191697, 'num_points': 138}, {'avg_silhouette': 0.8203936875317893, 'num_points': 80}, {'avg_silhouette': 0.7730171855065623, 'num_points': 6}, {'avg_silhouette': 0.44436843257077296, 'num_points': 76}, {'avg_silhouette': 0.8048335656372124, 'num_points': 6}, {'avg_silhouette': 0.4050111528320086, 'num_points': 13}, {'avg_silhouette': 0.48813357679538455, 'num_points': 8}, {'avg_silhouette': 0.573612017804629, 'num_points': 8}, {'avg_silhouette': 0.900455239294695, 'num_points': 259}, {'avg_silhouette': 0.397486464469892, 'num_points': 26}, {'avg_silhouette': 0.7343851808081411, 'num_points': 11}, {'avg_silhouette': 0.3769324863457441, 'num_points': 25}, {'avg_silhouette': 0.5952207354064061, 'num_points': 340}, {'avg_silhouette': 0.19959340196227524, 'num_points': 29}, {'avg_silhouette': 0.5077546882882257, 'num_points': 11}, {'avg_silhouette': 0.546599206543033, 'num_points': 18}, {'avg_silhouette': 0.5517115731553339, 'num_points': 18}, {'avg_silhouette': 0.45607730502455235, 'num_points': 7}, {'avg_silhouette': 0.5191541896715586, 'num_points': 199}, {'avg_silhouette': 0.915168953558261, 'num_points': 15}, {'avg_silhouette': 1.0, 'num_points': 8}, {'avg_silhouette': 0.7401879363764673, 'num_points': 39}, {'avg_silhouette': 0.6911738691707935, 'num_points': 5}, {'avg_silhouette': 0.4412969336103248, 'num_points': 20}, {'avg_silhouette': 0.47787676003840557, 'num_points': 14}, {'avg_silhouette': 0.5273111007510122, 'num_points': 23}, {'avg_silhouette': 0.6164371982050516, 'num_points': 32}, {'avg_silhouette': 0.7448566976348665, 'num_points': 36}, {'avg_silhouette': 0.6419922915190889, 'num_points': 55}, {'avg_silhouette': 0.6073678316609049, 'num_points': 7}, {'avg_silhouette': 0.32244659327442, 'num_points': 15}, {'avg_silhouette': 0.7321081510350829, 'num_points': 25}, {'avg_silhouette': 0.7451771506634867, 'num_points': 6}, {'avg_silhouette': 0.6120202167761295, 'num_points': 21}, {'avg_silhouette': 0.6638094520091272, 'num_points': 6}, {'avg_silhouette': 0.6643003857651771, 'num_points': 6}, {'avg_silhouette': 0.7531200758248142, 'num_points': 8}, {'avg_silhouette': 0.5616709716609719, 'num_points': 6}, {'avg_silhouette': 0.8909575657903618, 'num_points': 5}, {'avg_silhouette': 0.3858720547048048, 'num_points': 5}]",5.0,69,0.716018123548694,,3,0.7018902157686228
DBSCAN,,0.40383420737639253,"[{'avg_silhouette': 0.45111490414559297, 'num_points': 55}, {'avg_silhouette': 0.8373677739089624, 'num_points': 13741}, {'avg_silhouette': 0.5570239251778171, 'num_points': 83}, {'avg_silhouette': 0.5285832115628744, 'num_points': 226}, {'avg_silhouette': 0.45287099240469264, 'num_points': 14}, {'avg_silhouette': 0.8039631851481324, 'num_points': 35}, {'avg_silhouette': 0.7222756924497924, 'num_points': 802}, {'avg_silhouette': 0.8253205066913083, 'num_points': 16}, {'avg_silhouette': 0.26150336793526, 'num_points': 237}, {'avg_silhouette': 0.6912541326551387, 'num_points': 378}, {'avg_silhouette': 0.7117916867903041, 'num_points': 51}, {'avg_silhouette': 0.635268963696586, 'num_points': 1357}, {'avg_silhouette': 0.29910720216541964, 'num_points': 28}, {'avg_silhouette': 0.6893776997439459, 'num_points': 11}, {'avg_silhouette': 0.5867062950010389, 'num_points': 10}, {'avg_silhouette': 0.5012152851474418, 'num_points': 9}, {'avg_silhouette': 0.5687296015139965, 'num_points': 41}, {'avg_silhouette': 0.41880652824272757, 'num_points': 29}, {'avg_silhouette': 0.5461834558523242, 'num_points': 54}, {'avg_silhouette': 0.2199718061946025, 'num_points': 46}, {'avg_silhouette': 0.6385367629858067, 'num_points': 1954}, {'avg_silhouette': 0.7751677644261991, 'num_points': 63}, {'avg_silhouette': 0.5235233590793382, 'num_points': 66}, {'avg_silhouette': 0.8267823418094891, 'num_points': 359}, {'avg_silhouette': 0.6202531056198642, 'num_points': 9}, {'avg_silhouette': 0.3503349427663408, 'num_points': 8}, {'avg_silhouette': 0.8935280463522643, 'num_points': 5}, {'avg_silhouette': 0.4505592091071393, 'num_points': 10}, {'avg_silhouette': 0.61436349058797, 'num_points': 35}, {'avg_silhouette': 0.8357868989999837, 'num_points': 138}, {'avg_silhouette': 0.5525989526774084, 'num_points': 7}, {'avg_silhouette': 0.8203936875317893, 'num_points': 80}, {'avg_silhouette': 0.7730171855065623, 'num_points': 6}, {'avg_silhouette': 0.4442933359172264, 'num_points': 76}, {'avg_silhouette': 0.8048335656372124, 'num_points': 6}, {'avg_silhouette': 0.4397114854718655, 'num_points': 12}, {'avg_silhouette': 0.5787885374823923, 'num_points': 7}, {'avg_silhouette': 0.573612017804629, 'num_points': 8}, {'avg_silhouette': 0.900440610001318, 'num_points': 259}, {'avg_silhouette': 0.41733973984920353, 'num_points': 25}, {'avg_silhouette': 0.7343851808081411, 'num_points': 11}, {'avg_silhouette': 0.3700584184066426, 'num_points': 25}, {'avg_silhouette': 0.5952207354064061, 'num_points': 340}, {'avg_silhouette': 0.20921587468173558, 'num_points': 27}, {'avg_silhouette': 0.5072226715282343, 'num_points': 11}, {'avg_silhouette': 0.5924561196416411, 'num_points': 17}, {'avg_silhouette': 0.5484368321136466, 'num_points': 18}, {'avg_silhouette': 0.4520316310276346, 'num_points': 7}, {'avg_silhouette': 0.5281745285069714, 'num_points': 198}, {'avg_silhouette': 0.915168953558261, 'num_points': 15}, {'avg_silhouette': 1.0, 'num_points': 8}, {'avg_silhouette': 0.7401879363764673, 'num_points': 39}, {'avg_silhouette': 0.6911326047198159, 'num_points': 5}, {'avg_silhouette': 0.4412969336103248, 'num_points': 20}, {'avg_silhouette': 0.47787676003840557, 'num_points': 14}, {'avg_silhouette': 0.5272111674613646, 'num_points': 23}, {'avg_silhouette': 0.6164371982050516, 'num_points': 32}, {'avg_silhouette': 0.7448566976348665, 'num_points': 36}, {'avg_silhouette': 0.6418880446148421, 'num_points': 55}, {'avg_silhouette': 0.6073678316609049, 'num_points': 7}, {'avg_silhouette': 0.3573617311886883, 'num_points': 13}, {'avg_silhouette': 0.7320403256124538, 'num_points': 25}, {'avg_silhouette': 0.7439058128022324, 'num_points': 6}, {'avg_silhouette': 0.6120202167761295, 'num_points': 21}, {'avg_silhouette': 0.6638094520091272, 'num_points': 6}, {'avg_silhouette': 0.6643003857651771, 'num_points': 6}, {'avg_silhouette': 0.7515266634072757, 'num_points': 8}, {'avg_silhouette': 0.5616709716609719, 'num_points': 6}, {'avg_silhouette': 0.8909575657903618, 'num_points': 5}]",5.0,69,0.7159472157547967,,3,0.7037245001971183
DBSCAN,,0.3938342073763925,"[{'avg_silhouette': 0.447892828008384, 'num_points': 55}, {'avg_silhouette': 0.8374743546660959, 'num_points': 13739}, {'avg_silhouette': 0.5570239251778171, 'num_points': 83}, {'avg_silhouette': 0.5280926951686401, 'num_points': 226}, {'avg_silhouette': 0.4523059193803113, 'num_points': 14}, {'avg_silhouette': 0.8039631851481324, 'num_points': 35}, {'avg_silhouette': 0.7272597292102638, 'num_points': 799}, {'avg_silhouette': 0.825316745714665, 'num_points': 16}, {'avg_silhouette': 0.26421224005300464, 'num_points': 236}, {'avg_silhouette': 0.6945789162561283, 'num_points': 377}, {'avg_silhouette': 0.7116472952819158, 'num_points': 51}, {'avg_silhouette': 0.6352496520382622, 'num_points': 1357}, {'avg_silhouette': 0.2977970201118779, 'num_points': 28}, {'avg_silhouette': 0.6893776997439459, 'num_points': 11}, {'avg_silhouette': 0.5863396000386869, 'num_points': 10}, {'avg_silhouette': 0.5006395196070914, 'num_points': 9}, {'avg_silhouette': 0.5687296015139965, 'num_points': 41}, {'avg_silhouette': 0.41918613890277273, 'num_points': 29}, {'avg_silhouette': 0.5461781351092041, 'num_points': 54}, {'avg_silhouette': 0.4123526492740575, 'num_points': 7}, {'avg_silhouette': 0.2952590431864944, 'num_points': 36}, {'avg_silhouette': 0.6385345320127467, 'num_points': 1954}, {'avg_silhouette': 0.7751677644261991, 'num_points': 63}, {'avg_silhouette': 0.5235233590793382, 'num_points': 66}, {'avg_silhouette': 0.8267699505648997, 'num_points': 359}, {'avg_silhouette': 0.6202531056198642, 'num_points': 9}, {'avg_silhouette': 0.3503349427663408, 'num_points': 8}, {'avg_silhouette': 0.8935280463522643, 'num_points': 5}, {'avg_silhouette': 0.4505592091071393, 'num_points': 10}, {'avg_silhouette': 0.61436349058797, 'num_points': 35}, {'avg_silhouette': 0.8357834484786901, 'num_points': 138}, {'avg_silhouette': 0.5525975151317667, 'num_points': 7}, {'avg_silhouette': 0.8203936875317893, 'num_points': 80}, {'avg_silhouette': 0.7730171855065623, 'num_points': 6}, {'avg_silhouette': 0.4442933359172264, 'num_points': 76}, {'avg_silhouette': 0.8048335656372124, 'num_points': 6}, {'avg_silhouette': 0.4763518689736616, 'num_points': 11}, {'avg_silhouette': 0.578236651219442, 'num_points': 7}, {'avg_silhouette': 0.573612017804629, 'num_points': 8}, {'avg_silhouette': 0.9004383775507815, 'num_points': 259}, {'avg_silhouette': 0.41677250013960615, 'num_points': 25}, {'avg_silhouette': 0.7343851808081411, 'num_points': 11}, {'avg_silhouette': 0.3642665413163939, 'num_points': 25}, {'avg_silhouette': 0.5952207354064061, 'num_points': 340}, {'avg_silhouette': 0.2805445197072549, 'num_points': 13}, {'avg_silhouette': 0.3930715466220889, 'num_points': 12}, {'avg_silhouette': 0.5072226715282343, 'num_points': 11}, {'avg_silhouette': 0.5924285207377189, 'num_points': 17}, {'avg_silhouette': 0.5484368321136466, 'num_points': 18}, {'avg_silhouette': 0.4520316310276346, 'num_points': 7}, {'avg_silhouette': 0.528168933693178, 'num_points': 198}, {'avg_silhouette': 0.915168953558261, 'num_points': 15}, {'avg_silhouette': 1.0, 'num_points': 8}, {'avg_silhouette': 0.7401879363764673, 'num_points': 39}, {'avg_silhouette': 0.6910482804996707, 'num_points': 5}, {'avg_silhouette': 0.4412969336103248, 'num_points': 20}, {'avg_silhouette': 0.47787676003840557, 'num_points': 14}, {'avg_silhouette': 0.5272111674613646, 'num_points': 23}, {'avg_silhouette': 0.6164371982050516, 'num_points': 32}, {'avg_silhouette': 0.7448566976348665, 'num_points': 36}, {'avg_silhouette': 0.6418715699952247, 'num_points': 55}, {'avg_silhouette': 0.6073678316609049, 'num_points': 7}, {'avg_silhouette': 0.7320403256124538, 'num_points': 25}, {'avg_silhouette': 0.7439058128022324, 'num_points': 6}, {'avg_silhouette': 0.6120202167761295, 'num_points': 21}, {'avg_silhouette': 0.6638094520091272, 'num_points': 6}, {'avg_silhouette': 0.6643003857651771, 'num_points': 6}, {'avg_silhouette': 0.41072024438394933, 'num_points': 10}, {'avg_silhouette': 0.7515266634072757, 'num_points': 8}, {'avg_silhouette': 0.5616709716609719, 'num_points': 6}, {'avg_silhouette': 0.8909575657903618, 'num_points': 5}]",5.0,71,0.715693310573474,,3,0.703752846239035
DBSCAN,,0.3838342073763925,"[{'avg_silhouette': 0.4572784009648935, 'num_points': 54}, {'avg_silhouette': 0.8375713456345494, 'num_points': 13738}, {'avg_silhouette': 0.543526309489754, 'num_points': 83}, {'avg_silhouette': 0.5331059646632416, 'num_points': 225}, {'avg_silhouette': 0.4845349877876347, 'num_points': 13}, {'avg_silhouette': 0.8039631851481324, 'num_points': 35}, {'avg_silhouette': 0.7272514309707983, 'num_points': 799}, {'avg_silhouette': 0.825314949354535, 'num_points': 16}, {'avg_silhouette': 0.2687281511865783, 'num_points': 234}, {'avg_silhouette': 0.7015309415707359, 'num_points': 375}, {'avg_silhouette': 0.7112059081914535, 'num_points': 51}, {'avg_silhouette': 0.6352401632789197, 'num_points': 1357}, {'avg_silhouette': 0.3023058854338305, 'num_points': 27}, {'avg_silhouette': 0.6893776997439459, 'num_points': 11}, {'avg_silhouette': 0.5856259078971242, 'num_points': 10}, {'avg_silhouette': 0.5006395196070914, 'num_points': 9}, {'avg_silhouette': 0.5687296015139965, 'num_points': 41}, {'avg_silhouette': 0.4191723164554419, 'num_points': 29}, {'avg_silhouette': 0.5457667209745535, 'num_points': 54}, {'avg_silhouette': 0.4123526492740575, 'num_points': 7}, {'avg_silhouette': 0.2943498265229638, 'num_points': 36}, {'avg_silhouette': 0.6391645687347367, 'num_points': 1953}, {'avg_silhouette': 0.7751677644261991, 'num_points': 63}, {'avg_silhouette': 0.5235233590793382, 'num_points': 66}, {'avg_silhouette': 0.8267640751943351, 'num_points': 359}, {'avg_silhouette': 0.6201842510443554, 'num_points': 9}, {'avg_silhouette': 0.3469468359990997, 'num_points': 8}, {'avg_silhouette': 0.8935280463522643, 'num_points': 5}, {'avg_silhouette': 0.5233159002912608, 'num_points': 9}, {'avg_silhouette': 0.61436349058797, 'num_points': 35}, {'avg_silhouette': 0.8357816559622877, 'num_points': 138}, {'avg_silhouette': 0.5525975656187028, 'num_points': 7}, {'avg_silhouette': 0.8203936875317893, 'num_points': 80}, {'avg_silhouette': 0.7730171855065623, 'num_points': 6}, {'avg_silhouette': 0.4442533318533677, 'num_points': 76}, {'avg_silhouette': 0.8048335656372124, 'num_points': 6}, {'avg_silhouette': 0.4739360466299118, 'num_points': 11}, {'avg_silhouette': 0.578236651219442, 'num_points': 7}, {'avg_silhouette': 0.573612017804629, 'num_points': 8}, {'avg_silhouette': 0.9004372316941539, 'num_points': 259}, {'avg_silhouette': 0.41677250013960615, 'num_points': 25}, {'avg_silhouette': 0.7343851808081411, 'num_points': 11}, {'avg_silhouette': 0.36375538177139255, 'num_points': 25}, {'avg_silhouette': 0.5952207354064061, 'num_points': 340}, {'avg_silhouette': 0.2885811660700756, 'num_points': 7}, {'avg_silhouette': 0.3948429831756219, 'num_points': 11}, {'avg_silhouette': 0.5072226715282343, 'num_points': 11}, {'avg_silhouette': 0.5924163245104745, 'num_points': 17}, {'avg_silhouette': 0.5484368321136466, 'num_points': 18}, {'avg_silhouette': 0.4520316310276346, 'num_points': 7}, {'avg_silhouette': 0.5281665272874031, 'num_points': 198}, {'avg_silhouette': 0.913071157862925, 'num_points': 15}, {'avg_silhouette': 1.0, 'num_points': 8}, {'avg_silhouette': 0.7401879363764673, 'num_points': 39}, {'avg_silhouette': 0.6910482804996707, 'num_points': 5}, {'avg_silhouette': 0.4412969336103248, 'num_points': 20}, {'avg_silhouette': 0.47787676003840557, 'num_points': 14}, {'avg_silhouette': 0.5271538154897365, 'num_points': 23}, {'avg_silhouette': 0.6164371982050516, 'num_points': 32}, {'avg_silhouette': 0.7448566976348665, 'num_points': 36}, {'avg_silhouette': 0.641863709036726, 'num_points': 55}, {'avg_silhouette': 0.922044140573486, 'num_points': 5}, {'avg_silhouette': 0.7320198934318454, 'num_points': 25}, {'avg_silhouette': 0.7439058128022324, 'num_points': 6}, {'avg_silhouette': 0.6120202167761295, 'num_points': 21}, {'avg_silhouette': 0.6638094520091272, 'num_points': 6}, {'avg_silhouette': 0.6643003857651771, 'num_points': 6}, {'avg_silhouette': 0.41041252519926613, 'num_points': 10}, {'avg_silhouette': 0.2359407215033014, 'num_points': 6}, {'avg_silhouette': 0.7515266634072757, 'num_points': 8}, {'avg_silhouette': 0.5616709716609719, 'num_points': 6}, {'avg_silhouette': 0.8835835434896884, 'num_points': 5}]",5.0,72,0.7153820711676306,,3,0.7039920258827354
DBSCAN,,0.3738342073763925,"[{'avg_silhouette': 0.4530107344251432, 'num_points': 54}, {'avg_silhouette': 0.8374128533473826, 'num_points': 13737}, {'avg_silhouette': 0.543526309489754, 'num_points': 83}, {'avg_silhouette': 0.5330843530288557, 'num_points': 225}, {'avg_silhouette': 0.4845349877876347, 'num_points': 13}, {'avg_silhouette': 0.8039631851481324, 'num_points': 35}, {'avg_silhouette': 0.7272470530836066, 'num_points': 799}, {'avg_silhouette': 0.825313567232451, 'num_points': 16}, {'avg_silhouette': 0.27438554834387946, 'num_points': 231}, {'avg_silhouette': 0.7015241334245191, 'num_points': 375}, {'avg_silhouette': 0.7112059081914535, 'num_points': 51}, {'avg_silhouette': 0.6352330650498785, 'num_points': 1357}, {'avg_silhouette': 0.20965813524385415, 'num_points': 23}, {'avg_silhouette': 0.6893776997439459, 'num_points': 11}, {'avg_silhouette': 0.5856259078971242, 'num_points': 10}, {'avg_silhouette': 0.5006395196070914, 'num_points': 9}, {'avg_silhouette': 0.5687296015139965, 'num_points': 41}, {'avg_silhouette': 0.41916144931604354, 'num_points': 29}, {'avg_silhouette': 0.5612574418985821, 'num_points': 53}, {'avg_silhouette': 0.4367244495470472, 'num_points': 6}, {'avg_silhouette': 0.29522308066613967, 'num_points': 36}, {'avg_silhouette': 0.6392289560563259, 'num_points': 1953}, {'avg_silhouette': 0.7751677644261991, 'num_points': 63}, {'avg_silhouette': 0.5235233590793382, 'num_points': 66}, {'avg_silhouette': 0.8267189824078709, 'num_points': 359}, {'avg_silhouette': 0.6201842510443554, 'num_points': 9}, {'avg_silhouette': 0.42189516969656626, 'num_points': 6}, {'avg_silhouette': 0.8935280463522643, 'num_points': 5}, {'avg_silhouette': 0.5233159002912608, 'num_points': 9}, {'avg_silhouette': 0.6106207628130178, 'num_points': 35}, {'avg_silhouette': 0.8357804641804859, 'num_points': 138}, {'avg_silhouette': 0.5525989400024129, 'num_points': 7}, {'avg_silhouette': 0.8203936875317893, 'num_points': 80}, {'avg_silhouette': 0.7730171855065623, 'num_points': 6}, {'avg_silhouette': 0.4507682833403772, 'num_points': 75}, {'avg_silhouette': 0.8048335656372124, 'num_points': 6}, {'avg_silhouette': 0.4739360466299118, 'num_points': 11}, {'avg_silhouette': 0.578236651219442, 'num_points': 7}, {'avg_silhouette': 0.573612017804629, 'num_points': 8}, {'avg_silhouette': 0.9004364190398253, 'num_points': 259}, {'avg_silhouette': 0.41677250013960615, 'num_points': 25}, {'avg_silhouette': 0.7343851808081411, 'num_points': 11}, {'avg_silhouette': 0.36245200947075135, 'num_points': 25}, {'avg_silhouette': 0.5952207354064061, 'num_points': 340}, {'avg_silhouette': 0.30870855806797776, 'num_points': 7}, {'avg_silhouette': 0.3948429831756219, 'num_points': 11}, {'avg_silhouette': 0.5072226715282343, 'num_points': 11}, {'avg_silhouette': 0.5924061499309775, 'num_points': 17}, {'avg_silhouette': 0.5484368321136466, 'num_points': 18}, {'avg_silhouette': 0.4520316310276346, 'num_points': 7}, {'avg_silhouette': 0.5334960547457226, 'num_points': 197}, {'avg_silhouette': 0.913071157862925, 'num_points': 15}, {'avg_silhouette': 1.0, 'num_points': 8}, {'avg_silhouette': 0.7401879363764673, 'num_points': 39}, {'avg_silhouette': 0.6910482804996707, 'num_points': 5}, {'avg_silhouette': 0.4412969336103248, 'num_points': 20}, {'avg_silhouette': 0.47787676003840557, 'num_points': 14}, {'avg_silhouette': 0.5271538154897365, 'num_points': 23}, {'avg_silhouette': 0.6127851832899966, 'num_points': 32}, {'avg_silhouette': 0.7448566976348665, 'num_points': 36}, {'avg_silhouette': 0.683122799718757, 'num_points': 53}, {'avg_silhouette': 0.922044140573486, 'num_points': 5}, {'avg_silhouette': 0.7320198934318454, 'num_points': 25}, {'avg_silhouette': 0.743362729348247, 'num_points': 6}, {'avg_silhouette': 0.5226967353310963, 'num_points': 4}, {'avg_silhouette': 0.6120202167761295, 'num_points': 21}, {'avg_silhouette': 0.6638094520091272, 'num_points': 6}, {'avg_silhouette': 0.6643003857651771, 'num_points': 6}, {'avg_silhouette': 0.41041252519926613, 'num_points': 10}, {'avg_silhouette': 0.7515266634072757, 'num_points': 8}, {'avg_silhouette': 0.5616709716609719, 'num_points': 6}, {'avg_silhouette': 0.34210490687492917, 'num_points': 5}, {'avg_silhouette': 0.8835835434896884, 'num_points': 5}]",5.0,73,0.7149129833181148,,3,0.703958291484529
DBSCAN,,0.3638342073763925,"[{'avg_silhouette': 0.45011821479636266, 'num_points': 54}, {'avg_silhouette': 0.8376644624761357, 'num_points': 13735}, {'avg_silhouette': 0.543526309489754, 'num_points': 83}, {'avg_silhouette': 0.537120837863016, 'num_points': 224}, {'avg_silhouette': 0.4845349877876347, 'num_points': 13}, {'avg_silhouette': 0.8039631851481324, 'num_points': 35}, {'avg_silhouette': 0.7272336426938589, 'num_points': 799}, {'avg_silhouette': 0.8253099445642395, 'num_points': 16}, {'avg_silhouette': 0.2790492465053204, 'num_points': 228}, {'avg_silhouette': 0.7015060160689767, 'num_points': 375}, {'avg_silhouette': 0.7112059081914535, 'num_points': 51}, {'avg_silhouette': 0.6379098466091091, 'num_points': 1355}, {'avg_silhouette': 0.24240127135936926, 'num_points': 22}, {'avg_silhouette': 0.6893776997439459, 'num_points': 11}, {'avg_silhouette': 0.5856259078971242, 'num_points': 10}, {'avg_silhouette': 0.5006395196070914, 'num_points': 9}, {'avg_silhouette': 0.5687296015139965, 'num_points': 41}, {'avg_silhouette': 0.4191339577731742, 'num_points': 29}, {'avg_silhouette': 0.5609695945327204, 'num_points': 53}, {'avg_silhouette': 0.3020332447697965, 'num_points': 35}, {'avg_silhouette': 0.6403027045388152, 'num_points': 1952}, {'avg_silhouette': 0.775150116095641, 'num_points': 63}, {'avg_silhouette': 0.5212637018810123, 'num_points': 66}, {'avg_silhouette': 0.8267069308636624, 'num_points': 359}, {'avg_silhouette': 0.6200065154593896, 'num_points': 9}, {'avg_silhouette': 0.8935280463522643, 'num_points': 5}, {'avg_silhouette': 0.5233159002912608, 'num_points': 9}, {'avg_silhouette': 0.6106207628130178, 'num_points': 35}, {'avg_silhouette': 0.8357765719608738, 'num_points': 138}, {'avg_silhouette': 0.5525961649768222, 'num_points': 7}, {'avg_silhouette': 0.8203936875317893, 'num_points': 80}, {'avg_silhouette': 0.7730171855065623, 'num_points': 6}, {'avg_silhouette': 0.4506656690870389, 'num_points': 75}, {'avg_silhouette': 0.8048335656372124, 'num_points': 6}, {'avg_silhouette': 0.4739360466299118, 'num_points': 11}, {'avg_silhouette': 0.578236651219442, 'num_points': 7}, {'avg_silhouette': 0.573612017804629, 'num_points': 8}, {'avg_silhouette': 0.9035531209690862, 'num_points': 258}, {'avg_silhouette': 0.41677250013960615, 'num_points': 25}, {'avg_silhouette': 0.7343851808081411, 'num_points': 11}, {'avg_silhouette': 0.36153362337089523, 'num_points': 25}, {'avg_silhouette': 0.5952207354064061, 'num_points': 340}, {'avg_silhouette': 0.41049796054968574, 'num_points': 10}, {'avg_silhouette': 0.5067217396225583, 'num_points': 11}, {'avg_silhouette': 0.5923795915915071, 'num_points': 17}, {'avg_silhouette': 0.5484368321136466, 'num_points': 18}, {'avg_silhouette': 0.5028037905837028, 'num_points': 6}, {'avg_silhouette': 0.5437413166822986, 'num_points': 196}, {'avg_silhouette': 0.913071157862925, 'num_points': 15}, {'avg_silhouette': 0.4195204636001894, 'num_points': 6}, {'avg_silhouette': 1.0, 'num_points': 8}, {'avg_silhouette': 0.7401879363764673, 'num_points': 39}, {'avg_silhouette': 0.6910482804996707, 'num_points': 5}, {'avg_silhouette': 0.46447914985898475, 'num_points': 19}, {'avg_silhouette': 0.5632792450555715, 'num_points': 12}, {'avg_silhouette': 0.526515645362742, 'num_points': 23}, {'avg_silhouette': 0.6122674733131118, 'num_points': 32}, {'avg_silhouette': 0.7396599173203715, 'num_points': 36}, {'avg_silhouette': 0.6831073435537752, 'num_points': 53}, {'avg_silhouette': 0.922044140573486, 'num_points': 5}, {'avg_silhouette': 0.7319192064160025, 'num_points': 25}, {'avg_silhouette': 0.7418359398272026, 'num_points': 6}, {'avg_silhouette': 0.6120202167761295, 'num_points': 21}, {'avg_silhouette': 0.6638094520091272, 'num_points': 6}, {'avg_silhouette': 0.6643003857651771, 'num_points': 6}, {'avg_silhouette': 0.5234343501862074, 'num_points': 4}, {'avg_silhouette': 0.41072024438394933, 'num_points': 10}, {'avg_silhouette': 0.7515266634072757, 'num_points': 8}, {'avg_silhouette': 0.5616709716609719, 'num_points': 6}, {'avg_silhouette': 0.4317043034320724, 'num_points': 5}, {'avg_silhouette': 0.8835835434896884, 'num_points': 5}, {'avg_silhouette': 0.4688851175328688, 'num_points': 5}]",5.0,72,0.7146249682727313,,3,0.7052923378746868
DBSCAN,,0.3538342073763925,"[{'avg_silhouette': 0.4536286892624344, 'num_points': 54}, {'avg_silhouette': 0.8378005403465616, 'num_points': 13734}, {'avg_silhouette': 0.5371266308135084, 'num_points': 83}, {'avg_silhouette': 0.537120837863016, 'num_points': 224}, {'avg_silhouette': 0.4845349877876347, 'num_points': 13}, {'avg_silhouette': 0.8039631851481324, 'num_points': 35}, {'avg_silhouette': 0.727225160242425, 'num_points': 799}, {'avg_silhouette': 0.8253070171564858, 'num_points': 16}, {'avg_silhouette': 0.2891562409557266, 'num_points': 223}, {'avg_silhouette': 0.7048227544725267, 'num_points': 374}, {'avg_silhouette': 0.7109452061328219, 'num_points': 51}, {'avg_silhouette': 0.6378958744173215, 'num_points': 1355}, {'avg_silhouette': 0.36351967578256755, 'num_points': 21}, {'avg_silhouette': 0.6893776997439459, 'num_points': 11}, {'avg_silhouette': 0.5851423469263436, 'num_points': 10}, {'avg_silhouette': 0.5006395196070914, 'num_points': 9}, {'avg_silhouette': 0.5687296015139965, 'num_points': 41}, {'avg_silhouette': 0.41847226144557176, 'num_points': 29}, {'avg_silhouette': 0.5609669626549222, 'num_points': 53}, {'avg_silhouette': 0.17795603335409738, 'num_points': 19}, {'avg_silhouette': 0.6403009484383604, 'num_points': 1952}, {'avg_silhouette': 0.775150116095641, 'num_points': 63}, {'avg_silhouette': 0.5303079569017768, 'num_points': 65}, {'avg_silhouette': 0.826698077024652, 'num_points': 359}, {'avg_silhouette': 0.6200065154593896, 'num_points': 9}, {'avg_silhouette': 0.893203393838536, 'num_points': 5}, {'avg_silhouette': 0.5753480614779364, 'num_points': 8}, {'avg_silhouette': 0.6106207628130178, 'num_points': 35}, {'avg_silhouette': 0.840024406805371, 'num_points': 137}, {'avg_silhouette': 0.5525934069786834, 'num_points': 7}, {'avg_silhouette': 0.8203936875317893, 'num_points': 80}, {'avg_silhouette': 0.7730171855065623, 'num_points': 6}, {'avg_silhouette': 0.4506656690870389, 'num_points': 75}, {'avg_silhouette': 0.8048335656372124, 'num_points': 6}, {'avg_silhouette': 0.4739360466299118, 'num_points': 11}, {'avg_silhouette': 0.578236651219442, 'num_points': 7}, {'avg_silhouette': 0.573612017804629, 'num_points': 8}, {'avg_silhouette': 0.9035515242621356, 'num_points': 258}, {'avg_silhouette': 0.4167074339661952, 'num_points': 25}, {'avg_silhouette': 0.7343851808081411, 'num_points': 11}, {'avg_silhouette': 0.35888793026907284, 'num_points': 25}, {'avg_silhouette': 0.5952207354064061, 'num_points': 340}, {'avg_silhouette': 0.4214761894893706, 'num_points': 9}, {'avg_silhouette': 0.5037952136413058, 'num_points': 11}, {'avg_silhouette': 0.5923583751287442, 'num_points': 17}, {'avg_silhouette': 0.5468307124690945, 'num_points': 18}, {'avg_silhouette': 0.5015061503785169, 'num_points': 6}, {'avg_silhouette': 0.5437367569715277, 'num_points': 196}, {'avg_silhouette': 0.913071157862925, 'num_points': 15}, {'avg_silhouette': 0.4353389610040425, 'num_points': 5}, {'avg_silhouette': 1.0, 'num_points': 8}, {'avg_silhouette': 0.7401879363764673, 'num_points': 39}, {'avg_silhouette': 0.6910482804996707, 'num_points': 5}, {'avg_silhouette': 0.46447914985898475, 'num_points': 19}, {'avg_silhouette': 0.5632792450555715, 'num_points': 12}, {'avg_silhouette': 0.526515645362742, 'num_points': 23}, {'avg_silhouette': 0.6122674733131118, 'num_points': 32}, {'avg_silhouette': 0.7396599173203715, 'num_points': 36}, {'avg_silhouette': 0.6830959259319372, 'num_points': 53}, {'avg_silhouette': 0.922044140573486, 'num_points': 5}, {'avg_silhouette': 0.6189063516882627, 'num_points': 13}, {'avg_silhouette': 0.7319192064160025, 'num_points': 25}, {'avg_silhouette': 0.7418359398272026, 'num_points': 6}, {'avg_silhouette': 0.6120202167761295, 'num_points': 21}, {'avg_silhouette': 0.6638094520091272, 'num_points': 6}, {'avg_silhouette': 0.6643003857651771, 'num_points': 6}, {'avg_silhouette': 0.7515266634072757, 'num_points': 8}, {'avg_silhouette': 0.12429546165909006, 'num_points': 6}, {'avg_silhouette': 0.5616709716609719, 'num_points': 6}, {'avg_silhouette': 0.8835835434896884, 'num_points': 5}, {'avg_silhouette': 0.21927179159639404, 'num_points': 2}]",5.0,71,0.7137999052741432,,3,0.7053324544007479
DBSCAN,,0.4938342073763926,"[{'avg_silhouette': 0.4584579070106037, 'num_points': 55}, {'avg_silhouette': 0.834661155372145, 'num_points': 13761}, {'avg_silhouette': 0.5624362491710508, 'num_points': 85}, {'avg_silhouette': 0.5237046577763271, 'num_points': 228}, {'avg_silhouette': 0.3560861800356671, 'num_points': 17}, {'avg_silhouette': 0.8067825277196162, 'num_points': 35}, {'avg_silhouette': 0.7078412342076098, 'num_points': 813}, {'avg_silhouette': 0.7826222404414533, 'num_points': 17}, {'avg_silhouette': 0.24847301248012027, 'num_points': 243}, {'avg_silhouette': 0.6786609447839667, 'num_points': 382}, {'avg_silhouette': 0.7129491534452153, 'num_points': 51}, {'avg_silhouette': 0.6299984867343742, 'num_points': 1364}, {'avg_silhouette': 0.26973571533408003, 'num_points': 38}, {'avg_silhouette': 0.6894673721370389, 'num_points': 11}, {'avg_silhouette': 0.5882935880099508, 'num_points': 10}, {'avg_silhouette': 0.43833372059285036, 'num_points': 10}, {'avg_silhouette': 0.6072277676797773, 'num_points': 41}, {'avg_silhouette': 0.32713590580894647, 'num_points': 33}, {'avg_silhouette': 0.53238693037076, 'num_points': 55}, {'avg_silhouette': 0.17127237351964478, 'num_points': 55}, {'avg_silhouette': 0.6578932205955668, 'num_points': 1956}, {'avg_silhouette': 0.7690482240669569, 'num_points': 64}, {'avg_silhouette': 0.47876586915918334, 'num_points': 70}, {'avg_silhouette': 0.8269490522650098, 'num_points': 359}, {'avg_silhouette': 0.6147897665314866, 'num_points': 35}, {'avg_silhouette': 0.8358352107391885, 'num_points': 138}, {'avg_silhouette': 0.8203936875317893, 'num_points': 80}, {'avg_silhouette': 0.44445131127730453, 'num_points': 76}, {'avg_silhouette': 0.4050427407170836, 'num_points': 13}, {'avg_silhouette': 0.8917306578127034, 'num_points': 262}, {'avg_silhouette': 0.37568895871509655, 'num_points': 27}, {'avg_silhouette': 0.6409142442672006, 'num_points': 12}, {'avg_silhouette': 0.3640691293235542, 'num_points': 26}, {'avg_silhouette': 0.5966465062905408, 'num_points': 340}, {'avg_silhouette': 0.19621161828104808, 'num_points': 30}, {'avg_silhouette': 0.3550108606972477, 'num_points': 12}, {'avg_silhouette': 0.4355131113372576, 'num_points': 12}, {'avg_silhouette': 0.5113278853305103, 'num_points': 19}, {'avg_silhouette': 0.557099964098864, 'num_points': 18}, {'avg_silhouette': 0.5610730708472947, 'num_points': 200}, {'avg_silhouette': 0.915168953558261, 'num_points': 15}, {'avg_silhouette': 0.7401879363764673, 'num_points': 39}, {'avg_silhouette': 0.4412969336103248, 'num_points': 20}, {'avg_silhouette': 0.47787676003840557, 'num_points': 14}, {'avg_silhouette': 0.4936979753806341, 'num_points': 24}, {'avg_silhouette': 0.6164371982050516, 'num_points': 32}, {'avg_silhouette': 0.7448566976348665, 'num_points': 36}, {'avg_silhouette': 0.6421081915589789, 'num_points': 55}, {'avg_silhouette': 0.3321304327944644, 'num_points': 15}, {'avg_silhouette': 0.7321847170820557, 'num_points': 25}, {'avg_silhouette': 0.7207755198570093, 'num_points': 21}]",10.0,51,0.7128961369967861,,3,0.7075176209006954
DBSCAN,,0.4838342073763926,"[{'avg_silhouette': 0.4577012241304935, 'num_points': 55}, {'avg_silhouette': 0.8348307635721933, 'num_points': 13760}, {'avg_silhouette': 0.5793148775075776, 'num_points': 83}, {'avg_silhouette': 0.5219435823413275, 'num_points': 228}, {'avg_silhouette': 0.3539022463609033, 'num_points': 17}, {'avg_silhouette': 0.8067825277196162, 'num_points': 35}, {'avg_silhouette': 0.7221003249344226, 'num_points': 804}, {'avg_silhouette': 0.7826157067932661, 'num_points': 17}, {'avg_silhouette': 0.2517549440004167, 'num_points': 241}, {'avg_silhouette': 0.6786368919474352, 'num_points': 382}, {'avg_silhouette': 0.7129491534452153, 'num_points': 51}, {'avg_silhouette': 0.630929257133824, 'num_points': 1363}, {'avg_silhouette': 0.28922908333837216, 'num_points': 36}, {'avg_silhouette': 0.6894673721370389, 'num_points': 11}, {'avg_silhouette': 0.5882935880099508, 'num_points': 10}, {'avg_silhouette': 0.43632135492096313, 'num_points': 10}, {'avg_silhouette': 0.6071733020527514, 'num_points': 41}, {'avg_silhouette': 0.366227105235355, 'num_points': 31}, {'avg_silhouette': 0.5323762138404173, 'num_points': 55}, {'avg_silhouette': 0.1808135877943922, 'num_points': 53}, {'avg_silhouette': 0.6588598213979442, 'num_points': 1955}, {'avg_silhouette': 0.7689631255259524, 'num_points': 64}, {'avg_silhouette': 0.47876586915918334, 'num_points': 70}, {'avg_silhouette': 0.8269343489738267, 'num_points': 359}, {'avg_silhouette': 0.6147387426234344, 'num_points': 35}, {'avg_silhouette': 0.8358302608082638, 'num_points': 138}, {'avg_silhouette': 0.8203936875317893, 'num_points': 80}, {'avg_silhouette': 0.44436843257077296, 'num_points': 76}, {'avg_silhouette': 0.4050427407170836, 'num_points': 13}, {'avg_silhouette': 0.9004699215989724, 'num_points': 259}, {'avg_silhouette': 0.3735082552433329, 'num_points': 27}, {'avg_silhouette': 0.6409142442672006, 'num_points': 12}, {'avg_silhouette': 0.36357183098074525, 'num_points': 26}, {'avg_silhouette': 0.5966465062905408, 'num_points': 340}, {'avg_silhouette': 0.20184958274496687, 'num_points': 29}, {'avg_silhouette': 0.3514431390870721, 'num_points': 12}, {'avg_silhouette': 0.4350388636256433, 'num_points': 12}, {'avg_silhouette': 0.5112903733796648, 'num_points': 19}, {'avg_silhouette': 0.557099964098864, 'num_points': 18}, {'avg_silhouette': 0.5610473912775186, 'num_points': 200}, {'avg_silhouette': 0.915168953558261, 'num_points': 15}, {'avg_silhouette': 0.7401879363764673, 'num_points': 39}, {'avg_silhouette': 0.4412969336103248, 'num_points': 20}, {'avg_silhouette': 0.47787676003840557, 'num_points': 14}, {'avg_silhouette': 0.4935937886906751, 'num_points': 24}, {'avg_silhouette': 0.6164371982050516, 'num_points': 32}, {'avg_silhouette': 0.7448566976348665, 'num_points': 36}, {'avg_silhouette': 0.6420887970818956, 'num_points': 55}, {'avg_silhouette': 0.32795942947835316, 'num_points': 15}, {'avg_silhouette': 0.7321081510350829, 'num_points': 25}, {'avg_silhouette': 0.7199624763076908, 'num_points': 21}]",10.0,51,0.7127306085188545,,3,0.7082066140346539
DBSCAN,,0.3438342073763925,"[{'avg_silhouette': 0.45316173446363106, 'num_points': 54}, {'avg_silhouette': 0.8381352408640363, 'num_points': 13728}, {'avg_silhouette': 0.5371266308135084, 'num_points': 83}, {'avg_silhouette': 0.537120837863016, 'num_points': 224}, {'avg_silhouette': 0.4845349877876347, 'num_points': 13}, {'avg_silhouette': 0.8325031182437873, 'num_points': 34}, {'avg_silhouette': 0.7271798990480275, 'num_points': 799}, {'avg_silhouette': 0.8252922923021699, 'num_points': 16}, {'avg_silhouette': 0.2844766195504136, 'num_points': 220}, {'avg_silhouette': 0.704752086810797, 'num_points': 374}, {'avg_silhouette': 0.7109452061328219, 'num_points': 51}, {'avg_silhouette': 0.6417544965371816, 'num_points': 1351}, {'avg_silhouette': 0.3982569257053835, 'num_points': 18}, {'avg_silhouette': 0.6890473518178613, 'num_points': 11}, {'avg_silhouette': 0.5851423469263436, 'num_points': 10}, {'avg_silhouette': 0.5006395196070914, 'num_points': 9}, {'avg_silhouette': 0.5687296015139965, 'num_points': 41}, {'avg_silhouette': 0.42760712122276795, 'num_points': 28}, {'avg_silhouette': 0.5609476181017943, 'num_points': 53}, {'avg_silhouette': 0.632903552828936, 'num_points': 1952}, {'avg_silhouette': 0.19440385856897746, 'num_points': 18}, {'avg_silhouette': 0.7751239221934245, 'num_points': 63}, {'avg_silhouette': 0.5368470658014064, 'num_points': 64}, {'avg_silhouette': 0.8266530360977628, 'num_points': 359}, {'avg_silhouette': 0.6200065154593896, 'num_points': 9}, {'avg_silhouette': 0.893203393838536, 'num_points': 5}, {'avg_silhouette': 0.5753480614779364, 'num_points': 8}, {'avg_silhouette': 0.6106207628130178, 'num_points': 35}, {'avg_silhouette': 0.840011960371529, 'num_points': 137}, {'avg_silhouette': 0.5525744661814693, 'num_points': 7}, {'avg_silhouette': 0.8203936875317893, 'num_points': 80}, {'avg_silhouette': 0.7730171855065623, 'num_points': 6}, {'avg_silhouette': 0.4506656690870389, 'num_points': 75}, {'avg_silhouette': 0.8048335656372124, 'num_points': 6}, {'avg_silhouette': 0.47346951508974267, 'num_points': 11}, {'avg_silhouette': 0.578236651219442, 'num_points': 7}, {'avg_silhouette': 0.9035426329706957, 'num_points': 258}, {'avg_silhouette': 0.4167074339661952, 'num_points': 25}, {'avg_silhouette': 0.7343851808081411, 'num_points': 11}, {'avg_silhouette': 0.3790597010943257, 'num_points': 24}, {'avg_silhouette': 0.5952207354064061, 'num_points': 340}, {'avg_silhouette': 0.4214761894893706, 'num_points': 9}, {'avg_silhouette': 0.5034639318051076, 'num_points': 11}, {'avg_silhouette': 0.5922562393175269, 'num_points': 17}, {'avg_silhouette': 0.5806846465427493, 'num_points': 17}, {'avg_silhouette': 0.4993617828319441, 'num_points': 6}, {'avg_silhouette': 0.5529826253483441, 'num_points': 191}, {'avg_silhouette': 0.913071157862925, 'num_points': 15}, {'avg_silhouette': 0.4353389610040425, 'num_points': 5}, {'avg_silhouette': 1.0, 'num_points': 8}, {'avg_silhouette': 0.7401879363764673, 'num_points': 39}, {'avg_silhouette': 0.6910482804996707, 'num_points': 5}, {'avg_silhouette': 0.46447914985898475, 'num_points': 19}, {'avg_silhouette': 0.6431118640716227, 'num_points': 10}, {'avg_silhouette': 0.526515645362742, 'num_points': 23}, {'avg_silhouette': 0.6122674733131118, 'num_points': 32}, {'avg_silhouette': 0.7420910858221377, 'num_points': 36}, {'avg_silhouette': 0.6830385058183595, 'num_points': 53}, {'avg_silhouette': 0.573612017804629, 'num_points': 8}, {'avg_silhouette': 0.922044140573486, 'num_points': 5}, {'avg_silhouette': 0.6175201969705069, 'num_points': 13}, {'avg_silhouette': 0.7319192064160025, 'num_points': 25}, {'avg_silhouette': 0.7364398349417168, 'num_points': 6}, {'avg_silhouette': 0.6120202167761295, 'num_points': 21}, {'avg_silhouette': 0.6638094520091272, 'num_points': 6}, {'avg_silhouette': 0.6643003857651771, 'num_points': 6}, {'avg_silhouette': 0.6133836953883011, 'num_points': 5}, {'avg_silhouette': 0.48028765061508716, 'num_points': 5}, {'avg_silhouette': 0.7515266634072757, 'num_points': 8}, {'avg_silhouette': 0.12258835399978947, 'num_points': 5}, {'avg_silhouette': 0.5616709716609719, 'num_points': 6}, {'avg_silhouette': 0.8835835434896884, 'num_points': 5}, {'avg_silhouette': 0.04178331565665916, 'num_points': 3}]",5.0,73,0.7127200835723049,,3,0.7042644300767179
DBSCAN,,0.4738342073763926,"[{'avg_silhouette': 0.4576731212031117, 'num_points': 55}, {'avg_silhouette': 0.8351445398538363, 'num_points': 13757}, {'avg_silhouette': 0.5721025263634436, 'num_points': 83}, {'avg_silhouette': 0.5219206179408634, 'num_points': 228}, {'avg_silhouette': 0.38046934428135004, 'num_points': 16}, {'avg_silhouette': 0.8067825277196162, 'num_points': 35}, {'avg_silhouette': 0.722096140024114, 'num_points': 804}, {'avg_silhouette': 0.7826039997806932, 'num_points': 17}, {'avg_silhouette': 0.2533086373223945, 'num_points': 241}, {'avg_silhouette': 0.6819036022696501, 'num_points': 381}, {'avg_silhouette': 0.7123270524052622, 'num_points': 51}, {'avg_silhouette': 0.6328978116548863, 'num_points': 1361}, {'avg_silhouette': 0.30341001407199386, 'num_points': 34}, {'avg_silhouette': 0.6894673721370389, 'num_points': 11}, {'avg_silhouette': 0.5878162020760532, 'num_points': 10}, {'avg_silhouette': 0.6059867174397577, 'num_points': 41}, {'avg_silhouette': 0.3661616427750593, 'num_points': 31}, {'avg_silhouette': 0.5466735451485422, 'num_points': 54}, {'avg_silhouette': 0.21590249988007437, 'num_points': 49}, {'avg_silhouette': 0.6588549536791295, 'num_points': 1955}, {'avg_silhouette': 0.7687768532346787, 'num_points': 64}, {'avg_silhouette': 0.47876586915918334, 'num_points': 70}, {'avg_silhouette': 0.8269077010390237, 'num_points': 359}, {'avg_silhouette': 0.614618133477665, 'num_points': 35}, {'avg_silhouette': 0.8358224632096796, 'num_points': 138}, {'avg_silhouette': 0.8203936875317893, 'num_points': 80}, {'avg_silhouette': 0.44436843257077296, 'num_points': 76}, {'avg_silhouette': 0.4050427407170836, 'num_points': 13}, {'avg_silhouette': 0.9004646760817802, 'num_points': 259}, {'avg_silhouette': 0.3732497582850983, 'num_points': 27}, {'avg_silhouette': 0.7348568646595154, 'num_points': 11}, {'avg_silhouette': 0.3620761568696447, 'num_points': 26}, {'avg_silhouette': 0.5966465062905408, 'num_points': 340}, {'avg_silhouette': 0.32856824610108, 'num_points': 14}, {'avg_silhouette': 0.397021268384791, 'num_points': 11}, {'avg_silhouette': 0.43352911940148187, 'num_points': 12}, {'avg_silhouette': 0.5112223591120212, 'num_points': 19}, {'avg_silhouette': 0.557099964098864, 'num_points': 18}, {'avg_silhouette': 0.561001663282724, 'num_points': 200}, {'avg_silhouette': 0.915168953558261, 'num_points': 15}, {'avg_silhouette': 0.22733205986032287, 'num_points': 15}, {'avg_silhouette': 0.7401879363764673, 'num_points': 39}, {'avg_silhouette': 0.4412969336103248, 'num_points': 20}, {'avg_silhouette': 0.47787676003840557, 'num_points': 14}, {'avg_silhouette': 0.4935937886906751, 'num_points': 24}, {'avg_silhouette': 0.6164371982050516, 'num_points': 32}, {'avg_silhouette': 0.7448566976348665, 'num_points': 36}, {'avg_silhouette': 0.6420531244121132, 'num_points': 55}, {'avg_silhouette': 0.32795942947835316, 'num_points': 15}, {'avg_silhouette': 0.7321081510350829, 'num_points': 25}, {'avg_silhouette': 0.7199624763076908, 'num_points': 21}]",10.0,51,0.7122702848714504,,3,0.7089657683959508
DBSCAN,,0.4638342073763926,"[{'avg_silhouette': 0.4576731212031117, 'num_points': 55}, {'avg_silhouette': 0.8356095666936272, 'num_points': 13754}, {'avg_silhouette': 0.5721025263634436, 'num_points': 83}, {'avg_silhouette': 0.5219206179408634, 'num_points': 228}, {'avg_silhouette': 0.38046934428135004, 'num_points': 16}, {'avg_silhouette': 0.8067825277196162, 'num_points': 35}, {'avg_silhouette': 0.7220577580154065, 'num_points': 804}, {'avg_silhouette': 0.7825936811470311, 'num_points': 17}, {'avg_silhouette': 0.2524456196445342, 'num_points': 241}, {'avg_silhouette': 0.6818645579334139, 'num_points': 381}, {'avg_silhouette': 0.7123270524052622, 'num_points': 51}, {'avg_silhouette': 0.6328546114926863, 'num_points': 1361}, {'avg_silhouette': 0.30341001407199386, 'num_points': 34}, {'avg_silhouette': 0.6894673721370389, 'num_points': 11}, {'avg_silhouette': 0.5878162020760532, 'num_points': 10}, {'avg_silhouette': 0.6059867174397577, 'num_points': 41}, {'avg_silhouette': 0.3661030255618178, 'num_points': 31}, {'avg_silhouette': 0.5466624203357187, 'num_points': 54}, {'avg_silhouette': 0.2158658747062308, 'num_points': 49}, {'avg_silhouette': 0.6588508142153641, 'num_points': 1955}, {'avg_silhouette': 0.7687768532346787, 'num_points': 64}, {'avg_silhouette': 0.47876586915918334, 'num_points': 70}, {'avg_silhouette': 0.8268830552773621, 'num_points': 359}, {'avg_silhouette': 0.614618133477665, 'num_points': 35}, {'avg_silhouette': 0.8358157222025823, 'num_points': 138}, {'avg_silhouette': 0.8203936875317893, 'num_points': 80}, {'avg_silhouette': 0.44436843257077296, 'num_points': 76}, {'avg_silhouette': 0.403995538633846, 'num_points': 13}, {'avg_silhouette': 0.9004597704540497, 'num_points': 259}, {'avg_silhouette': 0.3732075708048182, 'num_points': 27}, {'avg_silhouette': 0.7348568646595154, 'num_points': 11}, {'avg_silhouette': 0.3810163249572276, 'num_points': 25}, {'avg_silhouette': 0.5966465062905408, 'num_points': 340}, {'avg_silhouette': 0.3217833722057144, 'num_points': 13}, {'avg_silhouette': 0.397021268384791, 'num_points': 11}, {'avg_silhouette': 0.43352911940148187, 'num_points': 12}, {'avg_silhouette': 0.5111625707998734, 'num_points': 19}, {'avg_silhouette': 0.557099964098864, 'num_points': 18}, {'avg_silhouette': 0.5609631178127936, 'num_points': 200}, {'avg_silhouette': 0.915168953558261, 'num_points': 15}, {'avg_silhouette': 0.7401879363764673, 'num_points': 39}, {'avg_silhouette': 0.4412969336103248, 'num_points': 20}, {'avg_silhouette': 0.47787676003840557, 'num_points': 14}, {'avg_silhouette': 0.4935937886906751, 'num_points': 24}, {'avg_silhouette': 0.6164371982050516, 'num_points': 32}, {'avg_silhouette': 0.7448566976348665, 'num_points': 36}, {'avg_silhouette': 0.6420212058147609, 'num_points': 55}, {'avg_silhouette': 0.7321081510350829, 'num_points': 25}, {'avg_silhouette': 0.7199624763076908, 'num_points': 21}, {'avg_silhouette': 0.32795942947835316, 'num_points': 15}, {'avg_silhouette': 0.2322005600678447, 'num_points': 11}]",10.0,51,0.7122086683070613,,3,0.7091049974672258
DBSCAN,,0.4538342073763926,"[{'avg_silhouette': 0.4564239063735583, 'num_points': 55}, {'avg_silhouette': 0.8358376159527596, 'num_points': 13753}, {'avg_silhouette': 0.5648513458374423, 'num_points': 83}, {'avg_silhouette': 0.5219206179408634, 'num_points': 228}, {'avg_silhouette': 0.45347650161133163, 'num_points': 14}, {'avg_silhouette': 0.8067825277196162, 'num_points': 35}, {'avg_silhouette': 0.7218448853462359, 'num_points': 804}, {'avg_silhouette': 0.7825880214387503, 'num_points': 17}, {'avg_silhouette': 0.25756937593177687, 'num_points': 239}, {'avg_silhouette': 0.6847633509240992, 'num_points': 380}, {'avg_silhouette': 0.7121804054410708, 'num_points': 51}, {'avg_silhouette': 0.6340004961138924, 'num_points': 1360}, {'avg_silhouette': 0.3023133809297644, 'num_points': 34}, {'avg_silhouette': 0.6893776997439459, 'num_points': 11}, {'avg_silhouette': 0.5874612057485336, 'num_points': 10}, {'avg_silhouette': 0.6059460927638854, 'num_points': 41}, {'avg_silhouette': 0.42067704991927596, 'num_points': 29}, {'avg_silhouette': 0.5466555178172201, 'num_points': 54}, {'avg_silhouette': 0.22409803201199158, 'num_points': 47}, {'avg_silhouette': 0.6581436741550659, 'num_points': 1955}, {'avg_silhouette': 0.7907713459175838, 'num_points': 63}, {'avg_silhouette': 0.47876586915918334, 'num_points': 70}, {'avg_silhouette': 0.8268701686496117, 'num_points': 359}, {'avg_silhouette': 0.6145496200353818, 'num_points': 35}, {'avg_silhouette': 0.8358118328926699, 'num_points': 138}, {'avg_silhouette': 0.8203936875317893, 'num_points': 80}, {'avg_silhouette': 0.44436843257077296, 'num_points': 76}, {'avg_silhouette': 0.4039015120429479, 'num_points': 13}, {'avg_silhouette': 0.9004571492123887, 'num_points': 259}, {'avg_silhouette': 0.3977700258058399, 'num_points': 26}, {'avg_silhouette': 0.7348568646595154, 'num_points': 11}, {'avg_silhouette': 0.3966266267947129, 'num_points': 24}, {'avg_silhouette': 0.5966465062905408, 'num_points': 340}, {'avg_silhouette': 0.3740711594720852, 'num_points': 13}, {'avg_silhouette': 0.4333259317975373, 'num_points': 12}, {'avg_silhouette': 0.5111302391493777, 'num_points': 19}, {'avg_silhouette': 0.557099964098864, 'num_points': 18}, {'avg_silhouette': 0.5609411121971568, 'num_points': 200}, {'avg_silhouette': 0.915168953558261, 'num_points': 15}, {'avg_silhouette': 0.7401879363764673, 'num_points': 39}, {'avg_silhouette': 0.4412969336103248, 'num_points': 20}, {'avg_silhouette': 0.47787676003840557, 'num_points': 14}, {'avg_silhouette': 0.5273111007510122, 'num_points': 23}, {'avg_silhouette': 0.6164371982050516, 'num_points': 32}, {'avg_silhouette': 0.7448566976348665, 'num_points': 36}, {'avg_silhouette': 0.6420043658455715, 'num_points': 55}, {'avg_silhouette': 0.7321081510350829, 'num_points': 25}, {'avg_silhouette': 0.7199624763076908, 'num_points': 21}, {'avg_silhouette': 0.3654802625473102, 'num_points': 12}, {'avg_silhouette': 0.4505592091071393, 'num_points': 10}]",10.0,50,0.7118269145683935,,3,0.7093272620739061
DBSCAN,,0.44383420737639256,"[{'avg_silhouette': 0.45367508309713434, 'num_points': 55}, {'avg_silhouette': 0.8363406379160417, 'num_points': 13749}, {'avg_silhouette': 0.673657632567944, 'num_points': 83}, {'avg_silhouette': 0.5219206179408634, 'num_points': 228}, {'avg_silhouette': 0.45347650161133163, 'num_points': 14}, {'avg_silhouette': 0.8067825277196162, 'num_points': 35}, {'avg_silhouette': 0.7218041011732819, 'num_points': 804}, {'avg_silhouette': 0.7825772191142084, 'num_points': 17}, {'avg_silhouette': 0.25751953839501196, 'num_points': 239}, {'avg_silhouette': 0.6847209679890024, 'num_points': 380}, {'avg_silhouette': 0.7121804054410708, 'num_points': 51}, {'avg_silhouette': 0.6352692408374664, 'num_points': 1359}, {'avg_silhouette': 0.3023133809297644, 'num_points': 34}, {'avg_silhouette': 0.6893776997439459, 'num_points': 11}, {'avg_silhouette': 0.5874612057485336, 'num_points': 10}, {'avg_silhouette': 0.6058930249808138, 'num_points': 41}, {'avg_silhouette': 0.4191979423074005, 'num_points': 29}, {'avg_silhouette': 0.5466457791453228, 'num_points': 54}, {'avg_silhouette': 0.22405787722233989, 'num_points': 47}, {'avg_silhouette': 0.6581387140940164, 'num_points': 1955}, {'avg_silhouette': 0.7906443980577451, 'num_points': 63}, {'avg_silhouette': 0.4930139450670452, 'num_points': 69}, {'avg_silhouette': 0.8268433757000986, 'num_points': 359}, {'avg_silhouette': 0.614469224918045, 'num_points': 35}, {'avg_silhouette': 0.8358040961806832, 'num_points': 138}, {'avg_silhouette': 0.8203936875317893, 'num_points': 80}, {'avg_silhouette': 0.44436843257077296, 'num_points': 76}, {'avg_silhouette': 0.4388136900959301, 'num_points': 12}, {'avg_silhouette': 0.9004520817954988, 'num_points': 259}, {'avg_silhouette': 0.3977700258058399, 'num_points': 26}, {'avg_silhouette': 0.7348568646595154, 'num_points': 11}, {'avg_silhouette': 0.39051641610623555, 'num_points': 24}, {'avg_silhouette': 0.5966465062905408, 'num_points': 340}, {'avg_silhouette': 0.4692418611468257, 'num_points': 11}, {'avg_silhouette': 0.4330928018536447, 'num_points': 12}, {'avg_silhouette': 0.5110611680818764, 'num_points': 19}, {'avg_silhouette': 0.5545024806633523, 'num_points': 18}, {'avg_silhouette': 0.5608926902656735, 'num_points': 200}, {'avg_silhouette': 0.915168953558261, 'num_points': 15}, {'avg_silhouette': 0.7401879363764673, 'num_points': 39}, {'avg_silhouette': 0.4412969336103248, 'num_points': 20}, {'avg_silhouette': 0.47787676003840557, 'num_points': 14}, {'avg_silhouette': 0.5273111007510122, 'num_points': 23}, {'avg_silhouette': 0.6164371982050516, 'num_points': 32}, {'avg_silhouette': 0.7448566976348665, 'num_points': 36}, {'avg_silhouette': 0.6419679264572737, 'num_points': 55}, {'avg_silhouette': 0.7321081510350829, 'num_points': 25}, {'avg_silhouette': 0.7199624763076908, 'num_points': 21}, {'avg_silhouette': 0.3964843584082786, 'num_points': 11}]",10.0,49,0.711810194018789,,3,0.7099161976158416
DBSCAN,,0.43383420737639256,"[{'avg_silhouette': 0.45230216810020946, 'num_points': 55}, {'avg_silhouette': 0.8364545882012443, 'num_points': 13748}, {'avg_silhouette': 0.673657632567944, 'num_points': 83}, {'avg_silhouette': 0.5219206179408634, 'num_points': 228}, {'avg_silhouette': 0.45347650161133163, 'num_points': 14}, {'avg_silhouette': 0.8066939922949873, 'num_points': 35}, {'avg_silhouette': 0.7217964282592191, 'num_points': 804}, {'avg_silhouette': 0.7825752256205561, 'num_points': 17}, {'avg_silhouette': 0.2638175188828291, 'num_points': 237}, {'avg_silhouette': 0.6873021123188482, 'num_points': 379}, {'avg_silhouette': 0.7120766415169564, 'num_points': 51}, {'avg_silhouette': 0.6333355628042462, 'num_points': 1359}, {'avg_silhouette': 0.3145893256930793, 'num_points': 32}, {'avg_silhouette': 0.6893776997439459, 'num_points': 11}, {'avg_silhouette': 0.587230467063801, 'num_points': 10}, {'avg_silhouette': 0.6058930249808138, 'num_points': 41}, {'avg_silhouette': 0.4273687973577021, 'num_points': 29}, {'avg_silhouette': 0.5466447172099232, 'num_points': 54}, {'avg_silhouette': 0.28765838317938763, 'num_points': 39}, {'avg_silhouette': 0.658137813360047, 'num_points': 1955}, {'avg_silhouette': 0.7906443980577451, 'num_points': 63}, {'avg_silhouette': 0.5060900246361564, 'num_points': 68}, {'avg_silhouette': 0.8268384254668723, 'num_points': 359}, {'avg_silhouette': 0.614469224918045, 'num_points': 35}, {'avg_silhouette': 0.8358027111827964, 'num_points': 138}, {'avg_silhouette': 0.8203936875317893, 'num_points': 80}, {'avg_silhouette': 0.44436843257077296, 'num_points': 76}, {'avg_silhouette': 0.4388136900959301, 'num_points': 12}, {'avg_silhouette': 0.9004511526072307, 'num_points': 259}, {'avg_silhouette': 0.3977700258058399, 'num_points': 26}, {'avg_silhouette': 0.7348568646595154, 'num_points': 11}, {'avg_silhouette': 0.38962432997024754, 'num_points': 24}, {'avg_silhouette': 0.5966465062905408, 'num_points': 340}, {'avg_silhouette': 0.4732840248616178, 'num_points': 11}, {'avg_silhouette': 0.5074964468553985, 'num_points': 11}, {'avg_silhouette': 0.5465431737428005, 'num_points': 18}, {'avg_silhouette': 0.5517115731553339, 'num_points': 18}, {'avg_silhouette': 0.5691473554860494, 'num_points': 199}, {'avg_silhouette': 0.915168953558261, 'num_points': 15}, {'avg_silhouette': 0.7401879363764673, 'num_points': 39}, {'avg_silhouette': 0.4412969336103248, 'num_points': 20}, {'avg_silhouette': 0.47787676003840557, 'num_points': 14}, {'avg_silhouette': 0.5273111007510122, 'num_points': 23}, {'avg_silhouette': 0.6164371982050516, 'num_points': 32}, {'avg_silhouette': 0.7448566976348665, 'num_points': 36}, {'avg_silhouette': 0.6419611200244827, 'num_points': 55}, {'avg_silhouette': 0.7321081510350829, 'num_points': 25}, {'avg_silhouette': 0.7199624763076908, 'num_points': 21}]",10.0,48,0.7112605826286399,,3,0.7093093214551791
DBSCAN,,0.42383420737639255,"[{'avg_silhouette': 0.44728602565676173, 'num_points': 55}, {'avg_silhouette': 0.83672977238064, 'num_points': 13746}, {'avg_silhouette': 0.673657632567944, 'num_points': 83}, {'avg_silhouette': 0.5210565079353123, 'num_points': 228}, {'avg_silhouette': 0.4524534408876389, 'num_points': 14}, {'avg_silhouette': 0.806659957585057, 'num_points': 35}, {'avg_silhouette': 0.7291738407166065, 'num_points': 800}, {'avg_silhouette': 0.7825682676208362, 'num_points': 17}, {'avg_silhouette': 0.2683396371873644, 'num_points': 235}, {'avg_silhouette': 0.691313902900189, 'num_points': 378}, {'avg_silhouette': 0.7117916867903041, 'num_points': 51}, {'avg_silhouette': 0.6333103920317492, 'num_points': 1359}, {'avg_silhouette': 0.35067630929969473, 'num_points': 27}, {'avg_silhouette': 0.6893776997439459, 'num_points': 11}, {'avg_silhouette': 0.5867062950010389, 'num_points': 10}, {'avg_silhouette': 0.6058930249808138, 'num_points': 41}, {'avg_silhouette': 0.42732865401089964, 'num_points': 29}, {'avg_silhouette': 0.5466368522109663, 'num_points': 54}, {'avg_silhouette': 0.6581350739625969, 'num_points': 1955}, {'avg_silhouette': 0.2941635663821092, 'num_points': 38}, {'avg_silhouette': 0.7906443980577451, 'num_points': 63}, {'avg_silhouette': 0.5060900246361564, 'num_points': 68}, {'avg_silhouette': 0.8268222390684344, 'num_points': 359}, {'avg_silhouette': 0.614469224918045, 'num_points': 35}, {'avg_silhouette': 0.8357982294444773, 'num_points': 138}, {'avg_silhouette': 0.8203936875317893, 'num_points': 80}, {'avg_silhouette': 0.44436843257077296, 'num_points': 76}, {'avg_silhouette': 0.9004480384466397, 'num_points': 259}, {'avg_silhouette': 0.3967705739196074, 'num_points': 26}, {'avg_silhouette': 0.7348568646595154, 'num_points': 11}, {'avg_silhouette': 0.3830661504821222, 'num_points': 24}, {'avg_silhouette': 0.5966465062905408, 'num_points': 340}, {'avg_silhouette': 0.4732769602990766, 'num_points': 11}, {'avg_silhouette': 0.5074964468553985, 'num_points': 11}, {'avg_silhouette': 0.5465045702146232, 'num_points': 18}, {'avg_silhouette': 0.5517115731553339, 'num_points': 18}, {'avg_silhouette': 0.5738329021122178, 'num_points': 198}, {'avg_silhouette': 0.915168953558261, 'num_points': 15}, {'avg_silhouette': 0.7401879363764673, 'num_points': 39}, {'avg_silhouette': 0.4412969336103248, 'num_points': 20}, {'avg_silhouette': 0.5287559389398199, 'num_points': 13}, {'avg_silhouette': 0.5273111007510122, 'num_points': 23}, {'avg_silhouette': 0.6164371982050516, 'num_points': 32}, {'avg_silhouette': 0.7405779778471547, 'num_points': 36}, {'avg_silhouette': 0.6419399530976664, 'num_points': 55}, {'avg_silhouette': 0.7321081510350829, 'num_points': 25}, {'avg_silhouette': 0.7199624763076908, 'num_points': 21}, {'avg_silhouette': 0.45704286159301394, 'num_points': 10}]",10.0,48,0.7110735765109598,,3,0.7093917461249953
DBSCAN,,0.41383420737639254,"[{'avg_silhouette': 0.46613517997186293, 'num_points': 55}, {'avg_silhouette': 0.8369894774688701, 'num_points': 13744}, {'avg_silhouette': 0.673657632567944, 'num_points': 83}, {'avg_silhouette': 0.5244024437467697, 'num_points': 227}, {'avg_silhouette': 0.4524534408876389, 'num_points': 14}, {'avg_silhouette': 0.806659957585057, 'num_points': 35}, {'avg_silhouette': 0.7291726797378095, 'num_points': 800}, {'avg_silhouette': 0.8256897173683504, 'num_points': 16}, {'avg_silhouette': 0.2713642355055913, 'num_points': 234}, {'avg_silhouette': 0.6912920498617733, 'num_points': 378}, {'avg_silhouette': 0.7117916867903041, 'num_points': 51}, {'avg_silhouette': 0.6397078695437671, 'num_points': 1354}, {'avg_silhouette': 0.3595283547280165, 'num_points': 26}, {'avg_silhouette': 0.6893776997439459, 'num_points': 11}, {'avg_silhouette': 0.5867062950010389, 'num_points': 10}, {'avg_silhouette': 0.6055803908300582, 'num_points': 41}, {'avg_silhouette': 0.4272932829713769, 'num_points': 29}, {'avg_silhouette': 0.546436673114862, 'num_points': 54}, {'avg_silhouette': 0.6590622066019791, 'num_points': 1954}, {'avg_silhouette': 0.30162969238559284, 'num_points': 37}, {'avg_silhouette': 0.7900380135614921, 'num_points': 63}, {'avg_silhouette': 0.5155090012218538, 'num_points': 67}, {'avg_silhouette': 0.8268073967030184, 'num_points': 359}, {'avg_silhouette': 0.6140709947736385, 'num_points': 35}, {'avg_silhouette': 0.8357939042103764, 'num_points': 138}, {'avg_silhouette': 0.8203936875317893, 'num_points': 80}, {'avg_silhouette': 0.4442933359172264, 'num_points': 76}, {'avg_silhouette': 0.9004453701309041, 'num_points': 259}, {'avg_silhouette': 0.41691572419407735, 'num_points': 25}, {'avg_silhouette': 0.7348568646595154, 'num_points': 11}, {'avg_silhouette': 0.4159931754784883, 'num_points': 24}, {'avg_silhouette': 0.5966465062905408, 'num_points': 340}, {'avg_silhouette': 0.4720956663478672, 'num_points': 11}, {'avg_silhouette': 0.5063494527246938, 'num_points': 11}, {'avg_silhouette': 0.5464702240252088, 'num_points': 18}, {'avg_silhouette': 0.5500658932639703, 'num_points': 18}, {'avg_silhouette': 0.5738093790157619, 'num_points': 198}, {'avg_silhouette': 0.915168953558261, 'num_points': 15}, {'avg_silhouette': 0.7401879363764673, 'num_points': 39}, {'avg_silhouette': 0.4412969336103248, 'num_points': 20}, {'avg_silhouette': 0.5287559389398199, 'num_points': 13}, {'avg_silhouette': 0.5272111674613646, 'num_points': 23}, {'avg_silhouette': 0.6164371982050516, 'num_points': 32}, {'avg_silhouette': 0.7405779778471547, 'num_points': 36}, {'avg_silhouette': 0.6419207781943038, 'num_points': 55}, {'avg_silhouette': 0.7320403256124538, 'num_points': 25}, {'avg_silhouette': 0.7199624763076908, 'num_points': 21}]",10.0,47,0.7109623273946216,,3,0.7119198512048722
DBSCAN,,0.3938342073763925,"[{'avg_silhouette': 0.4653935045567605, 'num_points': 55}, {'avg_silhouette': 0.8377205513293076, 'num_points': 13739}, {'avg_silhouette': 0.673657632567944, 'num_points': 83}, {'avg_silhouette': 0.5280926951686401, 'num_points': 226}, {'avg_silhouette': 0.4523059193803113, 'num_points': 14}, {'avg_silhouette': 0.806659957585057, 'num_points': 35}, {'avg_silhouette': 0.7306049863435147, 'num_points': 799}, {'avg_silhouette': 0.8256766621432774, 'num_points': 16}, {'avg_silhouette': 0.2717308499800903, 'num_points': 233}, {'avg_silhouette': 0.6945789162561283, 'num_points': 377}, {'avg_silhouette': 0.7116472952819158, 'num_points': 51}, {'avg_silhouette': 0.6417802787072251, 'num_points': 1352}, {'avg_silhouette': 0.6893776997439459, 'num_points': 11}, {'avg_silhouette': 0.5863396000386869, 'num_points': 10}, {'avg_silhouette': 0.6054607593492171, 'num_points': 41}, {'avg_silhouette': 0.42720392957131303, 'num_points': 29}, {'avg_silhouette': 0.5461781351092041, 'num_points': 54}, {'avg_silhouette': 0.40202880310375605, 'num_points': 21}, {'avg_silhouette': 0.6590556539886175, 'num_points': 1954}, {'avg_silhouette': 0.3098413239040974, 'num_points': 36}, {'avg_silhouette': 0.7898599251491003, 'num_points': 63}, {'avg_silhouette': 0.5256930343292998, 'num_points': 66}, {'avg_silhouette': 0.8267699505648997, 'num_points': 359}, {'avg_silhouette': 0.6139529779790697, 'num_points': 35}, {'avg_silhouette': 0.8357834484786901, 'num_points': 138}, {'avg_silhouette': 0.8203936875317893, 'num_points': 80}, {'avg_silhouette': 0.4442933359172264, 'num_points': 76}, {'avg_silhouette': 0.9004383775507815, 'num_points': 259}, {'avg_silhouette': 0.41677250013960615, 'num_points': 25}, {'avg_silhouette': 0.7348568646595154, 'num_points': 11}, {'avg_silhouette': 0.4153780032985881, 'num_points': 24}, {'avg_silhouette': 0.5966465062905408, 'num_points': 340}, {'avg_silhouette': 0.47208237287094706, 'num_points': 11}, {'avg_silhouette': 0.5060440346189489, 'num_points': 11}, {'avg_silhouette': 0.5924285207377189, 'num_points': 17}, {'avg_silhouette': 0.5484368321136466, 'num_points': 18}, {'avg_silhouette': 0.5737485943408765, 'num_points': 198}, {'avg_silhouette': 0.915168953558261, 'num_points': 15}, {'avg_silhouette': 0.7401879363764673, 'num_points': 39}, {'avg_silhouette': 0.4412969336103248, 'num_points': 20}, {'avg_silhouette': 0.5287559389398199, 'num_points': 13}, {'avg_silhouette': 0.5272111674613646, 'num_points': 23}, {'avg_silhouette': 0.6164371982050516, 'num_points': 32}, {'avg_silhouette': 0.7405779778471547, 'num_points': 36}, {'avg_silhouette': 0.6418715699952247, 'num_points': 55}, {'avg_silhouette': 0.7320403256124538, 'num_points': 25}, {'avg_silhouette': 0.7199624763076908, 'num_points': 21}]",10.0,47,0.7109395344235475,,3,0.7128521613417167
DBSCAN,,0.3838342073763925,"[{'avg_silhouette': 0.47472330177389377, 'num_points': 54}, {'avg_silhouette': 0.8381627647424554, 'num_points': 13736}, {'avg_silhouette': 0.673657632567944, 'num_points': 83}, {'avg_silhouette': 0.5331059646632416, 'num_points': 225}, {'avg_silhouette': 0.4845349877876347, 'num_points': 13}, {'avg_silhouette': 0.806325206055941, 'num_points': 35}, {'avg_silhouette': 0.7304747802331153, 'num_points': 799}, {'avg_silhouette': 0.8256692969303167, 'num_points': 16}, {'avg_silhouette': 0.2710926459312389, 'num_points': 232}, {'avg_silhouette': 0.7015060486790486, 'num_points': 375}, {'avg_silhouette': 0.7112059081914535, 'num_points': 51}, {'avg_silhouette': 0.6417455697416178, 'num_points': 1352}, {'avg_silhouette': 0.6893776997439459, 'num_points': 11}, {'avg_silhouette': 0.5856259078971242, 'num_points': 10}, {'avg_silhouette': 0.6054607593492171, 'num_points': 41}, {'avg_silhouette': 0.4271503672181783, 'num_points': 29}, {'avg_silhouette': 0.5457617547479425, 'num_points': 54}, {'avg_silhouette': 0.4552941407086097, 'num_points': 17}, {'avg_silhouette': 0.6596592204236189, 'num_points': 1953}, {'avg_silhouette': 0.3090995450543134, 'num_points': 36}, {'avg_silhouette': 0.7898599251491003, 'num_points': 63}, {'avg_silhouette': 0.5256930343292998, 'num_points': 66}, {'avg_silhouette': 0.826747711687383, 'num_points': 359}, {'avg_silhouette': 0.6139529779790697, 'num_points': 35}, {'avg_silhouette': 0.8357772292002176, 'num_points': 138}, {'avg_silhouette': 0.8203936875317893, 'num_points': 80}, {'avg_silhouette': 0.4442533318533677, 'num_points': 76}, {'avg_silhouette': 0.9004340091661084, 'num_points': 259}, {'avg_silhouette': 0.41677250013960615, 'num_points': 25}, {'avg_silhouette': 0.7348568646595154, 'num_points': 11}, {'avg_silhouette': 0.42084160073161775, 'num_points': 23}, {'avg_silhouette': 0.5966465062905408, 'num_points': 340}, {'avg_silhouette': 0.4721182476189167, 'num_points': 11}, {'avg_silhouette': 0.5060440346189489, 'num_points': 11}, {'avg_silhouette': 0.5923830766695447, 'num_points': 17}, {'avg_silhouette': 0.5484368321136466, 'num_points': 18}, {'avg_silhouette': 0.6059042623788108, 'num_points': 194}, {'avg_silhouette': 0.915168953558261, 'num_points': 15}, {'avg_silhouette': 0.7401879363764673, 'num_points': 39}, {'avg_silhouette': 0.4412969336103248, 'num_points': 20}, {'avg_silhouette': 0.5287559389398199, 'num_points': 13}, {'avg_silhouette': 0.5271538154897365, 'num_points': 23}, {'avg_silhouette': 0.6164371982050516, 'num_points': 32}, {'avg_silhouette': 0.7405779778471547, 'num_points': 36}, {'avg_silhouette': 0.6418429316692501, 'num_points': 55}, {'avg_silhouette': 0.7320198934318454, 'num_points': 25}, {'avg_silhouette': 0.7199624763076908, 'num_points': 21}]",10.0,47,0.7109229406930183,,3,0.7131891849692308
DBSCAN,,0.40383420737639253,"[{'avg_silhouette': 0.46613517997186293, 'num_points': 55}, {'avg_silhouette': 0.8374641334574282, 'num_points': 13741}, {'avg_silhouette': 0.673657632567944, 'num_points': 83}, {'avg_silhouette': 0.5282193558380458, 'num_points': 226}, {'avg_silhouette': 0.4524534408876389, 'num_points': 14}, {'avg_silhouette': 0.806659957585057, 'num_points': 35}, {'avg_silhouette': 0.7291268895239491, 'num_points': 800}, {'avg_silhouette': 0.8256808435939337, 'num_points': 16}, {'avg_silhouette': 0.2691260173980527, 'num_points': 234}, {'avg_silhouette': 0.6912541326551387, 'num_points': 378}, {'avg_silhouette': 0.7117916867903041, 'num_points': 51}, {'avg_silhouette': 0.6405723555665416, 'num_points': 1353}, {'avg_silhouette': 0.40267117569363964, 'num_points': 21}, {'avg_silhouette': 0.6893776997439459, 'num_points': 11}, {'avg_silhouette': 0.5867062950010389, 'num_points': 10}, {'avg_silhouette': 0.6055318533713384, 'num_points': 41}, {'avg_silhouette': 0.42723295952708296, 'num_points': 29}, {'avg_silhouette': 0.5461834558523242, 'num_points': 54}, {'avg_silhouette': 0.6590578849616777, 'num_points': 1954}, {'avg_silhouette': 0.30986245065041135, 'num_points': 36}, {'avg_silhouette': 0.789975674666607, 'num_points': 63}, {'avg_silhouette': 0.5256930343292998, 'num_points': 66}, {'avg_silhouette': 0.8267823418094891, 'num_points': 359}, {'avg_silhouette': 0.6140248832940612, 'num_points': 35}, {'avg_silhouette': 0.8357868989999837, 'num_points': 138}, {'avg_silhouette': 0.8203936875317893, 'num_points': 80}, {'avg_silhouette': 0.4442933359172264, 'num_points': 76}, {'avg_silhouette': 0.900440610001318, 'num_points': 259}, {'avg_silhouette': 0.41691572419407735, 'num_points': 25}, {'avg_silhouette': 0.7348568646595154, 'num_points': 11}, {'avg_silhouette': 0.4159931754784883, 'num_points': 24}, {'avg_silhouette': 0.5966465062905408, 'num_points': 340}, {'avg_silhouette': 0.4720865076387339, 'num_points': 11}, {'avg_silhouette': 0.506245850245164, 'num_points': 11}, {'avg_silhouette': 0.5924561196416411, 'num_points': 17}, {'avg_silhouette': 0.5484368321136466, 'num_points': 18}, {'avg_silhouette': 0.5737695134602265, 'num_points': 198}, {'avg_silhouette': 0.915168953558261, 'num_points': 15}, {'avg_silhouette': 0.7401879363764673, 'num_points': 39}, {'avg_silhouette': 0.4412969336103248, 'num_points': 20}, {'avg_silhouette': 0.5287559389398199, 'num_points': 13}, {'avg_silhouette': 0.5272111674613646, 'num_points': 23}, {'avg_silhouette': 0.6164371982050516, 'num_points': 32}, {'avg_silhouette': 0.7405779778471547, 'num_points': 36}, {'avg_silhouette': 0.6418880446148421, 'num_points': 55}, {'avg_silhouette': 0.7320403256124538, 'num_points': 25}, {'avg_silhouette': 0.7199624763076908, 'num_points': 21}]",10.0,47,0.7108607700968002,,3,0.712364791328549
DBSCAN,,0.3738342073763925,"[{'avg_silhouette': 0.4807669730794861, 'num_points': 53}, {'avg_silhouette': 0.8384607287309587, 'num_points': 13732}, {'avg_silhouette': 0.673657632567944, 'num_points': 83}, {'avg_silhouette': 0.5330843530288557, 'num_points': 225}, {'avg_silhouette': 0.4845349877876347, 'num_points': 13}, {'avg_silhouette': 0.806152362186729, 'num_points': 35}, {'avg_silhouette': 0.7304298021698091, 'num_points': 799}, {'avg_silhouette': 0.8256582376175307, 'num_points': 16}, {'avg_silhouette': 0.28595384375975413, 'num_points': 224}, {'avg_silhouette': 0.7014590282985519, 'num_points': 375}, {'avg_silhouette': 0.7112059081914535, 'num_points': 51}, {'avg_silhouette': 0.6464841053155402, 'num_points': 1348}, {'avg_silhouette': 0.6893776997439459, 'num_points': 11}, {'avg_silhouette': 0.5856259078971242, 'num_points': 10}, {'avg_silhouette': 0.6051884921619939, 'num_points': 41}, {'avg_silhouette': 0.4270698811229465, 'num_points': 29}, {'avg_silhouette': 0.5611517743284673, 'num_points': 53}, {'avg_silhouette': 0.5027458734456366, 'num_points': 14}, {'avg_silhouette': 0.6597193416146571, 'num_points': 1953}, {'avg_silhouette': 0.7894301974178044, 'num_points': 63}, {'avg_silhouette': 0.5256930343292998, 'num_points': 66}, {'avg_silhouette': 0.8266769736899438, 'num_points': 359}, {'avg_silhouette': 0.6106037830938013, 'num_points': 35}, {'avg_silhouette': 0.33332682100286964, 'num_points': 31}, {'avg_silhouette': 0.8357685059494583, 'num_points': 138}, {'avg_silhouette': 0.8203936875317893, 'num_points': 80}, {'avg_silhouette': 0.4507682833403772, 'num_points': 75}, {'avg_silhouette': 0.900428046022236, 'num_points': 259}, {'avg_silhouette': 0.41677250013960615, 'num_points': 25}, {'avg_silhouette': 0.7348568646595154, 'num_points': 11}, {'avg_silhouette': 0.5966465062905408, 'num_points': 340}, {'avg_silhouette': 0.49729682063586, 'num_points': 10}, {'avg_silhouette': 0.5052891566486571, 'num_points': 11}, {'avg_silhouette': 0.5923132242510892, 'num_points': 17}, {'avg_silhouette': 0.5484368321136466, 'num_points': 18}, {'avg_silhouette': 0.6259177804598199, 'num_points': 191}, {'avg_silhouette': 0.915168953558261, 'num_points': 15}, {'avg_silhouette': 0.7401879363764673, 'num_points': 39}, {'avg_silhouette': 0.4412969336103248, 'num_points': 20}, {'avg_silhouette': 0.5287559389398199, 'num_points': 13}, {'avg_silhouette': 0.5271538154897365, 'num_points': 23}, {'avg_silhouette': 0.6127851832899966, 'num_points': 32}, {'avg_silhouette': 0.7405779778471547, 'num_points': 36}, {'avg_silhouette': 0.6830702000858567, 'num_points': 53}, {'avg_silhouette': 0.7320198934318454, 'num_points': 25}, {'avg_silhouette': 0.7199624763076908, 'num_points': 21}, {'avg_silhouette': 0.4157475122526011, 'num_points': 23}]",10.0,47,0.7105637078843497,,3,0.7148880585537186
DBSCAN,,0.3638342073763925,"[{'avg_silhouette': 0.48765755473484723, 'num_points': 52}, {'avg_silhouette': 0.8392123840614694, 'num_points': 13728}, {'avg_silhouette': 0.673657632567944, 'num_points': 83}, {'avg_silhouette': 0.537120837863016, 'num_points': 224}, {'avg_silhouette': 0.4845349877876347, 'num_points': 13}, {'avg_silhouette': 0.806152362186729, 'num_points': 35}, {'avg_silhouette': 0.730379947732911, 'num_points': 799}, {'avg_silhouette': 0.8256484543453024, 'num_points': 16}, {'avg_silhouette': 0.29022732947087987, 'num_points': 221}, {'avg_silhouette': 0.7014156018681584, 'num_points': 375}, {'avg_silhouette': 0.7112059081914535, 'num_points': 51}, {'avg_silhouette': 0.6464398665391892, 'num_points': 1348}, {'avg_silhouette': 0.6893776997439459, 'num_points': 11}, {'avg_silhouette': 0.5856259078971242, 'num_points': 10}, {'avg_silhouette': 0.6051884921619939, 'num_points': 41}, {'avg_silhouette': 0.426999676728057, 'num_points': 29}, {'avg_silhouette': 0.5607933402585011, 'num_points': 53}, {'avg_silhouette': 0.5365948357408594, 'num_points': 13}, {'avg_silhouette': 0.6600027100763725, 'num_points': 1952}, {'avg_silhouette': 0.7894301974178044, 'num_points': 63}, {'avg_silhouette': 0.5256930343292998, 'num_points': 66}, {'avg_silhouette': 0.8266484260804327, 'num_points': 359}, {'avg_silhouette': 0.6106037830938013, 'num_points': 35}, {'avg_silhouette': 0.34064212149157114, 'num_points': 30}, {'avg_silhouette': 0.8357600871865837, 'num_points': 138}, {'avg_silhouette': 0.8203936875317893, 'num_points': 80}, {'avg_silhouette': 0.4506656690870389, 'num_points': 75}, {'avg_silhouette': 0.9035417362426722, 'num_points': 258}, {'avg_silhouette': 0.41677250013960615, 'num_points': 25}, {'avg_silhouette': 0.7348568646595154, 'num_points': 11}, {'avg_silhouette': 0.5966465062905408, 'num_points': 340}, {'avg_silhouette': 0.5052891566486571, 'num_points': 11}, {'avg_silhouette': 0.5922496315795732, 'num_points': 17}, {'avg_silhouette': 0.5484368321136466, 'num_points': 18}, {'avg_silhouette': 0.6258747397008936, 'num_points': 191}, {'avg_silhouette': 0.915168953558261, 'num_points': 15}, {'avg_silhouette': 0.7401879363764673, 'num_points': 39}, {'avg_silhouette': 0.46447914985898475, 'num_points': 19}, {'avg_silhouette': 0.5974770647652257, 'num_points': 11}, {'avg_silhouette': 0.5527349879689966, 'num_points': 22}, {'avg_silhouette': 0.6122674733131118, 'num_points': 32}, {'avg_silhouette': 0.7402056791460327, 'num_points': 36}, {'avg_silhouette': 0.6830344556565774, 'num_points': 53}, {'avg_silhouette': 0.7319192064160025, 'num_points': 25}, {'avg_silhouette': 0.7199624763076908, 'num_points': 21}, {'avg_silhouette': 0.41433740504876343, 'num_points': 23}]",10.0,46,0.710377123031109,,3,0.7152183202256769
DBSCAN,,0.3538342073763925,"[{'avg_silhouette': 0.48119385267375214, 'num_points': 52}, {'avg_silhouette': 0.839447317702913, 'num_points': 13726}, {'avg_silhouette': 0.673657632567944, 'num_points': 83}, {'avg_silhouette': 0.537120837863016, 'num_points': 224}, {'avg_silhouette': 0.4845349877876347, 'num_points': 13}, {'avg_silhouette': 0.8060337602555421, 'num_points': 35}, {'avg_silhouette': 0.7303587535759284, 'num_points': 799}, {'avg_silhouette': 0.8256435557176508, 'num_points': 16}, {'avg_silhouette': 0.3140125387676508, 'num_points': 211}, {'avg_silhouette': 0.7047240397655317, 'num_points': 374}, {'avg_silhouette': 0.7109452061328219, 'num_points': 51}, {'avg_silhouette': 0.6479527472071519, 'num_points': 1346}, {'avg_silhouette': 0.6893776997439459, 'num_points': 11}, {'avg_silhouette': 0.5851423469263436, 'num_points': 10}, {'avg_silhouette': 0.6050703515941902, 'num_points': 41}, {'avg_silhouette': 0.42696399092818293, 'num_points': 29}, {'avg_silhouette': 0.5607887265807184, 'num_points': 53}, {'avg_silhouette': 0.5235823391906202, 'num_points': 13}, {'avg_silhouette': 0.6596033305305988, 'num_points': 1952}, {'avg_silhouette': 0.7892471810602679, 'num_points': 63}, {'avg_silhouette': 0.5343729760114494, 'num_points': 65}, {'avg_silhouette': 0.826634189854188, 'num_points': 359}, {'avg_silhouette': 0.6105901443016192, 'num_points': 35}, {'avg_silhouette': 0.2206872326220336, 'num_points': 15}, {'avg_silhouette': 0.8400068946345831, 'num_points': 137}, {'avg_silhouette': 0.8203936875317893, 'num_points': 80}, {'avg_silhouette': 0.4506656690870389, 'num_points': 75}, {'avg_silhouette': 0.903539027997945, 'num_points': 258}, {'avg_silhouette': 0.41677250013960615, 'num_points': 25}, {'avg_silhouette': 0.7348568646595154, 'num_points': 11}, {'avg_silhouette': 0.5966465062905408, 'num_points': 340}, {'avg_silhouette': 0.5195485703981106, 'num_points': 10}, {'avg_silhouette': 0.5922190915767808, 'num_points': 17}, {'avg_silhouette': 0.5468307124690945, 'num_points': 18}, {'avg_silhouette': 0.6392505738839109, 'num_points': 189}, {'avg_silhouette': 0.915168953558261, 'num_points': 15}, {'avg_silhouette': 0.7401879363764673, 'num_points': 39}, {'avg_silhouette': 0.46447914985898475, 'num_points': 19}, {'avg_silhouette': 0.5974770647652257, 'num_points': 11}, {'avg_silhouette': 0.5710187153606232, 'num_points': 21}, {'avg_silhouette': 0.6122674733131118, 'num_points': 32}, {'avg_silhouette': 0.7402056791460327, 'num_points': 36}, {'avg_silhouette': 0.6830166262243716, 'num_points': 53}, {'avg_silhouette': 0.6000635989061867, 'num_points': 13}, {'avg_silhouette': 0.7319192064160025, 'num_points': 25}, {'avg_silhouette': 0.7199624763076908, 'num_points': 21}, {'avg_silhouette': 0.44692512470429674, 'num_points': 19}]",10.0,47,0.7098720823919368,,3,0.7156677984802213
DBSCAN,,0.3438342073763925,"[{'avg_silhouette': 0.484478423132412, 'num_points': 51}, {'avg_silhouette': 0.8397649124734347, 'num_points': 13722}, {'avg_silhouette': 0.6813740885278429, 'num_points': 82}, {'avg_silhouette': 0.5399816515210553, 'num_points': 223}, {'avg_silhouette': 0.4845349877876347, 'num_points': 13}, {'avg_silhouette': 0.8342548562320217, 'num_points': 34}, {'avg_silhouette': 0.7303232586964865, 'num_points': 799}, {'avg_silhouette': 0.8256367923232226, 'num_points': 16}, {'avg_silhouette': 0.23374458750693386, 'num_points': 199}, {'avg_silhouette': 0.7046919285658748, 'num_points': 374}, {'avg_silhouette': 0.7109452061328219, 'num_points': 51}, {'avg_silhouette': 0.6530613394845401, 'num_points': 1340}, {'avg_silhouette': 0.5851423469263436, 'num_points': 10}, {'avg_silhouette': 0.7620415231634291, 'num_points': 10}, {'avg_silhouette': 0.6048197762265745, 'num_points': 41}, {'avg_silhouette': 0.43663185855787523, 'num_points': 28}, {'avg_silhouette': 0.5605555215618112, 'num_points': 53}, {'avg_silhouette': 0.6576715417585913, 'num_points': 1952}, {'avg_silhouette': 0.788866234105233, 'num_points': 63}, {'avg_silhouette': 0.5399465419748655, 'num_points': 64}, {'avg_silhouette': 0.8266130412571582, 'num_points': 359}, {'avg_silhouette': 0.5591425391075731, 'num_points': 11}, {'avg_silhouette': 0.6105317182309263, 'num_points': 35}, {'avg_silhouette': 0.8399821028865652, 'num_points': 137}, {'avg_silhouette': 0.8218371989024474, 'num_points': 80}, {'avg_silhouette': 0.4506656690870389, 'num_points': 75}, {'avg_silhouette': 0.9035351306449908, 'num_points': 258}, {'avg_silhouette': 0.41677250013960615, 'num_points': 25}, {'avg_silhouette': 0.7348568646595154, 'num_points': 11}, {'avg_silhouette': 0.5986104595019591, 'num_points': 340}, {'avg_silhouette': 0.5190814628211928, 'num_points': 10}, {'avg_silhouette': 0.592173486643127, 'num_points': 17}, {'avg_silhouette': 0.5806846465427493, 'num_points': 17}, {'avg_silhouette': 0.6870716027448088, 'num_points': 177}, {'avg_silhouette': 0.915168953558261, 'num_points': 15}, {'avg_silhouette': 0.5429705787601159, 'num_points': 12}, {'avg_silhouette': 0.7401879363764673, 'num_points': 39}, {'avg_silhouette': 0.46447914985898475, 'num_points': 19}, {'avg_silhouette': 0.6177080088573264, 'num_points': 19}, {'avg_silhouette': 0.6122674733131118, 'num_points': 32}, {'avg_silhouette': 0.7420910858221377, 'num_points': 36}, {'avg_silhouette': 0.6829906407569435, 'num_points': 53}, {'avg_silhouette': 0.6386922113939809, 'num_points': 13}, {'avg_silhouette': 0.7319192064160025, 'num_points': 25}, {'avg_silhouette': 0.6431118640716227, 'num_points': 10}, {'avg_silhouette': 0.7198123521859989, 'num_points': 21}, {'avg_silhouette': 0.4043935592558328, 'num_points': 9}, {'avg_silhouette': 0.4426637626512269, 'num_points': 19}]",10.0,48,0.7081675607054275,,3,0.7168325979055221
AGGLC,ward,,"[{'avg_silhouette': 0.8460361322824688, 'num_points': 13649}, {'avg_silhouette': 0.09338938653531988, 'num_points': 225}, {'avg_silhouette': -0.20255885271937504, 'num_points': 194}, {'avg_silhouette': -0.09960235741745747, 'num_points': 160}, {'avg_silhouette': 0.06095249276718666, 'num_points': 152}, {'avg_silhouette': -0.2932242162416485, 'num_points': 437}, {'avg_silhouette': 0.003442489425731029, 'num_points': 433}, {'avg_silhouette': 0.5904438637852599, 'num_points': 56}, {'avg_silhouette': 0.4105164130339312, 'num_points': 434}, {'avg_silhouette': 0.031630161807710416, 'num_points': 151}, {'avg_silhouette': -0.08397594513883365, 'num_points': 183}, {'avg_silhouette': 0.07641774322017723, 'num_points': 29}, {'avg_silhouette': -0.10281003652777253, 'num_points': 71}, {'avg_silhouette': 0.32635459131531525, 'num_points': 198}, {'avg_silhouette': 0.12573588756734363, 'num_points': 299}, {'avg_silhouette': 0.7220634714684182, 'num_points': 159}, {'avg_silhouette': 0.6594321073312047, 'num_points': 186}, {'avg_silhouette': 0.6406155298680714, 'num_points': 1354}, {'avg_silhouette': 0.8020958192678168, 'num_points': 1707}, {'avg_silhouette': 0.8407288464704734, 'num_points': 276}, {'avg_silhouette': 0.5495827267247936, 'num_points': 417}, {'avg_silhouette': 0.524736563077412, 'num_points': 109}, {'avg_silhouette': 0.3480951052111306, 'num_points': 31}, {'avg_silhouette': 0.8238280368179492, 'num_points': 360}, {'avg_silhouette': 0.4841973462904121, 'num_points': 237}, {'avg_silhouette': 0.6993337589725382, 'num_points': 817}]",,26,0.70236683171921,,3,0.7629158271394524
AGGLC,ward,,"[{'avg_silhouette': -0.2923645785554102, 'num_points': 631}, {'avg_silhouette': 0.09338938653531988, 'num_points': 225}, {'avg_silhouette': 0.8460361322824688, 'num_points': 13649}, {'avg_silhouette': -0.09960235741745747, 'num_points': 160}, {'avg_silhouette': 0.06095249276718666, 'num_points': 152}, {'avg_silhouette': -0.10158380876366661, 'num_points': 71}, {'avg_silhouette': 0.003442489425731029, 'num_points': 433}, {'avg_silhouette': 0.5904438637852599, 'num_points': 56}, {'avg_silhouette': 0.4105164130339312, 'num_points': 434}, {'avg_silhouette': 0.031630161807710416, 'num_points': 151}, {'avg_silhouette': -0.08397594513883365, 'num_points': 183}, {'avg_silhouette': 0.07641774322017723, 'num_points': 29}, {'avg_silhouette': 0.6993337589725382, 'num_points': 817}, {'avg_silhouette': 0.32635459131531525, 'num_points': 198}, {'avg_silhouette': 0.12573588756734363, 'num_points': 299}, {'avg_silhouette': 0.7220634714684182, 'num_points': 159}, {'avg_silhouette': 0.6594321073312047, 'num_points': 186}, {'avg_silhouette': 0.6406155298680714, 'num_points': 1354}, {'avg_silhouette': 0.8020958192678168, 'num_points': 1707}, {'avg_silhouette': 0.8407288464704734, 'num_points': 276}, {'avg_silhouette': 0.5495827267247936, 'num_points': 417}, {'avg_silhouette': 0.524736563077412, 'num_points': 109}, {'avg_silhouette': 0.3480951052111306, 'num_points': 31}, {'avg_silhouette': 0.8238280368179492, 'num_points': 360}, {'avg_silhouette': 0.4841973462904121, 'num_points': 237}]",,25,0.70160712974053,,3,0.7629158271394524
AGGLC,ward,,"[{'avg_silhouette': -0.29962926183880084, 'num_points': 660}, {'avg_silhouette': 0.09338938653531988, 'num_points': 225}, {'avg_silhouette': 0.8460361322824688, 'num_points': 13649}, {'avg_silhouette': -0.09960235741745747, 'num_points': 160}, {'avg_silhouette': 0.06095249276718666, 'num_points': 152}, {'avg_silhouette': -0.10090116318425649, 'num_points': 71}, {'avg_silhouette': 0.003442489425731029, 'num_points': 433}, {'avg_silhouette': 0.5904438637852599, 'num_points': 56}, {'avg_silhouette': 0.4105164130339312, 'num_points': 434}, {'avg_silhouette': 0.031630161807710416, 'num_points': 151}, {'avg_silhouette': -0.08397594513883365, 'num_points': 183}, {'avg_silhouette': 0.4841973462904121, 'num_points': 237}, {'avg_silhouette': 0.6993337589725382, 'num_points': 817}, {'avg_silhouette': 0.32635459131531525, 'num_points': 198}, {'avg_silhouette': 0.12573588756734363, 'num_points': 299}, {'avg_silhouette': 0.7220634714684182, 'num_points': 159}, {'avg_silhouette': 0.6594321073312047, 'num_points': 186}, {'avg_silhouette': 0.6406155298680714, 'num_points': 1354}, {'avg_silhouette': 0.8020958192678168, 'num_points': 1707}, {'avg_silhouette': 0.8407288464704734, 'num_points': 276}, {'avg_silhouette': 0.5495827267247936, 'num_points': 417}, {'avg_silhouette': 0.524736563077412, 'num_points': 109}, {'avg_silhouette': 0.3480951052111306, 'num_points': 31}, {'avg_silhouette': 0.8238280368179492, 'num_points': 360}]",,24,0.7009154566325569,,3,0.7629158271394524
DBSCAN,,0.32383420737639246,"[{'avg_silhouette': 0.4544655051404249, 'num_points': 53}, {'avg_silhouette': 0.802342467367786, 'num_points': 13608}, {'avg_silhouette': 0.5359982575109161, 'num_points': 83}, {'avg_silhouette': 0.539621373117244, 'num_points': 223}, {'avg_silhouette': 0.4842632381531059, 'num_points': 13}, {'avg_silhouette': 0.8332712702687457, 'num_points': 34}, {'avg_silhouette': 0.7294384747504461, 'num_points': 797}, {'avg_silhouette': 0.8250952995787528, 'num_points': 16}, {'avg_silhouette': 0.32050979881380187, 'num_points': 194}, {'avg_silhouette': 0.7059710913431524, 'num_points': 373}, {'avg_silhouette': 0.7108550775014423, 'num_points': 51}, {'avg_silhouette': 0.641520218891636, 'num_points': 1337}, {'avg_silhouette': 0.39763651089725843, 'num_points': 18}, {'avg_silhouette': 0.8437629290576245, 'num_points': 9}, {'avg_silhouette': 0.585012217980825, 'num_points': 10}, {'avg_silhouette': 0.5003328154350003, 'num_points': 9}, {'avg_silhouette': 0.2060073930270434, 'num_points': 44}, {'avg_silhouette': 0.5687296015139965, 'num_points': 41}, {'avg_silhouette': 0.43986705143347443, 'num_points': 27}, {'avg_silhouette': 0.5274111079469338, 'num_points': 53}, {'avg_silhouette': 0.29549438711907383, 'num_points': 170}, {'avg_silhouette': 0.7750556245928927, 'num_points': 63}, {'avg_silhouette': 0.8151481565468036, 'num_points': 1649}, {'avg_silhouette': 0.5368470658014064, 'num_points': 64}, {'avg_silhouette': 0.8245084148946896, 'num_points': 359}, {'avg_silhouette': 0.6034430995622893, 'num_points': 9}, {'avg_silhouette': 0.5334108774169906, 'num_points': 25}, {'avg_silhouette': 0.893203393838536, 'num_points': 5}, {'avg_silhouette': 0.5753480614779364, 'num_points': 8}, {'avg_silhouette': 0.6994799803149273, 'num_points': 24}, {'avg_silhouette': 0.21830468529768526, 'num_points': 16}, {'avg_silhouette': 0.848348471241155, 'num_points': 134}, {'avg_silhouette': 0.8242536143086052, 'num_points': 80}, {'avg_silhouette': 0.7730171855065623, 'num_points': 6}, {'avg_silhouette': 0.5195715674131238, 'num_points': 22}, {'avg_silhouette': 0.8048335656372124, 'num_points': 6}, {'avg_silhouette': 0.39940174500163106, 'num_points': 53}, {'avg_silhouette': 0.4707661141744206, 'num_points': 11}, {'avg_silhouette': 0.5779511915241421, 'num_points': 7}, {'avg_silhouette': 0.3010361117256808, 'num_points': 22}, {'avg_silhouette': 0.9034669014616665, 'num_points': 258}, {'avg_silhouette': 0.3750284581864082, 'num_points': 21}, {'avg_silhouette': 0.41651408045072974, 'num_points': 25}, {'avg_silhouette': 0.7343851808081411, 'num_points': 11}, {'avg_silhouette': 0.37896805467576455, 'num_points': 23}, {'avg_silhouette': 0.7606226263342849, 'num_points': 205}, {'avg_silhouette': 0.536114179839113, 'num_points': 6}, {'avg_silhouette': 0.5358352311617445, 'num_points': 6}, {'avg_silhouette': 0.5376640211791386, 'num_points': 10}, {'avg_silhouette': 0.6209904044091366, 'num_points': 16}, {'avg_silhouette': 0.5806846465427493, 'num_points': 17}, {'avg_silhouette': 0.4993617828319441, 'num_points': 6}, {'avg_silhouette': 0.8110849781992407, 'num_points': 134}, {'avg_silhouette': 0.32678567467327124, 'num_points': 87}, {'avg_silhouette': 0.7998283152973997, 'num_points': 150}, {'avg_silhouette': 0.2429941395065097, 'num_points': 19}, {'avg_silhouette': 0.31330759430966004, 'num_points': 25}, {'avg_silhouette': 0.9057326479176814, 'num_points': 15}, {'avg_silhouette': 0.39516504915697476, 'num_points': 14}, {'avg_silhouette': 1.0, 'num_points': 8}, {'avg_silhouette': 0.7136583996858256, 'num_points': 39}, {'avg_silhouette': 0.46447914985898475, 'num_points': 19}, {'avg_silhouette': 0.7265406993666341, 'num_points': 9}, {'avg_silhouette': 0.6397012796481307, 'num_points': 18}, {'avg_silhouette': 0.6073153862371159, 'num_points': 32}, {'avg_silhouette': 0.3045205017643791, 'num_points': 22}, {'avg_silhouette': 0.37922188200472, 'num_points': 22}, {'avg_silhouette': 0.844927033686584, 'num_points': 32}, {'avg_silhouette': 0.655435919733212, 'num_points': 48}, {'avg_silhouette': 0.573612017804629, 'num_points': 8}, {'avg_silhouette': 0.3283113905785823, 'num_points': 10}, {'avg_silhouette': 0.922044140573486, 'num_points': 5}, {'avg_silhouette': 0.6116303545493958, 'num_points': 13}, {'avg_silhouette': 0.7115702256726969, 'num_points': 25}, {'avg_silhouette': 0.7175222036358272, 'num_points': 6}, {'avg_silhouette': 0.6153085514685137, 'num_points': 11}, {'avg_silhouette': 0.7550614330290248, 'num_points': 10}, {'avg_silhouette': 0.6428913618902176, 'num_points': 6}, {'avg_silhouette': 0.6559007483786984, 'num_points': 6}, {'avg_silhouette': 0.7446722964398116, 'num_points': 11}, {'avg_silhouette': 0.5308598669371246, 'num_points': 5}, {'avg_silhouette': 0.7903955599687867, 'num_points': 7}, {'avg_silhouette': 0.5232635208371679, 'num_points': 5}, {'avg_silhouette': 0.4580476433326715, 'num_points': 5}, {'avg_silhouette': 0.6477191134110398, 'num_points': 5}, {'avg_silhouette': 0.8835835434896884, 'num_points': 5}, {'avg_silhouette': 0.6909964837301933, 'num_points': 5}]",5.0,87,0.698327262513093,,3,0.7530036142687418
K-means,,,"[{'avg_silhouette': 0.8360529616706767, 'num_points': 13761}, {'avg_silhouette': 0.7921226370337641, 'num_points': 1718}, {'avg_silhouette': 0.6071232001215464, 'num_points': 878}, {'avg_silhouette': -0.1465273208210063, 'num_points': 173}, {'avg_silhouette': 0.7229799151630991, 'num_points': 159}, {'avg_silhouette': 0.8286641000346449, 'num_points': 278}, {'avg_silhouette': 0.21095568518848712, 'num_points': 56}, {'avg_silhouette': 0.3926706982966382, 'num_points': 495}, {'avg_silhouette': 0.3850698166154032, 'num_points': 252}, {'avg_silhouette': 0.5012130811420074, 'num_points': 112}, {'avg_silhouette': 0.7696429427060916, 'num_points': 371}, {'avg_silhouette': 0.31838319236302653, 'num_points': 309}, {'avg_silhouette': 0.3039876759336866, 'num_points': 156}, {'avg_silhouette': 0.36347057088480733, 'num_points': 262}, {'avg_silhouette': 0.11285744281357167, 'num_points': 355}, {'avg_silhouette': 0.5901036062933395, 'num_points': 56}, {'avg_silhouette': -0.18784114220396747, 'num_points': 304}, {'avg_silhouette': -0.09920523698848926, 'num_points': 99}, {'avg_silhouette': -0.04372061301653147, 'num_points': 102}, {'avg_silhouette': 0.18145441392093972, 'num_points': 166}, {'avg_silhouette': 0.07674948382693642, 'num_points': 29}, {'avg_silhouette': 0.3457534755643323, 'num_points': 226}, {'avg_silhouette': -0.07717738699149758, 'num_points': 184}, {'avg_silhouette': 0.5806956708295833, 'num_points': 1431}, {'avg_silhouette': 0.20533337820378023, 'num_points': 111}, {'avg_silhouette': 0.0544603188072601, 'num_points': 281}]",,26,0.6975376493043662,,3,0.7362904231780081
DBSCAN,,0.31383420737639245,"[{'avg_silhouette': 0.45409603242378715, 'num_points': 53}, {'avg_silhouette': 0.8022932343525738, 'num_points': 13608}, {'avg_silhouette': 0.5429622620735709, 'num_points': 82}, {'avg_silhouette': 0.5425182090465798, 'num_points': 222}, {'avg_silhouette': 0.4842632381531059, 'num_points': 13}, {'avg_silhouette': 0.8332712702687457, 'num_points': 34}, {'avg_silhouette': 0.7294384029940185, 'num_points': 797}, {'avg_silhouette': 0.8250952995787528, 'num_points': 16}, {'avg_silhouette': 0.3160670052391558, 'num_points': 193}, {'avg_silhouette': 0.7059710913431524, 'num_points': 373}, {'avg_silhouette': 0.7108550775014423, 'num_points': 51}, {'avg_silhouette': 0.6384411383355173, 'num_points': 1336}, {'avg_silhouette': 0.4247084506487158, 'num_points': 6}, {'avg_silhouette': 0.8437629290576245, 'num_points': 9}, {'avg_silhouette': 0.585012217980825, 'num_points': 10}, {'avg_silhouette': 0.5003328154350003, 'num_points': 9}, {'avg_silhouette': 0.21723418397514582, 'num_points': 43}, {'avg_silhouette': 0.5648515763259074, 'num_points': 41}, {'avg_silhouette': 0.4543416073902554, 'num_points': 26}, {'avg_silhouette': 0.5251289272882742, 'num_points': 53}, {'avg_silhouette': 0.3380443650269606, 'num_points': 12}, {'avg_silhouette': 0.29549438711907383, 'num_points': 170}, {'avg_silhouette': 0.775047979825079, 'num_points': 63}, {'avg_silhouette': 0.8151481565468036, 'num_points': 1649}, {'avg_silhouette': 0.5368470658014064, 'num_points': 64}, {'avg_silhouette': 0.8245084148946896, 'num_points': 359}, {'avg_silhouette': 0.6034430995622893, 'num_points': 9}, {'avg_silhouette': 0.5334108774169906, 'num_points': 25}, {'avg_silhouette': 0.893203393838536, 'num_points': 5}, {'avg_silhouette': 0.5745828037342017, 'num_points': 8}, {'avg_silhouette': 0.6994799803149273, 'num_points': 24}, {'avg_silhouette': 0.24459780842205955, 'num_points': 12}, {'avg_silhouette': 0.848348471241155, 'num_points': 134}, {'avg_silhouette': 0.824229966727674, 'num_points': 80}, {'avg_silhouette': 0.7730171855065623, 'num_points': 6}, {'avg_silhouette': 0.5195715674131238, 'num_points': 22}, {'avg_silhouette': 0.8048335656372124, 'num_points': 6}, {'avg_silhouette': 0.39940174500163106, 'num_points': 53}, {'avg_silhouette': 0.4707661141744206, 'num_points': 11}, {'avg_silhouette': 0.5779511915241421, 'num_points': 7}, {'avg_silhouette': 0.3147324281819236, 'num_points': 21}, {'avg_silhouette': 0.9034669014616665, 'num_points': 258}, {'avg_silhouette': 0.41651408045072974, 'num_points': 25}, {'avg_silhouette': 0.7343851808081411, 'num_points': 11}, {'avg_silhouette': 0.37876769045397257, 'num_points': 23}, {'avg_silhouette': 0.7606226263342849, 'num_points': 205}, {'avg_silhouette': 0.5314377942888909, 'num_points': 6}, {'avg_silhouette': 0.537513280938638, 'num_points': 10}, {'avg_silhouette': 0.6209904044091366, 'num_points': 16}, {'avg_silhouette': 0.5806846465427493, 'num_points': 17}, {'avg_silhouette': 0.4993617828319441, 'num_points': 6}, {'avg_silhouette': 0.8110849781992407, 'num_points': 134}, {'avg_silhouette': 0.32678567467327124, 'num_points': 87}, {'avg_silhouette': 0.7998283152973997, 'num_points': 150}, {'avg_silhouette': 0.31330759430966004, 'num_points': 25}, {'avg_silhouette': 0.9057326479176814, 'num_points': 15}, {'avg_silhouette': 0.39516504915697476, 'num_points': 14}, {'avg_silhouette': 0.288377548631503, 'num_points': 17}, {'avg_silhouette': 1.0, 'num_points': 8}, {'avg_silhouette': 0.7136583996858256, 'num_points': 39}, {'avg_silhouette': 0.3750284581864082, 'num_points': 21}, {'avg_silhouette': 0.46447914985898475, 'num_points': 19}, {'avg_silhouette': 0.7265406993666341, 'num_points': 9}, {'avg_silhouette': 0.6397012796481307, 'num_points': 18}, {'avg_silhouette': 0.6073153862371159, 'num_points': 32}, {'avg_silhouette': 0.30586541634862097, 'num_points': 22}, {'avg_silhouette': 0.37922188200472, 'num_points': 22}, {'avg_silhouette': 0.844927033686584, 'num_points': 32}, {'avg_silhouette': 0.655435919733212, 'num_points': 48}, {'avg_silhouette': 0.6380415976953842, 'num_points': 7}, {'avg_silhouette': 0.36553185641902597, 'num_points': 9}, {'avg_silhouette': 0.922044140573486, 'num_points': 5}, {'avg_silhouette': 0.5988558002826798, 'num_points': 13}, {'avg_silhouette': 0.598048977746712, 'num_points': 5}, {'avg_silhouette': 0.7115702256726969, 'num_points': 25}, {'avg_silhouette': 0.7175222036358272, 'num_points': 6}, {'avg_silhouette': 0.6153085514685137, 'num_points': 11}, {'avg_silhouette': 0.7550614330290248, 'num_points': 10}, {'avg_silhouette': 0.6559007483786984, 'num_points': 6}, {'avg_silhouette': 0.7446722964398116, 'num_points': 11}, {'avg_silhouette': 0.6428913618902176, 'num_points': 6}, {'avg_silhouette': 0.5308598669371246, 'num_points': 5}, {'avg_silhouette': 0.7903955599687867, 'num_points': 7}, {'avg_silhouette': 0.45109069617378006, 'num_points': 5}, {'avg_silhouette': 0.6477191134110398, 'num_points': 5}, {'avg_silhouette': 0.8835835434896884, 'num_points': 5}, {'avg_silhouette': 0.6909964837301933, 'num_points': 5}]",5.0,87,0.6974824962174933,,3,0.7519608430782982
AGGLC,ward,,"[{'avg_silhouette': 0.0687400295843441, 'num_points': 388}, {'avg_silhouette': -0.29818759106255666, 'num_points': 660}, {'avg_silhouette': 0.8460410113036839, 'num_points': 13649}, {'avg_silhouette': -0.09960235741745747, 'num_points': 160}, {'avg_silhouette': 0.09338938653531988, 'num_points': 225}, {'avg_silhouette': -0.09760105798492248, 'num_points': 71}, {'avg_silhouette': 0.003442489425731029, 'num_points': 433}, {'avg_silhouette': 0.5904438637852599, 'num_points': 56}, {'avg_silhouette': 0.4105164130339312, 'num_points': 434}, {'avg_silhouette': 0.06095249276718666, 'num_points': 152}, {'avg_silhouette': -0.07912654413536833, 'num_points': 183}, {'avg_silhouette': 0.8238280368179492, 'num_points': 360}, {'avg_silhouette': 0.7001485784921602, 'num_points': 817}, {'avg_silhouette': 0.3271799131952849, 'num_points': 198}, {'avg_silhouette': 0.1257673302989861, 'num_points': 299}, {'avg_silhouette': 0.7220634714684182, 'num_points': 159}, {'avg_silhouette': 0.6594321073312047, 'num_points': 186}, {'avg_silhouette': 0.6406155298680714, 'num_points': 1354}, {'avg_silhouette': 0.8020958192678168, 'num_points': 1707}, {'avg_silhouette': 0.84074818363038, 'num_points': 276}, {'avg_silhouette': 0.549778158866106, 'num_points': 417}, {'avg_silhouette': 0.524736563077412, 'num_points': 109}, {'avg_silhouette': 0.3480951052111306, 'num_points': 31}]",,23,0.6968931221591737,,3,0.7629174534798574
DBSCAN,,0.30383420737639244,"[{'avg_silhouette': 0.48862589435758796, 'num_points': 49}, {'avg_silhouette': 0.8022805929522094, 'num_points': 13608}, {'avg_silhouette': 0.5429622620735709, 'num_points': 82}, {'avg_silhouette': 0.5448931931959478, 'num_points': 221}, {'avg_silhouette': 0.4842632381531059, 'num_points': 13}, {'avg_silhouette': 0.8332712702687457, 'num_points': 34}, {'avg_silhouette': 0.7294212175734884, 'num_points': 797}, {'avg_silhouette': 0.8250952995787528, 'num_points': 16}, {'avg_silhouette': 0.30592223574623856, 'num_points': 192}, {'avg_silhouette': 0.7059710913431524, 'num_points': 373}, {'avg_silhouette': 0.7108550775014423, 'num_points': 51}, {'avg_silhouette': 0.6384376226067696, 'num_points': 1336}, {'avg_silhouette': 0.8437629290576245, 'num_points': 9}, {'avg_silhouette': 0.585012217980825, 'num_points': 10}, {'avg_silhouette': 0.5680532840311259, 'num_points': 8}, {'avg_silhouette': 0.2645683511568392, 'num_points': 39}, {'avg_silhouette': 0.5648515763259074, 'num_points': 41}, {'avg_silhouette': 0.4535827446970435, 'num_points': 26}, {'avg_silhouette': 0.5288315533873568, 'num_points': 52}, {'avg_silhouette': 0.2998773747565368, 'num_points': 169}, {'avg_silhouette': 0.4180499582926717, 'num_points': 6}, {'avg_silhouette': 0.775047979825079, 'num_points': 63}, {'avg_silhouette': 0.8151481565468036, 'num_points': 1649}, {'avg_silhouette': 0.5326108368526534, 'num_points': 64}, {'avg_silhouette': 0.8245084148946896, 'num_points': 359}, {'avg_silhouette': 0.6589886103595677, 'num_points': 8}, {'avg_silhouette': 0.5334108774169906, 'num_points': 25}, {'avg_silhouette': 0.3975447611882664, 'num_points': 10}, {'avg_silhouette': 0.893203393838536, 'num_points': 5}, {'avg_silhouette': 0.5745828037342017, 'num_points': 8}, {'avg_silhouette': 0.6994799803149273, 'num_points': 24}, {'avg_silhouette': 0.24459780842205955, 'num_points': 12}, {'avg_silhouette': 0.848348471241155, 'num_points': 134}, {'avg_silhouette': 0.8242078715975512, 'num_points': 80}, {'avg_silhouette': 0.7730171855065623, 'num_points': 6}, {'avg_silhouette': 0.5195715674131238, 'num_points': 22}, {'avg_silhouette': 0.8048335656372124, 'num_points': 6}, {'avg_silhouette': 0.39940174500163106, 'num_points': 53}, {'avg_silhouette': 0.4647136257952125, 'num_points': 11}, {'avg_silhouette': 0.5779511915241421, 'num_points': 7}, {'avg_silhouette': 0.3566791206888981, 'num_points': 18}, {'avg_silhouette': 0.9034669014616665, 'num_points': 258}, {'avg_silhouette': 0.41651408045072974, 'num_points': 25}, {'avg_silhouette': 0.7343851808081411, 'num_points': 11}, {'avg_silhouette': 0.38930733974214093, 'num_points': 20}, {'avg_silhouette': 0.7606226263342849, 'num_points': 205}, {'avg_silhouette': 0.524729996286529, 'num_points': 6}, {'avg_silhouette': 0.5691764177004048, 'num_points': 9}, {'avg_silhouette': 0.6209904044091366, 'num_points': 16}, {'avg_silhouette': 0.6175706009075086, 'num_points': 16}, {'avg_silhouette': 0.4993617828319441, 'num_points': 6}, {'avg_silhouette': 0.8110849781992407, 'num_points': 134}, {'avg_silhouette': 0.32674212919102685, 'num_points': 87}, {'avg_silhouette': 0.7998283152973997, 'num_points': 150}, {'avg_silhouette': 0.31330759430966004, 'num_points': 25}, {'avg_silhouette': 0.9057326479176814, 'num_points': 15}, {'avg_silhouette': 0.39516504915697476, 'num_points': 14}, {'avg_silhouette': 0.288377548631503, 'num_points': 17}, {'avg_silhouette': 1.0, 'num_points': 8}, {'avg_silhouette': 0.7136583996858256, 'num_points': 39}, {'avg_silhouette': 0.3750284581864082, 'num_points': 21}, {'avg_silhouette': 0.46447914985898475, 'num_points': 19}, {'avg_silhouette': 0.7265406993666341, 'num_points': 9}, {'avg_silhouette': 0.6397012796481307, 'num_points': 18}, {'avg_silhouette': 0.6073153862371159, 'num_points': 32}, {'avg_silhouette': 0.37922188200472, 'num_points': 22}, {'avg_silhouette': 0.844927033686584, 'num_points': 32}, {'avg_silhouette': 0.655435919733212, 'num_points': 48}, {'avg_silhouette': 0.6380415976953842, 'num_points': 7}, {'avg_silhouette': 0.36553185641902597, 'num_points': 9}, {'avg_silhouette': 0.922044140573486, 'num_points': 5}, {'avg_silhouette': 0.5988558002826798, 'num_points': 13}, {'avg_silhouette': 0.5974315988538322, 'num_points': 5}, {'avg_silhouette': 0.7115125255870742, 'num_points': 25}, {'avg_silhouette': 0.7175222036358272, 'num_points': 6}, {'avg_silhouette': 0.6153085514685137, 'num_points': 11}, {'avg_silhouette': 0.43050458987663986, 'num_points': 5}, {'avg_silhouette': 0.7550614330290248, 'num_points': 10}, {'avg_silhouette': 0.6559007483786984, 'num_points': 6}, {'avg_silhouette': 0.7446722964398116, 'num_points': 11}, {'avg_silhouette': 0.15108171354111483, 'num_points': 16}, {'avg_silhouette': 0.6428913618902176, 'num_points': 6}, {'avg_silhouette': 0.5308598669371246, 'num_points': 5}, {'avg_silhouette': 0.7903955599687867, 'num_points': 7}, {'avg_silhouette': 0.45109069617378006, 'num_points': 5}, {'avg_silhouette': 0.6477191134110398, 'num_points': 5}, {'avg_silhouette': 0.8835835434896884, 'num_points': 5}, {'avg_silhouette': 0.6909964837301933, 'num_points': 5}]",5.0,88,0.6965735416976093,,3,0.7519554573685943
DBSCAN,,0.29383420737639243,"[{'avg_silhouette': 0.5018460778499338, 'num_points': 47}, {'avg_silhouette': 0.8022702329056837, 'num_points': 13608}, {'avg_silhouette': 0.5429622620735709, 'num_points': 82}, {'avg_silhouette': 0.5471831351300653, 'num_points': 220}, {'avg_silhouette': 0.4836646093944514, 'num_points': 13}, {'avg_silhouette': 0.8326313012923634, 'num_points': 34}, {'avg_silhouette': 0.7305199867512953, 'num_points': 796}, {'avg_silhouette': 0.8250952995787528, 'num_points': 16}, {'avg_silhouette': 0.3095198683997608, 'num_points': 190}, {'avg_silhouette': 0.7059710913431524, 'num_points': 373}, {'avg_silhouette': 0.7108550775014423, 'num_points': 51}, {'avg_silhouette': 0.6398981178840247, 'num_points': 1334}, {'avg_silhouette': 0.8437629290576245, 'num_points': 9}, {'avg_silhouette': 0.585012217980825, 'num_points': 10}, {'avg_silhouette': 0.5679534304915344, 'num_points': 8}, {'avg_silhouette': 0.2716568444997257, 'num_points': 38}, {'avg_silhouette': 0.5754926393565787, 'num_points': 40}, {'avg_silhouette': 0.45298600421923935, 'num_points': 26}, {'avg_silhouette': 0.5278311537482382, 'num_points': 52}, {'avg_silhouette': 0.4180499582926717, 'num_points': 6}, {'avg_silhouette': 0.7883480139173334, 'num_points': 62}, {'avg_silhouette': 0.3030234837567565, 'num_points': 168}, {'avg_silhouette': 0.8110936731999757, 'num_points': 1649}, {'avg_silhouette': 0.5402604541549282, 'num_points': 63}, {'avg_silhouette': 0.8245084148946896, 'num_points': 359}, {'avg_silhouette': 0.6589886103595677, 'num_points': 8}, {'avg_silhouette': 0.5334108774169906, 'num_points': 25}, {'avg_silhouette': 0.3975447611882664, 'num_points': 10}, {'avg_silhouette': 0.8930555474486006, 'num_points': 5}, {'avg_silhouette': 0.5745828037342017, 'num_points': 8}, {'avg_silhouette': 0.690378392436314, 'num_points': 24}, {'avg_silhouette': 0.25907732083089285, 'num_points': 5}, {'avg_silhouette': 0.848348471241155, 'num_points': 134}, {'avg_silhouette': 0.8241779609515862, 'num_points': 80}, {'avg_silhouette': 0.7724105323204107, 'num_points': 6}, {'avg_silhouette': 0.5195715674131238, 'num_points': 22}, {'avg_silhouette': 0.8042377521302339, 'num_points': 6}, {'avg_silhouette': 0.39940174500163106, 'num_points': 53}, {'avg_silhouette': 0.4633832922996674, 'num_points': 11}, {'avg_silhouette': 0.5778403822608466, 'num_points': 7}, {'avg_silhouette': 0.38740154879295974, 'num_points': 17}, {'avg_silhouette': 0.9034669014616665, 'num_points': 258}, {'avg_silhouette': 0.4389754070366154, 'num_points': 23}, {'avg_silhouette': 0.7343851808081411, 'num_points': 11}, {'avg_silhouette': 0.3890544146149598, 'num_points': 20}, {'avg_silhouette': 0.7606226263342849, 'num_points': 205}, {'avg_silhouette': 0.5219137378330408, 'num_points': 6}, {'avg_silhouette': 0.6083800410612736, 'num_points': 8}, {'avg_silhouette': 0.6209904044091366, 'num_points': 16}, {'avg_silhouette': 0.6168648168496834, 'num_points': 16}, {'avg_silhouette': 0.4990701903982868, 'num_points': 6}, {'avg_silhouette': 0.32466281968523436, 'num_points': 6}, {'avg_silhouette': 0.8110849781992407, 'num_points': 134}, {'avg_silhouette': 0.31700565419754617, 'num_points': 87}, {'avg_silhouette': 0.7941640733774687, 'num_points': 150}, {'avg_silhouette': 0.35265658731411126, 'num_points': 24}, {'avg_silhouette': 0.9057326479176814, 'num_points': 15}, {'avg_silhouette': 0.38858093766653007, 'num_points': 14}, {'avg_silhouette': 0.29460193708107224, 'num_points': 16}, {'avg_silhouette': 1.0, 'num_points': 8}, {'avg_silhouette': 0.7136583996858256, 'num_points': 39}, {'avg_silhouette': 0.40774076834087775, 'num_points': 20}, {'avg_silhouette': 0.46447914985898475, 'num_points': 19}, {'avg_silhouette': 0.7265406993666341, 'num_points': 9}, {'avg_silhouette': 0.6397012796481307, 'num_points': 18}, {'avg_silhouette': 0.6073153862371159, 'num_points': 32}, {'avg_silhouette': 0.844927033686584, 'num_points': 32}, {'avg_silhouette': 0.655435919733212, 'num_points': 48}, {'avg_silhouette': 0.6365978409775123, 'num_points': 7}, {'avg_silhouette': 0.3652189229992534, 'num_points': 9}, {'avg_silhouette': 0.922044140573486, 'num_points': 5}, {'avg_silhouette': 0.6280891378010603, 'num_points': 12}, {'avg_silhouette': 0.5977792546988461, 'num_points': 5}, {'avg_silhouette': 0.7113469497005014, 'num_points': 25}, {'avg_silhouette': 0.7175222036358272, 'num_points': 6}, {'avg_silhouette': 0.706946502811875, 'num_points': 10}, {'avg_silhouette': 0.43050458987663986, 'num_points': 5}, {'avg_silhouette': 0.7550614330290248, 'num_points': 10}, {'avg_silhouette': 0.41499346513915675, 'num_points': 21}, {'avg_silhouette': 0.6559007483786984, 'num_points': 6}, {'avg_silhouette': 0.7446722964398116, 'num_points': 11}, {'avg_silhouette': 0.15069549261891532, 'num_points': 16}, {'avg_silhouette': 0.6428913618902176, 'num_points': 6}, {'avg_silhouette': 0.5308598669371246, 'num_points': 5}, {'avg_silhouette': 0.7903955599687867, 'num_points': 7}, {'avg_silhouette': 0.4493221343007325, 'num_points': 5}, {'avg_silhouette': 0.6477191134110398, 'num_points': 5}, {'avg_silhouette': 0.8835835434896884, 'num_points': 5}, {'avg_silhouette': 0.6909805696471484, 'num_points': 5}]",5.0,89,0.6955532659991671,,3,0.7510873413298947
DBSCAN,,0.2838342073763924,"[{'avg_silhouette': 0.5010176925866763, 'num_points': 47}, {'avg_silhouette': 0.8025134778408421, 'num_points': 13606}, {'avg_silhouette': 0.5687333363867472, 'num_points': 79}, {'avg_silhouette': 0.5510871783083461, 'num_points': 219}, {'avg_silhouette': 0.4982519483650613, 'num_points': 12}, {'avg_silhouette': 0.8326313012923634, 'num_points': 34}, {'avg_silhouette': 0.7320367185079962, 'num_points': 795}, {'avg_silhouette': 0.8250934823331875, 'num_points': 16}, {'avg_silhouette': 0.3134286359961273, 'num_points': 188}, {'avg_silhouette': 0.7078735146698992, 'num_points': 372}, {'avg_silhouette': 0.7107717202896747, 'num_points': 51}, {'avg_silhouette': 0.6392789366554115, 'num_points': 1334}, {'avg_silhouette': 0.8437629290576245, 'num_points': 9}, {'avg_silhouette': 0.5848503118356225, 'num_points': 10}, {'avg_silhouette': 0.5678255560427459, 'num_points': 8}, {'avg_silhouette': 0.2947902136427935, 'num_points': 36}, {'avg_silhouette': 0.5754926393565787, 'num_points': 40}, {'avg_silhouette': 0.4771160631707321, 'num_points': 25}, {'avg_silhouette': 0.5376851928208789, 'num_points': 51}, {'avg_silhouette': 0.40967572229352367, 'num_points': 6}, {'avg_silhouette': 0.7883480139173334, 'num_points': 62}, {'avg_silhouette': 0.3030234837567565, 'num_points': 168}, {'avg_silhouette': 0.8061426869302777, 'num_points': 1649}, {'avg_silhouette': 0.5397456212707998, 'num_points': 63}, {'avg_silhouette': 0.8245008478626058, 'num_points': 359}, {'avg_silhouette': 0.6589886103595677, 'num_points': 8}, {'avg_silhouette': 0.5333771288286837, 'num_points': 25}, {'avg_silhouette': 0.4193747666428915, 'num_points': 9}, {'avg_silhouette': 0.8930555474486006, 'num_points': 5}, {'avg_silhouette': 0.5710392862248991, 'num_points': 8}, {'avg_silhouette': 0.690378392436314, 'num_points': 24}, {'avg_silhouette': 0.8483467026877256, 'num_points': 134}, {'avg_silhouette': 0.8241343275912069, 'num_points': 80}, {'avg_silhouette': 0.7724105323204107, 'num_points': 6}, {'avg_silhouette': 0.5195715674131238, 'num_points': 22}, {'avg_silhouette': 0.8042377521302339, 'num_points': 6}, {'avg_silhouette': 0.39940174500163106, 'num_points': 53}, {'avg_silhouette': 0.4633832922996674, 'num_points': 11}, {'avg_silhouette': 0.5776837352860797, 'num_points': 7}, {'avg_silhouette': 0.3984647265114427, 'num_points': 16}, {'avg_silhouette': 0.9034655198581731, 'num_points': 258}, {'avg_silhouette': 0.45449748368724935, 'num_points': 22}, {'avg_silhouette': 0.7343851808081411, 'num_points': 11}, {'avg_silhouette': 0.3881690549302222, 'num_points': 20}, {'avg_silhouette': 0.7606226263342849, 'num_points': 205}, {'avg_silhouette': 0.5867246673698248, 'num_points': 5}, {'avg_silhouette': 0.6083800410612736, 'num_points': 8}, {'avg_silhouette': 0.620974609768387, 'num_points': 16}, {'avg_silhouette': 0.6168648168496834, 'num_points': 16}, {'avg_silhouette': 0.351949357511088, 'num_points': 7}, {'avg_silhouette': 0.8110849781992407, 'num_points': 134}, {'avg_silhouette': 0.3111077529474603, 'num_points': 87}, {'avg_silhouette': 0.7941640733774687, 'num_points': 150}, {'avg_silhouette': 0.34976688360844327, 'num_points': 24}, {'avg_silhouette': 0.9057326479176814, 'num_points': 15}, {'avg_silhouette': 0.40657666695893435, 'num_points': 13}, {'avg_silhouette': 0.3133088861869559, 'num_points': 15}, {'avg_silhouette': 1.0, 'num_points': 8}, {'avg_silhouette': 0.7136583996858256, 'num_points': 39}, {'avg_silhouette': 0.40774076834087775, 'num_points': 20}, {'avg_silhouette': 0.46447914985898475, 'num_points': 19}, {'avg_silhouette': 0.7265406993666341, 'num_points': 9}, {'avg_silhouette': 0.6397012796481307, 'num_points': 18}, {'avg_silhouette': 0.6073153862371159, 'num_points': 32}, {'avg_silhouette': 0.844927033686584, 'num_points': 32}, {'avg_silhouette': 0.655435919733212, 'num_points': 48}, {'avg_silhouette': 0.6365978409775123, 'num_points': 7}, {'avg_silhouette': 0.37783452658374994, 'num_points': 8}, {'avg_silhouette': 0.922044140573486, 'num_points': 5}, {'avg_silhouette': 0.6744700397359114, 'num_points': 12}, {'avg_silhouette': 0.5978658173040305, 'num_points': 5}, {'avg_silhouette': 0.7113469497005014, 'num_points': 25}, {'avg_silhouette': 0.7175222036358272, 'num_points': 6}, {'avg_silhouette': 0.706946502811875, 'num_points': 10}, {'avg_silhouette': 0.43050458987663986, 'num_points': 5}, {'avg_silhouette': 0.7550614330290248, 'num_points': 10}, {'avg_silhouette': 0.4892319547551111, 'num_points': 19}, {'avg_silhouette': 0.6559007483786984, 'num_points': 6}, {'avg_silhouette': 0.7446722964398116, 'num_points': 11}, {'avg_silhouette': 0.15002602086412387, 'num_points': 16}, {'avg_silhouette': 0.6428913618902176, 'num_points': 6}, {'avg_silhouette': 0.5308598669371246, 'num_points': 5}, {'avg_silhouette': 0.7903955599687867, 'num_points': 7}, {'avg_silhouette': 0.44278471398203356, 'num_points': 5}, {'avg_silhouette': 0.6477191134110398, 'num_points': 5}, {'avg_silhouette': 0.8835835434896884, 'num_points': 5}, {'avg_silhouette': 0.6909578740198652, 'num_points': 5}, {'avg_silhouette': 0.560391859753749, 'num_points': 5}]",5.0,88,0.6945295414786858,,3,0.7493117004755104
AGGLC,ward,,"[{'avg_silhouette': 0.839367399559247, 'num_points': 13680}, {'avg_silhouette': -0.2972730889641927, 'num_points': 660}, {'avg_silhouette': 0.06905310358893736, 'num_points': 388}, {'avg_silhouette': -0.09945073003160118, 'num_points': 160}, {'avg_silhouette': 0.09351969117556226, 'num_points': 225}, {'avg_silhouette': -0.09749345400947874, 'num_points': 71}, {'avg_silhouette': 0.00345047566158809, 'num_points': 433}, {'avg_silhouette': 0.5908089811837484, 'num_points': 56}, {'avg_silhouette': 0.4105164130339312, 'num_points': 434}, {'avg_silhouette': 0.06249162538114035, 'num_points': 152}, {'avg_silhouette': -0.07864745963254945, 'num_points': 183}, {'avg_silhouette': 0.8243791403095103, 'num_points': 360}, {'avg_silhouette': 0.7010605847740381, 'num_points': 817}, {'avg_silhouette': 0.327468149646858, 'num_points': 198}, {'avg_silhouette': 0.12752713876977592, 'num_points': 299}, {'avg_silhouette': 0.7222897606443891, 'num_points': 159}, {'avg_silhouette': 0.6602363101221189, 'num_points': 186}, {'avg_silhouette': 0.6417022700687451, 'num_points': 1354}, {'avg_silhouette': 0.8020972537711059, 'num_points': 1707}, {'avg_silhouette': 0.8409111431707762, 'num_points': 276}, {'avg_silhouette': 0.551000205286834, 'num_points': 417}, {'avg_silhouette': 0.5251793299481059, 'num_points': 109}]",,22,0.6937154725853227,,3,0.7610556411330327
DBSCAN,,0.2738342073763924,"[{'avg_silhouette': 0.51076734922975, 'num_points': 45}, {'avg_silhouette': 0.8025972727714067, 'num_points': 13605}, {'avg_silhouette': 0.5687333363867472, 'num_points': 79}, {'avg_silhouette': 0.5509892150608398, 'num_points': 219}, {'avg_silhouette': 0.4981437709477105, 'num_points': 12}, {'avg_silhouette': 0.8326313012923634, 'num_points': 34}, {'avg_silhouette': 0.7334869374878245, 'num_points': 794}, {'avg_silhouette': 0.843235907154024, 'num_points': 15}, {'avg_silhouette': 0.31343563201920305, 'num_points': 185}, {'avg_silhouette': 0.7107349254678764, 'num_points': 371}, {'avg_silhouette': 0.7106327824100913, 'num_points': 51}, {'avg_silhouette': 0.641212834940516, 'num_points': 1332}, {'avg_silhouette': 0.8437629290576245, 'num_points': 9}, {'avg_silhouette': 0.5845815573294537, 'num_points': 10}, {'avg_silhouette': 0.5676878915195994, 'num_points': 8}, {'avg_silhouette': 0.31539169914628085, 'num_points': 34}, {'avg_silhouette': 0.5754926393565787, 'num_points': 40}, {'avg_silhouette': 0.47675756757904625, 'num_points': 25}, {'avg_silhouette': 0.5575891718381594, 'num_points': 49}, {'avg_silhouette': 0.7839161331809245, 'num_points': 62}, {'avg_silhouette': 0.30530780545260106, 'num_points': 167}, {'avg_silhouette': 0.8061426869302777, 'num_points': 1649}, {'avg_silhouette': 0.5411359358315471, 'num_points': 63}, {'avg_silhouette': 0.8243857593792031, 'num_points': 359}, {'avg_silhouette': 0.6589886103595677, 'num_points': 8}, {'avg_silhouette': 0.5333609173294426, 'num_points': 25}, {'avg_silhouette': 0.6023620136885568, 'num_points': 9}, {'avg_silhouette': 0.8930555474486006, 'num_points': 5}, {'avg_silhouette': 0.5710392862248991, 'num_points': 8}, {'avg_silhouette': 0.690378392436314, 'num_points': 24}, {'avg_silhouette': 0.8483459136592215, 'num_points': 134}, {'avg_silhouette': 0.8240507141130502, 'num_points': 80}, {'avg_silhouette': 0.9284694729057706, 'num_points': 5}, {'avg_silhouette': 0.5178588792290076, 'num_points': 22}, {'avg_silhouette': 0.8042377521302339, 'num_points': 6}, {'avg_silhouette': 0.4095816363035207, 'num_points': 52}, {'avg_silhouette': 0.5775616829312273, 'num_points': 7}, {'avg_silhouette': 0.42255107788569835, 'num_points': 15}, {'avg_silhouette': 0.9034648679728844, 'num_points': 258}, {'avg_silhouette': 0.4543751678377209, 'num_points': 22}, {'avg_silhouette': 0.7343851808081411, 'num_points': 11}, {'avg_silhouette': 0.21077714905682762, 'num_points': 12}, {'avg_silhouette': 0.7606226263342849, 'num_points': 205}, {'avg_silhouette': 0.5851027870946118, 'num_points': 5}, {'avg_silhouette': 0.608332105130357, 'num_points': 8}, {'avg_silhouette': 0.6881128936244815, 'num_points': 15}, {'avg_silhouette': 0.6168648168496834, 'num_points': 16}, {'avg_silhouette': 0.43178687499378954, 'num_points': 5}, {'avg_silhouette': 0.8110849781992407, 'num_points': 134}, {'avg_silhouette': 0.5011079593285002, 'num_points': 7}, {'avg_silhouette': 0.3062576934031344, 'num_points': 87}, {'avg_silhouette': 0.7941640733774687, 'num_points': 150}, {'avg_silhouette': 0.346969388724168, 'num_points': 24}, {'avg_silhouette': 0.9057326479176814, 'num_points': 15}, {'avg_silhouette': 0.4195241824535761, 'num_points': 12}, {'avg_silhouette': 0.322669217489135, 'num_points': 14}, {'avg_silhouette': 1.0, 'num_points': 8}, {'avg_silhouette': 0.7136583996858256, 'num_points': 39}, {'avg_silhouette': 0.4310907927466982, 'num_points': 19}, {'avg_silhouette': 0.46447914985898475, 'num_points': 19}, {'avg_silhouette': 0.7265406993666341, 'num_points': 9}, {'avg_silhouette': 0.6397012796481307, 'num_points': 18}, {'avg_silhouette': 0.6073153862371159, 'num_points': 32}, {'avg_silhouette': 0.844927033686584, 'num_points': 32}, {'avg_silhouette': 0.655435919733212, 'num_points': 48}, {'avg_silhouette': 0.37749310162964045, 'num_points': 8}, {'avg_silhouette': 0.922044140573486, 'num_points': 5}, {'avg_silhouette': 0.6672224996052076, 'num_points': 12}, {'avg_silhouette': 0.5979379758602512, 'num_points': 5}, {'avg_silhouette': 0.7113487303148106, 'num_points': 25}, {'avg_silhouette': 0.7175222036358272, 'num_points': 6}, {'avg_silhouette': 0.706946502811875, 'num_points': 10}, {'avg_silhouette': 0.43458013427730513, 'num_points': 5}, {'avg_silhouette': 0.7550614330290248, 'num_points': 10}, {'avg_silhouette': 0.4892319547551111, 'num_points': 19}, {'avg_silhouette': 0.6559007483786984, 'num_points': 6}, {'avg_silhouette': 0.7446722964398116, 'num_points': 11}, {'avg_silhouette': 0.18647680041952877, 'num_points': 13}, {'avg_silhouette': 0.6428913618902176, 'num_points': 6}, {'avg_silhouette': 0.5308598669371246, 'num_points': 5}, {'avg_silhouette': 0.6365978409775123, 'num_points': 7}, {'avg_silhouette': 0.4401822572433063, 'num_points': 5}, {'avg_silhouette': 0.6477191134110398, 'num_points': 5}, {'avg_silhouette': 0.790464366452119, 'num_points': 7}, {'avg_silhouette': 0.3675610185830837, 'num_points': 5}, {'avg_silhouette': 0.8835835434896884, 'num_points': 5}, {'avg_silhouette': 0.690933539506785, 'num_points': 5}, {'avg_silhouette': 0.5412153194910371, 'num_points': 5}]",5.0,88,0.6931732631153229,,3,0.7499842648807334
AGGLC,ward,,"[{'avg_silhouette': -0.17438878679838, 'num_points': 254}, {'avg_silhouette': -0.2966404022144134, 'num_points': 660}, {'avg_silhouette': 0.8393752485846331, 'num_points': 13680}, {'avg_silhouette': -0.09945073003160118, 'num_points': 160}, {'avg_silhouette': 0.09351969117556226, 'num_points': 225}, {'avg_silhouette': 0.06913001797698014, 'num_points': 388}, {'avg_silhouette': 0.00345047566158809, 'num_points': 433}, {'avg_silhouette': 0.5908089811837484, 'num_points': 56}, {'avg_silhouette': 0.4105164130339312, 'num_points': 434}, {'avg_silhouette': 0.06249162538114035, 'num_points': 152}, {'avg_silhouette': 0.5251793299481059, 'num_points': 109}, {'avg_silhouette': 0.8243791403095103, 'num_points': 360}, {'avg_silhouette': 0.7010605847740381, 'num_points': 817}, {'avg_silhouette': 0.3278454185713538, 'num_points': 198}, {'avg_silhouette': 0.12870044648013007, 'num_points': 299}, {'avg_silhouette': 0.7222897606443891, 'num_points': 159}, {'avg_silhouette': 0.6602363101221189, 'num_points': 186}, {'avg_silhouette': 0.6417022700687451, 'num_points': 1354}, {'avg_silhouette': 0.8020972537711059, 'num_points': 1707}, {'avg_silhouette': 0.8409111431707762, 'num_points': 276}, {'avg_silhouette': 0.5511717041397249, 'num_points': 417}]",,21,0.6927331930869999,,3,0.761058257474828
DBSCAN,,0.2638342073763924,"[{'avg_silhouette': 0.8025637284754513, 'num_points': 13604}, {'avg_silhouette': 0.581388093911236, 'num_points': 77}, {'avg_silhouette': 0.5572289894498643, 'num_points': 217}, {'avg_silhouette': 0.49802513631993833, 'num_points': 12}, {'avg_silhouette': 0.8326313012923634, 'num_points': 34}, {'avg_silhouette': 0.734502984546904, 'num_points': 793}, {'avg_silhouette': 0.8432355603831623, 'num_points': 15}, {'avg_silhouette': 0.2631396009622417, 'num_points': 181}, {'avg_silhouette': 0.7203989039045264, 'num_points': 367}, {'avg_silhouette': 0.7101912527864671, 'num_points': 51}, {'avg_silhouette': 0.6497479784282769, 'num_points': 1331}, {'avg_silhouette': 0.8437629290576245, 'num_points': 9}, {'avg_silhouette': 0.5839288147247821, 'num_points': 10}, {'avg_silhouette': 0.6830074523753044, 'num_points': 6}, {'avg_silhouette': 0.31538982049607966, 'num_points': 34}, {'avg_silhouette': 0.5754926393565787, 'num_points': 40}, {'avg_silhouette': 0.5559158184659969, 'num_points': 41}, {'avg_silhouette': 0.4767554638094134, 'num_points': 25}, {'avg_silhouette': 0.5575891718381594, 'num_points': 49}, {'avg_silhouette': 0.7973769734828299, 'num_points': 61}, {'avg_silhouette': 0.3073195099018201, 'num_points': 166}, {'avg_silhouette': 0.8061426869302777, 'num_points': 1649}, {'avg_silhouette': 0.5411359358315471, 'num_points': 63}, {'avg_silhouette': 0.8243842440265987, 'num_points': 359}, {'avg_silhouette': 0.6589886103595677, 'num_points': 8}, {'avg_silhouette': 0.5333539240682419, 'num_points': 25}, {'avg_silhouette': 0.6023448981261502, 'num_points': 9}, {'avg_silhouette': 0.8930555474486006, 'num_points': 5}, {'avg_silhouette': 0.5697091314042493, 'num_points': 8}, {'avg_silhouette': 0.690378392436314, 'num_points': 24}, {'avg_silhouette': 0.8483455801704483, 'num_points': 134}, {'avg_silhouette': 0.8239860885378227, 'num_points': 80}, {'avg_silhouette': 0.9282584680720077, 'num_points': 5}, {'avg_silhouette': 0.5178588792290076, 'num_points': 22}, {'avg_silhouette': 0.8042377521302339, 'num_points': 6}, {'avg_silhouette': 0.4095816363035207, 'num_points': 52}, {'avg_silhouette': 0.577423573497523, 'num_points': 7}, {'avg_silhouette': 0.42244740288583393, 'num_points': 15}, {'avg_silhouette': 0.9034646835334844, 'num_points': 258}, {'avg_silhouette': 0.5002897586246764, 'num_points': 19}, {'avg_silhouette': 0.7348568646595154, 'num_points': 11}, {'avg_silhouette': 0.4646287047545196, 'num_points': 6}, {'avg_silhouette': 0.765908785838414, 'num_points': 204}, {'avg_silhouette': 0.5851027870946118, 'num_points': 5}, {'avg_silhouette': 0.60830376622231, 'num_points': 8}, {'avg_silhouette': 0.7317819815464557, 'num_points': 14}, {'avg_silhouette': 0.6168648168496834, 'num_points': 16}, {'avg_silhouette': 0.8109852435680812, 'num_points': 134}, {'avg_silhouette': 0.501608526881034, 'num_points': 7}, {'avg_silhouette': 0.3075923906504298, 'num_points': 86}, {'avg_silhouette': 0.7941640733774687, 'num_points': 150}, {'avg_silhouette': 0.34590531528194707, 'num_points': 24}, {'avg_silhouette': 0.9057326479176814, 'num_points': 15}, {'avg_silhouette': 0.43799888878855986, 'num_points': 11}, {'avg_silhouette': 0.36307626001923976, 'num_points': 13}, {'avg_silhouette': 1.0, 'num_points': 8}, {'avg_silhouette': 0.7136583996858256, 'num_points': 39}, {'avg_silhouette': 0.4563192952879189, 'num_points': 18}, {'avg_silhouette': 0.46447914985898475, 'num_points': 19}, {'avg_silhouette': 0.7265406993666341, 'num_points': 9}, {'avg_silhouette': 0.6397012796481307, 'num_points': 18}, {'avg_silhouette': 0.6073153862371159, 'num_points': 32}, {'avg_silhouette': 0.844927033686584, 'num_points': 32}, {'avg_silhouette': 0.655435919733212, 'num_points': 48}, {'avg_silhouette': 0.922044140573486, 'num_points': 5}, {'avg_silhouette': 0.6983558564857061, 'num_points': 12}, {'avg_silhouette': 0.5979379758602512, 'num_points': 5}, {'avg_silhouette': 0.7112932420786283, 'num_points': 25}, {'avg_silhouette': 0.7175222036358272, 'num_points': 6}, {'avg_silhouette': 0.706946502811875, 'num_points': 10}, {'avg_silhouette': 0.36436280480779, 'num_points': 5}, {'avg_silhouette': 0.7550614330290248, 'num_points': 10}, {'avg_silhouette': 0.4889347485888009, 'num_points': 19}, {'avg_silhouette': 0.6559007483786984, 'num_points': 6}, {'avg_silhouette': 0.7446722964398116, 'num_points': 11}, {'avg_silhouette': 0.3174090862391984, 'num_points': 9}, {'avg_silhouette': 0.6428913618902176, 'num_points': 6}, {'avg_silhouette': 0.5308598669371246, 'num_points': 5}, {'avg_silhouette': 0.5560098497749756, 'num_points': 5}, {'avg_silhouette': 0.6365978409775123, 'num_points': 7}, {'avg_silhouette': 0.43355483476584666, 'num_points': 5}, {'avg_silhouette': 0.6477191134110398, 'num_points': 5}, {'avg_silhouette': 0.790464366452119, 'num_points': 7}, {'avg_silhouette': 0.288242148856314, 'num_points': 4}, {'avg_silhouette': 0.3675610185830837, 'num_points': 5}, {'avg_silhouette': 0.8835835434896884, 'num_points': 5}, {'avg_silhouette': 0.5412153194910371, 'num_points': 5}]",5.0,87,0.691751000323019,,3,0.7528181312780019
AGGLC,ward,,"[{'avg_silhouette': -0.30422755718476235, 'num_points': 812}, {'avg_silhouette': -0.17426899681535535, 'num_points': 254}, {'avg_silhouette': 0.8393752485846331, 'num_points': 13680}, {'avg_silhouette': -0.09945073003160118, 'num_points': 160}, {'avg_silhouette': 0.09351969117556226, 'num_points': 225}, {'avg_silhouette': 0.06913001797698014, 'num_points': 388}, {'avg_silhouette': 0.0037727598929771936, 'num_points': 433}, {'avg_silhouette': 0.5912126315415058, 'num_points': 56}, {'avg_silhouette': 0.4105164130339312, 'num_points': 434}, {'avg_silhouette': 0.5511717041397249, 'num_points': 417}, {'avg_silhouette': 0.5251793299481059, 'num_points': 109}, {'avg_silhouette': 0.8243791403095103, 'num_points': 360}, {'avg_silhouette': 0.7010605847740381, 'num_points': 817}, {'avg_silhouette': 0.3278454185713538, 'num_points': 198}, {'avg_silhouette': 0.12870044648013007, 'num_points': 299}, {'avg_silhouette': 0.7222897606443891, 'num_points': 159}, {'avg_silhouette': 0.6602363101221189, 'num_points': 186}, {'avg_silhouette': 0.6417061438228796, 'num_points': 1354}, {'avg_silhouette': 0.8020972537711059, 'num_points': 1707}, {'avg_silhouette': 0.8409726765678924, 'num_points': 276}]",,20,0.6900215809385573,,3,0.7610595487262062
DBSCAN,,0.33383420737639247,"[{'avg_silhouette': 0.44433155611175074, 'num_points': 54}, {'avg_silhouette': 0.7994926973880035, 'num_points': 13628}, {'avg_silhouette': 0.5371266308135084, 'num_points': 83}, {'avg_silhouette': 0.5368843687394147, 'num_points': 224}, {'avg_silhouette': 0.4842632381531059, 'num_points': 13}, {'avg_silhouette': 0.8332712702687457, 'num_points': 34}, {'avg_silhouette': 0.7295221712705405, 'num_points': 797}, {'avg_silhouette': 0.8251877463983694, 'num_points': 16}, {'avg_silhouette': 0.313783691351416, 'num_points': 197}, {'avg_silhouette': 0.7060842374943979, 'num_points': 373}, {'avg_silhouette': 0.7108550775014423, 'num_points': 51}, {'avg_silhouette': 0.6411401145440349, 'num_points': 1338}, {'avg_silhouette': 0.39760567467494606, 'num_points': 18}, {'avg_silhouette': 0.8437629290576245, 'num_points': 9}, {'avg_silhouette': 0.585012217980825, 'num_points': 10}, {'avg_silhouette': 0.5003328154350003, 'num_points': 9}, {'avg_silhouette': 0.2070440180384387, 'num_points': 44}, {'avg_silhouette': 0.5687296015139965, 'num_points': 41}, {'avg_silhouette': 0.44003694361432033, 'num_points': 27}, {'avg_silhouette': 0.5274111079469338, 'num_points': 53}, {'avg_silhouette': 0.6369545925577068, 'num_points': 1930}, {'avg_silhouette': 0.7750573592010649, 'num_points': 63}, {'avg_silhouette': 0.5368470658014064, 'num_points': 64}, {'avg_silhouette': 0.8262854948487731, 'num_points': 359}, {'avg_silhouette': 0.6174096184938462, 'num_points': 9}, {'avg_silhouette': 0.533765741906346, 'num_points': 25}, {'avg_silhouette': 0.893203393838536, 'num_points': 5}, {'avg_silhouette': 0.5753480614779364, 'num_points': 8}, {'avg_silhouette': 0.6994799803149273, 'num_points': 24}, {'avg_silhouette': 0.20760596018767982, 'num_points': 17}, {'avg_silhouette': 0.8483657476140773, 'num_points': 134}, {'avg_silhouette': 0.8242983053586718, 'num_points': 80}, {'avg_silhouette': 0.7730171855065623, 'num_points': 6}, {'avg_silhouette': 0.44911490585071157, 'num_points': 75}, {'avg_silhouette': 0.8048335656372124, 'num_points': 6}, {'avg_silhouette': 0.4733555625503041, 'num_points': 11}, {'avg_silhouette': 0.5779511915241421, 'num_points': 7}, {'avg_silhouette': 0.26329359362248606, 'num_points': 25}, {'avg_silhouette': 0.9034806391590886, 'num_points': 258}, {'avg_silhouette': 0.5180222763566049, 'num_points': 21}, {'avg_silhouette': 0.41651408045072974, 'num_points': 25}, {'avg_silhouette': 0.7343851808081411, 'num_points': 11}, {'avg_silhouette': 0.3807002685440985, 'num_points': 23}, {'avg_silhouette': 0.7606226263342849, 'num_points': 205}, {'avg_silhouette': 0.45105602633721986, 'num_points': 9}, {'avg_silhouette': 0.5358352311617445, 'num_points': 6}, {'avg_silhouette': 0.5377023935630774, 'num_points': 10}, {'avg_silhouette': 0.5914799222618816, 'num_points': 17}, {'avg_silhouette': 0.5806846465427493, 'num_points': 17}, {'avg_silhouette': 0.4993617828319441, 'num_points': 6}, {'avg_silhouette': 0.8110849781992407, 'num_points': 134}, {'avg_silhouette': 0.7998283152973997, 'num_points': 150}, {'avg_silhouette': 0.31330759430966004, 'num_points': 25}, {'avg_silhouette': 0.9057326479176814, 'num_points': 15}, {'avg_silhouette': 0.32430525540280203, 'num_points': 14}, {'avg_silhouette': 1.0, 'num_points': 8}, {'avg_silhouette': 0.7136583996858256, 'num_points': 39}, {'avg_silhouette': 0.4629596459139993, 'num_points': 19}, {'avg_silhouette': 0.7216311577251681, 'num_points': 9}, {'avg_silhouette': 0.49616370375825386, 'num_points': 18}, {'avg_silhouette': 0.6073153862371159, 'num_points': 32}, {'avg_silhouette': 0.3107720841889897, 'num_points': 22}, {'avg_silhouette': 0.7444303081871659, 'num_points': 36}, {'avg_silhouette': 0.655435919733212, 'num_points': 48}, {'avg_silhouette': 0.573612017804629, 'num_points': 8}, {'avg_silhouette': 0.3308985084297811, 'num_points': 10}, {'avg_silhouette': 0.922044140573486, 'num_points': 5}, {'avg_silhouette': 0.610388496305773, 'num_points': 13}, {'avg_silhouette': 0.7305857640966937, 'num_points': 25}, {'avg_silhouette': 0.7175222036358272, 'num_points': 6}, {'avg_silhouette': 0.6153085514685137, 'num_points': 11}, {'avg_silhouette': 0.6120202167761295, 'num_points': 21}, {'avg_silhouette': 0.6428913618902176, 'num_points': 6}, {'avg_silhouette': 0.6643003857651771, 'num_points': 6}, {'avg_silhouette': 0.5308598669371246, 'num_points': 5}, {'avg_silhouette': 0.5773965706178774, 'num_points': 5}, {'avg_silhouette': 0.3072688111491672, 'num_points': 5}, {'avg_silhouette': 0.7515266634072757, 'num_points': 8}, {'avg_silhouette': 0.5232635208371679, 'num_points': 5}, {'avg_silhouette': 0.5616709716609719, 'num_points': 6}, {'avg_silhouette': 0.8835835434896884, 'num_points': 5}, {'avg_silhouette': 0.6909964837301933, 'num_points': 5}, {'avg_silhouette': 0.40965916689432075, 'num_points': 5}]",5.0,83,0.6892410211938332,,3,0.6925291348299151
DBSCAN,,0.32383420737639246,"[{'avg_silhouette': 0.4829025648166562, 'num_points': 51}, {'avg_silhouette': 0.8024256726187396, 'num_points': 13607}, {'avg_silhouette': 0.667820063837072, 'num_points': 82}, {'avg_silhouette': 0.5425398914516948, 'num_points': 222}, {'avg_silhouette': 0.8348726996272526, 'num_points': 34}, {'avg_silhouette': 0.7324254687492915, 'num_points': 797}, {'avg_silhouette': 0.8255082633483315, 'num_points': 16}, {'avg_silhouette': 0.3370834508030587, 'num_points': 194}, {'avg_silhouette': 0.705965893193253, 'num_points': 373}, {'avg_silhouette': 0.7108550775014423, 'num_points': 51}, {'avg_silhouette': 0.6501380853519383, 'num_points': 1336}, {'avg_silhouette': 0.585012217980825, 'num_points': 10}, {'avg_silhouette': 0.259362841870141, 'num_points': 40}, {'avg_silhouette': 0.6047402582142049, 'num_points': 41}, {'avg_silhouette': 0.44443795412833015, 'num_points': 27}, {'avg_silhouette': 0.5302859824519465, 'num_points': 52}, {'avg_silhouette': 0.29549438711907383, 'num_points': 170}, {'avg_silhouette': 0.4842632381531059, 'num_points': 13}, {'avg_silhouette': 0.7887437231201809, 'num_points': 63}, {'avg_silhouette': 0.8151481565468036, 'num_points': 1649}, {'avg_silhouette': 0.5399465419748655, 'num_points': 64}, {'avg_silhouette': 0.8245050378428961, 'num_points': 359}, {'avg_silhouette': 0.5333947827069063, 'num_points': 25}, {'avg_silhouette': 0.5867570296619137, 'num_points': 10}, {'avg_silhouette': 0.6994799803149273, 'num_points': 24}, {'avg_silhouette': 0.8483477015681666, 'num_points': 134}, {'avg_silhouette': 0.826940954722093, 'num_points': 80}, {'avg_silhouette': 0.5195715674131238, 'num_points': 22}, {'avg_silhouette': 0.39940174500163106, 'num_points': 53}, {'avg_silhouette': 0.3216378667710432, 'num_points': 21}, {'avg_silhouette': 0.9034662787337814, 'num_points': 258}, {'avg_silhouette': 0.41651408045072974, 'num_points': 25}, {'avg_silhouette': 0.7348568646595154, 'num_points': 11}, {'avg_silhouette': 0.7606226263342849, 'num_points': 205}, {'avg_silhouette': 0.6881267797416915, 'num_points': 15}, {'avg_silhouette': 0.5806846465427493, 'num_points': 17}, {'avg_silhouette': 0.8110849781992407, 'num_points': 134}, {'avg_silhouette': 0.32678567467327124, 'num_points': 87}, {'avg_silhouette': 0.7941640733774687, 'num_points': 150}, {'avg_silhouette': 0.3455446743516604, 'num_points': 24}, {'avg_silhouette': 0.9057326479176814, 'num_points': 15}, {'avg_silhouette': 0.3534366750740652, 'num_points': 17}, {'avg_silhouette': 0.7136583996858256, 'num_points': 39}, {'avg_silhouette': 0.3750284581864082, 'num_points': 21}, {'avg_silhouette': 0.46447914985898475, 'num_points': 19}, {'avg_silhouette': 0.6397012796481307, 'num_points': 18}, {'avg_silhouette': 0.6073153862371159, 'num_points': 32}, {'avg_silhouette': 0.9000165999114578, 'num_points': 32}, {'avg_silhouette': 0.7571139115810431, 'num_points': 48}, {'avg_silhouette': 0.642759746538914, 'num_points': 13}, {'avg_silhouette': 0.7115702256726969, 'num_points': 25}, {'avg_silhouette': 0.6153085514685137, 'num_points': 11}, {'avg_silhouette': 0.7550614330290248, 'num_points': 10}, {'avg_silhouette': 0.37922188200472, 'num_points': 22}, {'avg_silhouette': 0.7446722964398116, 'num_points': 11}, {'avg_silhouette': 0.4337587554471063, 'num_points': 12}, {'avg_silhouette': 0.48393701844984705, 'num_points': 11}]",10.0,57,0.6888585084203284,,3,0.7559039715058272
DBSCAN,,0.31383420737639245,"[{'avg_silhouette': 0.8023855969931, 'num_points': 13607}, {'avg_silhouette': 0.6733357996453022, 'num_points': 81}, {'avg_silhouette': 0.5425398914516948, 'num_points': 222}, {'avg_silhouette': 0.8348726996272526, 'num_points': 34}, {'avg_silhouette': 0.7322797767968932, 'num_points': 797}, {'avg_silhouette': 0.8255082633483315, 'num_points': 16}, {'avg_silhouette': 0.3404797947067048, 'num_points': 192}, {'avg_silhouette': 0.705965893193253, 'num_points': 373}, {'avg_silhouette': 0.7108550775014423, 'num_points': 51}, {'avg_silhouette': 0.6501315384317943, 'num_points': 1336}, {'avg_silhouette': 0.585012217980825, 'num_points': 10}, {'avg_silhouette': 0.26839947578121004, 'num_points': 39}, {'avg_silhouette': 0.6047402582142049, 'num_points': 41}, {'avg_silhouette': 0.48238901656903777, 'num_points': 51}, {'avg_silhouette': 0.47728523528510697, 'num_points': 25}, {'avg_silhouette': 0.5288703221063811, 'num_points': 52}, {'avg_silhouette': 0.3030234837567565, 'num_points': 168}, {'avg_silhouette': 0.7887437231201809, 'num_points': 63}, {'avg_silhouette': 0.8110936731999757, 'num_points': 1649}, {'avg_silhouette': 0.5399465419748655, 'num_points': 64}, {'avg_silhouette': 0.8245050378428961, 'num_points': 359}, {'avg_silhouette': 0.5333947827069063, 'num_points': 25}, {'avg_silhouette': 0.5867651043823756, 'num_points': 10}, {'avg_silhouette': 0.6994799803149273, 'num_points': 24}, {'avg_silhouette': 0.8483477015681666, 'num_points': 134}, {'avg_silhouette': 0.8268093192858392, 'num_points': 80}, {'avg_silhouette': 0.5195715674131238, 'num_points': 22}, {'avg_silhouette': 0.39940174500163106, 'num_points': 53}, {'avg_silhouette': 0.3774801468288595, 'num_points': 18}, {'avg_silhouette': 0.9034662787337814, 'num_points': 258}, {'avg_silhouette': 0.4270579746737506, 'num_points': 24}, {'avg_silhouette': 0.7348568646595154, 'num_points': 11}, {'avg_silhouette': 0.7606226263342849, 'num_points': 205}, {'avg_silhouette': 0.6881267797416915, 'num_points': 15}, {'avg_silhouette': 0.5806846465427493, 'num_points': 17}, {'avg_silhouette': 0.8110849781992407, 'num_points': 134}, {'avg_silhouette': 0.32325920818252835, 'num_points': 87}, {'avg_silhouette': 0.7941640733774687, 'num_points': 150}, {'avg_silhouette': 0.3455446743516604, 'num_points': 24}, {'avg_silhouette': 0.9057326479176814, 'num_points': 15}, {'avg_silhouette': 0.3701719228254401, 'num_points': 16}, {'avg_silhouette': 0.7136583996858256, 'num_points': 39}, {'avg_silhouette': 0.3750284581864082, 'num_points': 21}, {'avg_silhouette': 0.46447914985898475, 'num_points': 19}, {'avg_silhouette': 0.6397012796481307, 'num_points': 18}, {'avg_silhouette': 0.6073153862371159, 'num_points': 32}, {'avg_silhouette': 0.9000165999114578, 'num_points': 32}, {'avg_silhouette': 0.7571139115810431, 'num_points': 48}, {'avg_silhouette': 0.6427474393008429, 'num_points': 13}, {'avg_silhouette': 0.7113469497005014, 'num_points': 25}, {'avg_silhouette': 0.6153085514685137, 'num_points': 11}, {'avg_silhouette': 0.7550614330290248, 'num_points': 10}, {'avg_silhouette': 0.41499346513915675, 'num_points': 21}, {'avg_silhouette': 0.7446722964398116, 'num_points': 11}, {'avg_silhouette': 0.4337587554471063, 'num_points': 12}, {'avg_silhouette': 0.4971869352281194, 'num_points': 10}, {'avg_silhouette': 0.5133949039968775, 'num_points': 10}]",10.0,57,0.6880138385154546,,3,0.75453693620829
DBSCAN,,0.30383420737639244,"[{'avg_silhouette': 0.802308385990545, 'num_points': 13607}, {'avg_silhouette': 0.6733357996453022, 'num_points': 81}, {'avg_silhouette': 0.5449305379148176, 'num_points': 221}, {'avg_silhouette': 0.8348726996272526, 'num_points': 34}, {'avg_silhouette': 0.7320959981732673, 'num_points': 797}, {'avg_silhouette': 0.8255082633483315, 'num_points': 16}, {'avg_silhouette': 0.34373587428268176, 'num_points': 190}, {'avg_silhouette': 0.7091291994957158, 'num_points': 372}, {'avg_silhouette': 0.7106583112992579, 'num_points': 51}, {'avg_silhouette': 0.651031739078716, 'num_points': 1335}, {'avg_silhouette': 0.29593577172058055, 'num_points': 36}, {'avg_silhouette': 0.6046884283729544, 'num_points': 41}, {'avg_silhouette': 0.5255948553977793, 'num_points': 46}, {'avg_silhouette': 0.47703228031920114, 'num_points': 25}, {'avg_silhouette': 0.5596251879843286, 'num_points': 49}, {'avg_silhouette': 0.7887066706577284, 'num_points': 63}, {'avg_silhouette': 0.3030234837567565, 'num_points': 168}, {'avg_silhouette': 0.8110936731999757, 'num_points': 1649}, {'avg_silhouette': 0.5339989535034808, 'num_points': 64}, {'avg_silhouette': 0.8245050378428961, 'num_points': 359}, {'avg_silhouette': 0.5333947827069063, 'num_points': 25}, {'avg_silhouette': 0.5868368985040385, 'num_points': 10}, {'avg_silhouette': 0.6994799803149273, 'num_points': 24}, {'avg_silhouette': 0.8483477015681666, 'num_points': 134}, {'avg_silhouette': 0.8265255848239725, 'num_points': 80}, {'avg_silhouette': 0.5195715674131238, 'num_points': 22}, {'avg_silhouette': 0.39940174500163106, 'num_points': 53}, {'avg_silhouette': 0.3979843165476127, 'num_points': 16}, {'avg_silhouette': 0.9034662787337814, 'num_points': 258}, {'avg_silhouette': 0.46672177809830095, 'num_points': 21}, {'avg_silhouette': 0.7348568646595154, 'num_points': 11}, {'avg_silhouette': 0.7606226263342849, 'num_points': 205}, {'avg_silhouette': 0.6881267797416915, 'num_points': 15}, {'avg_silhouette': 0.6175706009075086, 'num_points': 16}, {'avg_silhouette': 0.8110849781992407, 'num_points': 134}, {'avg_silhouette': 0.32325920818252835, 'num_points': 87}, {'avg_silhouette': 0.7941640733774687, 'num_points': 150}, {'avg_silhouette': 0.3455446743516604, 'num_points': 24}, {'avg_silhouette': 0.9057326479176814, 'num_points': 15}, {'avg_silhouette': 0.3973463770668166, 'num_points': 15}, {'avg_silhouette': 0.7136583996858256, 'num_points': 39}, {'avg_silhouette': 0.3750284581864082, 'num_points': 21}, {'avg_silhouette': 0.46447914985898475, 'num_points': 19}, {'avg_silhouette': 0.6397012796481307, 'num_points': 18}, {'avg_silhouette': 0.6073153862371159, 'num_points': 32}, {'avg_silhouette': 0.9000165999114578, 'num_points': 32}, {'avg_silhouette': 0.7571139115810431, 'num_points': 48}, {'avg_silhouette': 0.6434098325732001, 'num_points': 13}, {'avg_silhouette': 0.7113469497005014, 'num_points': 25}, {'avg_silhouette': 0.6153085514685137, 'num_points': 11}, {'avg_silhouette': 0.7550614330290248, 'num_points': 10}, {'avg_silhouette': 0.41499346513915675, 'num_points': 21}, {'avg_silhouette': 0.7446722964398116, 'num_points': 11}, {'avg_silhouette': 0.4337587554471063, 'num_points': 12}, {'avg_silhouette': 0.58476234504181, 'num_points': 10}]",10.0,55,0.6869116470396497,,3,0.7548112660897456
DBSCAN,,0.29383420737639243,"[{'avg_silhouette': 0.802287320923163, 'num_points': 13607}, {'avg_silhouette': 0.6791459413110263, 'num_points': 80}, {'avg_silhouette': 0.5471287708095954, 'num_points': 220}, {'avg_silhouette': 0.8348726996272526, 'num_points': 34}, {'avg_silhouette': 0.734536377073921, 'num_points': 795}, {'avg_silhouette': 0.8255082633483315, 'num_points': 16}, {'avg_silhouette': 0.34662086810873877, 'num_points': 188}, {'avg_silhouette': 0.7120369799973655, 'num_points': 371}, {'avg_silhouette': 0.7105020547158043, 'num_points': 51}, {'avg_silhouette': 0.6510746048945862, 'num_points': 1333}, {'avg_silhouette': 0.3026351945743427, 'num_points': 35}, {'avg_silhouette': 0.6155226601288085, 'num_points': 40}, {'avg_silhouette': 0.5420736693408345, 'num_points': 44}, {'avg_silhouette': 0.47703228031920114, 'num_points': 25}, {'avg_silhouette': 0.5583686720893712, 'num_points': 49}, {'avg_silhouette': 0.8015729420514226, 'num_points': 62}, {'avg_silhouette': 0.3030234837567565, 'num_points': 168}, {'avg_silhouette': 0.8110936731999757, 'num_points': 1649}, {'avg_silhouette': 0.5411359358315471, 'num_points': 63}, {'avg_silhouette': 0.8245050378428961, 'num_points': 359}, {'avg_silhouette': 0.5333947827069063, 'num_points': 25}, {'avg_silhouette': 0.5844901612112486, 'num_points': 10}, {'avg_silhouette': 0.690378392436314, 'num_points': 24}, {'avg_silhouette': 0.8483477015681666, 'num_points': 134}, {'avg_silhouette': 0.8262851368025181, 'num_points': 80}, {'avg_silhouette': 0.5195715674131238, 'num_points': 22}, {'avg_silhouette': 0.39940174500163106, 'num_points': 53}, {'avg_silhouette': 0.3979459642889615, 'num_points': 16}, {'avg_silhouette': 0.9034662787337814, 'num_points': 258}, {'avg_silhouette': 0.4887000945328076, 'num_points': 20}, {'avg_silhouette': 0.7348568646595154, 'num_points': 11}, {'avg_silhouette': 0.7606226263342849, 'num_points': 205}, {'avg_silhouette': 0.6881267797416915, 'num_points': 15}, {'avg_silhouette': 0.6168648168496834, 'num_points': 16}, {'avg_silhouette': 0.8110849781992407, 'num_points': 134}, {'avg_silhouette': 0.31700565419754617, 'num_points': 87}, {'avg_silhouette': 0.7941640733774687, 'num_points': 150}, {'avg_silhouette': 0.3455446743516604, 'num_points': 24}, {'avg_silhouette': 0.9057326479176814, 'num_points': 15}, {'avg_silhouette': 0.7136583996858256, 'num_points': 39}, {'avg_silhouette': 0.40774076834087775, 'num_points': 20}, {'avg_silhouette': 0.46447914985898475, 'num_points': 19}, {'avg_silhouette': 0.6397012796481307, 'num_points': 18}, {'avg_silhouette': 0.6073153862371159, 'num_points': 32}, {'avg_silhouette': 0.9000165999114578, 'num_points': 32}, {'avg_silhouette': 0.7557721162641021, 'num_points': 48}, {'avg_silhouette': 0.6996599428064223, 'num_points': 12}, {'avg_silhouette': 0.7113469497005014, 'num_points': 25}, {'avg_silhouette': 0.706946502811875, 'num_points': 10}, {'avg_silhouette': 0.7550614330290248, 'num_points': 10}, {'avg_silhouette': 0.41499346513915675, 'num_points': 21}, {'avg_silhouette': 0.7446722964398116, 'num_points': 11}, {'avg_silhouette': 0.41127282901091283, 'num_points': 14}, {'avg_silhouette': 0.4337587554471063, 'num_points': 12}]",10.0,54,0.6858295747876875,,3,0.7548185330059084
DBSCAN,,0.2838342073763924,"[{'avg_silhouette': 0.8023445831468459, 'num_points': 13606}, {'avg_silhouette': 0.6848199954531445, 'num_points': 79}, {'avg_silhouette': 0.5534618018769846, 'num_points': 218}, {'avg_silhouette': 0.8348726996272526, 'num_points': 34}, {'avg_silhouette': 0.7342913818091461, 'num_points': 795}, {'avg_silhouette': 0.8255069620089359, 'num_points': 16}, {'avg_silhouette': 0.37509566962729796, 'num_points': 182}, {'avg_silhouette': 0.7139672437331305, 'num_points': 370}, {'avg_silhouette': 0.7104170482569852, 'num_points': 51}, {'avg_silhouette': 0.6510586832646744, 'num_points': 1333}, {'avg_silhouette': 0.3026138029035167, 'num_points': 35}, {'avg_silhouette': 0.6155226601288085, 'num_points': 40}, {'avg_silhouette': 0.5479152149228353, 'num_points': 43}, {'avg_silhouette': 0.4886099925440757, 'num_points': 24}, {'avg_silhouette': 0.5725378720543324, 'num_points': 48}, {'avg_silhouette': 0.8015729420514226, 'num_points': 62}, {'avg_silhouette': 0.3030234837567565, 'num_points': 168}, {'avg_silhouette': 0.8061426869302777, 'num_points': 1649}, {'avg_silhouette': 0.5411359358315471, 'num_points': 63}, {'avg_silhouette': 0.8243895672966124, 'num_points': 359}, {'avg_silhouette': 0.5333771288286837, 'num_points': 25}, {'avg_silhouette': 0.690378392436314, 'num_points': 24}, {'avg_silhouette': 0.8483467026877256, 'num_points': 134}, {'avg_silhouette': 0.8248528237312062, 'num_points': 80}, {'avg_silhouette': 0.5178588792290076, 'num_points': 22}, {'avg_silhouette': 0.4095816363035207, 'num_points': 52}, {'avg_silhouette': 0.44255565313725337, 'num_points': 14}, {'avg_silhouette': 0.9034655198581731, 'num_points': 258}, {'avg_silhouette': 0.5005402630721066, 'num_points': 19}, {'avg_silhouette': 0.7348568646595154, 'num_points': 11}, {'avg_silhouette': 0.7606226263342849, 'num_points': 205}, {'avg_silhouette': 0.6881191137437972, 'num_points': 15}, {'avg_silhouette': 0.6168648168496834, 'num_points': 16}, {'avg_silhouette': 0.8110849781992407, 'num_points': 134}, {'avg_silhouette': 0.3071404378590199, 'num_points': 87}, {'avg_silhouette': 0.7941640733774687, 'num_points': 150}, {'avg_silhouette': 0.34179273944718336, 'num_points': 24}, {'avg_silhouette': 0.9057326479176814, 'num_points': 15}, {'avg_silhouette': 0.7136583996858256, 'num_points': 39}, {'avg_silhouette': 0.46447914985898475, 'num_points': 19}, {'avg_silhouette': 0.6397012796481307, 'num_points': 18}, {'avg_silhouette': 0.6073153862371159, 'num_points': 32}, {'avg_silhouette': 0.9000159727635801, 'num_points': 32}, {'avg_silhouette': 0.7557694283468998, 'num_points': 48}, {'avg_silhouette': 0.6996518284898167, 'num_points': 12}, {'avg_silhouette': 0.7113469497005014, 'num_points': 25}, {'avg_silhouette': 0.706946502811875, 'num_points': 10}, {'avg_silhouette': 0.7550614330290248, 'num_points': 10}, {'avg_silhouette': 0.4892319547551111, 'num_points': 19}, {'avg_silhouette': 0.7446722964398116, 'num_points': 11}, {'avg_silhouette': 0.42942804724435457, 'num_points': 19}, {'avg_silhouette': 0.4248034637924501, 'num_points': 12}, {'avg_silhouette': 0.4574331509516867, 'num_points': 11}]",10.0,53,0.6848154107182775,,3,0.7531819844472659
AGGLC,ward,,"[{'avg_silhouette': 0.13969948302082358, 'num_points': 577}, {'avg_silhouette': -0.3030958348550985, 'num_points': 812}, {'avg_silhouette': 0.8393752485846331, 'num_points': 13680}, {'avg_silhouette': -0.17392317068277535, 'num_points': 254}, {'avg_silhouette': 0.10073881669600473, 'num_points': 225}, {'avg_silhouette': 0.06913001797698014, 'num_points': 388}, {'avg_silhouette': 0.004010956870068744, 'num_points': 433}, {'avg_silhouette': 0.5912126315415058, 'num_points': 56}, {'avg_silhouette': 0.4105164130339312, 'num_points': 434}, {'avg_silhouette': 0.8411253863946091, 'num_points': 276}, {'avg_silhouette': 0.5251793299481059, 'num_points': 109}, {'avg_silhouette': 0.8243791403095103, 'num_points': 360}, {'avg_silhouette': 0.7010605847740381, 'num_points': 817}, {'avg_silhouette': 0.32872829058208264, 'num_points': 198}, {'avg_silhouette': 0.12870044648013007, 'num_points': 299}, {'avg_silhouette': 0.7222897606443891, 'num_points': 159}, {'avg_silhouette': 0.6602363101221189, 'num_points': 186}, {'avg_silhouette': 0.6420109811412288, 'num_points': 1354}, {'avg_silhouette': 0.8021853936947336, 'num_points': 1707}]",,19,0.6842069652752947,,3,0.7611905411401985
DBSCAN,,0.2738342073763924,"[{'avg_silhouette': 0.8023290667198492, 'num_points': 13605}, {'avg_silhouette': 0.6928978702907689, 'num_points': 77}, {'avg_silhouette': 0.5612781663473102, 'num_points': 216}, {'avg_silhouette': 0.8348726996272526, 'num_points': 34}, {'avg_silhouette': 0.7355168717857805, 'num_points': 794}, {'avg_silhouette': 0.8432365700475238, 'num_points': 15}, {'avg_silhouette': 0.37860172378347745, 'num_points': 180}, {'avg_silhouette': 0.7168678265211196, 'num_points': 369}, {'avg_silhouette': 0.7102759751536567, 'num_points': 51}, {'avg_silhouette': 0.6519985392774269, 'num_points': 1332}, {'avg_silhouette': 0.33400135084561006, 'num_points': 32}, {'avg_silhouette': 0.6154751560493179, 'num_points': 40}, {'avg_silhouette': 0.5597926194051461, 'num_points': 42}, {'avg_silhouette': 0.4886024537161941, 'num_points': 24}, {'avg_silhouette': 0.5757900495568754, 'num_points': 47}, {'avg_silhouette': 0.8015035547499886, 'num_points': 62}, {'avg_silhouette': 0.31054985073927066, 'num_points': 166}, {'avg_silhouette': 0.8061426869302777, 'num_points': 1649}, {'avg_silhouette': 0.5411359358315471, 'num_points': 63}, {'avg_silhouette': 0.8243857593792031, 'num_points': 359}, {'avg_silhouette': 0.5333609173294426, 'num_points': 25}, {'avg_silhouette': 0.690378392436314, 'num_points': 24}, {'avg_silhouette': 0.8483459136592215, 'num_points': 134}, {'avg_silhouette': 0.8244459021088222, 'num_points': 80}, {'avg_silhouette': 0.5178588792290076, 'num_points': 22}, {'avg_silhouette': 0.4095816363035207, 'num_points': 52}, {'avg_silhouette': 0.4425495279958418, 'num_points': 14}, {'avg_silhouette': 0.9034648679728844, 'num_points': 258}, {'avg_silhouette': 0.5068512810155512, 'num_points': 18}, {'avg_silhouette': 0.7348568646595154, 'num_points': 11}, {'avg_silhouette': 0.765908785838414, 'num_points': 204}, {'avg_silhouette': 0.6881128936244815, 'num_points': 15}, {'avg_silhouette': 0.6168648168496834, 'num_points': 16}, {'avg_silhouette': 0.8109852435680812, 'num_points': 134}, {'avg_silhouette': 0.30153806258663807, 'num_points': 87}, {'avg_silhouette': 0.7941640733774687, 'num_points': 150}, {'avg_silhouette': 0.34179273944718336, 'num_points': 24}, {'avg_silhouette': 0.9057326479176814, 'num_points': 15}, {'avg_silhouette': 0.7136583996858256, 'num_points': 39}, {'avg_silhouette': 0.6397012796481307, 'num_points': 18}, {'avg_silhouette': 0.6073153862371159, 'num_points': 32}, {'avg_silhouette': 0.46447914985898475, 'num_points': 19}, {'avg_silhouette': 0.9000153448204092, 'num_points': 32}, {'avg_silhouette': 0.7557667566393828, 'num_points': 48}, {'avg_silhouette': 0.6996458414036962, 'num_points': 12}, {'avg_silhouette': 0.7113964796178174, 'num_points': 25}, {'avg_silhouette': 0.706946502811875, 'num_points': 10}, {'avg_silhouette': 0.7550614330290248, 'num_points': 10}, {'avg_silhouette': 0.4892319547551111, 'num_points': 19}, {'avg_silhouette': 0.7446722964398116, 'num_points': 11}, {'avg_silhouette': 0.45790411050594826, 'num_points': 18}, {'avg_silhouette': 0.4520942005148566, 'num_points': 10}, {'avg_silhouette': 0.4574331509516867, 'num_points': 11}]",10.0,53,0.6841591042262748,,3,0.753490097642518
K-means,,,"[{'avg_silhouette': 0.8042242628252698, 'num_points': 14012}, {'avg_silhouette': 0.5217283094748382, 'num_points': 1515}, {'avg_silhouette': 0.3430226366156322, 'num_points': 180}, {'avg_silhouette': 0.43068125452422673, 'num_points': 433}, {'avg_silhouette': 0.8224284879428458, 'num_points': 279}, {'avg_silhouette': 0.5938773809230417, 'num_points': 889}, {'avg_silhouette': 0.7932512255343914, 'num_points': 1738}, {'avg_silhouette': 0.39736858624533306, 'num_points': 497}, {'avg_silhouette': 0.28704674599864727, 'num_points': 146}, {'avg_silhouette': 0.02749252016980913, 'num_points': 477}, {'avg_silhouette': 0.16089487402522168, 'num_points': 342}, {'avg_silhouette': 0.07634808357447335, 'num_points': 98}, {'avg_silhouette': 0.758207737240659, 'num_points': 375}, {'avg_silhouette': -0.18122458683858103, 'num_points': 401}, {'avg_silhouette': 0.6749368472867068, 'num_points': 165}, {'avg_silhouette': 0.0229965777503714, 'num_points': 407}, {'avg_silhouette': 0.44943828491226123, 'num_points': 225}, {'avg_silhouette': 0.4940216024584842, 'num_points': 113}, {'avg_silhouette': -0.04155242316410612, 'num_points': 32}]",,19,0.6829665605337946,,3,0.7064012659448332
AGGLC,ward,,"[{'avg_silhouette': -0.2983497000634928, 'num_points': 1066}, {'avg_silhouette': 0.13969948302082358, 'num_points': 577}, {'avg_silhouette': 0.8393752485846331, 'num_points': 13680}, {'avg_silhouette': 0.4105164130339312, 'num_points': 434}, {'avg_silhouette': 0.10073881669600473, 'num_points': 225}, {'avg_silhouette': 0.06913001797698014, 'num_points': 388}, {'avg_silhouette': 0.004010956870068744, 'num_points': 433}, {'avg_silhouette': 0.5912126315415058, 'num_points': 56}, {'avg_silhouette': 0.8021853936947336, 'num_points': 1707}, {'avg_silhouette': 0.8411253863946091, 'num_points': 276}, {'avg_silhouette': 0.5251793299481059, 'num_points': 109}, {'avg_silhouette': 0.8243791403095103, 'num_points': 360}, {'avg_silhouette': 0.7010605847740381, 'num_points': 817}, {'avg_silhouette': 0.3289654771886109, 'num_points': 198}, {'avg_silhouette': 0.12873157579652347, 'num_points': 299}, {'avg_silhouette': 0.7222897606443891, 'num_points': 159}, {'avg_silhouette': 0.6602363101221189, 'num_points': 186}, {'avg_silhouette': 0.6420109811412288, 'num_points': 1354}]",,18,0.6829664077408821,,3,0.7611905411401985
K-means,,,"[{'avg_silhouette': 0.47217438762677993, 'num_points': 1583}, {'avg_silhouette': 0.07058549424643892, 'num_points': 450}, {'avg_silhouette': 0.8045120129959378, 'num_points': 14018}, {'avg_silhouette': 0.7849470232297561, 'num_points': 1746}, {'avg_silhouette': 0.6754836476465872, 'num_points': 165}, {'avg_silhouette': 0.5964704215379757, 'num_points': 887}, {'avg_silhouette': 0.8226164499333638, 'num_points': 279}, {'avg_silhouette': 0.22607026331145152, 'num_points': 55}, {'avg_silhouette': 0.7377089332125909, 'num_points': 379}, {'avg_silhouette': 0.5900705555150454, 'num_points': 232}, {'avg_silhouette': -0.1667591982782984, 'num_points': 302}, {'avg_silhouette': 0.3480686565024056, 'num_points': 262}, {'avg_silhouette': 0.5029078738637188, 'num_points': 112}, {'avg_silhouette': 0.01406622019009978, 'num_points': 206}, {'avg_silhouette': 0.287539856228293, 'num_points': 220}, {'avg_silhouette': 0.3917243384411706, 'num_points': 499}, {'avg_silhouette': 0.29499786666368144, 'num_points': 157}, {'avg_silhouette': 0.023633176740327333, 'num_points': 409}, {'avg_silhouette': -0.09412489322492314, 'num_points': 108}, {'avg_silhouette': 0.4067311962387136, 'num_points': 255}]",,20,0.6824339388389264,,3,0.6872111412841578
DBSCAN,,0.2638342073763924,"[{'avg_silhouette': 0.8028088478546194, 'num_points': 13604}, {'avg_silhouette': 0.703516230583411, 'num_points': 75}, {'avg_silhouette': 0.5652834217349384, 'num_points': 215}, {'avg_silhouette': 0.8348726996272526, 'num_points': 34}, {'avg_silhouette': 0.7360169492634799, 'num_points': 793}, {'avg_silhouette': 0.8432362068050385, 'num_points': 15}, {'avg_silhouette': 0.4057827181623466, 'num_points': 166}, {'avg_silhouette': 0.7279820878404051, 'num_points': 364}, {'avg_silhouette': 0.7098384692763429, 'num_points': 51}, {'avg_silhouette': 0.6528383291826739, 'num_points': 1331}, {'avg_silhouette': 0.374781974248879, 'num_points': 27}, {'avg_silhouette': 0.6154272559793437, 'num_points': 40}, {'avg_silhouette': 0.5947552435558511, 'num_points': 38}, {'avg_silhouette': 0.5171012637452246, 'num_points': 22}, {'avg_silhouette': 0.582241828774682, 'num_points': 46}, {'avg_silhouette': 0.8140277945109905, 'num_points': 61}, {'avg_silhouette': 0.3158132788819838, 'num_points': 164}, {'avg_silhouette': 0.8061426869302777, 'num_points': 1649}, {'avg_silhouette': 0.5411359358315471, 'num_points': 63}, {'avg_silhouette': 0.8243842440265987, 'num_points': 359}, {'avg_silhouette': 0.5333539240682419, 'num_points': 25}, {'avg_silhouette': 0.690378392436314, 'num_points': 24}, {'avg_silhouette': 0.8483455801704483, 'num_points': 134}, {'avg_silhouette': 0.8216652700409511, 'num_points': 80}, {'avg_silhouette': 0.5178588792290076, 'num_points': 22}, {'avg_silhouette': 0.4095816363035207, 'num_points': 52}, {'avg_silhouette': 0.4775757247900117, 'num_points': 11}, {'avg_silhouette': 0.9034528601908557, 'num_points': 258}, {'avg_silhouette': 0.5351529237290753, 'num_points': 16}, {'avg_silhouette': 0.7348568646595154, 'num_points': 11}, {'avg_silhouette': 0.765908785838414, 'num_points': 204}, {'avg_silhouette': 0.7317819815464557, 'num_points': 14}, {'avg_silhouette': 0.6168648168496834, 'num_points': 16}, {'avg_silhouette': 0.8109852435680812, 'num_points': 134}, {'avg_silhouette': 0.307486196891603, 'num_points': 86}, {'avg_silhouette': 0.7941640733774687, 'num_points': 150}, {'avg_silhouette': 0.3399841345942311, 'num_points': 24}, {'avg_silhouette': 0.9057326479176814, 'num_points': 15}, {'avg_silhouette': 0.7136583996858256, 'num_points': 39}, {'avg_silhouette': 0.6397012796481307, 'num_points': 18}, {'avg_silhouette': 0.6083323397405441, 'num_points': 32}, {'avg_silhouette': 0.9000150772846642, 'num_points': 32}, {'avg_silhouette': 0.7557656246017963, 'num_points': 48}, {'avg_silhouette': 0.6996435639477978, 'num_points': 12}, {'avg_silhouette': 0.7113172578803575, 'num_points': 25}, {'avg_silhouette': 0.706946502811875, 'num_points': 10}, {'avg_silhouette': 0.7550614330290248, 'num_points': 10}, {'avg_silhouette': 0.4889347485888009, 'num_points': 19}, {'avg_silhouette': 0.7446722964398116, 'num_points': 11}, {'avg_silhouette': 0.4563192952879189, 'num_points': 18}, {'avg_silhouette': 0.48497509116908716, 'num_points': 10}]",10.0,51,0.6820938861834006,,3,0.7539299546558569
DBSCAN,,0.33383420737639247,"[{'avg_silhouette': 0.48389466122749436, 'num_points': 51}, {'avg_silhouette': 0.7997798333316244, 'num_points': 13628}, {'avg_silhouette': 0.6813740885278429, 'num_points': 82}, {'avg_silhouette': 0.5425182090465798, 'num_points': 222}, {'avg_silhouette': 0.8348726996272526, 'num_points': 34}, {'avg_silhouette': 0.7325476143620644, 'num_points': 797}, {'avg_silhouette': 0.8255349408261292, 'num_points': 16}, {'avg_silhouette': 0.33049402125302196, 'num_points': 197}, {'avg_silhouette': 0.7060842374943979, 'num_points': 373}, {'avg_silhouette': 0.7108550775014423, 'num_points': 51}, {'avg_silhouette': 0.649757926816558, 'num_points': 1337}, {'avg_silhouette': 0.585012217980825, 'num_points': 10}, {'avg_silhouette': 0.2460501069560677, 'num_points': 41}, {'avg_silhouette': 0.604759246384224, 'num_points': 41}, {'avg_silhouette': 0.44502946899544327, 'num_points': 27}, {'avg_silhouette': 0.5205941358386753, 'num_points': 53}, {'avg_silhouette': 0.6415711515236365, 'num_points': 1929}, {'avg_silhouette': 0.4842632381531059, 'num_points': 13}, {'avg_silhouette': 0.7887708418949594, 'num_points': 63}, {'avg_silhouette': 0.5399465419748655, 'num_points': 64}, {'avg_silhouette': 0.8262854948487731, 'num_points': 359}, {'avg_silhouette': 0.533765741906346, 'num_points': 25}, {'avg_silhouette': 0.586715348928965, 'num_points': 10}, {'avg_silhouette': 0.6994799803149273, 'num_points': 24}, {'avg_silhouette': 0.8483657476140773, 'num_points': 134}, {'avg_silhouette': 0.8270794889553681, 'num_points': 80}, {'avg_silhouette': 0.44910318428469176, 'num_points': 75}, {'avg_silhouette': 0.310285297770735, 'num_points': 22}, {'avg_silhouette': 0.9034806391590886, 'num_points': 258}, {'avg_silhouette': 0.41651408045072974, 'num_points': 25}, {'avg_silhouette': 0.7348568646595154, 'num_points': 11}, {'avg_silhouette': 0.7606226263342849, 'num_points': 205}, {'avg_silhouette': 0.5914799222618816, 'num_points': 17}, {'avg_silhouette': 0.5806846465427493, 'num_points': 17}, {'avg_silhouette': 0.8110849781992407, 'num_points': 134}, {'avg_silhouette': 0.7941640733774687, 'num_points': 150}, {'avg_silhouette': 0.34976688360844327, 'num_points': 24}, {'avg_silhouette': 0.9057326479176814, 'num_points': 15}, {'avg_silhouette': 0.40657666695893435, 'num_points': 13}, {'avg_silhouette': 0.7136583996858256, 'num_points': 39}, {'avg_silhouette': 0.6541671620651449, 'num_points': 21}, {'avg_silhouette': 0.46447914985898475, 'num_points': 19}, {'avg_silhouette': 0.6495185416282263, 'num_points': 18}, {'avg_silhouette': 0.6073153862371159, 'num_points': 32}, {'avg_silhouette': 0.885649707040638, 'num_points': 33}, {'avg_silhouette': 0.7571821885531654, 'num_points': 48}, {'avg_silhouette': 0.642905295384674, 'num_points': 13}, {'avg_silhouette': 0.7305403920905832, 'num_points': 25}, {'avg_silhouette': 0.6153085514685137, 'num_points': 11}, {'avg_silhouette': 0.7198123521859989, 'num_points': 21}, {'avg_silhouette': 0.47993425404733686, 'num_points': 14}]",10.0,51,0.6801700311173174,,3,0.6970363038906063
AGGLC,ward,,"[{'avg_silhouette': 0.08511508687070143, 'num_points': 659}, {'avg_silhouette': -0.2982223934908352, 'num_points': 1066}, {'avg_silhouette': 0.8393752485846331, 'num_points': 13680}, {'avg_silhouette': 0.8026130451968713, 'num_points': 1707}, {'avg_silhouette': 0.13972867171721629, 'num_points': 577}, {'avg_silhouette': 0.069451134774054, 'num_points': 388}, {'avg_silhouette': 0.004499234550994457, 'num_points': 433}, {'avg_silhouette': 0.5919102091195982, 'num_points': 56}, {'avg_silhouette': 0.6420109811412288, 'num_points': 1354}, {'avg_silhouette': 0.8411253863946091, 'num_points': 276}, {'avg_silhouette': 0.5251793299481059, 'num_points': 109}, {'avg_silhouette': 0.8243791403095103, 'num_points': 360}, {'avg_silhouette': 0.7010897963969908, 'num_points': 817}, {'avg_silhouette': 0.32926095880521644, 'num_points': 198}, {'avg_silhouette': 0.12873157579652347, 'num_points': 299}, {'avg_silhouette': 0.7224453501264646, 'num_points': 159}, {'avg_silhouette': 0.6602363101221189, 'num_points': 186}]",,17,0.6765439578624578,,3,0.761333091640911
DBSCAN,,0.2538342073763924,"[{'avg_silhouette': 0.8026621171735593, 'num_points': 13602}, {'avg_silhouette': 0.6067600202130479, 'num_points': 72}, {'avg_silhouette': 0.5593313279984081, 'num_points': 216}, {'avg_silhouette': 0.8326313012923634, 'num_points': 34}, {'avg_silhouette': 0.7367450346328118, 'num_points': 791}, {'avg_silhouette': 0.843160991594956, 'num_points': 15}, {'avg_silhouette': 0.08043397126051313, 'num_points': 165}, {'avg_silhouette': 0.7235897381674129, 'num_points': 366}, {'avg_silhouette': 0.7101650583733727, 'num_points': 51}, {'avg_silhouette': 0.4680055462085628, 'num_points': 1315}, {'avg_silhouette': 0.8437629290576245, 'num_points': 9}, {'avg_silhouette': 0.6088435766684888, 'num_points': 9}, {'avg_silhouette': 0.6828694120076805, 'num_points': 6}, {'avg_silhouette': 0.3062307849422928, 'num_points': 26}, {'avg_silhouette': 0.5754926393565787, 'num_points': 40}, {'avg_silhouette': 0.3939694139362929, 'num_points': 37}, {'avg_silhouette': 0.4840027445151054, 'num_points': 24}, {'avg_silhouette': 0.5930756830914407, 'num_points': 45}, {'avg_silhouette': 0.5410303744833638, 'num_points': 10}, {'avg_silhouette': 0.7973669307967336, 'num_points': 61}, {'avg_silhouette': 0.29990870007544795, 'num_points': 156}, {'avg_silhouette': 0.8054108179570376, 'num_points': 1646}, {'avg_silhouette': 0.5411359358315471, 'num_points': 63}, {'avg_silhouette': 0.764196002657345, 'num_points': 352}, {'avg_silhouette': 0.6589255255316099, 'num_points': 8}, {'avg_silhouette': 0.5333358669449648, 'num_points': 25}, {'avg_silhouette': 0.6158217041858373, 'num_points': 8}, {'avg_silhouette': 0.8930555474486006, 'num_points': 5}, {'avg_silhouette': 0.5670348655505555, 'num_points': 8}, {'avg_silhouette': 0.629674775153989, 'num_points': 3}, {'avg_silhouette': 0.690378392436314, 'num_points': 24}, {'avg_silhouette': 0.8551448478873824, 'num_points': 131}, {'avg_silhouette': 0.8439017255477649, 'num_points': 76}, {'avg_silhouette': 0.9282584680720077, 'num_points': 5}, {'avg_silhouette': 0.5169842182817571, 'num_points': 22}, {'avg_silhouette': 0.8042377521302339, 'num_points': 6}, {'avg_silhouette': 0.4165641582555491, 'num_points': 51}, {'avg_silhouette': 0.5772570932373376, 'num_points': 7}, {'avg_silhouette': 0.43165850060100597, 'num_points': 14}, {'avg_silhouette': 0.9034640498151723, 'num_points': 258}, {'avg_silhouette': 0.5089246648058685, 'num_points': 18}, {'avg_silhouette': 0.7980597774918324, 'num_points': 10}, {'avg_silhouette': 0.528662311808807, 'num_points': 5}, {'avg_silhouette': 0.7711962981532039, 'num_points': 203}, {'avg_silhouette': 0.7825821542511215, 'num_points': 7}, {'avg_silhouette': 0.7317760955891032, 'num_points': 14}, {'avg_silhouette': 0.3989601307791375, 'num_points': 13}, {'avg_silhouette': 0.6168648168496834, 'num_points': 16}, {'avg_silhouette': 0.6081956052632074, 'num_points': 8}, {'avg_silhouette': 0.8108935114831505, 'num_points': 134}, {'avg_silhouette': 0.5217887999091619, 'num_points': 6}, {'avg_silhouette': 0.3054871575728388, 'num_points': 86}, {'avg_silhouette': 0.7941640733774687, 'num_points': 150}, {'avg_silhouette': 0.80583299866552, 'num_points': 12}, {'avg_silhouette': 0.34590531528194707, 'num_points': 24}, {'avg_silhouette': 0.9057326479176814, 'num_points': 15}, {'avg_silhouette': 0.43799888878855986, 'num_points': 11}, {'avg_silhouette': 0.37479568646541245, 'num_points': 12}, {'avg_silhouette': 1.0, 'num_points': 8}, {'avg_silhouette': 0.7117044745182984, 'num_points': 28}, {'avg_silhouette': 0.4563192952879189, 'num_points': 18}, {'avg_silhouette': 0.46412954153960145, 'num_points': 19}, {'avg_silhouette': 0.7265406993666341, 'num_points': 9}, {'avg_silhouette': 0.6396605937041627, 'num_points': 18}, {'avg_silhouette': 0.6073153862371159, 'num_points': 32}, {'avg_silhouette': 0.844927033686584, 'num_points': 32}, {'avg_silhouette': 0.655435919733212, 'num_points': 48}, {'avg_silhouette': 0.922044140573486, 'num_points': 5}, {'avg_silhouette': 0.6983504748968489, 'num_points': 12}, {'avg_silhouette': 0.690387740877159, 'num_points': 25}, {'avg_silhouette': 0.7175222036358272, 'num_points': 6}, {'avg_silhouette': 0.706946502811875, 'num_points': 10}, {'avg_silhouette': 0.9262982161219294, 'num_points': 11}, {'avg_silhouette': 0.7550614330290248, 'num_points': 10}, {'avg_silhouette': 0.5154768228823106, 'num_points': 18}, {'avg_silhouette': 0.6559007483786984, 'num_points': 6}, {'avg_silhouette': 0.7446722964398116, 'num_points': 11}, {'avg_silhouette': 0.46771906113175926, 'num_points': 7}, {'avg_silhouette': 0.5308598669371246, 'num_points': 5}, {'avg_silhouette': 0.45820831157009667, 'num_points': 5}, {'avg_silhouette': 0.6365978409775123, 'num_points': 7}, {'avg_silhouette': 0.427931359459999, 'num_points': 5}, {'avg_silhouette': 0.6477191134110398, 'num_points': 5}, {'avg_silhouette': 0.7932957404140039, 'num_points': 6}, {'avg_silhouette': 0.3022832251571342, 'num_points': 7}, {'avg_silhouette': 0.8835835434896884, 'num_points': 5}]",5.0,86,0.6749248650157336,,3,0.6920261604463865
K-means,,,"[{'avg_silhouette': 0.12515076830206298, 'num_points': 312}, {'avg_silhouette': 0.5834283632862207, 'num_points': 2097}, {'avg_silhouette': 0.8176130452869806, 'num_points': 13994}, {'avg_silhouette': 0.29357489863549674, 'num_points': 212}, {'avg_silhouette': 0.16068892124313952, 'num_points': 342}, {'avg_silhouette': 0.6762732887432137, 'num_points': 165}, {'avg_silhouette': 0.8226524608765844, 'num_points': 279}, {'avg_silhouette': 0.028677902100022377, 'num_points': 554}, {'avg_silhouette': -0.18082818102243658, 'num_points': 411}, {'avg_silhouette': 0.4937378909583452, 'num_points': 113}, {'avg_silhouette': 0.5928593962511747, 'num_points': 889}, {'avg_silhouette': 0.44619006908716197, 'num_points': 436}, {'avg_silhouette': 0.47181526940843327, 'num_points': 1584}, {'avg_silhouette': 0.5651853328692349, 'num_points': 433}, {'avg_silhouette': 0.37725963056433826, 'num_points': 503}]",,15,0.6747565200031586,,3,0.6242855593272115
DBSCAN,,1.013834207376393,"[{'avg_silhouette': 0.6804116952543853, 'num_points': 22155}, {'avg_silhouette': 0.2977092128143005, 'num_points': 15}]",10.0,2,0.6740037752597571,,1,
DBSCAN,,1.023834207376393,"[{'avg_silhouette': 0.6801240015325526, 'num_points': 22161}, {'avg_silhouette': 0.29775421302360433, 'num_points': 15}]",10.0,2,0.6739677036749978,,1,
DBSCAN,,1.033834207376393,"[{'avg_silhouette': 0.6791843239088557, 'num_points': 22176}, {'avg_silhouette': 0.5135252321352327, 'num_points': 10}, {'avg_silhouette': 0.29785699334348165, 'num_points': 15}]",10.0,3,0.6739664126532632,,1,
DBSCAN,,1.033834207376393,"[{'avg_silhouette': 0.6782081503857624, 'num_points': 22199}, {'avg_silhouette': 0.29808127056956646, 'num_points': 15}]",5.0,2,0.6736076572978813,,1,
AGGLC,ward,,"[{'avg_silhouette': 0.22489345413115078, 'num_points': 242}, {'avg_silhouette': 0.09262869515137419, 'num_points': 659}, {'avg_silhouette': 0.8393756126820638, 'num_points': 13680}, {'avg_silhouette': -0.29501114556631464, 'num_points': 1066}, {'avg_silhouette': 0.1398317705039707, 'num_points': 577}, {'avg_silhouette': 0.069451134774054, 'num_points': 388}, {'avg_silhouette': 0.004499234550994457, 'num_points': 433}, {'avg_silhouette': 0.8026130451968713, 'num_points': 1707}, {'avg_silhouette': 0.6420109811412288, 'num_points': 1354}, {'avg_silhouette': 0.8413748145812835, 'num_points': 276}, {'avg_silhouette': 0.5251793299481059, 'num_points': 109}, {'avg_silhouette': 0.8243791403095103, 'num_points': 360}, {'avg_silhouette': 0.7010897963969908, 'num_points': 817}, {'avg_silhouette': 0.32946030103560514, 'num_points': 198}, {'avg_silhouette': 0.13204055431406042, 'num_points': 299}, {'avg_silhouette': 0.723238945937277, 'num_points': 159}]",,16,0.672428937962594,,3,0.7613332130067213
DBSCAN,,0.2538342073763924,"[{'avg_silhouette': 0.8029903409798874, 'num_points': 13602}, {'avg_silhouette': 0.7140824166857753, 'num_points': 72}, {'avg_silhouette': 0.5714573284349426, 'num_points': 212}, {'avg_silhouette': 0.8348726996272526, 'num_points': 34}, {'avg_silhouette': 0.737069767456, 'num_points': 791}, {'avg_silhouette': 0.8432350267139135, 'num_points': 15}, {'avg_silhouette': 0.12567241622124053, 'num_points': 143}, {'avg_silhouette': 0.7279767543889007, 'num_points': 364}, {'avg_silhouette': 0.710010562444119, 'num_points': 51}, {'avg_silhouette': 0.47181444996019356, 'num_points': 1310}, {'avg_silhouette': 0.3968859183636772, 'num_points': 25}, {'avg_silhouette': 0.6160930550009862, 'num_points': 40}, {'avg_silhouette': 0.6143640314498802, 'num_points': 35}, {'avg_silhouette': 0.5742978815992699, 'num_points': 17}, {'avg_silhouette': 0.5935527848175729, 'num_points': 45}, {'avg_silhouette': 0.8137391088833991, 'num_points': 61}, {'avg_silhouette': 0.33303723990516204, 'num_points': 156}, {'avg_silhouette': 0.8054108179570376, 'num_points': 1646}, {'avg_silhouette': 0.5411359358315471, 'num_points': 63}, {'avg_silhouette': 0.8414333698156237, 'num_points': 352}, {'avg_silhouette': 0.5333358669449648, 'num_points': 25}, {'avg_silhouette': 0.690378392436314, 'num_points': 24}, {'avg_silhouette': 0.8551448478873824, 'num_points': 131}, {'avg_silhouette': 0.8439017255477649, 'num_points': 76}, {'avg_silhouette': 0.5117043975697659, 'num_points': 22}, {'avg_silhouette': 0.4320891680619534, 'num_points': 50}, {'avg_silhouette': 0.4775686389029815, 'num_points': 11}, {'avg_silhouette': 0.9034522327536708, 'num_points': 258}, {'avg_silhouette': 0.5927974348005084, 'num_points': 13}, {'avg_silhouette': 0.7980597774918324, 'num_points': 10}, {'avg_silhouette': 0.7711962981532039, 'num_points': 203}, {'avg_silhouette': 0.7794200431615678, 'num_points': 13}, {'avg_silhouette': 0.6168648168496834, 'num_points': 16}, {'avg_silhouette': 0.8108935114831505, 'num_points': 134}, {'avg_silhouette': 0.3054871575728388, 'num_points': 86}, {'avg_silhouette': 0.7941640733774687, 'num_points': 150}, {'avg_silhouette': 0.790947761493355, 'num_points': 12}, {'avg_silhouette': 0.3978502265630595, 'num_points': 13}, {'avg_silhouette': 0.3399841345942311, 'num_points': 24}, {'avg_silhouette': 0.9057326479176814, 'num_points': 15}, {'avg_silhouette': 0.7117044745182984, 'num_points': 28}, {'avg_silhouette': 0.6396605937041627, 'num_points': 18}, {'avg_silhouette': 0.6402355725133957, 'num_points': 29}, {'avg_silhouette': 0.9000144179168551, 'num_points': 32}, {'avg_silhouette': 0.7556120183062015, 'num_points': 48}, {'avg_silhouette': 0.6996373682941207, 'num_points': 12}, {'avg_silhouette': 0.7114137521430082, 'num_points': 25}, {'avg_silhouette': 0.706946502811875, 'num_points': 10}, {'avg_silhouette': 0.9262982161219294, 'num_points': 11}, {'avg_silhouette': 0.7550614330290248, 'num_points': 10}, {'avg_silhouette': 0.5154768228823106, 'num_points': 18}, {'avg_silhouette': 0.7446722964398116, 'num_points': 11}, {'avg_silhouette': 0.4563192952879189, 'num_points': 18}, {'avg_silhouette': 0.48497509116908716, 'num_points': 10}, {'avg_silhouette': 0.49539544322043, 'num_points': 9}]",10.0,55,0.6665678941398215,,3,0.6934052029657062
AGGLC,ward,,"[{'avg_silhouette': 0.5552781707778611, 'num_points': 2140}, {'avg_silhouette': 0.11877069881070605, 'num_points': 659}, {'avg_silhouette': 0.22505237054877028, 'num_points': 242}, {'avg_silhouette': -0.2946861336896379, 'num_points': 1066}, {'avg_silhouette': 0.13994382020331636, 'num_points': 577}, {'avg_silhouette': 0.0694908291597992, 'num_points': 388}, {'avg_silhouette': 0.8393814299779763, 'num_points': 13680}, {'avg_silhouette': 0.7233602675909703, 'num_points': 159}, {'avg_silhouette': 0.6420109811412288, 'num_points': 1354}, {'avg_silhouette': 0.8414456635350297, 'num_points': 276}, {'avg_silhouette': 0.5251793299481059, 'num_points': 109}, {'avg_silhouette': 0.8243791403095103, 'num_points': 360}, {'avg_silhouette': 0.7010897963969908, 'num_points': 817}, {'avg_silhouette': 0.33096038412931233, 'num_points': 198}, {'avg_silhouette': 0.13204055431406042, 'num_points': 299}]",,15,0.6650106726522143,,3,0.6788901939656887
K-means,,,"[{'avg_silhouette': 0.7831702546903925, 'num_points': 14215}, {'avg_silhouette': 0.7830612265072178, 'num_points': 1729}, {'avg_silhouette': 0.47687788960350125, 'num_points': 1583}, {'avg_silhouette': 0.5108025373975681, 'num_points': 111}, {'avg_silhouette': 0.43484363044298974, 'num_points': 1105}, {'avg_silhouette': 0.2822611515024852, 'num_points': 213}, {'avg_silhouette': 0.8230973354757479, 'num_points': 279}, {'avg_silhouette': 0.7461327308014019, 'num_points': 377}, {'avg_silhouette': 0.49152851102565664, 'num_points': 24}, {'avg_silhouette': 0.6761483685614647, 'num_points': 165}, {'avg_silhouette': 0.39886884031744263, 'num_points': 497}, {'avg_silhouette': -0.04230351610747431, 'num_points': 254}, {'avg_silhouette': 0.06472215333709959, 'num_points': 458}, {'avg_silhouette': 0.04200645059967844, 'num_points': 285}, {'avg_silhouette': 0.07194315430461497, 'num_points': 204}, {'avg_silhouette': 0.4188155153961873, 'num_points': 437}, {'avg_silhouette': -0.17922651668028997, 'num_points': 388}]",,17,0.6643281764233616,,3,0.6810364569337038
K-means,,,"[{'avg_silhouette': 0.7710311689805674, 'num_points': 14297}, {'avg_silhouette': 0.7874793060188795, 'num_points': 1749}, {'avg_silhouette': 0.4721932951677312, 'num_points': 1592}, {'avg_silhouette': 0.823442821659635, 'num_points': 279}, {'avg_silhouette': 0.3953987117703391, 'num_points': 500}, {'avg_silhouette': 0.15404920562892435, 'num_points': 345}, {'avg_silhouette': 0.026156853263512, 'num_points': 565}, {'avg_silhouette': -0.009616982885961791, 'num_points': 430}, {'avg_silhouette': 0.4237573112483828, 'num_points': 436}, {'avg_silhouette': 0.6770297091996318, 'num_points': 165}, {'avg_silhouette': 0.0308443026013788, 'num_points': 23}, {'avg_silhouette': 0.5961015818548526, 'num_points': 890}, {'avg_silhouette': -0.18230137583317582, 'num_points': 425}, {'avg_silhouette': 0.31833862949123143, 'num_points': 190}, {'avg_silhouette': 0.7277176010763832, 'num_points': 382}, {'avg_silhouette': 0.5937837174980289, 'num_points': 56}]",,16,0.6614249254959019,,3,0.6769012567223927
AGGLC,ward,,"[{'avg_silhouette': -0.2742369207252485, 'num_points': 1365}, {'avg_silhouette': 0.5552781707778611, 'num_points': 2140}, {'avg_silhouette': 0.22505237054877028, 'num_points': 242}, {'avg_silhouette': 0.12073502737590339, 'num_points': 659}, {'avg_silhouette': 0.1401012097042045, 'num_points': 577}, {'avg_silhouette': 0.08644630726334185, 'num_points': 388}, {'avg_silhouette': 0.8393814299779763, 'num_points': 13680}, {'avg_silhouette': 0.7238358500044042, 'num_points': 159}, {'avg_silhouette': 0.6420695677372431, 'num_points': 1354}, {'avg_silhouette': 0.84151692596198, 'num_points': 276}, {'avg_silhouette': 0.5254603532200192, 'num_points': 109}, {'avg_silhouette': 0.8243791403095103, 'num_points': 360}, {'avg_silhouette': 0.7010897963969908, 'num_points': 817}, {'avg_silhouette': 0.33113458957757064, 'num_points': 198}]",,14,0.660913094451798,,4,0.440623061941958
AGGLC,ward,,"[{'avg_silhouette': -0.04497098092310923, 'num_points': 34}, {'avg_silhouette': -0.14977701431829177, 'num_points': 76}, {'avg_silhouette': -0.2692510265243034, 'num_points': 62}, {'avg_silhouette': 0.166317417259886, 'num_points': 226}, {'avg_silhouette': -0.03297098041970437, 'num_points': 100}, {'avg_silhouette': -0.25179669655181564, 'num_points': 164}, {'avg_silhouette': 0.09357440642317476, 'num_points': 299}, {'avg_silhouette': 0.5794265298096762, 'num_points': 56}, {'avg_silhouette': 0.7712393536141876, 'num_points': 1707}, {'avg_silhouette': 0.24813030174351272, 'num_points': 96}, {'avg_silhouette': 0.3415311994987321, 'num_points': 140}, {'avg_silhouette': -0.1257417216090977, 'num_points': 54}, {'avg_silhouette': 0.0031926910343777794, 'num_points': 1653}, {'avg_silhouette': -0.04480307906960587, 'num_points': 83}, {'avg_silhouette': -0.08095126681901833, 'num_points': 88}, {'avg_silhouette': 0.12908576127379767, 'num_points': 16}, {'avg_silhouette': 0.6530728584837947, 'num_points': 186}, {'avg_silhouette': 0.6307499579421267, 'num_points': 1354}, {'avg_silhouette': 0.21372024961266142, 'num_points': 200}, {'avg_silhouette': 0.18653704141036234, 'num_points': 58}, {'avg_silhouette': 0.5388721302711457, 'num_points': 417}, {'avg_silhouette': 0.3339887457017602, 'num_points': 31}, {'avg_silhouette': 0.21741360518359648, 'num_points': 67}, {'avg_silhouette': 0.06971067551237684, 'num_points': 29}, {'avg_silhouette': 0.11840764129852772, 'num_points': 59}, {'avg_silhouette': 0.6923781616171689, 'num_points': 817}, {'avg_silhouette': 0.11217237069665535, 'num_points': 74}, {'avg_silhouette': 0.09812410784204549, 'num_points': 73}, {'avg_silhouette': 0.8892860405431576, 'num_points': 9142}, {'avg_silhouette': 0.4549878022462374, 'num_points': 509}, {'avg_silhouette': 0.17388094689486336, 'num_points': 155}, {'avg_silhouette': 0.8085354029029423, 'num_points': 83}, {'avg_silhouette': 0.7190378201347277, 'num_points': 159}, {'avg_silhouette': 0.1828323490982877, 'num_points': 17}, {'avg_silhouette': 0.21913807925260712, 'num_points': 16}, {'avg_silhouette': 0.0960219753841794, 'num_points': 14}, {'avg_silhouette': 0.4057156222364221, 'num_points': 78}, {'avg_silhouette': -0.1704390153994747, 'num_points': 50}, {'avg_silhouette': 0.16228853621395326, 'num_points': 13}, {'avg_silhouette': 0.8394729064824216, 'num_points': 276}, {'avg_silhouette': 0.7940092506157294, 'num_points': 208}, {'avg_silhouette': 0.30148265340825847, 'num_points': 56}, {'avg_silhouette': 0.5399346289381098, 'num_points': 75}, {'avg_silhouette': 0.5189231881187824, 'num_points': 109}, {'avg_silhouette': 0.38661928146226404, 'num_points': 71}, {'avg_silhouette': -0.02081025682788243, 'num_points': 55}, {'avg_silhouette': 0.26350643462027323, 'num_points': 77}, {'avg_silhouette': 0.8179169036545043, 'num_points': 360}, {'avg_silhouette': 0.8077191322745906, 'num_points': 2345}, {'avg_silhouette': 0.48418386380144707, 'num_points': 237}]",,50,0.660017078446208,,5,0.620437435081688
AGGLC,ward,,"[{'avg_silhouette': -0.10493251111761123, 'num_points': 147}, {'avg_silhouette': -0.14833798972879872, 'num_points': 76}, {'avg_silhouette': -0.04386132701952828, 'num_points': 34}, {'avg_silhouette': 0.166317417259886, 'num_points': 226}, {'avg_silhouette': -0.03297098041970437, 'num_points': 100}, {'avg_silhouette': -0.24870025598112966, 'num_points': 164}, {'avg_silhouette': -0.26705179382944777, 'num_points': 62}, {'avg_silhouette': 0.5794265298096762, 'num_points': 56}, {'avg_silhouette': 0.7712393536141876, 'num_points': 1707}, {'avg_silhouette': 0.24813030174351272, 'num_points': 96}, {'avg_silhouette': 0.3415311994987321, 'num_points': 140}, {'avg_silhouette': -0.11782731543984205, 'num_points': 54}, {'avg_silhouette': 0.0031926910343777794, 'num_points': 1653}, {'avg_silhouette': -0.04480307906960587, 'num_points': 83}, {'avg_silhouette': 0.09568663607681617, 'num_points': 299}, {'avg_silhouette': 0.12908576127379767, 'num_points': 16}, {'avg_silhouette': 0.6530728584837947, 'num_points': 186}, {'avg_silhouette': 0.6307499579421267, 'num_points': 1354}, {'avg_silhouette': 0.21372024961266142, 'num_points': 200}, {'avg_silhouette': 0.18653704141036234, 'num_points': 58}, {'avg_silhouette': 0.5388848381591227, 'num_points': 417}, {'avg_silhouette': 0.3339887457017602, 'num_points': 31}, {'avg_silhouette': 0.21741360518359648, 'num_points': 67}, {'avg_silhouette': 0.06971067551237684, 'num_points': 29}, {'avg_silhouette': 0.48418386380144707, 'num_points': 237}, {'avg_silhouette': 0.6923781616171689, 'num_points': 817}, {'avg_silhouette': 0.11263428828262315, 'num_points': 74}, {'avg_silhouette': 0.09812410784204549, 'num_points': 73}, {'avg_silhouette': 0.8892860405431576, 'num_points': 9142}, {'avg_silhouette': 0.4549878022462374, 'num_points': 509}, {'avg_silhouette': 0.17388094689486336, 'num_points': 155}, {'avg_silhouette': 0.8085354029029423, 'num_points': 83}, {'avg_silhouette': 0.7190378201347277, 'num_points': 159}, {'avg_silhouette': 0.1847538420972149, 'num_points': 17}, {'avg_silhouette': 0.21930195796577445, 'num_points': 16}, {'avg_silhouette': 0.09612893157022873, 'num_points': 14}, {'avg_silhouette': 0.4057156222364221, 'num_points': 78}, {'avg_silhouette': -0.1700219539567686, 'num_points': 50}, {'avg_silhouette': 0.17268261380237204, 'num_points': 13}, {'avg_silhouette': 0.8395240994484415, 'num_points': 276}, {'avg_silhouette': 0.7940092506157294, 'num_points': 208}, {'avg_silhouette': 0.30148265340825847, 'num_points': 56}, {'avg_silhouette': 0.5399346289381098, 'num_points': 75}, {'avg_silhouette': 0.5189231881187824, 'num_points': 109}, {'avg_silhouette': 0.38661928146226404, 'num_points': 71}, {'avg_silhouette': -0.02081025682788243, 'num_points': 55}, {'avg_silhouette': 0.2680909816550642, 'num_points': 77}, {'avg_silhouette': 0.8179169036545043, 'num_points': 360}, {'avg_silhouette': 0.8077191322745906, 'num_points': 2345}]",,49,0.6594420094742351,,5,0.620437435081688
DBSCAN,,1.013834207376393,"[{'avg_silhouette': 0.6623037783506364, 'num_points': 22166}, {'avg_silhouette': 0.5191665356079644, 'num_points': 9}, {'avg_silhouette': 0.2977984420296939, 'num_points': 15}, {'avg_silhouette': 0.3475859506774504, 'num_points': 5}]",5.0,4,0.6568393535654575,,1,
DBSCAN,,1.023834207376393,"[{'avg_silhouette': 0.6615159027878005, 'num_points': 22181}, {'avg_silhouette': 0.29794569841847257, 'num_points': 15}, {'avg_silhouette': 0.3774285835962603, 'num_points': 5}]",5.0,3,0.656381288781959,,1,
DBSCAN,,1.003834207376393,"[{'avg_silhouette': 0.6628279348148248, 'num_points': 22123}, {'avg_silhouette': 0.29750771159193456, 'num_points': 15}, {'avg_silhouette': 0.3048080366011151, 'num_points': 9}]",10.0,3,0.6554162435827332,,1,
AGGLC,ward,,"[{'avg_silhouette': 0.8060500119009992, 'num_points': 13922}, {'avg_silhouette': 0.55787332816238, 'num_points': 2140}, {'avg_silhouette': -0.27064037102076544, 'num_points': 1365}, {'avg_silhouette': 0.1219835803187369, 'num_points': 659}, {'avg_silhouette': 0.14652359971723838, 'num_points': 577}, {'avg_silhouette': 0.08834278251308178, 'num_points': 388}, {'avg_silhouette': 0.3326011990689968, 'num_points': 198}, {'avg_silhouette': 0.7245605932568983, 'num_points': 159}, {'avg_silhouette': 0.645854417189934, 'num_points': 1354}, {'avg_silhouette': 0.8421219005880747, 'num_points': 276}, {'avg_silhouette': 0.5269913845210803, 'num_points': 109}, {'avg_silhouette': 0.8263862109850161, 'num_points': 360}, {'avg_silhouette': 0.704406874083369, 'num_points': 817}]",,13,0.6479069874469777,,4,0.4347843465581369
K-means,,,"[{'avg_silhouette': 0.40476224446921577, 'num_points': 1139}, {'avg_silhouette': 0.7921382984105945, 'num_points': 14392}, {'avg_silhouette': 0.23079640741113094, 'num_points': 15}, {'avg_silhouette': 0.5934080591634344, 'num_points': 56}, {'avg_silhouette': 0.5589828174631072, 'num_points': 2151}, {'avg_silhouette': 0.8169511398564085, 'num_points': 280}, {'avg_silhouette': 0.6770106383275322, 'num_points': 165}, {'avg_silhouette': 0.023441784199729546, 'num_points': 491}, {'avg_silhouette': 0.46485281584139276, 'num_points': 1601}, {'avg_silhouette': -0.0669404521196912, 'num_points': 849}, {'avg_silhouette': 0.29618543559046123, 'num_points': 213}, {'avg_silhouette': 0.4091035479768151, 'num_points': 131}, {'avg_silhouette': 0.5500953950690392, 'num_points': 379}, {'avg_silhouette': -0.18012821060209375, 'num_points': 462}]",,14,0.6442326784536938,,4,0.5551840440460776
AGGLC,ward,,"[{'avg_silhouette': 0.8316158492472684, 'num_points': 11487}, {'avg_silhouette': -0.14769693051070382, 'num_points': 76}, {'avg_silhouette': -0.1047134655974388, 'num_points': 147}, {'avg_silhouette': 0.166317417259886, 'num_points': 226}, {'avg_silhouette': -0.032815366330936964, 'num_points': 100}, {'avg_silhouette': -0.2481822182419742, 'num_points': 164}, {'avg_silhouette': -0.043784854993081435, 'num_points': 34}, {'avg_silhouette': 0.5795375623737746, 'num_points': 56}, {'avg_silhouette': 0.7712393536141876, 'num_points': 1707}, {'avg_silhouette': 0.24859177210013528, 'num_points': 96}, {'avg_silhouette': 0.3415311994987321, 'num_points': 140}, {'avg_silhouette': -0.11782731543984205, 'num_points': 54}, {'avg_silhouette': 0.055665150318586994, 'num_points': 1653}, {'avg_silhouette': -0.2656203215914702, 'num_points': 62}, {'avg_silhouette': 0.09660894752205254, 'num_points': 299}, {'avg_silhouette': 0.12908576127379767, 'num_points': 16}, {'avg_silhouette': 0.653440728835252, 'num_points': 186}, {'avg_silhouette': 0.63151743930355, 'num_points': 1354}, {'avg_silhouette': 0.21372620762755914, 'num_points': 200}, {'avg_silhouette': 0.18653704141036234, 'num_points': 58}, {'avg_silhouette': 0.5401634894010797, 'num_points': 417}, {'avg_silhouette': 0.3343011730569285, 'num_points': 31}, {'avg_silhouette': 0.21741360518359648, 'num_points': 67}, {'avg_silhouette': 0.06974381653165132, 'num_points': 29}, {'avg_silhouette': 0.48418386380144707, 'num_points': 237}, {'avg_silhouette': 0.6932960132378466, 'num_points': 817}, {'avg_silhouette': 0.11399417041401047, 'num_points': 74}, {'avg_silhouette': 0.09812410784204549, 'num_points': 73}, {'avg_silhouette': -0.04476586370705881, 'num_points': 83}, {'avg_silhouette': 0.47109752169678115, 'num_points': 509}, {'avg_silhouette': 0.17388094689486336, 'num_points': 155}, {'avg_silhouette': 0.8085354029029423, 'num_points': 83}, {'avg_silhouette': 0.7191223315301205, 'num_points': 159}, {'avg_silhouette': 0.1847538420972149, 'num_points': 17}, {'avg_silhouette': 0.21940687307894458, 'num_points': 16}, {'avg_silhouette': 0.09612893157022873, 'num_points': 14}, {'avg_silhouette': 0.4057156222364221, 'num_points': 78}, {'avg_silhouette': -0.1700219539567686, 'num_points': 50}, {'avg_silhouette': 0.1727175601309184, 'num_points': 13}, {'avg_silhouette': 0.8396579050350063, 'num_points': 276}, {'avg_silhouette': 0.7940092506157294, 'num_points': 208}, {'avg_silhouette': 0.30148265340825847, 'num_points': 56}, {'avg_silhouette': 0.5399346289381098, 'num_points': 75}, {'avg_silhouette': 0.519036947226903, 'num_points': 109}, {'avg_silhouette': 0.3867189632223545, 'num_points': 71}, {'avg_silhouette': -0.02072956796702255, 'num_points': 55}, {'avg_silhouette': 0.2680909816550642, 'num_points': 77}, {'avg_silhouette': 0.8187593817619786, 'num_points': 360}]",,48,0.6427442294135156,,4,0.5725094481208982
AGGLC,ward,,"[{'avg_silhouette': -0.29243544040015, 'num_points': 226}, {'avg_silhouette': -0.14769693051070382, 'num_points': 76}, {'avg_silhouette': 0.8316158492472684, 'num_points': 11487}, {'avg_silhouette': 0.166317417259886, 'num_points': 226}, {'avg_silhouette': -0.03251188577327095, 'num_points': 100}, {'avg_silhouette': -0.11131022948129923, 'num_points': 54}, {'avg_silhouette': -0.10450600893827147, 'num_points': 147}, {'avg_silhouette': 0.5795375623737746, 'num_points': 56}, {'avg_silhouette': 0.7712393536141876, 'num_points': 1707}, {'avg_silhouette': 0.24859177210013528, 'num_points': 96}, {'avg_silhouette': 0.3415311994987321, 'num_points': 140}, {'avg_silhouette': 0.07056686875488369, 'num_points': 29}, {'avg_silhouette': 0.055665150318586994, 'num_points': 1653}, {'avg_silhouette': -0.043784854993081435, 'num_points': 34}, {'avg_silhouette': 0.09660894752205254, 'num_points': 299}, {'avg_silhouette': 0.12908576127379767, 'num_points': 16}, {'avg_silhouette': 0.653440728835252, 'num_points': 186}, {'avg_silhouette': 0.63151743930355, 'num_points': 1354}, {'avg_silhouette': 0.21372620762755914, 'num_points': 200}, {'avg_silhouette': 0.18653704141036234, 'num_points': 58}, {'avg_silhouette': 0.5401634894010797, 'num_points': 417}, {'avg_silhouette': 0.3343011730569285, 'num_points': 31}, {'avg_silhouette': 0.21741360518359648, 'num_points': 67}, {'avg_silhouette': 0.8187593817619786, 'num_points': 360}, {'avg_silhouette': 0.48418386380144707, 'num_points': 237}, {'avg_silhouette': 0.6932960132378466, 'num_points': 817}, {'avg_silhouette': 0.11399417041401047, 'num_points': 74}, {'avg_silhouette': 0.09812410784204549, 'num_points': 73}, {'avg_silhouette': -0.044650606924326104, 'num_points': 83}, {'avg_silhouette': 0.47109752169678115, 'num_points': 509}, {'avg_silhouette': 0.17388094689486336, 'num_points': 155}, {'avg_silhouette': 0.8085354029029423, 'num_points': 83}, {'avg_silhouette': 0.7191223315301205, 'num_points': 159}, {'avg_silhouette': 0.1847538420972149, 'num_points': 17}, {'avg_silhouette': 0.21940687307894458, 'num_points': 16}, {'avg_silhouette': 0.09623422818680728, 'num_points': 14}, {'avg_silhouette': 0.4057156222364221, 'num_points': 78}, {'avg_silhouette': -0.1700219539567686, 'num_points': 50}, {'avg_silhouette': 0.1727175601309184, 'num_points': 13}, {'avg_silhouette': 0.8396579050350063, 'num_points': 276}, {'avg_silhouette': 0.7940092506157294, 'num_points': 208}, {'avg_silhouette': 0.30148265340825847, 'num_points': 56}, {'avg_silhouette': 0.5399346289381098, 'num_points': 75}, {'avg_silhouette': 0.519036947226903, 'num_points': 109}, {'avg_silhouette': 0.3867189632223545, 'num_points': 71}, {'avg_silhouette': -0.02072956796702255, 'num_points': 55}, {'avg_silhouette': 0.2680909816550642, 'num_points': 77}]",,47,0.6423647100624325,,4,0.5725094481208982
AGGLC,ward,,"[{'avg_silhouette': 0.022823952030147542, 'num_points': 151}, {'avg_silhouette': -0.14769693051070382, 'num_points': 76}, {'avg_silhouette': -0.29243544040015, 'num_points': 226}, {'avg_silhouette': 0.166317417259886, 'num_points': 226}, {'avg_silhouette': -0.03251188577327095, 'num_points': 100}, {'avg_silhouette': 0.8316158492472684, 'num_points': 11487}, {'avg_silhouette': -0.09501807423760086, 'num_points': 147}, {'avg_silhouette': 0.5795375623737746, 'num_points': 56}, {'avg_silhouette': 0.7712393536141876, 'num_points': 1707}, {'avg_silhouette': 0.24859177210013528, 'num_points': 96}, {'avg_silhouette': 0.3415311994987321, 'num_points': 140}, {'avg_silhouette': 0.07056686875488369, 'num_points': 29}, {'avg_silhouette': -0.11037073366761231, 'num_points': 54}, {'avg_silhouette': -0.04182901142730149, 'num_points': 34}, {'avg_silhouette': 0.0966187364142287, 'num_points': 299}, {'avg_silhouette': 0.12908576127379767, 'num_points': 16}, {'avg_silhouette': 0.653440728835252, 'num_points': 186}, {'avg_silhouette': 0.63151743930355, 'num_points': 1354}, {'avg_silhouette': 0.21372620762755914, 'num_points': 200}, {'avg_silhouette': 0.18653704141036234, 'num_points': 58}, {'avg_silhouette': 0.5401634894010797, 'num_points': 417}, {'avg_silhouette': 0.3343011730569285, 'num_points': 31}, {'avg_silhouette': 0.21741360518359648, 'num_points': 67}, {'avg_silhouette': 0.8187593817619786, 'num_points': 360}, {'avg_silhouette': 0.4841973462904121, 'num_points': 237}, {'avg_silhouette': 0.6932960132378466, 'num_points': 817}, {'avg_silhouette': 0.055665150318586994, 'num_points': 1653}, {'avg_silhouette': 0.09812410784204549, 'num_points': 73}, {'avg_silhouette': -0.01119086058594967, 'num_points': 83}, {'avg_silhouette': 0.47109752169678115, 'num_points': 509}, {'avg_silhouette': 0.17388094689486336, 'num_points': 155}, {'avg_silhouette': 0.8085354029029423, 'num_points': 83}, {'avg_silhouette': 0.7191223315301205, 'num_points': 159}, {'avg_silhouette': 0.1847538420972149, 'num_points': 17}, {'avg_silhouette': 0.2200059116214528, 'num_points': 16}, {'avg_silhouette': 0.09623422818680728, 'num_points': 14}, {'avg_silhouette': 0.4057156222364221, 'num_points': 78}, {'avg_silhouette': -0.16827284741560497, 'num_points': 50}, {'avg_silhouette': 0.17482824759510412, 'num_points': 13}, {'avg_silhouette': 0.8396579050350063, 'num_points': 276}, {'avg_silhouette': 0.7940092506157294, 'num_points': 208}, {'avg_silhouette': 0.30148265340825847, 'num_points': 56}, {'avg_silhouette': 0.5399346289381098, 'num_points': 75}, {'avg_silhouette': 0.519036947226903, 'num_points': 109}, {'avg_silhouette': 0.3867189632223545, 'num_points': 71}, {'avg_silhouette': -0.02072956796702255, 'num_points': 55}]",,46,0.641414502235437,,4,0.5725094481208983
AGGLC,ward,,"[{'avg_silhouette': -0.21915481459711864, 'num_points': 105}, {'avg_silhouette': 0.023001891748342156, 'num_points': 151}, {'avg_silhouette': -0.29243544040015, 'num_points': 226}, {'avg_silhouette': -0.14769693051070382, 'num_points': 76}, {'avg_silhouette': -0.03251188577327095, 'num_points': 100}, {'avg_silhouette': 0.8316158492472684, 'num_points': 11487}, {'avg_silhouette': -0.09501807423760086, 'num_points': 147}, {'avg_silhouette': 0.5795375623737746, 'num_points': 56}, {'avg_silhouette': 0.166317417259886, 'num_points': 226}, {'avg_silhouette': 0.24859177210013528, 'num_points': 96}, {'avg_silhouette': 0.3415311994987321, 'num_points': 140}, {'avg_silhouette': 0.07056686875488369, 'num_points': 29}, {'avg_silhouette': -0.10868987392521892, 'num_points': 54}, {'avg_silhouette': -0.04182901142730149, 'num_points': 34}, {'avg_silhouette': 0.09891257503820093, 'num_points': 299}, {'avg_silhouette': 0.12908576127379767, 'num_points': 16}, {'avg_silhouette': 0.6534530382438116, 'num_points': 186}, {'avg_silhouette': 0.63151743930355, 'num_points': 1354}, {'avg_silhouette': 0.7712393536141876, 'num_points': 1707}, {'avg_silhouette': 0.18653704141036234, 'num_points': 58}, {'avg_silhouette': 0.5403221225253168, 'num_points': 417}, {'avg_silhouette': 0.3343011730569285, 'num_points': 31}, {'avg_silhouette': 0.21869753007952844, 'num_points': 67}, {'avg_silhouette': 0.8187593817619786, 'num_points': 360}, {'avg_silhouette': 0.4841973462904121, 'num_points': 237}, {'avg_silhouette': 0.6932960132378466, 'num_points': 817}, {'avg_silhouette': 0.055665150318586994, 'num_points': 1653}, {'avg_silhouette': 0.09812410784204549, 'num_points': 73}, {'avg_silhouette': -0.01119086058594967, 'num_points': 83}, {'avg_silhouette': 0.47109752169678115, 'num_points': 509}, {'avg_silhouette': 0.17477616190009582, 'num_points': 155}, {'avg_silhouette': 0.8085354029029423, 'num_points': 83}, {'avg_silhouette': 0.7191223315301205, 'num_points': 159}, {'avg_silhouette': 0.1847538420972149, 'num_points': 17}, {'avg_silhouette': 0.2200059116214528, 'num_points': 16}, {'avg_silhouette': 0.09623422818680728, 'num_points': 14}, {'avg_silhouette': 0.4057156222364221, 'num_points': 78}, {'avg_silhouette': 0.21372620762755914, 'num_points': 200}, {'avg_silhouette': 0.17482824759510412, 'num_points': 13}, {'avg_silhouette': 0.8396579050350063, 'num_points': 276}, {'avg_silhouette': 0.7940092506157294, 'num_points': 208}, {'avg_silhouette': 0.30148265340825847, 'num_points': 56}, {'avg_silhouette': 0.5399346289381098, 'num_points': 75}, {'avg_silhouette': 0.519036947226903, 'num_points': 109}, {'avg_silhouette': 0.3867189632223545, 'num_points': 71}]",,45,0.6408608033913683,,4,0.5725094481208983
K-means,,,"[{'avg_silhouette': 0.8160560846858211, 'num_points': 11657}, {'avg_silhouette': 0.6489088109723603, 'num_points': 1313}, {'avg_silhouette': 0.7759694889452048, 'num_points': 1706}, {'avg_silhouette': 0.670191550010026, 'num_points': 165}, {'avg_silhouette': 0.6151164360269196, 'num_points': 867}, {'avg_silhouette': 0.2036584120369261, 'num_points': 141}, {'avg_silhouette': 0.5258167355854309, 'num_points': 424}, {'avg_silhouette': 0.8336230711917022, 'num_points': 277}, {'avg_silhouette': 0.013908357829154538, 'num_points': 81}, {'avg_silhouette': -0.11929290458943738, 'num_points': 35}, {'avg_silhouette': 0.45908585458370577, 'num_points': 21}, {'avg_silhouette': 0.7232066287873132, 'num_points': 213}, {'avg_silhouette': 0.7370036131561141, 'num_points': 86}, {'avg_silhouette': 0.3041826754503821, 'num_points': 203}, {'avg_silhouette': 0.06631355209702565, 'num_points': 1543}, {'avg_silhouette': 0.05552516675796574, 'num_points': 4}, {'avg_silhouette': -0.09843082818551227, 'num_points': 65}, {'avg_silhouette': 0.4430758858892927, 'num_points': 108}, {'avg_silhouette': -0.08934071622694265, 'num_points': 125}, {'avg_silhouette': 0.7859900361251715, 'num_points': 367}, {'avg_silhouette': 0.4002504830956104, 'num_points': 87}, {'avg_silhouette': 0.20551105621689797, 'num_points': 253}, {'avg_silhouette': -0.16525905665758653, 'num_points': 108}, {'avg_silhouette': -0.027101082200796957, 'num_points': 67}, {'avg_silhouette': 0.5719911516721737, 'num_points': 198}, {'avg_silhouette': 0.08206437288354343, 'num_points': 63}, {'avg_silhouette': 0.5805756795478162, 'num_points': 56}, {'avg_silhouette': 0.37261832450419524, 'num_points': 74}, {'avg_silhouette': 0.2601440312262742, 'num_points': 184}, {'avg_silhouette': -0.079043209226216, 'num_points': 121}, {'avg_silhouette': 0.15914711302981702, 'num_points': 79}, {'avg_silhouette': 0.24073114925589092, 'num_points': 14}, {'avg_silhouette': 0.18981275163684894, 'num_points': 94}, {'avg_silhouette': 0.5277585120930356, 'num_points': 29}, {'avg_silhouette': 0.3022777857324745, 'num_points': 573}, {'avg_silhouette': 0.41380099273801485, 'num_points': 178}, {'avg_silhouette': -0.13381287821807808, 'num_points': 35}, {'avg_silhouette': 0.3398680055221806, 'num_points': 54}, {'avg_silhouette': 0.37839112510305395, 'num_points': 80}, {'avg_silhouette': 0.31798557254641346, 'num_points': 195}, {'avg_silhouette': 0.5838015335723328, 'num_points': 43}, {'avg_silhouette': -0.0868106531001412, 'num_points': 37}, {'avg_silhouette': 0.21981147112494598, 'num_points': 98}, {'avg_silhouette': -0.07462713093631516, 'num_points': 12}, {'avg_silhouette': 0.14447771909108, 'num_points': 85}, {'avg_silhouette': 0.6309688347715579, 'num_points': 42}, {'avg_silhouette': 0.09307771412729125, 'num_points': 14}, {'avg_silhouette': 0.036439618655858326, 'num_points': 19}, {'avg_silhouette': 0.34802590848464027, 'num_points': 31}]",,49,0.6406590882723076,,4,0.5768119841751029
AGGLC,ward,,"[{'avg_silhouette': 0.0008569906089868082, 'num_points': 144}, {'avg_silhouette': 0.023001891748342156, 'num_points': 151}, {'avg_silhouette': -0.21909954434956366, 'num_points': 105}, {'avg_silhouette': -0.14678352621606347, 'num_points': 76}, {'avg_silhouette': -0.03251188577327095, 'num_points': 100}, {'avg_silhouette': 0.8316158492472684, 'num_points': 11487}, {'avg_silhouette': -0.29243544040015, 'num_points': 226}, {'avg_silhouette': 0.5795375623737746, 'num_points': 56}, {'avg_silhouette': 0.166317417259886, 'num_points': 226}, {'avg_silhouette': 0.24859177210013528, 'num_points': 96}, {'avg_silhouette': 0.3415311994987321, 'num_points': 140}, {'avg_silhouette': 0.07056686875488369, 'num_points': 29}, {'avg_silhouette': -0.10868987392521892, 'num_points': 54}, {'avg_silhouette': -0.09300523577008281, 'num_points': 147}, {'avg_silhouette': 0.09891257503820093, 'num_points': 299}, {'avg_silhouette': 0.1349759977021404, 'num_points': 16}, {'avg_silhouette': 0.6534530382438116, 'num_points': 186}, {'avg_silhouette': 0.6320205664801708, 'num_points': 1354}, {'avg_silhouette': 0.7713973674118664, 'num_points': 1707}, {'avg_silhouette': 0.18720280477920012, 'num_points': 58}, {'avg_silhouette': 0.5410348808291809, 'num_points': 417}, {'avg_silhouette': 0.3343011730569285, 'num_points': 31}, {'avg_silhouette': 0.21869753007952844, 'num_points': 67}, {'avg_silhouette': 0.8187593817619786, 'num_points': 360}, {'avg_silhouette': 0.4841973462904121, 'num_points': 237}, {'avg_silhouette': 0.6932960132378466, 'num_points': 817}, {'avg_silhouette': 0.055665150318586994, 'num_points': 1653}, {'avg_silhouette': -0.04146333289696867, 'num_points': 34}, {'avg_silhouette': -0.011124803930791101, 'num_points': 83}, {'avg_silhouette': 0.47109752169678115, 'num_points': 509}, {'avg_silhouette': 0.17477616190009582, 'num_points': 155}, {'avg_silhouette': 0.8085354029029423, 'num_points': 83}, {'avg_silhouette': 0.7192832506848325, 'num_points': 159}, {'avg_silhouette': 0.1847538420972149, 'num_points': 17}, {'avg_silhouette': 0.2200059116214528, 'num_points': 16}, {'avg_silhouette': 0.09771729137474024, 'num_points': 14}, {'avg_silhouette': 0.4057156222364221, 'num_points': 78}, {'avg_silhouette': 0.21372620762755914, 'num_points': 200}, {'avg_silhouette': 0.17482824759510412, 'num_points': 13}, {'avg_silhouette': 0.8396912344515584, 'num_points': 276}, {'avg_silhouette': 0.7940092506157294, 'num_points': 208}, {'avg_silhouette': 0.30148265340825847, 'num_points': 56}, {'avg_silhouette': 0.5399346289381098, 'num_points': 75}, {'avg_silhouette': 0.519036947226903, 'num_points': 109}]",,44,0.6393973073998747,,4,0.5726747333644733
AGGLC,ward,,"[{'avg_silhouette': -0.09740372875351999, 'num_points': 183}, {'avg_silhouette': 0.023001891748342156, 'num_points': 151}, {'avg_silhouette': 0.0008569906089868082, 'num_points': 144}, {'avg_silhouette': -0.14518406449112814, 'num_points': 76}, {'avg_silhouette': 0.3415311994987321, 'num_points': 140}, {'avg_silhouette': 0.8316158492472684, 'num_points': 11487}, {'avg_silhouette': -0.21909954434956366, 'num_points': 105}, {'avg_silhouette': 0.5795375623737746, 'num_points': 56}, {'avg_silhouette': 0.166317417259886, 'num_points': 226}, {'avg_silhouette': 0.24859177210013528, 'num_points': 96}, {'avg_silhouette': 0.33458403972256734, 'num_points': 31}, {'avg_silhouette': 0.07056686875488369, 'num_points': 29}, {'avg_silhouette': -0.1047181190557578, 'num_points': 54}, {'avg_silhouette': -0.2911974502540162, 'num_points': 226}, {'avg_silhouette': 0.09968551901004838, 'num_points': 299}, {'avg_silhouette': 0.1349759977021404, 'num_points': 16}, {'avg_silhouette': 0.6534530382438116, 'num_points': 186}, {'avg_silhouette': 0.6320205664801708, 'num_points': 1354}, {'avg_silhouette': 0.7713973674118664, 'num_points': 1707}, {'avg_silhouette': 0.18720280477920012, 'num_points': 58}, {'avg_silhouette': 0.5411634900643357, 'num_points': 417}, {'avg_silhouette': 0.519036947226903, 'num_points': 109}, {'avg_silhouette': 0.21869753007952844, 'num_points': 67}, {'avg_silhouette': 0.8187593817619786, 'num_points': 360}, {'avg_silhouette': 0.4841973462904121, 'num_points': 237}, {'avg_silhouette': 0.6932983283946846, 'num_points': 817}, {'avg_silhouette': 0.055665150318586994, 'num_points': 1653}, {'avg_silhouette': -0.03845559640096813, 'num_points': 34}, {'avg_silhouette': -0.0930030408670891, 'num_points': 147}, {'avg_silhouette': 0.47114847075711336, 'num_points': 509}, {'avg_silhouette': 0.17477616190009582, 'num_points': 155}, {'avg_silhouette': 0.8085354029029423, 'num_points': 83}, {'avg_silhouette': 0.7192832506848325, 'num_points': 159}, {'avg_silhouette': 0.19015274030406562, 'num_points': 17}, {'avg_silhouette': 0.22095271785785622, 'num_points': 16}, {'avg_silhouette': 0.09771729137474024, 'num_points': 14}, {'avg_silhouette': 0.4057156222364221, 'num_points': 78}, {'avg_silhouette': 0.21372620762755914, 'num_points': 200}, {'avg_silhouette': 0.17881356464898263, 'num_points': 13}, {'avg_silhouette': 0.8396912344515584, 'num_points': 276}, {'avg_silhouette': 0.7940092506157294, 'num_points': 208}, {'avg_silhouette': 0.30148265340825847, 'num_points': 56}, {'avg_silhouette': 0.5399346289381098, 'num_points': 75}]",,43,0.6388395284745695,,4,0.5726747333644733
AGGLC,ward,,"[{'avg_silhouette': 0.08338714161569265, 'num_points': 142}, {'avg_silhouette': -0.09736398498515669, 'num_points': 183}, {'avg_silhouette': 0.0008569906089868082, 'num_points': 144}, {'avg_silhouette': -0.14518406449112814, 'num_points': 76}, {'avg_silhouette': 0.023097011703599537, 'num_points': 151}, {'avg_silhouette': 0.8316158492472684, 'num_points': 11487}, {'avg_silhouette': -0.21673473408166066, 'num_points': 105}, {'avg_silhouette': 0.5795375623737746, 'num_points': 56}, {'avg_silhouette': 0.166317417259886, 'num_points': 226}, {'avg_silhouette': 0.24859177210013528, 'num_points': 96}, {'avg_silhouette': 0.3415311994987321, 'num_points': 140}, {'avg_silhouette': 0.07056686875488369, 'num_points': 29}, {'avg_silhouette': -0.1047181190557578, 'num_points': 54}, {'avg_silhouette': -0.290956399481739, 'num_points': 226}, {'avg_silhouette': 0.09968551901004838, 'num_points': 299}, {'avg_silhouette': 0.1349759977021404, 'num_points': 16}, {'avg_silhouette': 0.6536643050031021, 'num_points': 186}, {'avg_silhouette': 0.6327184989863263, 'num_points': 1354}, {'avg_silhouette': 0.7713973674118664, 'num_points': 1707}, {'avg_silhouette': 0.18720280477920012, 'num_points': 58}, {'avg_silhouette': 0.5411634900643357, 'num_points': 417}, {'avg_silhouette': 0.519036947226903, 'num_points': 109}, {'avg_silhouette': 0.33458403972256734, 'num_points': 31}, {'avg_silhouette': 0.8187593817619786, 'num_points': 360}, {'avg_silhouette': 0.4841973462904121, 'num_points': 237}, {'avg_silhouette': 0.6932983283946846, 'num_points': 817}, {'avg_silhouette': 0.055665150318586994, 'num_points': 1653}, {'avg_silhouette': -0.03845559640096813, 'num_points': 34}, {'avg_silhouette': -0.0930030408670891, 'num_points': 147}, {'avg_silhouette': 0.47114847075711336, 'num_points': 509}, {'avg_silhouette': 0.17477616190009582, 'num_points': 155}, {'avg_silhouette': 0.8105501991612561, 'num_points': 83}, {'avg_silhouette': 0.7196751605334814, 'num_points': 159}, {'avg_silhouette': 0.19015274030406562, 'num_points': 17}, {'avg_silhouette': 0.22095271785785622, 'num_points': 16}, {'avg_silhouette': 0.10647015587014368, 'num_points': 14}, {'avg_silhouette': 0.4057156222364221, 'num_points': 78}, {'avg_silhouette': 0.21372620762755914, 'num_points': 200}, {'avg_silhouette': 0.17881356464898263, 'num_points': 13}, {'avg_silhouette': 0.8396912344515584, 'num_points': 276}, {'avg_silhouette': 0.7940092506157294, 'num_points': 208}, {'avg_silhouette': 0.30148265340825847, 'num_points': 56}]",,42,0.636973999863574,,4,0.5728492164910121
K-means,,,"[{'avg_silhouette': 0.8487303066593158, 'num_points': 9325}, {'avg_silhouette': 0.1690479869257763, 'num_points': 211}, {'avg_silhouette': 0.1830925781078708, 'num_points': 262}, {'avg_silhouette': 0.8321031663838871, 'num_points': 277}, {'avg_silhouette': 0.6195818786043865, 'num_points': 864}, {'avg_silhouette': -0.07614686548960248, 'num_points': 28}, {'avg_silhouette': 0.3551072217445529, 'num_points': 75}, {'avg_silhouette': 0.6703812282911241, 'num_points': 165}, {'avg_silhouette': 0.6055336566863969, 'num_points': 1383}, {'avg_silhouette': 0.7924280901771754, 'num_points': 1700}, {'avg_silhouette': 0.5166845826753085, 'num_points': 426}, {'avg_silhouette': 0.28393127718251, 'num_points': 575}, {'avg_silhouette': 0.041211961375206455, 'num_points': 5}, {'avg_silhouette': 0.7857715945456253, 'num_points': 367}, {'avg_silhouette': -0.06071679176934429, 'num_points': 137}, {'avg_silhouette': 0.1143734781632223, 'num_points': 84}, {'avg_silhouette': -0.0714751376267653, 'num_points': 38}, {'avg_silhouette': 0.49757353064394905, 'num_points': 390}, {'avg_silhouette': -0.025533150981780342, 'num_points': 34}, {'avg_silhouette': 0.36174036049595976, 'num_points': 90}, {'avg_silhouette': 0.21169201808351154, 'num_points': 147}, {'avg_silhouette': 0.5877514729369109, 'num_points': 56}, {'avg_silhouette': 0.05401909234187995, 'num_points': 28}, {'avg_silhouette': 0.43598359005237963, 'num_points': 249}, {'avg_silhouette': 0.41849705455917363, 'num_points': 127}, {'avg_silhouette': 0.42676252762978184, 'num_points': 107}, {'avg_silhouette': 0.6667670039635294, 'num_points': 172}, {'avg_silhouette': -0.04997854506220441, 'num_points': 75}, {'avg_silhouette': 0.1169023690233451, 'num_points': 88}, {'avg_silhouette': 0.3281413050046053, 'num_points': 31}, {'avg_silhouette': -0.02732306879937232, 'num_points': 87}, {'avg_silhouette': 0.38536111227625913, 'num_points': 80}, {'avg_silhouette': 0.045047377954819036, 'num_points': 29}, {'avg_silhouette': 0.16455176903934493, 'num_points': 79}, {'avg_silhouette': 0.7054440550574871, 'num_points': 2400}, {'avg_silhouette': 0.1565902478145672, 'num_points': 130}, {'avg_silhouette': 0.11431852023312823, 'num_points': 20}, {'avg_silhouette': -0.18567429251363957, 'num_points': 103}, {'avg_silhouette': -0.10094138106371324, 'num_points': 96}, {'avg_silhouette': 0.22933321670628543, 'num_points': 84}, {'avg_silhouette': 0.0035304591195276535, 'num_points': 1487}, {'avg_silhouette': 0.4684904672427599, 'num_points': 119}, {'avg_silhouette': 0.05892640374743119, 'num_points': 64}, {'avg_silhouette': 0.47040672141089634, 'num_points': 30}]",,44,0.6366213844259777,,5,0.5911333135399806
AGGLC,ward,,"[{'avg_silhouette': 0.28492730902629204, 'num_points': 1205}, {'avg_silhouette': 0.5580049629629152, 'num_points': 2140}, {'avg_silhouette': 0.8061107863526644, 'num_points': 13922}, {'avg_silhouette': 0.1219835803187369, 'num_points': 659}, {'avg_silhouette': 0.14774057769693347, 'num_points': 577}, {'avg_silhouette': -0.263348623893318, 'num_points': 1365}, {'avg_silhouette': 0.3352208204684017, 'num_points': 198}, {'avg_silhouette': 0.7245605932568983, 'num_points': 159}, {'avg_silhouette': 0.645894081767848, 'num_points': 1354}, {'avg_silhouette': 0.842157041521875, 'num_points': 276}, {'avg_silhouette': 0.5273469438515522, 'num_points': 109}, {'avg_silhouette': 0.8263862109850161, 'num_points': 360}]",,12,0.6365274886514349,,5,0.40631770324328026
AGGLC,ward,,"[{'avg_silhouette': 0.04708890330413286, 'num_points': 152}, {'avg_silhouette': 0.08338714161569265, 'num_points': 142}, {'avg_silhouette': 0.0008569906089868082, 'num_points': 144}, {'avg_silhouette': -0.14518406449112814, 'num_points': 76}, {'avg_silhouette': -0.09736398498515669, 'num_points': 183}, {'avg_silhouette': 0.8316158492472684, 'num_points': 11487}, {'avg_silhouette': -0.2163811595272186, 'num_points': 105}, {'avg_silhouette': 0.586280251993976, 'num_points': 56}, {'avg_silhouette': 0.166317417259886, 'num_points': 226}, {'avg_silhouette': 0.023097011703599537, 'num_points': 151}, {'avg_silhouette': 0.3415311994987321, 'num_points': 140}, {'avg_silhouette': 0.07156472550024327, 'num_points': 29}, {'avg_silhouette': -0.10470039550155354, 'num_points': 54}, {'avg_silhouette': -0.2906712790931425, 'num_points': 226}, {'avg_silhouette': 0.10006285122819435, 'num_points': 299}, {'avg_silhouette': 0.1349759977021404, 'num_points': 16}, {'avg_silhouette': 0.6536643050031021, 'num_points': 186}, {'avg_silhouette': 0.6327269156211623, 'num_points': 1354}, {'avg_silhouette': 0.7713973674118664, 'num_points': 1707}, {'avg_silhouette': 0.18720280477920012, 'num_points': 58}, {'avg_silhouette': 0.5411634900643357, 'num_points': 417}, {'avg_silhouette': 0.519036947226903, 'num_points': 109}, {'avg_silhouette': 0.33458403972256734, 'num_points': 31}, {'avg_silhouette': 0.8187593817619786, 'num_points': 360}, {'avg_silhouette': 0.4841973462904121, 'num_points': 237}, {'avg_silhouette': 0.6932983283946846, 'num_points': 817}, {'avg_silhouette': 0.055665150318586994, 'num_points': 1653}, {'avg_silhouette': -0.03845559640096813, 'num_points': 34}, {'avg_silhouette': -0.0930030408670891, 'num_points': 147}, {'avg_silhouette': 0.47114847075711336, 'num_points': 509}, {'avg_silhouette': 0.1757890086879266, 'num_points': 155}, {'avg_silhouette': 0.8105501991612561, 'num_points': 83}, {'avg_silhouette': 0.7196751605334814, 'num_points': 159}, {'avg_silhouette': 0.19015274030406562, 'num_points': 17}, {'avg_silhouette': 0.22095271785785622, 'num_points': 16}, {'avg_silhouette': 0.10647015587014368, 'num_points': 14}, {'avg_silhouette': 0.4057156222364221, 'num_points': 78}, {'avg_silhouette': 0.213835963515022, 'num_points': 200}, {'avg_silhouette': 0.17881356464898263, 'num_points': 13}, {'avg_silhouette': 0.83986564750909, 'num_points': 276}, {'avg_silhouette': 0.7940092506157294, 'num_points': 208}]",,41,0.6355078657277714,,4,0.572851320649721
DBSCAN,,0.2438342073763924,"[{'avg_silhouette': 0.7624072055508427, 'num_points': 13474}, {'avg_silhouette': 0.6130898082803056, 'num_points': 71}, {'avg_silhouette': 0.5838089625698795, 'num_points': 18}, {'avg_silhouette': 0.8316220868944485, 'num_points': 34}, {'avg_silhouette': 0.6194521018517607, 'num_points': 762}, {'avg_silhouette': 0.843187160895137, 'num_points': 15}, {'avg_silhouette': 0.26470415353551713, 'num_points': 27}, {'avg_silhouette': 0.09653344920252707, 'num_points': 129}, {'avg_silhouette': 0.7312528117928961, 'num_points': 362}, {'avg_silhouette': 0.7098614039209231, 'num_points': 51}, {'avg_silhouette': 0.45651151805512047, 'num_points': 1307}, {'avg_silhouette': 0.8437629290576245, 'num_points': 9}, {'avg_silhouette': 0.6436107158583783, 'num_points': 8}, {'avg_silhouette': 0.3156903095748526, 'num_points': 195}, {'avg_silhouette': 0.6815309140837026, 'num_points': 6}, {'avg_silhouette': 0.31322482253730716, 'num_points': 24}, {'avg_silhouette': 0.5754926393565787, 'num_points': 40}, {'avg_silhouette': 0.40063624464340963, 'num_points': 36}, {'avg_silhouette': 0.5079476582990134, 'num_points': 22}, {'avg_silhouette': 0.5982111720898758, 'num_points': 44}, {'avg_silhouette': 0.5393814160648354, 'num_points': 10}, {'avg_silhouette': 0.7973573718457986, 'num_points': 61}, {'avg_silhouette': 0.33200010062632573, 'num_points': 156}, {'avg_silhouette': 0.7615812568939204, 'num_points': 1623}, {'avg_silhouette': 0.34041380104973823, 'num_points': 49}, {'avg_silhouette': 0.764196002657345, 'num_points': 352}, {'avg_silhouette': 0.6583674979325653, 'num_points': 8}, {'avg_silhouette': 0.5325396012976236, 'num_points': 25}, {'avg_silhouette': 0.8930555474486006, 'num_points': 5}, {'avg_silhouette': 0.5660765243721941, 'num_points': 8}, {'avg_silhouette': 0.6270297517205404, 'num_points': 3}, {'avg_silhouette': 0.44971483684390823, 'num_points': 26}, {'avg_silhouette': 0.690378392436314, 'num_points': 24}, {'avg_silhouette': 0.8551064539260564, 'num_points': 131}, {'avg_silhouette': 0.8439017255477649, 'num_points': 76}, {'avg_silhouette': 0.4897712885371378, 'num_points': 128}, {'avg_silhouette': 0.9282584680720077, 'num_points': 5}, {'avg_silhouette': 0.5169842182817571, 'num_points': 22}, {'avg_silhouette': 0.8042377521302339, 'num_points': 6}, {'avg_silhouette': 0.4165641582555491, 'num_points': 51}, {'avg_silhouette': 0.6234603672350624, 'num_points': 6}, {'avg_silhouette': 0.43083275762710943, 'num_points': 14}, {'avg_silhouette': 0.9034371869156832, 'num_points': 258}, {'avg_silhouette': 0.5498584158622116, 'num_points': 15}, {'avg_silhouette': 0.7980597774918324, 'num_points': 10}, {'avg_silhouette': 0.47488449577694986, 'num_points': 5}, {'avg_silhouette': 0.4736528061834528, 'num_points': 22}, {'avg_silhouette': 0.6340570709273263, 'num_points': 5}, {'avg_silhouette': 0.7711962981532039, 'num_points': 203}, {'avg_silhouette': 0.7825821542511215, 'num_points': 7}, {'avg_silhouette': 0.8273671268141626, 'num_points': 12}, {'avg_silhouette': 0.39738953653348524, 'num_points': 13}, {'avg_silhouette': 0.6307036785262367, 'num_points': 15}, {'avg_silhouette': 0.6241023846844467, 'num_points': 7}, {'avg_silhouette': 0.8108935114831505, 'num_points': 134}, {'avg_silhouette': 0.3054871575728388, 'num_points': 86}, {'avg_silhouette': 0.789331571294645, 'num_points': 150}, {'avg_silhouette': 0.7929211260313105, 'num_points': 12}, {'avg_silhouette': 0.37775808541651934, 'num_points': 23}, {'avg_silhouette': 0.9057326479176814, 'num_points': 15}, {'avg_silhouette': 0.38847213587757046, 'num_points': 10}, {'avg_silhouette': 1.0, 'num_points': 8}, {'avg_silhouette': 0.7117044745182984, 'num_points': 28}, {'avg_silhouette': 0.4563192952879189, 'num_points': 18}, {'avg_silhouette': 0.35856858445008477, 'num_points': 8}, {'avg_silhouette': 0.7265406993666341, 'num_points': 9}, {'avg_silhouette': 0.6392230443247691, 'num_points': 18}, {'avg_silhouette': 0.6471695419691545, 'num_points': 28}, {'avg_silhouette': 0.30310805225355214, 'num_points': 10}, {'avg_silhouette': 0.844927033686584, 'num_points': 32}, {'avg_silhouette': 0.655435919733212, 'num_points': 48}, {'avg_silhouette': 0.922044140573486, 'num_points': 5}, {'avg_silhouette': 0.6974807963513312, 'num_points': 12}, {'avg_silhouette': 0.7114137521430082, 'num_points': 25}, {'avg_silhouette': 0.7175222036358272, 'num_points': 6}, {'avg_silhouette': 0.706946502811875, 'num_points': 10}, {'avg_silhouette': 0.9262982161219294, 'num_points': 11}, {'avg_silhouette': 0.7550614330290248, 'num_points': 10}, {'avg_silhouette': 0.5146276852666989, 'num_points': 18}, {'avg_silhouette': 0.6559007483786984, 'num_points': 6}, {'avg_silhouette': 0.7446722964398116, 'num_points': 11}, {'avg_silhouette': 0.48443896116629126, 'num_points': 10}, {'avg_silhouette': 0.5308598669371246, 'num_points': 5}, {'avg_silhouette': 0.5547670995136742, 'num_points': 5}, {'avg_silhouette': 0.6365978409775123, 'num_points': 7}, {'avg_silhouette': 0.4220407807099321, 'num_points': 5}, {'avg_silhouette': 0.4516442762041758, 'num_points': 14}, {'avg_silhouette': 0.8835835434896884, 'num_points': 5}, {'avg_silhouette': 0.6477191134110398, 'num_points': 5}, {'avg_silhouette': 0.36611149130961174, 'num_points': 6}, {'avg_silhouette': 0.6144726563587191, 'num_points': 5}, {'avg_silhouette': 0.5177475877908296, 'num_points': 7}]",5.0,92,0.6353274706635831,,3,0.6601666601666278
DBSCAN,,0.23383420737639238,"[{'avg_silhouette': 0.7624896215403865, 'num_points': 13473}, {'avg_silhouette': 0.6142161847389335, 'num_points': 71}, {'avg_silhouette': 0.5733809141998837, 'num_points': 18}, {'avg_silhouette': 0.8316220868944485, 'num_points': 34}, {'avg_silhouette': 0.6194521018517607, 'num_points': 762}, {'avg_silhouette': 0.8431867653128818, 'num_points': 15}, {'avg_silhouette': 0.27330620260950284, 'num_points': 26}, {'avg_silhouette': 0.10252021400025661, 'num_points': 124}, {'avg_silhouette': 0.7312509633701146, 'num_points': 362}, {'avg_silhouette': 0.7098614039209231, 'num_points': 51}, {'avg_silhouette': 0.45886626627227056, 'num_points': 1304}, {'avg_silhouette': 0.8437629290576245, 'num_points': 9}, {'avg_silhouette': 0.6436107158583783, 'num_points': 8}, {'avg_silhouette': 0.3500108194641993, 'num_points': 189}, {'avg_silhouette': 0.6815309140837026, 'num_points': 6}, {'avg_silhouette': 0.31322482253730716, 'num_points': 24}, {'avg_silhouette': 0.5754926393565787, 'num_points': 40}, {'avg_silhouette': 0.4164196755880278, 'num_points': 34}, {'avg_silhouette': 0.5268829941936977, 'num_points': 20}, {'avg_silhouette': 0.5982111720898758, 'num_points': 44}, {'avg_silhouette': 0.5393814160648354, 'num_points': 10}, {'avg_silhouette': 0.7973541425743367, 'num_points': 61}, {'avg_silhouette': 0.3389561157777754, 'num_points': 154}, {'avg_silhouette': 0.7615789627243617, 'num_points': 1623}, {'avg_silhouette': 0.3554763747144731, 'num_points': 48}, {'avg_silhouette': 0.764196002657345, 'num_points': 352}, {'avg_silhouette': 0.6583674979325653, 'num_points': 8}, {'avg_silhouette': 0.532532303076676, 'num_points': 25}, {'avg_silhouette': 0.8930555474486006, 'num_points': 5}, {'avg_silhouette': 0.5955801338966081, 'num_points': 7}, {'avg_silhouette': 0.44971483684390823, 'num_points': 26}, {'avg_silhouette': 0.690378392436314, 'num_points': 24}, {'avg_silhouette': 0.8551061871537611, 'num_points': 131}, {'avg_silhouette': 0.8439017255477649, 'num_points': 76}, {'avg_silhouette': 0.48975879593174265, 'num_points': 128}, {'avg_silhouette': 0.9282584680720077, 'num_points': 5}, {'avg_silhouette': 0.5169842182817571, 'num_points': 22}, {'avg_silhouette': 0.8042377521302339, 'num_points': 6}, {'avg_silhouette': 0.4165641582555491, 'num_points': 51}, {'avg_silhouette': 0.6869391435127079, 'num_points': 5}, {'avg_silhouette': 0.5138398242431998, 'num_points': 9}, {'avg_silhouette': 0.9058384294619377, 'num_points': 257}, {'avg_silhouette': 0.5498584158622116, 'num_points': 15}, {'avg_silhouette': 0.7980597774918324, 'num_points': 10}, {'avg_silhouette': 0.4744178165806837, 'num_points': 5}, {'avg_silhouette': 0.4736528061834528, 'num_points': 22}, {'avg_silhouette': 0.7711962981532039, 'num_points': 203}, {'avg_silhouette': 0.7825821542511215, 'num_points': 7}, {'avg_silhouette': 0.4184687274554129, 'num_points': 5}, {'avg_silhouette': 0.8273656114482916, 'num_points': 12}, {'avg_silhouette': 0.6298566600471011, 'num_points': 15}, {'avg_silhouette': 0.6814868278221873, 'num_points': 6}, {'avg_silhouette': 0.8108935114831505, 'num_points': 134}, {'avg_silhouette': 0.31573062235549176, 'num_points': 84}, {'avg_silhouette': 0.789331571294645, 'num_points': 150}, {'avg_silhouette': 0.791591868279657, 'num_points': 12}, {'avg_silhouette': 0.39684846992531997, 'num_points': 13}, {'avg_silhouette': 0.37721913269123064, 'num_points': 23}, {'avg_silhouette': 0.9057326479176814, 'num_points': 15}, {'avg_silhouette': 0.3884704787625234, 'num_points': 10}, {'avg_silhouette': 1.0, 'num_points': 8}, {'avg_silhouette': 0.7117044745182984, 'num_points': 28}, {'avg_silhouette': 0.4531903969791732, 'num_points': 18}, {'avg_silhouette': 0.3521751911043205, 'num_points': 8}, {'avg_silhouette': 0.7265406993666341, 'num_points': 9}, {'avg_silhouette': 0.638438007314734, 'num_points': 18}, {'avg_silhouette': 0.659919607622236, 'num_points': 27}, {'avg_silhouette': 0.4326527908392987, 'num_points': 7}, {'avg_silhouette': 0.844927033686584, 'num_points': 32}, {'avg_silhouette': 0.655435919733212, 'num_points': 48}, {'avg_silhouette': 0.922044140573486, 'num_points': 5}, {'avg_silhouette': 0.6961512805063367, 'num_points': 12}, {'avg_silhouette': 0.7105373805944482, 'num_points': 25}, {'avg_silhouette': 0.7175222036358272, 'num_points': 6}, {'avg_silhouette': 0.706946502811875, 'num_points': 10}, {'avg_silhouette': 0.9262982161219294, 'num_points': 11}, {'avg_silhouette': 0.7550614330290248, 'num_points': 10}, {'avg_silhouette': 0.5139263690077466, 'num_points': 18}, {'avg_silhouette': 0.6559007483786984, 'num_points': 6}, {'avg_silhouette': 0.7446722964398116, 'num_points': 11}, {'avg_silhouette': 0.5291978367123474, 'num_points': 9}, {'avg_silhouette': 0.5308598669371246, 'num_points': 5}, {'avg_silhouette': 0.5529049359476107, 'num_points': 5}, {'avg_silhouette': 0.4220407807099321, 'num_points': 5}, {'avg_silhouette': 0.6365978409775123, 'num_points': 7}, {'avg_silhouette': 0.4475603130427847, 'num_points': 14}, {'avg_silhouette': 0.8835835434896884, 'num_points': 5}, {'avg_silhouette': 0.36611149130961174, 'num_points': 6}, {'avg_silhouette': 0.6477191134110398, 'num_points': 5}, {'avg_silhouette': 0.6531025792267859, 'num_points': 5}]",5.0,90,0.6344468382561883,,3,0.6609782835123396
AGGLC,ward,,"[{'avg_silhouette': 0.31978427530327597, 'num_points': 198}, {'avg_silhouette': 0.3938148709599899, 'num_points': 434}, {'avg_silhouette': 0.001049031277404259, 'num_points': 144}, {'avg_silhouette': 0.08354225714353745, 'num_points': 142}, {'avg_silhouette': 0.04708890330413286, 'num_points': 152}, {'avg_silhouette': 0.8316158492472684, 'num_points': 11487}, {'avg_silhouette': -0.21614995308456003, 'num_points': 105}, {'avg_silhouette': 0.5870081675045313, 'num_points': 56}, {'avg_silhouette': -0.14518406449112814, 'num_points': 76}, {'avg_silhouette': 0.023097011703599537, 'num_points': 151}, {'avg_silhouette': -0.09736398498515669, 'num_points': 183}, {'avg_silhouette': 0.07156472550024327, 'num_points': 29}, {'avg_silhouette': -0.10470039550155354, 'num_points': 54}, {'avg_silhouette': -0.2905589206545183, 'num_points': 226}, {'avg_silhouette': 0.10006285122819435, 'num_points': 299}, {'avg_silhouette': 0.14131992291031015, 'num_points': 16}, {'avg_silhouette': 0.6536643050031021, 'num_points': 186}, {'avg_silhouette': 0.6327269156211623, 'num_points': 1354}, {'avg_silhouette': 0.7714179271072877, 'num_points': 1707}, {'avg_silhouette': 0.83986564750909, 'num_points': 276}, {'avg_silhouette': 0.5411634900643357, 'num_points': 417}, {'avg_silhouette': 0.5194127255274068, 'num_points': 109}, {'avg_silhouette': 0.3433833240873086, 'num_points': 31}, {'avg_silhouette': 0.8187593817619786, 'num_points': 360}, {'avg_silhouette': 0.4841973462904121, 'num_points': 237}, {'avg_silhouette': 0.6932983283946846, 'num_points': 817}, {'avg_silhouette': 0.055665150318586994, 'num_points': 1653}, {'avg_silhouette': -0.03845559640096813, 'num_points': 34}, {'avg_silhouette': -0.0930030408670891, 'num_points': 147}, {'avg_silhouette': 0.47114847075711336, 'num_points': 509}, {'avg_silhouette': 0.17605296261652364, 'num_points': 155}, {'avg_silhouette': 0.8124957658891185, 'num_points': 83}, {'avg_silhouette': 0.7196822243409596, 'num_points': 159}, {'avg_silhouette': 0.19015274030406562, 'num_points': 17}, {'avg_silhouette': 0.22095271785785622, 'num_points': 16}, {'avg_silhouette': 0.10647015587014368, 'num_points': 14}, {'avg_silhouette': 0.4057156222364221, 'num_points': 78}, {'avg_silhouette': 0.213835963515022, 'num_points': 200}, {'avg_silhouette': 0.17881356464898263, 'num_points': 13}]",,39,0.6343258695165404,,4,0.5728564605735764
AGGLC,ward,,"[{'avg_silhouette': 0.3938148709599899, 'num_points': 434}, {'avg_silhouette': 0.04708890330413286, 'num_points': 152}, {'avg_silhouette': 0.0008569906089868082, 'num_points': 144}, {'avg_silhouette': 0.08354225714353745, 'num_points': 142}, {'avg_silhouette': -0.09736398498515669, 'num_points': 183}, {'avg_silhouette': 0.8316158492472684, 'num_points': 11487}, {'avg_silhouette': -0.2163811595272186, 'num_points': 105}, {'avg_silhouette': 0.5870081675045313, 'num_points': 56}, {'avg_silhouette': -0.14518406449112814, 'num_points': 76}, {'avg_silhouette': 0.023097011703599537, 'num_points': 151}, {'avg_silhouette': 0.3415311994987321, 'num_points': 140}, {'avg_silhouette': 0.07156472550024327, 'num_points': 29}, {'avg_silhouette': -0.10470039550155354, 'num_points': 54}, {'avg_silhouette': -0.2906712790931425, 'num_points': 226}, {'avg_silhouette': 0.10006285122819435, 'num_points': 299}, {'avg_silhouette': 0.1349759977021404, 'num_points': 16}, {'avg_silhouette': 0.6536643050031021, 'num_points': 186}, {'avg_silhouette': 0.6327269156211623, 'num_points': 1354}, {'avg_silhouette': 0.7714179271072877, 'num_points': 1707}, {'avg_silhouette': 0.18720280477920012, 'num_points': 58}, {'avg_silhouette': 0.5411634900643357, 'num_points': 417}, {'avg_silhouette': 0.519036947226903, 'num_points': 109}, {'avg_silhouette': 0.33458403972256734, 'num_points': 31}, {'avg_silhouette': 0.8187593817619786, 'num_points': 360}, {'avg_silhouette': 0.4841973462904121, 'num_points': 237}, {'avg_silhouette': 0.6932983283946846, 'num_points': 817}, {'avg_silhouette': 0.055665150318586994, 'num_points': 1653}, {'avg_silhouette': -0.03845559640096813, 'num_points': 34}, {'avg_silhouette': -0.0930030408670891, 'num_points': 147}, {'avg_silhouette': 0.47114847075711336, 'num_points': 509}, {'avg_silhouette': 0.17605296261652364, 'num_points': 155}, {'avg_silhouette': 0.8124957658891185, 'num_points': 83}, {'avg_silhouette': 0.7196822243409596, 'num_points': 159}, {'avg_silhouette': 0.19015274030406562, 'num_points': 17}, {'avg_silhouette': 0.22095271785785622, 'num_points': 16}, {'avg_silhouette': 0.10647015587014368, 'num_points': 14}, {'avg_silhouette': 0.4057156222364221, 'num_points': 78}, {'avg_silhouette': 0.213835963515022, 'num_points': 200}, {'avg_silhouette': 0.17881356464898263, 'num_points': 13}, {'avg_silhouette': 0.83986564750909, 'num_points': 276}]",,40,0.6340957261776994,,4,0.5728564605735764
AGGLC,ward,,"[{'avg_silhouette': -0.1374511382086448, 'num_points': 160}, {'avg_silhouette': 0.3938148709599899, 'num_points': 434}, {'avg_silhouette': 0.31982518741403004, 'num_points': 198}, {'avg_silhouette': 0.08354225714353745, 'num_points': 142}, {'avg_silhouette': 0.04708890330413286, 'num_points': 152}, {'avg_silhouette': 0.8316158492472684, 'num_points': 11487}, {'avg_silhouette': 0.001049031277404259, 'num_points': 144}, {'avg_silhouette': 0.5870081675045313, 'num_points': 56}, {'avg_silhouette': -0.1437630415079912, 'num_points': 76}, {'avg_silhouette': 0.02347751427642711, 'num_points': 151}, {'avg_silhouette': -0.09736398498515669, 'num_points': 183}, {'avg_silhouette': 0.07156472550024327, 'num_points': 29}, {'avg_silhouette': -0.10245535456137243, 'num_points': 54}, {'avg_silhouette': -0.21614995308456003, 'num_points': 105}, {'avg_silhouette': 0.10023447635037672, 'num_points': 299}, {'avg_silhouette': 0.14131992291031015, 'num_points': 16}, {'avg_silhouette': 0.6536643050031021, 'num_points': 186}, {'avg_silhouette': 0.6327269156211623, 'num_points': 1354}, {'avg_silhouette': 0.7714179271072877, 'num_points': 1707}, {'avg_silhouette': 0.8398773417074499, 'num_points': 276}, {'avg_silhouette': 0.5411977930092445, 'num_points': 417}, {'avg_silhouette': 0.5194127255274068, 'num_points': 109}, {'avg_silhouette': 0.3433833240873086, 'num_points': 31}, {'avg_silhouette': 0.8187593817619786, 'num_points': 360}, {'avg_silhouette': 0.4841973462904121, 'num_points': 237}, {'avg_silhouette': 0.6932983283946846, 'num_points': 817}, {'avg_silhouette': 0.055665150318586994, 'num_points': 1653}, {'avg_silhouette': -0.03361111420807178, 'num_points': 34}, {'avg_silhouette': -0.28842592230555847, 'num_points': 226}, {'avg_silhouette': 0.47114847075711336, 'num_points': 509}, {'avg_silhouette': 0.17605296261652364, 'num_points': 155}, {'avg_silhouette': 0.8124957658891185, 'num_points': 83}, {'avg_silhouette': 0.7196822243409596, 'num_points': 159}, {'avg_silhouette': 0.19165375549625097, 'num_points': 17}, {'avg_silhouette': 0.22095271785785622, 'num_points': 16}, {'avg_silhouette': 0.10705733341935593, 'num_points': 14}, {'avg_silhouette': 0.4057156222364221, 'num_points': 78}, {'avg_silhouette': 0.213835963515022, 'num_points': 200}]",,38,0.6338957866730196,,4,0.5728564605735764
K-means,,,"[{'avg_silhouette': 0.85030055673973, 'num_points': 9325}, {'avg_silhouette': 0.7888737040520548, 'num_points': 1714}, {'avg_silhouette': 0.72044640021734, 'num_points': 159}, {'avg_silhouette': 0.6156502178444211, 'num_points': 867}, {'avg_silhouette': -0.05834237695088574, 'num_points': 27}, {'avg_silhouette': -0.13520020330306193, 'num_points': 165}, {'avg_silhouette': 0.8399867161746435, 'num_points': 276}, {'avg_silhouette': 0.5135571835432148, 'num_points': 427}, {'avg_silhouette': 0.1178248576965654, 'num_points': 58}, {'avg_silhouette': 0.28718427409700764, 'num_points': 211}, {'avg_silhouette': 0.7864289812789574, 'num_points': 367}, {'avg_silhouette': 0.5774963312895752, 'num_points': 98}, {'avg_silhouette': 0.41622861176690495, 'num_points': 178}, {'avg_silhouette': 0.17220020086927962, 'num_points': 52}, {'avg_silhouette': 0.5102005014784045, 'num_points': 212}, {'avg_silhouette': 0.4964429759898245, 'num_points': 112}, {'avg_silhouette': -0.04207717240268255, 'num_points': 68}, {'avg_silhouette': 0.2037111678820141, 'num_points': 78}, {'avg_silhouette': 0.45235713886722634, 'num_points': 246}, {'avg_silhouette': -0.07421050209405412, 'num_points': 57}, {'avg_silhouette': 0.08353122666941903, 'num_points': 28}, {'avg_silhouette': 0.24267208863917752, 'num_points': 74}, {'avg_silhouette': -0.11009196992625228, 'num_points': 136}, {'avg_silhouette': 0.1889609117497157, 'num_points': 111}, {'avg_silhouette': -0.03181529394540882, 'num_points': 11}, {'avg_silhouette': -0.06897195045505122, 'num_points': 103}, {'avg_silhouette': 0.10860892867590632, 'num_points': 14}, {'avg_silhouette': 0.5872874320616273, 'num_points': 56}, {'avg_silhouette': 0.17402777151691068, 'num_points': 158}, {'avg_silhouette': 0.06698694181476583, 'num_points': 27}, {'avg_silhouette': 0.11687854083057791, 'num_points': 19}, {'avg_silhouette': 0.04435976163224905, 'num_points': 64}, {'avg_silhouette': 0.71407998903489, 'num_points': 214}, {'avg_silhouette': 0.5726587112091656, 'num_points': 1433}, {'avg_silhouette': 0.6923783635285224, 'num_points': 2403}, {'avg_silhouette': -0.07445034809705821, 'num_points': 25}, {'avg_silhouette': 0.029911694420528052, 'num_points': 73}, {'avg_silhouette': -0.011464674628206916, 'num_points': 1491}, {'avg_silhouette': 0.2327614403093263, 'num_points': 208}, {'avg_silhouette': 0.22866612296113456, 'num_points': 16}, {'avg_silhouette': 0.4787882123453152, 'num_points': 46}, {'avg_silhouette': 0.3560861473687719, 'num_points': 75}, {'avg_silhouette': 0.038430501083834674, 'num_points': 230}, {'avg_silhouette': 0.30039278405333325, 'num_points': 569}, {'avg_silhouette': 0.5862231057869117, 'num_points': 43}]",,45,0.6338519823340258,,5,0.5785493321802532
AGGLC,ward,,"[{'avg_silhouette': -0.29238108297781007, 'num_points': 302}, {'avg_silhouette': 0.3938148709599899, 'num_points': 434}, {'avg_silhouette': -0.1374511382086448, 'num_points': 160}, {'avg_silhouette': 0.08354225714353745, 'num_points': 142}, {'avg_silhouette': 0.04708890330413286, 'num_points': 152}, {'avg_silhouette': 0.8316158492472684, 'num_points': 11487}, {'avg_silhouette': 0.31982518741403004, 'num_points': 198}, {'avg_silhouette': 0.5870081675045313, 'num_points': 56}, {'avg_silhouette': 0.7714179271072877, 'num_points': 1707}, {'avg_silhouette': 0.02347751427642711, 'num_points': 151}, {'avg_silhouette': -0.09736398498515669, 'num_points': 183}, {'avg_silhouette': 0.07156472550024327, 'num_points': 29}, {'avg_silhouette': -0.10174927907525416, 'num_points': 54}, {'avg_silhouette': 0.001049031277404259, 'num_points': 144}, {'avg_silhouette': 0.10023447635037672, 'num_points': 299}, {'avg_silhouette': 0.14131992291031015, 'num_points': 16}, {'avg_silhouette': 0.6536643050031021, 'num_points': 186}, {'avg_silhouette': 0.6327269156211623, 'num_points': 1354}, {'avg_silhouette': 0.213835963515022, 'num_points': 200}, {'avg_silhouette': 0.8398773417074499, 'num_points': 276}, {'avg_silhouette': 0.5411977930092445, 'num_points': 417}, {'avg_silhouette': 0.5194127255274068, 'num_points': 109}, {'avg_silhouette': 0.3433833240873086, 'num_points': 31}, {'avg_silhouette': 0.8187593817619786, 'num_points': 360}, {'avg_silhouette': 0.4841973462904121, 'num_points': 237}, {'avg_silhouette': 0.6932983283946846, 'num_points': 817}, {'avg_silhouette': 0.055665150318586994, 'num_points': 1653}, {'avg_silhouette': -0.03361111420807178, 'num_points': 34}, {'avg_silhouette': -0.2160961774207817, 'num_points': 105}, {'avg_silhouette': 0.47114847075711336, 'num_points': 509}, {'avg_silhouette': 0.17605296261652364, 'num_points': 155}, {'avg_silhouette': 0.8124957658891185, 'num_points': 83}, {'avg_silhouette': 0.7196822243409596, 'num_points': 159}, {'avg_silhouette': 0.19165375549625097, 'num_points': 17}, {'avg_silhouette': 0.22095271785785622, 'num_points': 16}, {'avg_silhouette': 0.10760697469852783, 'num_points': 14}, {'avg_silhouette': 0.4057156222364221, 'num_points': 78}]",,37,0.6333520952214527,,4,0.5728564605735764
DBSCAN,,0.22383420737639237,"[{'avg_silhouette': 0.7624792618878304, 'num_points': 13473}, {'avg_silhouette': 0.6236015271160978, 'num_points': 70}, {'avg_silhouette': 0.5632636462706624, 'num_points': 18}, {'avg_silhouette': 0.8316220868944485, 'num_points': 34}, {'avg_silhouette': 0.6238373242398477, 'num_points': 758}, {'avg_silhouette': 0.8607440417194911, 'num_points': 14}, {'avg_silhouette': 0.25698724558820735, 'num_points': 24}, {'avg_silhouette': 0.17547738141794697, 'num_points': 114}, {'avg_silhouette': 0.7312509633701146, 'num_points': 362}, {'avg_silhouette': 0.7098614039209231, 'num_points': 51}, {'avg_silhouette': 0.4544581381794141, 'num_points': 1302}, {'avg_silhouette': 0.8437629290576245, 'num_points': 9}, {'avg_silhouette': 0.6436107158583783, 'num_points': 8}, {'avg_silhouette': 0.3872282360622631, 'num_points': 182}, {'avg_silhouette': 0.6812874514864132, 'num_points': 6}, {'avg_silhouette': 0.3691560872835371, 'num_points': 21}, {'avg_silhouette': 0.5828297065675297, 'num_points': 39}, {'avg_silhouette': 0.4164196755880278, 'num_points': 34}, {'avg_silhouette': 0.5264605474509902, 'num_points': 20}, {'avg_silhouette': 0.5965106136859032, 'num_points': 44}, {'avg_silhouette': 0.6154010110002422, 'num_points': 6}, {'avg_silhouette': 0.797352781423596, 'num_points': 61}, {'avg_silhouette': 0.34084136708546015, 'num_points': 153}, {'avg_silhouette': 0.7615792913959777, 'num_points': 1623}, {'avg_silhouette': 0.3665936806592255, 'num_points': 47}, {'avg_silhouette': 0.7706796196434763, 'num_points': 351}, {'avg_silhouette': 0.6583674979325653, 'num_points': 8}, {'avg_silhouette': 0.532532303076676, 'num_points': 25}, {'avg_silhouette': 0.8930555474486006, 'num_points': 5}, {'avg_silhouette': 0.616182138548976, 'num_points': 6}, {'avg_silhouette': 0.4777435593926531, 'num_points': 25}, {'avg_silhouette': 0.690378392436314, 'num_points': 24}, {'avg_silhouette': 0.8551061871537611, 'num_points': 131}, {'avg_silhouette': 0.8439017255477649, 'num_points': 76}, {'avg_silhouette': 0.48975879593174265, 'num_points': 128}, {'avg_silhouette': 0.9282584680720077, 'num_points': 5}, {'avg_silhouette': 0.5169842182817571, 'num_points': 22}, {'avg_silhouette': 0.8043759280173184, 'num_points': 6}, {'avg_silhouette': 0.4165641582555491, 'num_points': 51}, {'avg_silhouette': 0.6866317813822198, 'num_points': 5}, {'avg_silhouette': 0.5708105466067248, 'num_points': 7}, {'avg_silhouette': 0.9058384294619377, 'num_points': 257}, {'avg_silhouette': 0.626821199033563, 'num_points': 11}, {'avg_silhouette': 0.7980597774918324, 'num_points': 10}, {'avg_silhouette': 0.47401322328227097, 'num_points': 5}, {'avg_silhouette': 0.4736528061834528, 'num_points': 22}, {'avg_silhouette': 0.7711962981532039, 'num_points': 203}, {'avg_silhouette': 0.7818564635002082, 'num_points': 7}, {'avg_silhouette': 0.4184687274554129, 'num_points': 5}, {'avg_silhouette': 0.8273656114482916, 'num_points': 12}, {'avg_silhouette': 0.6474832114290406, 'num_points': 14}, {'avg_silhouette': 0.6814722661802088, 'num_points': 6}, {'avg_silhouette': 0.8108935114831505, 'num_points': 134}, {'avg_silhouette': 0.31572193939468135, 'num_points': 84}, {'avg_silhouette': 0.789331571294645, 'num_points': 150}, {'avg_silhouette': 0.7806606087331543, 'num_points': 12}, {'avg_silhouette': 0.42834596878125025, 'num_points': 12}, {'avg_silhouette': 0.37721913269123064, 'num_points': 23}, {'avg_silhouette': 0.9057326479176814, 'num_points': 15}, {'avg_silhouette': 0.3884704787625234, 'num_points': 10}, {'avg_silhouette': 1.0, 'num_points': 8}, {'avg_silhouette': 0.7117044745182984, 'num_points': 28}, {'avg_silhouette': 0.4531903969791732, 'num_points': 18}, {'avg_silhouette': 0.6883395829395091, 'num_points': 5}, {'avg_silhouette': 0.7265406993666341, 'num_points': 9}, {'avg_silhouette': 0.637334123087788, 'num_points': 18}, {'avg_silhouette': 0.6527845937831454, 'num_points': 27}, {'avg_silhouette': 0.844927033686584, 'num_points': 32}, {'avg_silhouette': 0.7553245301141147, 'num_points': 48}, {'avg_silhouette': 0.922044140573486, 'num_points': 5}, {'avg_silhouette': 0.6961512805063367, 'num_points': 12}, {'avg_silhouette': 0.7103874393007963, 'num_points': 25}, {'avg_silhouette': 0.7941079893216243, 'num_points': 5}, {'avg_silhouette': 0.706946502811875, 'num_points': 10}, {'avg_silhouette': 0.9262982161219294, 'num_points': 11}, {'avg_silhouette': 0.7550614330290248, 'num_points': 10}, {'avg_silhouette': 0.5139263690077466, 'num_points': 18}, {'avg_silhouette': 0.7183805380700249, 'num_points': 5}, {'avg_silhouette': 0.7446722964398116, 'num_points': 11}, {'avg_silhouette': 0.5885261568458813, 'num_points': 6}, {'avg_silhouette': 0.5291978367123474, 'num_points': 9}, {'avg_silhouette': 0.4220407807099321, 'num_points': 5}, {'avg_silhouette': 0.6358697173360021, 'num_points': 7}, {'avg_silhouette': 0.44548190532940274, 'num_points': 14}, {'avg_silhouette': 0.8835835434896884, 'num_points': 5}, {'avg_silhouette': 0.6477559456183825, 'num_points': 5}, {'avg_silhouette': 0.23549089276137947, 'num_points': 10}, {'avg_silhouette': 0.48428119303240535, 'num_points': 5}, {'avg_silhouette': 0.34682885934406, 'num_points': 6}]",5.0,89,0.6330831981041444,,3,0.6595055638210741
AGGLC,ward,,"[{'avg_silhouette': 0.06069407196111713, 'num_points': 278}, {'avg_silhouette': -0.29238108297781007, 'num_points': 302}, {'avg_silhouette': -0.1374511382086448, 'num_points': 160}, {'avg_silhouette': 0.39579646233851634, 'num_points': 434}, {'avg_silhouette': 0.04708890330413286, 'num_points': 152}, {'avg_silhouette': 0.8316158492472684, 'num_points': 11487}, {'avg_silhouette': 0.3206506500957588, 'num_points': 198}, {'avg_silhouette': 0.587507009957739, 'num_points': 56}, {'avg_silhouette': 0.08354225714353745, 'num_points': 142}, {'avg_silhouette': 0.02347751427642711, 'num_points': 151}, {'avg_silhouette': -0.09736398498515669, 'num_points': 183}, {'avg_silhouette': 0.0716546569046507, 'num_points': 29}, {'avg_silhouette': -0.10174927907525416, 'num_points': 54}, {'avg_silhouette': 0.001049031277404259, 'num_points': 144}, {'avg_silhouette': 0.10023447635037672, 'num_points': 299}, {'avg_silhouette': 0.14421267387690012, 'num_points': 16}, {'avg_silhouette': 0.6536643050031021, 'num_points': 186}, {'avg_silhouette': 0.6327269156211623, 'num_points': 1354}, {'avg_silhouette': 0.7870014751714606, 'num_points': 1707}, {'avg_silhouette': 0.839906523811172, 'num_points': 276}, {'avg_silhouette': 0.5411977930092445, 'num_points': 417}, {'avg_silhouette': 0.5194127255274068, 'num_points': 109}, {'avg_silhouette': 0.3433833240873086, 'num_points': 31}, {'avg_silhouette': 0.8194542763424939, 'num_points': 360}, {'avg_silhouette': 0.4841973462904121, 'num_points': 237}, {'avg_silhouette': 0.6932983283946846, 'num_points': 817}, {'avg_silhouette': 0.055665150318586994, 'num_points': 1653}, {'avg_silhouette': -0.033594358896660174, 'num_points': 34}, {'avg_silhouette': -0.2160961774207817, 'num_points': 105}, {'avg_silhouette': 0.47114847075711336, 'num_points': 509}, {'avg_silhouette': 0.22592677956579163, 'num_points': 155}, {'avg_silhouette': 0.8124957658891185, 'num_points': 83}, {'avg_silhouette': 0.7196822243409596, 'num_points': 159}, {'avg_silhouette': 0.19165375549625097, 'num_points': 17}, {'avg_silhouette': 0.22095271785785622, 'num_points': 16}, {'avg_silhouette': 0.10760697469852783, 'num_points': 14}]",,36,0.632373353257802,,4,0.5767523475896196
K-means,,,"[{'avg_silhouette': 0.4138207496888386, 'num_points': 253}, {'avg_silhouette': 0.825292830367963, 'num_points': 11644}, {'avg_silhouette': 0.7868402002575915, 'num_points': 1711}, {'avg_silhouette': 0.8340157620058427, 'num_points': 277}, {'avg_silhouette': 0.6429780883847186, 'num_points': 1313}, {'avg_silhouette': 0.26590753662351063, 'num_points': 217}, {'avg_silhouette': 0.6045902444260922, 'num_points': 874}, {'avg_silhouette': 0.6713872865050038, 'num_points': 165}, {'avg_silhouette': 0.7715018231493058, 'num_points': 370}, {'avg_silhouette': 0.4079445057155648, 'num_points': 487}, {'avg_silhouette': 0.16524363097159966, 'num_points': 36}, {'avg_silhouette': 0.4975798288823738, 'num_points': 112}, {'avg_silhouette': 0.21900282293404266, 'num_points': 55}, {'avg_silhouette': 0.01572784412001614, 'num_points': 88}, {'avg_silhouette': 0.18448340958529946, 'num_points': 155}, {'avg_silhouette': 0.5880070205463274, 'num_points': 56}, {'avg_silhouette': 0.008098326581551227, 'num_points': 1587}, {'avg_silhouette': -0.09736677446753568, 'num_points': 41}, {'avg_silhouette': 0.37186270989633047, 'num_points': 252}, {'avg_silhouette': 0.2583878382029646, 'num_points': 584}, {'avg_silhouette': 0.2029143471331079, 'num_points': 233}, {'avg_silhouette': 0.3082121013009531, 'num_points': 155}, {'avg_silhouette': 0.7404931819900027, 'num_points': 213}, {'avg_silhouette': 0.09395560965096554, 'num_points': 96}, {'avg_silhouette': -0.08921401605675928, 'num_points': 94}, {'avg_silhouette': -0.08302335207730688, 'num_points': 121}, {'avg_silhouette': 0.4895194181145171, 'num_points': 105}, {'avg_silhouette': -0.15238256651899007, 'num_points': 34}, {'avg_silhouette': 0.14987454635327305, 'num_points': 59}, {'avg_silhouette': 0.09212138261646445, 'num_points': 94}, {'avg_silhouette': -0.13333245836714366, 'num_points': 106}, {'avg_silhouette': -0.07890289463898831, 'num_points': 25}, {'avg_silhouette': 0.14578370365520177, 'num_points': 215}, {'avg_silhouette': 0.5523767563972276, 'num_points': 75}, {'avg_silhouette': -0.1443886608749736, 'num_points': 37}, {'avg_silhouette': 0.16250437839443554, 'num_points': 130}, {'avg_silhouette': -0.028648174463608723, 'num_points': 38}, {'avg_silhouette': -0.04217963524481455, 'num_points': 110}, {'avg_silhouette': 0.06458437972112316, 'num_points': 8}, {'avg_silhouette': 0.14250175644290533, 'num_points': 19}, {'avg_silhouette': 0.3886752107632016, 'num_points': 80}]",,41,0.6322873282689557,,4,0.565802361397956
AGGLC,ward,,"[{'avg_silhouette': -0.29841127098114084, 'num_points': 316}, {'avg_silhouette': 0.06069407196111713, 'num_points': 278}, {'avg_silhouette': -0.1374511382086448, 'num_points': 160}, {'avg_silhouette': 0.39579646233851634, 'num_points': 434}, {'avg_silhouette': 0.04708890330413286, 'num_points': 152}, {'avg_silhouette': 0.8316158492472684, 'num_points': 11487}, {'avg_silhouette': 0.3206506500957588, 'num_points': 198}, {'avg_silhouette': 0.587507009957739, 'num_points': 56}, {'avg_silhouette': 0.08354225714353745, 'num_points': 142}, {'avg_silhouette': 0.02347751427642711, 'num_points': 151}, {'avg_silhouette': -0.09736398498515669, 'num_points': 183}, {'avg_silhouette': 0.0716546569046507, 'num_points': 29}, {'avg_silhouette': -0.10167132150217968, 'num_points': 54}, {'avg_silhouette': 0.001049031277404259, 'num_points': 144}, {'avg_silhouette': 0.10023447635037672, 'num_points': 299}, {'avg_silhouette': 0.14421267387690012, 'num_points': 16}, {'avg_silhouette': 0.6536643050031021, 'num_points': 186}, {'avg_silhouette': 0.6327269156211623, 'num_points': 1354}, {'avg_silhouette': 0.7870014751714606, 'num_points': 1707}, {'avg_silhouette': 0.839906523811172, 'num_points': 276}, {'avg_silhouette': 0.5411977930092445, 'num_points': 417}, {'avg_silhouette': 0.5194127255274068, 'num_points': 109}, {'avg_silhouette': 0.3433833240873086, 'num_points': 31}, {'avg_silhouette': 0.8194542763424939, 'num_points': 360}, {'avg_silhouette': 0.4841973462904121, 'num_points': 237}, {'avg_silhouette': 0.6932983283946846, 'num_points': 817}, {'avg_silhouette': 0.055665150318586994, 'num_points': 1653}, {'avg_silhouette': -0.033594358896660174, 'num_points': 34}, {'avg_silhouette': -0.2160961774207817, 'num_points': 105}, {'avg_silhouette': 0.47114847075711336, 'num_points': 509}, {'avg_silhouette': 0.22592677956579163, 'num_points': 155}, {'avg_silhouette': 0.8124957658891185, 'num_points': 83}, {'avg_silhouette': 0.7196822243409596, 'num_points': 159}, {'avg_silhouette': 0.19165375549625097, 'num_points': 17}, {'avg_silhouette': 0.22095271785785622, 'num_points': 16}]",,35,0.632037339886203,,4,0.5767523475896196
AGGLC,ward,,"[{'avg_silhouette': -0.30150544592337497, 'num_points': 332}, {'avg_silhouette': 0.06069407196111713, 'num_points': 278}, {'avg_silhouette': -0.1374511382086448, 'num_points': 160}, {'avg_silhouette': 0.39579646233851634, 'num_points': 434}, {'avg_silhouette': 0.04708890330413286, 'num_points': 152}, {'avg_silhouette': 0.8316158492472684, 'num_points': 11487}, {'avg_silhouette': 0.3206506500957588, 'num_points': 198}, {'avg_silhouette': 0.587507009957739, 'num_points': 56}, {'avg_silhouette': 0.08354225714353745, 'num_points': 142}, {'avg_silhouette': 0.02347751427642711, 'num_points': 151}, {'avg_silhouette': -0.09736398498515669, 'num_points': 183}, {'avg_silhouette': 0.0716546569046507, 'num_points': 29}, {'avg_silhouette': -0.09625622451639869, 'num_points': 54}, {'avg_silhouette': 0.001049031277404259, 'num_points': 144}, {'avg_silhouette': 0.10023447635037672, 'num_points': 299}, {'avg_silhouette': 0.14421267387690012, 'num_points': 16}, {'avg_silhouette': 0.6536643050031021, 'num_points': 186}, {'avg_silhouette': 0.6327269156211623, 'num_points': 1354}, {'avg_silhouette': 0.7870014751714606, 'num_points': 1707}, {'avg_silhouette': 0.839906523811172, 'num_points': 276}, {'avg_silhouette': 0.5411977930092445, 'num_points': 417}, {'avg_silhouette': 0.5194127255274068, 'num_points': 109}, {'avg_silhouette': 0.3433833240873086, 'num_points': 31}, {'avg_silhouette': 0.8194542763424939, 'num_points': 360}, {'avg_silhouette': 0.4841973462904121, 'num_points': 237}, {'avg_silhouette': 0.6932983283946846, 'num_points': 817}, {'avg_silhouette': 0.055665150318586994, 'num_points': 1653}, {'avg_silhouette': -0.033594358896660174, 'num_points': 34}, {'avg_silhouette': -0.2160961774207817, 'num_points': 105}, {'avg_silhouette': 0.47114847075711336, 'num_points': 509}, {'avg_silhouette': 0.22592677956579163, 'num_points': 155}, {'avg_silhouette': 0.8124957658891185, 'num_points': 83}, {'avg_silhouette': 0.7196822243409596, 'num_points': 159}, {'avg_silhouette': 0.19165375549625097, 'num_points': 17}]",,34,0.6316321851350376,,4,0.5767523475896196
AGGLC,ward,,"[{'avg_silhouette': -0.11998802978376308, 'num_points': 71}, {'avg_silhouette': 0.06069407196111713, 'num_points': 278}, {'avg_silhouette': -0.3013943246575107, 'num_points': 332}, {'avg_silhouette': 0.39579646233851634, 'num_points': 434}, {'avg_silhouette': 0.04708890330413286, 'num_points': 152}, {'avg_silhouette': -0.1374511382086448, 'num_points': 160}, {'avg_silhouette': 0.3206506500957588, 'num_points': 198}, {'avg_silhouette': 0.587507009957739, 'num_points': 56}, {'avg_silhouette': 0.08354225714353745, 'num_points': 142}, {'avg_silhouette': 0.02347751427642711, 'num_points': 151}, {'avg_silhouette': -0.09721891628805875, 'num_points': 183}, {'avg_silhouette': 0.0716546569046507, 'num_points': 29}, {'avg_silhouette': 0.8316158492472684, 'num_points': 11487}, {'avg_silhouette': 0.001049031277404259, 'num_points': 144}, {'avg_silhouette': 0.10023447635037672, 'num_points': 299}, {'avg_silhouette': 0.14421267387690012, 'num_points': 16}, {'avg_silhouette': 0.6536643050031021, 'num_points': 186}, {'avg_silhouette': 0.6327269156211623, 'num_points': 1354}, {'avg_silhouette': 0.7870014751714606, 'num_points': 1707}, {'avg_silhouette': 0.839906523811172, 'num_points': 276}, {'avg_silhouette': 0.5411977930092445, 'num_points': 417}, {'avg_silhouette': 0.5194127255274068, 'num_points': 109}, {'avg_silhouette': 0.3433833240873086, 'num_points': 31}, {'avg_silhouette': 0.8194542763424939, 'num_points': 360}, {'avg_silhouette': 0.4841973462904121, 'num_points': 237}, {'avg_silhouette': 0.6932983283946846, 'num_points': 817}, {'avg_silhouette': 0.055665150318586994, 'num_points': 1653}, {'avg_silhouette': -0.033594358896660174, 'num_points': 34}, {'avg_silhouette': -0.21575098447888805, 'num_points': 105}, {'avg_silhouette': 0.47114847075711336, 'num_points': 509}, {'avg_silhouette': 0.22592677956579163, 'num_points': 155}, {'avg_silhouette': 0.8124957658891185, 'num_points': 83}, {'avg_silhouette': 0.7196822243409596, 'num_points': 159}]",,33,0.6313419260979717,,4,0.5767523475896196
K-means,,,"[{'avg_silhouette': 0.3566547375132288, 'num_points': 90}, {'avg_silhouette': 0.8168727308471028, 'num_points': 11662}, {'avg_silhouette': -0.16631775553380596, 'num_points': 193}, {'avg_silhouette': 0.6107312696753402, 'num_points': 870}, {'avg_silhouette': 0.5345761344464813, 'num_points': 1471}, {'avg_silhouette': 0.3015886004368716, 'num_points': 6}, {'avg_silhouette': 0.5744870115946169, 'num_points': 19}, {'avg_silhouette': 0.8262001933484823, 'num_points': 278}, {'avg_silhouette': 0.20270586139595828, 'num_points': 56}, {'avg_silhouette': 0.7232594878700384, 'num_points': 213}, {'avg_silhouette': 0.010597688632135262, 'num_points': 98}, {'avg_silhouette': 0.12429790938826348, 'num_points': 86}, {'avg_silhouette': 0.21586431687948981, 'num_points': 187}, {'avg_silhouette': 0.5180123505839528, 'num_points': 426}, {'avg_silhouette': 0.771059772067543, 'num_points': 370}, {'avg_silhouette': 0.8408139825315888, 'num_points': 1526}, {'avg_silhouette': 0.32305730658692206, 'num_points': 153}, {'avg_silhouette': 0.270400390942071, 'num_points': 580}, {'avg_silhouette': -0.14438550626036933, 'num_points': 158}, {'avg_silhouette': 0.720368137709409, 'num_points': 159}, {'avg_silhouette': 0.5870723274639916, 'num_points': 56}, {'avg_silhouette': 0.4078620138133914, 'num_points': 254}, {'avg_silhouette': 0.21372001961594994, 'num_points': 218}, {'avg_silhouette': 0.1733202729857125, 'num_points': 98}, {'avg_silhouette': 0.13538375777470202, 'num_points': 29}, {'avg_silhouette': 0.045181979356894914, 'num_points': 1552}, {'avg_silhouette': 0.24803341615054253, 'num_points': 133}, {'avg_silhouette': 0.23331404100347317, 'num_points': 94}, {'avg_silhouette': 0.037532444434091455, 'num_points': 54}, {'avg_silhouette': -0.07584057778905855, 'num_points': 12}, {'avg_silhouette': 0.3668588695509284, 'num_points': 81}, {'avg_silhouette': 0.41380858143139476, 'num_points': 178}, {'avg_silhouette': -0.05138550469966826, 'num_points': 27}, {'avg_silhouette': 0.5985454188300058, 'num_points': 28}, {'avg_silhouette': 0.3390392655858767, 'num_points': 12}, {'avg_silhouette': 0.7648671335296113, 'num_points': 85}, {'avg_silhouette': -0.006654695957444366, 'num_points': 63}, {'avg_silhouette': 0.3594152387936539, 'num_points': 90}, {'avg_silhouette': -0.052552482386408195, 'num_points': 18}, {'avg_silhouette': -0.011633917773159854, 'num_points': 39}, {'avg_silhouette': 0.5836055151482129, 'num_points': 43}, {'avg_silhouette': 0.3338101859813751, 'num_points': 77}, {'avg_silhouette': 0.023034308980509184, 'num_points': 54}, {'avg_silhouette': 0.22069537961140204, 'num_points': 22}, {'avg_silhouette': 0.45648946871213, 'num_points': 229}, {'avg_silhouette': -0.09284130657226992, 'num_points': 96}, {'avg_silhouette': 0.11495881388570442, 'num_points': 20}, {'avg_silhouette': -0.15876630500319092, 'num_points': 61}]",,48,0.630918972477301,,4,0.559361206795517
AGGLC,ward,,"[{'avg_silhouette': -0.100895284771094, 'num_points': 160}, {'avg_silhouette': 0.06069407196111713, 'num_points': 278}, {'avg_silhouette': -0.11998802978376308, 'num_points': 71}, {'avg_silhouette': 0.39579646233851634, 'num_points': 434}, {'avg_silhouette': 0.04708890330413286, 'num_points': 152}, {'avg_silhouette': -0.13715776066208973, 'num_points': 160}, {'avg_silhouette': -0.3013943246575107, 'num_points': 332}, {'avg_silhouette': 0.587507009957739, 'num_points': 56}, {'avg_silhouette': 0.08354225714353745, 'num_points': 142}, {'avg_silhouette': 0.02347751427642711, 'num_points': 151}, {'avg_silhouette': -0.09721891628805875, 'num_points': 183}, {'avg_silhouette': 0.0716546569046507, 'num_points': 29}, {'avg_silhouette': 0.8316158492472684, 'num_points': 11487}, {'avg_silhouette': 0.3208752247558534, 'num_points': 198}, {'avg_silhouette': 0.10023447635037672, 'num_points': 299}, {'avg_silhouette': 0.7201507428459725, 'num_points': 159}, {'avg_silhouette': 0.6536643050031021, 'num_points': 186}, {'avg_silhouette': 0.6328575177052952, 'num_points': 1354}, {'avg_silhouette': 0.7870014751714606, 'num_points': 1707}, {'avg_silhouette': 0.839906523811172, 'num_points': 276}, {'avg_silhouette': 0.5412910994186196, 'num_points': 417}, {'avg_silhouette': 0.5194127255274068, 'num_points': 109}, {'avg_silhouette': 0.3433833240873086, 'num_points': 31}, {'avg_silhouette': 0.8194542763424939, 'num_points': 360}, {'avg_silhouette': 0.4841973462904121, 'num_points': 237}, {'avg_silhouette': 0.6932983283946846, 'num_points': 817}, {'avg_silhouette': 0.055665150318586994, 'num_points': 1653}, {'avg_silhouette': -0.033415470374064435, 'num_points': 34}, {'avg_silhouette': -0.21575098447888805, 'num_points': 105}, {'avg_silhouette': 0.47114847075711336, 'num_points': 509}, {'avg_silhouette': 0.22592677956579163, 'num_points': 155}, {'avg_silhouette': 0.8124957658891185, 'num_points': 83}]",,32,0.6305260336946159,,4,0.5767849981106529
DBSCAN,,0.21383420737639236,"[{'avg_silhouette': 0.7624072068914755, 'num_points': 13473}, {'avg_silhouette': 0.6546674657519216, 'num_points': 66}, {'avg_silhouette': 0.5615042326543034, 'num_points': 18}, {'avg_silhouette': 0.8313349035785249, 'num_points': 34}, {'avg_silhouette': 0.6093561309286699, 'num_points': 758}, {'avg_silhouette': 0.8607440417194911, 'num_points': 14}, {'avg_silhouette': 0.2584183925032242, 'num_points': 23}, {'avg_silhouette': 0.20143573791932617, 'num_points': 109}, {'avg_silhouette': 0.7347137471897308, 'num_points': 360}, {'avg_silhouette': 0.7097317326071921, 'num_points': 51}, {'avg_silhouette': 0.4645208949390796, 'num_points': 1301}, {'avg_silhouette': 0.8437629290576245, 'num_points': 9}, {'avg_silhouette': 0.6433991888621262, 'num_points': 8}, {'avg_silhouette': 0.39680689829433613, 'num_points': 180}, {'avg_silhouette': 0.747141637589428, 'num_points': 5}, {'avg_silhouette': 0.47549961060113644, 'num_points': 20}, {'avg_silhouette': 0.5828275391020572, 'num_points': 39}, {'avg_silhouette': 0.3166317509794229, 'num_points': 30}, {'avg_silhouette': 0.5264605474509902, 'num_points': 20}, {'avg_silhouette': 0.6049027399113222, 'num_points': 43}, {'avg_silhouette': 0.7973508248738524, 'num_points': 61}, {'avg_silhouette': 0.34787624770196685, 'num_points': 151}, {'avg_silhouette': 0.7596014495512015, 'num_points': 1622}, {'avg_silhouette': 0.35328383628300253, 'num_points': 47}, {'avg_silhouette': 0.803575969841248, 'num_points': 343}, {'avg_silhouette': 0.6583026825898223, 'num_points': 8}, {'avg_silhouette': 0.532532303076676, 'num_points': 25}, {'avg_silhouette': 0.8930555474486006, 'num_points': 5}, {'avg_silhouette': 0.5848581404080823, 'num_points': 23}, {'avg_silhouette': 0.717504793456343, 'num_points': 23}, {'avg_silhouette': 0.8551061871537611, 'num_points': 131}, {'avg_silhouette': 0.6552949888259468, 'num_points': 5}, {'avg_silhouette': 0.8439017255477649, 'num_points': 76}, {'avg_silhouette': 0.48975879593174265, 'num_points': 128}, {'avg_silhouette': 0.9282584680720077, 'num_points': 5}, {'avg_silhouette': 0.49873132504878365, 'num_points': 22}, {'avg_silhouette': 0.8043759280173184, 'num_points': 6}, {'avg_silhouette': 0.4791074813274832, 'num_points': 44}, {'avg_silhouette': 0.5708105466067248, 'num_points': 7}, {'avg_silhouette': 0.9058384294619377, 'num_points': 257}, {'avg_silhouette': 0.6967402346008522, 'num_points': 9}, {'avg_silhouette': 0.7980597774918324, 'num_points': 10}, {'avg_silhouette': 0.5114558055009198, 'num_points': 21}, {'avg_silhouette': 0.6757927412917983, 'num_points': 5}, {'avg_silhouette': 0.7711212929331468, 'num_points': 203}, {'avg_silhouette': 0.7788340616005448, 'num_points': 7}, {'avg_silhouette': 0.8273656114482916, 'num_points': 12}, {'avg_silhouette': 0.6759279288478942, 'num_points': 13}, {'avg_silhouette': 0.6814581458293878, 'num_points': 6}, {'avg_silhouette': 0.3230027177439838, 'num_points': 79}, {'avg_silhouette': 0.7876908225104046, 'num_points': 150}, {'avg_silhouette': 0.20439206558361167, 'num_points': 4}, {'avg_silhouette': 0.7766302749405006, 'num_points': 12}, {'avg_silhouette': 0.4573672184784131, 'num_points': 11}, {'avg_silhouette': 0.38771164941562325, 'num_points': 21}, {'avg_silhouette': 0.90566665824339, 'num_points': 15}, {'avg_silhouette': 0.8231692558012398, 'num_points': 132}, {'avg_silhouette': 1.0, 'num_points': 8}, {'avg_silhouette': 0.8648450175320562, 'num_points': 24}, {'avg_silhouette': 0.450268418711005, 'num_points': 18}, {'avg_silhouette': 0.7159219778480549, 'num_points': 9}, {'avg_silhouette': 0.6875037339361417, 'num_points': 25}, {'avg_silhouette': 0.6555938388173262, 'num_points': 17}, {'avg_silhouette': 0.9751295932095148, 'num_points': 22}, {'avg_silhouette': 0.755456302080124, 'num_points': 48}, {'avg_silhouette': 0.8318304058987753, 'num_points': 10}, {'avg_silhouette': 0.922044140573486, 'num_points': 5}, {'avg_silhouette': 0.6961512805063367, 'num_points': 12}, {'avg_silhouette': 0.7097747320149206, 'num_points': 25}, {'avg_silhouette': 0.7941079893216243, 'num_points': 5}, {'avg_silhouette': 0.7052690881668322, 'num_points': 10}, {'avg_silhouette': 0.9233414034135332, 'num_points': 11}, {'avg_silhouette': 0.7550614330290248, 'num_points': 10}, {'avg_silhouette': 0.5683509684963233, 'num_points': 17}, {'avg_silhouette': 0.7446722964398116, 'num_points': 11}, {'avg_silhouette': 0.6040207565590394, 'num_points': 5}, {'avg_silhouette': 0.526794284035878, 'num_points': 9}, {'avg_silhouette': 0.3832899548670664, 'num_points': 5}, {'avg_silhouette': 0.6358697173360021, 'num_points': 7}, {'avg_silhouette': 0.5408394688410847, 'num_points': 12}, {'avg_silhouette': 0.8835835434896884, 'num_points': 5}, {'avg_silhouette': 0.6519192458328352, 'num_points': 5}, {'avg_silhouette': 0.6094278597225998, 'num_points': 8}, {'avg_silhouette': 0.2814650364519715, 'num_points': 8}, {'avg_silhouette': 0.45538837646988883, 'num_points': 5}]",5.0,85,0.6297729690792483,,3,0.6621765171272522
DBSCAN,,0.2438342073763924,"[{'avg_silhouette': 0.7624643403733697, 'num_points': 13474}, {'avg_silhouette': 0.719330585136471, 'num_points': 71}, {'avg_silhouette': 0.5713765149325368, 'num_points': 18}, {'avg_silhouette': 0.8323274614357095, 'num_points': 34}, {'avg_silhouette': 0.6212203217381376, 'num_points': 761}, {'avg_silhouette': 0.843187160895137, 'num_points': 15}, {'avg_silhouette': 0.22885627232381558, 'num_points': 26}, {'avg_silhouette': 0.24125671982035776, 'num_points': 107}, {'avg_silhouette': 0.7314975256628548, 'num_points': 362}, {'avg_silhouette': 0.7098614039209231, 'num_points': 51}, {'avg_silhouette': 0.4736830188621567, 'num_points': 1307}, {'avg_silhouette': 0.35806495029670166, 'num_points': 188}, {'avg_silhouette': 0.6160212572771019, 'num_points': 40}, {'avg_silhouette': 0.6130221833511518, 'num_points': 34}, {'avg_silhouette': 0.5967085744469734, 'num_points': 44}, {'avg_silhouette': 0.5739194941484843, 'num_points': 17}, {'avg_silhouette': 0.8136828717923791, 'num_points': 61}, {'avg_silhouette': 0.3315628118615501, 'num_points': 156}, {'avg_silhouette': 0.7615812568939204, 'num_points': 1623}, {'avg_silhouette': 0.34041380104973823, 'num_points': 49}, {'avg_silhouette': 0.8615965887007595, 'num_points': 347}, {'avg_silhouette': 0.45020133955848324, 'num_points': 22}, {'avg_silhouette': 0.5325396012976236, 'num_points': 25}, {'avg_silhouette': 0.44927256501813895, 'num_points': 26}, {'avg_silhouette': 0.690378392436314, 'num_points': 24}, {'avg_silhouette': 0.8551064539260564, 'num_points': 131}, {'avg_silhouette': 0.8439017255477649, 'num_points': 76}, {'avg_silhouette': 0.4897712885371378, 'num_points': 128}, {'avg_silhouette': 0.5117043975697659, 'num_points': 22}, {'avg_silhouette': 0.4320891680619534, 'num_points': 50}, {'avg_silhouette': 0.9034371869156832, 'num_points': 258}, {'avg_silhouette': 0.7980597774918324, 'num_points': 10}, {'avg_silhouette': 0.4736528061834528, 'num_points': 22}, {'avg_silhouette': 0.7711962981532039, 'num_points': 203}, {'avg_silhouette': 0.8273671268141626, 'num_points': 12}, {'avg_silhouette': 0.6168981788326537, 'num_points': 12}, {'avg_silhouette': 0.6307036785262367, 'num_points': 15}, {'avg_silhouette': 0.8108935114831505, 'num_points': 134}, {'avg_silhouette': 0.31674238432507684, 'num_points': 83}, {'avg_silhouette': 0.789331571294645, 'num_points': 150}, {'avg_silhouette': 0.7726831270179776, 'num_points': 12}, {'avg_silhouette': 0.39738953653348524, 'num_points': 13}, {'avg_silhouette': 0.39431701875055286, 'num_points': 23}, {'avg_silhouette': 0.9057326479176814, 'num_points': 15}, {'avg_silhouette': 0.7117044745182984, 'num_points': 28}, {'avg_silhouette': 0.6393280296381129, 'num_points': 18}, {'avg_silhouette': 0.6528238890749973, 'num_points': 28}, {'avg_silhouette': 0.8999868711899354, 'num_points': 32}, {'avg_silhouette': 0.7554175169798305, 'num_points': 48}, {'avg_silhouette': 0.6992979577996611, 'num_points': 12}, {'avg_silhouette': 0.7114137521430082, 'num_points': 25}, {'avg_silhouette': 0.706946502811875, 'num_points': 10}, {'avg_silhouette': 0.9262982161219294, 'num_points': 11}, {'avg_silhouette': 0.7550614330290248, 'num_points': 10}, {'avg_silhouette': 0.5138184697789157, 'num_points': 18}, {'avg_silhouette': 0.7446722964398116, 'num_points': 11}, {'avg_silhouette': 0.4530806211862741, 'num_points': 18}, {'avg_silhouette': 0.4516442762041758, 'num_points': 14}]",10.0,58,0.6288245276749478,,3,0.6659095387098156
DBSCAN,,1.003834207376393,"[{'avg_silhouette': 0.6347014567206324, 'num_points': 22145}, {'avg_silhouette': 0.5191120271925982, 'num_points': 9}, {'avg_silhouette': 0.2976624171826529, 'num_points': 15}, {'avg_silhouette': 0.3475478672864477, 'num_points': 5}, {'avg_silhouette': 0.3452053306555756, 'num_points': 6}]",5.0,5,0.6287217062417507,,1,
AGGLC,ward,,"[{'avg_silhouette': 0.09251365980367175, 'num_points': 225}, {'avg_silhouette': -0.10086173750028889, 'num_points': 160}, {'avg_silhouette': -0.1199470325717651, 'num_points': 71}, {'avg_silhouette': 0.06069407196111713, 'num_points': 278}, {'avg_silhouette': 0.04708890330413286, 'num_points': 152}, {'avg_silhouette': -0.13715776066208973, 'num_points': 160}, {'avg_silhouette': -0.30129725746439545, 'num_points': 332}, {'avg_silhouette': 0.587507009957739, 'num_points': 56}, {'avg_silhouette': 0.4101733036696135, 'num_points': 434}, {'avg_silhouette': 0.028093110228737346, 'num_points': 151}, {'avg_silhouette': -0.09681709972706008, 'num_points': 183}, {'avg_silhouette': 0.0716546569046507, 'num_points': 29}, {'avg_silhouette': 0.8316158492472684, 'num_points': 11487}, {'avg_silhouette': 0.3208752247558534, 'num_points': 198}, {'avg_silhouette': 0.1046523612698825, 'num_points': 299}, {'avg_silhouette': 0.7207260965205412, 'num_points': 159}, {'avg_silhouette': 0.6536643050031021, 'num_points': 186}, {'avg_silhouette': 0.6328838276266219, 'num_points': 1354}, {'avg_silhouette': 0.7870014751714606, 'num_points': 1707}, {'avg_silhouette': 0.839906523811172, 'num_points': 276}, {'avg_silhouette': 0.5412910994186196, 'num_points': 417}, {'avg_silhouette': 0.5194127255274068, 'num_points': 109}, {'avg_silhouette': 0.3433833240873086, 'num_points': 31}, {'avg_silhouette': 0.8194542763424939, 'num_points': 360}, {'avg_silhouette': 0.4841973462904121, 'num_points': 237}, {'avg_silhouette': 0.6932983283946846, 'num_points': 817}, {'avg_silhouette': 0.055665150318586994, 'num_points': 1653}, {'avg_silhouette': -0.03327833531858715, 'num_points': 34}, {'avg_silhouette': -0.21575098447888805, 'num_points': 105}, {'avg_silhouette': 0.47114847075711336, 'num_points': 509}, {'avg_silhouette': 0.22592677956579163, 'num_points': 155}]",,31,0.6282871285097857,,4,0.5767915755909845
DBSCAN,,0.23383420737639238,"[{'avg_silhouette': 0.7625560403588483, 'num_points': 13473}, {'avg_silhouette': 0.719330585136471, 'num_points': 71}, {'avg_silhouette': 0.5688545199336782, 'num_points': 18}, {'avg_silhouette': 0.8323274614357095, 'num_points': 34}, {'avg_silhouette': 0.6227263280978288, 'num_points': 760}, {'avg_silhouette': 0.8431867653128818, 'num_points': 15}, {'avg_silhouette': 0.22370290199240134, 'num_points': 26}, {'avg_silhouette': 0.255697309508445, 'num_points': 103}, {'avg_silhouette': 0.7314956068196785, 'num_points': 362}, {'avg_silhouette': 0.7098614039209231, 'num_points': 51}, {'avg_silhouette': 0.47706738246550123, 'num_points': 1303}, {'avg_silhouette': 0.36692859703320163, 'num_points': 186}, {'avg_silhouette': 0.6159105885388977, 'num_points': 40}, {'avg_silhouette': 0.6236732890688391, 'num_points': 33}, {'avg_silhouette': 0.5965106136859032, 'num_points': 44}, {'avg_silhouette': 0.6538621826006179, 'num_points': 13}, {'avg_silhouette': 0.8135574950850206, 'num_points': 61}, {'avg_silhouette': 0.33894118392683675, 'num_points': 154}, {'avg_silhouette': 0.7615789627243617, 'num_points': 1623}, {'avg_silhouette': 0.3665936806592255, 'num_points': 47}, {'avg_silhouette': 0.8614025437636225, 'num_points': 347}, {'avg_silhouette': 0.46030580849507413, 'num_points': 21}, {'avg_silhouette': 0.532532303076676, 'num_points': 25}, {'avg_silhouette': 0.4489335412323844, 'num_points': 26}, {'avg_silhouette': 0.690378392436314, 'num_points': 24}, {'avg_silhouette': 0.8551061871537611, 'num_points': 131}, {'avg_silhouette': 0.8439017255477649, 'num_points': 76}, {'avg_silhouette': 0.48975879593174265, 'num_points': 128}, {'avg_silhouette': 0.9058384294619377, 'num_points': 257}, {'avg_silhouette': 0.7980597774918324, 'num_points': 10}, {'avg_silhouette': 0.4736528061834528, 'num_points': 22}, {'avg_silhouette': 0.7711962981532039, 'num_points': 203}, {'avg_silhouette': 0.8273656114482916, 'num_points': 12}, {'avg_silhouette': 0.665866954638891, 'num_points': 10}, {'avg_silhouette': 0.6289975808260646, 'num_points': 15}, {'avg_silhouette': 0.8108935114831505, 'num_points': 134}, {'avg_silhouette': 0.32088244039889463, 'num_points': 82}, {'avg_silhouette': 0.789331571294645, 'num_points': 150}, {'avg_silhouette': 0.7705642876720424, 'num_points': 12}, {'avg_silhouette': 0.39431701875055286, 'num_points': 23}, {'avg_silhouette': 0.9057326479176814, 'num_points': 15}, {'avg_silhouette': 0.7117044745182984, 'num_points': 28}, {'avg_silhouette': 0.6655597013164949, 'num_points': 27}, {'avg_silhouette': 0.8999866086296155, 'num_points': 32}, {'avg_silhouette': 0.7553245301141147, 'num_points': 48}, {'avg_silhouette': 0.45687494702474957, 'num_points': 47}, {'avg_silhouette': 0.699295827614494, 'num_points': 12}, {'avg_silhouette': 0.7105373805944482, 'num_points': 25}, {'avg_silhouette': 0.6393280296381129, 'num_points': 18}, {'avg_silhouette': 0.706946502811875, 'num_points': 10}, {'avg_silhouette': 0.9262982161219294, 'num_points': 11}, {'avg_silhouette': 0.503776976835482, 'num_points': 22}, {'avg_silhouette': 0.7550614330290248, 'num_points': 10}, {'avg_silhouette': 0.5135657463736336, 'num_points': 18}, {'avg_silhouette': 0.7446722964398116, 'num_points': 11}, {'avg_silhouette': 0.39654854176724574, 'num_points': 13}, {'avg_silhouette': 0.45191163348038366, 'num_points': 18}, {'avg_silhouette': 0.44548190532940274, 'num_points': 14}]",10.0,58,0.6281084285753816,,3,0.6670674618495704
K-means,,,"[{'avg_silhouette': 0.7383839764006752, 'num_points': 14867}, {'avg_silhouette': -0.012475788645655643, 'num_points': 834}, {'avg_silhouette': 0.4692264115932762, 'num_points': 1607}, {'avg_silhouette': 0.8033892404461221, 'num_points': 282}, {'avg_silhouette': 0.786658950112708, 'num_points': 1758}, {'avg_silhouette': 0.40994419754106826, 'num_points': 1145}, {'avg_silhouette': 0.29888608413786677, 'num_points': 213}, {'avg_silhouette': 0.6798042200930746, 'num_points': 165}, {'avg_silhouette': -0.17503785672991426, 'num_points': 949}, {'avg_silhouette': 0.3945570619106496, 'num_points': 504}]",,10,0.6275157312551617,,4,0.601053383911932
AGGLC,ward,,"[{'avg_silhouette': 0.0032539631224260306, 'num_points': 433}, {'avg_silhouette': 0.09251365980367175, 'num_points': 225}, {'avg_silhouette': -0.11978309882942907, 'num_points': 71}, {'avg_silhouette': -0.10053420667437937, 'num_points': 160}, {'avg_silhouette': 0.04708890330413286, 'num_points': 152}, {'avg_silhouette': -0.13715776066208973, 'num_points': 160}, {'avg_silhouette': -0.30129725746439545, 'num_points': 332}, {'avg_silhouette': 0.5876863970717127, 'num_points': 56}, {'avg_silhouette': 0.4105164130339312, 'num_points': 434}, {'avg_silhouette': 0.028258616658533752, 'num_points': 151}, {'avg_silhouette': -0.09681709972706008, 'num_points': 183}, {'avg_silhouette': 0.07554096291123859, 'num_points': 29}, {'avg_silhouette': 0.8316158492472684, 'num_points': 11487}, {'avg_silhouette': 0.32108437512241705, 'num_points': 198}, {'avg_silhouette': 0.1055808541344118, 'num_points': 299}, {'avg_silhouette': 0.7207260965205412, 'num_points': 159}, {'avg_silhouette': 0.6536643050031021, 'num_points': 186}, {'avg_silhouette': 0.6328838276266219, 'num_points': 1354}, {'avg_silhouette': 0.8019468720090743, 'num_points': 1707}, {'avg_silhouette': 0.839906523811172, 'num_points': 276}, {'avg_silhouette': 0.5412910994186196, 'num_points': 417}, {'avg_silhouette': 0.5194127255274068, 'num_points': 109}, {'avg_silhouette': 0.3433833240873086, 'num_points': 31}, {'avg_silhouette': 0.8194542763424939, 'num_points': 360}, {'avg_silhouette': 0.4841973462904121, 'num_points': 237}, {'avg_silhouette': 0.6932983283946846, 'num_points': 817}, {'avg_silhouette': 0.055665150318586994, 'num_points': 1653}, {'avg_silhouette': -0.03327833531858715, 'num_points': 34}, {'avg_silhouette': -0.21016778842355435, 'num_points': 105}, {'avg_silhouette': 0.47114847075711336, 'num_points': 509}]",,30,0.6272252720340757,,4,0.580527924800388
K-means,,,"[{'avg_silhouette': 0.78732691113522, 'num_points': 1717}, {'avg_silhouette': 0.8397587607608827, 'num_points': 11742}, {'avg_silhouette': 0.5158826152206942, 'num_points': 1493}, {'avg_silhouette': 0.5133651373994994, 'num_points': 383}, {'avg_silhouette': -0.07763808471159077, 'num_points': 133}, {'avg_silhouette': 0.8281412090574654, 'num_points': 278}, {'avg_silhouette': 0.6048092644178436, 'num_points': 3}, {'avg_silhouette': 0.6091881361842925, 'num_points': 873}, {'avg_silhouette': 0.2867288707284288, 'num_points': 212}, {'avg_silhouette': 0.498473733128754, 'num_points': 112}, {'avg_silhouette': 0.516540060722425, 'num_points': 428}, {'avg_silhouette': 0.7892560881418031, 'num_points': 367}, {'avg_silhouette': -0.14343423911397452, 'num_points': 117}, {'avg_silhouette': 0.06183950304313618, 'num_points': 279}, {'avg_silhouette': 0.5562172274198194, 'num_points': 202}, {'avg_silhouette': 0.11076722268049907, 'num_points': 314}, {'avg_silhouette': -0.0534000320159477, 'num_points': 90}, {'avg_silhouette': 0.029398059833503187, 'num_points': 184}, {'avg_silhouette': 0.5894777535850143, 'num_points': 56}, {'avg_silhouette': 0.42057010494326513, 'num_points': 128}, {'avg_silhouette': -0.09322881502947244, 'num_points': 164}, {'avg_silhouette': 0.44530401484443904, 'num_points': 51}, {'avg_silhouette': 0.05406806940117262, 'num_points': 29}, {'avg_silhouette': 0.1626028613429384, 'num_points': 18}, {'avg_silhouette': 0.4328674941461942, 'num_points': 250}, {'avg_silhouette': 0.44368285305254695, 'num_points': 162}, {'avg_silhouette': 0.33514370210447947, 'num_points': 77}, {'avg_silhouette': -0.12365290761429391, 'num_points': 1619}, {'avg_silhouette': 0.19212976182469632, 'num_points': 604}, {'avg_silhouette': 0.3672059322569932, 'num_points': 90}, {'avg_silhouette': 0.24395641506400143, 'num_points': 149}]",,31,0.6270437615506415,,4,0.5048288448756258
DBSCAN,,0.22383420737639237,"[{'avg_silhouette': 0.7625560403588483, 'num_points': 13473}, {'avg_silhouette': 0.7254546333444531, 'num_points': 70}, {'avg_silhouette': 0.5632636462706624, 'num_points': 18}, {'avg_silhouette': 0.8323274614357095, 'num_points': 34}, {'avg_silhouette': 0.6238373242398477, 'num_points': 758}, {'avg_silhouette': 0.8607440417194911, 'num_points': 14}, {'avg_silhouette': 0.29902310029908846, 'num_points': 19}, {'avg_silhouette': 0.2584374329119946, 'num_points': 102}, {'avg_silhouette': 0.7314956068196785, 'num_points': 362}, {'avg_silhouette': 0.7098614039209231, 'num_points': 51}, {'avg_silhouette': 0.46975746368995336, 'num_points': 1301}, {'avg_silhouette': 0.3872282360622631, 'num_points': 182}, {'avg_silhouette': 0.6221323495205201, 'num_points': 39}, {'avg_silhouette': 0.6386282753895173, 'num_points': 31}, {'avg_silhouette': 0.6029635832485244, 'num_points': 43}, {'avg_silhouette': 0.678891017246806, 'num_points': 12}, {'avg_silhouette': 0.8135053571908557, 'num_points': 61}, {'avg_silhouette': 0.3459769282931473, 'num_points': 151}, {'avg_silhouette': 0.758125440907407, 'num_points': 1623}, {'avg_silhouette': 0.3665936806592255, 'num_points': 47}, {'avg_silhouette': 0.8763667275955244, 'num_points': 343}, {'avg_silhouette': 0.4934775579127012, 'num_points': 18}, {'avg_silhouette': 0.4777435593926531, 'num_points': 25}, {'avg_silhouette': 0.690378392436314, 'num_points': 24}, {'avg_silhouette': 0.8551061871537611, 'num_points': 131}, {'avg_silhouette': 0.532532303076676, 'num_points': 25}, {'avg_silhouette': 0.8439017255477649, 'num_points': 76}, {'avg_silhouette': 0.48975879593174265, 'num_points': 128}, {'avg_silhouette': 0.9058384294619377, 'num_points': 257}, {'avg_silhouette': 0.7980597774918324, 'num_points': 10}, {'avg_silhouette': 0.5117846613374898, 'num_points': 21}, {'avg_silhouette': 0.7711962981532039, 'num_points': 203}, {'avg_silhouette': 0.8273656114482916, 'num_points': 12}, {'avg_silhouette': 0.6759279288478942, 'num_points': 13}, {'avg_silhouette': 0.8108935114831505, 'num_points': 134}, {'avg_silhouette': 0.3242403063271133, 'num_points': 80}, {'avg_silhouette': 0.789331571294645, 'num_points': 150}, {'avg_silhouette': 0.7697520265972598, 'num_points': 12}, {'avg_silhouette': 0.39431701875055286, 'num_points': 23}, {'avg_silhouette': 0.9057326479176814, 'num_points': 15}, {'avg_silhouette': 0.7117044745182984, 'num_points': 28}, {'avg_silhouette': 0.6655597013164949, 'num_points': 27}, {'avg_silhouette': 0.8999866086296155, 'num_points': 32}, {'avg_silhouette': 0.7553245301141147, 'num_points': 48}, {'avg_silhouette': 0.4846597571295578, 'num_points': 43}, {'avg_silhouette': 0.699295827614494, 'num_points': 12}, {'avg_silhouette': 0.7098597822922684, 'num_points': 25}, {'avg_silhouette': 0.6616513600439802, 'num_points': 17}, {'avg_silhouette': 0.706946502811875, 'num_points': 10}, {'avg_silhouette': 0.9262982161219294, 'num_points': 11}, {'avg_silhouette': 0.4964475242785763, 'num_points': 22}, {'avg_silhouette': 0.5133361385273882, 'num_points': 18}, {'avg_silhouette': 0.7446722964398116, 'num_points': 11}, {'avg_silhouette': 0.4280402773070853, 'num_points': 12}, {'avg_silhouette': 0.45095485909495076, 'num_points': 18}, {'avg_silhouette': 0.44548190532940274, 'num_points': 14}, {'avg_silhouette': 0.7550614330290248, 'num_points': 10}]",10.0,57,0.62584379130613,,3,0.6634796483187362
K-means,,,"[{'avg_silhouette': 0.8295097986882064, 'num_points': 13372}, {'avg_silhouette': 0.43254103972335806, 'num_points': 2528}, {'avg_silhouette': 0.4574612272203341, 'num_points': 1597}, {'avg_silhouette': 0.29327192632429877, 'num_points': 213}, {'avg_silhouette': 0.3797415675057411, 'num_points': 502}, {'avg_silhouette': 0.5827393523497052, 'num_points': 894}, {'avg_silhouette': -0.16992314062583347, 'num_points': 420}, {'avg_silhouette': 0.8225174622548476, 'num_points': 279}, {'avg_silhouette': -0.2620421199606363, 'num_points': 815}, {'avg_silhouette': -0.07623380515274557, 'num_points': 665}, {'avg_silhouette': 0.05070584810586059, 'num_points': 439}, {'avg_silhouette': 0.6762752375564569, 'num_points': 165}, {'avg_silhouette': 0.561627959599018, 'num_points': 435}]",,13,0.6254393842142283,,3,0.5731706885439661
K-means,,,"[{'avg_silhouette': 0.3031588897874271, 'num_points': 572}, {'avg_silhouette': 0.8152557422175215, 'num_points': 11629}, {'avg_silhouette': 0.2184032780753953, 'num_points': 271}, {'avg_silhouette': 0.8324279163159756, 'num_points': 277}, {'avg_silhouette': 0.026327440180193805, 'num_points': 119}, {'avg_silhouette': 0.34362536413436506, 'num_points': 92}, {'avg_silhouette': 0.3412444838394402, 'num_points': 147}, {'avg_silhouette': 0.5970205149563721, 'num_points': 878}, {'avg_silhouette': 0.6713648304802251, 'num_points': 165}, {'avg_silhouette': 0.5119788721541556, 'num_points': 428}, {'avg_silhouette': -0.04453009046677616, 'num_points': 87}, {'avg_silhouette': 0.7721892770678623, 'num_points': 1594}, {'avg_silhouette': -0.12717824676189945, 'num_points': 41}, {'avg_silhouette': 0.49555583317363033, 'num_points': 112}, {'avg_silhouette': 0.5123624075973073, 'num_points': 1492}, {'avg_silhouette': 0.731467182205128, 'num_points': 214}, {'avg_silhouette': -0.13715251864384756, 'num_points': 151}, {'avg_silhouette': 0.5453139293007313, 'num_points': 216}, {'avg_silhouette': 0.18254913124511796, 'num_points': 111}, {'avg_silhouette': 0.0002528694704409177, 'num_points': 82}, {'avg_silhouette': 0.7707051634118193, 'num_points': 370}, {'avg_silhouette': 0.5871072824520649, 'num_points': 56}, {'avg_silhouette': 0.3338988549168767, 'num_points': 77}, {'avg_silhouette': 0.06476296883487517, 'num_points': 98}, {'avg_silhouette': 0.08373899581147859, 'num_points': 1555}, {'avg_silhouette': 0.13532912695731783, 'num_points': 215}, {'avg_silhouette': 0.004443318349393209, 'num_points': 132}, {'avg_silhouette': 0.33858754071769137, 'num_points': 31}, {'avg_silhouette': 0.1205610510110752, 'num_points': 20}, {'avg_silhouette': 0.2053087428520307, 'num_points': 55}, {'avg_silhouette': 0.2682399256556277, 'num_points': 217}, {'avg_silhouette': 0.41427930519329637, 'num_points': 239}, {'avg_silhouette': -0.0343374260537994, 'num_points': 45}, {'avg_silhouette': 0.19676216929194662, 'num_points': 16}, {'avg_silhouette': 0.19619466130165558, 'num_points': 101}, {'avg_silhouette': 0.25189262993247946, 'num_points': 141}, {'avg_silhouette': -0.13987695940064857, 'num_points': 29}, {'avg_silhouette': -0.0839904009501603, 'num_points': 37}, {'avg_silhouette': -0.08822728093390142, 'num_points': 131}, {'avg_silhouette': 0.3737767698494673, 'num_points': 81}]",,40,0.6252601317669323,,4,0.5458866056735424
K-means,,,"[{'avg_silhouette': -0.1586910548196616, 'num_points': 729}, {'avg_silhouette': 0.8389896753520414, 'num_points': 12719}, {'avg_silhouette': 0.7903932472651894, 'num_points': 1740}, {'avg_silhouette': 0.38670335307685455, 'num_points': 1146}, {'avg_silhouette': 0.5910332391127037, 'num_points': 1410}, {'avg_silhouette': 0.8004084750818242, 'num_points': 282}, {'avg_silhouette': 0.5012088530496447, 'num_points': 112}, {'avg_silhouette': 0.029912484648356382, 'num_points': 402}, {'avg_silhouette': 0.7529306089019467, 'num_points': 375}, {'avg_silhouette': 0.2896809258681026, 'num_points': 213}, {'avg_silhouette': 0.3193056647098399, 'num_points': 95}, {'avg_silhouette': 0.6746274244362511, 'num_points': 165}, {'avg_silhouette': 0.5901984788285227, 'num_points': 56}, {'avg_silhouette': -0.2800057450601197, 'num_points': 1569}, {'avg_silhouette': 0.4974905140709336, 'num_points': 392}, {'avg_silhouette': 0.3858823667293435, 'num_points': 499}, {'avg_silhouette': 0.1194685773345074, 'num_points': 204}, {'avg_silhouette': -0.18286330157718989, 'num_points': 216}]",,18,0.6250209568576738,,5,0.46542275394933386
K-means,,,"[{'avg_silhouette': 0.023428140061573132, 'num_points': 72}, {'avg_silhouette': 0.40487091995706825, 'num_points': 489}, {'avg_silhouette': 0.8354418359693683, 'num_points': 11703}, {'avg_silhouette': 0.47695384248759287, 'num_points': 31}, {'avg_silhouette': 0.5372031758068037, 'num_points': 1487}, {'avg_silhouette': 0.15263330088396243, 'num_points': 79}, {'avg_silhouette': 0.8224922814008372, 'num_points': 1696}, {'avg_silhouette': 0.6731045135444262, 'num_points': 165}, {'avg_silhouette': -0.18826809545894602, 'num_points': 94}, {'avg_silhouette': 0.7037610706287588, 'num_points': 805}, {'avg_silhouette': 0.014126354536834678, 'num_points': 122}, {'avg_silhouette': 0.49826977499765024, 'num_points': 112}, {'avg_silhouette': 0.24368444267175868, 'num_points': 85}, {'avg_silhouette': 0.42144344090207003, 'num_points': 434}, {'avg_silhouette': -0.034030782497636365, 'num_points': 13}, {'avg_silhouette': 0.7727304762465915, 'num_points': 370}, {'avg_silhouette': 0.3387991950718009, 'num_points': 261}, {'avg_silhouette': -0.07430370544038221, 'num_points': 107}, {'avg_silhouette': 0.37863288492535924, 'num_points': 81}, {'avg_silhouette': 0.2154863914865111, 'num_points': 181}, {'avg_silhouette': 0.8281941954609215, 'num_points': 278}, {'avg_silhouette': -0.10361004426714736, 'num_points': 124}, {'avg_silhouette': 0.18265307242830342, 'num_points': 301}, {'avg_silhouette': 0.0897894338325056, 'num_points': 94}, {'avg_silhouette': -0.04491684061806429, 'num_points': 114}, {'avg_silhouette': 0.06910932160459089, 'num_points': 347}, {'avg_silhouette': 0.1967849516366358, 'num_points': 606}, {'avg_silhouette': 0.5836293512901952, 'num_points': 56}, {'avg_silhouette': 0.161845270828277, 'num_points': 18}, {'avg_silhouette': 0.38895291354139605, 'num_points': 255}, {'avg_silhouette': -0.1352591669818636, 'num_points': 105}, {'avg_silhouette': -0.09622096568173436, 'num_points': 1639}]",,32,0.6242567046506713,,4,0.5247290818738187
K-means,,,"[{'avg_silhouette': 0.8724787452498101, 'num_points': 9220}, {'avg_silhouette': 0.39871755651159047, 'num_points': 857}, {'avg_silhouette': 0.6697750695260173, 'num_points': 165}, {'avg_silhouette': 0.6357097539294703, 'num_points': 849}, {'avg_silhouette': 0.3487782697801643, 'num_points': 177}, {'avg_silhouette': -0.18273045035776642, 'num_points': 214}, {'avg_silhouette': 0.43380087154176317, 'num_points': 249}, {'avg_silhouette': -0.07571171899550315, 'num_points': 27}, {'avg_silhouette': 0.8317329546916821, 'num_points': 277}, {'avg_silhouette': 0.4903036064603712, 'num_points': 391}, {'avg_silhouette': 0.4846441062271723, 'num_points': 113}, {'avg_silhouette': 0.16647088906255236, 'num_points': 99}, {'avg_silhouette': -0.09339195610780009, 'num_points': 125}, {'avg_silhouette': -0.06595832267150599, 'num_points': 81}, {'avg_silhouette': 0.5245341790250605, 'num_points': 423}, {'avg_silhouette': 0.3887340055286629, 'num_points': 541}, {'avg_silhouette': -0.09951616295241637, 'num_points': 35}, {'avg_silhouette': 0.8382705690956627, 'num_points': 1525}, {'avg_silhouette': -0.16935320282976188, 'num_points': 75}, {'avg_silhouette': -0.0939556055176911, 'num_points': 48}, {'avg_silhouette': 0.5709269347722806, 'num_points': 198}, {'avg_silhouette': -0.004261064249518685, 'num_points': 26}, {'avg_silhouette': 0.7848743966865288, 'num_points': 367}, {'avg_silhouette': 0.062149498953978, 'num_points': 28}, {'avg_silhouette': -0.056414554408686035, 'num_points': 89}, {'avg_silhouette': 0.7013211376955413, 'num_points': 2400}, {'avg_silhouette': -0.23201008560673275, 'num_points': 198}, {'avg_silhouette': 0.08430914244115247, 'num_points': 263}, {'avg_silhouette': 0.3356958654287776, 'num_points': 54}, {'avg_silhouette': 0.13911676006132398, 'num_points': 19}, {'avg_silhouette': 0.5805713414065066, 'num_points': 56}, {'avg_silhouette': 0.24058552991501114, 'num_points': 195}, {'avg_silhouette': 0.10445275381734401, 'num_points': 88}, {'avg_silhouette': 0.16205431793367306, 'num_points': 1388}, {'avg_silhouette': 0.05762769702705005, 'num_points': 605}, {'avg_silhouette': 0.38605227123862573, 'num_points': 129}, {'avg_silhouette': 0.2745080924762839, 'num_points': 137}, {'avg_silhouette': 0.16810295223052046, 'num_points': 79}, {'avg_silhouette': 0.03540330389305549, 'num_points': 92}, {'avg_silhouette': 0.38184973435836883, 'num_points': 73}, {'avg_silhouette': 0.3417357409124088, 'num_points': 31}, {'avg_silhouette': 0.2946659038387987, 'num_points': 58}, {'avg_silhouette': -0.026928491118154756, 'num_points': 86}, {'avg_silhouette': 0.22035244195438078, 'num_points': 98}, {'avg_silhouette': -0.017747134934483322, 'num_points': 27}, {'avg_silhouette': -0.06411752199901695, 'num_points': 49}]",,46,0.6241005464290965,,4,0.6435311924936717
K-means,,,"[{'avg_silhouette': 0.7910146790438258, 'num_points': 1719}, {'avg_silhouette': 0.8482882441557182, 'num_points': 11751}, {'avg_silhouette': -0.021226312404521344, 'num_points': 107}, {'avg_silhouette': 0.5996001181983411, 'num_points': 880}, {'avg_silhouette': 0.2881679103487161, 'num_points': 212}, {'avg_silhouette': 0.8284174279623263, 'num_points': 278}, {'avg_silhouette': 0.6732842865625707, 'num_points': 165}, {'avg_silhouette': 0.041970349348833196, 'num_points': 442}, {'avg_silhouette': -0.11461246643876026, 'num_points': 139}, {'avg_silhouette': 0.40735361806861137, 'num_points': 488}, {'avg_silhouette': 0.4319925059488967, 'num_points': 432}, {'avg_silhouette': 0.0487930066185066, 'num_points': 282}, {'avg_silhouette': 0.5296553020539331, 'num_points': 1497}, {'avg_silhouette': 0.49863565945303784, 'num_points': 112}, {'avg_silhouette': -0.10349446230849646, 'num_points': 147}, {'avg_silhouette': -0.16420347951788863, 'num_points': 1636}, {'avg_silhouette': 0.19040317195863068, 'num_points': 162}, {'avg_silhouette': 0.789675529632953, 'num_points': 367}, {'avg_silhouette': 0.48617119394063846, 'num_points': 217}, {'avg_silhouette': 0.40435557886798046, 'num_points': 255}, {'avg_silhouette': -0.1321629619224965, 'num_points': 114}, {'avg_silhouette': 0.03621089424839526, 'num_points': 106}, {'avg_silhouette': 0.27719562384028684, 'num_points': 146}, {'avg_silhouette': 0.5899166358977457, 'num_points': 56}, {'avg_silhouette': 0.15413224873037268, 'num_points': 614}]",,25,0.6230384372815452,,4,0.5011886864338971
K-means,,,"[{'avg_silhouette': 0.8266903520797608, 'num_points': 11687}, {'avg_silhouette': 0.10316253595271158, 'num_points': 94}, {'avg_silhouette': 0.8403285729233778, 'num_points': 276}, {'avg_silhouette': -0.1589200238162537, 'num_points': 205}, {'avg_silhouette': 0.20132757064990528, 'num_points': 581}, {'avg_silhouette': -0.13857724766245705, 'num_points': 42}, {'avg_silhouette': 0.49099084239594293, 'num_points': 390}, {'avg_silhouette': 0.6114574494701808, 'num_points': 871}, {'avg_silhouette': 0.20009180407042826, 'num_points': 54}, {'avg_silhouette': 0.42788908604465753, 'num_points': 236}, {'avg_silhouette': 0.22982356004441443, 'num_points': 85}, {'avg_silhouette': -0.08007736777270413, 'num_points': 113}, {'avg_silhouette': 0.8388697319726552, 'num_points': 1512}, {'avg_silhouette': 0.4889948285171018, 'num_points': 113}, {'avg_silhouette': 0.5623643760500624, 'num_points': 214}, {'avg_silhouette': 0.17358353336148305, 'num_points': 268}, {'avg_silhouette': 0.7474071095291431, 'num_points': 375}, {'avg_silhouette': 0.5880468461248294, 'num_points': 56}, {'avg_silhouette': 0.4246228091777686, 'num_points': 126}, {'avg_silhouette': 0.4030049003463553, 'num_points': 488}, {'avg_silhouette': 0.11510439838799395, 'num_points': 20}, {'avg_silhouette': 0.25213236009718526, 'num_points': 183}, {'avg_silhouette': 0.535812906225585, 'num_points': 1486}, {'avg_silhouette': 0.3121348885018071, 'num_points': 142}, {'avg_silhouette': -0.05852481109198517, 'num_points': 91}, {'avg_silhouette': -0.012543846880115938, 'num_points': 1575}, {'avg_silhouette': 0.6718790656656002, 'num_points': 165}, {'avg_silhouette': 0.04454114900981078, 'num_points': 29}, {'avg_silhouette': -0.08077121228649918, 'num_points': 32}, {'avg_silhouette': -0.18240619669820707, 'num_points': 116}, {'avg_silhouette': -0.028075457844595347, 'num_points': 27}, {'avg_silhouette': 0.3782142379866823, 'num_points': 80}, {'avg_silhouette': 0.48374036548294796, 'num_points': 30}, {'avg_silhouette': -0.05684331570316759, 'num_points': 141}, {'avg_silhouette': -0.06519178009964874, 'num_points': 55}, {'avg_silhouette': 0.21439781133309152, 'num_points': 135}, {'avg_silhouette': 0.03761130220652853, 'num_points': 68}, {'avg_silhouette': -0.05419881459158104, 'num_points': 70}, {'avg_silhouette': 0.08838868860153798, 'num_points': 93}]",,39,0.6227641948032713,,4,0.5472072858494713
AGGLC,ward,,"[{'avg_silhouette': 0.7819396097228203, 'num_points': 14282}, {'avg_silhouette': 0.568663509206298, 'num_points': 2140}, {'avg_silhouette': 0.2898804969537386, 'num_points': 1205}, {'avg_silhouette': 0.12451275686517972, 'num_points': 659}, {'avg_silhouette': 0.1542509209284219, 'num_points': 577}, {'avg_silhouette': -0.2599597067575076, 'num_points': 1365}, {'avg_silhouette': 0.33724284251263154, 'num_points': 198}, {'avg_silhouette': 0.726054676088265, 'num_points': 159}, {'avg_silhouette': 0.6489069701962459, 'num_points': 1354}, {'avg_silhouette': 0.8425535147946529, 'num_points': 276}, {'avg_silhouette': 0.5284350109370727, 'num_points': 109}]",,11,0.6226975498680623,,5,0.405886175864319
DBSCAN,,0.20383420737639235,"[{'avg_silhouette': 0.7605440565681939, 'num_points': 13472}, {'avg_silhouette': 0.4143747898434695, 'num_points': 20}, {'avg_silhouette': 0.5433567680437931, 'num_points': 18}, {'avg_silhouette': 0.8282542718130971, 'num_points': 34}, {'avg_silhouette': 0.5516926909691717, 'num_points': 742}, {'avg_silhouette': 0.891783324012747, 'num_points': 12}, {'avg_silhouette': 0.2707962333211224, 'num_points': 19}, {'avg_silhouette': 0.20500000790994738, 'num_points': 108}, {'avg_silhouette': 0.7373910322619701, 'num_points': 358}, {'avg_silhouette': 0.7151398262637414, 'num_points': 50}, {'avg_silhouette': 0.467964973827617, 'num_points': 1297}, {'avg_silhouette': 0.9081968433848056, 'num_points': 8}, {'avg_silhouette': 0.6691112319684176, 'num_points': 7}, {'avg_silhouette': 0.4361601987872282, 'num_points': 152}, {'avg_silhouette': 0.7463601909961664, 'num_points': 5}, {'avg_silhouette': 0.52156163704968, 'num_points': 5}, {'avg_silhouette': 0.3607356191555187, 'num_points': 29}, {'avg_silhouette': 0.6550026065532087, 'num_points': 29}, {'avg_silhouette': 0.440371622377987, 'num_points': 12}, {'avg_silhouette': 0.3260248609488119, 'num_points': 36}, {'avg_silhouette': 0.7973450038876406, 'num_points': 61}, {'avg_silhouette': 0.34758509261594317, 'num_points': 151}, {'avg_silhouette': 0.448520123183803, 'num_points': 46}, {'avg_silhouette': 0.7623338574483821, 'num_points': 1618}, {'avg_silhouette': 0.573308531795279, 'num_points': 22}, {'avg_silhouette': 0.831282899363536, 'num_points': 334}, {'avg_silhouette': 0.6581245519364509, 'num_points': 8}, {'avg_silhouette': 0.3683070279618329, 'num_points': 15}, {'avg_silhouette': 0.4292701937548715, 'num_points': 8}, {'avg_silhouette': 0.5325219582747261, 'num_points': 25}, {'avg_silhouette': 0.40318835797766134, 'num_points': 21}, {'avg_silhouette': 0.8929555784661357, 'num_points': 5}, {'avg_silhouette': 0.6128698679908234, 'num_points': 22}, {'avg_silhouette': 0.717504793456343, 'num_points': 23}, {'avg_silhouette': 0.8551057091157541, 'num_points': 131}, {'avg_silhouette': 0.8439017255477649, 'num_points': 76}, {'avg_silhouette': 0.5085369042663705, 'num_points': 125}, {'avg_silhouette': 0.9282584680720077, 'num_points': 5}, {'avg_silhouette': 0.36454665307379147, 'num_points': 15}, {'avg_silhouette': 0.4018846820192722, 'num_points': 27}, {'avg_silhouette': 0.792035710104103, 'num_points': 6}, {'avg_silhouette': 0.30932830926104604, 'num_points': 10}, {'avg_silhouette': 0.4441539683878604, 'num_points': 44}, {'avg_silhouette': 0.6358722361301107, 'num_points': 6}, {'avg_silhouette': 0.9058381584139379, 'num_points': 257}, {'avg_silhouette': 0.7395654172948762, 'num_points': 8}, {'avg_silhouette': 0.7973033227146171, 'num_points': 10}, {'avg_silhouette': 0.5451457154189082, 'num_points': 20}, {'avg_silhouette': 0.7711212929331468, 'num_points': 203}, {'avg_silhouette': 0.9680769255695177, 'num_points': 6}, {'avg_silhouette': 0.874892344172732, 'num_points': 11}, {'avg_silhouette': 0.4339331795491371, 'num_points': 8}, {'avg_silhouette': 0.6814152378882996, 'num_points': 6}, {'avg_silhouette': 0.32168311040695874, 'num_points': 79}, {'avg_silhouette': 0.7973512273341669, 'num_points': 147}, {'avg_silhouette': 0.6781496490191384, 'num_points': 7}, {'avg_silhouette': 0.776487308845136, 'num_points': 12}, {'avg_silhouette': 0.4563339629435157, 'num_points': 11}, {'avg_silhouette': 0.7523468494252953, 'num_points': 5}, {'avg_silhouette': 0.433074880947847, 'num_points': 18}, {'avg_silhouette': 0.90566665824339, 'num_points': 15}, {'avg_silhouette': 0.8231692558012398, 'num_points': 132}, {'avg_silhouette': 1.0, 'num_points': 8}, {'avg_silhouette': 0.8648450175320562, 'num_points': 24}, {'avg_silhouette': 0.7446554539836004, 'num_points': 8}, {'avg_silhouette': 0.6837888897467246, 'num_points': 25}, {'avg_silhouette': 0.6677753968626148, 'num_points': 8}, {'avg_silhouette': 0.9751295932095148, 'num_points': 22}, {'avg_silhouette': 0.674510225852888, 'num_points': 40}, {'avg_silhouette': 0.8318304058987753, 'num_points': 10}, {'avg_silhouette': 0.5385392591068717, 'num_points': 8}, {'avg_silhouette': 0.922044140573486, 'num_points': 5}, {'avg_silhouette': 0.696149850588736, 'num_points': 12}, {'avg_silhouette': 0.5109947671445081, 'num_points': 19}, {'avg_silhouette': 0.7938592240298774, 'num_points': 5}, {'avg_silhouette': 0.7052690881668322, 'num_points': 10}, {'avg_silhouette': 0.9233414034135332, 'num_points': 11}, {'avg_silhouette': 0.6241531227003941, 'num_points': 7}, {'avg_silhouette': 0.7517847054374566, 'num_points': 10}, {'avg_silhouette': 0.5681689426446968, 'num_points': 17}, {'avg_silhouette': 0.8157979462607459, 'num_points': 10}, {'avg_silhouette': 0.4589305703877893, 'num_points': 17}, {'avg_silhouette': 0.4348157590503322, 'num_points': 8}, {'avg_silhouette': 0.6787990078565926, 'num_points': 5}, {'avg_silhouette': 0.4507204585921376, 'num_points': 8}, {'avg_silhouette': 0.5709073412635178, 'num_points': 8}, {'avg_silhouette': 0.382301504634121, 'num_points': 6}, {'avg_silhouette': 0.35312514675801615, 'num_points': 5}, {'avg_silhouette': 0.5954140934195087, 'num_points': 10}, {'avg_silhouette': 0.4046208975894478, 'num_points': 6}, {'avg_silhouette': 0.8835835434896884, 'num_points': 5}, {'avg_silhouette': 0.5419607246794433, 'num_points': 5}, {'avg_silhouette': 0.6466361252466336, 'num_points': 6}, {'avg_silhouette': 0.4361221018560403, 'num_points': 5}, {'avg_silhouette': 0.39159649091943066, 'num_points': 6}]",5.0,95,0.6216870090800161,,3,0.6636142959480643
HDBSCAN,,,"[{'avg_silhouette': 0.8393263279757519, 'num_points': 276}, {'avg_silhouette': 0.6285786531995576, 'num_points': 339}, {'avg_silhouette': 0.7084989114757608, 'num_points': 1885}, {'avg_silhouette': 0.8252213575312539, 'num_points': 358}, {'avg_silhouette': 0.7170146644607789, 'num_points': 801}, {'avg_silhouette': 0.6439556406815276, 'num_points': 1337}, {'avg_silhouette': 0.6950758209001224, 'num_points': 373}, {'avg_silhouette': 0.646541527389274, 'num_points': 455}, {'avg_silhouette': 0.6073064326511102, 'num_points': 474}, {'avg_silhouette': 0.6416920427035571, 'num_points': 493}, {'avg_silhouette': 0.8078078847043723, 'num_points': 236}, {'avg_silhouette': 0.9751838184240259, 'num_points': 833}, {'avg_silhouette': 1.0, 'num_points': 1378}, {'avg_silhouette': 0.9151692204856053, 'num_points': 1397}, {'avg_silhouette': 0.9999999995886371, 'num_points': 7364}]",,15,0.62151402315405,212.0,5,0.8535247544463062
DBSCAN,,0.21383420737639236,"[{'avg_silhouette': 0.7618012094356862, 'num_points': 13473}, {'avg_silhouette': 0.7465119505020128, 'num_points': 66}, {'avg_silhouette': 0.5615042326543034, 'num_points': 18}, {'avg_silhouette': 0.8302974808056542, 'num_points': 34}, {'avg_silhouette': 0.6141489376736273, 'num_points': 754}, {'avg_silhouette': 0.8607440417194911, 'num_points': 14}, {'avg_silhouette': 0.3039574276434022, 'num_points': 17}, {'avg_silhouette': 0.26924677141108166, 'num_points': 99}, {'avg_silhouette': 0.7351781562657289, 'num_points': 360}, {'avg_silhouette': 0.7097317326071921, 'num_points': 51}, {'avg_silhouette': 0.4645208949390796, 'num_points': 1301}, {'avg_silhouette': 0.39680689829433613, 'num_points': 180}, {'avg_silhouette': 0.6352709514523203, 'num_points': 37}, {'avg_silhouette': 0.6446590200270832, 'num_points': 30}, {'avg_silhouette': 0.6167859834098725, 'num_points': 41}, {'avg_silhouette': 0.678891017246806, 'num_points': 12}, {'avg_silhouette': 0.8135053571908557, 'num_points': 61}, {'avg_silhouette': 0.3639112467498076, 'num_points': 145}, {'avg_silhouette': 0.7595008939564418, 'num_points': 1622}, {'avg_silhouette': 0.36996805920807274, 'num_points': 46}, {'avg_silhouette': 0.8930053686063418, 'num_points': 337}, {'avg_silhouette': 0.5293658816123676, 'num_points': 16}, {'avg_silhouette': 0.5844526906485337, 'num_points': 23}, {'avg_silhouette': 0.717504793456343, 'num_points': 23}, {'avg_silhouette': 0.8551061871537611, 'num_points': 131}, {'avg_silhouette': 0.532532303076676, 'num_points': 25}, {'avg_silhouette': 0.8439017255477649, 'num_points': 76}, {'avg_silhouette': 0.4964562245981008, 'num_points': 127}, {'avg_silhouette': 0.9058384294619377, 'num_points': 257}, {'avg_silhouette': 0.5114558055009198, 'num_points': 21}, {'avg_silhouette': 0.7711212929331468, 'num_points': 203}, {'avg_silhouette': 0.8273656114482916, 'num_points': 12}, {'avg_silhouette': 0.7980597774918324, 'num_points': 10}, {'avg_silhouette': 0.3344463224815301, 'num_points': 74}, {'avg_silhouette': 0.7905701280809138, 'num_points': 149}, {'avg_silhouette': 0.7671820388819478, 'num_points': 12}, {'avg_silhouette': 0.42275317331595474, 'num_points': 20}, {'avg_silhouette': 0.90566665824339, 'num_points': 15}, {'avg_silhouette': 0.8231692558012398, 'num_points': 132}, {'avg_silhouette': 0.8648450175320562, 'num_points': 24}, {'avg_silhouette': 0.6875037339361417, 'num_points': 25}, {'avg_silhouette': 0.9751295932095148, 'num_points': 22}, {'avg_silhouette': 0.755456302080124, 'num_points': 48}, {'avg_silhouette': 0.8318304058987753, 'num_points': 10}, {'avg_silhouette': 0.510840912505066, 'num_points': 41}, {'avg_silhouette': 0.699295827614494, 'num_points': 12}, {'avg_silhouette': 0.7082326808231297, 'num_points': 25}, {'avg_silhouette': 0.7052690881668322, 'num_points': 10}, {'avg_silhouette': 0.9233414034135332, 'num_points': 11}, {'avg_silhouette': 0.514840281343873, 'num_points': 19}, {'avg_silhouette': 0.5951504858302942, 'num_points': 15}, {'avg_silhouette': 0.7446722964398116, 'num_points': 11}, {'avg_silhouette': 0.4473670151384842, 'num_points': 18}, {'avg_silhouette': 0.4573672184784131, 'num_points': 11}, {'avg_silhouette': 0.5380173050865757, 'num_points': 12}, {'avg_silhouette': 0.7550614330290248, 'num_points': 10}, {'avg_silhouette': 0.7217222276899574, 'num_points': 12}]",10.0,57,0.6213700307469244,,3,0.6619409994437359
K-means,,,"[{'avg_silhouette': 0.4689639328022412, 'num_points': 1607}, {'avg_silhouette': 0.7257248307431146, 'num_points': 14814}, {'avg_silhouette': 0.4179739569676325, 'num_points': 438}, {'avg_silhouette': 0.7813641333290279, 'num_points': 1757}, {'avg_silhouette': 0.6009563050552269, 'num_points': 891}, {'avg_silhouette': 0.8247217116444447, 'num_points': 279}, {'avg_silhouette': -0.004144484660660103, 'num_points': 687}, {'avg_silhouette': -0.17826157176996774, 'num_points': 431}, {'avg_silhouette': 0.12289969938552486, 'num_points': 357}, {'avg_silhouette': 0.031531645839757726, 'num_points': 573}, {'avg_silhouette': 0.5960908214276254, 'num_points': 56}, {'avg_silhouette': -0.002625869562545248, 'num_points': 434}]",,12,0.6199828780401145,,3,0.658684298958128
K-means,,,"[{'avg_silhouette': 0.7412396303669146, 'num_points': 14639}, {'avg_silhouette': 0.43330568560245686, 'num_points': 2574}, {'avg_silhouette': 0.029537101677801228, 'num_points': 570}, {'avg_silhouette': 0.4732065278422476, 'num_points': 1598}, {'avg_silhouette': 0.38515551867805525, 'num_points': 506}, {'avg_silhouette': 0.29893581299368555, 'num_points': 213}, {'avg_silhouette': 0.3000451907180565, 'num_points': 280}, {'avg_silhouette': 0.6020522142554235, 'num_points': 890}, {'avg_silhouette': 0.8243872434759942, 'num_points': 279}, {'avg_silhouette': -0.17982939095038575, 'num_points': 430}, {'avg_silhouette': 0.15505444045209044, 'num_points': 345}]",,11,0.6192406509861353,,3,0.549250614603873
AGGLC,ward,,"[{'avg_silhouette': -0.2631826804287048, 'num_points': 1474}, {'avg_silhouette': 0.568663509206298, 'num_points': 2140}, {'avg_silhouette': 0.7819603807950166, 'num_points': 14282}, {'avg_silhouette': 0.12451275686517972, 'num_points': 659}, {'avg_silhouette': 0.1542509209284219, 'num_points': 577}, {'avg_silhouette': 0.2898804969537386, 'num_points': 1205}, {'avg_silhouette': 0.33724284251263154, 'num_points': 198}, {'avg_silhouette': 0.726054676088265, 'num_points': 159}, {'avg_silhouette': 0.6489069701962459, 'num_points': 1354}, {'avg_silhouette': 0.8425535147946529, 'num_points': 276}]",,10,0.6186485875420031,,5,0.4052457353445188
K-means,,,"[{'avg_silhouette': 0.8298023665682013, 'num_points': 11656}, {'avg_silhouette': 0.3694343272011242, 'num_points': 261}, {'avg_silhouette': 0.8282827323065615, 'num_points': 278}, {'avg_silhouette': 0.5795268716838345, 'num_points': 1421}, {'avg_silhouette': -0.17660652017322565, 'num_points': 216}, {'avg_silhouette': 0.1900404284591697, 'num_points': 55}, {'avg_silhouette': 0.5985956835373643, 'num_points': 880}, {'avg_silhouette': 0.39825196275483965, 'num_points': 133}, {'avg_silhouette': 0.7613087745100341, 'num_points': 373}, {'avg_silhouette': 0.6724245968631647, 'num_points': 165}, {'avg_silhouette': 0.7320412845743145, 'num_points': 214}, {'avg_silhouette': 0.3435809980105797, 'num_points': 259}, {'avg_silhouette': 0.39154694633986414, 'num_points': 493}, {'avg_silhouette': -0.10459312808922686, 'num_points': 150}, {'avg_silhouette': 0.03908695827423421, 'num_points': 442}, {'avg_silhouette': 0.05424545848453769, 'num_points': 366}, {'avg_silhouette': 0.5882107700627187, 'num_points': 56}, {'avg_silhouette': -0.02630450941184607, 'num_points': 24}, {'avg_silhouette': 0.2331479271659644, 'num_points': 94}, {'avg_silhouette': 0.4989711987434479, 'num_points': 105}, {'avg_silhouette': 0.26859381777498725, 'num_points': 217}, {'avg_silhouette': 0.19135289859845991, 'num_points': 111}, {'avg_silhouette': 0.24613621981347486, 'num_points': 586}, {'avg_silhouette': 0.12473246523110143, 'num_points': 15}, {'avg_silhouette': -0.1231111299484614, 'num_points': 149}, {'avg_silhouette': -0.055476744659791626, 'num_points': 143}, {'avg_silhouette': -0.11061117527056787, 'num_points': 95}, {'avg_silhouette': 0.5606348412818067, 'num_points': 75}, {'avg_silhouette': -0.03296071060484065, 'num_points': 1597}, {'avg_silhouette': 0.830940859400532, 'num_points': 1531}, {'avg_silhouette': 0.5744870115946169, 'num_points': 19}, {'avg_silhouette': -0.059237249528095885, 'num_points': 112}, {'avg_silhouette': 0.35668551338604526, 'num_points': 33}]",,33,0.6182824310253776,,4,0.5518273467619318
K-means,,,"[{'avg_silhouette': 0.8202055703925373, 'num_points': 11970}, {'avg_silhouette': 0.7848756948647543, 'num_points': 1723}, {'avg_silhouette': -0.14403398081383856, 'num_points': 115}, {'avg_silhouette': 0.4809216144599838, 'num_points': 1558}, {'avg_silhouette': 0.8282443483195903, 'num_points': 278}, {'avg_silhouette': 0.6115438527375257, 'num_points': 871}, {'avg_silhouette': 0.6722475337455484, 'num_points': 165}, {'avg_silhouette': 0.21096427252281955, 'num_points': 56}, {'avg_silhouette': -0.05306371264924886, 'num_points': 70}, {'avg_silhouette': 0.7551406549461835, 'num_points': 208}, {'avg_silhouette': 0.047326601848432265, 'num_points': 283}, {'avg_silhouette': 0.7492402141904125, 'num_points': 375}, {'avg_silhouette': 0.19595100869937968, 'num_points': 97}, {'avg_silhouette': -0.0659687628817856, 'num_points': 159}, {'avg_silhouette': 0.5426832526150458, 'num_points': 219}, {'avg_silhouette': 0.4218677802206831, 'num_points': 238}, {'avg_silhouette': 0.335404019069879, 'num_points': 77}, {'avg_silhouette': -0.16883516477496827, 'num_points': 1941}, {'avg_silhouette': 0.5197210928974804, 'num_points': 427}, {'avg_silhouette': 0.4998251375660476, 'num_points': 112}, {'avg_silhouette': -0.04906117914818901, 'num_points': 90}, {'avg_silhouette': 0.06773724648511606, 'num_points': 97}, {'avg_silhouette': 0.5208931776877828, 'num_points': 101}, {'avg_silhouette': 0.1900201570466126, 'num_points': 265}, {'avg_silhouette': 0.12066915800393857, 'num_points': 15}, {'avg_silhouette': 0.07530962946544703, 'num_points': 20}, {'avg_silhouette': 0.2798936244840428, 'num_points': 143}, {'avg_silhouette': 0.3038749914284494, 'num_points': 156}, {'avg_silhouette': 0.3240545260133326, 'num_points': 28}, {'avg_silhouette': 0.569725264577541, 'num_points': 43}, {'avg_silhouette': 0.575381441077013, 'num_points': 156}, {'avg_silhouette': 0.5828948216860261, 'num_points': 56}, {'avg_silhouette': -0.1365096996996079, 'num_points': 40}, {'avg_silhouette': -0.0783498556557669, 'num_points': 117}, {'avg_silhouette': 0.3668511158967579, 'num_points': 55}]",,35,0.6180543759640277,,4,0.47929192873557674
K-means,,,"[{'avg_silhouette': 0.27865880850294406, 'num_points': 142}, {'avg_silhouette': 0.818458883052372, 'num_points': 11656}, {'avg_silhouette': 0.7916396432990421, 'num_points': 1714}, {'avg_silhouette': 0.37089968268664103, 'num_points': 859}, {'avg_silhouette': 0.8399381722198651, 'num_points': 276}, {'avg_silhouette': 0.6179030618502072, 'num_points': 866}, {'avg_silhouette': 0.18545573731423112, 'num_points': 261}, {'avg_silhouette': 0.7713462266032314, 'num_points': 370}, {'avg_silhouette': -0.08685823491936243, 'num_points': 129}, {'avg_silhouette': 0.5193945773062142, 'num_points': 425}, {'avg_silhouette': 0.15154935884587903, 'num_points': 86}, {'avg_silhouette': 0.4953304747789056, 'num_points': 112}, {'avg_silhouette': 0.7205074236410922, 'num_points': 159}, {'avg_silhouette': 0.1959270180466161, 'num_points': 56}, {'avg_silhouette': 0.38901795223716773, 'num_points': 184}, {'avg_silhouette': -0.029271411433103255, 'num_points': 86}, {'avg_silhouette': -0.13190137905279622, 'num_points': 55}, {'avg_silhouette': 0.04831184575347395, 'num_points': 69}, {'avg_silhouette': 0.5877681278529568, 'num_points': 56}, {'avg_silhouette': 0.42385654788127614, 'num_points': 237}, {'avg_silhouette': 0.6387767178112351, 'num_points': 223}, {'avg_silhouette': 0.2990947523244876, 'num_points': 577}, {'avg_silhouette': 0.33578807494316737, 'num_points': 148}, {'avg_silhouette': -0.01057260033968263, 'num_points': 90}, {'avg_silhouette': 0.03431354810934466, 'num_points': 19}, {'avg_silhouette': 0.06831502425073648, 'num_points': 277}, {'avg_silhouette': 0.5905252398195533, 'num_points': 43}, {'avg_silhouette': 0.18876287341544037, 'num_points': 127}, {'avg_silhouette': 0.051781586785635554, 'num_points': 1559}, {'avg_silhouette': 0.17681357565742145, 'num_points': 97}, {'avg_silhouette': 0.20010607076708056, 'num_points': 23}, {'avg_silhouette': 0.10264188149081578, 'num_points': 598}, {'avg_silhouette': -0.05695840114426038, 'num_points': 86}, {'avg_silhouette': -0.11089436820573768, 'num_points': 35}, {'avg_silhouette': 0.10214128919559064, 'num_points': 15}, {'avg_silhouette': 0.5879372115910951, 'num_points': 199}, {'avg_silhouette': 0.2901598408425213, 'num_points': 13}, {'avg_silhouette': 0.5141443176798993, 'num_points': 61}, {'avg_silhouette': 0.3399911309405035, 'num_points': 31}, {'avg_silhouette': 0.09697458812717832, 'num_points': 93}, {'avg_silhouette': 0.7398810292742153, 'num_points': 86}, {'avg_silhouette': 0.29979671720424855, 'num_points': 4}, {'avg_silhouette': 0.06336875306982157, 'num_points': 6}, {'avg_silhouette': 0.1165537273068638, 'num_points': 20}, {'avg_silhouette': 0.3015886004368716, 'num_points': 6}, {'avg_silhouette': 0.06684137297804216, 'num_points': 8}, {'avg_silhouette': -0.12347009360395947, 'num_points': 82}]",,47,0.6172099859505578,,3,0.5539600377123499
K-means,,,"[{'avg_silhouette': -0.08510538312546903, 'num_points': 121}, {'avg_silhouette': 0.8307172245046398, 'num_points': 12280}, {'avg_silhouette': 0.7910245358926299, 'num_points': 1738}, {'avg_silhouette': 0.4211756823777711, 'num_points': 436}, {'avg_silhouette': 0.7634549417547559, 'num_points': 373}, {'avg_silhouette': 0.08726649501795868, 'num_points': 408}, {'avg_silhouette': 0.8213477500628714, 'num_points': 279}, {'avg_silhouette': 0.6740470341970117, 'num_points': 165}, {'avg_silhouette': -0.15758148046425954, 'num_points': 244}, {'avg_silhouette': 0.5955441376231924, 'num_points': 884}, {'avg_silhouette': -0.25154599172685893, 'num_points': 1765}, {'avg_silhouette': 0.21400480984312692, 'num_points': 323}, {'avg_silhouette': 0.026960719350571098, 'num_points': 404}, {'avg_silhouette': 0.15018247754487316, 'num_points': 113}, {'avg_silhouette': -0.06713942471362844, 'num_points': 36}, {'avg_silhouette': 0.38703604984326356, 'num_points': 497}, {'avg_silhouette': 0.3405647698500826, 'num_points': 262}, {'avg_silhouette': -0.09439720548155972, 'num_points': 192}, {'avg_silhouette': 0.42798905519928115, 'num_points': 43}, {'avg_silhouette': 0.49151839648095375, 'num_points': 113}, {'avg_silhouette': 0.14032729299978805, 'num_points': 20}, {'avg_silhouette': 0.5642663179642887, 'num_points': 1452}, {'avg_silhouette': 0.3563009381904817, 'num_points': 176}]",,23,0.6168665066461342,,4,0.48361552165867483
K-means,,,"[{'avg_silhouette': 0.8105090350195846, 'num_points': 11656}, {'avg_silhouette': 0.8393873771672643, 'num_points': 1512}, {'avg_silhouette': 0.4137589936075707, 'num_points': 484}, {'avg_silhouette': 0.529918233425072, 'num_points': 835}, {'avg_silhouette': 0.8398061279821992, 'num_points': 276}, {'avg_silhouette': 0.6407550307673261, 'num_points': 849}, {'avg_silhouette': 0.6695556585186441, 'num_points': 165}, {'avg_silhouette': 0.30068600310320287, 'num_points': 154}, {'avg_silhouette': 0.7232066287873132, 'num_points': 213}, {'avg_silhouette': -0.09010461812969132, 'num_points': 28}, {'avg_silhouette': 0.17659658349673008, 'num_points': 91}, {'avg_silhouette': 0.019089293938036885, 'num_points': 47}, {'avg_silhouette': 0.7857940981777017, 'num_points': 367}, {'avg_silhouette': 0.5005464856944982, 'num_points': 212}, {'avg_silhouette': 0.5033930983122847, 'num_points': 111}, {'avg_silhouette': 0.5866840740563333, 'num_points': 56}, {'avg_silhouette': 0.19912320228473718, 'num_points': 148}, {'avg_silhouette': -0.1495364778754508, 'num_points': 82}, {'avg_silhouette': 0.14865700129007944, 'num_points': 55}, {'avg_silhouette': -0.09203622039386916, 'num_points': 35}, {'avg_silhouette': -0.013822510508743266, 'num_points': 84}, {'avg_silhouette': 0.40727960082845394, 'num_points': 253}, {'avg_silhouette': 0.566198288662619, 'num_points': 98}, {'avg_silhouette': 0.4139691467818568, 'num_points': 178}, {'avg_silhouette': 0.17505234458645955, 'num_points': 82}, {'avg_silhouette': -0.03580307027372753, 'num_points': 556}, {'avg_silhouette': 0.38318922506288217, 'num_points': 80}, {'avg_silhouette': 0.2680491148132441, 'num_points': 192}, {'avg_silhouette': -0.14583674485248818, 'num_points': 43}, {'avg_silhouette': 0.30915771323729674, 'num_points': 574}, {'avg_silhouette': 0.12808159218834667, 'num_points': 16}, {'avg_silhouette': 0.10205188771744919, 'num_points': 15}, {'avg_silhouette': 0.09770144838381123, 'num_points': 1535}, {'avg_silhouette': -0.023596712654262584, 'num_points': 95}, {'avg_silhouette': 0.48393972781794475, 'num_points': 24}, {'avg_silhouette': -0.09030802126006415, 'num_points': 41}, {'avg_silhouette': -0.16090402082482227, 'num_points': 205}, {'avg_silhouette': 0.38020131025073806, 'num_points': 9}, {'avg_silhouette': 0.5861340761565663, 'num_points': 36}, {'avg_silhouette': 0.05353937855603173, 'num_points': 8}, {'avg_silhouette': 0.3253653567096785, 'num_points': 92}, {'avg_silhouette': -0.10259228398036956, 'num_points': 107}, {'avg_silhouette': 0.6347703603244943, 'num_points': 42}, {'avg_silhouette': 0.5860708302894055, 'num_points': 43}, {'avg_silhouette': 0.15597224105097524, 'num_points': 211}, {'avg_silhouette': 0.22800859865444534, 'num_points': 54}, {'avg_silhouette': -0.03617811078377718, 'num_points': 98}, {'avg_silhouette': 0.5685308410654422, 'num_points': 74}, {'avg_silhouette': 0.13578029225439137, 'num_points': 89}, {'avg_silhouette': 0.26338737056730616, 'num_points': 14}]",,50,0.6166446855399618,,3,0.58253262019022
K-means,,,"[{'avg_silhouette': 0.5719620548487748, 'num_points': 1040}, {'avg_silhouette': 0.820043834869037, 'num_points': 11633}, {'avg_silhouette': -0.1519003606867774, 'num_points': 204}, {'avg_silhouette': 0.6141131465847683, 'num_points': 867}, {'avg_silhouette': 0.8337320645554469, 'num_points': 277}, {'avg_silhouette': 0.8372670684095109, 'num_points': 1512}, {'avg_silhouette': 0.2809529633715014, 'num_points': 577}, {'avg_silhouette': 0.5129740288420028, 'num_points': 61}, {'avg_silhouette': 0.41236577380370704, 'num_points': 253}, {'avg_silhouette': 0.6702413765412256, 'num_points': 165}, {'avg_silhouette': 0.30099576234664754, 'num_points': 155}, {'avg_silhouette': -0.1105310385810004, 'num_points': 103}, {'avg_silhouette': 0.42330654225808795, 'num_points': 8}, {'avg_silhouette': 0.1377097305840995, 'num_points': 56}, {'avg_silhouette': 0.7705873893063414, 'num_points': 370}, {'avg_silhouette': -0.034436459022182536, 'num_points': 98}, {'avg_silhouette': 0.4903260367289507, 'num_points': 390}, {'avg_silhouette': 0.3375304504012102, 'num_points': 32}, {'avg_silhouette': 0.43700257147114463, 'num_points': 233}, {'avg_silhouette': 0.09488470426548253, 'num_points': 92}, {'avg_silhouette': -0.028654859701563683, 'num_points': 87}, {'avg_silhouette': 0.5250946124415748, 'num_points': 424}, {'avg_silhouette': 0.04178660184147096, 'num_points': 1569}, {'avg_silhouette': 0.23148186238753196, 'num_points': 54}, {'avg_silhouette': 0.1708366072487012, 'num_points': 95}, {'avg_silhouette': 0.217072859605057, 'num_points': 134}, {'avg_silhouette': 0.23194920418671663, 'num_points': 214}, {'avg_silhouette': -0.16205664302076914, 'num_points': 163}, {'avg_silhouette': 0.32549154824926435, 'num_points': 91}, {'avg_silhouette': 0.5810754771023896, 'num_points': 56}, {'avg_silhouette': 0.20326953333596898, 'num_points': 16}, {'avg_silhouette': -0.09293823251658784, 'num_points': 64}, {'avg_silhouette': 0.26988854020048736, 'num_points': 181}, {'avg_silhouette': 0.2631431454255238, 'num_points': 104}, {'avg_silhouette': 0.3416596821727384, 'num_points': 54}, {'avg_silhouette': 0.1365533818832984, 'num_points': 88}, {'avg_silhouette': 0.12425142863521484, 'num_points': 16}, {'avg_silhouette': 0.2184597561045913, 'num_points': 98}, {'avg_silhouette': 0.4033002555978871, 'num_points': 127}, {'avg_silhouette': -0.1085788844661418, 'num_points': 42}, {'avg_silhouette': -0.06637690888487026, 'num_points': 83}, {'avg_silhouette': 0.3748965753267716, 'num_points': 80}, {'avg_silhouette': -0.1247525240658808, 'num_points': 358}]",,43,0.6165800628899194,,3,0.5663658350400063
K-means,,,"[{'avg_silhouette': 0.7940251961239734, 'num_points': 1735}, {'avg_silhouette': -0.1543135902801566, 'num_points': 1804}, {'avg_silhouette': 0.7221168541183434, 'num_points': 159}, {'avg_silhouette': 0.0958481366774606, 'num_points': 95}, {'avg_silhouette': 0.8206855732177093, 'num_points': 279}, {'avg_silhouette': 0.8116845673255255, 'num_points': 12123}, {'avg_silhouette': 0.17813630138306183, 'num_points': 310}, {'avg_silhouette': 0.40771087379951576, 'num_points': 254}, {'avg_silhouette': -0.020197614228656385, 'num_points': 30}, {'avg_silhouette': 0.33793779293173193, 'num_points': 92}, {'avg_silhouette': 0.4327394320999059, 'num_points': 432}, {'avg_silhouette': -0.06934995961390515, 'num_points': 130}, {'avg_silhouette': 0.4886386099326974, 'num_points': 113}, {'avg_silhouette': 0.39969300037217037, 'num_points': 491}, {'avg_silhouette': 0.02368028519351098, 'num_points': 178}, {'avg_silhouette': 0.12707348572379853, 'num_points': 20}, {'avg_silhouette': 0.6100761139555371, 'num_points': 874}, {'avg_silhouette': 0.7625062570647565, 'num_points': 373}, {'avg_silhouette': -0.009837436744306266, 'num_points': 129}, {'avg_silhouette': 0.03722461207381377, 'num_points': 400}, {'avg_silhouette': 0.3552884533612518, 'num_points': 258}, {'avg_silhouette': 0.5898707393699996, 'num_points': 56}, {'avg_silhouette': -0.07601671295843712, 'num_points': 128}, {'avg_silhouette': 0.32091977249638654, 'num_points': 182}, {'avg_silhouette': 0.03017328136831594, 'num_points': 70}, {'avg_silhouette': 0.5693217501625722, 'num_points': 1435}, {'avg_silhouette': -0.1407254529116352, 'num_points': 105}, {'avg_silhouette': 0.5331416978413341, 'num_points': 23}, {'avg_silhouette': 0.08039010774933998, 'num_points': 29}, {'avg_silhouette': 0.17226023259532766, 'num_points': 17}]",,30,0.6156631340998022,,4,0.5051794808329786
DBSCAN,,0.20383420737639235,"[{'avg_silhouette': 0.760315810520364, 'num_points': 13470}, {'avg_silhouette': 0.40296480252658656, 'num_points': 20}, {'avg_silhouette': 0.5433567680437931, 'num_points': 18}, {'avg_silhouette': 0.8282542718130971, 'num_points': 34}, {'avg_silhouette': 0.6314507120283956, 'num_points': 742}, {'avg_silhouette': 0.8917819982510204, 'num_points': 12}, {'avg_silhouette': 0.2969969986126304, 'num_points': 91}, {'avg_silhouette': 0.7408552118459063, 'num_points': 357}, {'avg_silhouette': 0.7149759882194527, 'num_points': 50}, {'avg_silhouette': 0.467964973827617, 'num_points': 1297}, {'avg_silhouette': 0.4361601987872282, 'num_points': 152}, {'avg_silhouette': 0.6876165223613775, 'num_points': 29}, {'avg_silhouette': 0.6505697019698427, 'num_points': 29}, {'avg_silhouette': 0.6713990913999, 'num_points': 34}, {'avg_silhouette': 0.7073273818235492, 'num_points': 11}, {'avg_silhouette': 0.8133916744583782, 'num_points': 61}, {'avg_silhouette': 0.3708984523925784, 'num_points': 142}, {'avg_silhouette': 0.4932309905730513, 'num_points': 44}, {'avg_silhouette': 0.7622192118570883, 'num_points': 1618}, {'avg_silhouette': 0.573308531795279, 'num_points': 22}, {'avg_silhouette': 0.9024923361714225, 'num_points': 334}, {'avg_silhouette': 0.552051215551723, 'num_points': 15}, {'avg_silhouette': 0.449714987255286, 'num_points': 10}, {'avg_silhouette': 0.40318835797766134, 'num_points': 21}, {'avg_silhouette': 0.6128698679908234, 'num_points': 22}, {'avg_silhouette': 0.717504793456343, 'num_points': 23}, {'avg_silhouette': 0.8551044874330402, 'num_points': 131}, {'avg_silhouette': 0.5902357627246946, 'num_points': 20}, {'avg_silhouette': 0.8439017255477649, 'num_points': 76}, {'avg_silhouette': 0.5155879181587388, 'num_points': 124}, {'avg_silhouette': 0.4018846820192722, 'num_points': 27}, {'avg_silhouette': 0.9058371335177371, 'num_points': 257}, {'avg_silhouette': 0.7711212929331468, 'num_points': 203}, {'avg_silhouette': 0.8748877464249799, 'num_points': 11}, {'avg_silhouette': 0.7981033264037395, 'num_points': 10}, {'avg_silhouette': 0.33684822012308563, 'num_points': 73}, {'avg_silhouette': 0.7973512273341669, 'num_points': 147}, {'avg_silhouette': 0.7657318548449151, 'num_points': 12}, {'avg_silhouette': 0.5451457154189082, 'num_points': 20}, {'avg_silhouette': 0.4456886768112434, 'num_points': 18}, {'avg_silhouette': 0.90566665824339, 'num_points': 15}, {'avg_silhouette': 0.8231692558012398, 'num_points': 132}, {'avg_silhouette': 0.8648450175320562, 'num_points': 24}, {'avg_silhouette': 0.6837888897467246, 'num_points': 25}, {'avg_silhouette': 0.9751295932095148, 'num_points': 22}, {'avg_silhouette': 0.843988636616883, 'num_points': 40}, {'avg_silhouette': 0.8318304058987753, 'num_points': 10}, {'avg_silhouette': 0.5134976226083694, 'num_points': 41}, {'avg_silhouette': 0.6992837368353211, 'num_points': 12}, {'avg_silhouette': 0.7905415483140672, 'num_points': 19}, {'avg_silhouette': 0.7052690881668322, 'num_points': 10}, {'avg_silhouette': 0.9233414034135332, 'num_points': 11}, {'avg_silhouette': 0.5916470268871128, 'num_points': 15}, {'avg_silhouette': 0.5949113720062126, 'num_points': 15}, {'avg_silhouette': 0.8157979462607459, 'num_points': 10}, {'avg_silhouette': 0.48381535905813233, 'num_points': 15}, {'avg_silhouette': 0.4563339629435157, 'num_points': 11}, {'avg_silhouette': 0.5954140934195087, 'num_points': 10}, {'avg_silhouette': 0.7517847054374566, 'num_points': 10}]",10.0,59,0.6153811812501434,,3,0.6634999987350231
K-means,,,"[{'avg_silhouette': 0.8350651995817807, 'num_points': 11702}, {'avg_silhouette': 0.5796715879640573, 'num_points': 1422}, {'avg_silhouette': 0.7900241949033977, 'num_points': 1717}, {'avg_silhouette': 0.4996361901124083, 'num_points': 112}, {'avg_silhouette': 0.7736016803673431, 'num_points': 370}, {'avg_silhouette': 0.44645829044823315, 'num_points': 248}, {'avg_silhouette': 0.8208529068100817, 'num_points': 279}, {'avg_silhouette': 0.6726102924122633, 'num_points': 165}, {'avg_silhouette': 0.5959304278217825, 'num_points': 883}, {'avg_silhouette': 0.027305039268982423, 'num_points': 11}, {'avg_silhouette': 0.05532304279635911, 'num_points': 280}, {'avg_silhouette': 0.41881611299313937, 'num_points': 239}, {'avg_silhouette': -0.10459029436125251, 'num_points': 89}, {'avg_silhouette': -0.1516650543364427, 'num_points': 237}, {'avg_silhouette': -0.053696569716775354, 'num_points': 90}, {'avg_silhouette': 0.16155244566935084, 'num_points': 346}, {'avg_silhouette': 0.3358249141211456, 'num_points': 92}, {'avg_silhouette': 0.39273024481064367, 'num_points': 493}, {'avg_silhouette': 0.14929026092732342, 'num_points': 106}, {'avg_silhouette': 0.20791596887584918, 'num_points': 56}, {'avg_silhouette': 0.0944438875312235, 'num_points': 95}, {'avg_silhouette': 0.26917118699747944, 'num_points': 144}, {'avg_silhouette': 0.4312114088103165, 'num_points': 432}, {'avg_silhouette': -0.05614635779503069, 'num_points': 645}, {'avg_silhouette': -0.09872595373146008, 'num_points': 87}, {'avg_silhouette': 0.3090844923294849, 'num_points': 155}, {'avg_silhouette': -0.0732768426123063, 'num_points': 174}, {'avg_silhouette': 0.05457827101235472, 'num_points': 29}, {'avg_silhouette': -0.08808481532978542, 'num_points': 1626}]",,29,0.6149535371894992,,4,0.5291690417798626
K-means,,,"[{'avg_silhouette': -0.10448387725430078, 'num_points': 1790}, {'avg_silhouette': 0.5629159580276827, 'num_points': 1451}, {'avg_silhouette': 0.8281427605678179, 'num_points': 278}, {'avg_silhouette': 0.7941624480993618, 'num_points': 1714}, {'avg_silhouette': 0.5159142971867801, 'num_points': 428}, {'avg_silhouette': 0.6090611271556045, 'num_points': 875}, {'avg_silhouette': 0.7214795990064442, 'num_points': 159}, {'avg_silhouette': 0.28753573845358765, 'num_points': 212}, {'avg_silhouette': 0.7894345338106, 'num_points': 367}, {'avg_silhouette': 0.7320092978579703, 'num_points': 214}, {'avg_silhouette': 0.7963837240742893, 'num_points': 12078}, {'avg_silhouette': -0.18634737865405826, 'num_points': 150}, {'avg_silhouette': -0.004635901234402376, 'num_points': 149}, {'avg_silhouette': 0.2828212277280909, 'num_points': 59}, {'avg_silhouette': 0.6498789582108792, 'num_points': 92}, {'avg_silhouette': 0.1415924303059593, 'num_points': 288}, {'avg_silhouette': 0.05057168745460378, 'num_points': 281}, {'avg_silhouette': 0.4998339296899844, 'num_points': 112}, {'avg_silhouette': 0.3505053599712985, 'num_points': 18}, {'avg_silhouette': 0.23205562223423815, 'num_points': 310}, {'avg_silhouette': 0.1688587660151066, 'num_points': 14}, {'avg_silhouette': 0.7035020965979564, 'num_points': 38}, {'avg_silhouette': 0.2684493108295827, 'num_points': 217}, {'avg_silhouette': -0.0689021339776408, 'num_points': 131}, {'avg_silhouette': -0.04373337032166473, 'num_points': 88}, {'avg_silhouette': 0.2854808467784614, 'num_points': 142}, {'avg_silhouette': 0.5721535339331034, 'num_points': 200}, {'avg_silhouette': -0.09312545998175537, 'num_points': 149}, {'avg_silhouette': 0.3279699346961063, 'num_points': 76}, {'avg_silhouette': -0.10258507606159484, 'num_points': 77}, {'avg_silhouette': 0.07407464720587022, 'num_points': 29}, {'avg_silhouette': 0.1170939902934107, 'num_points': 15}, {'avg_silhouette': 0.16322384501978138, 'num_points': 80}, {'avg_silhouette': 0.4273750110181013, 'num_points': 43}]",,34,0.6146154665718366,,4,0.5122445632367583
HDBSCAN,,,"[{'avg_silhouette': 0.7317639935119468, 'num_points': 157}, {'avg_silhouette': 0.5316840785238883, 'num_points': 107}, {'avg_silhouette': 0.40424460089664666, 'num_points': 175}, {'avg_silhouette': 0.6158537115616309, 'num_points': 131}, {'avg_silhouette': 0.7122639911209271, 'num_points': 76}, {'avg_silhouette': 0.8001866236844942, 'num_points': 134}, {'avg_silhouette': 0.8200955770918391, 'num_points': 80}, {'avg_silhouette': 0.784989862398172, 'num_points': 69}, {'avg_silhouette': 0.919728153165716, 'num_points': 103}, {'avg_silhouette': 0.5475268637217462, 'num_points': 218}, {'avg_silhouette': 0.3528884140141811, 'num_points': 189}, {'avg_silhouette': 0.8241361963548811, 'num_points': 358}, {'avg_silhouette': 0.7193815304754376, 'num_points': 174}, {'avg_silhouette': 0.5362588091675995, 'num_points': 89}, {'avg_silhouette': 0.8362858531885633, 'num_points': 106}, {'avg_silhouette': 0.6487619742465133, 'num_points': 88}, {'avg_silhouette': 0.8459139736233393, 'num_points': 70}, {'avg_silhouette': 0.4773070046836585, 'num_points': 74}, {'avg_silhouette': 0.39000571897219805, 'num_points': 133}, {'avg_silhouette': 0.4975794473577269, 'num_points': 116}, {'avg_silhouette': 0.8734493147914476, 'num_points': 394}, {'avg_silhouette': 0.7580669870253968, 'num_points': 105}, {'avg_silhouette': 0.9401375809634619, 'num_points': 289}, {'avg_silhouette': 0.7388430447549441, 'num_points': 76}, {'avg_silhouette': 0.6343709378655418, 'num_points': 107}, {'avg_silhouette': 0.9505027250068406, 'num_points': 184}, {'avg_silhouette': 1.0, 'num_points': 1003}, {'avg_silhouette': 0.9363304545124534, 'num_points': 114}, {'avg_silhouette': 0.6421824043782565, 'num_points': 129}, {'avg_silhouette': 0.5119129327774083, 'num_points': 185}, {'avg_silhouette': 0.8859464190123304, 'num_points': 194}, {'avg_silhouette': 0.825537046807051, 'num_points': 194}, {'avg_silhouette': 0.3987681315408115, 'num_points': 126}, {'avg_silhouette': 0.8464808479851176, 'num_points': 77}, {'avg_silhouette': 0.9488090823578171, 'num_points': 849}, {'avg_silhouette': 1.0, 'num_points': 1378}, {'avg_silhouette': 1.0, 'num_points': 88}, {'avg_silhouette': 0.9898695707230561, 'num_points': 149}, {'avg_silhouette': 0.9999999995639025, 'num_points': 7364}, {'avg_silhouette': 0.9999999975745061, 'num_points': 1313}, {'avg_silhouette': 0.9999999944326486, 'num_points': 190}, {'avg_silhouette': 0.6424622719128849, 'num_points': 129}, {'avg_silhouette': 0.677765705161635, 'num_points': 100}, {'avg_silhouette': 0.8096920500455924, 'num_points': 161}, {'avg_silhouette': 0.649982327088783, 'num_points': 180}, {'avg_silhouette': 0.9916396289591144, 'num_points': 119}]",,46,0.6137517704614874,69.0,3,0.9999999990461362
K-means,,,"[{'avg_silhouette': 0.8132757329037338, 'num_points': 11991}, {'avg_silhouette': 0.26590753662351063, 'num_points': 217}, {'avg_silhouette': 0.7808299455669245, 'num_points': 1716}, {'avg_silhouette': 0.13011688859408094, 'num_points': 133}, {'avg_silhouette': 0.8281959682790094, 'num_points': 278}, {'avg_silhouette': 0.46756003769943466, 'num_points': 1578}, {'avg_silhouette': -0.12137953960779713, 'num_points': 1788}, {'avg_silhouette': 0.7409219158583462, 'num_points': 376}, {'avg_silhouette': 0.11773048511294228, 'num_points': 14}, {'avg_silhouette': 0.3734985734925404, 'num_points': 253}, {'avg_silhouette': 0.6726814843746576, 'num_points': 165}, {'avg_silhouette': 0.13365913555122394, 'num_points': 303}, {'avg_silhouette': 0.3794259167009861, 'num_points': 81}, {'avg_silhouette': 0.062117890131749814, 'num_points': 43}, {'avg_silhouette': 0.3979555968910793, 'num_points': 491}, {'avg_silhouette': 0.48882931409718383, 'num_points': 113}, {'avg_silhouette': 0.7405460410727279, 'num_points': 213}, {'avg_silhouette': 0.13212758200593358, 'num_points': 167}, {'avg_silhouette': 0.42129793185990433, 'num_points': 247}, {'avg_silhouette': -0.07549863744221667, 'num_points': 62}, {'avg_silhouette': 0.21076194486246957, 'num_points': 16}, {'avg_silhouette': -0.13925552957676648, 'num_points': 180}, {'avg_silhouette': 0.3191279330727112, 'num_points': 142}, {'avg_silhouette': -0.020197614228656385, 'num_points': 30}, {'avg_silhouette': 0.5078130259925047, 'num_points': 104}, {'avg_silhouette': 0.12446426273189357, 'num_points': 20}, {'avg_silhouette': 0.5885669619528101, 'num_points': 56}, {'avg_silhouette': -0.07185876009969842, 'num_points': 119}, {'avg_silhouette': 0.18905152051359983, 'num_points': 17}, {'avg_silhouette': 0.5332987297317314, 'num_points': 23}, {'avg_silhouette': 0.19263731608132237, 'num_points': 102}, {'avg_silhouette': 0.14839977300808924, 'num_points': 215}, {'avg_silhouette': 0.1282659275984447, 'num_points': 90}, {'avg_silhouette': 0.5892095002984421, 'num_points': 726}, {'avg_silhouette': -0.04222805917261503, 'num_points': 73}, {'avg_silhouette': 0.3212205777971967, 'num_points': 182}]",,36,0.612426741672682,,4,0.48507154414057385
K-means,,,"[{'avg_silhouette': 0.7877059104973555, 'num_points': 1735}, {'avg_silhouette': 0.8197921324843682, 'num_points': 12059}, {'avg_silhouette': 0.10212724820222643, 'num_points': 95}, {'avg_silhouette': -0.029582305549085225, 'num_points': 152}, {'avg_silhouette': 0.5361354362124472, 'num_points': 1490}, {'avg_silhouette': 0.6726896452028035, 'num_points': 165}, {'avg_silhouette': 0.8283776542289146, 'num_points': 278}, {'avg_silhouette': 0.591782268922157, 'num_points': 885}, {'avg_silhouette': 0.7498035101397164, 'num_points': 375}, {'avg_silhouette': 0.21005545517032218, 'num_points': 56}, {'avg_silhouette': -0.061759373201739756, 'num_points': 120}, {'avg_silhouette': 0.6223803861576753, 'num_points': 227}, {'avg_silhouette': -0.11260093184429364, 'num_points': 154}, {'avg_silhouette': 0.13812829402084303, 'num_points': 297}, {'avg_silhouette': 0.29729719787126907, 'num_points': 218}, {'avg_silhouette': 0.4001223342070898, 'num_points': 491}, {'avg_silhouette': 0.6517895047417192, 'num_points': 92}, {'avg_silhouette': 0.30404317886326476, 'num_points': 156}, {'avg_silhouette': 0.05470541115484512, 'num_points': 372}, {'avg_silhouette': 0.5896123987641063, 'num_points': 56}, {'avg_silhouette': -0.18877899947089213, 'num_points': 1906}, {'avg_silhouette': 0.412439526716195, 'num_points': 241}, {'avg_silhouette': 0.4999802857642906, 'num_points': 112}, {'avg_silhouette': 0.13303234321472004, 'num_points': 20}, {'avg_silhouette': -0.17080887725442517, 'num_points': 212}, {'avg_silhouette': 0.04941526447725477, 'num_points': 103}, {'avg_silhouette': 0.3943162100515361, 'num_points': 257}]",,27,0.6120134756837688,,4,0.4887136199308197
K-means,,,"[{'avg_silhouette': 0.536422859047954, 'num_points': 37}, {'avg_silhouette': 0.853746857512276, 'num_points': 9312}, {'avg_silhouette': -0.025836456829723464, 'num_points': 596}, {'avg_silhouette': 0.7874785173076032, 'num_points': 1710}, {'avg_silhouette': 0.8398561195703074, 'num_points': 276}, {'avg_silhouette': 0.6143234697848443, 'num_points': 867}, {'avg_silhouette': -0.08136636349359319, 'num_points': 119}, {'avg_silhouette': 0.6707465274208491, 'num_points': 165}, {'avg_silhouette': 0.770067827344207, 'num_points': 370}, {'avg_silhouette': 0.41185519697054934, 'num_points': 253}, {'avg_silhouette': 0.018840412258253208, 'num_points': 10}, {'avg_silhouette': 0.7404931819900027, 'num_points': 213}, {'avg_silhouette': -0.009998545126536544, 'num_points': 46}, {'avg_silhouette': 0.4022485602260528, 'num_points': 487}, {'avg_silhouette': 0.36971956541892054, 'num_points': 252}, {'avg_silhouette': 0.306264699812732, 'num_points': 569}, {'avg_silhouette': 0.31768129681015794, 'num_points': 128}, {'avg_silhouette': 0.4963876932350919, 'num_points': 112}, {'avg_silhouette': 0.18416445022390573, 'num_points': 155}, {'avg_silhouette': 0.26590753662351063, 'num_points': 217}, {'avg_silhouette': -0.1903035048949029, 'num_points': 115}, {'avg_silhouette': 0.4545317787007106, 'num_points': 63}, {'avg_silhouette': -0.10488465833993743, 'num_points': 158}, {'avg_silhouette': 0.6709213172263029, 'num_points': 2411}, {'avg_silhouette': 0.5354851192082674, 'num_points': 794}, {'avg_silhouette': 0.011451480236033708, 'num_points': 176}, {'avg_silhouette': 0.135242215033071, 'num_points': 21}, {'avg_silhouette': -0.06585446842314231, 'num_points': 37}, {'avg_silhouette': -0.10734140234811652, 'num_points': 166}, {'avg_silhouette': 0.5802671213248433, 'num_points': 56}, {'avg_silhouette': 0.22303568715597646, 'num_points': 53}, {'avg_silhouette': 0.0019025950102792117, 'num_points': 1491}, {'avg_silhouette': 0.302435574896034, 'num_points': 54}, {'avg_silhouette': 0.1216162158036288, 'num_points': 20}, {'avg_silhouette': 0.3886553550684164, 'num_points': 80}, {'avg_silhouette': 0.14538997662026318, 'num_points': 215}, {'avg_silhouette': 0.6585328018197392, 'num_points': 90}, {'avg_silhouette': -0.14130312757067737, 'num_points': 41}, {'avg_silhouette': 0.26410337082248825, 'num_points': 188}, {'avg_silhouette': 0.23238106756101248, 'num_points': 16}, {'avg_silhouette': 0.33151443922919605, 'num_points': 90}, {'avg_silhouette': 0.06928012720877681, 'num_points': 95}]",,42,0.6113611238716014,,4,0.5785123217641153
AGGLC,ward,,"[{'avg_silhouette': -0.09849776529421207, 'num_points': 2162}, {'avg_silhouette': 0.09286438445765098, 'num_points': 225}, {'avg_silhouette': 0.0033818982957215128, 'num_points': 433}, {'avg_silhouette': -0.09983853838002985, 'num_points': 160}, {'avg_silhouette': 0.05493849449637301, 'num_points': 152}, {'avg_silhouette': -0.11779581651842591, 'num_points': 71}, {'avg_silhouette': -0.2919900522644902, 'num_points': 332}, {'avg_silhouette': 0.5893495220953139, 'num_points': 56}, {'avg_silhouette': 0.4105164130339312, 'num_points': 434}, {'avg_silhouette': 0.030755002961927486, 'num_points': 151}, {'avg_silhouette': -0.09104546220194945, 'num_points': 183}, {'avg_silhouette': 0.07599873480227039, 'num_points': 29}, {'avg_silhouette': -0.13351956551143646, 'num_points': 160}, {'avg_silhouette': 0.3241152561756647, 'num_points': 198}, {'avg_silhouette': 0.11525450089197305, 'num_points': 299}, {'avg_silhouette': 0.7214609300165595, 'num_points': 159}, {'avg_silhouette': 0.6562852311554316, 'num_points': 186}, {'avg_silhouette': 0.6368577399636425, 'num_points': 1354}, {'avg_silhouette': 0.8020801042687552, 'num_points': 1707}, {'avg_silhouette': 0.84028028182851, 'num_points': 276}, {'avg_silhouette': 0.5451223822164369, 'num_points': 417}, {'avg_silhouette': 0.5230291232894063, 'num_points': 109}, {'avg_silhouette': 0.34665619954236637, 'num_points': 31}, {'avg_silhouette': 0.8210533413828518, 'num_points': 360}, {'avg_silhouette': 0.4841973462904121, 'num_points': 237}, {'avg_silhouette': 0.6969271515218424, 'num_points': 817}, {'avg_silhouette': 0.8424730223620311, 'num_points': 11487}, {'avg_silhouette': -0.03169725789046801, 'num_points': 34}, {'avg_silhouette': -0.20506076905441079, 'num_points': 105}]",,29,0.6094309012697662,,4,0.5457282753250542
AGGLC,ward,,"[{'avg_silhouette': -0.305804571637735, 'num_points': 437}, {'avg_silhouette': 0.09286438445765098, 'num_points': 225}, {'avg_silhouette': -0.09849776529421207, 'num_points': 2162}, {'avg_silhouette': -0.09983853838002985, 'num_points': 160}, {'avg_silhouette': 0.05493849449637301, 'num_points': 152}, {'avg_silhouette': -0.1150299183974961, 'num_points': 71}, {'avg_silhouette': 0.0034334523274571743, 'num_points': 433}, {'avg_silhouette': 0.5893495220953139, 'num_points': 56}, {'avg_silhouette': 0.4105164130339312, 'num_points': 434}, {'avg_silhouette': 0.030755002961927486, 'num_points': 151}, {'avg_silhouette': -0.09104546220194945, 'num_points': 183}, {'avg_silhouette': 0.07599873480227039, 'num_points': 29}, {'avg_silhouette': -0.13351956551143646, 'num_points': 160}, {'avg_silhouette': 0.3241152561756647, 'num_points': 198}, {'avg_silhouette': 0.11533681902663212, 'num_points': 299}, {'avg_silhouette': 0.7214609300165595, 'num_points': 159}, {'avg_silhouette': 0.6562852311554316, 'num_points': 186}, {'avg_silhouette': 0.6368577399636425, 'num_points': 1354}, {'avg_silhouette': 0.8020801042687552, 'num_points': 1707}, {'avg_silhouette': 0.84028028182851, 'num_points': 276}, {'avg_silhouette': 0.5451223822164369, 'num_points': 417}, {'avg_silhouette': 0.5230291232894063, 'num_points': 109}, {'avg_silhouette': 0.34665619954236637, 'num_points': 31}, {'avg_silhouette': 0.8210533413828518, 'num_points': 360}, {'avg_silhouette': 0.4841973462904121, 'num_points': 237}, {'avg_silhouette': 0.6969271515218424, 'num_points': 817}, {'avg_silhouette': 0.8424730223620311, 'num_points': 11487}, {'avg_silhouette': -0.03169725789046801, 'num_points': 34}]",,28,0.6087625082882854,,4,0.5457282753250542
K-means,,,"[{'avg_silhouette': 0.8223169491227734, 'num_points': 11970}, {'avg_silhouette': 0.4240552430350045, 'num_points': 431}, {'avg_silhouette': 0.7980636349752785, 'num_points': 1726}, {'avg_silhouette': 0.5016585352965945, 'num_points': 1513}, {'avg_silhouette': 0.8210887931955828, 'num_points': 279}, {'avg_silhouette': 0.592171476586277, 'num_points': 885}, {'avg_silhouette': 0.49129455278369255, 'num_points': 113}, {'avg_silhouette': 0.39164185455418715, 'num_points': 495}, {'avg_silhouette': 0.03378058902081386, 'num_points': 398}, {'avg_silhouette': 0.10276855795418405, 'num_points': 350}, {'avg_silhouette': 0.024369323334024397, 'num_points': 107}, {'avg_silhouette': 0.6728340585824648, 'num_points': 165}, {'avg_silhouette': -0.1702349908063916, 'num_points': 215}, {'avg_silhouette': 0.28852639976954947, 'num_points': 212}, {'avg_silhouette': 0.7516134824297723, 'num_points': 375}, {'avg_silhouette': 0.5837661686697052, 'num_points': 56}, {'avg_silhouette': 0.6787365329622846, 'num_points': 91}, {'avg_silhouette': -0.11010042243202608, 'num_points': 198}, {'avg_silhouette': -0.18081272526252185, 'num_points': 1966}, {'avg_silhouette': 0.39985359085205174, 'num_points': 256}, {'avg_silhouette': -0.025573445158979902, 'num_points': 95}, {'avg_silhouette': 0.15824893744169352, 'num_points': 79}, {'avg_silhouette': 0.3679725199946965, 'num_points': 90}, {'avg_silhouette': 0.3489064803420856, 'num_points': 259}]",,24,0.6086481633871863,,4,0.4853065985330312
K-means,,,"[{'avg_silhouette': 0.8169646097685258, 'num_points': 12120}, {'avg_silhouette': 0.8287262473209832, 'num_points': 278}, {'avg_silhouette': -0.18847314527409387, 'num_points': 1857}, {'avg_silhouette': 0.7843497464854491, 'num_points': 1744}, {'avg_silhouette': 0.5973673140764586, 'num_points': 882}, {'avg_silhouette': 0.4978800090001863, 'num_points': 1518}, {'avg_silhouette': 0.6731591582140173, 'num_points': 165}, {'avg_silhouette': 0.752035365947685, 'num_points': 375}, {'avg_silhouette': 0.4972715310796959, 'num_points': 392}, {'avg_silhouette': 0.38605220899523146, 'num_points': 496}, {'avg_silhouette': 0.5002072943561989, 'num_points': 112}, {'avg_silhouette': 0.5901280334704859, 'num_points': 56}, {'avg_silhouette': 0.03433144344374612, 'num_points': 402}, {'avg_silhouette': 0.29045175006480733, 'num_points': 212}, {'avg_silhouette': 0.18467235075509147, 'num_points': 333}, {'avg_silhouette': 0.3462955092864449, 'num_points': 260}, {'avg_silhouette': -0.09844116681008026, 'num_points': 160}, {'avg_silhouette': -0.10657081112491201, 'num_points': 97}, {'avg_silhouette': 0.3608585158416936, 'num_points': 91}, {'avg_silhouette': 0.046734026607614325, 'num_points': 441}, {'avg_silhouette': -0.16799842894197944, 'num_points': 204}, {'avg_silhouette': 0.41865284056034846, 'num_points': 129}]",,22,0.6080961975307255,,4,0.4776803049950168
AGGLC,ward,,"[{'avg_silhouette': -0.20694429599539843, 'num_points': 194}, {'avg_silhouette': 0.09286438445765098, 'num_points': 225}, {'avg_silhouette': -0.3048952876957322, 'num_points': 437}, {'avg_silhouette': -0.09983853838002985, 'num_points': 160}, {'avg_silhouette': 0.05493849449637301, 'num_points': 152}, {'avg_silhouette': -0.09849776529421207, 'num_points': 2162}, {'avg_silhouette': 0.0034334523274571743, 'num_points': 433}, {'avg_silhouette': 0.5893495220953139, 'num_points': 56}, {'avg_silhouette': 0.4105164130339312, 'num_points': 434}, {'avg_silhouette': 0.030755002961927486, 'num_points': 151}, {'avg_silhouette': -0.09104546220194945, 'num_points': 183}, {'avg_silhouette': 0.07599873480227039, 'num_points': 29}, {'avg_silhouette': -0.11050807297004976, 'num_points': 71}, {'avg_silhouette': 0.3241152561756647, 'num_points': 198}, {'avg_silhouette': 0.11552309910087309, 'num_points': 299}, {'avg_silhouette': 0.7214609300165595, 'num_points': 159}, {'avg_silhouette': 0.6562852311554316, 'num_points': 186}, {'avg_silhouette': 0.6368577399636425, 'num_points': 1354}, {'avg_silhouette': 0.8020801042687552, 'num_points': 1707}, {'avg_silhouette': 0.84028028182851, 'num_points': 276}, {'avg_silhouette': 0.5451318867035839, 'num_points': 417}, {'avg_silhouette': 0.5230291232894063, 'num_points': 109}, {'avg_silhouette': 0.34665619954236637, 'num_points': 31}, {'avg_silhouette': 0.8210533413828518, 'num_points': 360}, {'avg_silhouette': 0.4841973462904121, 'num_points': 237}, {'avg_silhouette': 0.6969271515218424, 'num_points': 817}, {'avg_silhouette': 0.8424730223620311, 'num_points': 11487}]",,27,0.6080042083889994,,4,0.5457282753250542
AGGLC,ward,,"[{'avg_silhouette': -0.27051323161810314, 'num_points': 2051}, {'avg_silhouette': 0.568718647927728, 'num_points': 2140}, {'avg_silhouette': 0.7819603807950166, 'num_points': 14282}, {'avg_silhouette': 0.12513838728998825, 'num_points': 659}, {'avg_silhouette': 0.8425990963182198, 'num_points': 276}, {'avg_silhouette': 0.2898804969537386, 'num_points': 1205}, {'avg_silhouette': 0.3373113831902957, 'num_points': 198}, {'avg_silhouette': 0.726054676088265, 'num_points': 159}, {'avg_silhouette': 0.6489069701962459, 'num_points': 1354}]",,9,0.6072107757876568,,5,0.4037906528509252
K-means,,,"[{'avg_silhouette': 0.7177295546602291, 'num_points': 15228}, {'avg_silhouette': 0.4289516601902981, 'num_points': 2590}, {'avg_silhouette': -0.17503048794420076, 'num_points': 979}, {'avg_silhouette': 0.4679260995760812, 'num_points': 1610}, {'avg_silhouette': 0.6802751773691955, 'num_points': 165}, {'avg_silhouette': 0.411800956347004, 'num_points': 1145}, {'avg_silhouette': 0.5076955039297756, 'num_points': 112}, {'avg_silhouette': 0.8038434606905328, 'num_points': 282}, {'avg_silhouette': 0.30104323844365405, 'num_points': 213}]",,9,0.6071493501301541,,4,0.5066020676934031
K-means,,,"[{'avg_silhouette': -0.08385165678337266, 'num_points': 187}, {'avg_silhouette': 0.799494157938408, 'num_points': 12091}, {'avg_silhouette': 0.5169017093128928, 'num_points': 1511}, {'avg_silhouette': 0.7871679107962141, 'num_points': 1721}, {'avg_silhouette': 0.5942336276194714, 'num_points': 884}, {'avg_silhouette': 0.6728827561568886, 'num_points': 165}, {'avg_silhouette': 0.5187706319227271, 'num_points': 61}, {'avg_silhouette': 0.8208661282196966, 'num_points': 279}, {'avg_silhouette': -0.1242638064183988, 'num_points': 1828}, {'avg_silhouette': 0.19058342653825508, 'num_points': 55}, {'avg_silhouette': 0.29427217521191845, 'num_points': 197}, {'avg_silhouette': 0.4250803070831401, 'num_points': 434}, {'avg_silhouette': -0.022686389970435015, 'num_points': 298}, {'avg_silhouette': 0.5070338698398422, 'num_points': 111}, {'avg_silhouette': -0.12092289073021702, 'num_points': 99}, {'avg_silhouette': 0.7494603248296389, 'num_points': 375}, {'avg_silhouette': 0.06092255979732572, 'num_points': 29}, {'avg_silhouette': 0.2299864866183127, 'num_points': 316}, {'avg_silhouette': 0.14750303289609001, 'num_points': 170}, {'avg_silhouette': 0.11162258287872556, 'num_points': 93}, {'avg_silhouette': 0.48827645098907907, 'num_points': 24}, {'avg_silhouette': 0.4954886247878168, 'num_points': 434}, {'avg_silhouette': 0.5896460341583042, 'num_points': 56}, {'avg_silhouette': -0.03427934444125999, 'num_points': 26}, {'avg_silhouette': 0.06766821246412758, 'num_points': 278}, {'avg_silhouette': 0.3898738151129399, 'num_points': 132}, {'avg_silhouette': 0.37178401127417404, 'num_points': 254}, {'avg_silhouette': -0.15863844413420758, 'num_points': 216}]",,28,0.6059561256222719,,4,0.494824992907279
DBSCAN,,0.993834207376393,"[{'avg_silhouette': 0.6101088927546959, 'num_points': 21203}, {'avg_silhouette': 0.3805868216492377, 'num_points': 190}, {'avg_silhouette': 0.6370777348041651, 'num_points': 21}, {'avg_silhouette': 0.3509117626794374, 'num_points': 14}, {'avg_silhouette': 0.5580746822805843, 'num_points': 108}, {'avg_silhouette': 0.3011991502498439, 'num_points': 10}, {'avg_silhouette': 0.22541956631030102, 'num_points': 12}, {'avg_silhouette': 0.2440710519051277, 'num_points': 13}, {'avg_silhouette': 0.7999566142471864, 'num_points': 4}, {'avg_silhouette': 0.8284244974238192, 'num_points': 5}, {'avg_silhouette': 0.7379592650228084, 'num_points': 158}, {'avg_silhouette': 0.30007623977443937, 'num_points': 14}, {'avg_silhouette': 0.447104885571419, 'num_points': 9}, {'avg_silhouette': 0.8506581864203852, 'num_points': 276}, {'avg_silhouette': 0.27907517127996834, 'num_points': 5}, {'avg_silhouette': 0.6138808424890939, 'num_points': 56}, {'avg_silhouette': 0.3269616860050949, 'num_points': 21}, {'avg_silhouette': 0.7489280858310297, 'num_points': 5}, {'avg_silhouette': 0.32191558955918353, 'num_points': 13}, {'avg_silhouette': 0.5577673940521175, 'num_points': 5}, {'avg_silhouette': 0.7625038086402753, 'num_points': 8}, {'avg_silhouette': 0.36842960975219313, 'num_points': 5}]",5.0,22,0.6036354891006089,,1,
DBSCAN,,0.983834207376393,"[{'avg_silhouette': 0.6101130031268681, 'num_points': 21203}, {'avg_silhouette': 0.3805868216492377, 'num_points': 190}, {'avg_silhouette': 0.6370777348041651, 'num_points': 21}, {'avg_silhouette': 0.3805966109652443, 'num_points': 13}, {'avg_silhouette': 0.5580746822805843, 'num_points': 108}, {'avg_silhouette': 0.3011991502498439, 'num_points': 10}, {'avg_silhouette': 0.22541956631030102, 'num_points': 12}, {'avg_silhouette': 0.32847683223817586, 'num_points': 13}, {'avg_silhouette': 0.8616226910911389, 'num_points': 5}, {'avg_silhouette': 0.7379592650228084, 'num_points': 158}, {'avg_silhouette': 0.30007623977443937, 'num_points': 14}, {'avg_silhouette': 0.447104885571419, 'num_points': 9}, {'avg_silhouette': 0.8506581864203852, 'num_points': 276}, {'avg_silhouette': 0.27907517127996834, 'num_points': 5}, {'avg_silhouette': 0.6138808424890939, 'num_points': 56}, {'avg_silhouette': 0.3269616860050949, 'num_points': 21}, {'avg_silhouette': 0.7489280858310297, 'num_points': 5}, {'avg_silhouette': 0.32191558955918353, 'num_points': 13}, {'avg_silhouette': 0.5577673940521175, 'num_points': 5}, {'avg_silhouette': 0.7625038086402753, 'num_points': 8}, {'avg_silhouette': 0.36842960975219313, 'num_points': 5}]",5.0,21,0.6034620625370222,,1,
DBSCAN,,0.963834207376393,"[{'avg_silhouette': 0.6102253802986645, 'num_points': 21202}, {'avg_silhouette': 0.38058670675661466, 'num_points': 190}, {'avg_silhouette': 0.6370777348041651, 'num_points': 21}, {'avg_silhouette': 0.3805860996584975, 'num_points': 13}, {'avg_silhouette': 0.5580643662115043, 'num_points': 108}, {'avg_silhouette': 0.30118866997078253, 'num_points': 10}, {'avg_silhouette': 0.3284653791071529, 'num_points': 13}, {'avg_silhouette': 0.8860821206641771, 'num_points': 5}, {'avg_silhouette': 0.7379575914366125, 'num_points': 158}, {'avg_silhouette': 0.30006890983225815, 'num_points': 14}, {'avg_silhouette': 0.4470934782673692, 'num_points': 9}, {'avg_silhouette': 0.24502979534156652, 'num_points': 11}, {'avg_silhouette': 0.8506543009688814, 'num_points': 276}, {'avg_silhouette': 0.613871799024661, 'num_points': 56}, {'avg_silhouette': 0.3269551764337606, 'num_points': 21}, {'avg_silhouette': 0.7489235329865114, 'num_points': 5}, {'avg_silhouette': 0.32190360300843407, 'num_points': 13}, {'avg_silhouette': 0.5577673940521175, 'num_points': 5}, {'avg_silhouette': 0.7625038086402753, 'num_points': 8}, {'avg_silhouette': 0.36841800859997864, 'num_points': 5}]",5.0,20,0.6034011391436777,,1,
DBSCAN,,0.973834207376393,"[{'avg_silhouette': 0.6101581480620575, 'num_points': 21203}, {'avg_silhouette': 0.3805868216492377, 'num_points': 190}, {'avg_silhouette': 0.6370777348041651, 'num_points': 21}, {'avg_silhouette': 0.3805966109652443, 'num_points': 13}, {'avg_silhouette': 0.5580746822805843, 'num_points': 108}, {'avg_silhouette': 0.3011991502498439, 'num_points': 10}, {'avg_silhouette': 0.22541956631030102, 'num_points': 12}, {'avg_silhouette': 0.32847683223817586, 'num_points': 13}, {'avg_silhouette': 0.8860821206641771, 'num_points': 5}, {'avg_silhouette': 0.7379592650228084, 'num_points': 158}, {'avg_silhouette': 0.30007623977443937, 'num_points': 14}, {'avg_silhouette': 0.447104885571419, 'num_points': 9}, {'avg_silhouette': 0.8506581864203852, 'num_points': 276}, {'avg_silhouette': 0.6138808424890939, 'num_points': 56}, {'avg_silhouette': 0.3269616860050949, 'num_points': 21}, {'avg_silhouette': 0.7489280858310297, 'num_points': 5}, {'avg_silhouette': 0.32191558955918353, 'num_points': 13}, {'avg_silhouette': 0.5577673940521175, 'num_points': 5}, {'avg_silhouette': 0.7625038086402753, 'num_points': 8}, {'avg_silhouette': 0.36842960975219313, 'num_points': 5}]",5.0,20,0.6033934996326618,,1,
DBSCAN,,0.953834207376393,"[{'avg_silhouette': 0.6103219088024571, 'num_points': 21201}, {'avg_silhouette': 0.3805865091945046, 'num_points': 190}, {'avg_silhouette': 0.6370777348041651, 'num_points': 21}, {'avg_silhouette': 0.3805695319629959, 'num_points': 13}, {'avg_silhouette': 0.5580484912452942, 'num_points': 108}, {'avg_silhouette': 0.3011742074455156, 'num_points': 10}, {'avg_silhouette': 0.32844505507688915, 'num_points': 13}, {'avg_silhouette': 0.8860821206641771, 'num_points': 5}, {'avg_silhouette': 0.7379548142757208, 'num_points': 158}, {'avg_silhouette': 0.3000591164099286, 'num_points': 14}, {'avg_silhouette': 0.4470741005168668, 'num_points': 9}, {'avg_silhouette': 0.24501377392881893, 'num_points': 11}, {'avg_silhouette': 0.8506479839443499, 'num_points': 276}, {'avg_silhouette': 0.6138572519666091, 'num_points': 56}, {'avg_silhouette': 0.3269444775756618, 'num_points': 21}, {'avg_silhouette': 0.7489162882498739, 'num_points': 5}, {'avg_silhouette': 0.32188366133276414, 'num_points': 13}, {'avg_silhouette': 0.5577673940521175, 'num_points': 5}, {'avg_silhouette': 0.7625038086402753, 'num_points': 8}]",5.0,19,0.6033494346822107,,1,
DBSCAN,,0.943834207376393,"[{'avg_silhouette': 0.6102978844972742, 'num_points': 21201}, {'avg_silhouette': 0.3805865091945046, 'num_points': 190}, {'avg_silhouette': 0.6370777348041651, 'num_points': 21}, {'avg_silhouette': 0.3805695319629959, 'num_points': 13}, {'avg_silhouette': 0.5580484912452942, 'num_points': 108}, {'avg_silhouette': 0.3011742074455156, 'num_points': 10}, {'avg_silhouette': 0.3524962645001562, 'num_points': 12}, {'avg_silhouette': 0.8867295708412671, 'num_points': 5}, {'avg_silhouette': 0.7379548142757208, 'num_points': 158}, {'avg_silhouette': 0.3000591164099286, 'num_points': 14}, {'avg_silhouette': 0.4470741005168668, 'num_points': 9}, {'avg_silhouette': 0.24501377392881893, 'num_points': 11}, {'avg_silhouette': 0.8506479839443499, 'num_points': 276}, {'avg_silhouette': 0.6138572519666091, 'num_points': 56}, {'avg_silhouette': 0.3269444775756618, 'num_points': 21}, {'avg_silhouette': 0.7489162882498739, 'num_points': 5}, {'avg_silhouette': 0.32188366133276414, 'num_points': 13}, {'avg_silhouette': 0.5577673940521175, 'num_points': 5}, {'avg_silhouette': 0.7625038086402753, 'num_points': 8}]",5.0,19,0.6033114954888198,,1,
DBSCAN,,0.6738342073763928,"[{'avg_silhouette': 0.6168590536665748, 'num_points': 21106}, {'avg_silhouette': 0.4270782824866649, 'num_points': 183}, {'avg_silhouette': 0.6831203797811338, 'num_points': 20}, {'avg_silhouette': 0.5744043455886433, 'num_points': 105}, {'avg_silhouette': 0.7515765303358821, 'num_points': 157}, {'avg_silhouette': 0.8590709161871393, 'num_points': 274}, {'avg_silhouette': 0.6239257393264287, 'num_points': 55}, {'avg_silhouette': 0.4541203802717097, 'num_points': 15}]",10.0,8,0.6032331311497463,,1,
DBSCAN,,0.933834207376393,"[{'avg_silhouette': 0.610231913210267, 'num_points': 21201}, {'avg_silhouette': 0.3805865091945046, 'num_points': 190}, {'avg_silhouette': 0.6370777348041651, 'num_points': 21}, {'avg_silhouette': 0.3805695319629959, 'num_points': 13}, {'avg_silhouette': 0.5580484912452942, 'num_points': 108}, {'avg_silhouette': 0.3011742074455156, 'num_points': 10}, {'avg_silhouette': 0.38020717468943915, 'num_points': 11}, {'avg_silhouette': 0.8866849679668192, 'num_points': 5}, {'avg_silhouette': 0.7379548142757208, 'num_points': 158}, {'avg_silhouette': 0.3000591164099286, 'num_points': 14}, {'avg_silhouette': 0.4470741005168668, 'num_points': 9}, {'avg_silhouette': 0.24501377392881893, 'num_points': 11}, {'avg_silhouette': 0.8506479839443499, 'num_points': 276}, {'avg_silhouette': 0.6138572519666091, 'num_points': 56}, {'avg_silhouette': 0.3269444775756618, 'num_points': 21}, {'avg_silhouette': 0.7489162882498739, 'num_points': 5}, {'avg_silhouette': 0.32188366133276414, 'num_points': 13}, {'avg_silhouette': 0.5577673940521175, 'num_points': 5}, {'avg_silhouette': 0.7625038086402753, 'num_points': 8}]",5.0,19,0.6032315653087076,,1,
DBSCAN,,0.923834207376393,"[{'avg_silhouette': 0.61029560850665, 'num_points': 21200}, {'avg_silhouette': 0.38481910410900366, 'num_points': 189}, {'avg_silhouette': 0.6370777348041651, 'num_points': 21}, {'avg_silhouette': 0.3805557205137966, 'num_points': 13}, {'avg_silhouette': 0.5580361336166964, 'num_points': 108}, {'avg_silhouette': 0.30116338947376137, 'num_points': 10}, {'avg_silhouette': 0.38019194958090274, 'num_points': 11}, {'avg_silhouette': 0.8866849679668192, 'num_points': 5}, {'avg_silhouette': 0.737952787690535, 'num_points': 158}, {'avg_silhouette': 0.30004977405919747, 'num_points': 14}, {'avg_silhouette': 0.4470600940840365, 'num_points': 9}, {'avg_silhouette': 0.24624643823384237, 'num_points': 10}, {'avg_silhouette': 0.8506433140191861, 'num_points': 276}, {'avg_silhouette': 0.6138457177795917, 'num_points': 56}, {'avg_silhouette': 0.3503308440004916, 'num_points': 20}, {'avg_silhouette': 0.748909769602472, 'num_points': 5}, {'avg_silhouette': 0.32186754992852973, 'num_points': 13}, {'avg_silhouette': 0.5577673940521175, 'num_points': 5}, {'avg_silhouette': 0.7625038086402753, 'num_points': 8}]",5.0,19,0.6032230344602751,,1,
DBSCAN,,0.913834207376393,"[{'avg_silhouette': 0.6103506531770378, 'num_points': 21199}, {'avg_silhouette': 0.3848189943221725, 'num_points': 189}, {'avg_silhouette': 0.6370777348041651, 'num_points': 21}, {'avg_silhouette': 0.3805475175343895, 'num_points': 13}, {'avg_silhouette': 0.5580263302975704, 'num_points': 108}, {'avg_silhouette': 0.30115489565645687, 'num_points': 10}, {'avg_silhouette': 0.38018001744643914, 'num_points': 11}, {'avg_silhouette': 0.8866849679668192, 'num_points': 5}, {'avg_silhouette': 0.7379511123058733, 'num_points': 158}, {'avg_silhouette': 0.3166598273097089, 'num_points': 13}, {'avg_silhouette': 0.44704942743000653, 'num_points': 9}, {'avg_silhouette': 0.24623769252496913, 'num_points': 10}, {'avg_silhouette': 0.8506395294718375, 'num_points': 276}, {'avg_silhouette': 0.6138375170248626, 'num_points': 56}, {'avg_silhouette': 0.35032459942406846, 'num_points': 20}, {'avg_silhouette': 0.7489053650745834, 'num_points': 5}, {'avg_silhouette': 0.3218577363800613, 'num_points': 13}, {'avg_silhouette': 0.5577673940521175, 'num_points': 5}, {'avg_silhouette': 0.7625038086402753, 'num_points': 8}]",5.0,19,0.6032217287293902,,1,
DBSCAN,,0.6738342073763928,"[{'avg_silhouette': 0.6150130695392215, 'num_points': 21114}, {'avg_silhouette': 0.3947836797652658, 'num_points': 186}, {'avg_silhouette': 0.6699355067320324, 'num_points': 20}, {'avg_silhouette': 0.4397658866151489, 'num_points': 8}, {'avg_silhouette': 0.5744736407976783, 'num_points': 105}, {'avg_silhouette': 0.9001926355743473, 'num_points': 5}, {'avg_silhouette': 0.751620883502259, 'num_points': 157}, {'avg_silhouette': 0.8590981974509352, 'num_points': 274}, {'avg_silhouette': 0.623991450251223, 'num_points': 55}, {'avg_silhouette': 0.7485715600324037, 'num_points': 5}, {'avg_silhouette': 0.4462402483147807, 'num_points': 9}, {'avg_silhouette': 0.42101709473117305, 'num_points': 17}, {'avg_silhouette': 0.410376921454501, 'num_points': 10}, {'avg_silhouette': 0.7606199896597443, 'num_points': 8}]",5.0,14,0.6032211471116427,,1,
DBSCAN,,0.6638342073763928,"[{'avg_silhouette': 0.6171238008179871, 'num_points': 21101}, {'avg_silhouette': 0.4315073898614302, 'num_points': 181}, {'avg_silhouette': 0.6830945573010487, 'num_points': 20}, {'avg_silhouette': 0.5856404839070776, 'num_points': 103}, {'avg_silhouette': 0.7515582897011063, 'num_points': 157}, {'avg_silhouette': 0.8590584561387522, 'num_points': 274}, {'avg_silhouette': 0.6238980814869676, 'num_points': 55}, {'avg_silhouette': 0.45408220511062614, 'num_points': 15}]",10.0,8,0.603219888712871,,1,
DBSCAN,,0.6638342073763928,"[{'avg_silhouette': 0.615280582465345, 'num_points': 21109}, {'avg_silhouette': 0.39478340353398333, 'num_points': 186}, {'avg_silhouette': 0.6699355067320324, 'num_points': 20}, {'avg_silhouette': 0.4576020710387886, 'num_points': 7}, {'avg_silhouette': 0.5857106061780202, 'num_points': 103}, {'avg_silhouette': 0.900190322144919, 'num_points': 5}, {'avg_silhouette': 0.7516033311012154, 'num_points': 157}, {'avg_silhouette': 0.8590862792808042, 'num_points': 274}, {'avg_silhouette': 0.6239648702172712, 'num_points': 55}, {'avg_silhouette': 0.7485561649804856, 'num_points': 5}, {'avg_silhouette': 0.44620757776337505, 'num_points': 9}, {'avg_silhouette': 0.42098040154379845, 'num_points': 17}, {'avg_silhouette': 0.410344864536947, 'num_points': 10}, {'avg_silhouette': 0.7606199896597443, 'num_points': 8}]",5.0,14,0.6032192492054401,,1,
DBSCAN,,0.6238342073763927,"[{'avg_silhouette': 0.6170305351440392, 'num_points': 21082}, {'avg_silhouette': 0.42485458468596, 'num_points': 176}, {'avg_silhouette': 0.7188630412166249, 'num_points': 19}, {'avg_silhouette': 0.4947779789625992, 'num_points': 6}, {'avg_silhouette': 0.5912537991912306, 'num_points': 102}, {'avg_silhouette': 0.9001755746340836, 'num_points': 5}, {'avg_silhouette': 0.7619406784588381, 'num_points': 155}, {'avg_silhouette': 0.8632066432608576, 'num_points': 273}, {'avg_silhouette': 0.6238126241941683, 'num_points': 55}, {'avg_silhouette': 0.4939511811156584, 'num_points': 7}, {'avg_silhouette': 0.4548201799039475, 'num_points': 15}, {'avg_silhouette': 0.46141082133955846, 'num_points': 7}, {'avg_silhouette': 0.7570248463817436, 'num_points': 8}]",5.0,13,0.6031913120448898,,1,
DBSCAN,,0.6838342073763928,"[{'avg_silhouette': 0.6147086143711269, 'num_points': 21119}, {'avg_silhouette': 0.39478398634519507, 'num_points': 186}, {'avg_silhouette': 0.6699355067320324, 'num_points': 20}, {'avg_silhouette': 0.43980231400190045, 'num_points': 8}, {'avg_silhouette': 0.5745102076094639, 'num_points': 105}, {'avg_silhouette': 0.900195797869158, 'num_points': 5}, {'avg_silhouette': 0.7516439218494579, 'num_points': 157}, {'avg_silhouette': 0.8591129347679326, 'num_points': 274}, {'avg_silhouette': 0.6240249935341622, 'num_points': 55}, {'avg_silhouette': 0.4210644970226243, 'num_points': 17}, {'avg_silhouette': 0.748589922298175, 'num_points': 5}, {'avg_silhouette': 0.446284562811755, 'num_points': 9}, {'avg_silhouette': 0.41041829401955676, 'num_points': 10}, {'avg_silhouette': 0.7606199896597443, 'num_points': 8}]",5.0,14,0.6030976222368964,,1,
DBSCAN,,0.6838342073763928,"[{'avg_silhouette': 0.6164856602641786, 'num_points': 21112}, {'avg_silhouette': 0.427134570986129, 'num_points': 183}, {'avg_silhouette': 0.6831592228116721, 'num_points': 20}, {'avg_silhouette': 0.5744521710162811, 'num_points': 105}, {'avg_silhouette': 0.7516064419508093, 'num_points': 157}, {'avg_silhouette': 0.8590899462012483, 'num_points': 274}, {'avg_silhouette': 0.6239698497284442, 'num_points': 55}, {'avg_silhouette': 0.4541822279708249, 'num_points': 15}]",10.0,8,0.6030789117977354,,1,
DBSCAN,,0.6538342073763928,"[{'avg_silhouette': 0.6155441861618907, 'num_points': 21103}, {'avg_silhouette': 0.40737182980245606, 'num_points': 181}, {'avg_silhouette': 0.7188630412166249, 'num_points': 19}, {'avg_silhouette': 0.457562269642004, 'num_points': 7}, {'avg_silhouette': 0.5856739534894976, 'num_points': 103}, {'avg_silhouette': 0.9001869043301844, 'num_points': 5}, {'avg_silhouette': 0.7574483862580332, 'num_points': 156}, {'avg_silhouette': 0.8590705230320448, 'num_points': 274}, {'avg_silhouette': 0.6239288751962888, 'num_points': 55}, {'avg_silhouette': 0.7485350911232189, 'num_points': 5}, {'avg_silhouette': 0.4613691318658206, 'num_points': 8}, {'avg_silhouette': 0.45497299131180235, 'num_points': 15}, {'avg_silhouette': 0.4102965779870852, 'num_points': 10}, {'avg_silhouette': 0.7570248463817436, 'num_points': 8}]",5.0,14,0.6030556014485665,,1,
DBSCAN,,0.6938342073763928,"[{'avg_silhouette': 0.6144723996069111, 'num_points': 21123}, {'avg_silhouette': 0.3947843624045845, 'num_points': 186}, {'avg_silhouette': 0.6699355067320324, 'num_points': 20}, {'avg_silhouette': 0.4256623016486225, 'num_points': 9}, {'avg_silhouette': 0.5745436442982427, 'num_points': 105}, {'avg_silhouette': 0.9001994629578272, 'num_points': 5}, {'avg_silhouette': 0.751664677515872, 'num_points': 157}, {'avg_silhouette': 0.8591258546237144, 'num_points': 274}, {'avg_silhouette': 0.6240563621000185, 'num_points': 55}, {'avg_silhouette': 0.42110825173327343, 'num_points': 17}, {'avg_silhouette': 0.7486067001790271, 'num_points': 5}, {'avg_silhouette': 0.4463227817516122, 'num_points': 9}, {'avg_silhouette': 0.41045708715553236, 'num_points': 10}, {'avg_silhouette': 0.7606199896597443, 'num_points': 8}]",5.0,14,0.6030486591402353,,1,
DBSCAN,,0.7038342073763928,"[{'avg_silhouette': 0.614261737515712, 'num_points': 21126}, {'avg_silhouette': 0.3947847058542391, 'num_points': 186}, {'avg_silhouette': 0.6699355067320324, 'num_points': 20}, {'avg_silhouette': 0.4176353084383141, 'num_points': 10}, {'avg_silhouette': 0.5693266432822252, 'num_points': 106}, {'avg_silhouette': 0.9002018827489635, 'num_points': 5}, {'avg_silhouette': 0.7516824933697978, 'num_points': 157}, {'avg_silhouette': 0.8591370263474284, 'num_points': 274}, {'avg_silhouette': 0.6240831471020312, 'num_points': 55}, {'avg_silhouette': 0.4211463005286853, 'num_points': 17}, {'avg_silhouette': 0.7486211056108791, 'num_points': 5}, {'avg_silhouette': 0.4463561507181959, 'num_points': 9}, {'avg_silhouette': 0.4104909951966679, 'num_points': 10}, {'avg_silhouette': 0.7606199896597443, 'num_points': 8}]",5.0,14,0.6030052262334958,,1,
DBSCAN,,0.8238342073763929,"[{'avg_silhouette': 0.6112645541358682, 'num_points': 21181}, {'avg_silhouette': 0.38884816358366336, 'num_points': 188}, {'avg_silhouette': 0.6370777348041651, 'num_points': 21}, {'avg_silhouette': 0.38037738249824393, 'num_points': 13}, {'avg_silhouette': 0.5578549765855674, 'num_points': 108}, {'avg_silhouette': 0.31331059861049554, 'num_points': 9}, {'avg_silhouette': 0.3799595642537076, 'num_points': 11}, {'avg_silhouette': 0.8866849679668192, 'num_points': 5}, {'avg_silhouette': 0.7452810928374876, 'num_points': 158}, {'avg_silhouette': 0.4468503837641782, 'num_points': 9}, {'avg_silhouette': 0.8550635901662116, 'num_points': 275}, {'avg_silhouette': 0.6136798162050957, 'num_points': 56}, {'avg_silhouette': 0.37352240079582094, 'num_points': 19}, {'avg_silhouette': 0.7488210921722909, 'num_points': 5}, {'avg_silhouette': 0.32165096757077527, 'num_points': 13}, {'avg_silhouette': 0.7625038086402753, 'num_points': 8}, {'avg_silhouette': 0.3519613552644626, 'num_points': 10}]",5.0,17,0.6029868883359213,,1,
DBSCAN,,0.6538342073763928,"[{'avg_silhouette': 0.6172397530453921, 'num_points': 21096}, {'avg_silhouette': 0.4353455265972201, 'num_points': 179}, {'avg_silhouette': 0.7302858501631048, 'num_points': 19}, {'avg_silhouette': 0.5856100448199042, 'num_points': 103}, {'avg_silhouette': 0.7574088033742574, 'num_points': 156}, {'avg_silhouette': 0.8590454764352076, 'num_points': 274}, {'avg_silhouette': 0.6238677053357248, 'num_points': 55}, {'avg_silhouette': 0.49887115842334273, 'num_points': 12}]",10.0,8,0.6029674568419361,,1,
DBSCAN,,0.6938342073763928,"[{'avg_silhouette': 0.615977416828115, 'num_points': 21120}, {'avg_silhouette': 0.423390814783507, 'num_points': 184}, {'avg_silhouette': 0.6832138881033085, 'num_points': 20}, {'avg_silhouette': 0.5745198929491144, 'num_points': 105}, {'avg_silhouette': 0.7516489777051198, 'num_points': 157}, {'avg_silhouette': 0.8591162750877579, 'num_points': 274}, {'avg_silhouette': 0.6240338574604983, 'num_points': 55}, {'avg_silhouette': 0.44354480682572217, 'num_points': 16}]",10.0,8,0.6029092276626118,,1,
DBSCAN,,0.8338342073763929,"[{'avg_silhouette': 0.6109715619035895, 'num_points': 21185}, {'avg_silhouette': 0.38884866743750657, 'num_points': 188}, {'avg_silhouette': 0.6370777348041651, 'num_points': 21}, {'avg_silhouette': 0.3804190137523808, 'num_points': 13}, {'avg_silhouette': 0.5578983603345328, 'num_points': 108}, {'avg_silhouette': 0.31334599176071376, 'num_points': 9}, {'avg_silhouette': 0.3800132465440916, 'num_points': 11}, {'avg_silhouette': 0.8866849679668192, 'num_points': 5}, {'avg_silhouette': 0.7453067823015084, 'num_points': 158}, {'avg_silhouette': 0.4468964548095527, 'num_points': 9}, {'avg_silhouette': 0.8550798872267805, 'num_points': 275}, {'avg_silhouette': 0.6137178641817973, 'num_points': 56}, {'avg_silhouette': 0.37357478891179613, 'num_points': 19}, {'avg_silhouette': 0.7488423279756946, 'num_points': 5}, {'avg_silhouette': 0.32170023259853003, 'num_points': 13}, {'avg_silhouette': 0.7625038086402753, 'num_points': 8}, {'avg_silhouette': 0.35198363810442224, 'num_points': 10}]",5.0,17,0.6028413137757173,,1,
DBSCAN,,0.7038342073763928,"[{'avg_silhouette': 0.615774112834785, 'num_points': 21123}, {'avg_silhouette': 0.42342539933154993, 'num_points': 184}, {'avg_silhouette': 0.6832376428572596, 'num_points': 20}, {'avg_silhouette': 0.5693028779917307, 'num_points': 106}, {'avg_silhouette': 0.7516668006520882, 'num_points': 157}, {'avg_silhouette': 0.8591274513375947, 'num_points': 274}, {'avg_silhouette': 0.6240606528363899, 'num_points': 55}, {'avg_silhouette': 0.44358233590143725, 'num_points': 16}]",10.0,8,0.6028372594020048,,1,
DBSCAN,,0.973834207376393,"[{'avg_silhouette': 0.6112633902739111, 'num_points': 21202}, {'avg_silhouette': 0.40246963802997343, 'num_points': 190}, {'avg_silhouette': 0.6520832206081384, 'num_points': 21}, {'avg_silhouette': 0.38058280340368206, 'num_points': 13}, {'avg_silhouette': 0.5580623285799423, 'num_points': 108}, {'avg_silhouette': 0.7454105512464824, 'num_points': 158}, {'avg_silhouette': 0.8506535180734957, 'num_points': 276}, {'avg_silhouette': 0.6138693119557702, 'num_points': 56}, {'avg_silhouette': 0.33855535062956565, 'num_points': 21}, {'avg_silhouette': 0.35959934063243343, 'num_points': 12}, {'avg_silhouette': 0.325750226984122, 'num_points': 12}, {'avg_silhouette': 0.3525122610767555, 'num_points': 12}, {'avg_silhouette': 0.3011883353657929, 'num_points': 10}]",10.0,13,0.6028305883618013,,1,
DBSCAN,,0.993834207376393,"[{'avg_silhouette': 0.6112046408382367, 'num_points': 21203}, {'avg_silhouette': 0.40248471991730467, 'num_points': 190}, {'avg_silhouette': 0.6520934066171258, 'num_points': 21}, {'avg_silhouette': 0.3509117626794374, 'num_points': 14}, {'avg_silhouette': 0.5580746822805843, 'num_points': 108}, {'avg_silhouette': 0.7454180573581931, 'num_points': 158}, {'avg_silhouette': 0.8506581864203852, 'num_points': 276}, {'avg_silhouette': 0.6138808424890939, 'num_points': 56}, {'avg_silhouette': 0.3385722251810801, 'num_points': 21}, {'avg_silhouette': 0.3596150674216306, 'num_points': 12}, {'avg_silhouette': 0.32576017575601335, 'num_points': 12}, {'avg_silhouette': 0.35252799852134314, 'num_points': 12}, {'avg_silhouette': 0.3011991502498439, 'num_points': 10}]",10.0,13,0.6028300595319211,,1,
DBSCAN,,0.8438342073763929,"[{'avg_silhouette': 0.6108440225634876, 'num_points': 21187}, {'avg_silhouette': 0.38884885316212014, 'num_points': 188}, {'avg_silhouette': 0.6370777348041651, 'num_points': 21}, {'avg_silhouette': 0.3804343253289264, 'num_points': 13}, {'avg_silhouette': 0.5579138416888717, 'num_points': 108}, {'avg_silhouette': 0.30105606349954217, 'num_points': 10}, {'avg_silhouette': 0.3800310623874031, 'num_points': 11}, {'avg_silhouette': 0.8866849679668192, 'num_points': 5}, {'avg_silhouette': 0.7453168178725205, 'num_points': 158}, {'avg_silhouette': 0.44691564546785867, 'num_points': 9}, {'avg_silhouette': 0.8550861050243285, 'num_points': 275}, {'avg_silhouette': 0.6137324514691302, 'num_points': 56}, {'avg_silhouette': 0.3735961731378872, 'num_points': 19}, {'avg_silhouette': 0.7488495438088355, 'num_points': 5}, {'avg_silhouette': 0.32171915174177285, 'num_points': 13}, {'avg_silhouette': 0.7625038086402753, 'num_points': 8}, {'avg_silhouette': 0.3519914729767407, 'num_points': 10}]",5.0,17,0.602816560872623,,1,
DBSCAN,,0.8538342073763929,"[{'avg_silhouette': 0.6107694374178645, 'num_points': 21188}, {'avg_silhouette': 0.3888489610197531, 'num_points': 188}, {'avg_silhouette': 0.6370777348041651, 'num_points': 21}, {'avg_silhouette': 0.38044188192759176, 'num_points': 13}, {'avg_silhouette': 0.5579219835238914, 'num_points': 108}, {'avg_silhouette': 0.3010619865468868, 'num_points': 10}, {'avg_silhouette': 0.3800426021294731, 'num_points': 11}, {'avg_silhouette': 0.8866849679668192, 'num_points': 5}, {'avg_silhouette': 0.7453224642772465, 'num_points': 158}, {'avg_silhouette': 0.44692661181023813, 'num_points': 9}, {'avg_silhouette': 0.8550896578368292, 'num_points': 275}, {'avg_silhouette': 0.6137402878602144, 'num_points': 56}, {'avg_silhouette': 0.3605809955477003, 'num_points': 20}, {'avg_silhouette': 0.7488541824005779, 'num_points': 5}, {'avg_silhouette': 0.3217296049501947, 'num_points': 13}, {'avg_silhouette': 0.7625038086402753, 'num_points': 8}, {'avg_silhouette': 0.35199394796047934, 'num_points': 10}]",5.0,17,0.6028042660608951,,1,
DBSCAN,,0.903834207376393,"[{'avg_silhouette': 0.6100572744040621, 'num_points': 21198}, {'avg_silhouette': 0.3888501368413216, 'num_points': 188}, {'avg_silhouette': 0.6370777348041651, 'num_points': 21}, {'avg_silhouette': 0.3805389498044899, 'num_points': 13}, {'avg_silhouette': 0.55801898286643, 'num_points': 108}, {'avg_silhouette': 0.3011472721381742, 'num_points': 10}, {'avg_silhouette': 0.38017090686463284, 'num_points': 11}, {'avg_silhouette': 0.8866849679668192, 'num_points': 5}, {'avg_silhouette': 0.7379499144840284, 'num_points': 158}, {'avg_silhouette': 0.316653658385477, 'num_points': 13}, {'avg_silhouette': 0.4470411636219084, 'num_points': 9}, {'avg_silhouette': 0.8551277344203717, 'num_points': 275}, {'avg_silhouette': 0.11737085386243562, 'num_points': 5}, {'avg_silhouette': 0.09537223065747828, 'num_points': 4}, {'avg_silhouette': 0.6138308552990358, 'num_points': 56}, {'avg_silhouette': 0.35031958994105383, 'num_points': 20}, {'avg_silhouette': 0.7489014744416522, 'num_points': 5}, {'avg_silhouette': 0.3218477934308662, 'num_points': 13}, {'avg_silhouette': 0.5577673940521175, 'num_points': 5}, {'avg_silhouette': 0.7625038086402753, 'num_points': 8}]",5.0,20,0.6027993298754313,,1,
DBSCAN,,0.983834207376393,"[{'avg_silhouette': 0.6111879424903097, 'num_points': 21203}, {'avg_silhouette': 0.40248471991730467, 'num_points': 190}, {'avg_silhouette': 0.6520934066171258, 'num_points': 21}, {'avg_silhouette': 0.3805966109652443, 'num_points': 13}, {'avg_silhouette': 0.5580746822805843, 'num_points': 108}, {'avg_silhouette': 0.7454180573581931, 'num_points': 158}, {'avg_silhouette': 0.8506581864203852, 'num_points': 276}, {'avg_silhouette': 0.6138808424890939, 'num_points': 56}, {'avg_silhouette': 0.3385722251810801, 'num_points': 21}, {'avg_silhouette': 0.3596150674216306, 'num_points': 12}, {'avg_silhouette': 0.32576017575601335, 'num_points': 12}, {'avg_silhouette': 0.35252799852134314, 'num_points': 12}, {'avg_silhouette': 0.3011991502498439, 'num_points': 10}]",10.0,13,0.6027952493177314,,1,
DBSCAN,,0.6238342073763927,"[{'avg_silhouette': 0.6182602815045034, 'num_points': 21069}, {'avg_silhouette': 0.4488343406255841, 'num_points': 174}, {'avg_silhouette': 0.730169688655739, 'num_points': 19}, {'avg_silhouette': 0.5911603658501301, 'num_points': 102}, {'avg_silhouette': 0.7618870181958268, 'num_points': 155}, {'avg_silhouette': 0.8631711151530179, 'num_points': 273}, {'avg_silhouette': 0.6237246811868143, 'num_points': 55}, {'avg_silhouette': 0.49869160535086055, 'num_points': 12}]",10.0,8,0.6027888940844388,,1,
DBSCAN,,0.7138342073763928,"[{'avg_silhouette': 0.6152934387643098, 'num_points': 21132}, {'avg_silhouette': 0.4234959520453394, 'num_points': 184}, {'avg_silhouette': 0.651570466930689, 'num_points': 21}, {'avg_silhouette': 0.5693598456346973, 'num_points': 106}, {'avg_silhouette': 0.7517037545197184, 'num_points': 157}, {'avg_silhouette': 0.8591497716351482, 'num_points': 274}, {'avg_silhouette': 0.6241143275870363, 'num_points': 55}, {'avg_silhouette': 0.4436586342942338, 'num_points': 16}]",10.0,8,0.6027434120631183,,1,
DBSCAN,,0.8638342073763929,"[{'avg_silhouette': 0.6104796565595871, 'num_points': 21192}, {'avg_silhouette': 0.3888494459185514, 'num_points': 188}, {'avg_silhouette': 0.6370777348041651, 'num_points': 21}, {'avg_silhouette': 0.3804814753836222, 'num_points': 13}, {'avg_silhouette': 0.5579609939759669, 'num_points': 108}, {'avg_silhouette': 0.3010970182940941, 'num_points': 10}, {'avg_silhouette': 0.3800957185857667, 'num_points': 11}, {'avg_silhouette': 0.8866849679668192, 'num_points': 5}, {'avg_silhouette': 0.7453478915263386, 'num_points': 158}, {'avg_silhouette': 0.4469743800054757, 'num_points': 9}, {'avg_silhouette': 0.855105229572722, 'num_points': 275}, {'avg_silhouette': 0.30821403529793984, 'num_points': 5}, {'avg_silhouette': 0.6137770177141633, 'num_points': 56}, {'avg_silhouette': 0.3606360184164731, 'num_points': 20}, {'avg_silhouette': 0.7488736795411082, 'num_points': 5}, {'avg_silhouette': 0.32177952549874084, 'num_points': 13}, {'avg_silhouette': 0.7625038086402753, 'num_points': 8}, {'avg_silhouette': 0.3278342459374166, 'num_points': 11}]",5.0,18,0.6027294826269137,,1,
DBSCAN,,0.6338342073763927,"[{'avg_silhouette': 0.6177109712499754, 'num_points': 21080}, {'avg_silhouette': 0.4402446407567518, 'num_points': 177}, {'avg_silhouette': 0.7302161465534595, 'num_points': 19}, {'avg_silhouette': 0.5912223745140223, 'num_points': 102}, {'avg_silhouette': 0.7619238349326081, 'num_points': 155}, {'avg_silhouette': 0.8631949648439479, 'num_points': 273}, {'avg_silhouette': 0.6237837208253754, 'num_points': 55}, {'avg_silhouette': 0.49876139302127914, 'num_points': 12}]",10.0,8,0.6027270202237973,,1,
DBSCAN,,0.963834207376393,"[{'avg_silhouette': 0.6113714825171744, 'num_points': 21201}, {'avg_silhouette': 0.402457794972109, 'num_points': 190}, {'avg_silhouette': 0.6520746691564133, 'num_points': 21}, {'avg_silhouette': 0.380572290437676, 'num_points': 13}, {'avg_silhouette': 0.55805201083981, 'num_points': 108}, {'avg_silhouette': 0.7454045332814078, 'num_points': 158}, {'avg_silhouette': 0.8506496319680045, 'num_points': 276}, {'avg_silhouette': 0.6138602669635512, 'num_points': 56}, {'avg_silhouette': 0.3385421180238812, 'num_points': 21}, {'avg_silhouette': 0.35958757791357354, 'num_points': 12}, {'avg_silhouette': 0.3257425427510867, 'num_points': 12}, {'avg_silhouette': 0.3525010077613877, 'num_points': 12}]",10.0,12,0.6027073569569826,,1,
DBSCAN,,0.883834207376393,"[{'avg_silhouette': 0.6102763546707213, 'num_points': 21195}, {'avg_silhouette': 0.3888497998705382, 'num_points': 188}, {'avg_silhouette': 0.6370777348041651, 'num_points': 21}, {'avg_silhouette': 0.38050926868514284, 'num_points': 13}, {'avg_silhouette': 0.5579896895795341, 'num_points': 108}, {'avg_silhouette': 0.3011191290535506, 'num_points': 10}, {'avg_silhouette': 0.38013263457606156, 'num_points': 11}, {'avg_silhouette': 0.8866849679668192, 'num_points': 5}, {'avg_silhouette': 0.7453663748864381, 'num_points': 158}, {'avg_silhouette': 0.31663928518335527, 'num_points': 13}, {'avg_silhouette': 0.4470090497238327, 'num_points': 9}, {'avg_silhouette': 0.8551164994490312, 'num_points': 275}, {'avg_silhouette': 0.3082307269628274, 'num_points': 5}, {'avg_silhouette': 0.6138039688066298, 'num_points': 56}, {'avg_silhouette': 0.36067522599193, 'num_points': 20}, {'avg_silhouette': 0.7488880720891055, 'num_points': 5}, {'avg_silhouette': 0.32181458299551985, 'num_points': 13}, {'avg_silhouette': 0.7625038086402753, 'num_points': 8}]",5.0,18,0.6026968490069536,,1,
DBSCAN,,0.6438342073763927,"[{'avg_silhouette': 0.6172233752180619, 'num_points': 21090}, {'avg_silhouette': 0.4352959428001295, 'num_points': 179}, {'avg_silhouette': 0.7302559033034586, 'num_points': 19}, {'avg_silhouette': 0.5912751598942751, 'num_points': 102}, {'avg_silhouette': 0.7619562950144562, 'num_points': 155}, {'avg_silhouette': 0.8632155880644009, 'num_points': 273}, {'avg_silhouette': 0.6238309074791101, 'num_points': 55}, {'avg_silhouette': 0.498826365166482, 'num_points': 12}]",10.0,8,0.6026721117833759,,1,
DBSCAN,,0.6438342073763927,"[{'avg_silhouette': 0.6153451269256482, 'num_points': 21100}, {'avg_silhouette': 0.4073714240276809, 'num_points': 181}, {'avg_silhouette': 0.7188630412166249, 'num_points': 19}, {'avg_silhouette': 0.45754162283798816, 'num_points': 7}, {'avg_silhouette': 0.5913609498779254, 'num_points': 102}, {'avg_silhouette': 0.900184822689658, 'num_points': 5}, {'avg_silhouette': 0.7620056612570167, 'num_points': 155}, {'avg_silhouette': 0.8632482916675559, 'num_points': 273}, {'avg_silhouette': 0.6239115412786544, 'num_points': 55}, {'avg_silhouette': 0.4940667072790185, 'num_points': 7}, {'avg_silhouette': 0.4549512751132803, 'num_points': 15}, {'avg_silhouette': 0.748525851097519, 'num_points': 5}, {'avg_silhouette': 0.4102770076479419, 'num_points': 10}, {'avg_silhouette': 0.7570248463817436, 'num_points': 8}]",5.0,14,0.6026664375101236,,1,
DBSCAN,,0.873834207376393,"[{'avg_silhouette': 0.6102712261065264, 'num_points': 21195}, {'avg_silhouette': 0.3888497998705382, 'num_points': 188}, {'avg_silhouette': 0.6370777348041651, 'num_points': 21}, {'avg_silhouette': 0.38050926868514284, 'num_points': 13}, {'avg_silhouette': 0.5579896895795341, 'num_points': 108}, {'avg_silhouette': 0.3011191290535506, 'num_points': 10}, {'avg_silhouette': 0.38013263457606156, 'num_points': 11}, {'avg_silhouette': 0.8866849679668192, 'num_points': 5}, {'avg_silhouette': 0.7453663748864381, 'num_points': 158}, {'avg_silhouette': 0.4470090497238327, 'num_points': 9}, {'avg_silhouette': 0.8551164994490312, 'num_points': 275}, {'avg_silhouette': 0.3082307269628274, 'num_points': 5}, {'avg_silhouette': 0.6138039688066298, 'num_points': 56}, {'avg_silhouette': 0.36067522599193, 'num_points': 20}, {'avg_silhouette': 0.7488880720891055, 'num_points': 5}, {'avg_silhouette': 0.32181458299551985, 'num_points': 13}, {'avg_silhouette': 0.7625038086402753, 'num_points': 8}, {'avg_silhouette': 0.32570655058273307, 'num_points': 12}]",5.0,18,0.6026623353706558,,1,
DBSCAN,,0.953834207376393,"[{'avg_silhouette': 0.6115361132559339, 'num_points': 21200}, {'avg_silhouette': 0.4024382501561433, 'num_points': 190}, {'avg_silhouette': 0.6520612213142423, 'num_points': 21}, {'avg_silhouette': 0.3805557205137966, 'num_points': 13}, {'avg_silhouette': 0.5580361336166964, 'num_points': 108}, {'avg_silhouette': 0.7453946259268512, 'num_points': 158}, {'avg_silhouette': 0.8506433140191861, 'num_points': 276}, {'avg_silhouette': 0.6138457177795917, 'num_points': 56}, {'avg_silhouette': 0.33852035373337386, 'num_points': 21}, {'avg_silhouette': 0.35956812582487, 'num_points': 12}, {'avg_silhouette': 0.3524805224334621, 'num_points': 12}]",10.0,11,0.602648142780978,,1,
DBSCAN,,0.6138342073763927,"[{'avg_silhouette': 0.6186183602728004, 'num_points': 21058}, {'avg_silhouette': 0.452840600678261, 'num_points': 172}, {'avg_silhouette': 0.730127104138695, 'num_points': 19}, {'avg_silhouette': 0.5911038609188426, 'num_points': 102}, {'avg_silhouette': 0.7618520840830498, 'num_points': 155}, {'avg_silhouette': 0.8631487389812942, 'num_points': 273}, {'avg_silhouette': 0.6236725116678326, 'num_points': 55}, {'avg_silhouette': 0.5127275120440496, 'num_points': 11}]",10.0,8,0.6026481077858419,,1,
DBSCAN,,0.893834207376393,"[{'avg_silhouette': 0.6100572744040621, 'num_points': 21198}, {'avg_silhouette': 0.3888501368413216, 'num_points': 188}, {'avg_silhouette': 0.6370777348041651, 'num_points': 21}, {'avg_silhouette': 0.3805389498044899, 'num_points': 13}, {'avg_silhouette': 0.55801898286643, 'num_points': 108}, {'avg_silhouette': 0.3011472721381742, 'num_points': 10}, {'avg_silhouette': 0.38017090686463284, 'num_points': 11}, {'avg_silhouette': 0.8866849679668192, 'num_points': 5}, {'avg_silhouette': 0.7453845160915397, 'num_points': 158}, {'avg_silhouette': 0.316653658385477, 'num_points': 13}, {'avg_silhouette': 0.4470411636219084, 'num_points': 9}, {'avg_silhouette': 0.8551277344203717, 'num_points': 275}, {'avg_silhouette': 0.11737085386243562, 'num_points': 5}, {'avg_silhouette': 0.09537223065747828, 'num_points': 4}, {'avg_silhouette': 0.6138308552990358, 'num_points': 56}, {'avg_silhouette': 0.3607133979783387, 'num_points': 20}, {'avg_silhouette': 0.7489014744416522, 'num_points': 5}, {'avg_silhouette': 0.3218477934308662, 'num_points': 13}, {'avg_silhouette': 0.7625038086402753, 'num_points': 8}]",5.0,19,0.602632721313605,,1,
DBSCAN,,0.7238342073763928,"[{'avg_silhouette': 0.6148059869989032, 'num_points': 21141}, {'avg_silhouette': 0.4235668154544722, 'num_points': 184}, {'avg_silhouette': 0.6516225036031177, 'num_points': 21}, {'avg_silhouette': 0.5694212760456452, 'num_points': 106}, {'avg_silhouette': 0.7517408714539365, 'num_points': 157}, {'avg_silhouette': 0.8591729255555, 'num_points': 274}, {'avg_silhouette': 0.624169311096568, 'num_points': 55}, {'avg_silhouette': 0.44373384418795137, 'num_points': 16}]",10.0,8,0.6026103610940313,,1,
DBSCAN,,0.8238342073763929,"[{'avg_silhouette': 0.6126272906532598, 'num_points': 21179}, {'avg_silhouette': 0.41026559835010296, 'num_points': 188}, {'avg_silhouette': 0.6518868412812641, 'num_points': 21}, {'avg_silhouette': 0.38035250642575286, 'num_points': 13}, {'avg_silhouette': 0.5578316932630693, 'num_points': 108}, {'avg_silhouette': 0.7452667187718668, 'num_points': 158}, {'avg_silhouette': 0.8550547712155868, 'num_points': 275}, {'avg_silhouette': 0.6136585563798915, 'num_points': 56}, {'avg_silhouette': 0.3889776289048711, 'num_points': 18}, {'avg_silhouette': 0.41095296594645203, 'num_points': 10}]",10.0,10,0.6025991846295599,,1,
DBSCAN,,0.943834207376393,"[{'avg_silhouette': 0.6114700471530302, 'num_points': 21200}, {'avg_silhouette': 0.4024382501561433, 'num_points': 190}, {'avg_silhouette': 0.6520612213142423, 'num_points': 21}, {'avg_silhouette': 0.3805557205137966, 'num_points': 13}, {'avg_silhouette': 0.5580361336166964, 'num_points': 108}, {'avg_silhouette': 0.7453946259268512, 'num_points': 158}, {'avg_silhouette': 0.8506433140191861, 'num_points': 276}, {'avg_silhouette': 0.6138457177795917, 'num_points': 56}, {'avg_silhouette': 0.33852035373337386, 'num_points': 21}, {'avg_silhouette': 0.35956812582487, 'num_points': 12}, {'avg_silhouette': 0.38019194958090274, 'num_points': 11}]",10.0,11,0.6025680783832468,,1,
DBSCAN,,0.913834207376393,"[{'avg_silhouette': 0.6117329325063473, 'num_points': 21198}, {'avg_silhouette': 0.4065267817183472, 'num_points': 189}, {'avg_silhouette': 0.6520396227967994, 'num_points': 21}, {'avg_silhouette': 0.38053074359277067, 'num_points': 13}, {'avg_silhouette': 0.5580105525828777, 'num_points': 108}, {'avg_silhouette': 0.7453791970927574, 'num_points': 158}, {'avg_silhouette': 0.8506334343728448, 'num_points': 276}, {'avg_silhouette': 0.6138228702437001, 'num_points': 56}, {'avg_silhouette': 0.3607023167945078, 'num_points': 20}, {'avg_silhouette': 0.35953870763184476, 'num_points': 12}]",10.0,10,0.6025231287954359,,1,
DBSCAN,,0.7338342073763928,"[{'avg_silhouette': 0.614605773794873, 'num_points': 21144}, {'avg_silhouette': 0.4235986550448682, 'num_points': 184}, {'avg_silhouette': 0.6516468058907267, 'num_points': 21}, {'avg_silhouette': 0.5694489957035747, 'num_points': 106}, {'avg_silhouette': 0.7517573747323392, 'num_points': 157}, {'avg_silhouette': 0.8591833959849303, 'num_points': 274}, {'avg_silhouette': 0.6241932915361368, 'num_points': 55}, {'avg_silhouette': 0.44376680779786626, 'num_points': 16}]",10.0,8,0.6025160327315863,,1,
DBSCAN,,0.7438342073763928,"[{'avg_silhouette': 0.6144368347324947, 'num_points': 21147}, {'avg_silhouette': 0.4194109274191748, 'num_points': 185}, {'avg_silhouette': 0.65166599407027, 'num_points': 21}, {'avg_silhouette': 0.5645124616093037, 'num_points': 107}, {'avg_silhouette': 0.7517714576214437, 'num_points': 157}, {'avg_silhouette': 0.8591916956561877, 'num_points': 274}, {'avg_silhouette': 0.6134188179379156, 'num_points': 56}, {'avg_silhouette': 0.44379483455717694, 'num_points': 16}]",10.0,8,0.6025093822728873,,1,
DBSCAN,,0.8338342073763929,"[{'avg_silhouette': 0.6124014531519976, 'num_points': 21182}, {'avg_silhouette': 0.41030604822840305, 'num_points': 188}, {'avg_silhouette': 0.6519164217069902, 'num_points': 21}, {'avg_silhouette': 0.3803857530227378, 'num_points': 13}, {'avg_silhouette': 0.5578661026564773, 'num_points': 108}, {'avg_silhouette': 0.7452869942252011, 'num_points': 158}, {'avg_silhouette': 0.8550676907685988, 'num_points': 275}, {'avg_silhouette': 0.6136884049018911, 'num_points': 56}, {'avg_silhouette': 0.3735325578740885, 'num_points': 19}, {'avg_silhouette': 0.41098973487656865, 'num_points': 10}]",10.0,10,0.6025088944047275,,1,
DBSCAN,,0.8038342073763929,"[{'avg_silhouette': 0.6128334584678344, 'num_points': 21171}, {'avg_silhouette': 0.41391690777669826, 'num_points': 187}, {'avg_silhouette': 0.6518313989897389, 'num_points': 21}, {'avg_silhouette': 0.38029361382771687, 'num_points': 13}, {'avg_silhouette': 0.5647057872502009, 'num_points': 107}, {'avg_silhouette': 0.7452267427551965, 'num_points': 158}, {'avg_silhouette': 0.8592661964604558, 'num_points': 274}, {'avg_silhouette': 0.6135990630099651, 'num_points': 56}, {'avg_silhouette': 0.38889241057889223, 'num_points': 18}, {'avg_silhouette': 0.41087986692887535, 'num_points': 10}]",10.0,10,0.6024926908418581,,1,
DBSCAN,,0.923834207376393,"[{'avg_silhouette': 0.6114647427695027, 'num_points': 21199}, {'avg_silhouette': 0.40653771050798204, 'num_points': 189}, {'avg_silhouette': 0.6520478935829305, 'num_points': 21}, {'avg_silhouette': 0.3805389482854643, 'num_points': 13}, {'avg_silhouette': 0.5580203578426591, 'num_points': 108}, {'avg_silhouette': 0.7453848437232931, 'num_points': 158}, {'avg_silhouette': 0.8506372197053255, 'num_points': 276}, {'avg_silhouette': 0.6138310727307711, 'num_points': 56}, {'avg_silhouette': 0.3607138628722288, 'num_points': 20}, {'avg_silhouette': 0.3595483681816998, 'num_points': 12}, {'avg_silhouette': 0.40812772071849335, 'num_points': 10}]",10.0,11,0.6024863768281892,,1,
DBSCAN,,0.7838342073763929,"[{'avg_silhouette': 0.6133974290961585, 'num_points': 21164}, {'avg_silhouette': 0.41594514043051656, 'num_points': 186}, {'avg_silhouette': 0.6517854996769045, 'num_points': 21}, {'avg_silhouette': 0.3802394678407503, 'num_points': 13}, {'avg_silhouette': 0.5646519875173528, 'num_points': 107}, {'avg_silhouette': 0.7451915535506022, 'num_points': 158}, {'avg_silhouette': 0.859245057604175, 'num_points': 274}, {'avg_silhouette': 0.6135473237195738, 'num_points': 56}, {'avg_silhouette': 0.42150958165992747, 'num_points': 17}]",10.0,9,0.6024768232260872,,1,
DBSCAN,,0.7738342073763929,"[{'avg_silhouette': 0.613564747250906, 'num_points': 21160}, {'avg_silhouette': 0.4158986498602276, 'num_points': 186}, {'avg_silhouette': 0.6517499726855123, 'num_points': 21}, {'avg_silhouette': 0.3802037057656419, 'num_points': 13}, {'avg_silhouette': 0.5646109531874361, 'num_points': 107}, {'avg_silhouette': 0.751832895706172, 'num_points': 157}, {'avg_silhouette': 0.8592296229058801, 'num_points': 274}, {'avg_silhouette': 0.613510636750196, 'num_points': 56}, {'avg_silhouette': 0.44392322219910674, 'num_points': 16}]",10.0,9,0.6024709025778069,,1,
DBSCAN,,0.933834207376393,"[{'avg_silhouette': 0.6113830150788921, 'num_points': 21200}, {'avg_silhouette': 0.4024382501561433, 'num_points': 190}, {'avg_silhouette': 0.6520612213142423, 'num_points': 21}, {'avg_silhouette': 0.3805557205137966, 'num_points': 13}, {'avg_silhouette': 0.5580361336166964, 'num_points': 108}, {'avg_silhouette': 0.7453946259268512, 'num_points': 158}, {'avg_silhouette': 0.8506433140191861, 'num_points': 276}, {'avg_silhouette': 0.6138457177795917, 'num_points': 56}, {'avg_silhouette': 0.33852035373337386, 'num_points': 21}, {'avg_silhouette': 0.35956812582487, 'num_points': 12}, {'avg_silhouette': 0.4081471389857098, 'num_points': 10}]",10.0,11,0.6024536487283282,,1,
DBSCAN,,0.8438342073763929,"[{'avg_silhouette': 0.6122147666657383, 'num_points': 21185}, {'avg_silhouette': 0.4103347794704232, 'num_points': 188}, {'avg_silhouette': 0.6519376595706418, 'num_points': 21}, {'avg_silhouette': 0.3804094668817969, 'num_points': 13}, {'avg_silhouette': 0.5578905769930321, 'num_points': 108}, {'avg_silhouette': 0.7453024554103072, 'num_points': 158}, {'avg_silhouette': 0.8550772935119689, 'num_points': 275}, {'avg_silhouette': 0.6137112086833441, 'num_points': 56}, {'avg_silhouette': 0.37356510943278043, 'num_points': 19}, {'avg_silhouette': 0.4110188703934333, 'num_points': 10}]",10.0,10,0.6024368540631223,,1,
DBSCAN,,0.8538342073763929,"[{'avg_silhouette': 0.6121438331931262, 'num_points': 21186}, {'avg_silhouette': 0.4103448523071185, 'num_points': 188}, {'avg_silhouette': 0.6519448784848165, 'num_points': 21}, {'avg_silhouette': 0.3804170260885943, 'num_points': 13}, {'avg_silhouette': 0.5578987216088483, 'num_points': 108}, {'avg_silhouette': 0.7453081036823413, 'num_points': 158}, {'avg_silhouette': 0.8550808475205824, 'num_points': 275}, {'avg_silhouette': 0.6137190477174599, 'num_points': 56}, {'avg_silhouette': 0.36054966630054913, 'num_points': 20}, {'avg_silhouette': 0.41102914061036194, 'num_points': 10}]",10.0,10,0.6024287672056071,,1,
DBSCAN,,0.7938342073763929,"[{'avg_silhouette': 0.6131706377714293, 'num_points': 21168}, {'avg_silhouette': 0.4159778444085323, 'num_points': 186}, {'avg_silhouette': 0.6518083562826628, 'num_points': 21}, {'avg_silhouette': 0.38026781042731383, 'num_points': 13}, {'avg_silhouette': 0.5646792197968186, 'num_points': 107}, {'avg_silhouette': 0.7452091964719336, 'num_points': 158}, {'avg_silhouette': 0.8592556715336245, 'num_points': 274}, {'avg_silhouette': 0.6135732458867266, 'num_points': 56}, {'avg_silhouette': 0.3888554428076027, 'num_points': 18}]",10.0,9,0.6024214886133923,,1,
DBSCAN,,0.7538342073763928,"[{'avg_silhouette': 0.6138143762894995, 'num_points': 21155}, {'avg_silhouette': 0.4194840528421076, 'num_points': 185}, {'avg_silhouette': 0.6517193198926291, 'num_points': 21}, {'avg_silhouette': 0.5645741240983975, 'num_points': 107}, {'avg_silhouette': 0.7518106410779678, 'num_points': 157}, {'avg_silhouette': 0.8592158314894034, 'num_points': 274}, {'avg_silhouette': 0.6134767819855076, 'num_points': 56}, {'avg_silhouette': 0.4438763788090909, 'num_points': 16}, {'avg_silhouette': 0.4055645788705351, 'num_points': 10}]",10.0,9,0.6024066634686653,,1,
DBSCAN,,0.8138342073763929,"[{'avg_silhouette': 0.6126318604883423, 'num_points': 21174}, {'avg_silhouette': 0.4139495903909321, 'num_points': 187}, {'avg_silhouette': 0.6518561186747677, 'num_points': 21}, {'avg_silhouette': 0.3803197381759337, 'num_points': 13}, {'avg_silhouette': 0.5647346204189129, 'num_points': 107}, {'avg_silhouette': 0.7452436864518098, 'num_points': 158}, {'avg_silhouette': 0.859276845656846, 'num_points': 274}, {'avg_silhouette': 0.6136246446836361, 'num_points': 56}, {'avg_silhouette': 0.3889287387069541, 'num_points': 18}, {'avg_silhouette': 0.4109104749512892, 'num_points': 10}]",10.0,10,0.6024029074347405,,1,
DBSCAN,,0.7638342073763928,"[{'avg_silhouette': 0.6136478908470497, 'num_points': 21158}, {'avg_silhouette': 0.4158816903106538, 'num_points': 186}, {'avg_silhouette': 0.6517380350264002, 'num_points': 21}, {'avg_silhouette': 0.5645965886072283, 'num_points': 107}, {'avg_silhouette': 0.7518239595425008, 'num_points': 157}, {'avg_silhouette': 0.8592240989520915, 'num_points': 274}, {'avg_silhouette': 0.6134974325217394, 'num_points': 56}, {'avg_silhouette': 0.4439044594102143, 'num_points': 16}, {'avg_silhouette': 0.4055895066195151, 'num_points': 10}]",10.0,9,0.6023724307338705,,1,
DBSCAN,,0.8638342073763929,"[{'avg_silhouette': 0.6119437214058473, 'num_points': 21189}, {'avg_silhouette': 0.4103770858970718, 'num_points': 188}, {'avg_silhouette': 0.651967297760993, 'num_points': 21}, {'avg_silhouette': 0.380444159191617, 'num_points': 13}, {'avg_silhouette': 0.5579251313411758, 'num_points': 108}, {'avg_silhouette': 0.7453255155689845, 'num_points': 158}, {'avg_silhouette': 0.8550915281929399, 'num_points': 275}, {'avg_silhouette': 0.6137443250249446, 'num_points': 56}, {'avg_silhouette': 0.3605875139985152, 'num_points': 20}, {'avg_silhouette': 0.41106205255136663, 'num_points': 10}]",10.0,10,0.6023426128634813,,1,
DBSCAN,,0.6338342073763927,"[{'avg_silhouette': 0.6155511169710758, 'num_points': 21090}, {'avg_silhouette': 0.408644959873023, 'num_points': 180}, {'avg_silhouette': 0.7188630412166249, 'num_points': 19}, {'avg_silhouette': 0.49483330495615946, 'num_points': 6}, {'avg_silhouette': 0.5913031005095407, 'num_points': 102}, {'avg_silhouette': 0.9001798020778511, 'num_points': 5}, {'avg_silhouette': 0.7619700306968759, 'num_points': 155}, {'avg_silhouette': 0.8632257508196592, 'num_points': 273}, {'avg_silhouette': 0.6238597249584169, 'num_points': 55}, {'avg_silhouette': 0.49400049481722536, 'num_points': 7}, {'avg_silhouette': 0.4548785441928302, 'num_points': 15}, {'avg_silhouette': 0.7484974019980841, 'num_points': 5}, {'avg_silhouette': 0.4614674972477736, 'num_points': 7}, {'avg_silhouette': 0.7570248463817436, 'num_points': 8}]",5.0,14,0.602335932964837,,1,
DBSCAN,,0.873834207376393,"[{'avg_silhouette': 0.6117137726454628, 'num_points': 21193}, {'avg_silhouette': 0.4104275790418564, 'num_points': 188}, {'avg_silhouette': 0.6520022445081511, 'num_points': 21}, {'avg_silhouette': 0.3804874683172337, 'num_points': 13}, {'avg_silhouette': 0.5579669016149866, 'num_points': 108}, {'avg_silhouette': 0.7453517199445221, 'num_points': 158}, {'avg_silhouette': 0.8551075315255904, 'num_points': 275}, {'avg_silhouette': 0.6137829897505974, 'num_points': 56}, {'avg_silhouette': 0.3606443410273869, 'num_points': 20}, {'avg_silhouette': 0.38197707914017526, 'num_points': 11}]",10.0,10,0.6022914879329592,,1,
DBSCAN,,0.883834207376393,"[{'avg_silhouette': 0.6116382892701606, 'num_points': 21194}, {'avg_silhouette': 0.41044284395257213, 'num_points': 188}, {'avg_silhouette': 0.6520131994550963, 'num_points': 21}, {'avg_silhouette': 0.38049993430592666, 'num_points': 13}, {'avg_silhouette': 0.5579795078625586, 'num_points': 108}, {'avg_silhouette': 0.7453597389100433, 'num_points': 158}, {'avg_silhouette': 0.8551124248718637, 'num_points': 275}, {'avg_silhouette': 0.6137944475868576, 'num_points': 56}, {'avg_silhouette': 0.3606615238110097, 'num_points': 20}, {'avg_silhouette': 0.35950447685665604, 'num_points': 12}]",10.0,10,0.6022782749085053,,1,
DBSCAN,,0.903834207376393,"[{'avg_silhouette': 0.6114541850284635, 'num_points': 21197}, {'avg_silhouette': 0.4104702543280918, 'num_points': 188}, {'avg_silhouette': 0.6520336174970234, 'num_points': 21}, {'avg_silhouette': 0.3805221741695589, 'num_points': 13}, {'avg_silhouette': 0.5580032035177873, 'num_points': 108}, {'avg_silhouette': 0.7453747316840152, 'num_points': 158}, {'avg_silhouette': 0.8551217781746571, 'num_points': 275}, {'avg_silhouette': 0.6138162069928479, 'num_points': 56}, {'avg_silhouette': 0.36069249925444175, 'num_points': 20}, {'avg_silhouette': 0.3595289856387937, 'num_points': 12}]",10.0,10,0.6022084750385877,,1,
DBSCAN,,0.893834207376393,"[{'avg_silhouette': 0.6114541850284635, 'num_points': 21197}, {'avg_silhouette': 0.4104702543280918, 'num_points': 188}, {'avg_silhouette': 0.6520336174970234, 'num_points': 21}, {'avg_silhouette': 0.3805221741695589, 'num_points': 13}, {'avg_silhouette': 0.5580032035177873, 'num_points': 108}, {'avg_silhouette': 0.7453747316840152, 'num_points': 158}, {'avg_silhouette': 0.8551217781746571, 'num_points': 275}, {'avg_silhouette': 0.6138162069928479, 'num_points': 56}, {'avg_silhouette': 0.36069249925444175, 'num_points': 20}, {'avg_silhouette': 0.3595289856387937, 'num_points': 12}]",10.0,10,0.6022084750385877,,1,
DBSCAN,,0.7438342073763928,"[{'avg_silhouette': 0.61196714350001, 'num_points': 21153}, {'avg_silhouette': 0.3947868260479463, 'num_points': 186}, {'avg_silhouette': 0.6370777348041651, 'num_points': 21}, {'avg_silhouette': 0.3946323514642383, 'num_points': 12}, {'avg_silhouette': 0.5645565264269291, 'num_points': 107}, {'avg_silhouette': 0.8885377032954811, 'num_points': 5}, {'avg_silhouette': 0.7517982693226459, 'num_points': 157}, {'avg_silhouette': 0.8592082606659491, 'num_points': 274}, {'avg_silhouette': 0.6134595938089357, 'num_points': 56}, {'avg_silhouette': 0.42138589445062724, 'num_points': 17}, {'avg_silhouette': 0.7487095615955652, 'num_points': 5}, {'avg_silhouette': 0.4465711063791012, 'num_points': 9}, {'avg_silhouette': 0.38216455062643356, 'num_points': 11}, {'avg_silhouette': 0.7625038086402753, 'num_points': 8}, {'avg_silhouette': 0.3893925449904199, 'num_points': 5}, {'avg_silhouette': 0.4969440128845126, 'num_points': 6}]",5.0,16,0.6021404390705452,,1,
DBSCAN,,0.7838342073763929,"[{'avg_silhouette': 0.6111702793254901, 'num_points': 21167}, {'avg_silhouette': 0.39478826438634357, 'num_points': 186}, {'avg_silhouette': 0.6370777348041651, 'num_points': 21}, {'avg_silhouette': 0.3802694710721278, 'num_points': 13}, {'avg_silhouette': 0.564679967791226, 'num_points': 107}, {'avg_silhouette': 0.34386703755451375, 'num_points': 7}, {'avg_silhouette': 0.497041798003024, 'num_points': 6}, {'avg_silhouette': 0.8885377032954811, 'num_points': 5}, {'avg_silhouette': 0.7452090468902216, 'num_points': 158}, {'avg_silhouette': 0.859255497303033, 'num_points': 274}, {'avg_silhouette': 0.613573455254829, 'num_points': 56}, {'avg_silhouette': 0.3888553872465146, 'num_points': 18}, {'avg_silhouette': 0.7487661977101319, 'num_points': 5}, {'avg_silhouette': 0.44671721583198576, 'num_points': 9}, {'avg_silhouette': 0.33834479444131516, 'num_points': 12}, {'avg_silhouette': 0.7625038086402753, 'num_points': 8}, {'avg_silhouette': 0.35191002086598555, 'num_points': 10}]",5.0,17,0.602121793009657,,1,
DBSCAN,,0.6038342073763927,"[{'avg_silhouette': 0.618575395244041, 'num_points': 21049}, {'avg_silhouette': 0.46115270861275753, 'num_points': 169}, {'avg_silhouette': 0.7300857575149413, 'num_points': 19}, {'avg_silhouette': 0.5951439598368863, 'num_points': 101}, {'avg_silhouette': 0.7669127647886812, 'num_points': 154}, {'avg_silhouette': 0.8631268592046795, 'num_points': 273}, {'avg_silhouette': 0.6236194925278398, 'num_points': 55}, {'avg_silhouette': 0.539517440724383, 'num_points': 10}]",10.0,8,0.6021150124454203,,1,
DBSCAN,,0.6138342073763927,"[{'avg_silhouette': 0.6164990420366443, 'num_points': 21068}, {'avg_silhouette': 0.4260064401223953, 'num_points': 175}, {'avg_silhouette': 0.7188630412166249, 'num_points': 19}, {'avg_silhouette': 0.49467967246430505, 'num_points': 6}, {'avg_silhouette': 0.5911600295511593, 'num_points': 102}, {'avg_silhouette': 0.9001677081333505, 'num_points': 5}, {'avg_silhouette': 0.7618847645287943, 'num_points': 155}, {'avg_silhouette': 0.8631705979096591, 'num_points': 273}, {'avg_silhouette': 0.6237262030362298, 'num_points': 55}, {'avg_silhouette': 0.5398237590827194, 'num_points': 6}, {'avg_silhouette': 0.45470440742608653, 'num_points': 15}, {'avg_silhouette': 0.5736112796885774, 'num_points': 5}, {'avg_silhouette': 0.7570248463817436, 'num_points': 8}]",5.0,13,0.6020791502053611,,1,
DBSCAN,,0.7338342073763928,"[{'avg_silhouette': 0.6120635096067244, 'num_points': 21151}, {'avg_silhouette': 0.394786667967546, 'num_points': 186}, {'avg_silhouette': 0.6370777348041651, 'num_points': 21}, {'avg_silhouette': 0.4034679764750866, 'num_points': 11}, {'avg_silhouette': 0.5695021000130377, 'num_points': 106}, {'avg_silhouette': 0.8885377032954811, 'num_points': 5}, {'avg_silhouette': 0.7517904541392977, 'num_points': 157}, {'avg_silhouette': 0.8592037263196359, 'num_points': 274}, {'avg_silhouette': 0.6242419567968907, 'num_points': 55}, {'avg_silhouette': 0.4213703201429969, 'num_points': 17}, {'avg_silhouette': 0.7487035096755159, 'num_points': 5}, {'avg_silhouette': 0.446557397143418, 'num_points': 9}, {'avg_silhouette': 0.38214916610507194, 'num_points': 11}, {'avg_silhouette': 0.7625038086402753, 'num_points': 8}, {'avg_silhouette': 0.38938083616357616, 'num_points': 5}, {'avg_silhouette': 0.4969361542192869, 'num_points': 6}]",5.0,16,0.6020739988191037,,1,
DBSCAN,,0.7938342073763929,"[{'avg_silhouette': 0.6109453056490012, 'num_points': 21171}, {'avg_silhouette': 0.39478859418128315, 'num_points': 186}, {'avg_silhouette': 0.6370777348041651, 'num_points': 21}, {'avg_silhouette': 0.38029780089346205, 'num_points': 13}, {'avg_silhouette': 0.5647071872681244, 'num_points': 107}, {'avg_silhouette': 0.34389223551836745, 'num_points': 7}, {'avg_silhouette': 0.49706655527640287, 'num_points': 6}, {'avg_silhouette': 0.8885377032954811, 'num_points': 5}, {'avg_silhouette': 0.7452266815160418, 'num_points': 158}, {'avg_silhouette': 0.8592661061407567, 'num_points': 274}, {'avg_silhouette': 0.6135993651761791, 'num_points': 56}, {'avg_silhouette': 0.3888934747718809, 'num_points': 18}, {'avg_silhouette': 0.7487807124444581, 'num_points': 5}, {'avg_silhouette': 0.4467507152717915, 'num_points': 9}, {'avg_silhouette': 0.33837982870892663, 'num_points': 12}, {'avg_silhouette': 0.7625038086402753, 'num_points': 8}, {'avg_silhouette': 0.3519270062996575, 'num_points': 10}]",5.0,17,0.6020521008486192,,1,
DBSCAN,,0.8038342073763929,"[{'avg_silhouette': 0.6108265905434123, 'num_points': 21173}, {'avg_silhouette': 0.39266098545681194, 'num_points': 187}, {'avg_silhouette': 0.6370777348041651, 'num_points': 21}, {'avg_silhouette': 0.3803130432295963, 'num_points': 13}, {'avg_silhouette': 0.5647233698927673, 'num_points': 107}, {'avg_silhouette': 0.34390714481251605, 'num_points': 7}, {'avg_silhouette': 0.4970795244850698, 'num_points': 6}, {'avg_silhouette': 0.8885377032954811, 'num_points': 5}, {'avg_silhouette': 0.7452374110881061, 'num_points': 158}, {'avg_silhouette': 0.4467703438577531, 'num_points': 9}, {'avg_silhouette': 0.859272564913115, 'num_points': 274}, {'avg_silhouette': 0.6136151107206048, 'num_points': 56}, {'avg_silhouette': 0.38891581697931366, 'num_points': 18}, {'avg_silhouette': 0.7487874536285096, 'num_points': 5}, {'avg_silhouette': 0.32156937304100547, 'num_points': 13}, {'avg_silhouette': 0.7625038086402753, 'num_points': 8}, {'avg_silhouette': 0.3519338803297193, 'num_points': 10}]",5.0,17,0.6020490073334152,,1,
DBSCAN,,0.8138342073763929,"[{'avg_silhouette': 0.6106286399477129, 'num_points': 21176}, {'avg_silhouette': 0.39266130722321707, 'num_points': 187}, {'avg_silhouette': 0.6370777348041651, 'num_points': 21}, {'avg_silhouette': 0.3803391604866539, 'num_points': 13}, {'avg_silhouette': 0.5647521954422454, 'num_points': 107}, {'avg_silhouette': 0.3132778139437326, 'num_points': 9}, {'avg_silhouette': 0.4970976723787372, 'num_points': 6}, {'avg_silhouette': 0.8885377032954811, 'num_points': 5}, {'avg_silhouette': 0.7452543502154849, 'num_points': 158}, {'avg_silhouette': 0.44680102324401105, 'num_points': 9}, {'avg_silhouette': 0.8592832112184896, 'num_points': 274}, {'avg_silhouette': 0.6136406855000057, 'num_points': 56}, {'avg_silhouette': 0.37346616904690777, 'num_points': 19}, {'avg_silhouette': 0.7488003501243281, 'num_points': 5}, {'avg_silhouette': 0.3216011081379472, 'num_points': 13}, {'avg_silhouette': 0.7625038086402753, 'num_points': 8}, {'avg_silhouette': 0.35194563493706693, 'num_points': 10}]",5.0,17,0.602043483261872,,1,
DBSCAN,,0.6038342073763927,"[{'avg_silhouette': 0.6168345173919042, 'num_points': 21061}, {'avg_silhouette': 0.42924109785290593, 'num_points': 174}, {'avg_silhouette': 0.7188630412166249, 'num_points': 19}, {'avg_silhouette': 0.5295768005527917, 'num_points': 5}, {'avg_silhouette': 0.5952120017397646, 'num_points': 101}, {'avg_silhouette': 0.9001641819784236, 'num_points': 5}, {'avg_silhouette': 0.7669510156030951, 'num_points': 154}, {'avg_silhouette': 0.8631533059829062, 'num_points': 273}, {'avg_silhouette': 0.6236835863290888, 'num_points': 55}, {'avg_silhouette': 0.5397756532006898, 'num_points': 6}, {'avg_silhouette': 0.46776589036023947, 'num_points': 14}, {'avg_silhouette': 0.5735685249941842, 'num_points': 5}, {'avg_silhouette': 0.7570248463817436, 'num_points': 8}]",5.0,13,0.6019974928827371,,1,
DBSCAN,,0.7638342073763928,"[{'avg_silhouette': 0.6113340908040349, 'num_points': 21163}, {'avg_silhouette': 0.3947877871513276, 'num_points': 186}, {'avg_silhouette': 0.6370777348041651, 'num_points': 21}, {'avg_silhouette': 0.38023309726972204, 'num_points': 13}, {'avg_silhouette': 0.564640785672913, 'num_points': 107}, {'avg_silhouette': 0.4970089312588352, 'num_points': 6}, {'avg_silhouette': 0.8885377032954811, 'num_points': 5}, {'avg_silhouette': 0.7518500318580383, 'num_points': 157}, {'avg_silhouette': 0.8592403210965401, 'num_points': 274}, {'avg_silhouette': 0.613537254521522, 'num_points': 56}, {'avg_silhouette': 0.4214953773196864, 'num_points': 17}, {'avg_silhouette': 0.7487465469264419, 'num_points': 5}, {'avg_silhouette': 0.44667067706553243, 'num_points': 9}, {'avg_silhouette': 0.38226400103065267, 'num_points': 11}, {'avg_silhouette': 0.7625038086402753, 'num_points': 8}, {'avg_silhouette': 0.3894696726244071, 'num_points': 5}]",5.0,16,0.6019235260764202,,1,
DBSCAN,,0.7538342073763928,"[{'avg_silhouette': 0.6114408948042723, 'num_points': 21161}, {'avg_silhouette': 0.3947876246443315, 'num_points': 186}, {'avg_silhouette': 0.6370777348041651, 'num_points': 21}, {'avg_silhouette': 0.39469753049323897, 'num_points': 12}, {'avg_silhouette': 0.5646242362404729, 'num_points': 107}, {'avg_silhouette': 0.49699420390316756, 'num_points': 6}, {'avg_silhouette': 0.8885377032954811, 'num_points': 5}, {'avg_silhouette': 0.7518404531507976, 'num_points': 157}, {'avg_silhouette': 0.8592343702053709, 'num_points': 274}, {'avg_silhouette': 0.6135225189040572, 'num_points': 56}, {'avg_silhouette': 0.4214748082665139, 'num_points': 17}, {'avg_silhouette': 0.7487394203679821, 'num_points': 5}, {'avg_silhouette': 0.44665164408044017, 'num_points': 9}, {'avg_silhouette': 0.38224504512845525, 'num_points': 11}, {'avg_silhouette': 0.7625038086402753, 'num_points': 8}, {'avg_silhouette': 0.3894523065108363, 'num_points': 5}]",5.0,16,0.60191310700684,,1,
DBSCAN,,0.7238342073763928,"[{'avg_silhouette': 0.6120956481234506, 'num_points': 21146}, {'avg_silhouette': 0.3947862352785119, 'num_points': 186}, {'avg_silhouette': 0.6370777348041651, 'num_points': 21}, {'avg_silhouette': 0.40343505189550866, 'num_points': 11}, {'avg_silhouette': 0.5694637714058631, 'num_points': 106}, {'avg_silhouette': 0.8866334564583598, 'num_points': 5}, {'avg_silhouette': 0.7517670686665426, 'num_points': 157}, {'avg_silhouette': 0.8591889425367873, 'num_points': 274}, {'avg_silhouette': 0.6242077911447123, 'num_points': 55}, {'avg_silhouette': 0.4213224322901625, 'num_points': 17}, {'avg_silhouette': 0.7486860873754055, 'num_points': 5}, {'avg_silhouette': 0.4465144255003243, 'num_points': 9}, {'avg_silhouette': 0.41065167399290337, 'num_points': 10}, {'avg_silhouette': 0.7625038086402753, 'num_points': 8}, {'avg_silhouette': 0.3893498012666927, 'num_points': 5}, {'avg_silhouette': 0.5548553926956826, 'num_points': 5}]",5.0,16,0.6018680297260208,,1,
DBSCAN,,0.7738342073763929,"[{'avg_silhouette': 0.6111993375824074, 'num_points': 21164}, {'avg_silhouette': 0.39478787182676045, 'num_points': 186}, {'avg_silhouette': 0.6370777348041651, 'num_points': 21}, {'avg_silhouette': 0.3802396045484379, 'num_points': 13}, {'avg_silhouette': 0.5646483064479807, 'num_points': 107}, {'avg_silhouette': 0.497015897341136, 'num_points': 6}, {'avg_silhouette': 0.8885377032954811, 'num_points': 5}, {'avg_silhouette': 0.7518548510653926, 'num_points': 157}, {'avg_silhouette': 0.8592433189414705, 'num_points': 274}, {'avg_silhouette': 0.6135441358163024, 'num_points': 56}, {'avg_silhouette': 0.3888133926611852, 'num_points': 18}, {'avg_silhouette': 0.7487505463899411, 'num_points': 5}, {'avg_silhouette': 0.44668010286124055, 'num_points': 9}, {'avg_silhouette': 0.38227239844789124, 'num_points': 11}, {'avg_silhouette': 0.7625038086402753, 'num_points': 8}, {'avg_silhouette': 0.3615957010523133, 'num_points': 7}, {'avg_silhouette': 0.3894751863008696, 'num_points': 5}]",5.0,17,0.6018564080609455,,1,
DBSCAN,,0.5738342073763927,"[{'avg_silhouette': 0.6202593963656121, 'num_points': 21011}, {'avg_silhouette': 0.47101781518422353, 'num_points': 165}, {'avg_silhouette': 0.7299409510698032, 'num_points': 19}, {'avg_silhouette': 0.5949534312396134, 'num_points': 101}, {'avg_silhouette': 0.7862579090351179, 'num_points': 150}, {'avg_silhouette': 0.8734438122786207, 'num_points': 270}, {'avg_silhouette': 0.6234374706349943, 'num_points': 55}]",10.0,7,0.6018256345941445,,1,
DBSCAN,,0.5838342073763927,"[{'avg_silhouette': 0.6177615395739792, 'num_points': 21040}, {'avg_silhouette': 0.4386731582414776, 'num_points': 170}, {'avg_silhouette': 0.7188630412166249, 'num_points': 19}, {'avg_silhouette': 0.5951012781938362, 'num_points': 101}, {'avg_silhouette': 0.9001556518638164, 'num_points': 5}, {'avg_silhouette': 0.7804469921420424, 'num_points': 151}, {'avg_silhouette': 0.8661132693636601, 'num_points': 272}, {'avg_silhouette': 0.6235773576565861, 'num_points': 55}, {'avg_silhouette': 0.5961411747226693, 'num_points': 5}, {'avg_silhouette': 0.47945022939731385, 'num_points': 13}, {'avg_silhouette': 0.5734696440812594, 'num_points': 5}, {'avg_silhouette': 0.7570248463817436, 'num_points': 8}]",5.0,12,0.6017714399302093,,1,
DBSCAN,,0.7138342073763928,"[{'avg_silhouette': 0.6124486704783138, 'num_points': 21135}, {'avg_silhouette': 0.3947854453144037, 'num_points': 186}, {'avg_silhouette': 0.6370777348041651, 'num_points': 21}, {'avg_silhouette': 0.41769627249085184, 'num_points': 10}, {'avg_silhouette': 0.5693835860062106, 'num_points': 106}, {'avg_silhouette': 0.9002062411004814, 'num_points': 5}, {'avg_silhouette': 0.7517194304989758, 'num_points': 157}, {'avg_silhouette': 0.8591593362531748, 'num_points': 274}, {'avg_silhouette': 0.6241367979002752, 'num_points': 55}, {'avg_silhouette': 0.421223747493215, 'num_points': 17}, {'avg_silhouette': 0.7486484860418723, 'num_points': 5}, {'avg_silhouette': 0.446425610770106, 'num_points': 9}, {'avg_silhouette': 0.41056229394297594, 'num_points': 10}, {'avg_silhouette': 0.7625038086402753, 'num_points': 8}, {'avg_silhouette': 0.30491437295835666, 'num_points': 5}]",5.0,15,0.601735134936029,,1,
DBSCAN,,0.5938342073763927,"[{'avg_silhouette': 0.6171018854618258, 'num_points': 21054}, {'avg_silhouette': 0.43119058527329507, 'num_points': 173}, {'avg_silhouette': 0.7188630412166249, 'num_points': 19}, {'avg_silhouette': 0.5951696517656621, 'num_points': 101}, {'avg_silhouette': 0.9001607378520677, 'num_points': 5}, {'avg_silhouette': 0.7804868142701421, 'num_points': 151}, {'avg_silhouette': 0.8661395827985942, 'num_points': 272}, {'avg_silhouette': 0.6236438938657867, 'num_points': 55}, {'avg_silhouette': 0.596209351784708, 'num_points': 5}, {'avg_silhouette': 0.47953601270706386, 'num_points': 13}, {'avg_silhouette': 0.5735322690395833, 'num_points': 5}, {'avg_silhouette': 0.7570248463817436, 'num_points': 8}]",5.0,12,0.6017343295834457,,1,
DBSCAN,,0.5538342073763927,"[{'avg_silhouette': 0.622014551017054, 'num_points': 20972}, {'avg_silhouette': 0.4774907768158008, 'num_points': 161}, {'avg_silhouette': 0.7297792474455798, 'num_points': 19}, {'avg_silhouette': 0.5987107427564679, 'num_points': 100}, {'avg_silhouette': 0.800753738574265, 'num_points': 147}, {'avg_silhouette': 0.8733648742864738, 'num_points': 270}, {'avg_silhouette': 0.6464904780356402, 'num_points': 53}]",10.0,7,0.6017220668445041,,1,
DBSCAN,,0.5638342073763927,"[{'avg_silhouette': 0.621057007513128, 'num_points': 20993}, {'avg_silhouette': 0.47532673393378694, 'num_points': 162}, {'avg_silhouette': 0.7298666403696185, 'num_points': 19}, {'avg_silhouette': 0.598828364476623, 'num_points': 100}, {'avg_silhouette': 0.7957244598324266, 'num_points': 148}, {'avg_silhouette': 0.8734074295668944, 'num_points': 270}, {'avg_silhouette': 0.6465935100659442, 'num_points': 53}]",10.0,7,0.6016756049535454,,1,
DBSCAN,,0.5938342073763927,"[{'avg_silhouette': 0.6183233211314655, 'num_points': 21043}, {'avg_silhouette': 0.4631359367004568, 'num_points': 168}, {'avg_silhouette': 0.7300587526479253, 'num_points': 19}, {'avg_silhouette': 0.5951080075859612, 'num_points': 101}, {'avg_silhouette': 0.7804528944532407, 'num_points': 151}, {'avg_silhouette': 0.8703795486502403, 'num_points': 271}, {'avg_silhouette': 0.6235850698602798, 'num_points': 55}, {'avg_silhouette': 0.5394760064819859, 'num_points': 10}]",10.0,8,0.6015011086719747,,1,
DBSCAN,,0.5838342073763927,"[{'avg_silhouette': 0.6187751334670896, 'num_points': 21031}, {'avg_silhouette': 0.4654013387112729, 'num_points': 167}, {'avg_silhouette': 0.7300186183645402, 'num_points': 19}, {'avg_silhouette': 0.5950553988635551, 'num_points': 101}, {'avg_silhouette': 0.7863157884433111, 'num_points': 150}, {'avg_silhouette': 0.8703594547565563, 'num_points': 271}, {'avg_silhouette': 0.6235335190081311, 'num_points': 55}, {'avg_silhouette': 0.5394147479904108, 'num_points': 10}]",10.0,8,0.6014259127367263,,1,
DBSCAN,,0.5438342073763927,"[{'avg_silhouette': 0.6225663660113331, 'num_points': 20955}, {'avg_silhouette': 0.4867843164874234, 'num_points': 157}, {'avg_silhouette': 0.7636145888001421, 'num_points': 18}, {'avg_silhouette': 0.6024105904936145, 'num_points': 99}, {'avg_silhouette': 0.8007124629070749, 'num_points': 147}, {'avg_silhouette': 0.8769629939221925, 'num_points': 269}, {'avg_silhouette': 0.6584391173529457, 'num_points': 52}]",10.0,7,0.6013900332679984,,1,
DBSCAN,,0.5738342073763927,"[{'avg_silhouette': 0.6176051735467812, 'num_points': 21033}, {'avg_silhouette': 0.4386727044373512, 'num_points': 170}, {'avg_silhouette': 0.7188630412166249, 'num_points': 19}, {'avg_silhouette': 0.5950670595499375, 'num_points': 101}, {'avg_silhouette': 0.9001523043789647, 'num_points': 5}, {'avg_silhouette': 0.7804257933372921, 'num_points': 151}, {'avg_silhouette': 0.8734858108536028, 'num_points': 270}, {'avg_silhouette': 0.6235428316889031, 'num_points': 55}, {'avg_silhouette': 0.5961036294297164, 'num_points': 5}, {'avg_silhouette': 0.48940155685632436, 'num_points': 12}, {'avg_silhouette': 0.5734352799546122, 'num_points': 5}, {'avg_silhouette': 0.7570248463817436, 'num_points': 8}]",5.0,12,0.6012912331653704,,1,
DBSCAN,,0.5638342073763927,"[{'avg_silhouette': 0.6179831836207861, 'num_points': 21022}, {'avg_silhouette': 0.44622617553698946, 'num_points': 166}, {'avg_silhouette': 0.7188630412166249, 'num_points': 19}, {'avg_silhouette': 0.5989823481506652, 'num_points': 100}, {'avg_silhouette': 0.9001469651865177, 'num_points': 5}, {'avg_silhouette': 0.795807981472963, 'num_points': 148}, {'avg_silhouette': 0.8734649182664572, 'num_points': 270}, {'avg_silhouette': 0.637393378088963, 'num_points': 54}, {'avg_silhouette': 0.5960475637900038, 'num_points': 5}, {'avg_silhouette': 0.5088319702560159, 'num_points': 11}, {'avg_silhouette': 0.5733876440581829, 'num_points': 5}, {'avg_silhouette': 0.7570248463817436, 'num_points': 8}]",5.0,12,0.6009485881605434,,1,
DBSCAN,,0.5538342073763927,"[{'avg_silhouette': 0.617998988742199, 'num_points': 21012}, {'avg_silhouette': 0.4517362011702346, 'num_points': 164}, {'avg_silhouette': 0.7188630412166249, 'num_points': 19}, {'avg_silhouette': 0.5989347671546593, 'num_points': 100}, {'avg_silhouette': 0.9001435900834489, 'num_points': 5}, {'avg_silhouette': 0.8008688859033359, 'num_points': 147}, {'avg_silhouette': 0.8734469435915183, 'num_points': 270}, {'avg_silhouette': 0.6373484663057262, 'num_points': 54}, {'avg_silhouette': 0.5959981954086181, 'num_points': 5}, {'avg_silhouette': 0.5393050930496712, 'num_points': 10}, {'avg_silhouette': 0.5733460810159614, 'num_points': 5}, {'avg_silhouette': 0.7570248463817436, 'num_points': 8}]",5.0,12,0.6004901401434538,,1,
K-means,,,"[{'avg_silhouette': -0.18455941598582803, 'num_points': 208}, {'avg_silhouette': 0.29509035394732397, 'num_points': 2808}, {'avg_silhouette': 0.6128701057006658, 'num_points': 870}, {'avg_silhouette': 0.8325947943427479, 'num_points': 277}, {'avg_silhouette': 0.6713237410735385, 'num_points': 165}, {'avg_silhouette': 0.06764345454126024, 'num_points': 267}, {'avg_silhouette': 0.5245118170943643, 'num_points': 425}, {'avg_silhouette': 0.5831685218226187, 'num_points': 1415}, {'avg_silhouette': 0.3511429228024388, 'num_points': 146}, {'avg_silhouette': 0.7727545426890785, 'num_points': 370}, {'avg_silhouette': 0.06943292401733485, 'num_points': 99}, {'avg_silhouette': -0.09211387643901889, 'num_points': 163}, {'avg_silhouette': 0.26859381777498725, 'num_points': 217}, {'avg_silhouette': 0.4123316874474238, 'num_points': 253}, {'avg_silhouette': -0.04202912160863694, 'num_points': 53}, {'avg_silhouette': 0.06145547697359326, 'num_points': 688}, {'avg_silhouette': 0.47913829210586906, 'num_points': 79}, {'avg_silhouette': 0.7320600469217691, 'num_points': 214}, {'avg_silhouette': 0.14071298168476445, 'num_points': 284}, {'avg_silhouette': 0.5881335957447222, 'num_points': 56}, {'avg_silhouette': 0.3408196551877994, 'num_points': 31}, {'avg_silhouette': 0.6755431011968467, 'num_points': 90}, {'avg_silhouette': 0.11733981862062966, 'num_points': 20}, {'avg_silhouette': 0.37541095031638105, 'num_points': 251}, {'avg_silhouette': 0.8389128955581938, 'num_points': 1533}, {'avg_silhouette': 0.1888606094243113, 'num_points': 56}, {'avg_silhouette': 0.9037619905920166, 'num_points': 9209}, {'avg_silhouette': 0.20225925325357907, 'num_points': 155}, {'avg_silhouette': -0.08687755603450657, 'num_points': 156}, {'avg_silhouette': 0.497032015433848, 'num_points': 112}, {'avg_silhouette': 0.18360285981309635, 'num_points': 104}, {'avg_silhouette': -0.17246523298743152, 'num_points': 67}, {'avg_silhouette': -0.10404564020097738, 'num_points': 1118}, {'avg_silhouette': -0.1302730018933797, 'num_points': 48}, {'avg_silhouette': 0.4969553716543424, 'num_points': 61}, {'avg_silhouette': -0.05845216705858802, 'num_points': 36}, {'avg_silhouette': -0.18936346916717262, 'num_points': 127}, {'avg_silhouette': 0.10135356365534107, 'num_points': 93}]",,38,0.5952976191793098,,5,0.5033776243438352
HDBSCAN,,,"[{'avg_silhouette': 0.6257290534958407, 'num_points': 339}, {'avg_silhouette': 0.6985170921793009, 'num_points': 372}, {'avg_silhouette': 0.7456954947281649, 'num_points': 1832}, {'avg_silhouette': 0.825226106006415, 'num_points': 358}, {'avg_silhouette': 0.7181398262793453, 'num_points': 801}, {'avg_silhouette': 0.6453467686415474, 'num_points': 1336}, {'avg_silhouette': 0.647418592039152, 'num_points': 455}, {'avg_silhouette': 0.6373919274386978, 'num_points': 464}, {'avg_silhouette': 0.6448849777422689, 'num_points': 488}, {'avg_silhouette': 0.9999999947184798, 'num_points': 819}, {'avg_silhouette': 1.0, 'num_points': 1378}, {'avg_silhouette': 0.8511376037544743, 'num_points': 1478}, {'avg_silhouette': 0.9999999996076978, 'num_points': 7364}]",,13,0.5930085816852639,281.0,5,0.8484359733463769
HDBSCAN,,,"[{'avg_silhouette': 0.7332378430092192, 'num_points': 157}, {'avg_silhouette': 0.4589158409323235, 'num_points': 155}, {'avg_silhouette': 0.838839088558254, 'num_points': 276}, {'avg_silhouette': 0.6133739536701396, 'num_points': 340}, {'avg_silhouette': 0.5847423262767549, 'num_points': 211}, {'avg_silhouette': 0.418147501235422, 'num_points': 160}, {'avg_silhouette': 0.8252065982438282, 'num_points': 358}, {'avg_silhouette': 0.7322538927421441, 'num_points': 172}, {'avg_silhouette': 0.7155374246849548, 'num_points': 802}, {'avg_silhouette': 0.6922288044925632, 'num_points': 374}, {'avg_silhouette': 0.6197980226757234, 'num_points': 466}, {'avg_silhouette': 0.9216871273978756, 'num_points': 1118}, {'avg_silhouette': 0.9601995288354338, 'num_points': 184}, {'avg_silhouette': 0.7699502776684601, 'num_points': 237}, {'avg_silhouette': 0.6312803547513521, 'num_points': 503}, {'avg_silhouette': 0.5875516337636467, 'num_points': 484}, {'avg_silhouette': 0.8159830858747991, 'num_points': 193}, {'avg_silhouette': 0.9143420970815614, 'num_points': 190}, {'avg_silhouette': 0.9999999944326486, 'num_points': 190}, {'avg_silhouette': 0.9999999995639025, 'num_points': 7364}, {'avg_silhouette': 0.9999999975745061, 'num_points': 1313}, {'avg_silhouette': 0.9963503705500238, 'num_points': 821}, {'avg_silhouette': 1.0, 'num_points': 1378}]",,23,0.5909614565848808,141.0,4,0.9804217811340711
DBSCAN,,0.19383420737639234,"[{'avg_silhouette': 0.7471719951700776, 'num_points': 12959}, {'avg_silhouette': 0.40296480252658656, 'num_points': 20}, {'avg_silhouette': 0.5715668387558236, 'num_points': 17}, {'avg_silhouette': 0.8778424941500037, 'num_points': 30}, {'avg_silhouette': 0.6804356490342123, 'num_points': 646}, {'avg_silhouette': 0.8916901040099255, 'num_points': 12}, {'avg_silhouette': 0.35181919896599906, 'num_points': 83}, {'avg_silhouette': 0.48286007117369684, 'num_points': 338}, {'avg_silhouette': 0.5229087744555219, 'num_points': 39}, {'avg_silhouette': 0.4509376742827838, 'num_points': 1180}, {'avg_silhouette': 0.4580028982990393, 'num_points': 149}, {'avg_silhouette': 0.6869408761092247, 'num_points': 29}, {'avg_silhouette': 0.6474526921398305, 'num_points': 29}, {'avg_silhouette': 0.5070935253102706, 'num_points': 95}, {'avg_silhouette': 0.6708192914086898, 'num_points': 34}, {'avg_silhouette': 0.7065118635232868, 'num_points': 11}, {'avg_silhouette': 0.8600273762789563, 'num_points': 55}, {'avg_silhouette': 0.22539820181329953, 'num_points': 106}, {'avg_silhouette': 0.4932309905730513, 'num_points': 44}, {'avg_silhouette': 0.7835525604977532, 'num_points': 1538}, {'avg_silhouette': 0.5585341648045267, 'num_points': 22}, {'avg_silhouette': 0.9015190361055375, 'num_points': 334}, {'avg_silhouette': 0.5795324103522385, 'num_points': 14}, {'avg_silhouette': 0.47072564184317117, 'num_points': 19}, {'avg_silhouette': 0.6323804685208045, 'num_points': 21}, {'avg_silhouette': 0.717504793456343, 'num_points': 23}, {'avg_silhouette': 0.325869453879015, 'num_points': 114}, {'avg_silhouette': 0.8677312722887608, 'num_points': 122}, {'avg_silhouette': 0.5967101403927161, 'num_points': 486}, {'avg_silhouette': 0.6616669426435633, 'num_points': 16}, {'avg_silhouette': 0.8895098077107927, 'num_points': 69}, {'avg_silhouette': 0.5353302922843768, 'num_points': 100}, {'avg_silhouette': 0.6436602989536361, 'num_points': 19}, {'avg_silhouette': 0.3969657849745011, 'num_points': 27}, {'avg_silhouette': 0.46038855225964853, 'num_points': 80}, {'avg_silhouette': 0.6479580490738996, 'num_points': 24}, {'avg_silhouette': 0.6392303623455715, 'num_points': 244}, {'avg_silhouette': 0.955120924395129, 'num_points': 24}, {'avg_silhouette': 0.7547519211668254, 'num_points': 178}, {'avg_silhouette': 0.8744949607332356, 'num_points': 11}, {'avg_silhouette': 0.7547480793809839, 'num_points': 13}, {'avg_silhouette': 0.77326579021307, 'num_points': 10}, {'avg_silhouette': 0.3318783917730671, 'num_points': 71}, {'avg_silhouette': 0.7924315495538665, 'num_points': 147}, {'avg_silhouette': 0.7596105181601204, 'num_points': 12}, {'avg_silhouette': 0.7712422663556648, 'num_points': 13}, {'avg_silhouette': 0.90566665824339, 'num_points': 15}, {'avg_silhouette': 0.8197704721788079, 'num_points': 132}, {'avg_silhouette': 0.4746752968638914, 'num_points': 16}, {'avg_silhouette': 0.8648450175320562, 'num_points': 24}, {'avg_silhouette': 0.6837888897467246, 'num_points': 25}, {'avg_silhouette': 0.9751295932095148, 'num_points': 22}, {'avg_silhouette': 0.8437729528249601, 'num_points': 40}, {'avg_silhouette': 0.8318304058987753, 'num_points': 10}, {'avg_silhouette': 0.721579528148078, 'num_points': 11}, {'avg_silhouette': 0.5257162685195726, 'num_points': 28}, {'avg_silhouette': 0.3486612596193203, 'num_points': 22}, {'avg_silhouette': 0.6984073104358798, 'num_points': 12}, {'avg_silhouette': 0.7849394471786257, 'num_points': 19}, {'avg_silhouette': 0.7052690881668322, 'num_points': 10}, {'avg_silhouette': 0.9233414034135332, 'num_points': 11}, {'avg_silhouette': 0.4293721592554597, 'num_points': 11}, {'avg_silhouette': 0.5688046079794195, 'num_points': 15}, {'avg_silhouette': 0.6383425849538629, 'num_points': 13}, {'avg_silhouette': 0.8157979462607459, 'num_points': 10}, {'avg_silhouette': 0.5810051049547623, 'num_points': 11}, {'avg_silhouette': 0.4454927261838701, 'num_points': 11}, {'avg_silhouette': 0.5954140934195087, 'num_points': 10}, {'avg_silhouette': 0.33022505863262186, 'num_points': 11}, {'avg_silhouette': 0.7517847054374566, 'num_points': 10}]",10.0,70,0.5903451483897577,,3,0.6605540766502048
DBSCAN,,0.19383420737639234,"[{'avg_silhouette': 0.7320137637920355, 'num_points': 12959}, {'avg_silhouette': 0.40296480252658656, 'num_points': 20}, {'avg_silhouette': 0.5739364720001193, 'num_points': 17}, {'avg_silhouette': 0.8785160153961199, 'num_points': 30}, {'avg_silhouette': 0.6798763917303011, 'num_points': 646}, {'avg_silhouette': 0.8916901040099255, 'num_points': 12}, {'avg_silhouette': 0.22105384408432846, 'num_points': 86}, {'avg_silhouette': 0.2456108441404437, 'num_points': 17}, {'avg_silhouette': 0.4773957504657829, 'num_points': 339}, {'avg_silhouette': 0.5229087744555219, 'num_points': 39}, {'avg_silhouette': 0.4509376742827838, 'num_points': 1180}, {'avg_silhouette': 0.9059493229733944, 'num_points': 8}, {'avg_silhouette': 0.6680558226520686, 'num_points': 7}, {'avg_silhouette': 0.44409116214873773, 'num_points': 151}, {'avg_silhouette': 0.743843676814521, 'num_points': 5}, {'avg_silhouette': 0.5128653258548785, 'num_points': 5}, {'avg_silhouette': 0.35454846808453816, 'num_points': 29}, {'avg_silhouette': 0.648664565506433, 'num_points': 29}, {'avg_silhouette': 0.5008038552797183, 'num_points': 95}, {'avg_silhouette': 0.440371622377987, 'num_points': 12}, {'avg_silhouette': 0.3260248609488119, 'num_points': 36}, {'avg_silhouette': 0.8488711448094666, 'num_points': 55}, {'avg_silhouette': 0.23448185142832395, 'num_points': 108}, {'avg_silhouette': 0.4932309905730513, 'num_points': 44}, {'avg_silhouette': 0.7835525604977532, 'num_points': 1538}, {'avg_silhouette': 0.567726565590848, 'num_points': 22}, {'avg_silhouette': 0.8277829521830778, 'num_points': 334}, {'avg_silhouette': 0.6568463149647175, 'num_points': 8}, {'avg_silhouette': 0.40549035195600547, 'num_points': 14}, {'avg_silhouette': 0.4103568526895494, 'num_points': 8}, {'avg_silhouette': 0.4907127757093779, 'num_points': 9}, {'avg_silhouette': 0.43357479682365907, 'num_points': 20}, {'avg_silhouette': 0.6323804685208045, 'num_points': 21}, {'avg_silhouette': 0.717504793456343, 'num_points': 23}, {'avg_silhouette': 0.325869453879015, 'num_points': 114}, {'avg_silhouette': 0.4376194543748807, 'num_points': 122}, {'avg_silhouette': 0.5090811549710078, 'num_points': 9}, {'avg_silhouette': 0.49427812439097196, 'num_points': 16}, {'avg_silhouette': 0.5959345304661993, 'num_points': 486}, {'avg_silhouette': 0.7241817064987346, 'num_points': 69}, {'avg_silhouette': 0.5225756679098454, 'num_points': 101}, {'avg_silhouette': 0.9277241509826656, 'num_points': 5}, {'avg_silhouette': 0.36454665307379147, 'num_points': 15}, {'avg_silhouette': 0.5865315875506489, 'num_points': 9}, {'avg_silhouette': 0.9584054199279285, 'num_points': 7}, {'avg_silhouette': 0.6448198243579494, 'num_points': 19}, {'avg_silhouette': 0.39886809784685373, 'num_points': 27}, {'avg_silhouette': 0.46038855225964853, 'num_points': 80}, {'avg_silhouette': 0.7903701508185437, 'num_points': 6}, {'avg_silhouette': 0.6499751088615728, 'num_points': 24}, {'avg_silhouette': 0.3483481362101577, 'num_points': 9}, {'avg_silhouette': 0.2871371836005005, 'num_points': 12}, {'avg_silhouette': 0.5930077093372687, 'num_points': 6}, {'avg_silhouette': 0.6392303623455715, 'num_points': 244}, {'avg_silhouette': 0.7238017418052846, 'num_points': 8}, {'avg_silhouette': 0.653694407286233, 'num_points': 7}, {'avg_silhouette': 0.955120924395129, 'num_points': 24}, {'avg_silhouette': 0.9676019950196432, 'num_points': 6}, {'avg_silhouette': 0.7547519211668254, 'num_points': 178}, {'avg_silhouette': 0.8744949607332356, 'num_points': 11}, {'avg_silhouette': 0.7547480793809839, 'num_points': 13}, {'avg_silhouette': 0.77326579021307, 'num_points': 10}, {'avg_silhouette': 0.874980443197714, 'num_points': 8}, {'avg_silhouette': 0.4339331795491371, 'num_points': 8}, {'avg_silhouette': 0.6796881903137955, 'num_points': 6}, {'avg_silhouette': 0.21833144823355993, 'num_points': 23}, {'avg_silhouette': 0.24116005352130107, 'num_points': 71}, {'avg_silhouette': 0.7943171439659515, 'num_points': 147}, {'avg_silhouette': 0.4709900285317498, 'num_points': 7}, {'avg_silhouette': 0.76384484611742, 'num_points': 12}, {'avg_silhouette': 0.4454927261838701, 'num_points': 11}, {'avg_silhouette': 0.709303406396547, 'num_points': 13}, {'avg_silhouette': 0.7523468494252953, 'num_points': 5}, {'avg_silhouette': 0.45885340421561943, 'num_points': 17}, {'avg_silhouette': 0.90566665824339, 'num_points': 15}, {'avg_silhouette': 0.8197704721788079, 'num_points': 132}, {'avg_silhouette': 1.0, 'num_points': 8}, {'avg_silhouette': 0.8648450175320562, 'num_points': 24}, {'avg_silhouette': 0.7446554539836004, 'num_points': 8}, {'avg_silhouette': 0.6837888897467246, 'num_points': 25}, {'avg_silhouette': 0.6677753968626148, 'num_points': 8}, {'avg_silhouette': 0.9751295932095148, 'num_points': 22}, {'avg_silhouette': 0.674510225852888, 'num_points': 40}, {'avg_silhouette': 0.8318304058987753, 'num_points': 10}, {'avg_silhouette': 0.5385392591068717, 'num_points': 8}, {'avg_silhouette': 0.2958848399497735, 'num_points': 13}, {'avg_silhouette': 0.922044140573486, 'num_points': 5}, {'avg_silhouette': 0.721579528148078, 'num_points': 11}, {'avg_silhouette': 0.5363501292611202, 'num_points': 28}, {'avg_silhouette': 0.6955617040439993, 'num_points': 12}, {'avg_silhouette': 0.5109947671445081, 'num_points': 19}, {'avg_silhouette': 0.7938592240298774, 'num_points': 5}, {'avg_silhouette': 0.7052690881668322, 'num_points': 10}, {'avg_silhouette': 0.9233414034135332, 'num_points': 11}, {'avg_silhouette': 0.6241531227003941, 'num_points': 7}, {'avg_silhouette': 0.7517847054374566, 'num_points': 10}, {'avg_silhouette': 0.6383425849538629, 'num_points': 13}, {'avg_silhouette': 0.8157979462607459, 'num_points': 10}, {'avg_silhouette': 0.4517933391472715, 'num_points': 17}, {'avg_silhouette': 0.498171975200452, 'num_points': 7}, {'avg_silhouette': 0.6321586300207278, 'num_points': 5}, {'avg_silhouette': 0.4493124867452292, 'num_points': 7}, {'avg_silhouette': 0.4507204585921376, 'num_points': 8}, {'avg_silhouette': 0.5760167245099443, 'num_points': 8}, {'avg_silhouette': 0.382301504634121, 'num_points': 6}, {'avg_silhouette': 0.37159504006063204, 'num_points': 5}, {'avg_silhouette': 0.35312514675801615, 'num_points': 5}, {'avg_silhouette': 0.5954140934195087, 'num_points': 10}, {'avg_silhouette': 0.4046208975894478, 'num_points': 6}, {'avg_silhouette': 0.8835835434896884, 'num_points': 5}, {'avg_silhouette': 0.39447450411209417, 'num_points': 5}, {'avg_silhouette': 0.6466361252466336, 'num_points': 6}, {'avg_silhouette': 0.7436075291645046, 'num_points': 5}, {'avg_silhouette': 0.4597892292579571, 'num_points': 7}]",5.0,114,0.5894145743152412,,3,0.6555013328575242
DBSCAN,,0.18383420737639233,"[{'avg_silhouette': 0.7466235544457704, 'num_points': 12958}, {'avg_silhouette': 0.4401729316654159, 'num_points': 19}, {'avg_silhouette': 0.6225220715680826, 'num_points': 16}, {'avg_silhouette': 0.876673354600572, 'num_points': 30}, {'avg_silhouette': 0.6804356490342123, 'num_points': 646}, {'avg_silhouette': 0.8916896037354635, 'num_points': 12}, {'avg_silhouette': 0.358822842691809, 'num_points': 82}, {'avg_silhouette': 0.48286007117369684, 'num_points': 338}, {'avg_silhouette': 0.5229087744555219, 'num_points': 39}, {'avg_silhouette': 0.4496247427173542, 'num_points': 1178}, {'avg_silhouette': 0.46111419651104313, 'num_points': 147}, {'avg_silhouette': 0.6868897529411284, 'num_points': 29}, {'avg_silhouette': 0.6680182604840347, 'num_points': 27}, {'avg_silhouette': 0.5070935253102706, 'num_points': 95}, {'avg_silhouette': 0.6825363923209249, 'num_points': 33}, {'avg_silhouette': 0.7065079226777723, 'num_points': 11}, {'avg_silhouette': 0.8599634987892231, 'num_points': 55}, {'avg_silhouette': 0.2236615432563557, 'num_points': 105}, {'avg_silhouette': 0.4865458340407017, 'num_points': 44}, {'avg_silhouette': 0.7835525604977532, 'num_points': 1538}, {'avg_silhouette': 0.5430741008916663, 'num_points': 22}, {'avg_silhouette': 0.9062693288368405, 'num_points': 333}, {'avg_silhouette': 0.579524122292756, 'num_points': 14}, {'avg_silhouette': 0.5384498883402048, 'num_points': 17}, {'avg_silhouette': 0.6323804685208045, 'num_points': 21}, {'avg_silhouette': 0.717504793456343, 'num_points': 23}, {'avg_silhouette': 0.3375576092468969, 'num_points': 112}, {'avg_silhouette': 0.8677309766562633, 'num_points': 122}, {'avg_silhouette': 0.5992334710962517, 'num_points': 484}, {'avg_silhouette': 0.661658890562095, 'num_points': 16}, {'avg_silhouette': 0.8895043219577704, 'num_points': 69}, {'avg_silhouette': 0.5353302922843768, 'num_points': 100}, {'avg_silhouette': 0.6436602989536361, 'num_points': 19}, {'avg_silhouette': 0.45630841241711834, 'num_points': 24}, {'avg_silhouette': 0.46038855225964853, 'num_points': 80}, {'avg_silhouette': 0.6479580490738996, 'num_points': 24}, {'avg_silhouette': 0.6392303623455715, 'num_points': 244}, {'avg_silhouette': 0.955120924395129, 'num_points': 24}, {'avg_silhouette': 0.7547519211668254, 'num_points': 178}, {'avg_silhouette': 0.8744932858596002, 'num_points': 11}, {'avg_silhouette': 0.7547480793809839, 'num_points': 13}, {'avg_silhouette': 0.77326579021307, 'num_points': 10}, {'avg_silhouette': 0.33652590345882694, 'num_points': 69}, {'avg_silhouette': 0.7888103474612795, 'num_points': 147}, {'avg_silhouette': 0.7582648296970579, 'num_points': 12}, {'avg_silhouette': 0.7712422663556648, 'num_points': 13}, {'avg_silhouette': 0.90566665824339, 'num_points': 15}, {'avg_silhouette': 0.8197704721788079, 'num_points': 132}, {'avg_silhouette': 0.5087492466740088, 'num_points': 14}, {'avg_silhouette': 0.8648450175320562, 'num_points': 24}, {'avg_silhouette': 0.6837888897467246, 'num_points': 25}, {'avg_silhouette': 0.9751295932095148, 'num_points': 22}, {'avg_silhouette': 0.8437721220367411, 'num_points': 40}, {'avg_silhouette': 0.8318304058987753, 'num_points': 10}, {'avg_silhouette': 0.8248320666612242, 'num_points': 10}, {'avg_silhouette': 0.5230725885383807, 'num_points': 28}, {'avg_silhouette': 0.41673454888569267, 'num_points': 18}, {'avg_silhouette': 0.698405374512829, 'num_points': 12}, {'avg_silhouette': 0.7844088681624822, 'num_points': 19}, {'avg_silhouette': 0.7052690881668322, 'num_points': 10}, {'avg_silhouette': 0.9233414034135332, 'num_points': 11}, {'avg_silhouette': 0.46155589274392667, 'num_points': 10}, {'avg_silhouette': 0.5688046079794195, 'num_points': 15}, {'avg_silhouette': 0.6377645417428006, 'num_points': 13}, {'avg_silhouette': 0.8157979462607459, 'num_points': 10}, {'avg_silhouette': 0.617475487335244, 'num_points': 10}, {'avg_silhouette': 0.46770787276212333, 'num_points': 10}, {'avg_silhouette': 0.5954140934195087, 'num_points': 10}, {'avg_silhouette': 0.3546623445745666, 'num_points': 10}, {'avg_silhouette': 0.7517847054374566, 'num_points': 10}]",10.0,70,0.5887698280887299,,3,0.6599336192202926
AGGLC,ward,,"[{'avg_silhouette': 0.3120900870654739, 'num_points': 2799}, {'avg_silhouette': -0.27022816447270964, 'num_points': 2051}, {'avg_silhouette': 0.7824045492647446, 'num_points': 14282}, {'avg_silhouette': 0.6489069701962459, 'num_points': 1354}, {'avg_silhouette': 0.8427630906803556, 'num_points': 276}, {'avg_silhouette': 0.2900586800556974, 'num_points': 1205}, {'avg_silhouette': 0.34098281211831893, 'num_points': 198}, {'avg_silhouette': 0.7263402548918216, 'num_points': 159}]",,8,0.5884854872975117,,5,0.3526464244218904
DBSCAN,,0.18383420737639233,"[{'avg_silhouette': 0.7317715017210081, 'num_points': 12958}, {'avg_silhouette': 0.40296480252658656, 'num_points': 20}, {'avg_silhouette': 0.6272223077556891, 'num_points': 16}, {'avg_silhouette': 0.8777650717446963, 'num_points': 30}, {'avg_silhouette': 0.6798763917303011, 'num_points': 646}, {'avg_silhouette': 0.8916896037354635, 'num_points': 12}, {'avg_silhouette': 0.22040010695953077, 'num_points': 84}, {'avg_silhouette': 0.42205842152579015, 'num_points': 9}, {'avg_silhouette': 0.4773957504657829, 'num_points': 339}, {'avg_silhouette': 0.5229087744555219, 'num_points': 39}, {'avg_silhouette': 0.44856984513220044, 'num_points': 1179}, {'avg_silhouette': 0.9059493229733944, 'num_points': 8}, {'avg_silhouette': 0.4407972796951263, 'num_points': 150}, {'avg_silhouette': 0.743843676814521, 'num_points': 5}, {'avg_silhouette': 0.5128653258548785, 'num_points': 5}, {'avg_silhouette': 0.3659999369624484, 'num_points': 29}, {'avg_silhouette': 0.6577052110183546, 'num_points': 28}, {'avg_silhouette': 0.5008038552797183, 'num_points': 95}, {'avg_silhouette': 0.440371622377987, 'num_points': 12}, {'avg_silhouette': 0.6591611902953038, 'num_points': 35}, {'avg_silhouette': 0.8488711448094666, 'num_points': 55}, {'avg_silhouette': 0.22477626501777595, 'num_points': 106}, {'avg_silhouette': 0.4932309905730513, 'num_points': 44}, {'avg_silhouette': 0.7835525604977532, 'num_points': 1538}, {'avg_silhouette': 0.5430741008916663, 'num_points': 22}, {'avg_silhouette': 0.8350652527935242, 'num_points': 333}, {'avg_silhouette': 0.6568463149647175, 'num_points': 8}, {'avg_silhouette': 0.40549035195600547, 'num_points': 14}, {'avg_silhouette': 0.4103568526895494, 'num_points': 8}, {'avg_silhouette': 0.4907127757093779, 'num_points': 9}, {'avg_silhouette': 0.5384498883402048, 'num_points': 17}, {'avg_silhouette': 0.6323804685208045, 'num_points': 21}, {'avg_silhouette': 0.717504793456343, 'num_points': 23}, {'avg_silhouette': 0.3379397339826416, 'num_points': 112}, {'avg_silhouette': 0.4376194543748807, 'num_points': 122}, {'avg_silhouette': 0.5032450170680643, 'num_points': 9}, {'avg_silhouette': 0.49427812439097196, 'num_points': 16}, {'avg_silhouette': 0.5980832609980355, 'num_points': 484}, {'avg_silhouette': 0.7241817064987346, 'num_points': 69}, {'avg_silhouette': 0.5222689637850279, 'num_points': 101}, {'avg_silhouette': 0.9277241509826656, 'num_points': 5}, {'avg_silhouette': 0.36454665307379147, 'num_points': 15}, {'avg_silhouette': 0.5865315875506489, 'num_points': 9}, {'avg_silhouette': 0.9584054199279285, 'num_points': 7}, {'avg_silhouette': 0.6448198243579494, 'num_points': 19}, {'avg_silhouette': 0.4413996423463069, 'num_points': 25}, {'avg_silhouette': 0.46038855225964853, 'num_points': 80}, {'avg_silhouette': 0.788978813761365, 'num_points': 6}, {'avg_silhouette': 0.6499751088615728, 'num_points': 24}, {'avg_silhouette': 0.2871371836005005, 'num_points': 12}, {'avg_silhouette': 0.5935413849180308, 'num_points': 6}, {'avg_silhouette': 0.6392303623455715, 'num_points': 244}, {'avg_silhouette': 0.7238017418052846, 'num_points': 8}, {'avg_silhouette': 0.653694407286233, 'num_points': 7}, {'avg_silhouette': 0.955120924395129, 'num_points': 24}, {'avg_silhouette': 0.9676019950196432, 'num_points': 6}, {'avg_silhouette': 0.7547519211668254, 'num_points': 178}, {'avg_silhouette': 0.8744932858596002, 'num_points': 11}, {'avg_silhouette': 0.7547480793809839, 'num_points': 13}, {'avg_silhouette': 0.77326579021307, 'num_points': 10}, {'avg_silhouette': 0.874980443197714, 'num_points': 8}, {'avg_silhouette': 0.4339331795491371, 'num_points': 8}, {'avg_silhouette': 0.7191296915562541, 'num_points': 5}, {'avg_silhouette': 0.35098798992927777, 'num_points': 70}, {'avg_silhouette': 0.7924427013555534, 'num_points': 147}, {'avg_silhouette': 0.4709900285317498, 'num_points': 7}, {'avg_silhouette': 0.7614342398910248, 'num_points': 12}, {'avg_silhouette': 0.4452703668865045, 'num_points': 11}, {'avg_silhouette': 0.709303406396547, 'num_points': 13}, {'avg_silhouette': 0.7523468494252953, 'num_points': 5}, {'avg_silhouette': 0.4764198904322972, 'num_points': 16}, {'avg_silhouette': 0.90566665824339, 'num_points': 15}, {'avg_silhouette': 0.8197704721788079, 'num_points': 132}, {'avg_silhouette': 1.0, 'num_points': 8}, {'avg_silhouette': 0.8648450175320562, 'num_points': 24}, {'avg_silhouette': 0.46305952848178417, 'num_points': 6}, {'avg_silhouette': 0.7446554539836004, 'num_points': 8}, {'avg_silhouette': 0.6837888897467246, 'num_points': 25}, {'avg_silhouette': 0.9751295932095148, 'num_points': 22}, {'avg_silhouette': 0.674510225852888, 'num_points': 40}, {'avg_silhouette': 0.8318304058987753, 'num_points': 10}, {'avg_silhouette': 0.5385392591068717, 'num_points': 8}, {'avg_silhouette': 0.922044140573486, 'num_points': 5}, {'avg_silhouette': 0.8248320666612242, 'num_points': 10}, {'avg_silhouette': 0.5363501292611202, 'num_points': 28}, {'avg_silhouette': 0.2632355061945674, 'num_points': 21}, {'avg_silhouette': 0.694263926302304, 'num_points': 12}, {'avg_silhouette': 0.5109947671445081, 'num_points': 19}, {'avg_silhouette': 0.7938592240298774, 'num_points': 5}, {'avg_silhouette': 0.6677753968626148, 'num_points': 8}, {'avg_silhouette': 0.7052690881668322, 'num_points': 10}, {'avg_silhouette': 0.9233414034135332, 'num_points': 11}, {'avg_silhouette': 0.40596141990210766, 'num_points': 11}, {'avg_silhouette': 0.6241531227003941, 'num_points': 7}, {'avg_silhouette': 0.7517847054374566, 'num_points': 10}, {'avg_silhouette': 0.6378693567351734, 'num_points': 13}, {'avg_silhouette': 0.8157979462607459, 'num_points': 10}, {'avg_silhouette': 0.47628269141493945, 'num_points': 15}, {'avg_silhouette': 0.4978837825249794, 'num_points': 7}, {'avg_silhouette': 0.5582878326272015, 'num_points': 6}, {'avg_silhouette': 0.4507204585921376, 'num_points': 8}, {'avg_silhouette': 0.5777922867167091, 'num_points': 8}, {'avg_silhouette': 0.6253372730216463, 'num_points': 5}, {'avg_silhouette': 0.382301504634121, 'num_points': 6}, {'avg_silhouette': 0.5954140934195087, 'num_points': 10}, {'avg_silhouette': 0.4406639495404109, 'num_points': 7}, {'avg_silhouette': 0.4046208975894478, 'num_points': 6}, {'avg_silhouette': 0.8835835434896884, 'num_points': 5}, {'avg_silhouette': 0.38290299008116396, 'num_points': 5}, {'avg_silhouette': 0.7327521179949837, 'num_points': 6}, {'avg_silhouette': 0.6413732478067484, 'num_points': 5}, {'avg_silhouette': 0.7435909641511322, 'num_points': 5}, {'avg_silhouette': 0.45847875577986413, 'num_points': 7}]",5.0,113,0.5883510224007419,,3,0.6546313024503206
DBSCAN,,0.17383420737639232,"[{'avg_silhouette': 0.7463212482087708, 'num_points': 12958}, {'avg_silhouette': 0.4401729316654159, 'num_points': 19}, {'avg_silhouette': 0.6211822928252834, 'num_points': 16}, {'avg_silhouette': 0.8763319340134449, 'num_points': 30}, {'avg_silhouette': 0.6804356490342123, 'num_points': 646}, {'avg_silhouette': 0.8916896037354635, 'num_points': 12}, {'avg_silhouette': 0.3640098592130018, 'num_points': 81}, {'avg_silhouette': 0.49149250517632365, 'num_points': 336}, {'avg_silhouette': 0.5515699832932304, 'num_points': 38}, {'avg_silhouette': 0.4523366760069099, 'num_points': 1176}, {'avg_silhouette': 0.6947619411218682, 'num_points': 28}, {'avg_silhouette': 0.4674486208950604, 'num_points': 146}, {'avg_silhouette': 0.674823144916509, 'num_points': 26}, {'avg_silhouette': 0.5070935253102706, 'num_points': 95}, {'avg_silhouette': 0.6834343913160178, 'num_points': 33}, {'avg_silhouette': 0.7387914847697185, 'num_points': 10}, {'avg_silhouette': 0.8598860324304467, 'num_points': 55}, {'avg_silhouette': 0.2936364486256391, 'num_points': 105}, {'avg_silhouette': 0.4865458340407017, 'num_points': 44}, {'avg_silhouette': 0.7835525604977532, 'num_points': 1538}, {'avg_silhouette': 0.5430741008916663, 'num_points': 22}, {'avg_silhouette': 0.9062693288368405, 'num_points': 333}, {'avg_silhouette': 0.5384498883402048, 'num_points': 17}, {'avg_silhouette': 0.6323804685208045, 'num_points': 21}, {'avg_silhouette': 0.717504793456343, 'num_points': 23}, {'avg_silhouette': 0.33659746603509316, 'num_points': 112}, {'avg_silhouette': 0.8677309766562633, 'num_points': 122}, {'avg_silhouette': 0.602162811484193, 'num_points': 483}, {'avg_silhouette': 0.661658890562095, 'num_points': 16}, {'avg_silhouette': 0.6471634433069295, 'num_points': 12}, {'avg_silhouette': 0.889498609354374, 'num_points': 69}, {'avg_silhouette': 0.5438919930396693, 'num_points': 99}, {'avg_silhouette': 0.6417899360119829, 'num_points': 19}, {'avg_silhouette': 0.4777353065378806, 'num_points': 23}, {'avg_silhouette': 0.46038855225964853, 'num_points': 80}, {'avg_silhouette': 0.6469750960154955, 'num_points': 24}, {'avg_silhouette': 0.6392303623455715, 'num_points': 244}, {'avg_silhouette': 0.955120924395129, 'num_points': 24}, {'avg_silhouette': 0.7547519211668254, 'num_points': 178}, {'avg_silhouette': 0.8744932858596002, 'num_points': 11}, {'avg_silhouette': 0.7547480793809839, 'num_points': 13}, {'avg_silhouette': 0.7693460313646113, 'num_points': 10}, {'avg_silhouette': 0.33652590345882694, 'num_points': 69}, {'avg_silhouette': 0.7882566592738905, 'num_points': 147}, {'avg_silhouette': 0.7575577657819568, 'num_points': 12}, {'avg_silhouette': 0.7712422663556648, 'num_points': 13}, {'avg_silhouette': 0.90566665824339, 'num_points': 15}, {'avg_silhouette': 0.8197704721788079, 'num_points': 132}, {'avg_silhouette': 0.5299775460524155, 'num_points': 13}, {'avg_silhouette': 0.8648450175320562, 'num_points': 24}, {'avg_silhouette': 0.6929701580665183, 'num_points': 24}, {'avg_silhouette': 0.9751295932095148, 'num_points': 22}, {'avg_silhouette': 0.8437676420101999, 'num_points': 40}, {'avg_silhouette': 0.8318304058987753, 'num_points': 10}, {'avg_silhouette': 0.824658640014556, 'num_points': 10}, {'avg_silhouette': 0.5230725885383807, 'num_points': 28}, {'avg_silhouette': 0.42645322974430167, 'num_points': 16}, {'avg_silhouette': 0.7844088681624822, 'num_points': 19}, {'avg_silhouette': 0.7052690881668322, 'num_points': 10}, {'avg_silhouette': 0.9233414034135332, 'num_points': 11}, {'avg_silhouette': 0.5890217408498353, 'num_points': 14}, {'avg_silhouette': 0.6377645417428006, 'num_points': 13}, {'avg_silhouette': 0.8157979462607459, 'num_points': 10}, {'avg_silhouette': 0.617475487335244, 'num_points': 10}, {'avg_silhouette': 0.698405374512829, 'num_points': 12}, {'avg_silhouette': 0.5954140934195087, 'num_points': 10}, {'avg_silhouette': 0.3546623445745666, 'num_points': 10}, {'avg_silhouette': 0.7517847054374566, 'num_points': 10}]",10.0,68,0.5875575603981343,,3,0.6607368282378113
DBSCAN,,0.17383420737639232,"[{'avg_silhouette': 0.7317715017210081, 'num_points': 12958}, {'avg_silhouette': 0.4401729316654159, 'num_points': 19}, {'avg_silhouette': 0.6250292951803756, 'num_points': 16}, {'avg_silhouette': 0.8766925572641786, 'num_points': 30}, {'avg_silhouette': 0.6798763917303011, 'num_points': 646}, {'avg_silhouette': 0.8916896037354635, 'num_points': 12}, {'avg_silhouette': 0.2225544867178885, 'num_points': 83}, {'avg_silhouette': 0.6231434688279485, 'num_points': 6}, {'avg_silhouette': 0.48591949816040453, 'num_points': 337}, {'avg_silhouette': 0.5515699832932304, 'num_points': 38}, {'avg_silhouette': 0.4496866145373039, 'num_points': 1178}, {'avg_silhouette': 0.9059493229733944, 'num_points': 8}, {'avg_silhouette': 0.4501113617354739, 'num_points': 149}, {'avg_silhouette': 0.743843676814521, 'num_points': 5}, {'avg_silhouette': 0.4929773659343589, 'num_points': 5}, {'avg_silhouette': 0.3659999369624484, 'num_points': 29}, {'avg_silhouette': 0.6688472767260129, 'num_points': 27}, {'avg_silhouette': 0.5008038552797183, 'num_points': 95}, {'avg_silhouette': 0.4561551280785549, 'num_points': 12}, {'avg_silhouette': 0.6834343913160178, 'num_points': 33}, {'avg_silhouette': 0.8488711448094666, 'num_points': 55}, {'avg_silhouette': 0.22477626501777595, 'num_points': 106}, {'avg_silhouette': 0.4865458340407017, 'num_points': 44}, {'avg_silhouette': 0.7835525604977532, 'num_points': 1538}, {'avg_silhouette': 0.5430741008916663, 'num_points': 22}, {'avg_silhouette': 0.8337514582771989, 'num_points': 333}, {'avg_silhouette': 0.49276572622674236, 'num_points': 12}, {'avg_silhouette': 0.4907127757093779, 'num_points': 9}, {'avg_silhouette': 0.5384498883402048, 'num_points': 17}, {'avg_silhouette': 0.6323804685208045, 'num_points': 21}, {'avg_silhouette': 0.717504793456343, 'num_points': 23}, {'avg_silhouette': 0.3375576092468969, 'num_points': 112}, {'avg_silhouette': 0.4376194543748807, 'num_points': 122}, {'avg_silhouette': 0.4103568526895494, 'num_points': 8}, {'avg_silhouette': 0.5019702315444172, 'num_points': 9}, {'avg_silhouette': 0.49427812439097196, 'num_points': 16}, {'avg_silhouette': 0.5980832609980355, 'num_points': 484}, {'avg_silhouette': 0.7241817064987346, 'num_points': 69}, {'avg_silhouette': 0.5303947290495382, 'num_points': 100}, {'avg_silhouette': 0.9277241509826656, 'num_points': 5}, {'avg_silhouette': 0.36454665307379147, 'num_points': 15}, {'avg_silhouette': 0.5865315875506489, 'num_points': 9}, {'avg_silhouette': 0.9584054199279285, 'num_points': 7}, {'avg_silhouette': 0.6429742384318137, 'num_points': 19}, {'avg_silhouette': 0.4590802317412606, 'num_points': 24}, {'avg_silhouette': 0.46038855225964853, 'num_points': 80}, {'avg_silhouette': 0.788978813761365, 'num_points': 6}, {'avg_silhouette': 0.6490347145938721, 'num_points': 24}, {'avg_silhouette': 0.33022505863262186, 'num_points': 11}, {'avg_silhouette': 0.5935413849180308, 'num_points': 6}, {'avg_silhouette': 0.6392303623455715, 'num_points': 244}, {'avg_silhouette': 0.7238017418052846, 'num_points': 8}, {'avg_silhouette': 0.653694407286233, 'num_points': 7}, {'avg_silhouette': 0.955120924395129, 'num_points': 24}, {'avg_silhouette': 0.9676450024169713, 'num_points': 6}, {'avg_silhouette': 0.7547519211668254, 'num_points': 178}, {'avg_silhouette': 0.8744932858596002, 'num_points': 11}, {'avg_silhouette': 0.7547480793809839, 'num_points': 13}, {'avg_silhouette': 0.7693460313646113, 'num_points': 10}, {'avg_silhouette': 0.8746018396981908, 'num_points': 8}, {'avg_silhouette': 0.4339331795491371, 'num_points': 8}, {'avg_silhouette': 0.34393528728136635, 'num_points': 69}, {'avg_silhouette': 0.7898534726198467, 'num_points': 147}, {'avg_silhouette': 0.4709900285317498, 'num_points': 7}, {'avg_silhouette': 0.760800051891333, 'num_points': 12}, {'avg_silhouette': 0.445051390239069, 'num_points': 11}, {'avg_silhouette': 0.709303406396547, 'num_points': 13}, {'avg_silhouette': 0.7523468494252953, 'num_points': 5}, {'avg_silhouette': 0.5158813938112111, 'num_points': 14}, {'avg_silhouette': 0.90566665824339, 'num_points': 15}, {'avg_silhouette': 0.8197704721788079, 'num_points': 132}, {'avg_silhouette': 1.0, 'num_points': 8}, {'avg_silhouette': 0.8648450175320562, 'num_points': 24}, {'avg_silhouette': 0.5043531762434653, 'num_points': 6}, {'avg_silhouette': 0.7446554539836004, 'num_points': 8}, {'avg_silhouette': 0.6929701580665183, 'num_points': 24}, {'avg_silhouette': 0.9751295932095148, 'num_points': 22}, {'avg_silhouette': 0.674510225852888, 'num_points': 40}, {'avg_silhouette': 0.8318304058987753, 'num_points': 10}, {'avg_silhouette': 0.5385392591068717, 'num_points': 8}, {'avg_silhouette': 0.922044140573486, 'num_points': 5}, {'avg_silhouette': 0.8248320666612242, 'num_points': 10}, {'avg_silhouette': 0.5257162685195726, 'num_points': 28}, {'avg_silhouette': 0.3547434224442655, 'num_points': 21}, {'avg_silhouette': 0.698405374512829, 'num_points': 12}, {'avg_silhouette': 0.5109947671445081, 'num_points': 19}, {'avg_silhouette': 0.7938592240298774, 'num_points': 5}, {'avg_silhouette': 0.6677753968626148, 'num_points': 8}, {'avg_silhouette': 0.7052690881668322, 'num_points': 10}, {'avg_silhouette': 0.9233414034135332, 'num_points': 11}, {'avg_silhouette': 0.4293721592554597, 'num_points': 11}, {'avg_silhouette': 0.6241531227003941, 'num_points': 7}, {'avg_silhouette': 0.7517847054374566, 'num_points': 10}, {'avg_silhouette': 0.6377645417428006, 'num_points': 13}, {'avg_silhouette': 0.8157979462607459, 'num_points': 10}, {'avg_silhouette': 0.5521268548665641, 'num_points': 12}, {'avg_silhouette': 0.5499167509303544, 'num_points': 6}, {'avg_silhouette': 0.5582878326272015, 'num_points': 6}, {'avg_silhouette': 0.4507204585921376, 'num_points': 8}, {'avg_silhouette': 0.6565337098937016, 'num_points': 5}, {'avg_silhouette': 0.5954140934195087, 'num_points': 10}, {'avg_silhouette': 0.382301504634121, 'num_points': 6}, {'avg_silhouette': 0.6756908527781816, 'num_points': 6}, {'avg_silhouette': 0.4406639495404109, 'num_points': 7}, {'avg_silhouette': 0.49681094515873747, 'num_points': 5}, {'avg_silhouette': 0.8835835434896884, 'num_points': 5}, {'avg_silhouette': 0.7325532976592241, 'num_points': 6}, {'avg_silhouette': 0.7435909641511322, 'num_points': 5}, {'avg_silhouette': 0.5278135930788063, 'num_points': 6}]",5.0,109,0.5866073794196207,,3,0.6550035589186884
DBSCAN,,0.16383420737639232,"[{'avg_silhouette': 0.7463710232267683, 'num_points': 12956}, {'avg_silhouette': 0.4401729316654159, 'num_points': 19}, {'avg_silhouette': 0.6211822928252834, 'num_points': 16}, {'avg_silhouette': 0.8773464130693116, 'num_points': 30}, {'avg_silhouette': 0.6805018136457904, 'num_points': 645}, {'avg_silhouette': 0.8916893474027116, 'num_points': 12}, {'avg_silhouette': 0.4134644091276064, 'num_points': 73}, {'avg_silhouette': 0.49943506921463654, 'num_points': 334}, {'avg_silhouette': 0.45270903493409187, 'num_points': 1173}, {'avg_silhouette': 0.6947501461354512, 'num_points': 28}, {'avg_silhouette': 0.4674486208950604, 'num_points': 146}, {'avg_silhouette': 0.6727762304866362, 'num_points': 26}, {'avg_silhouette': 0.5201320691577186, 'num_points': 94}, {'avg_silhouette': 0.698431591526596, 'num_points': 31}, {'avg_silhouette': 0.859833615963919, 'num_points': 55}, {'avg_silhouette': 0.2954870960948953, 'num_points': 103}, {'avg_silhouette': 0.4865458340407017, 'num_points': 44}, {'avg_silhouette': 0.7828179747438616, 'num_points': 1538}, {'avg_silhouette': 0.5430741008916663, 'num_points': 22}, {'avg_silhouette': 0.9062686296742585, 'num_points': 333}, {'avg_silhouette': 0.5384498883402048, 'num_points': 17}, {'avg_silhouette': 0.6322018817852053, 'num_points': 21}, {'avg_silhouette': 0.717504793456343, 'num_points': 23}, {'avg_silhouette': 0.3433700985583173, 'num_points': 111}, {'avg_silhouette': 0.8677306971697608, 'num_points': 122}, {'avg_silhouette': 0.6038355022586669, 'num_points': 482}, {'avg_silhouette': 0.6616525839479294, 'num_points': 16}, {'avg_silhouette': 0.6471572322842835, 'num_points': 12}, {'avg_silhouette': 0.8893463705270712, 'num_points': 69}, {'avg_silhouette': 0.5438919930396693, 'num_points': 99}, {'avg_silhouette': 0.6400211988568695, 'num_points': 19}, {'avg_silhouette': 0.4777353065378806, 'num_points': 23}, {'avg_silhouette': 0.46935768953747903, 'num_points': 79}, {'avg_silhouette': 0.6469750960154955, 'num_points': 24}, {'avg_silhouette': 0.6459228733367967, 'num_points': 243}, {'avg_silhouette': 0.955120924395129, 'num_points': 24}, {'avg_silhouette': 0.7547519211668254, 'num_points': 178}, {'avg_silhouette': 0.8744920474904458, 'num_points': 11}, {'avg_silhouette': 0.7540506785458573, 'num_points': 13}, {'avg_silhouette': 0.5515699832932304, 'num_points': 38}, {'avg_silhouette': 0.7693460313646113, 'num_points': 10}, {'avg_silhouette': 0.41164153084861976, 'num_points': 67}, {'avg_silhouette': 0.7898227983930775, 'num_points': 147}, {'avg_silhouette': 0.7490974868158448, 'num_points': 12}, {'avg_silhouette': 0.7712422663556648, 'num_points': 13}, {'avg_silhouette': 0.90566665824339, 'num_points': 15}, {'avg_silhouette': 0.8197704721788079, 'num_points': 132}, {'avg_silhouette': 0.572900272516815, 'num_points': 10}, {'avg_silhouette': 0.8648450175320562, 'num_points': 24}, {'avg_silhouette': 0.6929701580665183, 'num_points': 24}, {'avg_silhouette': 0.9751295932095148, 'num_points': 22}, {'avg_silhouette': 0.8437670031046849, 'num_points': 40}, {'avg_silhouette': 0.8318304058987753, 'num_points': 10}, {'avg_silhouette': 0.8245896917401087, 'num_points': 10}, {'avg_silhouette': 0.6767542203532576, 'num_points': 28}, {'avg_silhouette': 0.7836861936268769, 'num_points': 19}, {'avg_silhouette': 0.9233414034135332, 'num_points': 11}, {'avg_silhouette': 0.46823708337003506, 'num_points': 12}, {'avg_silhouette': 0.5890217408498353, 'num_points': 14}, {'avg_silhouette': 0.8157979462607459, 'num_points': 10}, {'avg_silhouette': 0.7414750656766911, 'num_points': 10}, {'avg_silhouette': 0.5954140934195087, 'num_points': 10}, {'avg_silhouette': 0.7052690881668322, 'num_points': 10}, {'avg_silhouette': 0.6368820847676303, 'num_points': 13}, {'avg_silhouette': 0.7517847054374566, 'num_points': 10}]",10.0,65,0.5857355052490605,,3,0.6606326776349073
DBSCAN,,0.1438342073763923,"[{'avg_silhouette': 0.7416906254101819, 'num_points': 12955}, {'avg_silhouette': 0.46608688053230435, 'num_points': 18}, {'avg_silhouette': 0.6220770864184482, 'num_points': 16}, {'avg_silhouette': 0.8766925572641786, 'num_points': 30}, {'avg_silhouette': 0.6825484890733209, 'num_points': 643}, {'avg_silhouette': 0.8916890072569851, 'num_points': 12}, {'avg_silhouette': 0.34011645989835865, 'num_points': 67}, {'avg_silhouette': 0.6098000886820051, 'num_points': 6}, {'avg_silhouette': 0.5392157639125961, 'num_points': 317}, {'avg_silhouette': 0.46018507284563687, 'num_points': 1161}, {'avg_silhouette': 0.9056848951594029, 'num_points': 8}, {'avg_silhouette': 0.3809458353114325, 'num_points': 28}, {'avg_silhouette': 0.46528251175935215, 'num_points': 145}, {'avg_silhouette': 0.6910605132578134, 'num_points': 23}, {'avg_silhouette': 0.5138574247296799, 'num_points': 93}, {'avg_silhouette': 0.7089027948891298, 'num_points': 29}, {'avg_silhouette': 0.8411150298288941, 'num_points': 5}, {'avg_silhouette': 0.8488711448094666, 'num_points': 55}, {'avg_silhouette': 0.20028902642813853, 'num_points': 102}, {'avg_silhouette': 0.5232597010548453, 'num_points': 41}, {'avg_silhouette': 0.7822552880527743, 'num_points': 1538}, {'avg_silhouette': 0.5430741008916663, 'num_points': 22}, {'avg_silhouette': 0.8362613016363677, 'num_points': 332}, {'avg_silhouette': 0.3260095721236226, 'num_points': 15}, {'avg_silhouette': 0.49276572622674236, 'num_points': 12}, {'avg_silhouette': 0.4929773659343589, 'num_points': 5}, {'avg_silhouette': 0.6052856213419163, 'num_points': 8}, {'avg_silhouette': 0.5384498883402048, 'num_points': 17}, {'avg_silhouette': 0.6318123732439025, 'num_points': 21}, {'avg_silhouette': 0.717504793456343, 'num_points': 23}, {'avg_silhouette': 0.3422788115786615, 'num_points': 110}, {'avg_silhouette': 0.4376194543748807, 'num_points': 122}, {'avg_silhouette': 0.5489484148574708, 'num_points': 7}, {'avg_silhouette': 0.6102809549470382, 'num_points': 468}, {'avg_silhouette': 0.5426254453978143, 'num_points': 14}, {'avg_silhouette': 0.7241817064987346, 'num_points': 69}, {'avg_silhouette': 0.5534253290270024, 'num_points': 98}, {'avg_silhouette': 0.9277241509826656, 'num_points': 5}, {'avg_silhouette': 0.36454665307379147, 'num_points': 15}, {'avg_silhouette': 0.5865315875506489, 'num_points': 9}, {'avg_silhouette': 0.9584054199279285, 'num_points': 7}, {'avg_silhouette': 0.6304627973105855, 'num_points': 19}, {'avg_silhouette': 0.4783841791010304, 'num_points': 23}, {'avg_silhouette': 0.4768832210787502, 'num_points': 78}, {'avg_silhouette': 0.7915025142127798, 'num_points': 6}, {'avg_silhouette': 0.645721300035084, 'num_points': 24}, {'avg_silhouette': 0.6487466269597388, 'num_points': 242}, {'avg_silhouette': 0.7233200108180066, 'num_points': 8}, {'avg_silhouette': 0.653694407286233, 'num_points': 7}, {'avg_silhouette': 0.955120924395129, 'num_points': 24}, {'avg_silhouette': 0.9676542668491618, 'num_points': 6}, {'avg_silhouette': 0.5829167322643738, 'num_points': 5}, {'avg_silhouette': 0.7547519211668254, 'num_points': 178}, {'avg_silhouette': 0.8744907340767444, 'num_points': 11}, {'avg_silhouette': 0.8329541658195648, 'num_points': 12}, {'avg_silhouette': 0.6043332035785647, 'num_points': 35}, {'avg_silhouette': 0.7629564400328455, 'num_points': 10}, {'avg_silhouette': 0.8741928143736617, 'num_points': 8}, {'avg_silhouette': 0.5335597179089339, 'num_points': 7}, {'avg_silhouette': 0.6840113842710777, 'num_points': 5}, {'avg_silhouette': 0.3874724344336546, 'num_points': 15}, {'avg_silhouette': 0.7898534726198467, 'num_points': 147}, {'avg_silhouette': 0.745080844513477, 'num_points': 12}, {'avg_silhouette': 0.5868877711773612, 'num_points': 6}, {'avg_silhouette': 0.709303406396547, 'num_points': 13}, {'avg_silhouette': 0.7428756022084485, 'num_points': 5}, {'avg_silhouette': 0.6036940022422106, 'num_points': 5}, {'avg_silhouette': 0.90566665824339, 'num_points': 15}, {'avg_silhouette': 0.10196271308915499, 'num_points': 33}, {'avg_silhouette': 0.5510576768803518, 'num_points': 11}, {'avg_silhouette': 0.8197704721788079, 'num_points': 132}, {'avg_silhouette': 0.5158813938112111, 'num_points': 14}, {'avg_silhouette': 1.0, 'num_points': 8}, {'avg_silhouette': 0.8648450175320562, 'num_points': 24}, {'avg_silhouette': 0.7446554539836004, 'num_points': 8}, {'avg_silhouette': 0.6929701580665183, 'num_points': 24}, {'avg_silhouette': 0.9751295932095148, 'num_points': 22}, {'avg_silhouette': 0.6670094045778713, 'num_points': 40}, {'avg_silhouette': 0.8318304058987753, 'num_points': 10}, {'avg_silhouette': 0.9507274672056999, 'num_points': 5}, {'avg_silhouette': 0.9290544347717375, 'num_points': 5}, {'avg_silhouette': 0.8228847956686787, 'num_points': 10}, {'avg_silhouette': 0.513877948395789, 'num_points': 26}, {'avg_silhouette': 0.25217578778366206, 'num_points': 11}, {'avg_silhouette': 0.7783546650788878, 'num_points': 8}, {'avg_silhouette': 0.5074539765295313, 'num_points': 19}, {'avg_silhouette': 0.6677753968626148, 'num_points': 8}, {'avg_silhouette': 0.7052690881668322, 'num_points': 10}, {'avg_silhouette': 0.9233414034135332, 'num_points': 11}, {'avg_silhouette': 0.5883784729908385, 'num_points': 7}, {'avg_silhouette': 0.6241531227003941, 'num_points': 7}, {'avg_silhouette': 0.7517847054374566, 'num_points': 10}, {'avg_silhouette': 0.6248849507297408, 'num_points': 12}, {'avg_silhouette': 0.8157979462607459, 'num_points': 10}, {'avg_silhouette': 0.6707231459329763, 'num_points': 7}, {'avg_silhouette': 0.3399503389869996, 'num_points': 12}, {'avg_silhouette': 0.6423037243584285, 'num_points': 6}, {'avg_silhouette': 0.4507204585921376, 'num_points': 8}, {'avg_silhouette': 0.6373429635935807, 'num_points': 5}, {'avg_silhouette': 0.5954140934195087, 'num_points': 10}, {'avg_silhouette': 0.5143609355184513, 'num_points': 5}, {'avg_silhouette': 0.6756908527781816, 'num_points': 6}, {'avg_silhouette': 0.5204901582931785, 'num_points': 5}, {'avg_silhouette': 0.7938592240298774, 'num_points': 5}, {'avg_silhouette': 0.38922499983883097, 'num_points': 5}, {'avg_silhouette': 0.5269937341471289, 'num_points': 6}]",5.0,106,0.5853640380596193,,3,0.6613769954361977
DBSCAN,,0.16383420737639232,"[{'avg_silhouette': 0.7319471051488456, 'num_points': 12956}, {'avg_silhouette': 0.4401729316654159, 'num_points': 19}, {'avg_silhouette': 0.6239674116397803, 'num_points': 16}, {'avg_silhouette': 0.8766925572641786, 'num_points': 30}, {'avg_silhouette': 0.6798810019533353, 'num_points': 645}, {'avg_silhouette': 0.8916893474027116, 'num_points': 12}, {'avg_silhouette': 0.22846180756781795, 'num_points': 81}, {'avg_silhouette': 0.6102059436715475, 'num_points': 6}, {'avg_silhouette': 0.4891301576665488, 'num_points': 336}, {'avg_silhouette': 0.45323002797449374, 'num_points': 1174}, {'avg_silhouette': 0.9059493229733944, 'num_points': 8}, {'avg_silhouette': 0.4568349638298958, 'num_points': 148}, {'avg_silhouette': 0.7438086504641355, 'num_points': 5}, {'avg_silhouette': 0.4929773659343589, 'num_points': 5}, {'avg_silhouette': 0.3669851400496574, 'num_points': 29}, {'avg_silhouette': 0.6682243797335088, 'num_points': 27}, {'avg_silhouette': 0.5114431819740085, 'num_points': 94}, {'avg_silhouette': 0.738789672407709, 'num_points': 10}, {'avg_silhouette': 0.6891453921483062, 'num_points': 32}, {'avg_silhouette': 0.8488711448094666, 'num_points': 55}, {'avg_silhouette': 0.23469331190795564, 'num_points': 104}, {'avg_silhouette': 0.4865458340407017, 'num_points': 44}, {'avg_silhouette': 0.7828179747438616, 'num_points': 1538}, {'avg_silhouette': 0.5430741008916663, 'num_points': 22}, {'avg_silhouette': 0.8320991399865503, 'num_points': 333}, {'avg_silhouette': 0.49276572622674236, 'num_points': 12}, {'avg_silhouette': 0.6127205278816776, 'num_points': 8}, {'avg_silhouette': 0.5384498883402048, 'num_points': 17}, {'avg_silhouette': 0.6322018817852053, 'num_points': 21}, {'avg_silhouette': 0.717504793456343, 'num_points': 23}, {'avg_silhouette': 0.33652225314597384, 'num_points': 112}, {'avg_silhouette': 0.4376194543748807, 'num_points': 122}, {'avg_silhouette': 0.4390662853908323, 'num_points': 7}, {'avg_silhouette': 0.49710766728083755, 'num_points': 9}, {'avg_silhouette': 0.47679442124941385, 'num_points': 16}, {'avg_silhouette': 0.5980793977502752, 'num_points': 484}, {'avg_silhouette': 0.7241817064987346, 'num_points': 69}, {'avg_silhouette': 0.5438919930396693, 'num_points': 99}, {'avg_silhouette': 0.9277241509826656, 'num_points': 5}, {'avg_silhouette': 0.36454665307379147, 'num_points': 15}, {'avg_silhouette': 0.5865315875506489, 'num_points': 9}, {'avg_silhouette': 0.9584054199279285, 'num_points': 7}, {'avg_silhouette': 0.6422960276180009, 'num_points': 19}, {'avg_silhouette': 0.45816681664747533, 'num_points': 24}, {'avg_silhouette': 0.46935768953747903, 'num_points': 79}, {'avg_silhouette': 0.7900622041499963, 'num_points': 6}, {'avg_silhouette': 0.6469750960154955, 'num_points': 24}, {'avg_silhouette': 0.6392303623455715, 'num_points': 244}, {'avg_silhouette': 0.7234158805984954, 'num_points': 8}, {'avg_silhouette': 0.653694407286233, 'num_points': 7}, {'avg_silhouette': 0.955120924395129, 'num_points': 24}, {'avg_silhouette': 0.9676542668491618, 'num_points': 6}, {'avg_silhouette': 0.7547519211668254, 'num_points': 178}, {'avg_silhouette': 0.8744920474904458, 'num_points': 11}, {'avg_silhouette': 0.7547480793809839, 'num_points': 13}, {'avg_silhouette': 0.5515699832932304, 'num_points': 38}, {'avg_silhouette': 0.7693460313646113, 'num_points': 10}, {'avg_silhouette': 0.8746018396981908, 'num_points': 8}, {'avg_silhouette': 0.5335597179089339, 'num_points': 7}, {'avg_silhouette': 0.344376506818193, 'num_points': 68}, {'avg_silhouette': 0.7898534726198467, 'num_points': 147}, {'avg_silhouette': 0.7589398496576424, 'num_points': 12}, {'avg_silhouette': 0.4445117319021147, 'num_points': 11}, {'avg_silhouette': 0.709303406396547, 'num_points': 13}, {'avg_silhouette': 0.7428756022084485, 'num_points': 5}, {'avg_silhouette': 0.5102458101815701, 'num_points': 6}, {'avg_silhouette': 0.5158813938112111, 'num_points': 14}, {'avg_silhouette': 0.90566665824339, 'num_points': 15}, {'avg_silhouette': 0.8197704721788079, 'num_points': 132}, {'avg_silhouette': 1.0, 'num_points': 8}, {'avg_silhouette': 0.8648450175320562, 'num_points': 24}, {'avg_silhouette': 0.7446554539836004, 'num_points': 8}, {'avg_silhouette': 0.6929701580665183, 'num_points': 24}, {'avg_silhouette': 0.9751295932095148, 'num_points': 22}, {'avg_silhouette': 0.6650526422121249, 'num_points': 40}, {'avg_silhouette': 0.8318304058987753, 'num_points': 10}, {'avg_silhouette': 0.7414324244014937, 'num_points': 6}, {'avg_silhouette': 0.922044140573486, 'num_points': 5}, {'avg_silhouette': 0.8248320666612242, 'num_points': 10}, {'avg_silhouette': 0.5257162685195726, 'num_points': 28}, {'avg_silhouette': 0.39072568818443465, 'num_points': 19}, {'avg_silhouette': 0.7186704547055359, 'num_points': 11}, {'avg_silhouette': 0.5109947671445081, 'num_points': 19}, {'avg_silhouette': 0.7938592240298774, 'num_points': 5}, {'avg_silhouette': 0.6677753968626148, 'num_points': 8}, {'avg_silhouette': 0.7052690881668322, 'num_points': 10}, {'avg_silhouette': 0.9233414034135332, 'num_points': 11}, {'avg_silhouette': 0.4263592274578297, 'num_points': 11}, {'avg_silhouette': 0.6241531227003941, 'num_points': 7}, {'avg_silhouette': 0.7517847054374566, 'num_points': 10}, {'avg_silhouette': 0.33022505863262186, 'num_points': 11}, {'avg_silhouette': 0.6373157488672216, 'num_points': 13}, {'avg_silhouette': 0.8157979462607459, 'num_points': 10}, {'avg_silhouette': 0.5914715606160756, 'num_points': 11}, {'avg_silhouette': 0.6372374206861242, 'num_points': 5}, {'avg_silhouette': 0.5582878326272015, 'num_points': 6}, {'avg_silhouette': 0.4507204585921376, 'num_points': 8}, {'avg_silhouette': 0.6174013284612885, 'num_points': 5}, {'avg_silhouette': 0.5954140934195087, 'num_points': 10}, {'avg_silhouette': 0.382301504634121, 'num_points': 6}, {'avg_silhouette': 0.6756908527781816, 'num_points': 6}, {'avg_silhouette': 0.45922806087204576, 'num_points': 6}, {'avg_silhouette': 0.8835835434896884, 'num_points': 5}, {'avg_silhouette': 0.5390906803060763, 'num_points': 5}, {'avg_silhouette': 0.7435799069814306, 'num_points': 5}, {'avg_silhouette': 0.5270246503894264, 'num_points': 6}]",5.0,106,0.5851231285927311,,3,0.6559983692890671
DBSCAN,,0.1538342073763923,"[{'avg_silhouette': 0.7461297468890487, 'num_points': 12955}, {'avg_silhouette': 0.4695074260623242, 'num_points': 18}, {'avg_silhouette': 0.6203972859714512, 'num_points': 16}, {'avg_silhouette': 0.890439974866358, 'num_points': 30}, {'avg_silhouette': 0.6848276192589487, 'num_points': 643}, {'avg_silhouette': 0.8916890072569851, 'num_points': 12}, {'avg_silhouette': 0.4240674009348388, 'num_points': 71}, {'avg_silhouette': 0.5195876626888587, 'num_points': 329}, {'avg_silhouette': 0.455008819006867, 'num_points': 1170}, {'avg_silhouette': 0.6967074960398039, 'num_points': 27}, {'avg_silhouette': 0.47467378171323343, 'num_points': 144}, {'avg_silhouette': 0.6975726482274326, 'num_points': 23}, {'avg_silhouette': 0.5193998215902617, 'num_points': 94}, {'avg_silhouette': 0.698431591526596, 'num_points': 31}, {'avg_silhouette': 0.8597832915975931, 'num_points': 55}, {'avg_silhouette': 0.5027154271385383, 'num_points': 43}, {'avg_silhouette': 0.782809673743532, 'num_points': 1538}, {'avg_silhouette': 0.5430741008916663, 'num_points': 22}, {'avg_silhouette': 0.908452651582237, 'num_points': 332}, {'avg_silhouette': 0.5384498883402048, 'num_points': 17}, {'avg_silhouette': 0.6318123732439025, 'num_points': 21}, {'avg_silhouette': 0.8357004355096976, 'num_points': 23}, {'avg_silhouette': 0.34273697913329887, 'num_points': 111}, {'avg_silhouette': 0.8677304162297166, 'num_points': 122}, {'avg_silhouette': 0.6082662485595093, 'num_points': 480}, {'avg_silhouette': 0.680995771783551, 'num_points': 15}, {'avg_silhouette': 0.6471500777867495, 'num_points': 12}, {'avg_silhouette': 0.8893096402421661, 'num_points': 69}, {'avg_silhouette': 0.5438919930396693, 'num_points': 99}, {'avg_silhouette': 0.6361536846955074, 'num_points': 19}, {'avg_silhouette': 0.47708622278803875, 'num_points': 23}, {'avg_silhouette': 0.46935768953747903, 'num_points': 79}, {'avg_silhouette': 0.6469750960154955, 'num_points': 24}, {'avg_silhouette': 0.6518806341659713, 'num_points': 242}, {'avg_silhouette': 0.955120924395129, 'num_points': 24}, {'avg_silhouette': 0.7547519211668254, 'num_points': 178}, {'avg_silhouette': 0.4239755531837116, 'num_points': 103}, {'avg_silhouette': 0.8744907340767444, 'num_points': 11}, {'avg_silhouette': 0.7534953817042632, 'num_points': 13}, {'avg_silhouette': 0.6043332035785647, 'num_points': 35}, {'avg_silhouette': 0.7629564400328455, 'num_points': 10}, {'avg_silhouette': 0.2286314930691206, 'num_points': 49}, {'avg_silhouette': 0.8722598349678132, 'num_points': 147}, {'avg_silhouette': 0.7477420128419229, 'num_points': 12}, {'avg_silhouette': 0.7712422663556648, 'num_points': 13}, {'avg_silhouette': 0.90566665824339, 'num_points': 15}, {'avg_silhouette': 0.594318364407792, 'num_points': 11}, {'avg_silhouette': 0.8197704721788079, 'num_points': 132}, {'avg_silhouette': 0.8648450175320562, 'num_points': 24}, {'avg_silhouette': 0.9751295932095148, 'num_points': 22}, {'avg_silhouette': 0.8450701167483127, 'num_points': 40}, {'avg_silhouette': 0.8318304058987753, 'num_points': 10}, {'avg_silhouette': 0.8243758468498987, 'num_points': 10}, {'avg_silhouette': 0.6877303215546497, 'num_points': 27}, {'avg_silhouette': 0.7836861936268769, 'num_points': 19}, {'avg_silhouette': 0.7083850523846354, 'num_points': 23}, {'avg_silhouette': 0.9233414034135332, 'num_points': 11}, {'avg_silhouette': 0.5886055801173208, 'num_points': 14}, {'avg_silhouette': 0.8157979462607459, 'num_points': 10}, {'avg_silhouette': 0.5954140934195087, 'num_points': 10}, {'avg_silhouette': 0.6248849507297408, 'num_points': 12}, {'avg_silhouette': 0.7517847054374566, 'num_points': 10}]",10.0,62,0.5839594069864258,,3,0.6613160798798159
DBSCAN,,0.1538342073763923,"[{'avg_silhouette': 0.7319923021974194, 'num_points': 12955}, {'avg_silhouette': 0.4695074260623242, 'num_points': 18}, {'avg_silhouette': 0.623242883072666, 'num_points': 16}, {'avg_silhouette': 0.8766925572641786, 'num_points': 30}, {'avg_silhouette': 0.6838538112734064, 'num_points': 643}, {'avg_silhouette': 0.8916890072569851, 'num_points': 12}, {'avg_silhouette': 0.26761340629973596, 'num_points': 79}, {'avg_silhouette': 0.6275899690423258, 'num_points': 6}, {'avg_silhouette': 0.4891301576665488, 'num_points': 336}, {'avg_silhouette': 0.4539854643433819, 'num_points': 1173}, {'avg_silhouette': 0.9060091325226451, 'num_points': 8}, {'avg_silhouette': 0.3809458353114325, 'num_points': 28}, {'avg_silhouette': 0.463531516800287, 'num_points': 146}, {'avg_silhouette': 0.6855155338855661, 'num_points': 25}, {'avg_silhouette': 0.5069851264713746, 'num_points': 94}, {'avg_silhouette': 0.698431591526596, 'num_points': 31}, {'avg_silhouette': 0.7387878115610242, 'num_points': 10}, {'avg_silhouette': 0.8488711448094666, 'num_points': 55}, {'avg_silhouette': 0.2213856827592003, 'num_points': 104}, {'avg_silhouette': 0.5027154271385383, 'num_points': 43}, {'avg_silhouette': 0.782809673743532, 'num_points': 1538}, {'avg_silhouette': 0.5430741008916663, 'num_points': 22}, {'avg_silhouette': 0.8362613016363677, 'num_points': 332}, {'avg_silhouette': 0.49276572622674236, 'num_points': 12}, {'avg_silhouette': 0.4929773659343589, 'num_points': 5}, {'avg_silhouette': 0.6103798780570162, 'num_points': 8}, {'avg_silhouette': 0.5384498883402048, 'num_points': 17}, {'avg_silhouette': 0.6318123732439025, 'num_points': 21}, {'avg_silhouette': 0.717504793456343, 'num_points': 23}, {'avg_silhouette': 0.33629888398993135, 'num_points': 112}, {'avg_silhouette': 0.4376194543748807, 'num_points': 122}, {'avg_silhouette': 0.48919331717304476, 'num_points': 6}, {'avg_silhouette': 0.4927408068781334, 'num_points': 9}, {'avg_silhouette': 0.602677228322951, 'num_points': 482}, {'avg_silhouette': 0.5054631800934174, 'num_points': 15}, {'avg_silhouette': 0.7241817064987346, 'num_points': 69}, {'avg_silhouette': 0.5438919930396693, 'num_points': 99}, {'avg_silhouette': 0.9277241509826656, 'num_points': 5}, {'avg_silhouette': 0.36454665307379147, 'num_points': 15}, {'avg_silhouette': 0.5865315875506489, 'num_points': 9}, {'avg_silhouette': 0.9584054199279285, 'num_points': 7}, {'avg_silhouette': 0.6422960276180009, 'num_points': 19}, {'avg_silhouette': 0.45756881324632454, 'num_points': 24}, {'avg_silhouette': 0.46935768953747903, 'num_points': 79}, {'avg_silhouette': 0.7915025142127798, 'num_points': 6}, {'avg_silhouette': 0.6469750960154955, 'num_points': 24}, {'avg_silhouette': 0.6392303623455715, 'num_points': 244}, {'avg_silhouette': 0.7234158805984954, 'num_points': 8}, {'avg_silhouette': 0.653694407286233, 'num_points': 7}, {'avg_silhouette': 0.955120924395129, 'num_points': 24}, {'avg_silhouette': 0.9676542668491618, 'num_points': 6}, {'avg_silhouette': 0.7547519211668254, 'num_points': 178}, {'avg_silhouette': 0.8744907340767444, 'num_points': 11}, {'avg_silhouette': 0.7547480793809839, 'num_points': 13}, {'avg_silhouette': 0.580860312734472, 'num_points': 36}, {'avg_silhouette': 0.7663858142005217, 'num_points': 10}, {'avg_silhouette': 0.8744430052102758, 'num_points': 8}, {'avg_silhouette': 0.5335597179089339, 'num_points': 7}, {'avg_silhouette': 0.3471734481473921, 'num_points': 66}, {'avg_silhouette': 0.7898534726198467, 'num_points': 147}, {'avg_silhouette': 0.7570935157863375, 'num_points': 12}, {'avg_silhouette': 0.588187332028268, 'num_points': 6}, {'avg_silhouette': 0.709303406396547, 'num_points': 13}, {'avg_silhouette': 0.7428756022084485, 'num_points': 5}, {'avg_silhouette': 0.6044167268432538, 'num_points': 5}, {'avg_silhouette': 0.5158813938112111, 'num_points': 14}, {'avg_silhouette': 0.90566665824339, 'num_points': 15}, {'avg_silhouette': 0.8197704721788079, 'num_points': 132}, {'avg_silhouette': 1.0, 'num_points': 8}, {'avg_silhouette': 0.8648450175320562, 'num_points': 24}, {'avg_silhouette': 0.7446554539836004, 'num_points': 8}, {'avg_silhouette': 0.6929701580665183, 'num_points': 24}, {'avg_silhouette': 0.9751295932095148, 'num_points': 22}, {'avg_silhouette': 0.6650526422121249, 'num_points': 40}, {'avg_silhouette': 0.8318304058987753, 'num_points': 10}, {'avg_silhouette': 0.7414324244014937, 'num_points': 6}, {'avg_silhouette': 0.922044140573486, 'num_points': 5}, {'avg_silhouette': 0.8245896917401087, 'num_points': 10}, {'avg_silhouette': 0.5124441605778187, 'num_points': 28}, {'avg_silhouette': 0.4062342481224661, 'num_points': 18}, {'avg_silhouette': 0.7186675700640903, 'num_points': 11}, {'avg_silhouette': 0.5074539765295313, 'num_points': 19}, {'avg_silhouette': 0.7938592240298774, 'num_points': 5}, {'avg_silhouette': 0.6677753968626148, 'num_points': 8}, {'avg_silhouette': 0.7052690881668322, 'num_points': 10}, {'avg_silhouette': 0.9233414034135332, 'num_points': 11}, {'avg_silhouette': 0.4936961857638315, 'num_points': 9}, {'avg_silhouette': 0.6241531227003941, 'num_points': 7}, {'avg_silhouette': 0.7517847054374566, 'num_points': 10}, {'avg_silhouette': 0.6599707819594642, 'num_points': 12}, {'avg_silhouette': 0.8157979462607459, 'num_points': 10}, {'avg_silhouette': 0.6809219761385216, 'num_points': 7}, {'avg_silhouette': 0.6373429635935807, 'num_points': 5}, {'avg_silhouette': 0.5582878326272015, 'num_points': 6}, {'avg_silhouette': 0.4507204585921376, 'num_points': 8}, {'avg_silhouette': 0.6173817310816946, 'num_points': 5}, {'avg_silhouette': 0.5954140934195087, 'num_points': 10}, {'avg_silhouette': 0.5143609355184513, 'num_points': 5}, {'avg_silhouette': 0.6756908527781816, 'num_points': 6}, {'avg_silhouette': 0.5204901582931785, 'num_points': 5}, {'avg_silhouette': 0.8835835434896884, 'num_points': 5}, {'avg_silhouette': 0.3992225798324364, 'num_points': 8}, {'avg_silhouette': 0.743678193436365, 'num_points': 5}, {'avg_silhouette': 0.743566135200026, 'num_points': 5}, {'avg_silhouette': 0.5242645422281063, 'num_points': 6}]",5.0,105,0.5835248655232406,,3,0.6562624800947777
K-means,,,"[{'avg_silhouette': 0.8547790092352403, 'num_points': 9480}, {'avg_silhouette': 0.23325533252963132, 'num_points': 75}, {'avg_silhouette': 0.5325286793074654, 'num_points': 1489}, {'avg_silhouette': 0.406219022114696, 'num_points': 129}, {'avg_silhouette': 0.6710889943722681, 'num_points': 165}, {'avg_silhouette': 0.6005200818842631, 'num_points': 877}, {'avg_silhouette': 0.7914704275945402, 'num_points': 1716}, {'avg_silhouette': 0.5163181104132052, 'num_points': 428}, {'avg_silhouette': 0.8263576571974299, 'num_points': 278}, {'avg_silhouette': 0.3597072957910119, 'num_points': 140}, {'avg_silhouette': 0.4192486366333743, 'num_points': 238}, {'avg_silhouette': 0.7485129968376789, 'num_points': 375}, {'avg_silhouette': 0.6476258404885683, 'num_points': 222}, {'avg_silhouette': 0.5885778448213254, 'num_points': 56}, {'avg_silhouette': -0.13788215395296669, 'num_points': 153}, {'avg_silhouette': 0.007675215936676478, 'num_points': 39}, {'avg_silhouette': 0.42235485796482225, 'num_points': 251}, {'avg_silhouette': -0.1485147212765166, 'num_points': 1565}, {'avg_silhouette': -0.05789007988349086, 'num_points': 92}, {'avg_silhouette': 0.2842726006535311, 'num_points': 142}, {'avg_silhouette': 0.2428211691384176, 'num_points': 86}, {'avg_silhouette': 0.103124983965241, 'num_points': 91}, {'avg_silhouette': -0.09924002400109007, 'num_points': 71}, {'avg_silhouette': 0.49739024917203495, 'num_points': 112}, {'avg_silhouette': -0.05281598379300778, 'num_points': 38}, {'avg_silhouette': -0.04967798362451202, 'num_points': 35}, {'avg_silhouette': 0.338554195605987, 'num_points': 31}, {'avg_silhouette': 0.05589445749425899, 'num_points': 280}, {'avg_silhouette': 0.38677866646986103, 'num_points': 184}, {'avg_silhouette': 0.09423092116370832, 'num_points': 19}, {'avg_silhouette': 0.2981363706628955, 'num_points': 2827}, {'avg_silhouette': 0.5231201962606171, 'num_points': 29}, {'avg_silhouette': 0.11218083300099521, 'num_points': 311}, {'avg_silhouette': -0.005658537387848782, 'num_points': 84}, {'avg_silhouette': 0.22841074681748788, 'num_points': 13}, {'avg_silhouette': -0.07567091450112312, 'num_points': 128}, {'avg_silhouette': 0.3563545966523843, 'num_points': 75}]",,37,0.5820867239778907,,5,0.46567995310472493
AGGLC,ward,,"[{'avg_silhouette': -0.27317523706582, 'num_points': 2210}, {'avg_silhouette': 0.3120900870654739, 'num_points': 2799}, {'avg_silhouette': 0.7824045492647446, 'num_points': 14282}, {'avg_silhouette': 0.6489069701962459, 'num_points': 1354}, {'avg_silhouette': 0.8427630906803556, 'num_points': 276}, {'avg_silhouette': 0.2900586800556974, 'num_points': 1205}, {'avg_silhouette': 0.34098281211831893, 'num_points': 198}]",,7,0.5810957986615265,,5,0.3520570099032684
K-means,,,"[{'avg_silhouette': 0.15769662682689234, 'num_points': 141}, {'avg_silhouette': -0.2286411113522132, 'num_points': 1822}, {'avg_silhouette': 0.4569496019842098, 'num_points': 1593}, {'avg_silhouette': 0.8035597551186437, 'num_points': 282}, {'avg_silhouette': 0.4288531675254847, 'num_points': 2585}, {'avg_silhouette': 0.09480608499321673, 'num_points': 487}, {'avg_silhouette': 0.7342843441331434, 'num_points': 15201}, {'avg_silhouette': 0.2998750906490678, 'num_points': 213}]",,8,0.5796748520571762,,4,0.3478615005726562
DBSCAN,,0.1438342073763923,"[{'avg_silhouette': 0.7439865619725149, 'num_points': 12954}, {'avg_silhouette': 0.46608688053230435, 'num_points': 18}, {'avg_silhouette': 0.6168597105379128, 'num_points': 16}, {'avg_silhouette': 0.890439974866358, 'num_points': 30}, {'avg_silhouette': 0.6841322586246947, 'num_points': 643}, {'avg_silhouette': 0.8916884077055696, 'num_points': 12}, {'avg_silhouette': 0.45457209338215954, 'num_points': 65}, {'avg_silhouette': 0.5541732154448488, 'num_points': 317}, {'avg_silhouette': 0.45805718940943696, 'num_points': 1161}, {'avg_silhouette': 0.4964070717928773, 'num_points': 141}, {'avg_silhouette': 0.7223214687638866, 'num_points': 20}, {'avg_silhouette': 0.5260182588159195, 'num_points': 93}, {'avg_silhouette': 0.7185381922078182, 'num_points': 28}, {'avg_silhouette': 0.8596829579266849, 'num_points': 55}, {'avg_silhouette': 0.5232597010548453, 'num_points': 41}, {'avg_silhouette': 0.7845821079216815, 'num_points': 1533}, {'avg_silhouette': 0.5430741008916663, 'num_points': 22}, {'avg_silhouette': 0.9231428293525799, 'num_points': 327}, {'avg_silhouette': 0.6318123732439025, 'num_points': 21}, {'avg_silhouette': 0.8357004355096976, 'num_points': 23}, {'avg_silhouette': 0.3499960416869632, 'num_points': 109}, {'avg_silhouette': 0.8677300790940861, 'num_points': 122}, {'avg_silhouette': 0.6355241523751721, 'num_points': 468}, {'avg_silhouette': 0.7059927069585151, 'num_points': 14}, {'avg_silhouette': 0.8892011441461379, 'num_points': 69}, {'avg_silhouette': 0.5622083281872381, 'num_points': 97}, {'avg_silhouette': 0.6304627973105855, 'num_points': 19}, {'avg_silhouette': 0.4751482132059728, 'num_points': 23}, {'avg_silhouette': 0.6446151107618538, 'num_points': 24}, {'avg_silhouette': 0.5010445825574511, 'num_points': 76}, {'avg_silhouette': 0.6533873195121681, 'num_points': 241}, {'avg_silhouette': 0.955120924395129, 'num_points': 24}, {'avg_silhouette': 0.7547519211668254, 'num_points': 178}, {'avg_silhouette': 0.5384498883402048, 'num_points': 17}, {'avg_silhouette': 0.6471373797229679, 'num_points': 12}, {'avg_silhouette': 0.43123239469175845, 'num_points': 101}, {'avg_silhouette': 0.8744887081050272, 'num_points': 11}, {'avg_silhouette': 0.8326553611786213, 'num_points': 12}, {'avg_silhouette': 0.6043332035785647, 'num_points': 35}, {'avg_silhouette': 0.7629564400328455, 'num_points': 10}, {'avg_silhouette': 0.872258775087004, 'num_points': 147}, {'avg_silhouette': 0.7425911758941272, 'num_points': 12}, {'avg_silhouette': 0.7710486288450652, 'num_points': 13}, {'avg_silhouette': 0.90566665824339, 'num_points': 15}, {'avg_silhouette': 0.8197704721788079, 'num_points': 132}, {'avg_silhouette': 0.8648450175320562, 'num_points': 24}, {'avg_silhouette': 0.9751295932095148, 'num_points': 22}, {'avg_silhouette': 0.8450687358720298, 'num_points': 40}, {'avg_silhouette': 0.8318304058987753, 'num_points': 10}, {'avg_silhouette': 0.8228847956686787, 'num_points': 10}, {'avg_silhouette': 0.7970380778917829, 'num_points': 25}, {'avg_silhouette': 0.11232760749188922, 'num_points': 29}, {'avg_silhouette': 0.7710513128698113, 'num_points': 18}, {'avg_silhouette': 0.7083850523846354, 'num_points': 23}, {'avg_silhouette': 0.9233414034135332, 'num_points': 11}, {'avg_silhouette': 0.7833732666606458, 'num_points': 19}, {'avg_silhouette': 0.8157979462607459, 'num_points': 10}, {'avg_silhouette': 0.4608481183677165, 'num_points': 13}, {'avg_silhouette': 0.5520409866009336, 'num_points': 11}, {'avg_silhouette': 0.6248692885734392, 'num_points': 12}, {'avg_silhouette': 0.7517847054374566, 'num_points': 10}]",10.0,61,0.5785089721511614,,3,0.6622086197678778
HDBSCAN,,,"[{'avg_silhouette': 0.7181344013621556, 'num_points': 801}, {'avg_silhouette': 0.7040512969491989, 'num_points': 370}, {'avg_silhouette': 0.8252333562907818, 'num_points': 358}, {'avg_silhouette': 0.763031534704167, 'num_points': 1809}, {'avg_silhouette': 0.6453720673169832, 'num_points': 1336}, {'avg_silhouette': 0.6494640242466327, 'num_points': 454}, {'avg_silhouette': 0.646900198049975, 'num_points': 455}, {'avg_silhouette': 0.6563876548134536, 'num_points': 475}, {'avg_silhouette': 0.9999999947184798, 'num_points': 819}, {'avg_silhouette': 1.0, 'num_points': 1378}, {'avg_silhouette': 0.8342396413217362, 'num_points': 1503}, {'avg_silhouette': 0.9999999996128439, 'num_points': 7364}]",,12,0.5784335595141091,348.0,5,0.8485286485911461
AGGLC,ward,,"[{'avg_silhouette': -0.27692892941120223, 'num_points': 2408}, {'avg_silhouette': 0.3120900870654739, 'num_points': 2799}, {'avg_silhouette': 0.7825262236434756, 'num_points': 14282}, {'avg_silhouette': 0.6489069701962459, 'num_points': 1354}, {'avg_silhouette': 0.8427630906803556, 'num_points': 276}, {'avg_silhouette': 0.2900586800556974, 'num_points': 1205}]",,6,0.5753215453274868,,5,0.3513306063099381
K-means,,,"[{'avg_silhouette': -0.1913511394515081, 'num_points': 1176}, {'avg_silhouette': 0.6665613148563929, 'num_points': 15606}, {'avg_silhouette': 0.41896384472346915, 'num_points': 1151}, {'avg_silhouette': 0.4704249787454979, 'num_points': 1620}, {'avg_silhouette': 0.21919677012396405, 'num_points': 595}, {'avg_silhouette': 0.5581504354362133, 'num_points': 2176}]",,6,0.5718778093635225,,5,0.3845498868620131
DBSCAN,,0.5438342073763927,"[{'avg_silhouette': 0.5885068124258684, 'num_points': 20981}, {'avg_silhouette': 0.45162720680151686, 'num_points': 161}, {'avg_silhouette': 0.7188630412166249, 'num_points': 19}, {'avg_silhouette': 0.602555784723931, 'num_points': 99}, {'avg_silhouette': 0.9001307370223073, 'num_points': 5}, {'avg_silhouette': 0.8007901195343702, 'num_points': 147}, {'avg_silhouette': 0.8770159600770379, 'num_points': 269}, {'avg_silhouette': 0.6483467212465405, 'num_points': 53}, {'avg_silhouette': 0.5391338903542661, 'num_points': 10}, {'avg_silhouette': 0.54449161814787, 'num_points': 7}, {'avg_silhouette': 0.5958564029073024, 'num_points': 5}, {'avg_silhouette': 0.7570248463817436, 'num_points': 8}]",5.0,12,0.5714557584469421,,1,
DBSCAN,,0.5338342073763926,"[{'avg_silhouette': 0.5877766400605456, 'num_points': 20963}, {'avg_silhouette': 0.4543263670210716, 'num_points': 159}, {'avg_silhouette': 0.7538593963780931, 'num_points': 18}, {'avg_silhouette': 0.6057755345786654, 'num_points': 98}, {'avg_silhouette': 0.9001225552250454, 'num_points': 5}, {'avg_silhouette': 0.8007404729318981, 'num_points': 147}, {'avg_silhouette': 0.876981769480759, 'num_points': 269}, {'avg_silhouette': 0.6482604387010847, 'num_points': 53}, {'avg_silhouette': 0.5660552944403212, 'num_points': 9}, {'avg_silhouette': 0.5620900307457669, 'num_points': 6}, {'avg_silhouette': 0.7550253556973682, 'num_points': 8}]",5.0,11,0.5697567135352378,,1,
DBSCAN,,0.1338342073763923,"[{'avg_silhouette': 0.718448422924206, 'num_points': 12885}, {'avg_silhouette': 0.46608688053230435, 'num_points': 18}, {'avg_silhouette': 0.6209673564526634, 'num_points': 16}, {'avg_silhouette': 0.8763319340134449, 'num_points': 30}, {'avg_silhouette': 0.684237781538878, 'num_points': 642}, {'avg_silhouette': 0.891680738937664, 'num_points': 12}, {'avg_silhouette': 0.3487950377692182, 'num_points': 66}, {'avg_silhouette': 0.6087903419534698, 'num_points': 6}, {'avg_silhouette': 0.542418243744871, 'num_points': 316}, {'avg_silhouette': 0.3096812858395958, 'num_points': 68}, {'avg_silhouette': 0.461891120609479, 'num_points': 1158}, {'avg_silhouette': 0.9055444949535914, 'num_points': 8}, {'avg_silhouette': 0.7123307735158997, 'num_points': 8}, {'avg_silhouette': 0.46719389373884646, 'num_points': 144}, {'avg_silhouette': 0.7022140134906033, 'num_points': 22}, {'avg_silhouette': 0.5137233236015458, 'num_points': 93}, {'avg_silhouette': 0.7089027948891298, 'num_points': 29}, {'avg_silhouette': 0.84106474749345, 'num_points': 5}, {'avg_silhouette': 0.8488711448094666, 'num_points': 55}, {'avg_silhouette': 0.1515892535190508, 'num_points': 68}, {'avg_silhouette': 0.5232597010548453, 'num_points': 41}, {'avg_silhouette': 0.7599646014775951, 'num_points': 1531}, {'avg_silhouette': 0.5430741008916663, 'num_points': 22}, {'avg_silhouette': 0.8362613016363677, 'num_points': 332}, {'avg_silhouette': 0.3261758263798146, 'num_points': 15}, {'avg_silhouette': 0.16014505850970273, 'num_points': 19}, {'avg_silhouette': 0.6026876432620556, 'num_points': 8}, {'avg_silhouette': 0.5384498883402048, 'num_points': 17}, {'avg_silhouette': 0.6316463458035686, 'num_points': 21}, {'avg_silhouette': 0.4794073698120466, 'num_points': 5}, {'avg_silhouette': 0.3417818057230234, 'num_points': 110}, {'avg_silhouette': 0.4376194543748807, 'num_points': 122}, {'avg_silhouette': 0.5480123373953781, 'num_points': 7}, {'avg_silhouette': 0.6101768541245239, 'num_points': 468}, {'avg_silhouette': 0.5766984430498724, 'num_points': 13}, {'avg_silhouette': 0.6469697563079579, 'num_points': 12}, {'avg_silhouette': 0.7241817064987346, 'num_points': 69}, {'avg_silhouette': 0.9277241509826656, 'num_points': 5}, {'avg_silhouette': 0.9496512092115005, 'num_points': 7}, {'avg_silhouette': 0.5865315875506489, 'num_points': 9}, {'avg_silhouette': 0.9584054199279285, 'num_points': 7}, {'avg_silhouette': 0.6300717505428042, 'num_points': 19}, {'avg_silhouette': 0.49103752078768675, 'num_points': 22}, {'avg_silhouette': 0.5637502203798561, 'num_points': 96}, {'avg_silhouette': 0.5204057836568984, 'num_points': 74}, {'avg_silhouette': 0.8435555233356785, 'num_points': 5}, {'avg_silhouette': 0.645005736418811, 'num_points': 24}, {'avg_silhouette': 0.767853782571967, 'num_points': 7}, {'avg_silhouette': 0.6533873195121681, 'num_points': 241}, {'avg_silhouette': 0.653694407286233, 'num_points': 7}, {'avg_silhouette': 0.955120924395129, 'num_points': 24}, {'avg_silhouette': 0.9676542668491618, 'num_points': 6}, {'avg_silhouette': 0.5826955350383801, 'num_points': 5}, {'avg_silhouette': 0.7547519211668254, 'num_points': 178}, {'avg_silhouette': 0.37833236837062445, 'num_points': 33}, {'avg_silhouette': 0.8744583100726575, 'num_points': 11}, {'avg_silhouette': 0.8326553611786213, 'num_points': 12}, {'avg_silhouette': 0.6043332035785647, 'num_points': 35}, {'avg_silhouette': 0.7629564400328455, 'num_points': 10}, {'avg_silhouette': 0.8741928143736617, 'num_points': 8}, {'avg_silhouette': 0.5335597179089339, 'num_points': 7}, {'avg_silhouette': 0.5949103736855434, 'num_points': 6}, {'avg_silhouette': 0.3853811303462964, 'num_points': 15}, {'avg_silhouette': 0.7882566592738905, 'num_points': 147}, {'avg_silhouette': 0.7444170278355297, 'num_points': 12}, {'avg_silhouette': 0.6510911963752016, 'num_points': 5}, {'avg_silhouette': 0.709303406396547, 'num_points': 13}, {'avg_silhouette': 0.7428756022084485, 'num_points': 5}, {'avg_silhouette': 0.6036940022422106, 'num_points': 5}, {'avg_silhouette': 0.9047812149346822, 'num_points': 15}, {'avg_silhouette': 0.11958948179928434, 'num_points': 32}, {'avg_silhouette': 0.554073258642362, 'num_points': 11}, {'avg_silhouette': 0.875695488488039, 'num_points': 98}, {'avg_silhouette': 0.5299775460524155, 'num_points': 13}, {'avg_silhouette': 1.0, 'num_points': 8}, {'avg_silhouette': 0.8648450175320562, 'num_points': 24}, {'avg_silhouette': 0.8151525801504471, 'num_points': 5}, {'avg_silhouette': 0.6929701580665183, 'num_points': 24}, {'avg_silhouette': 0.9751295932095148, 'num_points': 22}, {'avg_silhouette': 0.6670094045778713, 'num_points': 40}, {'avg_silhouette': 0.8318304058987753, 'num_points': 10}, {'avg_silhouette': 0.9507274672056999, 'num_points': 5}, {'avg_silhouette': 0.9290544347717375, 'num_points': 5}, {'avg_silhouette': 0.9519829789450672, 'num_points': 34}, {'avg_silhouette': 0.8228847956686787, 'num_points': 10}, {'avg_silhouette': 0.513877948395789, 'num_points': 26}, {'avg_silhouette': 0.4637894653285374, 'num_points': 10}, {'avg_silhouette': 0.7978957723084064, 'num_points': 7}, {'avg_silhouette': 0.5074539765295313, 'num_points': 19}, {'avg_silhouette': 0.6677753968626148, 'num_points': 8}, {'avg_silhouette': 0.9233414034135332, 'num_points': 11}, {'avg_silhouette': 0.5741847552112913, 'num_points': 7}, {'avg_silhouette': 0.5433623461026492, 'num_points': 8}, {'avg_silhouette': 0.6835364600416924, 'num_points': 6}, {'avg_silhouette': 0.8381366350526407, 'num_points': 9}, {'avg_silhouette': 0.6248612307967497, 'num_points': 12}, {'avg_silhouette': 0.8134401452120595, 'num_points': 10}, {'avg_silhouette': 0.5608428219405849, 'num_points': 7}, {'avg_silhouette': 0.6701689172596664, 'num_points': 7}, {'avg_silhouette': 0.6451420911512477, 'num_points': 18}, {'avg_silhouette': 0.5957637118166289, 'num_points': 6}, {'avg_silhouette': 0.4507204585921376, 'num_points': 8}, {'avg_silhouette': 0.8750256118088725, 'num_points': 6}, {'avg_silhouette': 0.3399503389869996, 'num_points': 12}, {'avg_silhouette': 0.6395765216052207, 'num_points': 9}, {'avg_silhouette': 0.5143609355184513, 'num_points': 5}, {'avg_silhouette': 0.6373429635935807, 'num_points': 5}, {'avg_silhouette': 0.5269937341471289, 'num_points': 6}]",5.0,108,0.5671818154094933,,3,0.6467680483370933
K-means,,,"[{'avg_silhouette': 0.29478851735731126, 'num_points': 279}, {'avg_silhouette': 0.7057064428936957, 'num_points': 15104}, {'avg_silhouette': 0.4367392667731652, 'num_points': 2588}, {'avg_silhouette': -0.10538305913769583, 'num_points': 2001}, {'avg_silhouette': 0.4479004450026835, 'num_points': 1627}, {'avg_silhouette': 0.30661724712993066, 'num_points': 213}, {'avg_silhouette': 0.3791665106429683, 'num_points': 512}]",,7,0.5666019791251897,,4,0.3712407738829621
DBSCAN,,0.12383420737639228,"[{'avg_silhouette': 0.7155102203837167, 'num_points': 12883}, {'avg_silhouette': 0.5250170705202841, 'num_points': 16}, {'avg_silhouette': 0.6146493258887036, 'num_points': 16}, {'avg_silhouette': 0.8852887729653232, 'num_points': 30}, {'avg_silhouette': 0.6878890671622957, 'num_points': 640}, {'avg_silhouette': 0.9046523995332908, 'num_points': 11}, {'avg_silhouette': 0.3786622784387406, 'num_points': 63}, {'avg_silhouette': 0.6039634452505905, 'num_points': 6}, {'avg_silhouette': 0.5312090860450746, 'num_points': 312}, {'avg_silhouette': 0.3337050082570012, 'num_points': 67}, {'avg_silhouette': 0.4597145115625737, 'num_points': 1158}, {'avg_silhouette': 0.9055444949535914, 'num_points': 8}, {'avg_silhouette': 0.6713192606728736, 'num_points': 8}, {'avg_silhouette': 0.49078490409943387, 'num_points': 138}, {'avg_silhouette': 0.7330352020429456, 'num_points': 19}, {'avg_silhouette': 0.5232314962649797, 'num_points': 91}, {'avg_silhouette': 0.7295583865306118, 'num_points': 27}, {'avg_silhouette': 0.8410611183486953, 'num_points': 5}, {'avg_silhouette': 0.8488711448094666, 'num_points': 55}, {'avg_silhouette': 0.5140227699815316, 'num_points': 41}, {'avg_silhouette': 0.7606500533010115, 'num_points': 1530}, {'avg_silhouette': 0.5399185344126098, 'num_points': 22}, {'avg_silhouette': 0.8387115977440497, 'num_points': 331}, {'avg_silhouette': 0.5577336151297023, 'num_points': 5}, {'avg_silhouette': 0.27587924722534385, 'num_points': 12}, {'avg_silhouette': 0.6815320758471769, 'num_points': 19}, {'avg_silhouette': 0.4794073698120466, 'num_points': 5}, {'avg_silhouette': 0.3495010154973161, 'num_points': 109}, {'avg_silhouette': 0.44241739676960123, 'num_points': 121}, {'avg_silhouette': 0.541440362357874, 'num_points': 7}, {'avg_silhouette': 0.6073093717606403, 'num_points': 467}, {'avg_silhouette': 0.5766984430498724, 'num_points': 13}, {'avg_silhouette': 0.6469585156245063, 'num_points': 12}, {'avg_silhouette': 0.7241817064987346, 'num_points': 69}, {'avg_silhouette': 0.9277241509826656, 'num_points': 5}, {'avg_silhouette': 0.9496512092115005, 'num_points': 7}, {'avg_silhouette': 0.5856388447079408, 'num_points': 9}, {'avg_silhouette': 0.9584054199279285, 'num_points': 7}, {'avg_silhouette': 0.6642548979553332, 'num_points': 18}, {'avg_silhouette': 0.46159997266891445, 'num_points': 22}, {'avg_silhouette': 0.5846602807607731, 'num_points': 94}, {'avg_silhouette': 0.67947903660765, 'num_points': 23}, {'avg_silhouette': 0.8437947271890085, 'num_points': 5}, {'avg_silhouette': 0.5304572549559089, 'num_points': 73}, {'avg_silhouette': 0.7882092395025274, 'num_points': 6}, {'avg_silhouette': 0.6563029910161781, 'num_points': 240}, {'avg_silhouette': 0.653694407286233, 'num_points': 7}, {'avg_silhouette': 0.6026876432620556, 'num_points': 8}, {'avg_silhouette': 0.955120924395129, 'num_points': 24}, {'avg_silhouette': 0.9676542668491618, 'num_points': 6}, {'avg_silhouette': 0.7547519211668254, 'num_points': 178}, {'avg_silhouette': 0.5622552313132917, 'num_points': 16}, {'avg_silhouette': 0.36687441805457693, 'num_points': 33}, {'avg_silhouette': 0.8744563799552704, 'num_points': 11}, {'avg_silhouette': 0.8325654606281763, 'num_points': 12}, {'avg_silhouette': 0.6219484946138458, 'num_points': 34}, {'avg_silhouette': 0.761486498921364, 'num_points': 10}, {'avg_silhouette': 0.8740193263660521, 'num_points': 8}, {'avg_silhouette': 0.6020920369611786, 'num_points': 6}, {'avg_silhouette': 0.16768904081564262, 'num_points': 64}, {'avg_silhouette': 0.6860950393059774, 'num_points': 5}, {'avg_silhouette': 0.8750894350876651, 'num_points': 146}, {'avg_silhouette': 0.741298663755087, 'num_points': 12}, {'avg_silhouette': 0.6510911963752016, 'num_points': 5}, {'avg_silhouette': 0.709303406396547, 'num_points': 13}, {'avg_silhouette': 0.7382401055363432, 'num_points': 5}, {'avg_silhouette': 0.9047812149346822, 'num_points': 15}, {'avg_silhouette': 0.5693272766259885, 'num_points': 5}, {'avg_silhouette': 0.13196346443106294, 'num_points': 28}, {'avg_silhouette': 0.4039045951271693, 'num_points': 14}, {'avg_silhouette': 0.5576557323685086, 'num_points': 11}, {'avg_silhouette': 0.875695488488039, 'num_points': 98}, {'avg_silhouette': 1.0, 'num_points': 8}, {'avg_silhouette': 0.8648450175320562, 'num_points': 24}, {'avg_silhouette': 0.6929701580665183, 'num_points': 24}, {'avg_silhouette': 0.9750002623425648, 'num_points': 22}, {'avg_silhouette': 0.6670094045778713, 'num_points': 40}, {'avg_silhouette': 0.9379736490696151, 'num_points': 9}, {'avg_silhouette': 0.9507274672056999, 'num_points': 5}, {'avg_silhouette': 0.9290544347717375, 'num_points': 5}, {'avg_silhouette': 0.9519829789450672, 'num_points': 34}, {'avg_silhouette': 0.8227889892808466, 'num_points': 10}, {'avg_silhouette': 0.5473188505392463, 'num_points': 25}, {'avg_silhouette': 0.835488273480642, 'num_points': 6}, {'avg_silhouette': 0.6677753968626148, 'num_points': 8}, {'avg_silhouette': 0.9233414034135332, 'num_points': 11}, {'avg_silhouette': 0.2985849775808555, 'num_points': 10}, {'avg_silhouette': 0.5708100120305873, 'num_points': 7}, {'avg_silhouette': 0.5433623461026492, 'num_points': 8}, {'avg_silhouette': 0.6834809601996378, 'num_points': 6}, {'avg_silhouette': 0.8381366350526407, 'num_points': 9}, {'avg_silhouette': 0.3379478360804497, 'num_points': 5}, {'avg_silhouette': 0.6044620665177988, 'num_points': 14}, {'avg_silhouette': 0.6248560505545043, 'num_points': 12}, {'avg_silhouette': 0.8134401452120595, 'num_points': 10}, {'avg_silhouette': 0.5608428219405849, 'num_points': 7}, {'avg_silhouette': 0.6451420911512477, 'num_points': 18}, {'avg_silhouette': 0.4507204585921376, 'num_points': 8}, {'avg_silhouette': 0.8750256118088725, 'num_points': 6}, {'avg_silhouette': 0.6935564774485957, 'num_points': 6}, {'avg_silhouette': 0.35831819485463784, 'num_points': 11}, {'avg_silhouette': 0.5931701604418739, 'num_points': 5}, {'avg_silhouette': 0.6395765216052207, 'num_points': 9}, {'avg_silhouette': 0.4972485523716822, 'num_points': 5}, {'avg_silhouette': 0.602472406559537, 'num_points': 5}, {'avg_silhouette': 0.35191160850259856, 'num_points': 5}, {'avg_silhouette': 0.5416915548187684, 'num_points': 5}, {'avg_silhouette': 0.6373161395078432, 'num_points': 5}, {'avg_silhouette': 0.8152017488813362, 'num_points': 5}]",5.0,109,0.5622115670732147,,3,0.6452915950824339
DBSCAN,,0.1338342073763923,"[{'avg_silhouette': 0.7186922522909489, 'num_points': 12885}, {'avg_silhouette': 0.46608688053230435, 'num_points': 18}, {'avg_silhouette': 0.6348365048749218, 'num_points': 15}, {'avg_silhouette': 0.890439974866358, 'num_points': 30}, {'avg_silhouette': 0.6840670352362471, 'num_points': 642}, {'avg_silhouette': 0.891680738937664, 'num_points': 12}, {'avg_silhouette': 0.5010169472828419, 'num_points': 58}, {'avg_silhouette': 0.34199043582527217, 'num_points': 68}, {'avg_silhouette': 0.4606527586239416, 'num_points': 1157}, {'avg_silhouette': 0.49874802852026345, 'num_points': 140}, {'avg_silhouette': 0.5434866961664606, 'num_points': 91}, {'avg_silhouette': 0.730347998137684, 'num_points': 27}, {'avg_silhouette': 0.8596264327940235, 'num_points': 55}, {'avg_silhouette': 0.5232597010548453, 'num_points': 41}, {'avg_silhouette': 0.7863781535305775, 'num_points': 1530}, {'avg_silhouette': 0.5430741008916663, 'num_points': 22}, {'avg_silhouette': 0.9353795927194932, 'num_points': 323}, {'avg_silhouette': 0.7675282236773181, 'num_points': 15}, {'avg_silhouette': 0.6316463458035686, 'num_points': 21}, {'avg_silhouette': 0.3492322846176796, 'num_points': 109}, {'avg_silhouette': 0.8677200862413923, 'num_points': 122}, {'avg_silhouette': 0.6354020725557423, 'num_points': 468}, {'avg_silhouette': 0.7280844633144047, 'num_points': 13}, {'avg_silhouette': 0.8890089563505329, 'num_points': 69}, {'avg_silhouette': 0.6667391260687947, 'num_points': 18}, {'avg_silhouette': 0.4876502773723061, 'num_points': 22}, {'avg_silhouette': 0.5839248547701028, 'num_points': 94}, {'avg_silhouette': 0.6421699964811994, 'num_points': 24}, {'avg_silhouette': 0.523914444756581, 'num_points': 74}, {'avg_silhouette': 0.5542322342481267, 'num_points': 316}, {'avg_silhouette': 0.6533873195121681, 'num_points': 241}, {'avg_silhouette': 0.9549534524593818, 'num_points': 24}, {'avg_silhouette': 0.7679349890836218, 'num_points': 176}, {'avg_silhouette': 0.5384498883402048, 'num_points': 17}, {'avg_silhouette': 0.6643275704111395, 'num_points': 11}, {'avg_silhouette': 0.37122004366154104, 'num_points': 33}, {'avg_silhouette': 0.8744583100726575, 'num_points': 11}, {'avg_silhouette': 0.8326553611786213, 'num_points': 12}, {'avg_silhouette': 0.6043332035785647, 'num_points': 35}, {'avg_silhouette': 0.7629564400328455, 'num_points': 10}, {'avg_silhouette': 0.1771183995322247, 'num_points': 64}, {'avg_silhouette': 0.8722410880040861, 'num_points': 147}, {'avg_silhouette': 0.7357345341374665, 'num_points': 12}, {'avg_silhouette': 0.770833812935909, 'num_points': 13}, {'avg_silhouette': 0.9047812149346822, 'num_points': 15}, {'avg_silhouette': 0.875695488488039, 'num_points': 98}, {'avg_silhouette': 0.8648450175320562, 'num_points': 24}, {'avg_silhouette': 0.9751295932095148, 'num_points': 22}, {'avg_silhouette': 0.845047531819975, 'num_points': 40}, {'avg_silhouette': 0.8318304058987753, 'num_points': 10}, {'avg_silhouette': 0.9519829789450672, 'num_points': 34}, {'avg_silhouette': 0.8228847956686787, 'num_points': 10}, {'avg_silhouette': 0.7955762310928572, 'num_points': 25}, {'avg_silhouette': 0.12476458958268667, 'num_points': 28}, {'avg_silhouette': 0.7083850523846354, 'num_points': 23}, {'avg_silhouette': 0.9233414034135332, 'num_points': 11}, {'avg_silhouette': 0.7821998735240048, 'num_points': 19}, {'avg_silhouette': 0.9156169477721571, 'num_points': 10}, {'avg_silhouette': 0.4605865186222251, 'num_points': 13}, {'avg_silhouette': 0.9031825036063275, 'num_points': 18}, {'avg_silhouette': 0.5559408824010229, 'num_points': 11}, {'avg_silhouette': 0.6248516201823081, 'num_points': 12}]",10.0,62,0.5590670971825723,,3,0.655241054815156
DBSCAN,,0.11383420737639227,"[{'avg_silhouette': 0.7149996101638684, 'num_points': 12879}, {'avg_silhouette': 0.5250170705202841, 'num_points': 16}, {'avg_silhouette': 0.654351278007515, 'num_points': 14}, {'avg_silhouette': 0.8965942384626813, 'num_points': 29}, {'avg_silhouette': 0.6863454916074379, 'num_points': 640}, {'avg_silhouette': 0.9509009060891275, 'num_points': 7}, {'avg_silhouette': 0.40623782790754165, 'num_points': 57}, {'avg_silhouette': 0.696453488772957, 'num_points': 5}, {'avg_silhouette': 0.3636712297688146, 'num_points': 66}, {'avg_silhouette': 0.45805693174989415, 'num_points': 1152}, {'avg_silhouette': 0.9055444949535914, 'num_points': 8}, {'avg_silhouette': 0.6547597781608891, 'num_points': 8}, {'avg_silhouette': 0.5136634403980743, 'num_points': 136}, {'avg_silhouette': 0.7481332660368585, 'num_points': 16}, {'avg_silhouette': 0.5483351980774241, 'num_points': 90}, {'avg_silhouette': 0.7463022568775055, 'num_points': 25}, {'avg_silhouette': 0.8544760261390566, 'num_points': 54}, {'avg_silhouette': 0.5140227699815316, 'num_points': 41}, {'avg_silhouette': 0.7600594730334836, 'num_points': 1530}, {'avg_silhouette': 0.5568125764514236, 'num_points': 21}, {'avg_silhouette': 0.8875453762998613, 'num_points': 316}, {'avg_silhouette': 0.5014094620262847, 'num_points': 5}, {'avg_silhouette': 0.35924961492116486, 'num_points': 10}, {'avg_silhouette': 0.8410490636286617, 'num_points': 5}, {'avg_silhouette': 0.7195113452754762, 'num_points': 18}, {'avg_silhouette': 0.3773098923690814, 'num_points': 104}, {'avg_silhouette': 0.48392344186032654, 'num_points': 5}, {'avg_silhouette': 0.4391225163507329, 'num_points': 121}, {'avg_silhouette': 0.6028077718963774, 'num_points': 466}, {'avg_silhouette': 0.5766984430498724, 'num_points': 13}, {'avg_silhouette': 0.6642760193092344, 'num_points': 11}, {'avg_silhouette': 0.7465241773554343, 'num_points': 67}, {'avg_silhouette': 0.9276731868031527, 'num_points': 5}, {'avg_silhouette': 0.9496512092115005, 'num_points': 7}, {'avg_silhouette': 0.611825612275911, 'num_points': 8}, {'avg_silhouette': 0.9582119130028969, 'num_points': 7}, {'avg_silhouette': 0.6642548979553332, 'num_points': 18}, {'avg_silhouette': 0.5200938366646818, 'num_points': 20}, {'avg_silhouette': 0.5904593962810838, 'num_points': 93}, {'avg_silhouette': 0.7324603996143214, 'num_points': 21}, {'avg_silhouette': 0.8433999306164248, 'num_points': 5}, {'avg_silhouette': 0.5388661382131547, 'num_points': 72}, {'avg_silhouette': 0.5285997809903988, 'num_points': 312}, {'avg_silhouette': 0.6609201518970909, 'num_points': 239}, {'avg_silhouette': 0.653694407286233, 'num_points': 7}, {'avg_silhouette': 0.6026876432620556, 'num_points': 8}, {'avg_silhouette': 0.9548242795141658, 'num_points': 24}, {'avg_silhouette': 0.9676542668491618, 'num_points': 6}, {'avg_silhouette': 0.7384431468830019, 'num_points': 174}, {'avg_silhouette': 0.37058048041735053, 'num_points': 32}, {'avg_silhouette': 0.8744493059116162, 'num_points': 11}, {'avg_silhouette': 0.832239468319396, 'num_points': 12}, {'avg_silhouette': 0.6219484946138458, 'num_points': 34}, {'avg_silhouette': 0.761486498921364, 'num_points': 10}, {'avg_silhouette': 0.8740193263660521, 'num_points': 8}, {'avg_silhouette': 0.6020920369611786, 'num_points': 6}, {'avg_silhouette': 0.17973262073397842, 'num_points': 59}, {'avg_silhouette': 0.6847745564746183, 'num_points': 5}, {'avg_silhouette': 0.8779091600427835, 'num_points': 145}, {'avg_silhouette': 0.489617841647096, 'num_points': 4}, {'avg_silhouette': 0.7354557289628348, 'num_points': 12}, {'avg_silhouette': 0.709303406396547, 'num_points': 13}, {'avg_silhouette': 0.7382401055363432, 'num_points': 5}, {'avg_silhouette': 0.9306476997330683, 'num_points': 14}, {'avg_silhouette': 0.1354585132395558, 'num_points': 26}, {'avg_silhouette': 0.6002179775709634, 'num_points': 10}, {'avg_silhouette': 0.875695488488039, 'num_points': 98}, {'avg_silhouette': 1.0, 'num_points': 8}, {'avg_silhouette': 0.8955987035739004, 'num_points': 23}, {'avg_silhouette': 0.9750002623425648, 'num_points': 22}, {'avg_silhouette': 0.6670094045778713, 'num_points': 40}, {'avg_silhouette': 0.9379736490696151, 'num_points': 9}, {'avg_silhouette': 0.9507274672056999, 'num_points': 5}, {'avg_silhouette': 0.929017384009455, 'num_points': 5}, {'avg_silhouette': 0.9519829789450672, 'num_points': 34}, {'avg_silhouette': 0.8227708840221547, 'num_points': 10}, {'avg_silhouette': 0.5473188505392463, 'num_points': 25}, {'avg_silhouette': 0.8354802050781448, 'num_points': 6}, {'avg_silhouette': 0.7071932913973306, 'num_points': 21}, {'avg_silhouette': 0.6564149976730932, 'num_points': 8}, {'avg_silhouette': 0.9228679385248794, 'num_points': 11}, {'avg_silhouette': 0.3424589009434875, 'num_points': 7}, {'avg_silhouette': 0.5923918908253997, 'num_points': 6}, {'avg_silhouette': 0.5433623461026492, 'num_points': 8}, {'avg_silhouette': 0.6834809601996378, 'num_points': 6}, {'avg_silhouette': 0.24364462840756818, 'num_points': 8}, {'avg_silhouette': 0.8381366350526407, 'num_points': 9}, {'avg_silhouette': 0.3379478360804497, 'num_points': 5}, {'avg_silhouette': 0.8298961084764934, 'num_points': 14}, {'avg_silhouette': 0.6235883490822454, 'num_points': 12}, {'avg_silhouette': 0.8134401452120595, 'num_points': 10}, {'avg_silhouette': 0.5608428219405849, 'num_points': 7}, {'avg_silhouette': 0.430209867157917, 'num_points': 5}, {'avg_silhouette': 0.4616197705098506, 'num_points': 13}, {'avg_silhouette': 0.722913629310277, 'num_points': 17}, {'avg_silhouette': 0.5430603421086941, 'num_points': 7}, {'avg_silhouette': 0.8747195614265567, 'num_points': 6}, {'avg_silhouette': 0.6915755690307638, 'num_points': 6}, {'avg_silhouette': 0.5758104823751391, 'num_points': 15}, {'avg_silhouette': 0.3822736775235445, 'num_points': 10}, {'avg_silhouette': 0.6503052842447656, 'num_points': 5}, {'avg_silhouette': 0.6395436761971678, 'num_points': 9}, {'avg_silhouette': 0.6545676597720498, 'num_points': 5}, {'avg_silhouette': 0.35191160850259856, 'num_points': 5}, {'avg_silhouette': 0.5416915548187684, 'num_points': 5}, {'avg_silhouette': 0.5396033940716461, 'num_points': 5}, {'avg_silhouette': 0.8152017488813362, 'num_points': 5}]",5.0,107,0.55751485705728,,3,0.6443720049824154
DBSCAN,,0.5338342073763926,"[{'avg_silhouette': 0.5777092790803869, 'num_points': 20915}, {'avg_silhouette': 0.48949591638182105, 'num_points': 155}, {'avg_silhouette': 0.7634989368762093, 'num_points': 18}, {'avg_silhouette': 0.6050109886799618, 'num_points': 98}, {'avg_silhouette': 0.800621308586854, 'num_points': 147}, {'avg_silhouette': 0.8769019811676306, 'num_points': 269}, {'avg_silhouette': 0.6582892968938244, 'num_points': 52}, {'avg_silhouette': 0.5111920067488116, 'num_points': 14}]",10.0,8,0.5574785653481115,,1,
DBSCAN,,0.10383420737639226,"[{'avg_silhouette': 0.7155521980200135, 'num_points': 12876}, {'avg_silhouette': 0.5335839648775561, 'num_points': 15}, {'avg_silhouette': 0.6803974777086276, 'num_points': 13}, {'avg_silhouette': 0.91877067726535, 'num_points': 27}, {'avg_silhouette': 0.6869859344259486, 'num_points': 639}, {'avg_silhouette': 0.950900213322775, 'num_points': 7}, {'avg_silhouette': 0.4149736637630243, 'num_points': 56}, {'avg_silhouette': 0.3649150085779356, 'num_points': 66}, {'avg_silhouette': 0.46170306352762214, 'num_points': 1145}, {'avg_silhouette': 0.9055444949535914, 'num_points': 8}, {'avg_silhouette': 0.639430548955714, 'num_points': 8}, {'avg_silhouette': 0.5174499893365077, 'num_points': 135}, {'avg_silhouette': 0.5577404555659816, 'num_points': 89}, {'avg_silhouette': 0.48826392897949866, 'num_points': 5}, {'avg_silhouette': 0.8612610999314878, 'num_points': 53}, {'avg_silhouette': 0.5291164214120616, 'num_points': 39}, {'avg_silhouette': 0.7629809535211283, 'num_points': 1528}, {'avg_silhouette': 0.5671745314269502, 'num_points': 20}, {'avg_silhouette': 0.8875453762998613, 'num_points': 316}, {'avg_silhouette': 0.8050847093295358, 'num_points': 10}, {'avg_silhouette': 0.4430591056865587, 'num_points': 9}, {'avg_silhouette': 0.7193989200536264, 'num_points': 18}, {'avg_silhouette': 0.3888130842159322, 'num_points': 101}, {'avg_silhouette': 0.44032478185912105, 'num_points': 121}, {'avg_silhouette': 0.598913272246302, 'num_points': 464}, {'avg_silhouette': 0.5766984430498724, 'num_points': 13}, {'avg_silhouette': 0.6687314704294836, 'num_points': 9}, {'avg_silhouette': 0.7579440753283635, 'num_points': 66}, {'avg_silhouette': 0.9276093053112036, 'num_points': 5}, {'avg_silhouette': 0.9496512092115005, 'num_points': 7}, {'avg_silhouette': 0.7643338604888317, 'num_points': 5}, {'avg_silhouette': 0.95809467237611, 'num_points': 7}, {'avg_silhouette': 0.663999063932132, 'num_points': 18}, {'avg_silhouette': 0.5198734873524745, 'num_points': 20}, {'avg_silhouette': 0.612512122367535, 'num_points': 91}, {'avg_silhouette': 0.2089894844184388, 'num_points': 20}, {'avg_silhouette': 0.7296914974531813, 'num_points': 21}, {'avg_silhouette': 0.5384806559022786, 'num_points': 72}, {'avg_silhouette': 0.5360014295308178, 'num_points': 311}, {'avg_silhouette': 0.6609201518970909, 'num_points': 239}, {'avg_silhouette': 0.653694407286233, 'num_points': 7}, {'avg_silhouette': 0.6026876432620556, 'num_points': 8}, {'avg_silhouette': 0.9548242795141658, 'num_points': 24}, {'avg_silhouette': 0.9707444090186649, 'num_points': 6}, {'avg_silhouette': 0.7797905095457655, 'num_points': 174}, {'avg_silhouette': 0.34958511606352066, 'num_points': 32}, {'avg_silhouette': 0.832239468319396, 'num_points': 12}, {'avg_silhouette': 0.7012040653872059, 'num_points': 28}, {'avg_silhouette': 0.746637910910996, 'num_points': 10}, {'avg_silhouette': 0.8729537402957087, 'num_points': 8}, {'avg_silhouette': 0.6020920369611786, 'num_points': 6}, {'avg_silhouette': 0.24939126079325447, 'num_points': 53}, {'avg_silhouette': 0.8779062359451212, 'num_points': 145}, {'avg_silhouette': 0.7343621318386279, 'num_points': 12}, {'avg_silhouette': 0.709303406396547, 'num_points': 13}, {'avg_silhouette': 0.7382401055363432, 'num_points': 5}, {'avg_silhouette': 0.9305503107375542, 'num_points': 14}, {'avg_silhouette': 0.9460159846432172, 'num_points': 9}, {'avg_silhouette': 0.522255117584469, 'num_points': 10}, {'avg_silhouette': 0.922693570981857, 'num_points': 95}, {'avg_silhouette': 1.0, 'num_points': 8}, {'avg_silhouette': 0.8955987035739004, 'num_points': 23}, {'avg_silhouette': 0.9750002623425648, 'num_points': 22}, {'avg_silhouette': 0.6670094045778713, 'num_points': 40}, {'avg_silhouette': 0.9379736490696151, 'num_points': 9}, {'avg_silhouette': 0.9507274672056999, 'num_points': 5}, {'avg_silhouette': 0.929017384009455, 'num_points': 5}, {'avg_silhouette': 0.951379408030838, 'num_points': 34}, {'avg_silhouette': 0.8226744903530981, 'num_points': 10}, {'avg_silhouette': 0.7129127462084895, 'num_points': 24}, {'avg_silhouette': 0.2823289578696466, 'num_points': 14}, {'avg_silhouette': 0.8354745126333246, 'num_points': 6}, {'avg_silhouette': 0.5167149833082759, 'num_points': 11}, {'avg_silhouette': 0.6564149976730932, 'num_points': 8}, {'avg_silhouette': 0.9228679385248794, 'num_points': 11}, {'avg_silhouette': 0.591438405858685, 'num_points': 5}, {'avg_silhouette': 0.5433623461026492, 'num_points': 8}, {'avg_silhouette': 0.6833596570979935, 'num_points': 6}, {'avg_silhouette': 0.24364462840756818, 'num_points': 8}, {'avg_silhouette': 0.8381366350526407, 'num_points': 9}, {'avg_silhouette': 0.8288726989783404, 'num_points': 14}, {'avg_silhouette': 0.6599553682506273, 'num_points': 10}, {'avg_silhouette': 0.5324559448166419, 'num_points': 6}, {'avg_silhouette': 0.8134401452120595, 'num_points': 10}, {'avg_silhouette': 0.5608428219405849, 'num_points': 7}, {'avg_silhouette': 0.5463329828629387, 'num_points': 9}, {'avg_silhouette': 0.430209867157917, 'num_points': 5}, {'avg_silhouette': 0.39551668137149626, 'num_points': 12}, {'avg_silhouette': 0.8609400405978366, 'num_points': 17}, {'avg_silhouette': 0.5430603421086941, 'num_points': 7}, {'avg_silhouette': 0.12763887101114124, 'num_points': 6}, {'avg_silhouette': 0.8747195614265567, 'num_points': 6}, {'avg_silhouette': 0.6013387512072599, 'num_points': 14}, {'avg_silhouette': 0.25687477624615496, 'num_points': 3}, {'avg_silhouette': 0.42647715960979826, 'num_points': 9}, {'avg_silhouette': 0.6739049926285275, 'num_points': 8}, {'avg_silhouette': 0.8425946480624027, 'num_points': 5}, {'avg_silhouette': 0.6523254195234126, 'num_points': 5}, {'avg_silhouette': 0.5619273508907174, 'num_points': 5}, {'avg_silhouette': 0.5738895479866118, 'num_points': 5}, {'avg_silhouette': 0.8152017488813362, 'num_points': 5}, {'avg_silhouette': 0.69510384090464, 'num_points': 5}]",5.0,102,0.5535074018967511,,3,0.6467454050229213
DBSCAN,,0.12383420737639228,"[{'avg_silhouette': 0.716203555123824, 'num_points': 12881}, {'avg_silhouette': 0.5250170705202841, 'num_points': 16}, {'avg_silhouette': 0.6534171678608766, 'num_points': 14}, {'avg_silhouette': 0.8903987100031325, 'num_points': 30}, {'avg_silhouette': 0.6863454916074379, 'num_points': 640}, {'avg_silhouette': 0.5026844910922977, 'num_points': 57}, {'avg_silhouette': 0.36006060489605896, 'num_points': 67}, {'avg_silhouette': 0.45875131768439736, 'num_points': 1154}, {'avg_silhouette': 0.503193358731202, 'num_points': 137}, {'avg_silhouette': 0.5483351980774241, 'num_points': 90}, {'avg_silhouette': 0.8595505522227239, 'num_points': 55}, {'avg_silhouette': 0.5140227699815316, 'num_points': 41}, {'avg_silhouette': 0.7867219734139638, 'num_points': 1529}, {'avg_silhouette': 0.5374903760511761, 'num_points': 22}, {'avg_silhouette': 0.9415664474891952, 'num_points': 320}, {'avg_silhouette': 0.7674569933361352, 'num_points': 15}, {'avg_silhouette': 0.7195113452754762, 'num_points': 18}, {'avg_silhouette': 0.37030765479393934, 'num_points': 105}, {'avg_silhouette': 0.8691016521524442, 'num_points': 121}, {'avg_silhouette': 0.6375352205088846, 'num_points': 467}, {'avg_silhouette': 0.7280556148359116, 'num_points': 13}, {'avg_silhouette': 0.8887923668813145, 'num_points': 69}, {'avg_silhouette': 0.6642548979553332, 'num_points': 18}, {'avg_silhouette': 0.5961140651252536, 'num_points': 93}, {'avg_silhouette': 0.6777605783649657, 'num_points': 23}, {'avg_silhouette': 0.5339972754555409, 'num_points': 73}, {'avg_silhouette': 0.5683613704998651, 'num_points': 312}, {'avg_silhouette': 0.6563029910161781, 'num_points': 240}, {'avg_silhouette': 0.5381070118068376, 'num_points': 19}, {'avg_silhouette': 0.9549534524593818, 'num_points': 24}, {'avg_silhouette': 0.7679349890836218, 'num_points': 176}, {'avg_silhouette': 0.7776123758493858, 'num_points': 24}, {'avg_silhouette': 0.35522833533541925, 'num_points': 33}, {'avg_silhouette': 0.8325654606281763, 'num_points': 12}, {'avg_silhouette': 0.6219484946138458, 'num_points': 34}, {'avg_silhouette': 0.761486498921364, 'num_points': 10}, {'avg_silhouette': 0.22020756572416647, 'num_points': 60}, {'avg_silhouette': 0.8750866626842039, 'num_points': 146}, {'avg_silhouette': 0.7829468605369702, 'num_points': 11}, {'avg_silhouette': 0.7707587589738142, 'num_points': 13}, {'avg_silhouette': 0.9047812149346822, 'num_points': 15}, {'avg_silhouette': 0.875695488488039, 'num_points': 98}, {'avg_silhouette': 0.8648450175320562, 'num_points': 24}, {'avg_silhouette': 0.9946485394144534, 'num_points': 22}, {'avg_silhouette': 0.844825353014957, 'num_points': 40}, {'avg_silhouette': 0.9519829789450672, 'num_points': 34}, {'avg_silhouette': 0.8227889892808466, 'num_points': 10}, {'avg_silhouette': 0.7943990689184769, 'num_points': 25}, {'avg_silhouette': 0.33315157803393614, 'num_points': 15}, {'avg_silhouette': 0.9233414034135332, 'num_points': 11}, {'avg_silhouette': 0.8299504750361252, 'num_points': 14}, {'avg_silhouette': 0.9156169477721571, 'num_points': 10}, {'avg_silhouette': 0.395231997729395, 'num_points': 12}, {'avg_silhouette': 0.9031825036063275, 'num_points': 18}, {'avg_silhouette': 0.5812714037136061, 'num_points': 15}, {'avg_silhouette': 0.7200210504973867, 'num_points': 21}, {'avg_silhouette': 0.9132170594573367, 'num_points': 10}, {'avg_silhouette': 0.9122084040923845, 'num_points': 10}]",10.0,58,0.552558532055222,,3,0.6538922820740617
AGGLC,ward,,"[{'avg_silhouette': -0.2543568965885538, 'num_points': 3613}, {'avg_silhouette': 0.3121562976971879, 'num_points': 2799}, {'avg_silhouette': 0.7825303908934891, 'num_points': 14282}, {'avg_silhouette': 0.6489337736148164, 'num_points': 1354}, {'avg_silhouette': 0.8427630906803556, 'num_points': 276}]",,5,0.5483825477120156,,4,0.3723158914042349
DBSCAN,,0.11383420737639227,"[{'avg_silhouette': 0.7155873883451699, 'num_points': 12876}, {'avg_silhouette': 0.5250170705202841, 'num_points': 16}, {'avg_silhouette': 0.709128054176546, 'num_points': 12}, {'avg_silhouette': 0.914502338052419, 'num_points': 28}, {'avg_silhouette': 0.685530261681975, 'num_points': 640}, {'avg_silhouette': 0.5196939985099727, 'num_points': 54}, {'avg_silhouette': 0.3684149931874421, 'num_points': 66}, {'avg_silhouette': 0.4626963473018935, 'num_points': 1147}, {'avg_silhouette': 0.5122469127516326, 'num_points': 132}, {'avg_silhouette': 0.5551432386980731, 'num_points': 89}, {'avg_silhouette': 0.8647982803459832, 'num_points': 54}, {'avg_silhouette': 0.5140227699815316, 'num_points': 41}, {'avg_silhouette': 0.7883498299101029, 'num_points': 1527}, {'avg_silhouette': 0.5671745314269502, 'num_points': 20}, {'avg_silhouette': 0.9501085925432614, 'num_points': 316}, {'avg_silhouette': 0.7195113452754762, 'num_points': 18}, {'avg_silhouette': 0.3758864483640166, 'num_points': 104}, {'avg_silhouette': 0.8691020189263375, 'num_points': 121}, {'avg_silhouette': 0.6403860987462481, 'num_points': 465}, {'avg_silhouette': 0.7280197578372566, 'num_points': 13}, {'avg_silhouette': 0.8984171786105365, 'num_points': 67}, {'avg_silhouette': 0.6642548979553332, 'num_points': 18}, {'avg_silhouette': 0.612512122367535, 'num_points': 91}, {'avg_silhouette': 0.7296914974531813, 'num_points': 21}, {'avg_silhouette': 0.5421379538902391, 'num_points': 72}, {'avg_silhouette': 0.5683613704998651, 'num_points': 312}, {'avg_silhouette': 0.6609201518970909, 'num_points': 239}, {'avg_silhouette': 0.6379451051548308, 'num_points': 14}, {'avg_silhouette': 0.9548242795141658, 'num_points': 24}, {'avg_silhouette': 0.7797905095457655, 'num_points': 174}, {'avg_silhouette': 0.5243330132825412, 'num_points': 23}, {'avg_silhouette': 0.832239468319396, 'num_points': 12}, {'avg_silhouette': 0.6219484946138458, 'num_points': 34}, {'avg_silhouette': 0.761486498921364, 'num_points': 10}, {'avg_silhouette': 0.1957644432424416, 'num_points': 54}, {'avg_silhouette': 0.8779056965271613, 'num_points': 145}, {'avg_silhouette': 0.7808067066326481, 'num_points': 11}, {'avg_silhouette': 0.7706316643065764, 'num_points': 13}, {'avg_silhouette': 0.9305719937524001, 'num_points': 14}, {'avg_silhouette': 0.9075751282190874, 'num_points': 96}, {'avg_silhouette': 0.8955987035739004, 'num_points': 23}, {'avg_silhouette': 0.9946483782308103, 'num_points': 22}, {'avg_silhouette': 0.8460649679800252, 'num_points': 40}, {'avg_silhouette': 0.9515567800530744, 'num_points': 34}, {'avg_silhouette': 0.8227227435876499, 'num_points': 10}, {'avg_silhouette': 0.7938966153009305, 'num_points': 25}, {'avg_silhouette': 0.9228679385248794, 'num_points': 11}, {'avg_silhouette': 0.829328768246867, 'num_points': 14}, {'avg_silhouette': 0.9229769866151998, 'num_points': 17}, {'avg_silhouette': 0.6013387512072599, 'num_points': 14}, {'avg_silhouette': 0.7258652679317114, 'num_points': 10}, {'avg_silhouette': 0.9132104182167948, 'num_points': 10}]",10.0,52,0.5464475242659181,,3,0.6555445218523888
DBSCAN,,0.10383420737639226,"[{'avg_silhouette': 0.7138540678762895, 'num_points': 12873}, {'avg_silhouette': 0.6203784581224175, 'num_points': 10}, {'avg_silhouette': 0.7300382531419285, 'num_points': 11}, {'avg_silhouette': 0.9323803324889539, 'num_points': 26}, {'avg_silhouette': 0.6876120859376615, 'num_points': 638}, {'avg_silhouette': 0.53718665719733, 'num_points': 50}, {'avg_silhouette': 0.39011063864764794, 'num_points': 63}, {'avg_silhouette': 0.4655027801045405, 'num_points': 1139}, {'avg_silhouette': 0.5271656291608404, 'num_points': 128}, {'avg_silhouette': 0.5647336309963162, 'num_points': 88}, {'avg_silhouette': 0.8838405485562344, 'num_points': 51}, {'avg_silhouette': 0.5232345014522328, 'num_points': 39}, {'avg_silhouette': 0.7894601040510656, 'num_points': 1526}, {'avg_silhouette': 0.9501062488084708, 'num_points': 316}, {'avg_silhouette': 0.3958832389205518, 'num_points': 99}, {'avg_silhouette': 0.8691025197519169, 'num_points': 121}, {'avg_silhouette': 0.6449568938982426, 'num_points': 463}, {'avg_silhouette': 0.7280036926591191, 'num_points': 13}, {'avg_silhouette': 0.903345230563825, 'num_points': 66}, {'avg_silhouette': 0.663999063932132, 'num_points': 18}, {'avg_silhouette': 0.612512122367535, 'num_points': 91}, {'avg_silhouette': 0.7296914974531813, 'num_points': 21}, {'avg_silhouette': 0.5419678786632337, 'num_points': 72}, {'avg_silhouette': 0.5702661108440565, 'num_points': 311}, {'avg_silhouette': 0.6641883882662277, 'num_points': 238}, {'avg_silhouette': 0.660506371200833, 'num_points': 13}, {'avg_silhouette': 0.9548242795141658, 'num_points': 24}, {'avg_silhouette': 0.7797905095457655, 'num_points': 174}, {'avg_silhouette': 0.5640747599833198, 'num_points': 20}, {'avg_silhouette': 0.5600813825412891, 'num_points': 21}, {'avg_silhouette': 0.8320339118212252, 'num_points': 12}, {'avg_silhouette': 0.7655131775841265, 'num_points': 28}, {'avg_silhouette': 0.746637910910996, 'num_points': 10}, {'avg_silhouette': 0.194594889969756, 'num_points': 49}, {'avg_silhouette': 0.8779037151650015, 'num_points': 145}, {'avg_silhouette': 0.7790039691522149, 'num_points': 11}, {'avg_silhouette': 0.9305503107375542, 'num_points': 14}, {'avg_silhouette': 0.922693570981857, 'num_points': 95}, {'avg_silhouette': 0.8955987035739004, 'num_points': 23}, {'avg_silhouette': 0.9946479324987735, 'num_points': 22}, {'avg_silhouette': 0.8460621324636322, 'num_points': 40}, {'avg_silhouette': 0.951379408030838, 'num_points': 34}, {'avg_silhouette': 0.8224788878343787, 'num_points': 10}, {'avg_silhouette': 0.9228679385248794, 'num_points': 11}, {'avg_silhouette': 0.8286467908004624, 'num_points': 14}, {'avg_silhouette': 0.7705612063583243, 'num_points': 13}, {'avg_silhouette': 0.8103401055373232, 'num_points': 23}, {'avg_silhouette': 0.9229769866151998, 'num_points': 17}, {'avg_silhouette': 0.6571362737483504, 'num_points': 12}, {'avg_silhouette': 0.7239686531526147, 'num_points': 10}, {'avg_silhouette': 0.7193677630426968, 'num_points': 18}]",10.0,51,0.5421400997665469,,3,0.6562723173439652
K-means,,,"[{'avg_silhouette': 0.6195830251886495, 'num_points': 17608}, {'avg_silhouette': -0.1889387310046594, 'num_points': 1702}, {'avg_silhouette': 0.43230378910256567, 'num_points': 2619}, {'avg_silhouette': 0.8071477450943435, 'num_points': 282}, {'avg_silhouette': 0.5078834419698705, 'num_points': 113}]",,5,0.5377734413219241,,3,0.2876493610955186
HDBSCAN,,,"[{'avg_silhouette': 0.7186702692806393, 'num_points': 801}, {'avg_silhouette': 0.6499616284588641, 'num_points': 1334}, {'avg_silhouette': 0.7676642786342331, 'num_points': 1804}, {'avg_silhouette': 0.6556582165781378, 'num_points': 453}, {'avg_silhouette': 0.444279929301858, 'num_points': 890}, {'avg_silhouette': 0.9999999947184798, 'num_points': 819}, {'avg_silhouette': 1.0, 'num_points': 1378}, {'avg_silhouette': 0.8342396413217362, 'num_points': 1503}, {'avg_silhouette': 0.9999999996128439, 'num_points': 7364}]",,9,0.5341433503867411,414.0,5,0.8503731096055354
AGGLC,ward,,"[{'avg_silhouette': 0.7394337814874927, 'num_points': 14558}, {'avg_silhouette': 0.32109902839357524, 'num_points': 2799}, {'avg_silhouette': -0.24497138670804702, 'num_points': 3613}, {'avg_silhouette': 0.6556276177555859, 'num_points': 1354}]",,4,0.5225797950919828,,4,0.36779726023215176
K-means,,,"[{'avg_silhouette': 0.42757911664532466, 'num_points': 432}, {'avg_silhouette': 0.6396649881467897, 'num_points': 10792}, {'avg_silhouette': 0.7910574877605705, 'num_points': 1738}, {'avg_silhouette': 0.42408785414613426, 'num_points': 1105}, {'avg_silhouette': 0.8287802588284239, 'num_points': 278}, {'avg_silhouette': 0.6732718739285081, 'num_points': 165}, {'avg_silhouette': 0.5151491148972397, 'num_points': 1512}, {'avg_silhouette': 0.03300944259263751, 'num_points': 402}, {'avg_silhouette': 0.3988604726259187, 'num_points': 492}, {'avg_silhouette': 0.34327777563451217, 'num_points': 261}, {'avg_silhouette': 0.49229667339458355, 'num_points': 106}, {'avg_silhouette': 0.2905405737246919, 'num_points': 212}, {'avg_silhouette': 0.5003515155006862, 'num_points': 112}, {'avg_silhouette': -0.11531857836329847, 'num_points': 145}, {'avg_silhouette': 0.7403212884514203, 'num_points': 378}, {'avg_silhouette': 0.09783664142141749, 'num_points': 95}, {'avg_silhouette': -0.2371547141938244, 'num_points': 407}, {'avg_silhouette': 0.07706408097480917, 'num_points': 354}, {'avg_silhouette': 0.2741645885458376, 'num_points': 2951}, {'avg_silhouette': -0.029758644805378945, 'num_points': 236}, {'avg_silhouette': -0.09400399808608789, 'num_points': 151}]",,21,0.5156686762926287,,4,0.5550090448376094
K-means,,,"[{'avg_silhouette': 0.5374191545496498, 'num_points': 17804}, {'avg_silhouette': 0.46374843890688694, 'num_points': 2595}, {'avg_silhouette': 0.37297408953979405, 'num_points': 1712}, {'avg_silhouette': 0.3182557035401544, 'num_points': 213}]",,4,0.5141532849270524,,3,0.45804722766544365
DBSCAN,,0.09383420737639225,"[{'avg_silhouette': 0.6603896165248377, 'num_points': 12808}, {'avg_silhouette': 0.5802022917804072, 'num_points': 12}, {'avg_silhouette': 0.7087042574941583, 'num_points': 12}, {'avg_silhouette': 0.9392176763935002, 'num_points': 25}, {'avg_silhouette': 0.6879270877700262, 'num_points': 638}, {'avg_silhouette': 0.9508966740929016, 'num_points': 7}, {'avg_silhouette': 0.5224990515623906, 'num_points': 54}, {'avg_silhouette': 0.7654028424122951, 'num_points': 42}, {'avg_silhouette': 0.4533383165060945, 'num_points': 1135}, {'avg_silhouette': 0.9055444949535914, 'num_points': 8}, {'avg_silhouette': 0.7181517605147434, 'num_points': 7}, {'avg_silhouette': 0.5095203458669072, 'num_points': 132}, {'avg_silhouette': 0.5652459084218976, 'num_points': 88}, {'avg_silhouette': 0.4379186612932754, 'num_points': 5}, {'avg_silhouette': 0.8612610999314878, 'num_points': 53}, {'avg_silhouette': 0.5235074230682971, 'num_points': 39}, {'avg_silhouette': 0.755104117740337, 'num_points': 1526}, {'avg_silhouette': 0.6598411539373428, 'num_points': 16}, {'avg_silhouette': 0.9263167808723278, 'num_points': 316}, {'avg_silhouette': 0.8366386396154954, 'num_points': 9}, {'avg_silhouette': 0.43195449929145624, 'num_points': 9}, {'avg_silhouette': 0.3566459411686544, 'num_points': 90}, {'avg_silhouette': 0.8408950769720985, 'num_points': 51}, {'avg_silhouette': 0.5618471900137965, 'num_points': 457}, {'avg_silhouette': 0.5714335411656397, 'num_points': 13}, {'avg_silhouette': 0.751783552280774, 'num_points': 6}, {'avg_silhouette': 0.8005586602464507, 'num_points': 62}, {'avg_silhouette': 0.9276093053112036, 'num_points': 5}, {'avg_silhouette': 0.9537407546415041, 'num_points': 7}, {'avg_silhouette': 0.9574302833606488, 'num_points': 7}, {'avg_silhouette': 0.6637616306767269, 'num_points': 18}, {'avg_silhouette': 0.612512122367535, 'num_points': 91}, {'avg_silhouette': 0.5813435506469987, 'num_points': 7}, {'avg_silhouette': 0.7296914974531813, 'num_points': 21}, {'avg_silhouette': 0.34791580672988937, 'num_points': 32}, {'avg_silhouette': 0.5720261099288859, 'num_points': 310}, {'avg_silhouette': 0.6609201518970909, 'num_points': 239}, {'avg_silhouette': 0.653694407286233, 'num_points': 7}, {'avg_silhouette': 0.5408756996280718, 'num_points': 12}, {'avg_silhouette': 0.648419694939378, 'num_points': 7}, {'avg_silhouette': 0.9920633201371498, 'num_points': 23}, {'avg_silhouette': 0.9707444090186649, 'num_points': 6}, {'avg_silhouette': 0.7201046489192947, 'num_points': 5}, {'avg_silhouette': 0.7850557347330056, 'num_points': 173}, {'avg_silhouette': 0.28878492912516446, 'num_points': 59}, {'avg_silhouette': 0.7977140009572663, 'num_points': 6}, {'avg_silhouette': 0.26383368059203216, 'num_points': 10}, {'avg_silhouette': 0.43531678695954196, 'num_points': 21}, {'avg_silhouette': 0.832239468319396, 'num_points': 12}, {'avg_silhouette': 0.7655131775841265, 'num_points': 28}, {'avg_silhouette': 0.746637910910996, 'num_points': 10}, {'avg_silhouette': 0.8729537402957087, 'num_points': 8}, {'avg_silhouette': 0.6020920369611786, 'num_points': 6}, {'avg_silhouette': 0.6164132418239512, 'num_points': 6}, {'avg_silhouette': -0.011564849450644923, 'num_points': 40}, {'avg_silhouette': 0.8843392685230224, 'num_points': 141}, {'avg_silhouette': 0.7332522412367632, 'num_points': 12}, {'avg_silhouette': 0.2874530939163035, 'num_points': 57}, {'avg_silhouette': 0.709303406396547, 'num_points': 13}, {'avg_silhouette': 0.7382401055363432, 'num_points': 5}, {'avg_silhouette': 0.9305503107375542, 'num_points': 14}, {'avg_silhouette': 0.9459989779995455, 'num_points': 9}, {'avg_silhouette': 0.6806258469637639, 'num_points': 7}, {'avg_silhouette': 0.922693570981857, 'num_points': 95}, {'avg_silhouette': 1.0, 'num_points': 8}, {'avg_silhouette': 0.8955987035739004, 'num_points': 23}, {'avg_silhouette': 0.9776594258956276, 'num_points': 40}, {'avg_silhouette': 0.9750002623425648, 'num_points': 22}, {'avg_silhouette': 0.6670094045778713, 'num_points': 40}, {'avg_silhouette': 0.9379736490696151, 'num_points': 9}, {'avg_silhouette': 0.9507274672056999, 'num_points': 5}, {'avg_silhouette': 0.5891774946288892, 'num_points': 21}, {'avg_silhouette': 0.929017384009455, 'num_points': 5}, {'avg_silhouette': 0.951379408030838, 'num_points': 34}, {'avg_silhouette': 0.8218596427910427, 'num_points': 10}, {'avg_silhouette': 0.7164430402793984, 'num_points': 23}, {'avg_silhouette': 0.45957539166386574, 'num_points': 10}, {'avg_silhouette': 0.57352006310028, 'num_points': 10}, {'avg_silhouette': 0.9385350189223847, 'num_points': 5}, {'avg_silhouette': 0.7329607572725059, 'num_points': 9}, {'avg_silhouette': 0.9228679385248794, 'num_points': 11}, {'avg_silhouette': 0.9518442836155192, 'num_points': 7}, {'avg_silhouette': 0.5286424174192241, 'num_points': 8}, {'avg_silhouette': 0.8774407910761681, 'num_points': 11}, {'avg_silhouette': 0.8196979041967817, 'num_points': 5}, {'avg_silhouette': 0.9023105272705327, 'num_points': 8}, {'avg_silhouette': 0.7777010166020698, 'num_points': 6}, {'avg_silhouette': 0.4237803103651133, 'num_points': 10}, {'avg_silhouette': 0.8609400405978366, 'num_points': 17}, {'avg_silhouette': 0.8747195614265567, 'num_points': 6}, {'avg_silhouette': 0.6541664454756188, 'num_points': 12}, {'avg_silhouette': 0.8308593512114871, 'num_points': 6}, {'avg_silhouette': 0.6961155349335855, 'num_points': 5}, {'avg_silhouette': 0.6832754965708636, 'num_points': 6}, {'avg_silhouette': 0.677438470541011, 'num_points': 5}, {'avg_silhouette': 0.7581977846263643, 'num_points': 16}, {'avg_silhouette': 0.7480736186958057, 'num_points': 5}, {'avg_silhouette': 0.6706603413472808, 'num_points': 6}, {'avg_silhouette': 0.414928517179174, 'num_points': 5}, {'avg_silhouette': 0.5548725389147554, 'num_points': 6}]",5.0,100,0.5121527540802181,,3,0.6229440169237564
AGGLC,ward,,"[{'avg_silhouette': -0.2178479749520455, 'num_points': 4967}, {'avg_silhouette': 0.32821343987588525, 'num_points': 2799}, {'avg_silhouette': 0.7847411243655125, 'num_points': 14558}]",,3,0.5044293054622345,,3,0.2983688630964507
DBSCAN,,0.09383420737639225,"[{'avg_silhouette': 0.6490560985075419, 'num_points': 12807}, {'avg_silhouette': 0.9422352027308268, 'num_points': 25}, {'avg_silhouette': 0.6894124621174521, 'num_points': 636}, {'avg_silhouette': 0.6482116364928532, 'num_points': 33}, {'avg_silhouette': 0.7681038777279231, 'num_points': 42}, {'avg_silhouette': 0.4602957105192765, 'num_points': 1129}, {'avg_silhouette': 0.5506403185300659, 'num_points': 122}, {'avg_silhouette': 0.5770529845711466, 'num_points': 86}, {'avg_silhouette': 0.8917368816204045, 'num_points': 50}, {'avg_silhouette': 0.890457651475953, 'num_points': 38}, {'avg_silhouette': 0.7766484306762246, 'num_points': 1521}, {'avg_silhouette': 0.9500879081127398, 'num_points': 316}, {'avg_silhouette': 0.4505702805722596, 'num_points': 88}, {'avg_silhouette': 0.914126457635603, 'num_points': 51}, {'avg_silhouette': 0.6657320459581386, 'num_points': 454}, {'avg_silhouette': 0.9220786022473224, 'num_points': 62}, {'avg_silhouette': 0.6863265175284661, 'num_points': 17}, {'avg_silhouette': 0.612512122367535, 'num_points': 91}, {'avg_silhouette': 0.7296914974531813, 'num_points': 21}, {'avg_silhouette': 0.5707678734159906, 'num_points': 310}, {'avg_silhouette': 0.6728723744506592, 'num_points': 235}, {'avg_silhouette': 0.6806141132436695, 'num_points': 12}, {'avg_silhouette': 0.9920633201371498, 'num_points': 23}, {'avg_silhouette': 0.7850557347330056, 'num_points': 173}, {'avg_silhouette': 0.3376983691967257, 'num_points': 59}, {'avg_silhouette': 0.6576642341084479, 'num_points': 16}, {'avg_silhouette': 0.8361837530894309, 'num_points': 10}, {'avg_silhouette': 0.521023351654516, 'num_points': 20}, {'avg_silhouette': 0.8314362836788719, 'num_points': 12}, {'avg_silhouette': 0.7655131775841265, 'num_points': 28}, {'avg_silhouette': 0.746637910910996, 'num_points': 10}, {'avg_silhouette': 0.8991623931416938, 'num_points': 132}, {'avg_silhouette': 0.7702801648830566, 'num_points': 11}, {'avg_silhouette': 0.9305503107375542, 'num_points': 14}, {'avg_silhouette': 0.3899921469469216, 'num_points': 45}, {'avg_silhouette': 0.922693570981857, 'num_points': 95}, {'avg_silhouette': 0.8955987035739004, 'num_points': 23}, {'avg_silhouette': 0.9765956646386609, 'num_points': 40}, {'avg_silhouette': 0.9946470211035866, 'num_points': 22}, {'avg_silhouette': 0.8446864448878315, 'num_points': 40}, {'avg_silhouette': 0.7243069033895893, 'num_points': 17}, {'avg_silhouette': 0.951379408030838, 'num_points': 34}, {'avg_silhouette': 0.8213452249010007, 'num_points': 10}, {'avg_silhouette': 0.3754469977856728, 'num_points': 27}, {'avg_silhouette': 0.9228679385248794, 'num_points': 11}, {'avg_silhouette': 0.25030902953453726, 'num_points': 15}, {'avg_silhouette': 0.5016314114868261, 'num_points': 9}, {'avg_silhouette': 0.4389658236249286, 'num_points': 14}, {'avg_silhouette': 0.7701813328143579, 'num_points': 13}, {'avg_silhouette': 0.8459674135234794, 'num_points': 17}, {'avg_silhouette': 0.9229769866151998, 'num_points': 17}, {'avg_silhouette': 0.8734137257530775, 'num_points': 11}, {'avg_silhouette': 0.7580702514507414, 'num_points': 16}, {'avg_silhouette': 0.6923212026385899, 'num_points': 11}]",10.0,54,0.4942107508255697,,3,0.628666746567681
HDBSCAN,,,"[{'avg_silhouette': 0.7259245697004564, 'num_points': 799}, {'avg_silhouette': 0.6526228494240167, 'num_points': 1333}, {'avg_silhouette': 0.7765916449196463, 'num_points': 1792}, {'avg_silhouette': 0.48584890271047093, 'num_points': 537}, {'avg_silhouette': 0.9999999947184798, 'num_points': 819}, {'avg_silhouette': 1.0, 'num_points': 1378}, {'avg_silhouette': 0.8342396413217362, 'num_points': 1503}, {'avg_silhouette': 0.9999999996128439, 'num_points': 7364}]",,8,0.4925133648382087,478.0,5,0.8526908270556486
K-means,,,"[{'avg_silhouette': 0.4969283980057331, 'num_points': 21410}, {'avg_silhouette': 0.2492464826034817, 'num_points': 701}, {'avg_silhouette': 0.33586428394007695, 'num_points': 213}]",,3,0.4876141317903164,,1,
DBSCAN,,0.5238342073763926,"[{'avg_silhouette': 0.4899735012571539, 'num_points': 20850}, {'avg_silhouette': 0.4939585622273485, 'num_points': 152}, {'avg_silhouette': 0.7632870217434194, 'num_points': 18}, {'avg_silhouette': 0.6046496625977617, 'num_points': 98}, {'avg_silhouette': 0.8154700818623744, 'num_points': 144}, {'avg_silhouette': 0.8767866098425302, 'num_points': 269}, {'avg_silhouette': 0.6708793354667046, 'num_points': 28}, {'avg_silhouette': 0.6580135810679868, 'num_points': 52}, {'avg_silhouette': 0.7156513917271795, 'num_points': 12}, {'avg_silhouette': 0.5018129423157821, 'num_points': 15}]",10.0,10,0.4745068979324707,,1,
DBSCAN,,0.5238342073763926,"[{'avg_silhouette': 0.4861149449838989, 'num_points': 20884}, {'avg_silhouette': 0.4561184099546112, 'num_points': 158}, {'avg_silhouette': 0.7538593963780931, 'num_points': 18}, {'avg_silhouette': 0.6049340496605807, 'num_points': 98}, {'avg_silhouette': 0.8991123608659537, 'num_points': 5}, {'avg_silhouette': 0.8155531576551382, 'num_points': 144}, {'avg_silhouette': 0.8768444254707659, 'num_points': 269}, {'avg_silhouette': 0.6711368961210854, 'num_points': 28}, {'avg_silhouette': 0.4838441648305465, 'num_points': 16}, {'avg_silhouette': 0.6478845282483162, 'num_points': 53}, {'avg_silhouette': 0.7156952381864232, 'num_points': 12}, {'avg_silhouette': 0.5656376778941707, 'num_points': 9}, {'avg_silhouette': 0.5617905447294519, 'num_points': 6}, {'avg_silhouette': 0.7550253556973682, 'num_points': 8}]",5.0,14,0.47305040501682255,,1,
K-means,,,"[{'avg_silhouette': 0.47305357486183963, 'num_points': 19700}, {'avg_silhouette': 0.46349337364435633, 'num_points': 2624}]",,2,0.47192985294844264,,2,0.46827347425309795
HDBSCAN,,,"[{'avg_silhouette': 0.7318560448052196, 'num_points': 796}, {'avg_silhouette': 0.7841353831925238, 'num_points': 1786}, {'avg_silhouette': 0.6617020017833299, 'num_points': 1331}, {'avg_silhouette': 0.9999999947184798, 'num_points': 819}, {'avg_silhouette': 1.0, 'num_points': 1378}, {'avg_silhouette': 0.8342396413217362, 'num_points': 1503}, {'avg_silhouette': 0.9999999996128439, 'num_points': 7364}]",,7,0.47149323377038965,660.0,5,0.8560154051820869
HDBSCAN,,,"[{'avg_silhouette': 0.7847794234339301, 'num_points': 1785}, {'avg_silhouette': 0.7344559525602474, 'num_points': 794}, {'avg_silhouette': 0.6617020017833299, 'num_points': 1331}, {'avg_silhouette': 0.9999999947184798, 'num_points': 819}, {'avg_silhouette': 1.0, 'num_points': 1378}, {'avg_silhouette': 0.8342396413217362, 'num_points': 1503}, {'avg_silhouette': 0.9999999996128439, 'num_points': 7364}]",,7,0.4714715045720847,717.0,5,0.856144213230368
HDBSCAN,,,"[{'avg_silhouette': 0.7415416879126181, 'num_points': 788}, {'avg_silhouette': 0.6623652060138789, 'num_points': 1330}, {'avg_silhouette': 0.7867136926098948, 'num_points': 1782}, {'avg_silhouette': 0.9999999947184798, 'num_points': 819}, {'avg_silhouette': 1.0, 'num_points': 1378}, {'avg_silhouette': 0.8342396413217362, 'num_points': 1503}, {'avg_silhouette': 0.9999999996128439, 'num_points': 7364}]",,7,0.4713576049243261,773.0,5,0.8566637079116708
DBSCAN,,0.5138342073763926,"[{'avg_silhouette': 0.4858693179220006, 'num_points': 20753}, {'avg_silhouette': 0.49880055645901167, 'num_points': 110}, {'avg_silhouette': 0.7630476077521453, 'num_points': 18}, {'avg_silhouette': 0.7698230203332816, 'num_points': 53}, {'avg_silhouette': 0.6086683599231326, 'num_points': 97}, {'avg_silhouette': 0.8152906656617469, 'num_points': 144}, {'avg_silhouette': 0.8766464152223173, 'num_points': 269}, {'avg_silhouette': 0.47996025981734824, 'num_points': 6}, {'avg_silhouette': 0.6577025615629443, 'num_points': 52}, {'avg_silhouette': 0.7131649620206449, 'num_points': 12}, {'avg_silhouette': 0.5013281201646066, 'num_points': 15}, {'avg_silhouette': 0.7456320555164251, 'num_points': 26}, {'avg_silhouette': 0.3658731122232769, 'num_points': 37}]",10.0,13,0.4689768863300318,,1,
HDBSCAN,,,"[{'avg_silhouette': 0.7841597380266233, 'num_points': 1786}, {'avg_silhouette': 0.6610365006759077, 'num_points': 1332}, {'avg_silhouette': 0.731909902093374, 'num_points': 796}, {'avg_silhouette': 0.9999999947184798, 'num_points': 819}, {'avg_silhouette': 1.0, 'num_points': 1378}, {'avg_silhouette': 0.9411082468430481, 'num_points': 1369}, {'avg_silhouette': 0.9999999995810399, 'num_points': 7364}]",,7,0.4682350957953299,601.0,5,0.8772608970253237
HDBSCAN,,,"[{'avg_silhouette': 0.6610395018064332, 'num_points': 1332}, {'avg_silhouette': 0.7841605024392816, 'num_points': 1786}, {'avg_silhouette': 0.7276892303853585, 'num_points': 799}, {'avg_silhouette': 0.9963503705500238, 'num_points': 821}, {'avg_silhouette': 1.0, 'num_points': 1378}, {'avg_silhouette': 0.9449937137172975, 'num_points': 1365}, {'avg_silhouette': 0.9999999995799058, 'num_points': 7364}]",,7,0.46821073634958926,540.0,5,0.8780387435085835
AGGLC,ward,,"[{'avg_silhouette': 0.47339357858436715, 'num_points': 19525}, {'avg_silhouette': 0.38906646112261095, 'num_points': 2799}]",,2,0.46282058083416766,,2,0.4312300198534891
DBSCAN,,0.5138342073763926,"[{'avg_silhouette': 0.47029671858343036, 'num_points': 20783}, {'avg_silhouette': 0.4735325761930152, 'num_points': 114}, {'avg_silhouette': 0.7538593963780931, 'num_points': 18}, {'avg_silhouette': 0.7411815701958601, 'num_points': 53}, {'avg_silhouette': 0.608689972517717, 'num_points': 97}, {'avg_silhouette': 0.4151719541482266, 'num_points': 8}, {'avg_silhouette': 0.8892308435059008, 'num_points': 5}, {'avg_silhouette': 0.8153721787967643, 'num_points': 144}, {'avg_silhouette': 0.8766901610973161, 'num_points': 269}, {'avg_silhouette': 0.4358992152750191, 'num_points': 16}, {'avg_silhouette': 0.7502065589460043, 'num_points': 5}, {'avg_silhouette': 0.6474933861035461, 'num_points': 53}, {'avg_silhouette': 0.7132055059274848, 'num_points': 12}, {'avg_silhouette': 0.7458053834686562, 'num_points': 26}, {'avg_silhouette': 0.3416558087607739, 'num_points': 40}, {'avg_silhouette': 0.5652414710679655, 'num_points': 9}, {'avg_silhouette': 0.7550253556973682, 'num_points': 8}]",5.0,17,0.4566461771027944,,1,
DBSCAN,,0.5038342073763926,"[{'avg_silhouette': 0.4608183949595692, 'num_points': 20128}, {'avg_silhouette': 0.5609620253622852, 'num_points': 103}, {'avg_silhouette': 0.7539747269133844, 'num_points': 39}, {'avg_silhouette': 0.7924736348149038, 'num_points': 17}, {'avg_silhouette': 0.723828545443361, 'num_points': 51}, {'avg_silhouette': 0.6789008874313799, 'num_points': 10}, {'avg_silhouette': 0.5803370822027978, 'num_points': 55}, {'avg_silhouette': 0.6390161567370408, 'num_points': 88}, {'avg_silhouette': 0.8327859609495393, 'num_points': 140}, {'avg_silhouette': 0.5550148876222193, 'num_points': 13}, {'avg_silhouette': 0.8849895966913685, 'num_points': 266}, {'avg_silhouette': 0.573020810792517, 'num_points': 13}, {'avg_silhouette': 0.6011140135715507, 'num_points': 342}, {'avg_silhouette': 0.8165319141028493, 'num_points': 16}, {'avg_silhouette': 0.7176692700929339, 'num_points': 40}, {'avg_silhouette': 0.47787676003840557, 'num_points': 14}, {'avg_silhouette': 0.7448566976348665, 'num_points': 36}, {'avg_silhouette': 0.4976918966654935, 'num_points': 15}, {'avg_silhouette': 0.7751091060131524, 'num_points': 25}, {'avg_silhouette': 0.6828950080421109, 'num_points': 23}, {'avg_silhouette': 0.4041141781650344, 'num_points': 11}]",10.0,21,0.44338154920654815,,1,
DBSCAN,,0.5038342073763926,"[{'avg_silhouette': 0.4467555922079113, 'num_points': 20164}, {'avg_silhouette': 0.42688779750164507, 'num_points': 106}, {'avg_silhouette': 0.7016770905833675, 'num_points': 39}, {'avg_silhouette': 0.7856485607933996, 'num_points': 17}, {'avg_silhouette': 0.7282369164851596, 'num_points': 51}, {'avg_silhouette': 0.6789008874313799, 'num_points': 10}, {'avg_silhouette': 0.5654091365580995, 'num_points': 56}, {'avg_silhouette': 0.3750785194351167, 'num_points': 88}, {'avg_silhouette': 0.4145857603288041, 'num_points': 8}, {'avg_silhouette': 0.8892308435059008, 'num_points': 5}, {'avg_silhouette': 0.8328642287465814, 'num_points': 140}, {'avg_silhouette': 0.5001672989662089, 'num_points': 14}, {'avg_silhouette': 0.8586277253501889, 'num_points': 6}, {'avg_silhouette': 0.5545816877541416, 'num_points': 13}, {'avg_silhouette': 0.6051282018878285, 'num_points': 9}, {'avg_silhouette': 0.8850447931351155, 'num_points': 266}, {'avg_silhouette': 0.5924212835575121, 'num_points': 342}, {'avg_silhouette': 0.4901344118031062, 'num_points': 7}, {'avg_silhouette': 0.43563424901980713, 'num_points': 16}, {'avg_silhouette': 0.6062746222952922, 'num_points': 19}, {'avg_silhouette': 1.0, 'num_points': 8}, {'avg_silhouette': 0.7176692700929339, 'num_points': 40}, {'avg_silhouette': 0.7057966479083795, 'num_points': 5}, {'avg_silhouette': 0.47787676003840557, 'num_points': 14}, {'avg_silhouette': 0.7448566976348665, 'num_points': 36}, {'avg_silhouette': 0.40144397045815844, 'num_points': 12}, {'avg_silhouette': 0.775292266822037, 'num_points': 25}, {'avg_silhouette': 0.6100214138907135, 'num_points': 23}, {'avg_silhouette': 0.6789350653395513, 'num_points': 6}, {'avg_silhouette': 0.4379159242608266, 'num_points': 12}, {'avg_silhouette': 0.7538348262493244, 'num_points': 8}, {'avg_silhouette': 0.4649461028904801, 'num_points': 7}, {'avg_silhouette': 0.3498020420130979, 'num_points': 7}]",5.0,33,0.4337613468745597,,1,
HDBSCAN,,,"[{'avg_silhouette': 0.6631409635924037, 'num_points': 1329}, {'avg_silhouette': 0.7880174919424853, 'num_points': 1780}, {'avg_silhouette': 0.8437551454641555, 'num_points': 2307}, {'avg_silhouette': 0.9178463004825701, 'num_points': 1394}, {'avg_silhouette': 0.9999999995878508, 'num_points': 7364}]",,5,0.4291130216563266,879.0,5,0.8425519802138931
HDBSCAN,,,"[{'avg_silhouette': 0.7880193551607498, 'num_points': 1780}, {'avg_silhouette': 0.6625446378343922, 'num_points': 1330}, {'avg_silhouette': 0.8437490235071985, 'num_points': 2307}, {'avg_silhouette': 0.9269439685767721, 'num_points': 1384}, {'avg_silhouette': 0.9999999995851829, 'num_points': 7364}]",,5,0.42892858860540767,827.0,5,0.8442513969328591
HDBSCAN,,,"[{'avg_silhouette': 0.6631595241514551, 'num_points': 1329}, {'avg_silhouette': 0.7880217818639288, 'num_points': 1780}, {'avg_silhouette': 0.8443568453404123, 'num_points': 2306}, {'avg_silhouette': 0.9391828628587394, 'num_points': 1371}, {'avg_silhouette': 0.9999999995816027, 'num_points': 7364}]",,5,0.4286557123017618,930.0,5,0.8469442027592275
HDBSCAN,,,"[{'avg_silhouette': 0.6638062463243669, 'num_points': 1328}, {'avg_silhouette': 0.788022356787975, 'num_points': 1780}, {'avg_silhouette': 0.8443548965005735, 'num_points': 2306}, {'avg_silhouette': 0.9420752618067081, 'num_points': 1368}, {'avg_silhouette': 0.9999999995807575, 'num_points': 7364}]",,5,0.4285855343945143,979.0,5,0.8476517522000762
HDBSCAN,,,"[{'avg_silhouette': 0.6650218947917151, 'num_points': 1326}, {'avg_silhouette': 0.7880221648677989, 'num_points': 1780}, {'avg_silhouette': 0.8443555471517968, 'num_points': 2306}, {'avg_silhouette': 0.941108246843048, 'num_points': 1369}, {'avg_silhouette': 0.9999999995810399, 'num_points': 7364}]",,5,0.4285688013420487,1158.0,5,0.8477015706470798
HDBSCAN,,,"[{'avg_silhouette': 0.7880221648677989, 'num_points': 1780}, {'avg_silhouette': 0.665693649385297, 'num_points': 1325}, {'avg_silhouette': 0.8443555471517968, 'num_points': 2306}, {'avg_silhouette': 0.941108246843048, 'num_points': 1369}, {'avg_silhouette': 0.9999999995810399, 'num_points': 7364}]",,5,0.42855566419506674,1199.0,5,0.8478359215657962
HDBSCAN,,,"[{'avg_silhouette': 0.6668380554808274, 'num_points': 1323}, {'avg_silhouette': 0.7880221648677989, 'num_points': 1780}, {'avg_silhouette': 0.8443555471517968, 'num_points': 2306}, {'avg_silhouette': 0.941108246843048, 'num_points': 1369}, {'avg_silhouette': 0.9999999995810399, 'num_points': 7364}]",,5,0.4285154706091984,1238.0,5,0.8480648027849021
HDBSCAN,,,"[{'avg_silhouette': 0.6691424116020239, 'num_points': 1319}, {'avg_silhouette': 0.7880221648677989, 'num_points': 1780}, {'avg_silhouette': 0.8443555471517968, 'num_points': 2306}, {'avg_silhouette': 0.941108246843048, 'num_points': 1369}, {'avg_silhouette': 0.9999999995810399, 'num_points': 7364}]",,5,0.42843269328823325,1275.0,5,0.8485256740091416
HDBSCAN,,,"[{'avg_silhouette': 0.6638398743577555, 'num_points': 1328}, {'avg_silhouette': 0.7880302696055566, 'num_points': 1780}, {'avg_silhouette': 0.8443279893598659, 'num_points': 2306}, {'avg_silhouette': 0.9832359746947674, 'num_points': 1328}, {'avg_silhouette': 0.9999999995687731, 'num_points': 7364}]",,5,0.42793139106106587,1116.0,5,0.8558868215173436
HDBSCAN,,,"[{'avg_silhouette': 0.7880333606790528, 'num_points': 1780}, {'avg_silhouette': 0.6638530100169747, 'num_points': 1328}, {'avg_silhouette': 0.8443174353723898, 'num_points': 2306}, {'avg_silhouette': 0.9999999975745061, 'num_points': 1313}, {'avg_silhouette': 0.9999999995639025, 'num_points': 7364}]",,5,0.427727438472308,1072.0,5,0.8592407606413651
HDBSCAN,,,"[{'avg_silhouette': 0.6638530100169747, 'num_points': 1328}, {'avg_silhouette': 0.7880333606790528, 'num_points': 1780}, {'avg_silhouette': 0.8443174353723898, 'num_points': 2306}, {'avg_silhouette': 0.9999999975745061, 'num_points': 1313}, {'avg_silhouette': 0.9999999995639025, 'num_points': 7364}]",,5,0.427727438472308,1026.0,5,0.8592407606413651
HDBSCAN,,,"[{'avg_silhouette': 0.7880147105574917, 'num_points': 1780}, {'avg_silhouette': 0.8443807469405178, 'num_points': 2306}, {'avg_silhouette': 0.9046954620922957, 'num_points': 1409}, {'avg_silhouette': 0.9999999995917199, 'num_points': 7364}]",,4,0.3788514038042773,1311.0,4,0.8842727297955063
HDBSCAN,,,"[{'avg_silhouette': 0.7883479418239587, 'num_points': 1780}, {'avg_silhouette': 0.8903444986147759, 'num_points': 9134}, {'avg_silhouette': 0.8484904547103885, 'num_points': 2306}]",,3,0.37027449475874413,1536.0,3,0.842394298383041
HDBSCAN,,,"[{'avg_silhouette': 0.7883479418239587, 'num_points': 1780}, {'avg_silhouette': 0.8903444986147759, 'num_points': 9134}, {'avg_silhouette': 0.8484904547103885, 'num_points': 2306}]",,3,0.37027449475874413,1490.0,3,0.842394298383041
HDBSCAN,,,"[{'avg_silhouette': 0.7883478883457083, 'num_points': 1780}, {'avg_silhouette': 0.8904835909282038, 'num_points': 9133}, {'avg_silhouette': 0.8484749471683973, 'num_points': 2306}]",,3,0.3702583247357203,1514.0,3,0.8424354754807699
HDBSCAN,,,"[{'avg_silhouette': 0.7883478348552352, 'num_points': 1780}, {'avg_silhouette': 0.8906227468036637, 'num_points': 9132}, {'avg_silhouette': 0.8484594330336123, 'num_points': 2306}]",,3,0.37024216908677154,1593.0,3,0.8424766715641704
HDBSCAN,,,"[{'avg_silhouette': 0.7883478348552352, 'num_points': 1780}, {'avg_silhouette': 0.8906227468036637, 'num_points': 9132}, {'avg_silhouette': 0.8484594330336123, 'num_points': 2306}]",,3,0.37024216908677154,1345.0,3,0.8424766715641704
HDBSCAN,,,"[{'avg_silhouette': 0.7888565007283795, 'num_points': 1779}, {'avg_silhouette': 0.8906227468036637, 'num_points': 9132}, {'avg_silhouette': 0.8484594330336123, 'num_points': 2306}]",,3,0.3702193195763111,1646.0,3,0.8426462268552185
HDBSCAN,,,"[{'avg_silhouette': 0.7883476743104382, 'num_points': 1780}, {'avg_silhouette': 0.8910405961199336, 'num_points': 9129}, {'avg_silhouette': 0.8484128510303734, 'num_points': 2306}]",,3,0.3701937884352312,1635.0,3,0.8426003738202484
HDBSCAN,,,"[{'avg_silhouette': 0.7883476743104382, 'num_points': 1780}, {'avg_silhouette': 0.8910405961199336, 'num_points': 9129}, {'avg_silhouette': 0.8484128510303734, 'num_points': 2306}]",,3,0.3701937884352312,1623.0,3,0.8426003738202484
HDBSCAN,,,"[{'avg_silhouette': 0.7883476743104382, 'num_points': 1780}, {'avg_silhouette': 0.8910405961199336, 'num_points': 9129}, {'avg_silhouette': 0.8484128510303734, 'num_points': 2306}]",,3,0.3701937884352312,1408.0,3,0.8426003738202484
HDBSCAN,,,"[{'avg_silhouette': 0.7883476743104382, 'num_points': 1780}, {'avg_silhouette': 0.8910405961199336, 'num_points': 9129}, {'avg_silhouette': 0.8484128510303734, 'num_points': 2306}]",,3,0.3701937884352312,1377.0,3,0.8426003738202484
HDBSCAN,,,"[{'avg_silhouette': 0.7883476207710325, 'num_points': 1780}, {'avg_silhouette': 0.8911800065613138, 'num_points': 9128}, {'avg_silhouette': 0.8483973104822745, 'num_points': 2306}]",,3,0.3701776903334477,1609.0,3,0.8426416459382069
HDBSCAN,,,"[{'avg_silhouette': 0.7883476207710325, 'num_points': 1780}, {'avg_silhouette': 0.8911800065613138, 'num_points': 9128}, {'avg_silhouette': 0.8483973104822745, 'num_points': 2306}]",,3,0.3701776903334477,1464.0,3,0.8426416459382069
HDBSCAN,,,"[{'avg_silhouette': 0.7883476207710325, 'num_points': 1780}, {'avg_silhouette': 0.8911800065613138, 'num_points': 9128}, {'avg_silhouette': 0.8483973104822745, 'num_points': 2306}]",,3,0.3701776903334477,1437.0,3,0.8426416459382069
HDBSCAN,,,"[{'avg_silhouette': 0.7883475672193833, 'num_points': 1780}, {'avg_silhouette': 0.8913194807237158, 'num_points': 9127}, {'avg_silhouette': 0.8483817633202945, 'num_points': 2306}]",,3,0.3701616066311813,1576.0,3,0.8426829370877978
HDBSCAN,,,"[{'avg_silhouette': 0.7883475672193833, 'num_points': 1780}, {'avg_silhouette': 0.8913194807237158, 'num_points': 9127}, {'avg_silhouette': 0.8483817633202945, 'num_points': 2306}]",,3,0.3701616066311813,1557.0,3,0.8426829370877978
HDBSCAN,,,"[{'avg_silhouette': 0.7896700598643343, 'num_points': 1777}, {'avg_silhouette': 0.8904835909282038, 'num_points': 9133}, {'avg_silhouette': 0.8484749471683973, 'num_points': 2306}]",,3,0.3701572570989873,1655.0,3,0.8428761993203118
HDBSCAN,,,"[{'avg_silhouette': 0.7907001754019216, 'num_points': 1775}, {'avg_silhouette': 0.8909012493677395, 'num_points': 9130}, {'avg_silhouette': 0.8484283849688162, 'num_points': 2306}]",,3,0.3700651823174748,1668.0,3,0.8433432699128258
HDBSCAN,,,"[{'avg_silhouette': 0.790700123055188, 'num_points': 1775}, {'avg_silhouette': 0.8910405961199336, 'num_points': 9129}, {'avg_silhouette': 0.8484128510303734, 'num_points': 2306}]",,3,0.37004906718005587,1662.0,3,0.8433845234018317
HDBSCAN,,,"[{'avg_silhouette': 0.791183478196039, 'num_points': 1774}, {'avg_silhouette': 0.8909012493677395, 'num_points': 9130}, {'avg_silhouette': 0.8484283849688162, 'num_points': 2306}]",,3,0.370040167241968,1674.0,3,0.8435043708441983
HDBSCAN,,,"[{'avg_silhouette': 0.791183478196039, 'num_points': 1774}, {'avg_silhouette': 0.8909012493677395, 'num_points': 9130}, {'avg_silhouette': 0.8484283849688162, 'num_points': 2306}]",,3,0.370040167241968,1672.0,3,0.8435043708441983
