algo,linkage,eps,clusters,min_samples,num_clusters,silhouette_score,min_cluster_size,num_representative_clusters,silhouette_score_representative_clusters
AGGLC,ward,,"[{'avg_silhouette': 0.05852965762234405, 'num_points': 27}, {'avg_silhouette': 0.6404849352113676, 'num_points': 208}]",,2,0.5736219884245436,,2,0.34950729641685585
K-means,,,"[{'avg_silhouette': 0.6464455889237067, 'num_points': 204}, {'avg_silhouette': 0.032893057120422925, 'num_points': 31}]",,2,0.5655088719624225,,2,0.3396693230220648
AGGLC,ward,,"[{'avg_silhouette': 0.6043368225344776, 'num_points': 208}, {'avg_silhouette': 0.13877840197529182, 'num_points': 13}, {'avg_silhouette': 0.11749017959819175, 'num_points': 14}]",,3,0.549578897137127,,3,0.28686846803598703
AGGLC,ward,,"[{'avg_silhouette': -0.033617552274872134, 'num_points': 2}, {'avg_silhouette': 0.3533032637021521, 'num_points': 10}, {'avg_silhouette': 0.09766366264779418, 'num_points': 2}, {'avg_silhouette': -0.049806900593415256, 'num_points': 3}, {'avg_silhouette': -0.25842671027347547, 'num_points': 2}, {'avg_silhouette': 0.5293152954508521, 'num_points': 52}, {'avg_silhouette': -0.07671653727525744, 'num_points': 2}, {'avg_silhouette': 0.1491580494344551, 'num_points': 2}, {'avg_silhouette': 0.17630684975534086, 'num_points': 2}, {'avg_silhouette': 0.7020754466346567, 'num_points': 67}, {'avg_silhouette': 0.3772181940118965, 'num_points': 5}, {'avg_silhouette': 0.26264271525571364, 'num_points': 3}, {'avg_silhouette': 0.31826134234409914, 'num_points': 18}, {'avg_silhouette': 1.0, 'num_points': 2}, {'avg_silhouette': 0.9354436919302702, 'num_points': 4}, {'avg_silhouette': 0.0, 'num_points': 1}, {'avg_silhouette': 0.3092984976075849, 'num_points': 2}, {'avg_silhouette': 0.25136195771812514, 'num_points': 3}, {'avg_silhouette': 0.09288272723816536, 'num_points': 2}, {'avg_silhouette': 0.35170027606817755, 'num_points': 2}, {'avg_silhouette': 0.3309535855237462, 'num_points': 2}, {'avg_silhouette': 0.011241108791087653, 'num_points': 4}, {'avg_silhouette': 0.254064917112555, 'num_points': 3}, {'avg_silhouette': 0.0, 'num_points': 1}, {'avg_silhouette': 0.27787053720464366, 'num_points': 2}, {'avg_silhouette': 0.5341900901293191, 'num_points': 5}, {'avg_silhouette': 0.0, 'num_points': 1}, {'avg_silhouette': 0.0, 'num_points': 1}, {'avg_silhouette': 0.0, 'num_points': 1}, {'avg_silhouette': 0.0, 'num_points': 1}, {'avg_silhouette': 0.9295911176978298, 'num_points': 4}, {'avg_silhouette': 0.0, 'num_points': 1}, {'avg_silhouette': 0.0, 'num_points': 1}, {'avg_silhouette': 0.0, 'num_points': 1}, {'avg_silhouette': 0.6846300563296965, 'num_points': 2}, {'avg_silhouette': 0.0, 'num_points': 1}, {'avg_silhouette': 0.6923371348075718, 'num_points': 2}, {'avg_silhouette': 0.0, 'num_points': 1}, {'avg_silhouette': 0.0, 'num_points': 1}, {'avg_silhouette': 0.0, 'num_points': 1}, {'avg_silhouette': 0.0, 'num_points': 1}, {'avg_silhouette': 0.0, 'num_points': 1}, {'avg_silhouette': 0.0, 'num_points': 1}, {'avg_silhouette': 0.39970232478634304, 'num_points': 4}, {'avg_silhouette': 0.0, 'num_points': 1}, {'avg_silhouette': 0.0, 'num_points': 1}, {'avg_silhouette': 0.1950997766317092, 'num_points': 4}]",,47,0.4596145098268201,,3,0.5165506948098694
AGGLC,ward,,"[{'avg_silhouette': 0.09766366264779418, 'num_points': 2}, {'avg_silhouette': 0.2952385951536571, 'num_points': 5}, {'avg_silhouette': 0.5293152954508521, 'num_points': 52}, {'avg_silhouette': -0.049806900593415256, 'num_points': 3}, {'avg_silhouette': 0.254064917112555, 'num_points': 3}, {'avg_silhouette': 0.26264271525571364, 'num_points': 3}, {'avg_silhouette': -0.07671653727525744, 'num_points': 2}, {'avg_silhouette': 0.1491580494344551, 'num_points': 2}, {'avg_silhouette': 0.17630684975534086, 'num_points': 2}, {'avg_silhouette': 0.7020754466346567, 'num_points': 67}, {'avg_silhouette': -0.001507852080647884, 'num_points': 5}, {'avg_silhouette': 0.27787053720464366, 'num_points': 2}, {'avg_silhouette': 0.31826134234409914, 'num_points': 18}, {'avg_silhouette': 1.0, 'num_points': 2}, {'avg_silhouette': 0.9354436919302702, 'num_points': 4}, {'avg_silhouette': 0.0, 'num_points': 1}, {'avg_silhouette': 0.3092984976075849, 'num_points': 2}, {'avg_silhouette': 0.25136195771812514, 'num_points': 3}, {'avg_silhouette': 0.025670597294093725, 'num_points': 2}, {'avg_silhouette': 0.35170027606817755, 'num_points': 2}, {'avg_silhouette': 0.3309535855237462, 'num_points': 2}, {'avg_silhouette': 0.011241108791087653, 'num_points': 4}, {'avg_silhouette': 0.1950997766317092, 'num_points': 4}, {'avg_silhouette': 0.6755826072799731, 'num_points': 5}, {'avg_silhouette': 0.0, 'num_points': 1}, {'avg_silhouette': 0.5341900901293191, 'num_points': 5}, {'avg_silhouette': 0.0, 'num_points': 1}, {'avg_silhouette': 0.0, 'num_points': 1}, {'avg_silhouette': 0.0, 'num_points': 1}, {'avg_silhouette': 0.0, 'num_points': 1}, {'avg_silhouette': 0.9295911176978298, 'num_points': 4}, {'avg_silhouette': 0.0, 'num_points': 1}, {'avg_silhouette': 0.0, 'num_points': 1}, {'avg_silhouette': 0.0, 'num_points': 1}, {'avg_silhouette': 0.6846300563296965, 'num_points': 2}, {'avg_silhouette': 0.0, 'num_points': 1}, {'avg_silhouette': 0.6923371348075718, 'num_points': 2}, {'avg_silhouette': 0.0, 'num_points': 1}, {'avg_silhouette': 0.0, 'num_points': 1}, {'avg_silhouette': 0.0, 'num_points': 1}, {'avg_silhouette': 0.0, 'num_points': 1}, {'avg_silhouette': 0.0, 'num_points': 1}, {'avg_silhouette': 0.0, 'num_points': 1}, {'avg_silhouette': 0.39970232478634304, 'num_points': 4}, {'avg_silhouette': 0.0, 'num_points': 1}, {'avg_silhouette': 0.0, 'num_points': 1}, {'avg_silhouette': 0.0, 'num_points': 1}, {'avg_silhouette': 0.0, 'num_points': 1}, {'avg_silhouette': 0.0, 'num_points': 1}, {'avg_silhouette': 0.0, 'num_points': 1}]",,50,0.4590915626348731,,3,0.5165506948098694
AGGLC,ward,,"[{'avg_silhouette': 0.3533032637021521, 'num_points': 10}, {'avg_silhouette': -0.25842671027347547, 'num_points': 2}, {'avg_silhouette': 0.09766366264779418, 'num_points': 2}, {'avg_silhouette': -0.049806900593415256, 'num_points': 3}, {'avg_silhouette': 0.2952385951536571, 'num_points': 5}, {'avg_silhouette': 0.5293152954508521, 'num_points': 52}, {'avg_silhouette': -0.07671653727525744, 'num_points': 2}, {'avg_silhouette': 0.1491580494344551, 'num_points': 2}, {'avg_silhouette': 0.17630684975534086, 'num_points': 2}, {'avg_silhouette': 0.7020754466346567, 'num_points': 67}, {'avg_silhouette': 0.254064917112555, 'num_points': 3}, {'avg_silhouette': 0.26264271525571364, 'num_points': 3}, {'avg_silhouette': 0.31826134234409914, 'num_points': 18}, {'avg_silhouette': 1.0, 'num_points': 2}, {'avg_silhouette': 0.9354436919302702, 'num_points': 4}, {'avg_silhouette': 0.0, 'num_points': 1}, {'avg_silhouette': 0.3092984976075849, 'num_points': 2}, {'avg_silhouette': 0.25136195771812514, 'num_points': 3}, {'avg_silhouette': 0.09288272723816536, 'num_points': 2}, {'avg_silhouette': 0.35170027606817755, 'num_points': 2}, {'avg_silhouette': 0.3309535855237462, 'num_points': 2}, {'avg_silhouette': 0.011241108791087653, 'num_points': 4}, {'avg_silhouette': 0.1950997766317092, 'num_points': 4}, {'avg_silhouette': 0.0, 'num_points': 1}, {'avg_silhouette': 0.27787053720464366, 'num_points': 2}, {'avg_silhouette': 0.5341900901293191, 'num_points': 5}, {'avg_silhouette': 0.0, 'num_points': 1}, {'avg_silhouette': 0.0, 'num_points': 1}, {'avg_silhouette': 0.0, 'num_points': 1}, {'avg_silhouette': 0.0, 'num_points': 1}, {'avg_silhouette': 0.9295911176978298, 'num_points': 4}, {'avg_silhouette': 0.0, 'num_points': 1}, {'avg_silhouette': 0.0, 'num_points': 1}, {'avg_silhouette': 0.0, 'num_points': 1}, {'avg_silhouette': 0.6846300563296965, 'num_points': 2}, {'avg_silhouette': 0.0, 'num_points': 1}, {'avg_silhouette': 0.6923371348075718, 'num_points': 2}, {'avg_silhouette': 0.0, 'num_points': 1}, {'avg_silhouette': 0.0, 'num_points': 1}, {'avg_silhouette': 0.0, 'num_points': 1}, {'avg_silhouette': 0.0, 'num_points': 1}, {'avg_silhouette': 0.0, 'num_points': 1}, {'avg_silhouette': 0.0, 'num_points': 1}, {'avg_silhouette': 0.39970232478634304, 'num_points': 4}, {'avg_silhouette': 0.0, 'num_points': 1}, {'avg_silhouette': 0.0, 'num_points': 1}, {'avg_silhouette': 0.0, 'num_points': 1}, {'avg_silhouette': 0.0, 'num_points': 1}]",,48,0.45815636987047353,,3,0.5165506948098694
AGGLC,ward,,"[{'avg_silhouette': -0.25842671027347547, 'num_points': 2}, {'avg_silhouette': 0.2952385951536571, 'num_points': 5}, {'avg_silhouette': 0.09766366264779418, 'num_points': 2}, {'avg_silhouette': -0.049806900593415256, 'num_points': 3}, {'avg_silhouette': 0.254064917112555, 'num_points': 3}, {'avg_silhouette': 0.5293152954508521, 'num_points': 52}, {'avg_silhouette': -0.07671653727525744, 'num_points': 2}, {'avg_silhouette': 0.1491580494344551, 'num_points': 2}, {'avg_silhouette': 0.17630684975534086, 'num_points': 2}, {'avg_silhouette': 0.7020754466346567, 'num_points': 67}, {'avg_silhouette': -0.001507852080647884, 'num_points': 5}, {'avg_silhouette': 0.26264271525571364, 'num_points': 3}, {'avg_silhouette': 0.31826134234409914, 'num_points': 18}, {'avg_silhouette': 1.0, 'num_points': 2}, {'avg_silhouette': 0.9354436919302702, 'num_points': 4}, {'avg_silhouette': 0.0, 'num_points': 1}, {'avg_silhouette': 0.3092984976075849, 'num_points': 2}, {'avg_silhouette': 0.25136195771812514, 'num_points': 3}, {'avg_silhouette': 0.025670597294093725, 'num_points': 2}, {'avg_silhouette': 0.35170027606817755, 'num_points': 2}, {'avg_silhouette': 0.3309535855237462, 'num_points': 2}, {'avg_silhouette': 0.011241108791087653, 'num_points': 4}, {'avg_silhouette': 0.1950997766317092, 'num_points': 4}, {'avg_silhouette': 0.6755826072799731, 'num_points': 5}, {'avg_silhouette': 0.27787053720464366, 'num_points': 2}, {'avg_silhouette': 0.5341900901293191, 'num_points': 5}, {'avg_silhouette': 0.0, 'num_points': 1}, {'avg_silhouette': 0.0, 'num_points': 1}, {'avg_silhouette': 0.0, 'num_points': 1}, {'avg_silhouette': 0.0, 'num_points': 1}, {'avg_silhouette': 0.9295911176978298, 'num_points': 4}, {'avg_silhouette': 0.0, 'num_points': 1}, {'avg_silhouette': 0.0, 'num_points': 1}, {'avg_silhouette': 0.0, 'num_points': 1}, {'avg_silhouette': 0.6846300563296965, 'num_points': 2}, {'avg_silhouette': 0.0, 'num_points': 1}, {'avg_silhouette': 0.6923371348075718, 'num_points': 2}, {'avg_silhouette': 0.0, 'num_points': 1}, {'avg_silhouette': 0.0, 'num_points': 1}, {'avg_silhouette': 0.0, 'num_points': 1}, {'avg_silhouette': 0.0, 'num_points': 1}, {'avg_silhouette': 0.0, 'num_points': 1}, {'avg_silhouette': 0.0, 'num_points': 1}, {'avg_silhouette': 0.39970232478634304, 'num_points': 4}, {'avg_silhouette': 0.0, 'num_points': 1}, {'avg_silhouette': 0.0, 'num_points': 1}, {'avg_silhouette': 0.0, 'num_points': 1}, {'avg_silhouette': 0.0, 'num_points': 1}, {'avg_silhouette': 0.0, 'num_points': 1}]",,49,0.45689218637722656,,3,0.5165506948098694
DBSCAN,,1.2101909579781012,"[{'avg_silhouette': 0.5369843672587461, 'num_points': 198}, {'avg_silhouette': 0.5021424841470881, 'num_points': 5}]",5.0,2,0.44941787089844154,,1,
DBSCAN,,1.2001909579781012,"[{'avg_silhouette': 0.5369843672587461, 'num_points': 198}, {'avg_silhouette': 0.5021424841470881, 'num_points': 5}]",5.0,2,0.44941787089844154,,1,
DBSCAN,,1.1901909579781011,"[{'avg_silhouette': 0.5369843672587461, 'num_points': 198}, {'avg_silhouette': 0.5021424841470881, 'num_points': 5}]",5.0,2,0.44941787089844154,,1,
DBSCAN,,1.2401909579781012,"[{'avg_silhouette': 0.5312124645985914, 'num_points': 199}, {'avg_silhouette': 0.5014288961663385, 'num_points': 5}]",5.0,2,0.44862522244028025,,1,
DBSCAN,,1.2301909579781012,"[{'avg_silhouette': 0.5312124645985914, 'num_points': 199}, {'avg_silhouette': 0.5014288961663385, 'num_points': 5}]",5.0,2,0.44862522244028025,,1,
DBSCAN,,1.1801909579781011,"[{'avg_silhouette': 0.5405810170814275, 'num_points': 197}, {'avg_silhouette': 0.5015583952696036, 'num_points': 5}]",5.0,2,0.44791500666058925,,1,
K-means,,,"[{'avg_silhouette': 0.20724026075630908, 'num_points': 4}, {'avg_silhouette': 0.25309707863521136, 'num_points': 2}, {'avg_silhouette': 0.0, 'num_points': 1}, {'avg_silhouette': 0.2952385951536571, 'num_points': 5}, {'avg_silhouette': -0.2147016294597989, 'num_points': 7}, {'avg_silhouette': 0.09766366264779418, 'num_points': 2}, {'avg_silhouette': 0.7124365629758738, 'num_points': 67}, {'avg_silhouette': 0.40207317597149084, 'num_points': 4}, {'avg_silhouette': 0.0, 'num_points': 1}, {'avg_silhouette': 0.0, 'num_points': 1}, {'avg_silhouette': 0.38121534169999205, 'num_points': 17}, {'avg_silhouette': 0.2782203332962974, 'num_points': 11}, {'avg_silhouette': 0.0, 'num_points': 1}, {'avg_silhouette': 0.0, 'num_points': 1}, {'avg_silhouette': 0.0, 'num_points': 1}, {'avg_silhouette': 0.3092984976075849, 'num_points': 2}, {'avg_silhouette': 0.0, 'num_points': 1}, {'avg_silhouette': 0.9354436919302702, 'num_points': 4}, {'avg_silhouette': 0.0, 'num_points': 1}, {'avg_silhouette': 0.0, 'num_points': 1}, {'avg_silhouette': 0.9295911176978298, 'num_points': 4}, {'avg_silhouette': 0.5341900901293191, 'num_points': 5}, {'avg_silhouette': 0.0, 'num_points': 1}, {'avg_silhouette': 0.0, 'num_points': 1}, {'avg_silhouette': 0.0, 'num_points': 1}, {'avg_silhouette': 0.0, 'num_points': 1}, {'avg_silhouette': 0.5462355440681017, 'num_points': 2}, {'avg_silhouette': 0.0, 'num_points': 1}, {'avg_silhouette': 0.0, 'num_points': 1}, {'avg_silhouette': 0.0, 'num_points': 1}, {'avg_silhouette': 0.0, 'num_points': 1}, {'avg_silhouette': 0.0, 'num_points': 1}, {'avg_silhouette': 0.8125589196679861, 'num_points': 2}, {'avg_silhouette': 0.0, 'num_points': 1}, {'avg_silhouette': 0.2589838387470986, 'num_points': 3}, {'avg_silhouette': 0.11093981344458552, 'num_points': 2}, {'avg_silhouette': 0.35170027606817755, 'num_points': 2}, {'avg_silhouette': 0.6955435201870637, 'num_points': 2}, {'avg_silhouette': 0.0, 'num_points': 1}, {'avg_silhouette': 1.0, 'num_points': 2}, {'avg_silhouette': 0.6884616721851142, 'num_points': 2}, {'avg_silhouette': 0.0, 'num_points': 1}, {'avg_silhouette': 0.0, 'num_points': 1}, {'avg_silhouette': 0.0, 'num_points': 1}, {'avg_silhouette': 0.0, 'num_points': 1}, {'avg_silhouette': 0.0, 'num_points': 1}, {'avg_silhouette': 0.44416610695153863, 'num_points': 56}, {'avg_silhouette': 0.0, 'num_points': 1}, {'avg_silhouette': 0.0, 'num_points': 1}, {'avg_silhouette': 0.0, 'num_points': 1}]",,50,0.4476477049987798,,3,0.5126060038758015
DBSCAN,,1.140190957978101,"[{'avg_silhouette': 0.5485075429292201, 'num_points': 195}, {'avg_silhouette': 0.5008509563404068, 'num_points': 5}]",5.0,2,0.44729519619483693,,1,
DBSCAN,,1.130190957978101,"[{'avg_silhouette': 0.5524354972576957, 'num_points': 194}, {'avg_silhouette': 0.5003764042827277, 'num_points': 5}]",5.0,2,0.4462424298300446,,1,
AGGLC,ward,,"[{'avg_silhouette': 0.4296273208333482, 'num_points': 56}, {'avg_silhouette': 0.3564540847555321, 'num_points': 10}, {'avg_silhouette': -0.033617552274872134, 'num_points': 2}, {'avg_silhouette': -0.038456199456226296, 'num_points': 3}, {'avg_silhouette': -0.2506599240203294, 'num_points': 2}, {'avg_silhouette': 0.09766366264779418, 'num_points': 2}, {'avg_silhouette': -0.07232627249848751, 'num_points': 2}, {'avg_silhouette': 0.1491580494344551, 'num_points': 2}, {'avg_silhouette': 0.17630684975534086, 'num_points': 2}, {'avg_silhouette': 0.7070640002708486, 'num_points': 67}, {'avg_silhouette': 0.3772181940118965, 'num_points': 5}, {'avg_silhouette': 0.26700914825292327, 'num_points': 3}, {'avg_silhouette': 0.3461850768783273, 'num_points': 18}, {'avg_silhouette': 1.0, 'num_points': 2}, {'avg_silhouette': 0.9354436919302702, 'num_points': 4}, {'avg_silhouette': 0.0, 'num_points': 1}, {'avg_silhouette': 0.3092984976075849, 'num_points': 2}, {'avg_silhouette': 0.25408394354069314, 'num_points': 3}, {'avg_silhouette': 0.09805439515723287, 'num_points': 2}, {'avg_silhouette': 0.35170027606817755, 'num_points': 2}, {'avg_silhouette': 0.3309535855237462, 'num_points': 2}, {'avg_silhouette': 0.028686831871541446, 'num_points': 4}, {'avg_silhouette': 0.254064917112555, 'num_points': 3}, {'avg_silhouette': 0.0, 'num_points': 1}, {'avg_silhouette': 0.27787053720464366, 'num_points': 2}, {'avg_silhouette': 0.5341900901293191, 'num_points': 5}, {'avg_silhouette': 0.0, 'num_points': 1}, {'avg_silhouette': 0.0, 'num_points': 1}, {'avg_silhouette': 0.0, 'num_points': 1}, {'avg_silhouette': 0.0, 'num_points': 1}, {'avg_silhouette': 0.9295911176978298, 'num_points': 4}, {'avg_silhouette': 0.0, 'num_points': 1}, {'avg_silhouette': 0.0, 'num_points': 1}, {'avg_silhouette': 0.0, 'num_points': 1}, {'avg_silhouette': 0.6876616882496159, 'num_points': 2}, {'avg_silhouette': 0.0, 'num_points': 1}, {'avg_silhouette': 0.6955269765980243, 'num_points': 2}, {'avg_silhouette': 0.0, 'num_points': 1}, {'avg_silhouette': 0.0, 'num_points': 1}, {'avg_silhouette': 0.0, 'num_points': 1}, {'avg_silhouette': 0.0, 'num_points': 1}, {'avg_silhouette': 0.0, 'num_points': 1}, {'avg_silhouette': 0.0, 'num_points': 1}, {'avg_silhouette': 0.40242614670960397, 'num_points': 4}, {'avg_silhouette': 0.0, 'num_points': 1}, {'avg_silhouette': 0.0, 'num_points': 1}]",,46,0.4460221691786312,,3,0.4942921326608414
DBSCAN,,1.1701909579781011,"[{'avg_silhouette': 0.5432025822022135, 'num_points': 196}, {'avg_silhouette': 0.5014768979514297, 'num_points': 5}]",5.0,2,0.4458709281228706,,1,
DBSCAN,,1.1601909579781011,"[{'avg_silhouette': 0.5432025822022135, 'num_points': 196}, {'avg_silhouette': 0.5014768979514297, 'num_points': 5}]",5.0,2,0.4458709281228706,,1,
DBSCAN,,1.1501909579781011,"[{'avg_silhouette': 0.5432025822022135, 'num_points': 196}, {'avg_silhouette': 0.5014768979514297, 'num_points': 5}]",5.0,2,0.4458709281228706,,1,
K-means,,,"[{'avg_silhouette': -0.04454466564620332, 'num_points': 6}, {'avg_silhouette': -0.21383260973510837, 'num_points': 13}, {'avg_silhouette': 0.0944745064542869, 'num_points': 3}, {'avg_silhouette': 0.0, 'num_points': 1}, {'avg_silhouette': 0.7219607033252624, 'num_points': 67}, {'avg_silhouette': 0.23322349846842436, 'num_points': 3}, {'avg_silhouette': 0.050167292932656475, 'num_points': 7}, {'avg_silhouette': 0.3385305894230541, 'num_points': 6}, {'avg_silhouette': 0.5341900901293191, 'num_points': 5}, {'avg_silhouette': 0.0, 'num_points': 1}, {'avg_silhouette': 0.0, 'num_points': 1}, {'avg_silhouette': 0.9354436919302702, 'num_points': 4}, {'avg_silhouette': 0.0, 'num_points': 1}, {'avg_silhouette': -0.034604125089655845, 'num_points': 3}, {'avg_silhouette': 0.0, 'num_points': 1}, {'avg_silhouette': 0.0, 'num_points': 1}, {'avg_silhouette': 0.9295911176978298, 'num_points': 4}, {'avg_silhouette': 0.0, 'num_points': 1}, {'avg_silhouette': 0.0, 'num_points': 1}, {'avg_silhouette': 0.0, 'num_points': 1}, {'avg_silhouette': 0.254064917112555, 'num_points': 3}, {'avg_silhouette': 0.12129895640544736, 'num_points': 4}, {'avg_silhouette': 0.0, 'num_points': 1}, {'avg_silhouette': 0.4152751831735076, 'num_points': 4}, {'avg_silhouette': 0.0, 'num_points': 1}, {'avg_silhouette': 0.4999543890371966, 'num_points': 69}, {'avg_silhouette': 0.0, 'num_points': 1}, {'avg_silhouette': 0.0, 'num_points': 1}, {'avg_silhouette': 0.0, 'num_points': 1}, {'avg_silhouette': 0.4178741952918897, 'num_points': 2}, {'avg_silhouette': 1.0, 'num_points': 2}, {'avg_silhouette': 0.0, 'num_points': 1}, {'avg_silhouette': 0.0, 'num_points': 1}, {'avg_silhouette': 0.6998372232991958, 'num_points': 2}, {'avg_silhouette': 0.5363397763529466, 'num_points': 5}, {'avg_silhouette': 0.3963754977315851, 'num_points': 2}, {'avg_silhouette': 0.0, 'num_points': 1}, {'avg_silhouette': 0.0, 'num_points': 1}, {'avg_silhouette': 0.2866425151805921, 'num_points': 3}]",,39,0.44549849162236566,,3,0.3360274942091168
DBSCAN,,1.120190957978101,"[{'avg_silhouette': 0.5567728970149722, 'num_points': 193}, {'avg_silhouette': 0.4996650784063017, 'num_points': 5}]",5.0,2,0.4454779116993393,,1,
DBSCAN,,1.2201909579781012,"[{'avg_silhouette': 0.5283389110247096, 'num_points': 198}, {'avg_silhouette': 0.4153151521308298, 'num_points': 6}]",5.0,2,0.4445965354182002,,1,
AGGLC,ward,,"[{'avg_silhouette': 0.16539279722618475, 'num_points': 3}, {'avg_silhouette': 0.35867461691073255, 'num_points': 58}, {'avg_silhouette': -0.033617552274872134, 'num_points': 2}, {'avg_silhouette': 0.35998334224731854, 'num_points': 10}, {'avg_silhouette': 0.3772181940118965, 'num_points': 5}, {'avg_silhouette': 0.09766366264779418, 'num_points': 2}, {'avg_silhouette': -0.06729573957494939, 'num_points': 2}, {'avg_silhouette': -0.025153449225264746, 'num_points': 3}, {'avg_silhouette': 0.17630684975534086, 'num_points': 2}, {'avg_silhouette': 0.7145401953721858, 'num_points': 67}, {'avg_silhouette': 0.254064917112555, 'num_points': 3}, {'avg_silhouette': 0.2731129948219715, 'num_points': 3}, {'avg_silhouette': 0.38002142084955065, 'num_points': 18}, {'avg_silhouette': 1.0, 'num_points': 2}, {'avg_silhouette': 0.9354436919302702, 'num_points': 4}, {'avg_silhouette': 0.0, 'num_points': 1}, {'avg_silhouette': 0.3092984976075849, 'num_points': 2}, {'avg_silhouette': 0.2569241450602146, 'num_points': 3}, {'avg_silhouette': 0.10346227364881946, 'num_points': 2}, {'avg_silhouette': 0.35170027606817755, 'num_points': 2}, {'avg_silhouette': 0.3309535855237462, 'num_points': 2}, {'avg_silhouette': 0.04853805499516339, 'num_points': 4}, {'avg_silhouette': 0.0, 'num_points': 1}, {'avg_silhouette': 0.0, 'num_points': 1}, {'avg_silhouette': 0.27787053720464366, 'num_points': 2}, {'avg_silhouette': 0.5341900901293191, 'num_points': 5}, {'avg_silhouette': 0.0, 'num_points': 1}, {'avg_silhouette': 0.0, 'num_points': 1}, {'avg_silhouette': 0.0, 'num_points': 1}, {'avg_silhouette': 0.0, 'num_points': 1}, {'avg_silhouette': 0.9295911176978298, 'num_points': 4}, {'avg_silhouette': 0.0, 'num_points': 1}, {'avg_silhouette': 0.0, 'num_points': 1}, {'avg_silhouette': 0.0, 'num_points': 1}, {'avg_silhouette': 0.6913632932532807, 'num_points': 2}, {'avg_silhouette': 0.0, 'num_points': 1}, {'avg_silhouette': 0.6995656497929295, 'num_points': 2}, {'avg_silhouette': 0.0, 'num_points': 1}, {'avg_silhouette': 0.0, 'num_points': 1}, {'avg_silhouette': 0.0, 'num_points': 1}, {'avg_silhouette': 0.0, 'num_points': 1}, {'avg_silhouette': 0.0, 'num_points': 1}, {'avg_silhouette': 0.0, 'num_points': 1}, {'avg_silhouette': 0.405274486963625, 'num_points': 4}]",,44,0.4408405854377432,,3,0.484412077710823
AGGLC,ward,,"[{'avg_silhouette': 0.35867461691073255, 'num_points': 58}, {'avg_silhouette': 0.35998334224731854, 'num_points': 10}, {'avg_silhouette': -0.033617552274872134, 'num_points': 2}, {'avg_silhouette': -0.025153449225264746, 'num_points': 3}, {'avg_silhouette': 0.3772181940118965, 'num_points': 5}, {'avg_silhouette': 0.09766366264779418, 'num_points': 2}, {'avg_silhouette': -0.06729573957494939, 'num_points': 2}, {'avg_silhouette': 0.1491580494344551, 'num_points': 2}, {'avg_silhouette': 0.17630684975534086, 'num_points': 2}, {'avg_silhouette': 0.7145401953721858, 'num_points': 67}, {'avg_silhouette': 0.254064917112555, 'num_points': 3}, {'avg_silhouette': 0.2731129948219715, 'num_points': 3}, {'avg_silhouette': 0.38002142084955065, 'num_points': 18}, {'avg_silhouette': 1.0, 'num_points': 2}, {'avg_silhouette': 0.9354436919302702, 'num_points': 4}, {'avg_silhouette': 0.0, 'num_points': 1}, {'avg_silhouette': 0.3092984976075849, 'num_points': 2}, {'avg_silhouette': 0.2569241450602146, 'num_points': 3}, {'avg_silhouette': 0.10346227364881946, 'num_points': 2}, {'avg_silhouette': 0.35170027606817755, 'num_points': 2}, {'avg_silhouette': 0.3309535855237462, 'num_points': 2}, {'avg_silhouette': 0.04853805499516339, 'num_points': 4}, {'avg_silhouette': 0.0, 'num_points': 1}, {'avg_silhouette': 0.0, 'num_points': 1}, {'avg_silhouette': 0.27787053720464366, 'num_points': 2}, {'avg_silhouette': 0.5341900901293191, 'num_points': 5}, {'avg_silhouette': 0.0, 'num_points': 1}, {'avg_silhouette': 0.0, 'num_points': 1}, {'avg_silhouette': 0.0, 'num_points': 1}, {'avg_silhouette': 0.0, 'num_points': 1}, {'avg_silhouette': 0.9295911176978298, 'num_points': 4}, {'avg_silhouette': 0.0, 'num_points': 1}, {'avg_silhouette': 0.0, 'num_points': 1}, {'avg_silhouette': 0.0, 'num_points': 1}, {'avg_silhouette': 0.6913632932532807, 'num_points': 2}, {'avg_silhouette': 0.0, 'num_points': 1}, {'avg_silhouette': 0.6995656497929295, 'num_points': 2}, {'avg_silhouette': 0.0, 'num_points': 1}, {'avg_silhouette': 0.0, 'num_points': 1}, {'avg_silhouette': 0.0, 'num_points': 1}, {'avg_silhouette': 0.0, 'num_points': 1}, {'avg_silhouette': 0.0, 'num_points': 1}, {'avg_silhouette': 0.0, 'num_points': 1}, {'avg_silhouette': 0.405274486963625, 'num_points': 4}, {'avg_silhouette': 0.0, 'num_points': 1}]",,45,0.43999861823429787,,3,0.484412077710823
K-means,,,"[{'avg_silhouette': 0.04852000355796993, 'num_points': 5}, {'avg_silhouette': 0.11020143357261182, 'num_points': 4}, {'avg_silhouette': 0.0, 'num_points': 1}, {'avg_silhouette': 0.3543180617094056, 'num_points': 2}, {'avg_silhouette': 0.3457511585138581, 'num_points': 80}, {'avg_silhouette': 0.0, 'num_points': 1}, {'avg_silhouette': 0.711007689646417, 'num_points': 69}, {'avg_silhouette': 0.19124291140423616, 'num_points': 2}, {'avg_silhouette': 0.3297835583839834, 'num_points': 6}, {'avg_silhouette': 0.0, 'num_points': 1}, {'avg_silhouette': 0.0, 'num_points': 1}, {'avg_silhouette': 0.043805131326207114, 'num_points': 5}, {'avg_silhouette': 0.19844801221323866, 'num_points': 4}, {'avg_silhouette': 0.5341900901293191, 'num_points': 5}, {'avg_silhouette': 0.0, 'num_points': 1}, {'avg_silhouette': 0.4907257007465848, 'num_points': 5}, {'avg_silhouette': 0.0, 'num_points': 1}, {'avg_silhouette': 0.13370756115958815, 'num_points': 4}, {'avg_silhouette': 0.0, 'num_points': 1}, {'avg_silhouette': 0.0, 'num_points': 1}, {'avg_silhouette': 0.0, 'num_points': 1}, {'avg_silhouette': 0.3033945075744185, 'num_points': 3}, {'avg_silhouette': 0.0, 'num_points': 1}, {'avg_silhouette': 0.0, 'num_points': 1}, {'avg_silhouette': 0.9372010554302778, 'num_points': 4}, {'avg_silhouette': 0.0, 'num_points': 1}, {'avg_silhouette': 0.48643777655153503, 'num_points': 7}, {'avg_silhouette': 0.7109388030983501, 'num_points': 2}, {'avg_silhouette': 0.0, 'num_points': 1}, {'avg_silhouette': 0.0, 'num_points': 1}, {'avg_silhouette': 0.0, 'num_points': 1}, {'avg_silhouette': 1.0, 'num_points': 2}, {'avg_silhouette': 0.4295920663654097, 'num_points': 4}, {'avg_silhouette': 0.0, 'num_points': 1}, {'avg_silhouette': 0.7019689800534779, 'num_points': 2}, {'avg_silhouette': 0.0, 'num_points': 1}, {'avg_silhouette': 0.0, 'num_points': 1}, {'avg_silhouette': 0.5463288274848523, 'num_points': 2}]",,38,0.43764243781644624,,2,0.5283794240801376
AGGLC,ward,,"[{'avg_silhouette': -0.10853350910951663, 'num_points': 7}, {'avg_silhouette': 0.16539279722618475, 'num_points': 3}, {'avg_silhouette': -0.033617552274872134, 'num_points': 2}, {'avg_silhouette': 0.35867461691073255, 'num_points': 58}, {'avg_silhouette': 0.3772181940118965, 'num_points': 5}, {'avg_silhouette': 0.09766366264779418, 'num_points': 2}, {'avg_silhouette': -0.06729573957494939, 'num_points': 2}, {'avg_silhouette': 0.35998334224731854, 'num_points': 10}, {'avg_silhouette': 0.17630684975534086, 'num_points': 2}, {'avg_silhouette': 0.7145401953721858, 'num_points': 67}, {'avg_silhouette': 0.254064917112555, 'num_points': 3}, {'avg_silhouette': 0.2731129948219715, 'num_points': 3}, {'avg_silhouette': 0.38002142084955065, 'num_points': 18}, {'avg_silhouette': 1.0, 'num_points': 2}, {'avg_silhouette': 0.9354436919302702, 'num_points': 4}, {'avg_silhouette': 0.0, 'num_points': 1}, {'avg_silhouette': 0.3092984976075849, 'num_points': 2}, {'avg_silhouette': 0.26324468725940936, 'num_points': 3}, {'avg_silhouette': 0.10346227364881946, 'num_points': 2}, {'avg_silhouette': 0.35170027606817755, 'num_points': 2}, {'avg_silhouette': 0.3309535855237462, 'num_points': 2}, {'avg_silhouette': 0.4057390032203687, 'num_points': 4}, {'avg_silhouette': 0.0, 'num_points': 1}, {'avg_silhouette': 0.0, 'num_points': 1}, {'avg_silhouette': 0.27787053720464366, 'num_points': 2}, {'avg_silhouette': 0.5341900901293191, 'num_points': 5}, {'avg_silhouette': 0.0, 'num_points': 1}, {'avg_silhouette': 0.0, 'num_points': 1}, {'avg_silhouette': 0.0, 'num_points': 1}, {'avg_silhouette': 0.0, 'num_points': 1}, {'avg_silhouette': 0.9295911176978298, 'num_points': 4}, {'avg_silhouette': 0.0, 'num_points': 1}, {'avg_silhouette': 0.0, 'num_points': 1}, {'avg_silhouette': 0.0, 'num_points': 1}, {'avg_silhouette': 0.6913632932532807, 'num_points': 2}, {'avg_silhouette': 0.0, 'num_points': 1}, {'avg_silhouette': 0.6995656497929295, 'num_points': 2}, {'avg_silhouette': 0.0, 'num_points': 1}, {'avg_silhouette': 0.0, 'num_points': 1}, {'avg_silhouette': 0.0, 'num_points': 1}, {'avg_silhouette': 0.0, 'num_points': 1}, {'avg_silhouette': 0.0, 'num_points': 1}, {'avg_silhouette': 0.0, 'num_points': 1}]",,43,0.4371911950358413,,3,0.484412077710823
AGGLC,ward,,"[{'avg_silhouette': 0.2918974405153736, 'num_points': 4}, {'avg_silhouette': 0.22352613734609128, 'num_points': 4}, {'avg_silhouette': 0.02768963928514112, 'num_points': 2}, {'avg_silhouette': 0.3231951469966204, 'num_points': 59}, {'avg_silhouette': 0.3772181940118965, 'num_points': 5}, {'avg_silhouette': 0.16137646910631204, 'num_points': 2}, {'avg_silhouette': -0.06437665839673633, 'num_points': 2}, {'avg_silhouette': -0.09980914536867236, 'num_points': 7}, {'avg_silhouette': 0.22541260754855852, 'num_points': 3}, {'avg_silhouette': 0.718699183186099, 'num_points': 67}, {'avg_silhouette': 0.254064917112555, 'num_points': 3}, {'avg_silhouette': 0.27630461966533226, 'num_points': 3}, {'avg_silhouette': 0.39508986349819203, 'num_points': 18}, {'avg_silhouette': 1.0, 'num_points': 2}, {'avg_silhouette': 0.9354436919302702, 'num_points': 4}, {'avg_silhouette': 0.0, 'num_points': 1}, {'avg_silhouette': 0.36198008141214566, 'num_points': 10}, {'avg_silhouette': 0.26609337028766894, 'num_points': 3}, {'avg_silhouette': 0.10668997522508088, 'num_points': 2}, {'avg_silhouette': 0.0, 'num_points': 1}, {'avg_silhouette': 0.0, 'num_points': 1}, {'avg_silhouette': 0.406923709788706, 'num_points': 4}, {'avg_silhouette': 0.0, 'num_points': 1}, {'avg_silhouette': 0.0, 'num_points': 1}, {'avg_silhouette': 0.3543180617094056, 'num_points': 2}, {'avg_silhouette': 0.5341900901293191, 'num_points': 5}, {'avg_silhouette': 0.0, 'num_points': 1}, {'avg_silhouette': 0.0, 'num_points': 1}, {'avg_silhouette': 0.0, 'num_points': 1}, {'avg_silhouette': 0.0, 'num_points': 1}, {'avg_silhouette': 0.9295911176978298, 'num_points': 4}, {'avg_silhouette': 0.0, 'num_points': 1}, {'avg_silhouette': 0.0, 'num_points': 1}, {'avg_silhouette': 0.0, 'num_points': 1}, {'avg_silhouette': 0.6934434855603757, 'num_points': 2}, {'avg_silhouette': 0.0, 'num_points': 1}, {'avg_silhouette': 0.7017479229529778, 'num_points': 2}, {'avg_silhouette': 0.0, 'num_points': 1}, {'avg_silhouette': 0.0, 'num_points': 1}, {'avg_silhouette': 0.0, 'num_points': 1}]",,40,0.43399186140563434,,3,0.4789947312269705
AGGLC,ward,,"[{'avg_silhouette': 0.22352613734609128, 'num_points': 4}, {'avg_silhouette': 0.3231951469966204, 'num_points': 59}, {'avg_silhouette': 0.02768963928514112, 'num_points': 2}, {'avg_silhouette': -0.09980914536867236, 'num_points': 7}, {'avg_silhouette': 0.3772181940118965, 'num_points': 5}, {'avg_silhouette': 0.09766366264779418, 'num_points': 2}, {'avg_silhouette': -0.06437665839673633, 'num_points': 2}, {'avg_silhouette': 0.36198008141214566, 'num_points': 10}, {'avg_silhouette': 0.22541260754855852, 'num_points': 3}, {'avg_silhouette': 0.718699183186099, 'num_points': 67}, {'avg_silhouette': 0.254064917112555, 'num_points': 3}, {'avg_silhouette': 0.27630461966533226, 'num_points': 3}, {'avg_silhouette': 0.39508986349819203, 'num_points': 18}, {'avg_silhouette': 1.0, 'num_points': 2}, {'avg_silhouette': 0.9354436919302702, 'num_points': 4}, {'avg_silhouette': 0.0, 'num_points': 1}, {'avg_silhouette': 0.3092984976075849, 'num_points': 2}, {'avg_silhouette': 0.26609337028766894, 'num_points': 3}, {'avg_silhouette': 0.10668997522508088, 'num_points': 2}, {'avg_silhouette': 0.35170027606817755, 'num_points': 2}, {'avg_silhouette': 0.0, 'num_points': 1}, {'avg_silhouette': 0.406923709788706, 'num_points': 4}, {'avg_silhouette': 0.0, 'num_points': 1}, {'avg_silhouette': 0.0, 'num_points': 1}, {'avg_silhouette': 0.27787053720464366, 'num_points': 2}, {'avg_silhouette': 0.5341900901293191, 'num_points': 5}, {'avg_silhouette': 0.0, 'num_points': 1}, {'avg_silhouette': 0.0, 'num_points': 1}, {'avg_silhouette': 0.0, 'num_points': 1}, {'avg_silhouette': 0.0, 'num_points': 1}, {'avg_silhouette': 0.9295911176978298, 'num_points': 4}, {'avg_silhouette': 0.0, 'num_points': 1}, {'avg_silhouette': 0.0, 'num_points': 1}, {'avg_silhouette': 0.0, 'num_points': 1}, {'avg_silhouette': 0.6934434855603757, 'num_points': 2}, {'avg_silhouette': 0.0, 'num_points': 1}, {'avg_silhouette': 0.7017479229529778, 'num_points': 2}, {'avg_silhouette': 0.0, 'num_points': 1}, {'avg_silhouette': 0.0, 'num_points': 1}, {'avg_silhouette': 0.0, 'num_points': 1}, {'avg_silhouette': 0.0, 'num_points': 1}]",,41,0.4334560619305853,,3,0.4789947312269705
AGGLC,ward,,"[{'avg_silhouette': 0.3231951469966204, 'num_points': 59}, {'avg_silhouette': -0.09980914536867236, 'num_points': 7}, {'avg_silhouette': 0.02768963928514112, 'num_points': 2}, {'avg_silhouette': 0.16539279722618475, 'num_points': 3}, {'avg_silhouette': 0.3772181940118965, 'num_points': 5}, {'avg_silhouette': 0.09766366264779418, 'num_points': 2}, {'avg_silhouette': -0.06437665839673633, 'num_points': 2}, {'avg_silhouette': 0.36198008141214566, 'num_points': 10}, {'avg_silhouette': 0.17630684975534086, 'num_points': 2}, {'avg_silhouette': 0.718699183186099, 'num_points': 67}, {'avg_silhouette': 0.254064917112555, 'num_points': 3}, {'avg_silhouette': 0.27630461966533226, 'num_points': 3}, {'avg_silhouette': 0.39508986349819203, 'num_points': 18}, {'avg_silhouette': 1.0, 'num_points': 2}, {'avg_silhouette': 0.9354436919302702, 'num_points': 4}, {'avg_silhouette': 0.0, 'num_points': 1}, {'avg_silhouette': 0.3092984976075849, 'num_points': 2}, {'avg_silhouette': 0.26609337028766894, 'num_points': 3}, {'avg_silhouette': 0.10668997522508088, 'num_points': 2}, {'avg_silhouette': 0.35170027606817755, 'num_points': 2}, {'avg_silhouette': 0.3309535855237462, 'num_points': 2}, {'avg_silhouette': 0.406923709788706, 'num_points': 4}, {'avg_silhouette': 0.0, 'num_points': 1}, {'avg_silhouette': 0.0, 'num_points': 1}, {'avg_silhouette': 0.27787053720464366, 'num_points': 2}, {'avg_silhouette': 0.5341900901293191, 'num_points': 5}, {'avg_silhouette': 0.0, 'num_points': 1}, {'avg_silhouette': 0.0, 'num_points': 1}, {'avg_silhouette': 0.0, 'num_points': 1}, {'avg_silhouette': 0.0, 'num_points': 1}, {'avg_silhouette': 0.9295911176978298, 'num_points': 4}, {'avg_silhouette': 0.0, 'num_points': 1}, {'avg_silhouette': 0.0, 'num_points': 1}, {'avg_silhouette': 0.0, 'num_points': 1}, {'avg_silhouette': 0.6934434855603757, 'num_points': 2}, {'avg_silhouette': 0.0, 'num_points': 1}, {'avg_silhouette': 0.7017479229529778, 'num_points': 2}, {'avg_silhouette': 0.0, 'num_points': 1}, {'avg_silhouette': 0.0, 'num_points': 1}, {'avg_silhouette': 0.0, 'num_points': 1}, {'avg_silhouette': 0.0, 'num_points': 1}, {'avg_silhouette': 0.0, 'num_points': 1}]",,42,0.43320226146337976,,3,0.4789947312269705
AGGLC,ward,,"[{'avg_silhouette': 0.18494362600261843, 'num_points': 5}, {'avg_silhouette': 0.2918974405153736, 'num_points': 4}, {'avg_silhouette': 0.02768963928514112, 'num_points': 2}, {'avg_silhouette': 0.3231951469966204, 'num_points': 59}, {'avg_silhouette': 0.22352613734609128, 'num_points': 4}, {'avg_silhouette': 0.16137646910631204, 'num_points': 2}, {'avg_silhouette': -0.06437665839673633, 'num_points': 2}, {'avg_silhouette': -0.09980914536867236, 'num_points': 7}, {'avg_silhouette': 0.22541260754855852, 'num_points': 3}, {'avg_silhouette': 0.718699183186099, 'num_points': 67}, {'avg_silhouette': 0.3772181940118965, 'num_points': 5}, {'avg_silhouette': 0.27630461966533226, 'num_points': 3}, {'avg_silhouette': 0.39508986349819203, 'num_points': 18}, {'avg_silhouette': 1.0, 'num_points': 2}, {'avg_silhouette': 0.9354436919302702, 'num_points': 4}, {'avg_silhouette': 0.0, 'num_points': 1}, {'avg_silhouette': 0.36475225679876433, 'num_points': 10}, {'avg_silhouette': 0.26609337028766894, 'num_points': 3}, {'avg_silhouette': 0.10668997522508088, 'num_points': 2}, {'avg_silhouette': 0.0, 'num_points': 1}, {'avg_silhouette': 0.0, 'num_points': 1}, {'avg_silhouette': 0.254064917112555, 'num_points': 3}, {'avg_silhouette': 0.0, 'num_points': 1}, {'avg_silhouette': 0.0, 'num_points': 1}, {'avg_silhouette': 0.3543180617094056, 'num_points': 2}, {'avg_silhouette': 0.5744741679015444, 'num_points': 5}, {'avg_silhouette': 0.0, 'num_points': 1}, {'avg_silhouette': 0.0, 'num_points': 1}, {'avg_silhouette': 0.0, 'num_points': 1}, {'avg_silhouette': 0.0, 'num_points': 1}, {'avg_silhouette': 0.9295911176978298, 'num_points': 4}, {'avg_silhouette': 0.0, 'num_points': 1}, {'avg_silhouette': 0.0, 'num_points': 1}, {'avg_silhouette': 0.0, 'num_points': 1}, {'avg_silhouette': 0.6934434855603757, 'num_points': 2}, {'avg_silhouette': 0.0, 'num_points': 1}, {'avg_silhouette': 0.7017479229529778, 'num_points': 2}, {'avg_silhouette': 0.0, 'num_points': 1}, {'avg_silhouette': 0.0, 'num_points': 1}]",,39,0.4319755441017432,,3,0.4789947312269705
AGGLC,ward,,"[{'avg_silhouette': 0.4874532915058028, 'num_points': 5}, {'avg_silhouette': 0.2918974405153736, 'num_points': 4}, {'avg_silhouette': 0.18494362600261843, 'num_points': 5}, {'avg_silhouette': 0.3231951469966204, 'num_points': 59}, {'avg_silhouette': 0.22352613734609128, 'num_points': 4}, {'avg_silhouette': 0.16137646910631204, 'num_points': 2}, {'avg_silhouette': 0.02768963928514112, 'num_points': 2}, {'avg_silhouette': -0.09980914536867236, 'num_points': 7}, {'avg_silhouette': 0.22541260754855852, 'num_points': 3}, {'avg_silhouette': 0.718699183186099, 'num_points': 67}, {'avg_silhouette': 0.3772181940118965, 'num_points': 5}, {'avg_silhouette': 0.27630461966533226, 'num_points': 3}, {'avg_silhouette': 0.39508986349819203, 'num_points': 18}, {'avg_silhouette': 1.0, 'num_points': 2}, {'avg_silhouette': -0.06437665839673633, 'num_points': 2}, {'avg_silhouette': 0.0, 'num_points': 1}, {'avg_silhouette': 0.36475225679876433, 'num_points': 10}, {'avg_silhouette': 0.26609337028766894, 'num_points': 3}, {'avg_silhouette': 0.10668997522508088, 'num_points': 2}, {'avg_silhouette': 0.0, 'num_points': 1}, {'avg_silhouette': 0.0, 'num_points': 1}, {'avg_silhouette': 0.254064917112555, 'num_points': 3}, {'avg_silhouette': 0.0, 'num_points': 1}, {'avg_silhouette': 0.0, 'num_points': 1}, {'avg_silhouette': 0.3543180617094056, 'num_points': 2}, {'avg_silhouette': 0.5744741679015444, 'num_points': 5}, {'avg_silhouette': 0.0, 'num_points': 1}, {'avg_silhouette': 0.0, 'num_points': 1}, {'avg_silhouette': 0.0, 'num_points': 1}, {'avg_silhouette': 0.0, 'num_points': 1}, {'avg_silhouette': 0.93497617302682, 'num_points': 4}, {'avg_silhouette': 0.0, 'num_points': 1}, {'avg_silhouette': 0.0, 'num_points': 1}, {'avg_silhouette': 0.0, 'num_points': 1}, {'avg_silhouette': 0.6934434855603757, 'num_points': 2}, {'avg_silhouette': 0.0, 'num_points': 1}, {'avg_silhouette': 0.7017479229529778, 'num_points': 2}, {'avg_silhouette': 0.0, 'num_points': 1}]",,38,0.42651610542567464,,3,0.4789947312269705
AGGLC,ward,,"[{'avg_silhouette': -0.0796624371106244, 'num_points': 4}, {'avg_silhouette': 0.2918974405153736, 'num_points': 4}, {'avg_silhouette': 0.4874532915058028, 'num_points': 5}, {'avg_silhouette': 0.3231951469966204, 'num_points': 59}, {'avg_silhouette': 0.22352613734609128, 'num_points': 4}, {'avg_silhouette': 0.16137646910631204, 'num_points': 2}, {'avg_silhouette': 0.18494362600261843, 'num_points': 5}, {'avg_silhouette': -0.09980914536867236, 'num_points': 7}, {'avg_silhouette': 0.22541260754855852, 'num_points': 3}, {'avg_silhouette': 0.718699183186099, 'num_points': 67}, {'avg_silhouette': 0.40858019932846823, 'num_points': 5}, {'avg_silhouette': 0.27630461966533226, 'num_points': 3}, {'avg_silhouette': 0.39508986349819203, 'num_points': 18}, {'avg_silhouette': 1.0, 'num_points': 2}, {'avg_silhouette': -0.06437665839673633, 'num_points': 2}, {'avg_silhouette': 0.0, 'num_points': 1}, {'avg_silhouette': 0.36475225679876433, 'num_points': 10}, {'avg_silhouette': 0.26609337028766894, 'num_points': 3}, {'avg_silhouette': 0.0, 'num_points': 1}, {'avg_silhouette': 0.0, 'num_points': 1}, {'avg_silhouette': 0.0, 'num_points': 1}, {'avg_silhouette': 0.254064917112555, 'num_points': 3}, {'avg_silhouette': 0.0, 'num_points': 1}, {'avg_silhouette': 0.0, 'num_points': 1}, {'avg_silhouette': 0.3543180617094056, 'num_points': 2}, {'avg_silhouette': 0.5744741679015444, 'num_points': 5}, {'avg_silhouette': 0.0, 'num_points': 1}, {'avg_silhouette': 0.0, 'num_points': 1}, {'avg_silhouette': 0.0, 'num_points': 1}, {'avg_silhouette': 0.0, 'num_points': 1}, {'avg_silhouette': 0.93497617302682, 'num_points': 4}, {'avg_silhouette': 0.0, 'num_points': 1}, {'avg_silhouette': 0.0, 'num_points': 1}, {'avg_silhouette': 0.0, 'num_points': 1}, {'avg_silhouette': 0.6934434855603757, 'num_points': 2}, {'avg_silhouette': 0.0, 'num_points': 1}, {'avg_silhouette': 0.7017479229529778, 'num_points': 2}]",,37,0.42468376946448283,,3,0.4789947312269705
AGGLC,ward,,"[{'avg_silhouette': -0.01741863596023812, 'num_points': 5}, {'avg_silhouette': 0.2918974405153736, 'num_points': 4}, {'avg_silhouette': -0.0796624371106244, 'num_points': 4}, {'avg_silhouette': 0.3231951469966204, 'num_points': 59}, {'avg_silhouette': 0.22352613734609128, 'num_points': 4}, {'avg_silhouette': 0.16137646910631204, 'num_points': 2}, {'avg_silhouette': 0.4874532915058028, 'num_points': 5}, {'avg_silhouette': -0.09980914536867236, 'num_points': 7}, {'avg_silhouette': 0.22541260754855852, 'num_points': 3}, {'avg_silhouette': 0.718699183186099, 'num_points': 67}, {'avg_silhouette': 0.40858019932846823, 'num_points': 5}, {'avg_silhouette': 0.3026962751834107, 'num_points': 3}, {'avg_silhouette': 0.39508986349819203, 'num_points': 18}, {'avg_silhouette': 1.0, 'num_points': 2}, {'avg_silhouette': 0.18494362600261843, 'num_points': 5}, {'avg_silhouette': 0.0, 'num_points': 1}, {'avg_silhouette': 0.3761325555923521, 'num_points': 10}, {'avg_silhouette': 0.7017479229529778, 'num_points': 2}, {'avg_silhouette': 0.0, 'num_points': 1}, {'avg_silhouette': 0.0, 'num_points': 1}, {'avg_silhouette': 0.0, 'num_points': 1}, {'avg_silhouette': 0.254064917112555, 'num_points': 3}, {'avg_silhouette': 0.0, 'num_points': 1}, {'avg_silhouette': 0.0, 'num_points': 1}, {'avg_silhouette': 0.3543180617094056, 'num_points': 2}, {'avg_silhouette': 0.5744741679015444, 'num_points': 5}, {'avg_silhouette': 0.0, 'num_points': 1}, {'avg_silhouette': 0.0, 'num_points': 1}, {'avg_silhouette': 0.0, 'num_points': 1}, {'avg_silhouette': 0.0, 'num_points': 1}, {'avg_silhouette': 0.93497617302682, 'num_points': 4}, {'avg_silhouette': 0.0, 'num_points': 1}, {'avg_silhouette': 0.0, 'num_points': 1}, {'avg_silhouette': 0.0, 'num_points': 1}, {'avg_silhouette': 0.6934434855603757, 'num_points': 2}, {'avg_silhouette': 0.0, 'num_points': 1}]",,36,0.4222852927862674,,3,0.4789947312269705
K-means,,,"[{'avg_silhouette': 0.0, 'num_points': 1}, {'avg_silhouette': 0.2686941835778731, 'num_points': 63}, {'avg_silhouette': 0.715810584193743, 'num_points': 68}, {'avg_silhouette': 0.3309535855237462, 'num_points': 2}, {'avg_silhouette': 0.3092984976075849, 'num_points': 2}, {'avg_silhouette': 0.2952385951536571, 'num_points': 5}, {'avg_silhouette': 0.0, 'num_points': 1}, {'avg_silhouette': 0.48916808702622044, 'num_points': 5}, {'avg_silhouette': 0.0, 'num_points': 1}, {'avg_silhouette': 0.0, 'num_points': 1}, {'avg_silhouette': 0.0, 'num_points': 1}, {'avg_silhouette': 0.0, 'num_points': 1}, {'avg_silhouette': 0.0, 'num_points': 1}, {'avg_silhouette': 0.8191149205378232, 'num_points': 2}, {'avg_silhouette': 0.1491580494344551, 'num_points': 2}, {'avg_silhouette': 0.13777972847379677, 'num_points': 10}, {'avg_silhouette': 0.35170027606817755, 'num_points': 2}, {'avg_silhouette': 0.5341900901293191, 'num_points': 5}, {'avg_silhouette': 0.9360143873963743, 'num_points': 4}, {'avg_silhouette': 0.0, 'num_points': 1}, {'avg_silhouette': 0.0, 'num_points': 1}, {'avg_silhouette': 0.17630684975534086, 'num_points': 2}, {'avg_silhouette': 0.5130170161606783, 'num_points': 2}, {'avg_silhouette': 0.0, 'num_points': 1}, {'avg_silhouette': 0.0, 'num_points': 1}, {'avg_silhouette': 0.39771848644122654, 'num_points': 4}, {'avg_silhouette': 0.0, 'num_points': 1}, {'avg_silhouette': 0.0, 'num_points': 1}, {'avg_silhouette': 0.0, 'num_points': 1}, {'avg_silhouette': 0.4095464953037522, 'num_points': 18}, {'avg_silhouette': 0.0, 'num_points': 1}, {'avg_silhouette': 0.6979701941826759, 'num_points': 2}, {'avg_silhouette': 1.0, 'num_points': 2}, {'avg_silhouette': 0.5465160889665837, 'num_points': 2}, {'avg_silhouette': 0.0, 'num_points': 1}, {'avg_silhouette': -0.0586880245161434, 'num_points': 2}, {'avg_silhouette': 0.0, 'num_points': 1}, {'avg_silhouette': 0.0, 'num_points': 1}, {'avg_silhouette': 0.26887341874231535, 'num_points': 3}, {'avg_silhouette': 0.0, 'num_points': 1}, {'avg_silhouette': 0.0, 'num_points': 1}, {'avg_silhouette': 0.7060305209720291, 'num_points': 2}, {'avg_silhouette': 0.0, 'num_points': 1}, {'avg_silhouette': 0.0, 'num_points': 1}, {'avg_silhouette': 0.0, 'num_points': 1}, {'avg_silhouette': 0.0, 'num_points': 1}, {'avg_silhouette': 0.0, 'num_points': 1}, {'avg_silhouette': 0.0, 'num_points': 1}]",,48,0.41774374065232023,,3,0.4646837543584561
K-means,,,"[{'avg_silhouette': 0.0, 'num_points': 1}, {'avg_silhouette': 0.4115316751480487, 'num_points': 19}, {'avg_silhouette': 0.0, 'num_points': 1}, {'avg_silhouette': 0.03239561650370473, 'num_points': 3}, {'avg_silhouette': 0.2405612652855078, 'num_points': 64}, {'avg_silhouette': 0.7181357348046485, 'num_points': 68}, {'avg_silhouette': 0.0, 'num_points': 1}, {'avg_silhouette': 0.0, 'num_points': 1}, {'avg_silhouette': 0.3725589127778336, 'num_points': 2}, {'avg_silhouette': 0.0, 'num_points': 1}, {'avg_silhouette': 0.3092984976075849, 'num_points': 2}, {'avg_silhouette': -0.04552358445050655, 'num_points': 2}, {'avg_silhouette': 0.9295911176978298, 'num_points': 4}, {'avg_silhouette': 0.4830601886389085, 'num_points': 7}, {'avg_silhouette': 0.0, 'num_points': 1}, {'avg_silhouette': 0.0, 'num_points': 1}, {'avg_silhouette': 0.0, 'num_points': 1}, {'avg_silhouette': 0.25441869321109367, 'num_points': 3}, {'avg_silhouette': 0.0, 'num_points': 1}, {'avg_silhouette': 0.0, 'num_points': 1}, {'avg_silhouette': 0.0, 'num_points': 1}, {'avg_silhouette': 0.40029588825684026, 'num_points': 4}, {'avg_silhouette': 0.9354436919302702, 'num_points': 4}, {'avg_silhouette': 0.0, 'num_points': 1}, {'avg_silhouette': 0.0, 'num_points': 1}, {'avg_silhouette': 0.21550846837060655, 'num_points': 2}, {'avg_silhouette': 0.0, 'num_points': 1}, {'avg_silhouette': 0.0, 'num_points': 1}, {'avg_silhouette': 0.0, 'num_points': 1}, {'avg_silhouette': 0.04852000355796993, 'num_points': 5}, {'avg_silhouette': 0.0, 'num_points': 1}, {'avg_silhouette': 0.2702576130625453, 'num_points': 3}, {'avg_silhouette': 0.35170027606817755, 'num_points': 2}, {'avg_silhouette': 0.0, 'num_points': 1}, {'avg_silhouette': 0.0, 'num_points': 1}, {'avg_silhouette': 0.0, 'num_points': 1}, {'avg_silhouette': 0.0, 'num_points': 1}, {'avg_silhouette': 0.2844778761556448, 'num_points': 3}, {'avg_silhouette': 0.2792614947288732, 'num_points': 4}, {'avg_silhouette': 0.0, 'num_points': 1}, {'avg_silhouette': 1.0, 'num_points': 2}, {'avg_silhouette': 0.6988467452090329, 'num_points': 2}, {'avg_silhouette': 0.0, 'num_points': 1}, {'avg_silhouette': 0.5292915798976002, 'num_points': 4}, {'avg_silhouette': 0.0, 'num_points': 1}, {'avg_silhouette': 0.706637235802923, 'num_points': 2}]",,46,0.41578941149225385,,3,0.4567428917460683
AGGLC,ward,,"[{'avg_silhouette': -0.1452574479310671, 'num_points': 9}, {'avg_silhouette': -0.01741863596023812, 'num_points': 5}, {'avg_silhouette': -0.0796624371106244, 'num_points': 4}, {'avg_silhouette': 0.2918974405153736, 'num_points': 4}, {'avg_silhouette': 0.22352613734609128, 'num_points': 4}, {'avg_silhouette': 0.16137646910631204, 'num_points': 2}, {'avg_silhouette': 0.4874532915058028, 'num_points': 5}, {'avg_silhouette': 0.3231951469966204, 'num_points': 59}, {'avg_silhouette': 0.22541260754855852, 'num_points': 3}, {'avg_silhouette': 0.718699183186099, 'num_points': 67}, {'avg_silhouette': 0.40858019932846823, 'num_points': 5}, {'avg_silhouette': 0.3026962751834107, 'num_points': 3}, {'avg_silhouette': 0.39508986349819203, 'num_points': 18}, {'avg_silhouette': 1.0, 'num_points': 2}, {'avg_silhouette': 0.18494362600261843, 'num_points': 5}, {'avg_silhouette': 0.0, 'num_points': 1}, {'avg_silhouette': 0.3761325555923521, 'num_points': 10}, {'avg_silhouette': 0.0, 'num_points': 1}, {'avg_silhouette': 0.0, 'num_points': 1}, {'avg_silhouette': 0.0, 'num_points': 1}, {'avg_silhouette': 0.0, 'num_points': 1}, {'avg_silhouette': 0.254064917112555, 'num_points': 3}, {'avg_silhouette': 0.0, 'num_points': 1}, {'avg_silhouette': 0.0, 'num_points': 1}, {'avg_silhouette': 0.3543180617094056, 'num_points': 2}, {'avg_silhouette': 0.5744741679015444, 'num_points': 5}, {'avg_silhouette': 0.0, 'num_points': 1}, {'avg_silhouette': 0.0, 'num_points': 1}, {'avg_silhouette': 0.0, 'num_points': 1}, {'avg_silhouette': 0.0, 'num_points': 1}, {'avg_silhouette': 0.93497617302682, 'num_points': 4}, {'avg_silhouette': 0.0, 'num_points': 1}, {'avg_silhouette': 0.0, 'num_points': 1}, {'avg_silhouette': 0.0, 'num_points': 1}, {'avg_silhouette': 0.6934434855603757, 'num_points': 2}]",,35,0.41372295721305524,,3,0.4789947312269705
AGGLC,ward,,"[{'avg_silhouette': 0.5411269739174603, 'num_points': 178}, {'avg_silhouette': -0.08599520137407733, 'num_points': 30}, {'avg_silhouette': 0.10888916011283722, 'num_points': 14}, {'avg_silhouette': 0.13877840197529182, 'num_points': 13}]",,4,0.4130609054610388,,4,0.175699833657878
K-means,,,"[{'avg_silhouette': 0.0, 'num_points': 1}, {'avg_silhouette': 0.25342957458450743, 'num_points': 88}, {'avg_silhouette': 0.09766366264779418, 'num_points': 2}, {'avg_silhouette': 0.28574714667002116, 'num_points': 12}, {'avg_silhouette': 0.0, 'num_points': 1}, {'avg_silhouette': 0.32075582382449236, 'num_points': 6}, {'avg_silhouette': 0.7246702937801787, 'num_points': 69}, {'avg_silhouette': 0.5341900901293191, 'num_points': 5}, {'avg_silhouette': 0.27787053720464366, 'num_points': 2}, {'avg_silhouette': 0.20884140849760638, 'num_points': 3}, {'avg_silhouette': 0.9354436919302702, 'num_points': 4}, {'avg_silhouette': 0.0, 'num_points': 1}, {'avg_silhouette': 0.0, 'num_points': 1}, {'avg_silhouette': -0.03972571537656769, 'num_points': 4}, {'avg_silhouette': 0.0, 'num_points': 1}, {'avg_silhouette': 0.0, 'num_points': 1}, {'avg_silhouette': 0.0, 'num_points': 1}, {'avg_silhouette': 0.0, 'num_points': 1}, {'avg_silhouette': 0.0, 'num_points': 1}, {'avg_silhouette': 0.3049172200517191, 'num_points': 2}, {'avg_silhouette': 0.0, 'num_points': 1}, {'avg_silhouette': 0.0, 'num_points': 1}, {'avg_silhouette': 0.3092984976075849, 'num_points': 2}, {'avg_silhouette': 0.35170027606817755, 'num_points': 2}, {'avg_silhouette': 0.0, 'num_points': 1}, {'avg_silhouette': 0.0, 'num_points': 1}, {'avg_silhouette': 1.0, 'num_points': 2}, {'avg_silhouette': 0.9295911176978298, 'num_points': 4}, {'avg_silhouette': 0.3122875179366298, 'num_points': 3}, {'avg_silhouette': 0.4306107602210726, 'num_points': 4}, {'avg_silhouette': 0.2541868121258641, 'num_points': 3}, {'avg_silhouette': 0.1417457052134169, 'num_points': 4}, {'avg_silhouette': 0.0, 'num_points': 1}]",,33,0.412459633316966,,3,0.4212823383449025
K-means,,,"[{'avg_silhouette': 0.7227595915065359, 'num_points': 68}, {'avg_silhouette': 0.0, 'num_points': 1}, {'avg_silhouette': 0.35170027606817755, 'num_points': 2}, {'avg_silhouette': 0.0, 'num_points': 1}, {'avg_silhouette': 0.17630684975534086, 'num_points': 2}, {'avg_silhouette': 0.5341900901293191, 'num_points': 5}, {'avg_silhouette': 0.0, 'num_points': 1}, {'avg_silhouette': 0.19193808637776807, 'num_points': 65}, {'avg_silhouette': 0.0, 'num_points': 1}, {'avg_silhouette': 0.0, 'num_points': 1}, {'avg_silhouette': 0.0, 'num_points': 1}, {'avg_silhouette': 0.0, 'num_points': 1}, {'avg_silhouette': 0.0, 'num_points': 1}, {'avg_silhouette': 0.20089105312947955, 'num_points': 5}, {'avg_silhouette': 0.9354436919302702, 'num_points': 4}, {'avg_silhouette': 0.0, 'num_points': 1}, {'avg_silhouette': 0.0, 'num_points': 1}, {'avg_silhouette': 0.4669686959207871, 'num_points': 7}, {'avg_silhouette': 0.3309535855237462, 'num_points': 2}, {'avg_silhouette': 0.0, 'num_points': 1}, {'avg_silhouette': 0.0, 'num_points': 1}, {'avg_silhouette': 0.41248883849160756, 'num_points': 4}, {'avg_silhouette': 0.15501716874624638, 'num_points': 4}, {'avg_silhouette': 0.1491580494344551, 'num_points': 2}, {'avg_silhouette': 0.0, 'num_points': 1}, {'avg_silhouette': 0.0, 'num_points': 1}, {'avg_silhouette': 0.0, 'num_points': 1}, {'avg_silhouette': 0.0, 'num_points': 1}, {'avg_silhouette': 0.5465160889665837, 'num_points': 2}, {'avg_silhouette': 0.0, 'num_points': 1}, {'avg_silhouette': 0.3092984976075849, 'num_points': 2}, {'avg_silhouette': 1.0, 'num_points': 2}, {'avg_silhouette': 0.0, 'num_points': 1}, {'avg_silhouette': 0.9295911176978298, 'num_points': 4}, {'avg_silhouette': 0.0, 'num_points': 1}, {'avg_silhouette': 0.0, 'num_points': 1}, {'avg_silhouette': 0.13579042959629473, 'num_points': 3}, {'avg_silhouette': 0.0, 'num_points': 1}, {'avg_silhouette': 0.0, 'num_points': 1}, {'avg_silhouette': 0.4283483309802135, 'num_points': 19}, {'avg_silhouette': 0.0, 'num_points': 1}, {'avg_silhouette': 0.22797728842894202, 'num_points': 2}, {'avg_silhouette': 0.0, 'num_points': 1}, {'avg_silhouette': 0.0, 'num_points': 1}, {'avg_silhouette': 0.0, 'num_points': 1}, {'avg_silhouette': 0.27112106679974984, 'num_points': 3}, {'avg_silhouette': 0.7107749893244426, 'num_points': 2}]",,47,0.40537319880950395,,3,0.4476820029548392
K-means,,,"[{'avg_silhouette': 0.2501384412923308, 'num_points': 88}, {'avg_silhouette': 0.3092984976075849, 'num_points': 2}, {'avg_silhouette': 0.0, 'num_points': 1}, {'avg_silhouette': 0.0, 'num_points': 1}, {'avg_silhouette': 0.3208328231035839, 'num_points': 6}, {'avg_silhouette': 0.5341900901293191, 'num_points': 5}, {'avg_silhouette': 0.27787053720464366, 'num_points': 2}, {'avg_silhouette': 0.0, 'num_points': 1}, {'avg_silhouette': 0.7254002601169454, 'num_points': 69}, {'avg_silhouette': 0.28115125367673455, 'num_points': 12}, {'avg_silhouette': 0.0, 'num_points': 1}, {'avg_silhouette': 0.938077283719097, 'num_points': 4}, {'avg_silhouette': 0.0, 'num_points': 1}, {'avg_silhouette': 0.17630684975534086, 'num_points': 2}, {'avg_silhouette': 0.0, 'num_points': 1}, {'avg_silhouette': 0.0, 'num_points': 1}, {'avg_silhouette': 0.0, 'num_points': 1}, {'avg_silhouette': 0.0, 'num_points': 1}, {'avg_silhouette': 0.0, 'num_points': 1}, {'avg_silhouette': 0.0, 'num_points': 1}, {'avg_silhouette': 0.35170027606817755, 'num_points': 2}, {'avg_silhouette': 0.0, 'num_points': 1}, {'avg_silhouette': 0.4907257007465848, 'num_points': 5}, {'avg_silhouette': 0.0, 'num_points': 1}, {'avg_silhouette': 0.0, 'num_points': 1}, {'avg_silhouette': 0.0, 'num_points': 1}, {'avg_silhouette': 0.0, 'num_points': 1}, {'avg_silhouette': 0.0, 'num_points': 1}, {'avg_silhouette': 0.2841655111641309, 'num_points': 3}, {'avg_silhouette': 0.4306107602210726, 'num_points': 4}, {'avg_silhouette': 0.0, 'num_points': 1}, {'avg_silhouette': 0.1491580494344551, 'num_points': 2}, {'avg_silhouette': 0.7170294844580256, 'num_points': 2}, {'avg_silhouette': 0.2541868121258641, 'num_points': 3}, {'avg_silhouette': 0.0, 'num_points': 1}, {'avg_silhouette': 0.3309535855237462, 'num_points': 2}, {'avg_silhouette': 0.2972285216843927, 'num_points': 3}]",,37,0.4046566850625702,,3,0.41889665169533696
K-means,,,"[{'avg_silhouette': 0.726059539771496, 'num_points': 68}, {'avg_silhouette': 0.17630684975534086, 'num_points': 2}, {'avg_silhouette': 0.34073277248350314, 'num_points': 5}, {'avg_silhouette': 0.17724693739174333, 'num_points': 68}, {'avg_silhouette': 0.0, 'num_points': 1}, {'avg_silhouette': 0.0, 'num_points': 1}, {'avg_silhouette': 0.4713298080406582, 'num_points': 7}, {'avg_silhouette': 0.3963754977315851, 'num_points': 2}, {'avg_silhouette': 0.0, 'num_points': 1}, {'avg_silhouette': 0.0, 'num_points': 1}, {'avg_silhouette': 0.0, 'num_points': 1}, {'avg_silhouette': 0.9295911176978298, 'num_points': 4}, {'avg_silhouette': 0.0, 'num_points': 1}, {'avg_silhouette': 0.0, 'num_points': 1}, {'avg_silhouette': 0.0, 'num_points': 1}, {'avg_silhouette': 0.0, 'num_points': 1}, {'avg_silhouette': 0.0, 'num_points': 1}, {'avg_silhouette': 0.13208564911279888, 'num_points': 4}, {'avg_silhouette': 0.5465160889665837, 'num_points': 2}, {'avg_silhouette': 0.0, 'num_points': 1}, {'avg_silhouette': 0.0, 'num_points': 1}, {'avg_silhouette': 0.04347074936346364, 'num_points': 5}, {'avg_silhouette': 0.0, 'num_points': 1}, {'avg_silhouette': 0.0, 'num_points': 1}, {'avg_silhouette': 0.9354436919302702, 'num_points': 4}, {'avg_silhouette': 0.0, 'num_points': 1}, {'avg_silhouette': 0.0, 'num_points': 1}, {'avg_silhouette': 0.703286880506133, 'num_points': 2}, {'avg_silhouette': 0.0, 'num_points': 1}, {'avg_silhouette': 0.0, 'num_points': 1}, {'avg_silhouette': 0.0944745064542869, 'num_points': 3}, {'avg_silhouette': 0.0, 'num_points': 1}, {'avg_silhouette': 0.0, 'num_points': 1}, {'avg_silhouette': 0.7111544911971405, 'num_points': 2}, {'avg_silhouette': 0.44689889594318, 'num_points': 18}, {'avg_silhouette': 0.009147175051060198, 'num_points': 2}, {'avg_silhouette': 0.515646091816691, 'num_points': 3}, {'avg_silhouette': 1.0, 'num_points': 2}, {'avg_silhouette': 0.0, 'num_points': 1}, {'avg_silhouette': 0.0, 'num_points': 1}, {'avg_silhouette': 0.0, 'num_points': 1}, {'avg_silhouette': 0.3309535855237462, 'num_points': 2}, {'avg_silhouette': 0.5292915798976002, 'num_points': 4}, {'avg_silhouette': 0.0, 'num_points': 1}, {'avg_silhouette': 0.1491580494344551, 'num_points': 2}]",,45,0.4028559745757276,,3,0.4500684577021398
K-means,,,"[{'avg_silhouette': 0.2811426454281842, 'num_points': 5}, {'avg_silhouette': 0.7072334340474334, 'num_points': 68}, {'avg_silhouette': 0.0, 'num_points': 1}, {'avg_silhouette': 0.513469860387268, 'num_points': 5}, {'avg_silhouette': 0.25309707863521136, 'num_points': 2}, {'avg_silhouette': 0.3998717847520554, 'num_points': 18}, {'avg_silhouette': 0.3092984976075849, 'num_points': 2}, {'avg_silhouette': 0.0, 'num_points': 1}, {'avg_silhouette': 0.11184124315136916, 'num_points': 23}, {'avg_silhouette': 0.0, 'num_points': 1}, {'avg_silhouette': 0.9295911176978298, 'num_points': 4}, {'avg_silhouette': 0.04347074936346364, 'num_points': 5}, {'avg_silhouette': 0.0, 'num_points': 1}, {'avg_silhouette': 0.0, 'num_points': 1}, {'avg_silhouette': 0.11569322310329351, 'num_points': 3}, {'avg_silhouette': 0.0, 'num_points': 1}, {'avg_silhouette': 0.0, 'num_points': 1}, {'avg_silhouette': 0.0, 'num_points': 1}, {'avg_silhouette': 0.2587961045903913, 'num_points': 3}, {'avg_silhouette': 0.0, 'num_points': 1}, {'avg_silhouette': 0.0, 'num_points': 1}, {'avg_silhouette': 0.0, 'num_points': 1}, {'avg_silhouette': 0.0, 'num_points': 1}, {'avg_silhouette': 0.0, 'num_points': 1}, {'avg_silhouette': 0.0, 'num_points': 1}, {'avg_silhouette': 0.9354436919302702, 'num_points': 4}, {'avg_silhouette': 0.0, 'num_points': 1}, {'avg_silhouette': 0.0, 'num_points': 1}, {'avg_silhouette': 1.0, 'num_points': 2}, {'avg_silhouette': 0.0, 'num_points': 1}, {'avg_silhouette': 0.4349264800863502, 'num_points': 7}, {'avg_silhouette': 0.0, 'num_points': 1}, {'avg_silhouette': 0.0, 'num_points': 1}, {'avg_silhouette': 0.0, 'num_points': 1}, {'avg_silhouette': 0.0, 'num_points': 1}, {'avg_silhouette': 0.7042345581180747, 'num_points': 2}, {'avg_silhouette': 0.6957078931591818, 'num_points': 2}, {'avg_silhouette': 0.35170027606817755, 'num_points': 2}, {'avg_silhouette': 0.25441869321109367, 'num_points': 3}, {'avg_silhouette': 0.0, 'num_points': 1}, {'avg_silhouette': 0.515646091816691, 'num_points': 3}, {'avg_silhouette': 0.0, 'num_points': 1}, {'avg_silhouette': 0.8181291776276819, 'num_points': 2}, {'avg_silhouette': 0.0, 'num_points': 1}, {'avg_silhouette': 0.0, 'num_points': 1}, {'avg_silhouette': 0.0, 'num_points': 1}, {'avg_silhouette': 0.23957535200489158, 'num_points': 42}, {'avg_silhouette': 0.0, 'num_points': 1}, {'avg_silhouette': 0.0, 'num_points': 1}]",,49,0.4013494348640727,,4,0.3646304534889374
AGGLC,ward,,"[{'avg_silhouette': 0.1427929417585378, 'num_points': 68}, {'avg_silhouette': -0.004297732548354723, 'num_points': 5}, {'avg_silhouette': -0.07192113345628989, 'num_points': 4}, {'avg_silhouette': 0.2918974405153736, 'num_points': 4}, {'avg_silhouette': 0.22352613734609128, 'num_points': 4}, {'avg_silhouette': 0.16137646910631204, 'num_points': 2}, {'avg_silhouette': 0.4907257007465848, 'num_points': 5}, {'avg_silhouette': 0.38522212454761984, 'num_points': 10}, {'avg_silhouette': 0.22541260754855852, 'num_points': 3}, {'avg_silhouette': 0.7383315532644529, 'num_points': 67}, {'avg_silhouette': 0.40858019932846823, 'num_points': 5}, {'avg_silhouette': 0.31730380089820626, 'num_points': 3}, {'avg_silhouette': 0.47096344461216216, 'num_points': 18}, {'avg_silhouette': 1.0, 'num_points': 2}, {'avg_silhouette': 0.1902185799246124, 'num_points': 5}, {'avg_silhouette': 0.0, 'num_points': 1}, {'avg_silhouette': 0.7022922540512531, 'num_points': 2}, {'avg_silhouette': 0.0, 'num_points': 1}, {'avg_silhouette': 0.0, 'num_points': 1}, {'avg_silhouette': 0.0, 'num_points': 1}, {'avg_silhouette': 0.0, 'num_points': 1}, {'avg_silhouette': 0.254064917112555, 'num_points': 3}, {'avg_silhouette': 0.0, 'num_points': 1}, {'avg_silhouette': 0.0, 'num_points': 1}, {'avg_silhouette': 0.3543180617094056, 'num_points': 2}, {'avg_silhouette': 0.5744741679015444, 'num_points': 5}, {'avg_silhouette': 0.0, 'num_points': 1}, {'avg_silhouette': 0.0, 'num_points': 1}, {'avg_silhouette': 0.0, 'num_points': 1}, {'avg_silhouette': 0.0, 'num_points': 1}, {'avg_silhouette': 0.937294959125994, 'num_points': 4}, {'avg_silhouette': 0.0, 'num_points': 1}, {'avg_silhouette': 0.0, 'num_points': 1}, {'avg_silhouette': 0.0, 'num_points': 1}]",,34,0.39215195359189314,,3,0.4506959798783843
AGGLC,ward,,"[{'avg_silhouette': 0.22937006452181974, 'num_points': 90}, {'avg_silhouette': 0.087935394216617, 'num_points': 3}, {'avg_silhouette': 0.06899488637702664, 'num_points': 6}, {'avg_silhouette': 0.3513792004778058, 'num_points': 4}, {'avg_silhouette': 0.009477296307785342, 'num_points': 5}, {'avg_silhouette': 0.03107183211875465, 'num_points': 2}, {'avg_silhouette': 0.3850964642235801, 'num_points': 9}, {'avg_silhouette': 0.41886502600034065, 'num_points': 10}, {'avg_silhouette': 0.3149800162905193, 'num_points': 3}, {'avg_silhouette': 0.7548219850487532, 'num_points': 67}, {'avg_silhouette': 0.40858019932846823, 'num_points': 5}, {'avg_silhouette': 0.332037048592397, 'num_points': 3}, {'avg_silhouette': -0.0698138867406935, 'num_points': 4}, {'avg_silhouette': 0.0, 'num_points': 1}, {'avg_silhouette': 0.2096766152971899, 'num_points': 5}, {'avg_silhouette': 0.0, 'num_points': 1}, {'avg_silhouette': 0.0, 'num_points': 1}, {'avg_silhouette': 0.0, 'num_points': 1}, {'avg_silhouette': 0.0, 'num_points': 1}, {'avg_silhouette': 0.0, 'num_points': 1}, {'avg_silhouette': 0.0, 'num_points': 1}, {'avg_silhouette': 0.254064917112555, 'num_points': 3}, {'avg_silhouette': 0.0, 'num_points': 1}, {'avg_silhouette': 0.0, 'num_points': 1}, {'avg_silhouette': 0.3543180617094056, 'num_points': 2}, {'avg_silhouette': 0.5744741679015444, 'num_points': 5}]",,26,0.38365957926350647,,2,0.49209602478528647
AGGLC,ward,,"[{'avg_silhouette': 0.087935394216617, 'num_points': 3}, {'avg_silhouette': -0.00019880520627530012, 'num_points': 5}, {'avg_silhouette': 0.10381394474725933, 'num_points': 70}, {'avg_silhouette': 0.34728377255431686, 'num_points': 4}, {'avg_silhouette': 0.22352613734609128, 'num_points': 4}, {'avg_silhouette': -0.07014912495768927, 'num_points': 4}, {'avg_silhouette': 0.4907257007465848, 'num_points': 5}, {'avg_silhouette': 0.3870894757669939, 'num_points': 10}, {'avg_silhouette': 0.22541260754855852, 'num_points': 3}, {'avg_silhouette': 0.7420769665372031, 'num_points': 67}, {'avg_silhouette': 0.40858019932846823, 'num_points': 5}, {'avg_silhouette': 0.3196549782578463, 'num_points': 3}, {'avg_silhouette': 0.4849913869451428, 'num_points': 18}, {'avg_silhouette': 1.0, 'num_points': 2}, {'avg_silhouette': 0.1902185799246124, 'num_points': 5}, {'avg_silhouette': 0.0, 'num_points': 1}, {'avg_silhouette': 0.0, 'num_points': 1}, {'avg_silhouette': 0.0, 'num_points': 1}, {'avg_silhouette': 0.0, 'num_points': 1}, {'avg_silhouette': 0.0, 'num_points': 1}, {'avg_silhouette': 0.0, 'num_points': 1}, {'avg_silhouette': 0.254064917112555, 'num_points': 3}, {'avg_silhouette': 0.0, 'num_points': 1}, {'avg_silhouette': 0.0, 'num_points': 1}, {'avg_silhouette': 0.3543180617094056, 'num_points': 2}, {'avg_silhouette': 0.5744741679015444, 'num_points': 5}, {'avg_silhouette': 0.0, 'num_points': 1}, {'avg_silhouette': 0.0, 'num_points': 1}, {'avg_silhouette': 0.0, 'num_points': 1}, {'avg_silhouette': 0.0, 'num_points': 1}, {'avg_silhouette': 0.9377873632961415, 'num_points': 4}, {'avg_silhouette': 0.0, 'num_points': 1}]",,32,0.3788489541882507,,3,0.44362743274320177
AGGLC,ward,,"[{'avg_silhouette': 0.1416182285995493, 'num_points': 5}, {'avg_silhouette': 0.087935394216617, 'num_points': 3}, {'avg_silhouette': 0.10381394474725933, 'num_points': 70}, {'avg_silhouette': 0.3513792004778058, 'num_points': 4}, {'avg_silhouette': -0.00019880520627530012, 'num_points': 5}, {'avg_silhouette': -0.07014912495768927, 'num_points': 4}, {'avg_silhouette': 0.4907257007465848, 'num_points': 5}, {'avg_silhouette': 0.3870894757669939, 'num_points': 10}, {'avg_silhouette': 0.2816953699066348, 'num_points': 3}, {'avg_silhouette': 0.7420769665372031, 'num_points': 67}, {'avg_silhouette': 0.40858019932846823, 'num_points': 5}, {'avg_silhouette': 0.3196549782578463, 'num_points': 3}, {'avg_silhouette': 0.4849913869451428, 'num_points': 18}, {'avg_silhouette': 1.0, 'num_points': 2}, {'avg_silhouette': 0.1902185799246124, 'num_points': 5}, {'avg_silhouette': 0.0, 'num_points': 1}, {'avg_silhouette': 0.0, 'num_points': 1}, {'avg_silhouette': 0.0, 'num_points': 1}, {'avg_silhouette': 0.0, 'num_points': 1}, {'avg_silhouette': 0.0, 'num_points': 1}, {'avg_silhouette': 0.0, 'num_points': 1}, {'avg_silhouette': 0.254064917112555, 'num_points': 3}, {'avg_silhouette': 0.0, 'num_points': 1}, {'avg_silhouette': 0.0, 'num_points': 1}, {'avg_silhouette': 0.3543180617094056, 'num_points': 2}, {'avg_silhouette': 0.5744741679015444, 'num_points': 5}, {'avg_silhouette': 0.0, 'num_points': 1}, {'avg_silhouette': 0.0, 'num_points': 1}, {'avg_silhouette': 0.0, 'num_points': 1}, {'avg_silhouette': 0.0, 'num_points': 1}, {'avg_silhouette': 0.9377873632961415, 'num_points': 4}]",,31,0.3788456205388106,,3,0.44362743274320177
AGGLC,ward,,"[{'avg_silhouette': 0.10381394474725933, 'num_points': 70}, {'avg_silhouette': -0.00019880520627530012, 'num_points': 5}, {'avg_silhouette': -0.07014912495768927, 'num_points': 4}, {'avg_silhouette': 0.2918974405153736, 'num_points': 4}, {'avg_silhouette': 0.22352613734609128, 'num_points': 4}, {'avg_silhouette': 0.16137646910631204, 'num_points': 2}, {'avg_silhouette': 0.4907257007465848, 'num_points': 5}, {'avg_silhouette': 0.3870894757669939, 'num_points': 10}, {'avg_silhouette': 0.22541260754855852, 'num_points': 3}, {'avg_silhouette': 0.7420769665372031, 'num_points': 67}, {'avg_silhouette': 0.40858019932846823, 'num_points': 5}, {'avg_silhouette': 0.3196549782578463, 'num_points': 3}, {'avg_silhouette': 0.4849913869451428, 'num_points': 18}, {'avg_silhouette': 1.0, 'num_points': 2}, {'avg_silhouette': 0.1902185799246124, 'num_points': 5}, {'avg_silhouette': 0.0, 'num_points': 1}, {'avg_silhouette': 0.0, 'num_points': 1}, {'avg_silhouette': 0.0, 'num_points': 1}, {'avg_silhouette': 0.0, 'num_points': 1}, {'avg_silhouette': 0.0, 'num_points': 1}, {'avg_silhouette': 0.0, 'num_points': 1}, {'avg_silhouette': 0.254064917112555, 'num_points': 3}, {'avg_silhouette': 0.0, 'num_points': 1}, {'avg_silhouette': 0.0, 'num_points': 1}, {'avg_silhouette': 0.3543180617094056, 'num_points': 2}, {'avg_silhouette': 0.5744741679015444, 'num_points': 5}, {'avg_silhouette': 0.0, 'num_points': 1}, {'avg_silhouette': 0.0, 'num_points': 1}, {'avg_silhouette': 0.0, 'num_points': 1}, {'avg_silhouette': 0.0, 'num_points': 1}, {'avg_silhouette': 0.9377873632961415, 'num_points': 4}, {'avg_silhouette': 0.0, 'num_points': 1}, {'avg_silhouette': 0.0, 'num_points': 1}]",,33,0.37815704536870604,,3,0.44362743274320177
K-means,,,"[{'avg_silhouette': 0.0, 'num_points': 1}, {'avg_silhouette': 0.04082703714597728, 'num_points': 4}, {'avg_silhouette': 0.289600115605859, 'num_points': 7}, {'avg_silhouette': 0.2299458707847766, 'num_points': 90}, {'avg_silhouette': 0.3092984976075849, 'num_points': 2}, {'avg_silhouette': 0.0, 'num_points': 1}, {'avg_silhouette': 0.7298693102483175, 'num_points': 69}, {'avg_silhouette': 0.27787053720464366, 'num_points': 2}, {'avg_silhouette': 0.08379766455002738, 'num_points': 5}, {'avg_silhouette': 0.2981597630064645, 'num_points': 12}, {'avg_silhouette': 0.0, 'num_points': 1}, {'avg_silhouette': 0.3214118480088496, 'num_points': 9}, {'avg_silhouette': 0.49249237476871344, 'num_points': 5}, {'avg_silhouette': -0.01770014846177023, 'num_points': 7}, {'avg_silhouette': 0.0, 'num_points': 1}, {'avg_silhouette': 0.0, 'num_points': 1}, {'avg_silhouette': 0.035599293858417015, 'num_points': 3}, {'avg_silhouette': 0.0, 'num_points': 1}, {'avg_silhouette': 0.09476658141772641, 'num_points': 5}, {'avg_silhouette': 0.35170027606817755, 'num_points': 2}, {'avg_silhouette': 0.0, 'num_points': 1}, {'avg_silhouette': 0.0, 'num_points': 1}, {'avg_silhouette': 0.0, 'num_points': 1}, {'avg_silhouette': 0.938077283719097, 'num_points': 4}]",,24,0.37738498394216313,,3,0.41932498134651947
K-means,,,"[{'avg_silhouette': 0.0, 'num_points': 1}, {'avg_silhouette': 0.23716602280548837, 'num_points': 92}, {'avg_silhouette': 0.28629553080488057, 'num_points': 7}, {'avg_silhouette': 0.05885292583422764, 'num_points': 4}, {'avg_silhouette': 0.4907257007465848, 'num_points': 5}, {'avg_silhouette': 0.6481910206562738, 'num_points': 72}, {'avg_silhouette': 0.27358868503573797, 'num_points': 3}, {'avg_silhouette': 0.0, 'num_points': 1}, {'avg_silhouette': 0.0, 'num_points': 1}, {'avg_silhouette': 0.2081008230788315, 'num_points': 3}, {'avg_silhouette': 0.5341900901293191, 'num_points': 5}, {'avg_silhouette': 0.0, 'num_points': 1}, {'avg_silhouette': 0.0, 'num_points': 1}, {'avg_silhouette': 0.3397162274959242, 'num_points': 11}, {'avg_silhouette': 0.45598362746918075, 'num_points': 2}, {'avg_silhouette': 0.05201418401869324, 'num_points': 6}, {'avg_silhouette': 0.0, 'num_points': 1}, {'avg_silhouette': 0.0, 'num_points': 1}, {'avg_silhouette': 0.0, 'num_points': 1}, {'avg_silhouette': 0.0, 'num_points': 1}, {'avg_silhouette': 0.10936677795538602, 'num_points': 3}, {'avg_silhouette': 0.0, 'num_points': 1}, {'avg_silhouette': 0.27787053720464366, 'num_points': 2}, {'avg_silhouette': 0.0, 'num_points': 1}, {'avg_silhouette': 0.0, 'num_points': 1}, {'avg_silhouette': 0.4306107602210726, 'num_points': 4}, {'avg_silhouette': 0.9385355558206311, 'num_points': 4}]",,27,0.3771043107106336,,2,0.44267852173088107
AGGLC,ward,,"[{'avg_silhouette': 0.23573392912631572, 'num_points': 10}, {'avg_silhouette': 0.087935394216617, 'num_points': 3}, {'avg_silhouette': 0.22937006452181974, 'num_points': 90}, {'avg_silhouette': 0.3513792004778058, 'num_points': 4}, {'avg_silhouette': 0.009477296307785342, 'num_points': 5}, {'avg_silhouette': 0.03107183211875465, 'num_points': 2}, {'avg_silhouette': 0.06899488637702664, 'num_points': 6}, {'avg_silhouette': 0.41886502600034065, 'num_points': 10}, {'avg_silhouette': 0.3149800162905193, 'num_points': 3}, {'avg_silhouette': 0.7548219850487532, 'num_points': 67}, {'avg_silhouette': 0.40858019932846823, 'num_points': 5}, {'avg_silhouette': 0.332037048592397, 'num_points': 3}, {'avg_silhouette': -0.0698138867406935, 'num_points': 4}, {'avg_silhouette': 0.0, 'num_points': 1}, {'avg_silhouette': 0.3874398025209928, 'num_points': 9}, {'avg_silhouette': 0.0, 'num_points': 1}, {'avg_silhouette': 0.0, 'num_points': 1}, {'avg_silhouette': 0.0, 'num_points': 1}, {'avg_silhouette': 0.0, 'num_points': 1}, {'avg_silhouette': 0.0, 'num_points': 1}, {'avg_silhouette': 0.0, 'num_points': 1}, {'avg_silhouette': 0.254064917112555, 'num_points': 3}, {'avg_silhouette': 0.0, 'num_points': 1}, {'avg_silhouette': 0.0, 'num_points': 1}, {'avg_silhouette': 0.3543180617094056, 'num_points': 2}]",,25,0.37709649594412853,,2,0.49209602478528647
K-means,,,"[{'avg_silhouette': 0.4623879548996868, 'num_points': 19}, {'avg_silhouette': 0.3309535855237462, 'num_points': 2}, {'avg_silhouette': 0.0, 'num_points': 1}, {'avg_silhouette': 0.7320087928020694, 'num_points': 68}, {'avg_silhouette': 0.17630684975534086, 'num_points': 2}, {'avg_silhouette': 0.0, 'num_points': 1}, {'avg_silhouette': 0.27787053720464366, 'num_points': 2}, {'avg_silhouette': 0.35170027606817755, 'num_points': 2}, {'avg_silhouette': 0.0, 'num_points': 1}, {'avg_silhouette': 0.513469860387268, 'num_points': 5}, {'avg_silhouette': 0.4907257007465848, 'num_points': 5}, {'avg_silhouette': 0.32732053201012046, 'num_points': 11}, {'avg_silhouette': 0.0, 'num_points': 1}, {'avg_silhouette': 0.09766366264779418, 'num_points': 2}, {'avg_silhouette': 0.0, 'num_points': 1}, {'avg_silhouette': -0.04552358445050655, 'num_points': 2}, {'avg_silhouette': 0.0, 'num_points': 1}, {'avg_silhouette': 0.0, 'num_points': 1}, {'avg_silhouette': 0.0, 'num_points': 1}, {'avg_silhouette': 0.0, 'num_points': 1}, {'avg_silhouette': 0.10418699945537642, 'num_points': 70}, {'avg_silhouette': 0.13692444340391088, 'num_points': 4}, {'avg_silhouette': 0.0, 'num_points': 1}, {'avg_silhouette': 0.0, 'num_points': 1}, {'avg_silhouette': 0.5465160889665837, 'num_points': 2}, {'avg_silhouette': 0.3117732057506612, 'num_points': 3}, {'avg_silhouette': 0.0, 'num_points': 1}, {'avg_silhouette': 0.0, 'num_points': 1}, {'avg_silhouette': 0.9379570675227589, 'num_points': 4}, {'avg_silhouette': 0.0, 'num_points': 1}, {'avg_silhouette': 0.0, 'num_points': 1}, {'avg_silhouette': 0.0, 'num_points': 1}, {'avg_silhouette': 0.2792614947288732, 'num_points': 4}, {'avg_silhouette': 0.0, 'num_points': 1}, {'avg_silhouette': 0.7143885856703089, 'num_points': 2}, {'avg_silhouette': 0.0, 'num_points': 1}, {'avg_silhouette': 0.3092984976075849, 'num_points': 2}, {'avg_silhouette': 0.0, 'num_points': 1}, {'avg_silhouette': 0.0, 'num_points': 1}, {'avg_silhouette': 0.515646091816691, 'num_points': 3}, {'avg_silhouette': 0.0, 'num_points': 1}]",,41,0.3740159216451204,,3,0.43286124905237755
K-means,,,"[{'avg_silhouette': 0.4129706921079839, 'num_points': 4}, {'avg_silhouette': 0.07213106953778312, 'num_points': 72}, {'avg_silhouette': 0.2201387949707447, 'num_points': 3}, {'avg_silhouette': 0.0, 'num_points': 1}, {'avg_silhouette': 0.7353121271264305, 'num_points': 68}, {'avg_silhouette': 0.0, 'num_points': 1}, {'avg_silhouette': 0.27450465648607036, 'num_points': 7}, {'avg_silhouette': 0.4669686959207871, 'num_points': 7}, {'avg_silhouette': 0.3092984976075849, 'num_points': 2}, {'avg_silhouette': 0.27787053720464366, 'num_points': 2}, {'avg_silhouette': 0.0, 'num_points': 1}, {'avg_silhouette': 0.5341900901293191, 'num_points': 5}, {'avg_silhouette': 0.26790731723363154, 'num_points': 3}, {'avg_silhouette': 0.0, 'num_points': 1}, {'avg_silhouette': 0.0, 'num_points': 1}, {'avg_silhouette': 0.0, 'num_points': 1}, {'avg_silhouette': 0.07910627600661357, 'num_points': 3}, {'avg_silhouette': 0.9295911176978298, 'num_points': 4}, {'avg_silhouette': 0.0, 'num_points': 1}, {'avg_silhouette': 0.0, 'num_points': 1}, {'avg_silhouette': 0.9354436919302702, 'num_points': 4}, {'avg_silhouette': 0.0, 'num_points': 1}, {'avg_silhouette': 0.3122568545170439, 'num_points': 3}, {'avg_silhouette': 0.0, 'num_points': 1}, {'avg_silhouette': 0.05493876564532456, 'num_points': 5}, {'avg_silhouette': 0.15501716874624638, 'num_points': 4}, {'avg_silhouette': 0.0, 'num_points': 1}, {'avg_silhouette': 0.0, 'num_points': 1}, {'avg_silhouette': 0.0, 'num_points': 1}, {'avg_silhouette': 0.25441869321109367, 'num_points': 3}, {'avg_silhouette': 0.47397200027017344, 'num_points': 19}, {'avg_silhouette': 0.0, 'num_points': 1}, {'avg_silhouette': 0.35170027606817755, 'num_points': 2}, {'avg_silhouette': 0.0, 'num_points': 1}]",,34,0.37169106601565827,,3,0.427138398978129
K-means,,,"[{'avg_silhouette': 0.24376814362799173, 'num_points': 91}, {'avg_silhouette': 0.022479847391204878, 'num_points': 7}, {'avg_silhouette': 0.45598362746918075, 'num_points': 2}, {'avg_silhouette': 0.3877945615823605, 'num_points': 5}, {'avg_silhouette': 0.33445857369518994, 'num_points': 9}, {'avg_silhouette': 0.5440461024517761, 'num_points': 8}, {'avg_silhouette': 0.0, 'num_points': 1}, {'avg_silhouette': 0.0, 'num_points': 1}, {'avg_silhouette': 0.6469923727798157, 'num_points': 72}, {'avg_silhouette': 0.33287678550570543, 'num_points': 3}, {'avg_silhouette': 0.05885292583422764, 'num_points': 4}, {'avg_silhouette': 0.0, 'num_points': 1}, {'avg_silhouette': 0.3022610440031381, 'num_points': 12}, {'avg_silhouette': 0.03631145734083856, 'num_points': 2}, {'avg_silhouette': 0.0, 'num_points': 1}, {'avg_silhouette': 0.0, 'num_points': 1}, {'avg_silhouette': 0.0, 'num_points': 1}, {'avg_silhouette': 0.0, 'num_points': 1}, {'avg_silhouette': 0.0, 'num_points': 1}, {'avg_silhouette': 0.0, 'num_points': 1}, {'avg_silhouette': 0.0, 'num_points': 1}, {'avg_silhouette': 0.27787053720464366, 'num_points': 2}, {'avg_silhouette': 0.10277921165029484, 'num_points': 5}, {'avg_silhouette': 1.0, 'num_points': 2}, {'avg_silhouette': 0.0, 'num_points': 1}]",,25,0.37081098520420264,,3,0.3976738534703152
AGGLC,ward,,"[{'avg_silhouette': -0.07249145842822305, 'num_points': 8}, {'avg_silhouette': 0.23573392912631572, 'num_points': 10}, {'avg_silhouette': 0.22937006452181974, 'num_points': 90}, {'avg_silhouette': 0.3513792004778058, 'num_points': 4}, {'avg_silhouette': 0.087935394216617, 'num_points': 3}, {'avg_silhouette': 0.03107183211875465, 'num_points': 2}, {'avg_silhouette': 0.06899488637702664, 'num_points': 6}, {'avg_silhouette': 0.4229212328779731, 'num_points': 10}, {'avg_silhouette': 0.3149800162905193, 'num_points': 3}, {'avg_silhouette': 0.7548219850487532, 'num_points': 67}, {'avg_silhouette': 0.40858019932846823, 'num_points': 5}, {'avg_silhouette': 0.3543180617094056, 'num_points': 2}, {'avg_silhouette': -0.0698138867406935, 'num_points': 4}, {'avg_silhouette': 0.0, 'num_points': 1}, {'avg_silhouette': 0.3874398025209928, 'num_points': 9}, {'avg_silhouette': 0.0, 'num_points': 1}, {'avg_silhouette': 0.0, 'num_points': 1}, {'avg_silhouette': 0.0, 'num_points': 1}, {'avg_silhouette': 0.0, 'num_points': 1}, {'avg_silhouette': 0.0, 'num_points': 1}, {'avg_silhouette': 0.0, 'num_points': 1}, {'avg_silhouette': 0.254064917112555, 'num_points': 3}, {'avg_silhouette': 0.0, 'num_points': 1}, {'avg_silhouette': 0.0, 'num_points': 1}]",,24,0.37036089072725376,,2,0.49209602478528647
AGGLC,ward,,"[{'avg_silhouette': 0.025710616076264965, 'num_points': 7}, {'avg_silhouette': 0.23573392912631572, 'num_points': 10}, {'avg_silhouette': -0.07249145842822305, 'num_points': 8}, {'avg_silhouette': 0.3513792004778058, 'num_points': 4}, {'avg_silhouette': 0.087935394216617, 'num_points': 3}, {'avg_silhouette': 0.03107183211875465, 'num_points': 2}, {'avg_silhouette': 0.22937006452181974, 'num_points': 90}, {'avg_silhouette': 0.4229212328779731, 'num_points': 10}, {'avg_silhouette': 0.34018196865656153, 'num_points': 3}, {'avg_silhouette': 0.7548219850487532, 'num_points': 67}, {'avg_silhouette': 0.40858019932846823, 'num_points': 5}, {'avg_silhouette': 0.3543180617094056, 'num_points': 2}, {'avg_silhouette': -0.0698138867406935, 'num_points': 4}, {'avg_silhouette': 0.0, 'num_points': 1}, {'avg_silhouette': 0.3874398025209928, 'num_points': 9}, {'avg_silhouette': 0.0, 'num_points': 1}, {'avg_silhouette': 0.0, 'num_points': 1}, {'avg_silhouette': 0.0, 'num_points': 1}, {'avg_silhouette': 0.0, 'num_points': 1}, {'avg_silhouette': 0.0, 'num_points': 1}, {'avg_silhouette': 0.0, 'num_points': 1}, {'avg_silhouette': 0.254064917112555, 'num_points': 3}, {'avg_silhouette': 0.0, 'num_points': 1}]",,23,0.369686894350104,,2,0.49209602478528647
K-means,,,"[{'avg_silhouette': 0.7346485820219066, 'num_points': 68}, {'avg_silhouette': 0.2918974405153736, 'num_points': 4}, {'avg_silhouette': 0.056090871201155794, 'num_points': 6}, {'avg_silhouette': 0.4716740520757946, 'num_points': 19}, {'avg_silhouette': 0.0, 'num_points': 1}, {'avg_silhouette': 0.3543180617094056, 'num_points': 2}, {'avg_silhouette': 0.17545944522291626, 'num_points': 4}, {'avg_silhouette': 0.3386075887021456, 'num_points': 6}, {'avg_silhouette': 0.4907257007465848, 'num_points': 5}, {'avg_silhouette': 0.0, 'num_points': 1}, {'avg_silhouette': 0.07830341949213687, 'num_points': 72}, {'avg_silhouette': 0.0, 'num_points': 1}, {'avg_silhouette': 0.0, 'num_points': 1}, {'avg_silhouette': 0.3279205436506808, 'num_points': 8}, {'avg_silhouette': 0.5341900901293191, 'num_points': 5}, {'avg_silhouette': 0.0, 'num_points': 1}, {'avg_silhouette': 0.0, 'num_points': 1}, {'avg_silhouette': 0.0, 'num_points': 1}, {'avg_silhouette': 0.0, 'num_points': 1}, {'avg_silhouette': 0.0, 'num_points': 1}, {'avg_silhouette': 0.9379570675227589, 'num_points': 4}, {'avg_silhouette': 0.0, 'num_points': 1}, {'avg_silhouette': 0.16137646910631204, 'num_points': 2}, {'avg_silhouette': 0.25441869321109367, 'num_points': 3}, {'avg_silhouette': 0.0, 'num_points': 1}, {'avg_silhouette': 0.4129706921079839, 'num_points': 4}, {'avg_silhouette': 0.0747691643789198, 'num_points': 5}, {'avg_silhouette': 0.0, 'num_points': 1}, {'avg_silhouette': 0.3243080029147103, 'num_points': 2}, {'avg_silhouette': 0.0, 'num_points': 1}, {'avg_silhouette': 0.0, 'num_points': 1}, {'avg_silhouette': 1.0, 'num_points': 2}]",,32,0.3692005803567372,,3,0.428208684529946
AGGLC,ward,,"[{'avg_silhouette': 0.17217871518589958, 'num_points': 4}, {'avg_silhouette': 0.05327153383024761, 'num_points': 7}, {'avg_silhouette': -0.07249145842822305, 'num_points': 8}, {'avg_silhouette': 0.23573392912631572, 'num_points': 10}, {'avg_silhouette': 0.087935394216617, 'num_points': 3}, {'avg_silhouette': 0.03107183211875465, 'num_points': 2}, {'avg_silhouette': 0.22937006452181974, 'num_points': 90}, {'avg_silhouette': 0.4229212328779731, 'num_points': 10}, {'avg_silhouette': 0.3513792004778058, 'num_points': 4}, {'avg_silhouette': 0.7548219850487532, 'num_points': 67}, {'avg_silhouette': 0.40858019932846823, 'num_points': 5}, {'avg_silhouette': 0.3543180617094056, 'num_points': 2}, {'avg_silhouette': -0.0698138867406935, 'num_points': 4}, {'avg_silhouette': 0.0, 'num_points': 1}, {'avg_silhouette': 0.3874398025209928, 'num_points': 9}, {'avg_silhouette': 0.0, 'num_points': 1}, {'avg_silhouette': 0.0, 'num_points': 1}, {'avg_silhouette': 0.0, 'num_points': 1}, {'avg_silhouette': 0.0, 'num_points': 1}, {'avg_silhouette': 0.0, 'num_points': 1}, {'avg_silhouette': 0.0, 'num_points': 1}, {'avg_silhouette': 0.254064917112555, 'num_points': 3}]",,22,0.36909581085670734,,2,0.49209602478528647
K-means,,,"[{'avg_silhouette': 0.0, 'num_points': 1}, {'avg_silhouette': 0.5341900901293191, 'num_points': 5}, {'avg_silhouette': 0.35170027606817755, 'num_points': 2}, {'avg_silhouette': 0.11569322310329351, 'num_points': 3}, {'avg_silhouette': 0.1862385453640239, 'num_points': 66}, {'avg_silhouette': 0.0, 'num_points': 1}, {'avg_silhouette': 0.25309707863521136, 'num_points': 2}, {'avg_silhouette': 0.20089105312947955, 'num_points': 5}, {'avg_silhouette': 0.0, 'num_points': 1}, {'avg_silhouette': 0.41271896737258673, 'num_points': 4}, {'avg_silhouette': 0.6220411534999345, 'num_points': 67}, {'avg_silhouette': 0.3279205436506808, 'num_points': 8}, {'avg_silhouette': 0.0, 'num_points': 1}, {'avg_silhouette': 0.4907257007465848, 'num_points': 5}, {'avg_silhouette': 0.0, 'num_points': 1}, {'avg_silhouette': 0.0, 'num_points': 1}, {'avg_silhouette': 0.0, 'num_points': 1}, {'avg_silhouette': 0.0, 'num_points': 1}, {'avg_silhouette': 0.0, 'num_points': 1}, {'avg_silhouette': 0.0, 'num_points': 1}, {'avg_silhouette': 0.0, 'num_points': 1}, {'avg_silhouette': 0.0, 'num_points': 1}, {'avg_silhouette': 0.0, 'num_points': 1}, {'avg_silhouette': 0.0, 'num_points': 1}, {'avg_silhouette': 0.0, 'num_points': 1}, {'avg_silhouette': 0.0, 'num_points': 1}, {'avg_silhouette': 1.0, 'num_points': 2}, {'avg_silhouette': 0.0, 'num_points': 1}, {'avg_silhouette': 0.9369959089039668, 'num_points': 4}, {'avg_silhouette': 0.2897782987993756, 'num_points': 3}, {'avg_silhouette': 0.0, 'num_points': 1}, {'avg_silhouette': 0.0, 'num_points': 1}, {'avg_silhouette': 0.2539305641410574, 'num_points': 3}, {'avg_silhouette': 0.0, 'num_points': 1}, {'avg_silhouette': 0.0, 'num_points': 1}, {'avg_silhouette': 0.0, 'num_points': 1}, {'avg_silhouette': 0.3092984976075849, 'num_points': 2}, {'avg_silhouette': 0.0, 'num_points': 1}, {'avg_silhouette': 0.4319530840681916, 'num_points': 19}, {'avg_silhouette': 0.7102350715641186, 'num_points': 2}, {'avg_silhouette': 0.7022438748023606, 'num_points': 2}, {'avg_silhouette': 0.2744207434168007, 'num_points': 3}, {'avg_silhouette': 0.17545944522291626, 'num_points': 4}, {'avg_silhouette': 0.0, 'num_points': 1}]",,44,0.36801414390120657,,3,0.41341092764405
AGGLC,ward,,"[{'avg_silhouette': 0.13361108427602436, 'num_points': 9}, {'avg_silhouette': 0.07851234449190718, 'num_points': 7}, {'avg_silhouette': 0.17217871518589958, 'num_points': 4}, {'avg_silhouette': 0.23573392912631572, 'num_points': 10}, {'avg_silhouette': 0.087935394216617, 'num_points': 3}, {'avg_silhouette': -0.07249145842822305, 'num_points': 8}, {'avg_silhouette': 0.22937006452181974, 'num_points': 90}, {'avg_silhouette': 0.4229212328779731, 'num_points': 10}, {'avg_silhouette': 0.3513792004778058, 'num_points': 4}, {'avg_silhouette': 0.7548219850487532, 'num_points': 67}, {'avg_silhouette': 0.254064917112555, 'num_points': 3}, {'avg_silhouette': 0.3543180617094056, 'num_points': 2}, {'avg_silhouette': 0.03107183211875465, 'num_points': 2}, {'avg_silhouette': 0.0, 'num_points': 1}, {'avg_silhouette': 0.3874398025209928, 'num_points': 9}, {'avg_silhouette': 0.0, 'num_points': 1}, {'avg_silhouette': 0.0, 'num_points': 1}, {'avg_silhouette': 0.0, 'num_points': 1}, {'avg_silhouette': 0.0, 'num_points': 1}, {'avg_silhouette': 0.0, 'num_points': 1}, {'avg_silhouette': 0.0, 'num_points': 1}]",,21,0.3674598107862235,,2,0.49209602478528647
AGGLC,ward,,"[{'avg_silhouette': 0.03107183211875465, 'num_points': 2}, {'avg_silhouette': 0.087935394216617, 'num_points': 3}, {'avg_silhouette': 0.38460299709961615, 'num_points': 9}, {'avg_silhouette': 0.3513792004778058, 'num_points': 4}, {'avg_silhouette': -0.00019880520627530012, 'num_points': 5}, {'avg_silhouette': 0.1416182285995493, 'num_points': 5}, {'avg_silhouette': 0.10381394474725933, 'num_points': 70}, {'avg_silhouette': 0.3870894757669939, 'num_points': 10}, {'avg_silhouette': 0.2816953699066348, 'num_points': 3}, {'avg_silhouette': 0.7420769665372031, 'num_points': 67}, {'avg_silhouette': 0.40858019932846823, 'num_points': 5}, {'avg_silhouette': 0.3196549782578463, 'num_points': 3}, {'avg_silhouette': -0.07014912495768927, 'num_points': 4}, {'avg_silhouette': 1.0, 'num_points': 2}, {'avg_silhouette': 0.1902185799246124, 'num_points': 5}, {'avg_silhouette': 0.0, 'num_points': 1}, {'avg_silhouette': 0.0, 'num_points': 1}, {'avg_silhouette': 0.0, 'num_points': 1}, {'avg_silhouette': 0.0, 'num_points': 1}, {'avg_silhouette': 0.0, 'num_points': 1}, {'avg_silhouette': 0.0, 'num_points': 1}, {'avg_silhouette': 0.254064917112555, 'num_points': 3}, {'avg_silhouette': 0.0, 'num_points': 1}, {'avg_silhouette': 0.0, 'num_points': 1}, {'avg_silhouette': 0.3543180617094056, 'num_points': 2}, {'avg_silhouette': 0.5744741679015444, 'num_points': 5}, {'avg_silhouette': 0.4849913869451428, 'num_points': 18}, {'avg_silhouette': 0.0, 'num_points': 1}, {'avg_silhouette': 0.0, 'num_points': 1}]",,29,0.3674362276929236,,3,0.44362743274320177
AGGLC,ward,,"[{'avg_silhouette': 0.38460299709961615, 'num_points': 9}, {'avg_silhouette': 0.087935394216617, 'num_points': 3}, {'avg_silhouette': 0.1416182285995493, 'num_points': 5}, {'avg_silhouette': 0.3513792004778058, 'num_points': 4}, {'avg_silhouette': -0.00019880520627530012, 'num_points': 5}, {'avg_silhouette': -0.07014912495768927, 'num_points': 4}, {'avg_silhouette': 0.10381394474725933, 'num_points': 70}, {'avg_silhouette': 0.3870894757669939, 'num_points': 10}, {'avg_silhouette': 0.2816953699066348, 'num_points': 3}, {'avg_silhouette': 0.7420769665372031, 'num_points': 67}, {'avg_silhouette': 0.40858019932846823, 'num_points': 5}, {'avg_silhouette': 0.3196549782578463, 'num_points': 3}, {'avg_silhouette': 0.4849913869451428, 'num_points': 18}, {'avg_silhouette': 1.0, 'num_points': 2}, {'avg_silhouette': 0.1902185799246124, 'num_points': 5}, {'avg_silhouette': 0.0, 'num_points': 1}, {'avg_silhouette': 0.0, 'num_points': 1}, {'avg_silhouette': 0.0, 'num_points': 1}, {'avg_silhouette': 0.0, 'num_points': 1}, {'avg_silhouette': 0.0, 'num_points': 1}, {'avg_silhouette': 0.0, 'num_points': 1}, {'avg_silhouette': 0.254064917112555, 'num_points': 3}, {'avg_silhouette': 0.0, 'num_points': 1}, {'avg_silhouette': 0.0, 'num_points': 1}, {'avg_silhouette': 0.3543180617094056, 'num_points': 2}, {'avg_silhouette': 0.5744741679015444, 'num_points': 5}, {'avg_silhouette': 0.0, 'num_points': 1}, {'avg_silhouette': 0.0, 'num_points': 1}, {'avg_silhouette': 0.0, 'num_points': 1}, {'avg_silhouette': 0.0, 'num_points': 1}]",,30,0.3671717865685087,,3,0.44362743274320177
AGGLC,ward,,"[{'avg_silhouette': 0.045598559865285354, 'num_points': 8}, {'avg_silhouette': 0.13361108427602436, 'num_points': 9}, {'avg_silhouette': 0.18905176403090496, 'num_points': 4}, {'avg_silhouette': 0.23573392912631572, 'num_points': 10}, {'avg_silhouette': 0.087935394216617, 'num_points': 3}, {'avg_silhouette': -0.07249145842822305, 'num_points': 8}, {'avg_silhouette': 0.22937006452181974, 'num_points': 90}, {'avg_silhouette': 0.4229212328779731, 'num_points': 10}, {'avg_silhouette': 0.3513792004778058, 'num_points': 4}, {'avg_silhouette': 0.7548219850487532, 'num_points': 67}, {'avg_silhouette': 0.254064917112555, 'num_points': 3}, {'avg_silhouette': 0.3543180617094056, 'num_points': 2}, {'avg_silhouette': 0.03107183211875465, 'num_points': 2}, {'avg_silhouette': 0.0, 'num_points': 1}, {'avg_silhouette': 0.3874398025209928, 'num_points': 9}, {'avg_silhouette': 0.0, 'num_points': 1}, {'avg_silhouette': 0.0, 'num_points': 1}, {'avg_silhouette': 0.0, 'num_points': 1}, {'avg_silhouette': 0.0, 'num_points': 1}, {'avg_silhouette': 0.0, 'num_points': 1}]",,20,0.36696063743668705,,2,0.49209602478528647
K-means,,,"[{'avg_silhouette': 0.0, 'num_points': 1}, {'avg_silhouette': 0.1742799859008749, 'num_points': 95}, {'avg_silhouette': 0.05885292583422764, 'num_points': 4}, {'avg_silhouette': 0.24963249207210478, 'num_points': 7}, {'avg_silhouette': 0.7134420868619483, 'num_points': 70}, {'avg_silhouette': 0.0, 'num_points': 1}, {'avg_silhouette': 0.4907257007465848, 'num_points': 5}, {'avg_silhouette': 0.17545944522291626, 'num_points': 4}, {'avg_silhouette': 0.0, 'num_points': 1}, {'avg_silhouette': 0.060431646991181066, 'num_points': 5}, {'avg_silhouette': 0.5341900901293191, 'num_points': 5}, {'avg_silhouette': 0.3448946258233416, 'num_points': 3}, {'avg_silhouette': 0.27787053720464366, 'num_points': 2}, {'avg_silhouette': 0.3279205436506808, 'num_points': 8}, {'avg_silhouette': 0.0, 'num_points': 1}, {'avg_silhouette': 0.0, 'num_points': 1}, {'avg_silhouette': 0.0, 'num_points': 1}, {'avg_silhouette': 0.0, 'num_points': 1}, {'avg_silhouette': 0.0, 'num_points': 1}, {'avg_silhouette': 0.0, 'num_points': 1}, {'avg_silhouette': 0.9384170660388368, 'num_points': 4}, {'avg_silhouette': 0.0, 'num_points': 1}, {'avg_silhouette': 0.0, 'num_points': 1}, {'avg_silhouette': 0.4306107602210726, 'num_points': 4}, {'avg_silhouette': 0.0, 'num_points': 1}, {'avg_silhouette': 0.45598362746918075, 'num_points': 2}, {'avg_silhouette': 0.256654874425524, 'num_points': 3}, {'avg_silhouette': 0.0, 'num_points': 1}, {'avg_silhouette': 0.0, 'num_points': 1}]",,29,0.365875707843947,,2,0.4438610363814116
K-means,,,"[{'avg_silhouette': 0.36303146553056487, 'num_points': 12}, {'avg_silhouette': 0.14769578752419224, 'num_points': 13}, {'avg_silhouette': 0.04075030134528436, 'num_points': 22}, {'avg_silhouette': 0.4182812751636686, 'num_points': 188}]",,4,0.36514812418956266,,4,0.24243970739092752
K-means,,,"[{'avg_silhouette': 0.0, 'num_points': 1}, {'avg_silhouette': 0.07412423687638708, 'num_points': 72}, {'avg_silhouette': 0.35170027606817755, 'num_points': 2}, {'avg_silhouette': 0.7353734631542044, 'num_points': 68}, {'avg_silhouette': 0.0, 'num_points': 1}, {'avg_silhouette': 0.5341900901293191, 'num_points': 5}, {'avg_silhouette': 0.41281279793807724, 'num_points': 2}, {'avg_silhouette': 0.2590367091749555, 'num_points': 12}, {'avg_silhouette': 0.0, 'num_points': 1}, {'avg_silhouette': 0.3863580107158455, 'num_points': 5}, {'avg_silhouette': 0.0, 'num_points': 1}, {'avg_silhouette': 0.0, 'num_points': 1}, {'avg_silhouette': 0.0, 'num_points': 1}, {'avg_silhouette': 0.0, 'num_points': 1}, {'avg_silhouette': 0.0, 'num_points': 1}, {'avg_silhouette': 0.0, 'num_points': 1}, {'avg_silhouette': 0.4907257007465848, 'num_points': 5}, {'avg_silhouette': 0.0, 'num_points': 1}, {'avg_silhouette': 0.013566985922527591, 'num_points': 3}, {'avg_silhouette': 0.0, 'num_points': 1}, {'avg_silhouette': 0.9379570675227589, 'num_points': 4}, {'avg_silhouette': 0.07503314932630774, 'num_points': 5}, {'avg_silhouette': 0.0, 'num_points': 1}, {'avg_silhouette': 0.09766366264779418, 'num_points': 2}, {'avg_silhouette': 0.0, 'num_points': 1}, {'avg_silhouette': 0.06365744898563845, 'num_points': 2}, {'avg_silhouette': 0.0, 'num_points': 1}, {'avg_silhouette': 0.0, 'num_points': 1}, {'avg_silhouette': 0.4129706921079839, 'num_points': 4}, {'avg_silhouette': 0.472698914547037, 'num_points': 19}, {'avg_silhouette': 0.03631145734083856, 'num_points': 2}, {'avg_silhouette': 0.3092984976075849, 'num_points': 2}, {'avg_silhouette': 0.7060448409167631, 'num_points': 2}, {'avg_silhouette': 0.25441869321109367, 'num_points': 3}, {'avg_silhouette': 0.0, 'num_points': 1}]",,35,0.36181379246639495,,4,0.385308330938146
AGGLC,ward,,"[{'avg_silhouette': 0.2369568165305614, 'num_points': 7}, {'avg_silhouette': 0.664035427279813, 'num_points': 70}, {'avg_silhouette': 0.18905176403090496, 'num_points': 4}, {'avg_silhouette': 0.2376761031035719, 'num_points': 10}, {'avg_silhouette': 0.04624272675751195, 'num_points': 8}, {'avg_silhouette': -0.06878898597202718, 'num_points': 8}, {'avg_silhouette': 0.25945410108241657, 'num_points': 90}, {'avg_silhouette': 0.4251863789957354, 'num_points': 10}, {'avg_silhouette': 0.0, 'num_points': 1}, {'avg_silhouette': 0.0, 'num_points': 1}, {'avg_silhouette': 0.14447797398574946, 'num_points': 9}, {'avg_silhouette': 0.4128662384437736, 'num_points': 2}, {'avg_silhouette': 0.03356322463411135, 'num_points': 2}, {'avg_silhouette': 0.0, 'num_points': 1}, {'avg_silhouette': 0.39488048734050296, 'num_points': 9}, {'avg_silhouette': 0.0, 'num_points': 1}, {'avg_silhouette': 0.0, 'num_points': 1}, {'avg_silhouette': 0.0, 'num_points': 1}]",,18,0.3593344408689828,,2,0.46174476418111476
AGGLC,ward,,"[{'avg_silhouette': 0.013011384204180165, 'num_points': 3}, {'avg_silhouette': 0.664035427279813, 'num_points': 70}, {'avg_silhouette': 0.23894714088220245, 'num_points': 7}, {'avg_silhouette': 0.2376761031035719, 'num_points': 10}, {'avg_silhouette': 0.04624272675751195, 'num_points': 8}, {'avg_silhouette': 0.18905176403090496, 'num_points': 4}, {'avg_silhouette': 0.25945410108241657, 'num_points': 90}, {'avg_silhouette': 0.4251863789957354, 'num_points': 10}, {'avg_silhouette': 0.0, 'num_points': 1}, {'avg_silhouette': 0.0, 'num_points': 1}, {'avg_silhouette': 0.14447797398574946, 'num_points': 9}, {'avg_silhouette': 0.4128662384437736, 'num_points': 2}, {'avg_silhouette': -0.06878898597202718, 'num_points': 8}, {'avg_silhouette': 0.0, 'num_points': 1}, {'avg_silhouette': 0.39488048734050296, 'num_points': 9}, {'avg_silhouette': 0.0, 'num_points': 1}, {'avg_silhouette': 0.0, 'num_points': 1}]",,17,0.3592741854383692,,2,0.46174476418111476
AGGLC,ward,,"[{'avg_silhouette': 0.664035427279813, 'num_points': 70}, {'avg_silhouette': 0.04624272675751195, 'num_points': 8}, {'avg_silhouette': 0.18905176403090496, 'num_points': 4}, {'avg_silhouette': 0.2376761031035719, 'num_points': 10}, {'avg_silhouette': 0.14447797398574946, 'num_points': 9}, {'avg_silhouette': -0.06878898597202718, 'num_points': 8}, {'avg_silhouette': 0.25945410108241657, 'num_points': 90}, {'avg_silhouette': 0.4251863789957354, 'num_points': 10}, {'avg_silhouette': 0.3513792004778058, 'num_points': 4}, {'avg_silhouette': 0.0, 'num_points': 1}, {'avg_silhouette': 0.087935394216617, 'num_points': 3}, {'avg_silhouette': 0.3543180617094056, 'num_points': 2}, {'avg_silhouette': 0.03107183211875465, 'num_points': 2}, {'avg_silhouette': 0.0, 'num_points': 1}, {'avg_silhouette': 0.39488048734050296, 'num_points': 9}, {'avg_silhouette': 0.0, 'num_points': 1}, {'avg_silhouette': 0.0, 'num_points': 1}, {'avg_silhouette': 0.0, 'num_points': 1}, {'avg_silhouette': 0.0, 'num_points': 1}]",,19,0.3588601690832283,,2,0.46174476418111476
AGGLC,ward,,"[{'avg_silhouette': 0.013210598324067251, 'num_points': 9}, {'avg_silhouette': 0.013011384204180165, 'num_points': 3}, {'avg_silhouette': 0.23920100289509136, 'num_points': 7}, {'avg_silhouette': 0.2376761031035719, 'num_points': 10}, {'avg_silhouette': 0.664035427279813, 'num_points': 70}, {'avg_silhouette': 0.21480684864665775, 'num_points': 4}, {'avg_silhouette': 0.25945410108241657, 'num_points': 90}, {'avg_silhouette': 0.4251863789957354, 'num_points': 10}, {'avg_silhouette': 0.0, 'num_points': 1}, {'avg_silhouette': 0.0, 'num_points': 1}, {'avg_silhouette': 0.14447797398574946, 'num_points': 9}, {'avg_silhouette': 0.4128662384437736, 'num_points': 2}, {'avg_silhouette': -0.06878898597202718, 'num_points': 8}, {'avg_silhouette': 0.0, 'num_points': 1}, {'avg_silhouette': 0.39488048734050296, 'num_points': 9}, {'avg_silhouette': 0.0, 'num_points': 1}]",,16,0.3586518490273468,,2,0.46174476418111476
AGGLC,ward,,"[{'avg_silhouette': -0.18255223788551467, 'num_points': 2}, {'avg_silhouette': 0.013210598324067251, 'num_points': 9}, {'avg_silhouette': 0.23920100289509136, 'num_points': 7}, {'avg_silhouette': 0.2376761031035719, 'num_points': 10}, {'avg_silhouette': 0.013011384204180165, 'num_points': 3}, {'avg_silhouette': 0.21480684864665775, 'num_points': 4}, {'avg_silhouette': 0.25945410108241657, 'num_points': 90}, {'avg_silhouette': 0.4251863789957354, 'num_points': 10}, {'avg_silhouette': 0.0, 'num_points': 1}, {'avg_silhouette': 0.664035427279813, 'num_points': 70}, {'avg_silhouette': 0.14447797398574946, 'num_points': 9}, {'avg_silhouette': 0.4128662384437736, 'num_points': 2}, {'avg_silhouette': -0.06878898597202718, 'num_points': 8}, {'avg_silhouette': 0.0, 'num_points': 1}, {'avg_silhouette': 0.39488048734050296, 'num_points': 9}]",,15,0.35709821296023603,,2,0.46174476418111476
K-means,,,"[{'avg_silhouette': 0.21277368196135363, 'num_points': 93}, {'avg_silhouette': 0.0, 'num_points': 1}, {'avg_silhouette': 0.3963754977315851, 'num_points': 2}, {'avg_silhouette': 0.0, 'num_points': 1}, {'avg_silhouette': 0.6318368937868967, 'num_points': 73}, {'avg_silhouette': 0.0, 'num_points': 1}, {'avg_silhouette': -0.02860979323674292, 'num_points': 4}, {'avg_silhouette': 0.0, 'num_points': 1}, {'avg_silhouette': 0.02983754723901845, 'num_points': 3}, {'avg_silhouette': 0.4306107602210726, 'num_points': 4}, {'avg_silhouette': 0.27787053720464366, 'num_points': 2}, {'avg_silhouette': 0.0, 'num_points': 1}, {'avg_silhouette': 0.9385355558206311, 'num_points': 4}, {'avg_silhouette': 0.5341900901293191, 'num_points': 5}, {'avg_silhouette': -0.05121345335871745, 'num_points': 2}, {'avg_silhouette': 0.0, 'num_points': 1}, {'avg_silhouette': 0.0, 'num_points': 1}, {'avg_silhouette': 0.0, 'num_points': 1}, {'avg_silhouette': 0.3139856724387472, 'num_points': 10}, {'avg_silhouette': 0.4907257007465848, 'num_points': 5}, {'avg_silhouette': 0.0944745064542869, 'num_points': 3}, {'avg_silhouette': 0.0, 'num_points': 1}, {'avg_silhouette': 0.20089105312947955, 'num_points': 5}, {'avg_silhouette': 0.0, 'num_points': 1}, {'avg_silhouette': 0.0, 'num_points': 1}, {'avg_silhouette': 0.0, 'num_points': 1}, {'avg_silhouette': 0.32052623878585956, 'num_points': 3}, {'avg_silhouette': 0.21173553439669734, 'num_points': 3}, {'avg_silhouette': 0.0, 'num_points': 1}, {'avg_silhouette': 0.0, 'num_points': 1}]",,30,0.35642072063091995,,2,0.42230528787412513
K-means,,,"[{'avg_silhouette': 0.6571658898109726, 'num_points': 71}, {'avg_silhouette': 0.1483689211821263, 'num_points': 74}, {'avg_silhouette': -0.06337079523782542, 'num_points': 6}, {'avg_silhouette': 0.0, 'num_points': 1}, {'avg_silhouette': 0.22541260754855852, 'num_points': 3}, {'avg_silhouette': 0.0, 'num_points': 1}, {'avg_silhouette': 0.3494606191339835, 'num_points': 6}, {'avg_silhouette': 0.27787053720464366, 'num_points': 2}, {'avg_silhouette': 0.5341900901293191, 'num_points': 5}, {'avg_silhouette': 0.9385355558206311, 'num_points': 4}, {'avg_silhouette': 0.2821040899844493, 'num_points': 12}, {'avg_silhouette': 0.0, 'num_points': 1}, {'avg_silhouette': 0.0, 'num_points': 1}, {'avg_silhouette': 0.22404926955939908, 'num_points': 4}, {'avg_silhouette': 0.0, 'num_points': 1}, {'avg_silhouette': 0.0, 'num_points': 1}, {'avg_silhouette': 0.0, 'num_points': 1}, {'avg_silhouette': 0.5184271736915544, 'num_points': 2}, {'avg_silhouette': 0.0, 'num_points': 1}, {'avg_silhouette': 0.0, 'num_points': 1}, {'avg_silhouette': 0.0, 'num_points': 1}, {'avg_silhouette': 0.0, 'num_points': 1}, {'avg_silhouette': 0.2889740609640718, 'num_points': 21}, {'avg_silhouette': 0.0, 'num_points': 1}, {'avg_silhouette': 0.3312019929865883, 'num_points': 3}, {'avg_silhouette': 0.0, 'num_points': 1}, {'avg_silhouette': 0.42694112914941995, 'num_points': 4}, {'avg_silhouette': 0.4907257007465848, 'num_points': 5}]",,28,0.3555465686952655,,4,0.344153240485405
HDBSCAN,,,"[{'avg_silhouette': 0.27787053720464366, 'num_points': 2}, {'avg_silhouette': 0.16539279722618475, 'num_points': 3}, {'avg_silhouette': 0.17630684975534086, 'num_points': 2}, {'avg_silhouette': 0.3309535855237462, 'num_points': 2}, {'avg_silhouette': 0.35170027606817755, 'num_points': 2}, {'avg_silhouette': 0.3092984976075849, 'num_points': 2}, {'avg_silhouette': 0.3108268343302941, 'num_points': 6}, {'avg_silhouette': 1.0, 'num_points': 2}, {'avg_silhouette': 0.6765225547467422, 'num_points': 2}, {'avg_silhouette': 0.522685349091855, 'num_points': 2}, {'avg_silhouette': 0.6846835630583454, 'num_points': 2}, {'avg_silhouette': 0.9295911176978298, 'num_points': 4}, {'avg_silhouette': 0.9354436919302702, 'num_points': 4}, {'avg_silhouette': 0.22314207379561024, 'num_points': 3}, {'avg_silhouette': 0.08990165696717844, 'num_points': 2}, {'avg_silhouette': 0.9246764026163994, 'num_points': 2}, {'avg_silhouette': 0.3736035366151819, 'num_points': 4}, {'avg_silhouette': 0.8047388408516578, 'num_points': 2}, {'avg_silhouette': 0.6328918403631694, 'num_points': 5}, {'avg_silhouette': 0.6970797203361265, 'num_points': 2}, {'avg_silhouette': 0.42042417384836045, 'num_points': 2}, {'avg_silhouette': 0.35294518566329947, 'num_points': 3}, {'avg_silhouette': 0.8695319383740444, 'num_points': 6}, {'avg_silhouette': 0.48241745972654837, 'num_points': 5}, {'avg_silhouette': 0.14433565199877557, 'num_points': 5}, {'avg_silhouette': 0.4718453285022857, 'num_points': 5}, {'avg_silhouette': 0.7961436739013017, 'num_points': 3}, {'avg_silhouette': 0.7301319066301928, 'num_points': 2}, {'avg_silhouette': 0.14281728072197686, 'num_points': 2}, {'avg_silhouette': 1.0, 'num_points': 2}, {'avg_silhouette': 0.5334496827312089, 'num_points': 4}, {'avg_silhouette': 0.9074475324431186, 'num_points': 7}, {'avg_silhouette': 0.6632787750021086, 'num_points': 3}, {'avg_silhouette': 1.0, 'num_points': 2}, {'avg_silhouette': 1.0, 'num_points': 2}, {'avg_silhouette': 0.5268733620431713, 'num_points': 4}, {'avg_silhouette': 1.0, 'num_points': 2}, {'avg_silhouette': 0.9158196937505306, 'num_points': 12}, {'avg_silhouette': 1.0, 'num_points': 7}, {'avg_silhouette': 1.0, 'num_points': 2}, {'avg_silhouette': 0.6530240046188951, 'num_points': 7}, {'avg_silhouette': 1.0, 'num_points': 12}, {'avg_silhouette': 1.0, 'num_points': 3}, {'avg_silhouette': 1.0, 'num_points': 6}, {'avg_silhouette': 1.0, 'num_points': 2}, {'avg_silhouette': 1.0, 'num_points': 2}, {'avg_silhouette': 1.0, 'num_points': 4}]",,47,0.3547597314105325,2.0,2,0.9579098468752654
K-means,,,"[{'avg_silhouette': 0.32594908370042375, 'num_points': 11}, {'avg_silhouette': 0.20553776536808077, 'num_points': 2}, {'avg_silhouette': 0.6716436517530118, 'num_points': 70}, {'avg_silhouette': -0.04552358445050655, 'num_points': 2}, {'avg_silhouette': 0.19732207487615908, 'num_points': 5}, {'avg_silhouette': 0.0, 'num_points': 1}, {'avg_silhouette': 0.45148302532616735, 'num_points': 19}, {'avg_silhouette': 0.0, 'num_points': 1}, {'avg_silhouette': 0.0, 'num_points': 1}, {'avg_silhouette': 0.10802027459659785, 'num_points': 3}, {'avg_silhouette': 0.4907257007465848, 'num_points': 5}, {'avg_silhouette': 0.32417882687691874, 'num_points': 2}, {'avg_silhouette': 0.27787053720464366, 'num_points': 2}, {'avg_silhouette': 0.0, 'num_points': 1}, {'avg_silhouette': 0.07959085736501442, 'num_points': 4}, {'avg_silhouette': 0.9377009626755981, 'num_points': 4}, {'avg_silhouette': -0.029510158993624237, 'num_points': 3}, {'avg_silhouette': 0.0, 'num_points': 1}, {'avg_silhouette': 0.0, 'num_points': 1}, {'avg_silhouette': 0.0, 'num_points': 1}, {'avg_silhouette': 0.5744741679015444, 'num_points': 5}, {'avg_silhouette': 0.0, 'num_points': 1}, {'avg_silhouette': 0.0, 'num_points': 1}, {'avg_silhouette': 0.0, 'num_points': 1}, {'avg_silhouette': 0.0, 'num_points': 1}, {'avg_silhouette': 0.2792614947288732, 'num_points': 4}, {'avg_silhouette': 0.0, 'num_points': 1}, {'avg_silhouette': 0.0, 'num_points': 1}, {'avg_silhouette': 0.13578962065168243, 'num_points': 68}, {'avg_silhouette': 0.0, 'num_points': 1}, {'avg_silhouette': 0.0, 'num_points': 1}, {'avg_silhouette': 0.0, 'num_points': 1}, {'avg_silhouette': 0.0, 'num_points': 1}, {'avg_silhouette': 0.06365744898563845, 'num_points': 2}, {'avg_silhouette': 0.13729512147630088, 'num_points': 4}, {'avg_silhouette': 0.1456702875684918, 'num_points': 3}]",,36,0.3522738463362367,,3,0.41963876591028715
AGGLC,ward,,"[{'avg_silhouette': 0.06424506496807453, 'num_points': 72}, {'avg_silhouette': 0.087935394216617, 'num_points': 3}, {'avg_silhouette': 0.03107183211875465, 'num_points': 2}, {'avg_silhouette': 0.3513792004778058, 'num_points': 4}, {'avg_silhouette': 0.0029124161075185255, 'num_points': 5}, {'avg_silhouette': 0.1416182285995493, 'num_points': 5}, {'avg_silhouette': 0.3850964642235801, 'num_points': 9}, {'avg_silhouette': 0.38799172937773496, 'num_points': 10}, {'avg_silhouette': 0.2816953699066348, 'num_points': 3}, {'avg_silhouette': 0.7462180163874086, 'num_points': 67}, {'avg_silhouette': 0.40858019932846823, 'num_points': 5}, {'avg_silhouette': 0.3206685557038291, 'num_points': 3}, {'avg_silhouette': -0.0698138867406935, 'num_points': 4}, {'avg_silhouette': 0.0, 'num_points': 1}, {'avg_silhouette': 0.1902185799246124, 'num_points': 5}, {'avg_silhouette': 0.0, 'num_points': 1}, {'avg_silhouette': 0.0, 'num_points': 1}, {'avg_silhouette': 0.0, 'num_points': 1}, {'avg_silhouette': 0.0, 'num_points': 1}, {'avg_silhouette': 0.0, 'num_points': 1}, {'avg_silhouette': 0.0, 'num_points': 1}, {'avg_silhouette': 0.254064917112555, 'num_points': 3}, {'avg_silhouette': 0.0, 'num_points': 1}, {'avg_silhouette': 0.0, 'num_points': 1}, {'avg_silhouette': 0.3543180617094056, 'num_points': 2}, {'avg_silhouette': 0.5744741679015444, 'num_points': 5}, {'avg_silhouette': 0.49841832589546065, 'num_points': 18}, {'avg_silhouette': 0.0, 'num_points': 1}]",,28,0.3500371013885011,,3,0.4362938024169813
AGGLC,ward,,"[{'avg_silhouette': 0.06875858674597714, 'num_points': 6}, {'avg_silhouette': 0.087935394216617, 'num_points': 3}, {'avg_silhouette': 0.06435037719410792, 'num_points': 72}, {'avg_silhouette': 0.3513792004778058, 'num_points': 4}, {'avg_silhouette': 0.0029124161075185255, 'num_points': 5}, {'avg_silhouette': 0.03107183211875465, 'num_points': 2}, {'avg_silhouette': 0.3850964642235801, 'num_points': 9}, {'avg_silhouette': 0.38799172937773496, 'num_points': 10}, {'avg_silhouette': 0.3149800162905193, 'num_points': 3}, {'avg_silhouette': 0.7462180163874086, 'num_points': 67}, {'avg_silhouette': 0.40858019932846823, 'num_points': 5}, {'avg_silhouette': 0.3206685557038291, 'num_points': 3}, {'avg_silhouette': -0.0698138867406935, 'num_points': 4}, {'avg_silhouette': 0.0, 'num_points': 1}, {'avg_silhouette': 0.1902185799246124, 'num_points': 5}, {'avg_silhouette': 0.0, 'num_points': 1}, {'avg_silhouette': 0.0, 'num_points': 1}, {'avg_silhouette': 0.0, 'num_points': 1}, {'avg_silhouette': 0.0, 'num_points': 1}, {'avg_silhouette': 0.0, 'num_points': 1}, {'avg_silhouette': 0.0, 'num_points': 1}, {'avg_silhouette': 0.254064917112555, 'num_points': 3}, {'avg_silhouette': 0.0, 'num_points': 1}, {'avg_silhouette': 0.0, 'num_points': 1}, {'avg_silhouette': 0.3543180617094056, 'num_points': 2}, {'avg_silhouette': 0.5744741679015444, 'num_points': 5}, {'avg_silhouette': 0.49841832589546065, 'num_points': 18}]",,27,0.34923666222639127,,3,0.4363289064923257
K-means,,,"[{'avg_silhouette': 0.7246113517639639, 'num_points': 2}, {'avg_silhouette': 0.6352157751706404, 'num_points': 73}, {'avg_silhouette': 0.501058448108076, 'num_points': 2}, {'avg_silhouette': 0.20524324192721352, 'num_points': 94}, {'avg_silhouette': 0.24069543323679948, 'num_points': 8}, {'avg_silhouette': 0.34780463532165323, 'num_points': 3}, {'avg_silhouette': 0.0, 'num_points': 1}, {'avg_silhouette': 0.06039493932558302, 'num_points': 5}, {'avg_silhouette': -0.03634131013621504, 'num_points': 7}, {'avg_silhouette': 0.0, 'num_points': 1}, {'avg_silhouette': 0.2490327321358763, 'num_points': 10}, {'avg_silhouette': 0.5474048651104816, 'num_points': 8}, {'avg_silhouette': -0.007875017886063793, 'num_points': 5}, {'avg_silhouette': 0.48769705420969794, 'num_points': 7}, {'avg_silhouette': 0.0, 'num_points': 1}, {'avg_silhouette': 0.27787053720464366, 'num_points': 2}, {'avg_silhouette': 0.0, 'num_points': 1}, {'avg_silhouette': 0.0, 'num_points': 1}, {'avg_silhouette': 0.027381025821365416, 'num_points': 2}, {'avg_silhouette': 0.0, 'num_points': 1}, {'avg_silhouette': 0.0, 'num_points': 1}]",,21,0.34887698929457384,,2,0.420229508548927
K-means,,,"[{'avg_silhouette': 0.0, 'num_points': 1}, {'avg_silhouette': 0.25590725838894485, 'num_points': 23}, {'avg_silhouette': 0.35170027606817755, 'num_points': 2}, {'avg_silhouette': 0.17630684975534086, 'num_points': 2}, {'avg_silhouette': 0.5341900901293191, 'num_points': 5}, {'avg_silhouette': 0.7184998748375119, 'num_points': 69}, {'avg_silhouette': 0.3309535855237462, 'num_points': 2}, {'avg_silhouette': 0.0, 'num_points': 1}, {'avg_silhouette': 0.03631145734083856, 'num_points': 2}, {'avg_silhouette': 0.4907257007465848, 'num_points': 5}, {'avg_silhouette': 0.48769705420969794, 'num_points': 7}, {'avg_silhouette': 0.0, 'num_points': 1}, {'avg_silhouette': 0.0, 'num_points': 1}, {'avg_silhouette': 0.0, 'num_points': 1}, {'avg_silhouette': 0.0, 'num_points': 1}, {'avg_silhouette': 0.16539279722618475, 'num_points': 3}, {'avg_silhouette': 0.3772654084729642, 'num_points': 5}, {'avg_silhouette': 0.3092984976075849, 'num_points': 2}, {'avg_silhouette': 0.0, 'num_points': 1}, {'avg_silhouette': 0.0, 'num_points': 1}, {'avg_silhouette': 0.0, 'num_points': 1}, {'avg_silhouette': 0.0, 'num_points': 1}, {'avg_silhouette': 0.0, 'num_points': 1}, {'avg_silhouette': 0.4259745842716527, 'num_points': 4}, {'avg_silhouette': 0.0, 'num_points': 1}, {'avg_silhouette': 0.0, 'num_points': 1}, {'avg_silhouette': 0.938077283719097, 'num_points': 4}, {'avg_silhouette': 0.0, 'num_points': 1}, {'avg_silhouette': 0.04852000355796993, 'num_points': 5}, {'avg_silhouette': 0.2844381473218696, 'num_points': 3}, {'avg_silhouette': 0.0, 'num_points': 1}, {'avg_silhouette': 0.0, 'num_points': 1}, {'avg_silhouette': 0.0, 'num_points': 1}, {'avg_silhouette': 0.05002920970712089, 'num_points': 63}, {'avg_silhouette': 0.7068574872342669, 'num_points': 2}, {'avg_silhouette': 0.0, 'num_points': 1}, {'avg_silhouette': 0.0, 'num_points': 1}, {'avg_silhouette': 0.0, 'num_points': 1}, {'avg_silhouette': 0.0, 'num_points': 1}, {'avg_silhouette': 0.0, 'num_points': 1}, {'avg_silhouette': 0.2693474110049217, 'num_points': 3}, {'avg_silhouette': 0.5463288274848523, 'num_points': 2}]",,42,0.34813123579972893,,3,0.3414787809778592
DBSCAN,,1.000190957978101,"[{'avg_silhouette': 0.5798348301169249, 'num_points': 147}, {'avg_silhouette': 0.5317171478428975, 'num_points': 8}, {'avg_silhouette': 0.49858712691823254, 'num_points': 9}, {'avg_silhouette': 0.6471304560809334, 'num_points': 5}]",5.0,4,0.3479730803967483,,1,
K-means,,,"[{'avg_silhouette': 0.17630684975534086, 'num_points': 2}, {'avg_silhouette': 0.7283662053437564, 'num_points': 68}, {'avg_silhouette': 0.42702068732697507, 'num_points': 14}, {'avg_silhouette': 0.27787053720464366, 'num_points': 2}, {'avg_silhouette': 0.0, 'num_points': 1}, {'avg_silhouette': 0.4907257007465848, 'num_points': 5}, {'avg_silhouette': 0.0, 'num_points': 1}, {'avg_silhouette': 0.3208617771425449, 'num_points': 11}, {'avg_silhouette': 0.11649633712012049, 'num_points': 13}, {'avg_silhouette': 0.0, 'num_points': 1}, {'avg_silhouette': 0.0, 'num_points': 1}, {'avg_silhouette': 0.3092984976075849, 'num_points': 2}, {'avg_silhouette': 0.0, 'num_points': 1}, {'avg_silhouette': 0.0, 'num_points': 1}, {'avg_silhouette': 0.0, 'num_points': 1}, {'avg_silhouette': 0.5744741679015444, 'num_points': 5}, {'avg_silhouette': 0.0, 'num_points': 1}, {'avg_silhouette': 0.3309535855237462, 'num_points': 2}, {'avg_silhouette': 0.0, 'num_points': 1}, {'avg_silhouette': 0.0, 'num_points': 1}, {'avg_silhouette': 0.0, 'num_points': 1}, {'avg_silhouette': 0.0, 'num_points': 1}, {'avg_silhouette': 0.1994554663407481, 'num_points': 5}, {'avg_silhouette': 0.0, 'num_points': 1}, {'avg_silhouette': 0.16539279722618475, 'num_points': 3}, {'avg_silhouette': 0.0, 'num_points': 1}, {'avg_silhouette': 0.2772887809503704, 'num_points': 3}, {'avg_silhouette': 0.35170027606817755, 'num_points': 2}, {'avg_silhouette': 0.3187027202165817, 'num_points': 4}, {'avg_silhouette': 0.029235941680226932, 'num_points': 62}, {'avg_silhouette': 0.0, 'num_points': 1}, {'avg_silhouette': 0.937319617521696, 'num_points': 4}, {'avg_silhouette': 0.0, 'num_points': 1}, {'avg_silhouette': 0.25441869321109367, 'num_points': 3}, {'avg_silhouette': 0.0, 'num_points': 1}, {'avg_silhouette': 0.2932682350521265, 'num_points': 3}, {'avg_silhouette': 0.0, 'num_points': 1}, {'avg_silhouette': 0.0, 'num_points': 1}, {'avg_silhouette': 1.0, 'num_points': 2}, {'avg_silhouette': 0.0, 'num_points': 1}]",,40,0.3471254593140107,,4,0.32527979286776976
K-means,,,"[{'avg_silhouette': 0.31106844945073886, 'num_points': 4}, {'avg_silhouette': 0.3513792004778058, 'num_points': 4}, {'avg_silhouette': 0.0, 'num_points': 1}, {'avg_silhouette': 0.6667382728204929, 'num_points': 70}, {'avg_silhouette': 0.3045126978743776, 'num_points': 7}, {'avg_silhouette': 0.3970640258013049, 'num_points': 9}, {'avg_silhouette': 0.28656640054391386, 'num_points': 12}, {'avg_silhouette': 0.0, 'num_points': 1}, {'avg_silhouette': 0.3309024566247208, 'num_points': 19}, {'avg_silhouette': 0.0, 'num_points': 1}, {'avg_silhouette': 0.03716527309611239, 'num_points': 7}, {'avg_silhouette': 0.3272817941471464, 'num_points': 9}, {'avg_silhouette': 0.087935394216617, 'num_points': 3}, {'avg_silhouette': 0.3543180617094056, 'num_points': 2}, {'avg_silhouette': 0.34018196865656153, 'num_points': 3}, {'avg_silhouette': 0.15217431056013322, 'num_points': 72}, {'avg_silhouette': 0.0, 'num_points': 1}, {'avg_silhouette': 0.0, 'num_points': 1}, {'avg_silhouette': 0.0, 'num_points': 1}, {'avg_silhouette': 0.09435549928664465, 'num_points': 5}, {'avg_silhouette': 0.0, 'num_points': 1}, {'avg_silhouette': 0.0, 'num_points': 1}, {'avg_silhouette': 0.0, 'num_points': 1}]",,23,0.3462961167007489,,4,0.3590953601373152
K-means,,,"[{'avg_silhouette': 0.1726383977352699, 'num_points': 95}, {'avg_silhouette': 0.06160717695702974, 'num_points': 2}, {'avg_silhouette': 0.7131145712356448, 'num_points': 70}, {'avg_silhouette': 0.0084369454545949, 'num_points': 6}, {'avg_silhouette': -0.02056354808529241, 'num_points': 3}, {'avg_silhouette': 0.0, 'num_points': 1}, {'avg_silhouette': 0.37257646150744983, 'num_points': 11}, {'avg_silhouette': 0.0, 'num_points': 1}, {'avg_silhouette': 0.5744741679015444, 'num_points': 5}, {'avg_silhouette': 0.08053374779766469, 'num_points': 6}, {'avg_silhouette': 0.3876867321767067, 'num_points': 9}, {'avg_silhouette': 0.37086576635265966, 'num_points': 2}, {'avg_silhouette': 0.256654874425524, 'num_points': 3}, {'avg_silhouette': 0.0, 'num_points': 1}, {'avg_silhouette': 0.0, 'num_points': 1}, {'avg_silhouette': 0.0, 'num_points': 1}, {'avg_silhouette': 0.11122762104428423, 'num_points': 6}, {'avg_silhouette': 0.0, 'num_points': 1}, {'avg_silhouette': 0.0, 'num_points': 1}, {'avg_silhouette': 0.0, 'num_points': 1}, {'avg_silhouette': 0.1764105563866686, 'num_points': 4}, {'avg_silhouette': 0.2154412441984752, 'num_points': 5}]",,22,0.34610986585099646,,2,0.44287648448545736
K-means,,,"[{'avg_silhouette': 0.18139809546198368, 'num_points': 96}, {'avg_silhouette': 0.30113875924542494, 'num_points': 7}, {'avg_silhouette': 0.18458265025551718, 'num_points': 8}, {'avg_silhouette': 0.6479856506763487, 'num_points': 5}, {'avg_silhouette': 0.6420979636395536, 'num_points': 73}, {'avg_silhouette': 0.11092795694205579, 'num_points': 5}, {'avg_silhouette': 0.37090292463654784, 'num_points': 3}, {'avg_silhouette': 0.3167218117772549, 'num_points': 12}, {'avg_silhouette': 0.0, 'num_points': 1}, {'avg_silhouette': -0.041896085999621385, 'num_points': 9}, {'avg_silhouette': 0.4363857766070752, 'num_points': 2}, {'avg_silhouette': 0.1389012125507741, 'num_points': 2}, {'avg_silhouette': 0.3931905745711174, 'num_points': 9}, {'avg_silhouette': 0.0, 'num_points': 1}, {'avg_silhouette': 0.0, 'num_points': 1}, {'avg_silhouette': 0.0, 'num_points': 1}]",,16,0.34422197427909723,,3,0.3800726236262641
K-means,,,"[{'avg_silhouette': 0.18308498142087617, 'num_points': 81}, {'avg_silhouette': 0.0, 'num_points': 1}, {'avg_silhouette': 0.23407042399832245, 'num_points': 4}, {'avg_silhouette': 0.7498107700659982, 'num_points': 68}, {'avg_silhouette': 0.0, 'num_points': 1}, {'avg_silhouette': 0.0, 'num_points': 1}, {'avg_silhouette': 0.03766750512366816, 'num_points': 7}, {'avg_silhouette': 0.38815443571033326, 'num_points': 9}, {'avg_silhouette': 0.052546136935871963, 'num_points': 18}, {'avg_silhouette': 0.0, 'num_points': 1}, {'avg_silhouette': 0.0, 'num_points': 1}, {'avg_silhouette': 0.0, 'num_points': 1}, {'avg_silhouette': 0.3393668305846252, 'num_points': 9}, {'avg_silhouette': 0.0, 'num_points': 1}, {'avg_silhouette': 0.09799467534258179, 'num_points': 8}, {'avg_silhouette': 0.33537652857255534, 'num_points': 3}, {'avg_silhouette': 0.3063858953359315, 'num_points': 12}, {'avg_silhouette': 0.25441869321109367, 'num_points': 3}, {'avg_silhouette': -0.038634984593310454, 'num_points': 5}, {'avg_silhouette': 0.0, 'num_points': 1}]",,20,0.34275442911529513,,4,0.32295694593966945
K-means,,,"[{'avg_silhouette': 0.6055321869082931, 'num_points': 8}, {'avg_silhouette': 0.3092984976075849, 'num_points': 2}, {'avg_silhouette': 0.03239561650370473, 'num_points': 3}, {'avg_silhouette': 0.0, 'num_points': 1}, {'avg_silhouette': 0.09766366264779418, 'num_points': 2}, {'avg_silhouette': 0.6836422357958993, 'num_points': 68}, {'avg_silhouette': 0.5341900901293191, 'num_points': 5}, {'avg_silhouette': 0.04852000355796993, 'num_points': 5}, {'avg_silhouette': 0.2952385951536571, 'num_points': 5}, {'avg_silhouette': 0.27787053720464366, 'num_points': 2}, {'avg_silhouette': 0.0, 'num_points': 1}, {'avg_silhouette': 0.9354436919302702, 'num_points': 4}, {'avg_silhouette': 0.0, 'num_points': 1}, {'avg_silhouette': 0.0, 'num_points': 1}, {'avg_silhouette': 0.0, 'num_points': 1}, {'avg_silhouette': 1.0, 'num_points': 2}, {'avg_silhouette': 0.0, 'num_points': 1}, {'avg_silhouette': 0.21550846837060655, 'num_points': 2}, {'avg_silhouette': 0.402670745061218, 'num_points': 4}, {'avg_silhouette': 0.47241991510521514, 'num_points': 7}, {'avg_silhouette': 0.25629741394309735, 'num_points': 3}, {'avg_silhouette': 0.0, 'num_points': 1}, {'avg_silhouette': 0.0, 'num_points': 1}, {'avg_silhouette': 0.25441869321109367, 'num_points': 3}, {'avg_silhouette': 0.0, 'num_points': 1}, {'avg_silhouette': 0.27251342786166205, 'num_points': 3}, {'avg_silhouette': 0.9295911176978298, 'num_points': 4}, {'avg_silhouette': 0.0, 'num_points': 1}, {'avg_silhouette': 0.35170027606817755, 'num_points': 2}, {'avg_silhouette': 0.32136986561028436, 'num_points': 18}, {'avg_silhouette': 0.0, 'num_points': 1}, {'avg_silhouette': 0.0, 'num_points': 1}, {'avg_silhouette': 0.0, 'num_points': 1}, {'avg_silhouette': 0.686120460519057, 'num_points': 2}, {'avg_silhouette': 0.14172616251478895, 'num_points': 3}, {'avg_silhouette': -0.08700513655717541, 'num_points': 55}, {'avg_silhouette': 0.0, 'num_points': 1}, {'avg_silhouette': 0.3725589127778336, 'num_points': 2}, {'avg_silhouette': 0.6961339539931568, 'num_points': 2}, {'avg_silhouette': 0.0, 'num_points': 1}, {'avg_silhouette': 0.0, 'num_points': 1}, {'avg_silhouette': -0.07124280830717541, 'num_points': 2}, {'avg_silhouette': 0.0, 'num_points': 1}]",,43,0.33975356396720374,,3,0.30600232161633606
K-means,,,"[{'avg_silhouette': 0.2138916818585628, 'num_points': 8}, {'avg_silhouette': 0.40213198133835454, 'num_points': 3}, {'avg_silhouette': 0.3809524127143122, 'num_points': 197}, {'avg_silhouette': 0.011667842082336122, 'num_points': 7}, {'avg_silhouette': 0.0995395619128784, 'num_points': 7}, {'avg_silhouette': 0.06932217280642507, 'num_points': 13}]",,6,0.33891402033214085,,2,0.22513729276036862
K-means,,,"[{'avg_silhouette': 0.0, 'num_points': 1}, {'avg_silhouette': 0.5474048651104816, 'num_points': 8}, {'avg_silhouette': 0.6416966305590664, 'num_points': 73}, {'avg_silhouette': 0.0, 'num_points': 1}, {'avg_silhouette': 0.06293100710968802, 'num_points': 5}, {'avg_silhouette': 0.17388514657675236, 'num_points': 97}, {'avg_silhouette': 0.3210955558795083, 'num_points': 12}, {'avg_silhouette': 0.4830338526279164, 'num_points': 2}, {'avg_silhouette': 0.0, 'num_points': 1}, {'avg_silhouette': 0.0, 'num_points': 1}, {'avg_silhouette': 0.31090426178792485, 'num_points': 7}, {'avg_silhouette': 0.07612234949431242, 'num_points': 4}, {'avg_silhouette': 0.34577890968382896, 'num_points': 9}, {'avg_silhouette': 0.0, 'num_points': 1}, {'avg_silhouette': 0.04731107208666823, 'num_points': 2}, {'avg_silhouette': 0.06657733592618766, 'num_points': 6}, {'avg_silhouette': 0.0, 'num_points': 1}, {'avg_silhouette': 0.0, 'num_points': 1}, {'avg_silhouette': 0.04457392587101027, 'num_points': 3}]",,19,0.33806152738719036,,3,0.3788924443384423
AGGLC,ward,,"[{'avg_silhouette': 0.1636211020177754, 'num_points': 98}, {'avg_silhouette': 0.014016039619167907, 'num_points': 9}, {'avg_silhouette': -0.17255174765152004, 'num_points': 2}, {'avg_silhouette': 0.24996332107151717, 'num_points': 10}, {'avg_silhouette': 0.013011384204180165, 'num_points': 3}, {'avg_silhouette': 0.23920100289509136, 'num_points': 7}, {'avg_silhouette': 0.39780592713409185, 'num_points': 9}, {'avg_silhouette': 0.436754068278906, 'num_points': 10}, {'avg_silhouette': 0.0, 'num_points': 1}, {'avg_silhouette': 0.6829101801527139, 'num_points': 70}, {'avg_silhouette': 0.15180812467436144, 'num_points': 9}, {'avg_silhouette': 0.4128662384437736, 'num_points': 2}, {'avg_silhouette': 0.21480684864665775, 'num_points': 4}, {'avg_silhouette': 0.0, 'num_points': 1}]",,14,0.33545413988865574,,2,0.42326564108524467
DBSCAN,,1.010190957978101,"[{'avg_silhouette': 0.4893363069253547, 'num_points': 171}, {'avg_silhouette': 0.5512241022564103, 'num_points': 8}]",5.0,2,0.334631528802595,,1,
AGGLC,ward,,"[{'avg_silhouette': -0.017339591876472077, 'num_points': 10}, {'avg_silhouette': 0.1636211020177754, 'num_points': 98}, {'avg_silhouette': -0.17255174765152004, 'num_points': 2}, {'avg_silhouette': 0.24996332107151717, 'num_points': 10}, {'avg_silhouette': 0.013011384204180165, 'num_points': 3}, {'avg_silhouette': 0.24215734801315375, 'num_points': 7}, {'avg_silhouette': 0.39780592713409185, 'num_points': 9}, {'avg_silhouette': 0.436754068278906, 'num_points': 10}, {'avg_silhouette': 0.0, 'num_points': 1}, {'avg_silhouette': 0.6829101801527139, 'num_points': 70}, {'avg_silhouette': 0.15180812467436144, 'num_points': 9}, {'avg_silhouette': 0.4128662384437736, 'num_points': 2}, {'avg_silhouette': 0.23122098162752783, 'num_points': 4}]",,13,0.3345469512606246,,2,0.42326564108524467
AGGLC,ward,,"[{'avg_silhouette': 0.04965941241077063, 'num_points': 14}, {'avg_silhouette': 0.1636211020177754, 'num_points': 98}, {'avg_silhouette': -0.17255174765152004, 'num_points': 2}, {'avg_silhouette': 0.24996332107151717, 'num_points': 10}, {'avg_silhouette': 0.013011384204180165, 'num_points': 3}, {'avg_silhouette': 0.24215734801315375, 'num_points': 7}, {'avg_silhouette': 0.39780592713409185, 'num_points': 9}, {'avg_silhouette': 0.436754068278906, 'num_points': 10}, {'avg_silhouette': 0.0, 'num_points': 1}, {'avg_silhouette': 0.6829101801527139, 'num_points': 70}, {'avg_silhouette': 0.15180812467436144, 'num_points': 9}, {'avg_silhouette': 0.4128662384437736, 'num_points': 2}]",,12,0.33430756303086034,,3,0.2987302315270866
AGGLC,ward,,"[{'avg_silhouette': 0.24945413566519786, 'num_points': 9}, {'avg_silhouette': 0.1636211020177754, 'num_points': 98}, {'avg_silhouette': 0.052092035496502605, 'num_points': 14}, {'avg_silhouette': 0.24996332107151717, 'num_points': 10}, {'avg_silhouette': 0.035425547330596184, 'num_points': 3}, {'avg_silhouette': -0.17255174765152004, 'num_points': 2}, {'avg_silhouette': 0.39780592713409185, 'num_points': 9}, {'avg_silhouette': 0.436754068278906, 'num_points': 10}, {'avg_silhouette': 0.0, 'num_points': 1}, {'avg_silhouette': 0.6829101801527139, 'num_points': 70}, {'avg_silhouette': 0.15180812467436144, 'num_points': 9}]",,11,0.33356523333122906,,3,0.2995411058889973
K-means,,,"[{'avg_silhouette': 0.48360065300369526, 'num_points': 19}, {'avg_silhouette': 0.05885292583422764, 'num_points': 4}, {'avg_silhouette': 0.04311432669909319, 'num_points': 74}, {'avg_silhouette': 0.738346038898744, 'num_points': 68}, {'avg_silhouette': 0.023835474746256177, 'num_points': 2}, {'avg_silhouette': 0.0, 'num_points': 1}, {'avg_silhouette': 0.3319934266689388, 'num_points': 11}, {'avg_silhouette': 0.013594980780726995, 'num_points': 3}, {'avg_silhouette': 0.0, 'num_points': 1}, {'avg_silhouette': 0.0, 'num_points': 1}, {'avg_silhouette': 0.19732207487615908, 'num_points': 5}, {'avg_silhouette': 0.0, 'num_points': 1}, {'avg_silhouette': 0.0, 'num_points': 1}, {'avg_silhouette': 0.0, 'num_points': 1}, {'avg_silhouette': 0.07738473013819366, 'num_points': 5}, {'avg_silhouette': 0.0, 'num_points': 1}, {'avg_silhouette': 0.45598362746918075, 'num_points': 2}, {'avg_silhouette': 0.41281279793807724, 'num_points': 2}, {'avg_silhouette': 0.5744741679015444, 'num_points': 5}, {'avg_silhouette': 0.0, 'num_points': 1}, {'avg_silhouette': 0.27787053720464366, 'num_points': 2}, {'avg_silhouette': 0.0, 'num_points': 1}, {'avg_silhouette': 0.38553655625399713, 'num_points': 9}, {'avg_silhouette': 0.0, 'num_points': 1}, {'avg_silhouette': 0.0, 'num_points': 1}, {'avg_silhouette': 0.25441869321109367, 'num_points': 3}, {'avg_silhouette': 0.0, 'num_points': 1}, {'avg_silhouette': 0.07603145832304273, 'num_points': 5}, {'avg_silhouette': 0.0, 'num_points': 1}, {'avg_silhouette': 0.0, 'num_points': 1}, {'avg_silhouette': 0.06365744898563845, 'num_points': 2}]",,31,0.33124253013513477,,3,0.42168700620051086
AGGLC,ward,,"[{'avg_silhouette': 0.006856839725383365, 'num_points': 11}, {'avg_silhouette': 0.1636211020177754, 'num_points': 98}, {'avg_silhouette': 0.2496837698658297, 'num_points': 9}, {'avg_silhouette': 0.24996332107151717, 'num_points': 10}, {'avg_silhouette': 0.035425547330596184, 'num_points': 3}, {'avg_silhouette': 0.0750311397434733, 'num_points': 14}, {'avg_silhouette': 0.39780592713409185, 'num_points': 9}, {'avg_silhouette': 0.436754068278906, 'num_points': 10}, {'avg_silhouette': 0.0, 'num_points': 1}, {'avg_silhouette': 0.6829101801527139, 'num_points': 70}]",,10,0.3309161685545324,,3,0.3071874739713209
AGGLC,ward,,"[{'avg_silhouette': 0.18496292662979685, 'num_points': 12}, {'avg_silhouette': 0.1636211020177754, 'num_points': 98}, {'avg_silhouette': 0.006856839725383365, 'num_points': 11}, {'avg_silhouette': 0.24996332107151717, 'num_points': 10}, {'avg_silhouette': 0.6829101801527139, 'num_points': 70}, {'avg_silhouette': 0.07723016999876686, 'num_points': 14}, {'avg_silhouette': 0.39780592713409185, 'num_points': 9}, {'avg_silhouette': 0.436754068278906, 'num_points': 10}, {'avg_silhouette': 0.0, 'num_points': 1}]",,9,0.33047749184111713,,4,0.27718109469976326
AGGLC,ward,,"[{'avg_silhouette': 0.1379362922442091, 'num_points': 13}, {'avg_silhouette': 0.1636211020177754, 'num_points': 98}, {'avg_silhouette': 0.006856839725383365, 'num_points': 11}, {'avg_silhouette': 0.24996332107151717, 'num_points': 10}, {'avg_silhouette': 0.6829101801527139, 'num_points': 70}, {'avg_silhouette': 0.07723016999876686, 'num_points': 14}, {'avg_silhouette': 0.39780592713409185, 'num_points': 9}, {'avg_silhouette': 0.436754068278906, 'num_points': 10}]",,8,0.32866309473310507,,4,0.2654244361033663
K-means,,,"[{'avg_silhouette': 0.2083141871171158, 'num_points': 2}, {'avg_silhouette': 0.6448379436282664, 'num_points': 73}, {'avg_silhouette': 0.13427503263949378, 'num_points': 6}, {'avg_silhouette': 0.16477180319515847, 'num_points': 97}, {'avg_silhouette': 0.2548675481979231, 'num_points': 10}, {'avg_silhouette': 0.032750461649358534, 'num_points': 8}, {'avg_silhouette': -0.10267374931257822, 'num_points': 2}, {'avg_silhouette': 0.5474048651104816, 'num_points': 8}, {'avg_silhouette': 0.19504803539103366, 'num_points': 8}, {'avg_silhouette': 0.0862695148556091, 'num_points': 5}, {'avg_silhouette': 0.0, 'num_points': 1}, {'avg_silhouette': 0.32600554885715183, 'num_points': 12}, {'avg_silhouette': 0.0, 'num_points': 1}, {'avg_silhouette': 0.0, 'num_points': 1}, {'avg_silhouette': 0.0, 'num_points': 1}]",,15,0.3283688613020849,,3,0.3785384318935256
K-means,,,"[{'avg_silhouette': 0.32922438877945487, 'num_points': 9}, {'avg_silhouette': 0.6453879129010566, 'num_points': 72}, {'avg_silhouette': -0.0004215195625914842, 'num_points': 5}, {'avg_silhouette': 0.4040910763405599, 'num_points': 15}, {'avg_silhouette': 0.23299166633885393, 'num_points': 6}, {'avg_silhouette': 0.0, 'num_points': 1}, {'avg_silhouette': 0.0, 'num_points': 1}, {'avg_silhouette': 0.3104683261334597, 'num_points': 7}, {'avg_silhouette': 0.10540314176974885, 'num_points': 83}, {'avg_silhouette': 0.0, 'num_points': 1}, {'avg_silhouette': -0.022179019165601044, 'num_points': 5}, {'avg_silhouette': 0.020638051224810654, 'num_points': 2}, {'avg_silhouette': 0.4006783454626362, 'num_points': 9}, {'avg_silhouette': 0.29174097435910223, 'num_points': 12}, {'avg_silhouette': 0.3486042743416001, 'num_points': 3}, {'avg_silhouette': 0.0, 'num_points': 1}, {'avg_silhouette': 0.3954859128140759, 'num_points': 2}, {'avg_silhouette': 0.0, 'num_points': 1}]",,18,0.3263151458714495,,4,0.3616557763426169
K-means,,,"[{'avg_silhouette': 0.6477019692923952, 'num_points': 73}, {'avg_silhouette': 0.060676390492500995, 'num_points': 11}, {'avg_silhouette': 0.16064702498954309, 'num_points': 8}, {'avg_silhouette': 0.5474048651104816, 'num_points': 8}, {'avg_silhouette': 0.45948491994455937, 'num_points': 2}, {'avg_silhouette': -0.00015417777252655767, 'num_points': 13}, {'avg_silhouette': 0.34969878081709854, 'num_points': 9}, {'avg_silhouette': 0.0, 'num_points': 1}, {'avg_silhouette': 0.1513788999896254, 'num_points': 98}, {'avg_silhouette': 0.32437310994552854, 'num_points': 12}]",,10,0.32513175850677595,,4,0.28082495036375565
K-means,,,"[{'avg_silhouette': 0.6548492310092842, 'num_points': 71}, {'avg_silhouette': 0.0046802463152861695, 'num_points': 5}, {'avg_silhouette': 0.009539103078766306, 'num_points': 75}, {'avg_silhouette': 0.27787053720464366, 'num_points': 2}, {'avg_silhouette': 0.45598362746918075, 'num_points': 2}, {'avg_silhouette': 0.4129706921079839, 'num_points': 4}, {'avg_silhouette': 0.03631145734083856, 'num_points': 2}, {'avg_silhouette': 0.3877945615823605, 'num_points': 5}, {'avg_silhouette': 0.05885292583422764, 'num_points': 4}, {'avg_silhouette': 0.3249850465359829, 'num_points': 3}, {'avg_silhouette': 0.9385355558206311, 'num_points': 4}, {'avg_silhouette': 0.0, 'num_points': 1}, {'avg_silhouette': 0.04852000355796993, 'num_points': 5}, {'avg_silhouette': 0.0, 'num_points': 1}, {'avg_silhouette': 0.028481971944451602, 'num_points': 4}, {'avg_silhouette': 0.4907257007465848, 'num_points': 5}, {'avg_silhouette': 0.0, 'num_points': 1}, {'avg_silhouette': 0.0, 'num_points': 1}, {'avg_silhouette': 0.5006574083750653, 'num_points': 19}, {'avg_silhouette': 0.5341900901293191, 'num_points': 5}, {'avg_silhouette': 0.0, 'num_points': 1}, {'avg_silhouette': 0.48769705420969794, 'num_points': 7}, {'avg_silhouette': 0.0, 'num_points': 1}, {'avg_silhouette': 0.08486454507906181, 'num_points': 5}, {'avg_silhouette': 0.0, 'num_points': 1}, {'avg_silhouette': 0.0, 'num_points': 1}]",,26,0.32408776584970267,,3,0.38834858082103857
DBSCAN,,0.990190957978101,"[{'avg_silhouette': 0.5854876240984049, 'num_points': 146}, {'avg_silhouette': 0.49778857924838743, 'num_points': 9}, {'avg_silhouette': 0.6467725548875622, 'num_points': 5}]",5.0,3,0.31804926103047193,,1,
DBSCAN,,0.980190957978101,"[{'avg_silhouette': 0.5854876240984049, 'num_points': 146}, {'avg_silhouette': 0.49778857924838743, 'num_points': 9}, {'avg_silhouette': 0.6467725548875622, 'num_points': 5}]",5.0,3,0.31804926103047193,,1,
DBSCAN,,0.970190957978101,"[{'avg_silhouette': 0.5854876240984049, 'num_points': 146}, {'avg_silhouette': 0.49778857924838743, 'num_points': 9}, {'avg_silhouette': 0.6467725548875622, 'num_points': 5}]",5.0,3,0.31804926103047193,,1,
DBSCAN,,0.960190957978101,"[{'avg_silhouette': 0.5854876240984049, 'num_points': 146}, {'avg_silhouette': 0.49778857924838743, 'num_points': 9}, {'avg_silhouette': 0.6467725548875622, 'num_points': 5}]",5.0,3,0.31804926103047193,,1,
DBSCAN,,0.9501909579781009,"[{'avg_silhouette': 0.5854876240984049, 'num_points': 146}, {'avg_silhouette': 0.49778857924838743, 'num_points': 9}, {'avg_silhouette': 0.6467725548875622, 'num_points': 5}]",5.0,3,0.31804926103047193,,1,
DBSCAN,,0.9401909579781009,"[{'avg_silhouette': 0.5854876240984049, 'num_points': 146}, {'avg_silhouette': 0.49778857924838743, 'num_points': 9}, {'avg_silhouette': 0.6467725548875622, 'num_points': 5}]",5.0,3,0.31804926103047193,,1,
DBSCAN,,0.9301909579781009,"[{'avg_silhouette': 0.5854876240984049, 'num_points': 146}, {'avg_silhouette': 0.49778857924838743, 'num_points': 9}, {'avg_silhouette': 0.6467725548875622, 'num_points': 5}]",5.0,3,0.31804926103047193,,1,
DBSCAN,,0.9201909579781009,"[{'avg_silhouette': 0.5854876240984049, 'num_points': 146}, {'avg_silhouette': 0.49778857924838743, 'num_points': 9}, {'avg_silhouette': 0.6467725548875622, 'num_points': 5}]",5.0,3,0.31804926103047193,,1,
DBSCAN,,0.9101909579781009,"[{'avg_silhouette': 0.5854876240984049, 'num_points': 146}, {'avg_silhouette': 0.49778857924838743, 'num_points': 9}, {'avg_silhouette': 0.6467725548875622, 'num_points': 5}]",5.0,3,0.31804926103047193,,1,
DBSCAN,,0.9001909579781009,"[{'avg_silhouette': 0.5854876240984049, 'num_points': 146}, {'avg_silhouette': 0.49778857924838743, 'num_points': 9}, {'avg_silhouette': 0.6467725548875622, 'num_points': 5}]",5.0,3,0.31804926103047193,,1,
DBSCAN,,0.8901909579781009,"[{'avg_silhouette': 0.5854876240984049, 'num_points': 146}, {'avg_silhouette': 0.49778857924838743, 'num_points': 9}, {'avg_silhouette': 0.6467725548875622, 'num_points': 5}]",5.0,3,0.31804926103047193,,1,
DBSCAN,,0.8801909579781009,"[{'avg_silhouette': 0.5854876240984049, 'num_points': 146}, {'avg_silhouette': 0.49778857924838743, 'num_points': 9}, {'avg_silhouette': 0.6467725548875622, 'num_points': 5}]",5.0,3,0.31804926103047193,,1,
DBSCAN,,0.8701909579781009,"[{'avg_silhouette': 0.5854876240984049, 'num_points': 146}, {'avg_silhouette': 0.49778857924838743, 'num_points': 9}, {'avg_silhouette': 0.6467725548875622, 'num_points': 5}]",5.0,3,0.31804926103047193,,1,
DBSCAN,,0.8601909579781009,"[{'avg_silhouette': 0.5854876240984049, 'num_points': 146}, {'avg_silhouette': 0.49778857924838743, 'num_points': 9}, {'avg_silhouette': 0.6467725548875622, 'num_points': 5}]",5.0,3,0.31804926103047193,,1,
DBSCAN,,0.8501909579781008,"[{'avg_silhouette': 0.5854876240984049, 'num_points': 146}, {'avg_silhouette': 0.49778857924838743, 'num_points': 9}, {'avg_silhouette': 0.6467725548875622, 'num_points': 5}]",5.0,3,0.31804926103047193,,1,
DBSCAN,,0.8401909579781008,"[{'avg_silhouette': 0.5854876240984049, 'num_points': 146}, {'avg_silhouette': 0.49778857924838743, 'num_points': 9}, {'avg_silhouette': 0.6467725548875622, 'num_points': 5}]",5.0,3,0.31804926103047193,,1,
DBSCAN,,0.8301909579781008,"[{'avg_silhouette': 0.5854876240984049, 'num_points': 146}, {'avg_silhouette': 0.49778857924838743, 'num_points': 9}, {'avg_silhouette': 0.6467725548875622, 'num_points': 5}]",5.0,3,0.31804926103047193,,1,
DBSCAN,,0.8201909579781008,"[{'avg_silhouette': 0.5854876240984049, 'num_points': 146}, {'avg_silhouette': 0.49778857924838743, 'num_points': 9}, {'avg_silhouette': 0.6467725548875622, 'num_points': 5}]",5.0,3,0.31804926103047193,,1,
DBSCAN,,0.8101909579781008,"[{'avg_silhouette': 0.5854876240984049, 'num_points': 146}, {'avg_silhouette': 0.49778857924838743, 'num_points': 9}, {'avg_silhouette': 0.6467725548875622, 'num_points': 5}]",5.0,3,0.31804926103047193,,1,
DBSCAN,,0.8001909579781008,"[{'avg_silhouette': 0.5854876240984049, 'num_points': 146}, {'avg_silhouette': 0.49778857924838743, 'num_points': 9}, {'avg_silhouette': 0.6467725548875622, 'num_points': 5}]",5.0,3,0.31804926103047193,,1,
DBSCAN,,0.7901909579781008,"[{'avg_silhouette': 0.5854876240984049, 'num_points': 146}, {'avg_silhouette': 0.49778857924838743, 'num_points': 9}, {'avg_silhouette': 0.6467725548875622, 'num_points': 5}]",5.0,3,0.31804926103047193,,1,
DBSCAN,,0.7801909579781008,"[{'avg_silhouette': 0.5854876240984049, 'num_points': 146}, {'avg_silhouette': 0.49778857924838743, 'num_points': 9}, {'avg_silhouette': 0.6467725548875622, 'num_points': 5}]",5.0,3,0.31804926103047193,,1,
K-means,,,"[{'avg_silhouette': 0.6459554411220825, 'num_points': 73}, {'avg_silhouette': 0.0, 'num_points': 1}, {'avg_silhouette': 0.15334926976291896, 'num_points': 100}, {'avg_silhouette': 0.35673383287034643, 'num_points': 6}, {'avg_silhouette': 0.024245283678440293, 'num_points': 3}, {'avg_silhouette': 0.1941607076752648, 'num_points': 10}, {'avg_silhouette': 0.22150953654921457, 'num_points': 4}, {'avg_silhouette': 0.16233540416656392, 'num_points': 14}, {'avg_silhouette': 0.15568181914246831, 'num_points': 2}, {'avg_silhouette': 0.0, 'num_points': 1}, {'avg_silhouette': -0.06281535447396168, 'num_points': 7}, {'avg_silhouette': 0.0, 'num_points': 1}, {'avg_silhouette': 0.33066887388266974, 'num_points': 12}, {'avg_silhouette': 0.0, 'num_points': 1}]",,14,0.3133737725587318,,4,0.3230772472335588
DBSCAN,,0.7701909579781008,"[{'avg_silhouette': 0.5906332565998131, 'num_points': 145}, {'avg_silhouette': 0.497035077453045, 'num_points': 9}]",5.0,2,0.3025731901223642,,1,
DBSCAN,,0.7601909579781008,"[{'avg_silhouette': 0.5906332565998131, 'num_points': 145}, {'avg_silhouette': 0.497035077453045, 'num_points': 9}]",5.0,2,0.3025731901223642,,1,
DBSCAN,,0.7501909579781008,"[{'avg_silhouette': 0.596577190116234, 'num_points': 144}, {'avg_silhouette': 0.4961856707862455, 'num_points': 9}]",5.0,2,0.30215324112561454,,1,
DBSCAN,,0.7401909579781007,"[{'avg_silhouette': 0.596577190116234, 'num_points': 144}, {'avg_silhouette': 0.4961856707862455, 'num_points': 9}]",5.0,2,0.30215324112561454,,1,
DBSCAN,,0.7301909579781007,"[{'avg_silhouette': 0.596577190116234, 'num_points': 144}, {'avg_silhouette': 0.4961856707862455, 'num_points': 9}]",5.0,2,0.30215324112561454,,1,
DBSCAN,,0.7201909579781007,"[{'avg_silhouette': 0.596577190116234, 'num_points': 144}, {'avg_silhouette': 0.4961856707862455, 'num_points': 9}]",5.0,2,0.30215324112561454,,1,
K-means,,,"[{'avg_silhouette': 0.25738795671032694, 'num_points': 10}, {'avg_silhouette': 0.0405387328645635, 'num_points': 14}, {'avg_silhouette': 0.2181350567641196, 'num_points': 97}, {'avg_silhouette': 0.4743083282549883, 'num_points': 81}, {'avg_silhouette': 0.24747931052208794, 'num_points': 9}, {'avg_silhouette': 0.035425547330596184, 'num_points': 3}, {'avg_silhouette': 0.19522714190492504, 'num_points': 8}, {'avg_silhouette': 0.330629616544929, 'num_points': 12}, {'avg_silhouette': 0.0, 'num_points': 1}]",,9,0.3003508931593615,,4,0.2659029336071501
DBSCAN,,0.7101909579781007,"[{'avg_silhouette': 0.6049115664876225, 'num_points': 142}, {'avg_silhouette': 0.4945716085599121, 'num_points': 9}]",5.0,2,0.2980878391898705,,1,
DBSCAN,,0.7001909579781007,"[{'avg_silhouette': 0.6049115664876225, 'num_points': 142}, {'avg_silhouette': 0.4945716085599121, 'num_points': 9}]",5.0,2,0.2980878391898705,,1,
DBSCAN,,0.6901909579781007,"[{'avg_silhouette': 0.6049115664876225, 'num_points': 142}, {'avg_silhouette': 0.4945716085599121, 'num_points': 9}]",5.0,2,0.2980878391898705,,1,
DBSCAN,,0.6801909579781007,"[{'avg_silhouette': 0.6049115664876225, 'num_points': 142}, {'avg_silhouette': 0.4945716085599121, 'num_points': 9}]",5.0,2,0.2980878391898705,,1,
K-means,,,"[{'avg_silhouette': 0.08890870018565633, 'num_points': 105}, {'avg_silhouette': 0.1764105563866686, 'num_points': 4}, {'avg_silhouette': 0.3814781145788704, 'num_points': 2}, {'avg_silhouette': 0.3063558432674835, 'num_points': 7}, {'avg_silhouette': 0.06160717695702974, 'num_points': 2}, {'avg_silhouette': 0.0, 'num_points': 1}, {'avg_silhouette': 0.0, 'num_points': 1}, {'avg_silhouette': 0.6440170531503838, 'num_points': 74}, {'avg_silhouette': 0.0, 'num_points': 1}, {'avg_silhouette': 0.39943021266327866, 'num_points': 11}, {'avg_silhouette': 0.37086576635265966, 'num_points': 2}, {'avg_silhouette': 0.5744741679015444, 'num_points': 5}, {'avg_silhouette': -0.04585107618527376, 'num_points': 6}, {'avg_silhouette': -0.02056354808529241, 'num_points': 3}, {'avg_silhouette': 0.01322650510209189, 'num_points': 5}, {'avg_silhouette': 0.2154412441984752, 'num_points': 5}, {'avg_silhouette': 0.0, 'num_points': 1}]",,17,0.29592917242875577,,2,0.3664628766680201
DBSCAN,,0.6701909579781007,"[{'avg_silhouette': 0.5977348868309212, 'num_points': 142}, {'avg_silhouette': 0.5385994043353539, 'num_points': 8}]",5.0,2,0.29069944112185236,,1,
DBSCAN,,0.6601909579781007,"[{'avg_silhouette': 0.5977348868309212, 'num_points': 142}, {'avg_silhouette': 0.5385994043353539, 'num_points': 8}]",5.0,2,0.29069944112185236,,1,
DBSCAN,,0.6501909579781007,"[{'avg_silhouette': 0.5977348868309212, 'num_points': 142}, {'avg_silhouette': 0.5385994043353539, 'num_points': 8}]",5.0,2,0.29069944112185236,,1,
DBSCAN,,0.6401909579781007,"[{'avg_silhouette': 0.5977348868309212, 'num_points': 142}, {'avg_silhouette': 0.5385994043353539, 'num_points': 8}]",5.0,2,0.29069944112185236,,1,
DBSCAN,,0.6301909579781007,"[{'avg_silhouette': 0.5977348868309212, 'num_points': 142}, {'avg_silhouette': 0.5385994043353539, 'num_points': 8}]",5.0,2,0.29069944112185236,,1,
DBSCAN,,0.6201909579781006,"[{'avg_silhouette': 0.5977348868309212, 'num_points': 142}, {'avg_silhouette': 0.5385994043353539, 'num_points': 8}]",5.0,2,0.29069944112185236,,1,
AGGLC,ward,,"[{'avg_silhouette': 0.08897823938655625, 'num_points': 108}, {'avg_silhouette': 0.13825854108280466, 'num_points': 13}, {'avg_silhouette': 0.029419405004537578, 'num_points': 11}, {'avg_silhouette': 0.2817846567865469, 'num_points': 10}, {'avg_silhouette': 0.6993161324814294, 'num_points': 70}, {'avg_silhouette': 0.07985195638107098, 'num_points': 14}, {'avg_silhouette': 0.39780592713409185, 'num_points': 9}]",,7,0.2902075783743906,,4,0.2516012173329653
K-means,,,"[{'avg_silhouette': 0.0814010306974703, 'num_points': 108}, {'avg_silhouette': -0.08112703911725043, 'num_points': 3}, {'avg_silhouette': 0.6641307131086671, 'num_points': 73}, {'avg_silhouette': 0.087935394216617, 'num_points': 3}, {'avg_silhouette': 0.1729478525691135, 'num_points': 3}, {'avg_silhouette': -0.010915718998135307, 'num_points': 3}, {'avg_silhouette': 0.3513792004778058, 'num_points': 4}, {'avg_silhouette': 0.0, 'num_points': 1}, {'avg_silhouette': 0.3543180617094056, 'num_points': 2}, {'avg_silhouette': 0.28687070678783544, 'num_points': 10}, {'avg_silhouette': -0.018288812296442546, 'num_points': 10}, {'avg_silhouette': 0.3252423258790722, 'num_points': 6}, {'avg_silhouette': 0.4013369982875498, 'num_points': 9}]",,13,0.2899695048867101,,2,0.3727658719030687
HDBSCAN,,,"[{'avg_silhouette': 0.27474122839999954, 'num_points': 7}, {'avg_silhouette': 0.23563175041989548, 'num_points': 6}, {'avg_silhouette': 0.4654214760875036, 'num_points': 5}, {'avg_silhouette': 0.9295911176978298, 'num_points': 4}, {'avg_silhouette': 0.9354436919302702, 'num_points': 4}, {'avg_silhouette': 0.5341900901293191, 'num_points': 5}, {'avg_silhouette': 0.4212285772454486, 'num_points': 9}, {'avg_silhouette': 0.38090703464886605, 'num_points': 4}, {'avg_silhouette': 0.3598784476735288, 'num_points': 3}, {'avg_silhouette': 0.4830347000237012, 'num_points': 5}, {'avg_silhouette': 0.8697570355934438, 'num_points': 6}, {'avg_silhouette': 0.3873881654049117, 'num_points': 5}, {'avg_silhouette': 0.4691000043410867, 'num_points': 10}, {'avg_silhouette': 0.15165134901631622, 'num_points': 5}, {'avg_silhouette': 0.4725172496090063, 'num_points': 5}, {'avg_silhouette': 0.7353596641609602, 'num_points': 14}, {'avg_silhouette': 0.7818009923910956, 'num_points': 6}, {'avg_silhouette': 0.9158196937505306, 'num_points': 12}, {'avg_silhouette': 0.731529044939447, 'num_points': 3}, {'avg_silhouette': 0.890782906084561, 'num_points': 7}, {'avg_silhouette': 0.7835363553584671, 'num_points': 8}, {'avg_silhouette': 1.0, 'num_points': 12}, {'avg_silhouette': 1.0, 'num_points': 3}, {'avg_silhouette': 0.8322386826117437, 'num_points': 6}, {'avg_silhouette': 0.7312231161489321, 'num_points': 6}]",,25,0.28788406728647103,3.0,3,0.8837264526371635
DBSCAN,,0.6101909579781006,"[{'avg_silhouette': 0.5944874891593274, 'num_points': 141}, {'avg_silhouette': 0.6016228709360887, 'num_points': 7}]",5.0,2,0.2820078783823425,,1,
DBSCAN,,0.6001909579781006,"[{'avg_silhouette': 0.5944874891593274, 'num_points': 141}, {'avg_silhouette': 0.6016228709360887, 'num_points': 7}]",5.0,2,0.2820078783823425,,1,
DBSCAN,,0.5901909579781006,"[{'avg_silhouette': 0.5985527150411638, 'num_points': 140}, {'avg_silhouette': 0.6013462830182089, 'num_points': 7}]",5.0,2,0.28040216562882436,,1,
DBSCAN,,0.5801909579781006,"[{'avg_silhouette': 0.5985527150411638, 'num_points': 140}, {'avg_silhouette': 0.6013462830182089, 'num_points': 7}]",5.0,2,0.28040216562882436,,1,
DBSCAN,,0.5701909579781006,"[{'avg_silhouette': 0.602313263121971, 'num_points': 139}, {'avg_silhouette': 0.6011053074562095, 'num_points': 7}]",5.0,2,0.2782693595510628,,1,
DBSCAN,,0.5601909579781006,"[{'avg_silhouette': 0.6055396229573243, 'num_points': 138}, {'avg_silhouette': 0.600730283914527, 'num_points': 7}]",5.0,2,0.27549001680975005,,1,
DBSCAN,,0.5501909579781006,"[{'avg_silhouette': 0.6055396229573243, 'num_points': 138}, {'avg_silhouette': 0.600730283914527, 'num_points': 7}]",5.0,2,0.27549001680975005,,1,
DBSCAN,,0.5401909579781006,"[{'avg_silhouette': 0.6055396229573243, 'num_points': 138}, {'avg_silhouette': 0.600730283914527, 'num_points': 7}]",5.0,2,0.27549001680975005,,1,
DBSCAN,,0.5301909579781006,"[{'avg_silhouette': 0.6055396229573243, 'num_points': 138}, {'avg_silhouette': 0.600730283914527, 'num_points': 7}]",5.0,2,0.27549001680975005,,1,
DBSCAN,,0.5201909579781006,"[{'avg_silhouette': 0.6055396229573243, 'num_points': 138}, {'avg_silhouette': 0.600730283914527, 'num_points': 7}]",5.0,2,0.27549001680975005,,1,
DBSCAN,,0.5101909579781005,"[{'avg_silhouette': 0.607962344367665, 'num_points': 137}, {'avg_silhouette': 0.6003858947896792, 'num_points': 7}]",5.0,2,0.27198931550275957,,1,
DBSCAN,,0.5001909579781005,"[{'avg_silhouette': 0.7079776446236511, 'num_points': 67}, {'avg_silhouette': 0.5335964163683405, 'num_points': 70}, {'avg_silhouette': 0.5776801558601437, 'num_points': 7}]",5.0,3,0.26986430722573596,,2,0.6207870304959958
DBSCAN,,0.4701909579781005,"[{'avg_silhouette': 0.7352630083444621, 'num_points': 66}, {'avg_silhouette': 0.5634019191969742, 'num_points': 67}, {'avg_silhouette': 0.575878617363819, 'num_points': 7}]",5.0,3,0.26688697025722535,,2,0.6493324637707182
DBSCAN,,0.4601909579781005,"[{'avg_silhouette': 0.7352630083444621, 'num_points': 66}, {'avg_silhouette': 0.5634019191969742, 'num_points': 67}, {'avg_silhouette': 0.575878617363819, 'num_points': 7}]",5.0,3,0.26688697025722535,,2,0.6493324637707182
DBSCAN,,0.4501909579781005,"[{'avg_silhouette': 0.7352630083444621, 'num_points': 66}, {'avg_silhouette': 0.5634019191969742, 'num_points': 67}, {'avg_silhouette': 0.575878617363819, 'num_points': 7}]",5.0,3,0.26688697025722535,,2,0.6493324637707182
AGGLC,ward,,"[{'avg_silhouette': 0.04181015450563747, 'num_points': 19}, {'avg_silhouette': 0.08897823938655625, 'num_points': 108}, {'avg_silhouette': 0.029419405004537578, 'num_points': 11}, {'avg_silhouette': 0.13825854108280466, 'num_points': 13}, {'avg_silhouette': 0.6993161324814294, 'num_points': 70}, {'avg_silhouette': 0.08432759893519706, 'num_points': 14}]",,6,0.2666286507969122,,5,0.210538133278325
K-means,,,"[{'avg_silhouette': 0.48091217502669475, 'num_points': 82}, {'avg_silhouette': 0.2102044362823172, 'num_points': 9}, {'avg_silhouette': 0.09038823555262795, 'num_points': 4}, {'avg_silhouette': 0.1889428833560856, 'num_points': 4}, {'avg_silhouette': 0.03631145734083856, 'num_points': 2}, {'avg_silhouette': 0.2908821494383688, 'num_points': 10}, {'avg_silhouette': 0.1450871067958913, 'num_points': 108}, {'avg_silhouette': 0.0, 'num_points': 1}, {'avg_silhouette': 0.3877945615823605, 'num_points': 5}, {'avg_silhouette': -0.06509134179034429, 'num_points': 3}, {'avg_silhouette': -0.08087738237789448, 'num_points': 7}]",,11,0.2649888161841779,,2,0.312999640911293
DBSCAN,,0.4901909579781005,"[{'avg_silhouette': 0.7042448549230292, 'num_points': 67}, {'avg_silhouette': 0.5667269394475731, 'num_points': 67}, {'avg_silhouette': 0.575878617363819, 'num_points': 7}]",5.0,3,0.2640643062694173,,2,0.6354858971853012
DBSCAN,,0.4801909579781005,"[{'avg_silhouette': 0.7042448549230292, 'num_points': 67}, {'avg_silhouette': 0.5667269394475731, 'num_points': 67}, {'avg_silhouette': 0.575878617363819, 'num_points': 7}]",5.0,3,0.2640643062694173,,2,0.6354858971853012
HDBSCAN,,,"[{'avg_silhouette': 0.43783215558145727, 'num_points': 5}, {'avg_silhouette': 0.467644713028999, 'num_points': 5}, {'avg_silhouette': 0.9295911176978298, 'num_points': 4}, {'avg_silhouette': 0.9354436919302702, 'num_points': 4}, {'avg_silhouette': 0.5341900901293191, 'num_points': 5}, {'avg_silhouette': 0.42398011528711915, 'num_points': 9}, {'avg_silhouette': 0.38216238934030333, 'num_points': 4}, {'avg_silhouette': 0.49129037340019155, 'num_points': 5}, {'avg_silhouette': 0.8696555784419688, 'num_points': 6}, {'avg_silhouette': 0.4055308754566152, 'num_points': 5}, {'avg_silhouette': 0.44181813563950223, 'num_points': 13}, {'avg_silhouette': 0.6028732346681918, 'num_points': 13}, {'avg_silhouette': 0.47219868237681506, 'num_points': 5}, {'avg_silhouette': 0.7412134309702162, 'num_points': 14}, {'avg_silhouette': 0.8140051629969756, 'num_points': 8}, {'avg_silhouette': 0.8199052594003479, 'num_points': 15}, {'avg_silhouette': 0.9191786618282412, 'num_points': 12}, {'avg_silhouette': 0.5889311437603848, 'num_points': 7}, {'avg_silhouette': 0.6692749030602954, 'num_points': 7}, {'avg_silhouette': 0.7621550815300008, 'num_points': 6}]",,20,0.26098846829381217,4.0,5,0.7049977445012998
DBSCAN,,0.4401909579781005,"[{'avg_silhouette': 0.7487697938448674, 'num_points': 65}, {'avg_silhouette': 0.5622034815052963, 'num_points': 67}, {'avg_silhouette': 0.7565425005993425, 'num_points': 5}]",5.0,3,0.258704390084698,,2,0.6554866376750819
DBSCAN,,0.4301909579781005,"[{'avg_silhouette': 0.7487697938448674, 'num_points': 65}, {'avg_silhouette': 0.5622034815052963, 'num_points': 67}, {'avg_silhouette': 0.7565425005993425, 'num_points': 5}]",5.0,3,0.258704390084698,,2,0.6554866376750819
DBSCAN,,0.42019095797810047,"[{'avg_silhouette': 0.7487697938448674, 'num_points': 65}, {'avg_silhouette': 0.5622034815052963, 'num_points': 67}, {'avg_silhouette': 0.7565425005993425, 'num_points': 5}]",5.0,3,0.258704390084698,,2,0.6554866376750819
DBSCAN,,0.41019095797810046,"[{'avg_silhouette': 0.7487697938448674, 'num_points': 65}, {'avg_silhouette': 0.5622034815052963, 'num_points': 67}, {'avg_silhouette': 0.7565425005993425, 'num_points': 5}]",5.0,3,0.258704390084698,,2,0.6554866376750819
DBSCAN,,0.40019095797810045,"[{'avg_silhouette': 0.7487697938448674, 'num_points': 65}, {'avg_silhouette': 0.5622034815052963, 'num_points': 67}, {'avg_silhouette': 0.7565425005993425, 'num_points': 5}]",5.0,3,0.258704390084698,,2,0.6554866376750819
DBSCAN,,0.39019095797810044,"[{'avg_silhouette': 0.7487697938448674, 'num_points': 65}, {'avg_silhouette': 0.5622034815052963, 'num_points': 67}, {'avg_silhouette': 0.7565425005993425, 'num_points': 5}]",5.0,3,0.258704390084698,,2,0.6554866376750819
DBSCAN,,0.38019095797810043,"[{'avg_silhouette': 0.7487697938448674, 'num_points': 65}, {'avg_silhouette': 0.5622034815052963, 'num_points': 67}, {'avg_silhouette': 0.7565425005993425, 'num_points': 5}]",5.0,3,0.258704390084698,,2,0.6554866376750819
DBSCAN,,0.3701909579781004,"[{'avg_silhouette': 0.7487697938448674, 'num_points': 65}, {'avg_silhouette': 0.5622034815052963, 'num_points': 67}, {'avg_silhouette': 0.7565425005993425, 'num_points': 5}]",5.0,3,0.258704390084698,,2,0.6554866376750819
DBSCAN,,0.3601909579781004,"[{'avg_silhouette': 0.7487697938448674, 'num_points': 65}, {'avg_silhouette': 0.5622034815052963, 'num_points': 67}, {'avg_silhouette': 0.7565425005993425, 'num_points': 5}]",5.0,3,0.258704390084698,,2,0.6554866376750819
AGGLC,ward,,"[{'avg_silhouette': -0.09950634440897753, 'num_points': 30}, {'avg_silhouette': 0.08897823938655625, 'num_points': 108}, {'avg_silhouette': 0.10570042119708185, 'num_points': 14}, {'avg_silhouette': 0.13825854108280466, 'num_points': 13}, {'avg_silhouette': 0.6993161324814294, 'num_points': 70}]",,5,0.2504415137277209,,5,0.18654939794777894
K-means,,,"[{'avg_silhouette': 0.6602929537621945, 'num_points': 74}, {'avg_silhouette': 0.19295576911147105, 'num_points': 2}, {'avg_silhouette': 0.10263528519169896, 'num_points': 12}, {'avg_silhouette': 0.05080944000358147, 'num_points': 20}, {'avg_silhouette': 0.3493504851150695, 'num_points': 12}, {'avg_silhouette': 0.025075988954124256, 'num_points': 114}, {'avg_silhouette': 0.0, 'num_points': 1}]",,7,0.2491330676644611,,5,0.23763283060533377
DBSCAN,,0.5001909579781005,"[{'avg_silhouette': 0.7361151574145247, 'num_points': 66}, {'avg_silhouette': 0.5525701409164708, 'num_points': 68}]",10.0,2,0.2447963747177698,,2,0.6443426491654978
HDBSCAN,,,"[{'avg_silhouette': 0.5626142087964909, 'num_points': 67}, {'avg_silhouette': 0.7569402171980928, 'num_points': 65}]",,2,0.24335826491118262,13.0,2,0.6597772129972919
HDBSCAN,,,"[{'avg_silhouette': 0.5626142087964909, 'num_points': 67}, {'avg_silhouette': 0.7569402171980928, 'num_points': 65}]",,2,0.24335826491118262,14.0,2,0.6597772129972919
HDBSCAN,,,"[{'avg_silhouette': 0.5626142087964909, 'num_points': 67}, {'avg_silhouette': 0.7569402171980928, 'num_points': 65}]",,2,0.24335826491118262,15.0,2,0.6597772129972919
HDBSCAN,,,"[{'avg_silhouette': 0.5626142087964909, 'num_points': 67}, {'avg_silhouette': 0.7569402171980928, 'num_points': 65}]",,2,0.24335826491118262,16.0,2,0.6597772129972919
HDBSCAN,,,"[{'avg_silhouette': 0.5626142087964909, 'num_points': 67}, {'avg_silhouette': 0.7569402171980928, 'num_points': 65}]",,2,0.24335826491118262,17.0,2,0.6597772129972919
DBSCAN,,0.4901909579781005,"[{'avg_silhouette': 0.7352630083444621, 'num_points': 66}, {'avg_silhouette': 0.5634019191969742, 'num_points': 67}]",10.0,2,0.24291382893426913,,2,0.6493324637707182
DBSCAN,,0.4801909579781005,"[{'avg_silhouette': 0.7352630083444621, 'num_points': 66}, {'avg_silhouette': 0.5634019191969742, 'num_points': 67}]",10.0,2,0.24291382893426913,,2,0.6493324637707182
DBSCAN,,0.4701909579781005,"[{'avg_silhouette': 0.7352630083444621, 'num_points': 66}, {'avg_silhouette': 0.5634019191969742, 'num_points': 67}]",10.0,2,0.24291382893426913,,2,0.6493324637707182
DBSCAN,,0.4601909579781005,"[{'avg_silhouette': 0.7352630083444621, 'num_points': 66}, {'avg_silhouette': 0.5634019191969742, 'num_points': 67}]",10.0,2,0.24291382893426913,,2,0.6493324637707182
DBSCAN,,0.4501909579781005,"[{'avg_silhouette': 0.7352630083444621, 'num_points': 66}, {'avg_silhouette': 0.5634019191969742, 'num_points': 67}]",10.0,2,0.24291382893426913,,2,0.6493324637707182
DBSCAN,,0.4401909579781005,"[{'avg_silhouette': 0.7711461389696153, 'num_points': 64}, {'avg_silhouette': 0.561378609904193, 'num_points': 67}]",10.0,2,0.2411132204331075,,2,0.6662623744369041
DBSCAN,,0.4301909579781005,"[{'avg_silhouette': 0.7711461389696153, 'num_points': 64}, {'avg_silhouette': 0.561378609904193, 'num_points': 67}]",10.0,2,0.2411132204331075,,2,0.6662623744369041
DBSCAN,,0.42019095797810047,"[{'avg_silhouette': 0.7711461389696153, 'num_points': 64}, {'avg_silhouette': 0.561378609904193, 'num_points': 67}]",10.0,2,0.2411132204331075,,2,0.6662623744369041
DBSCAN,,0.41019095797810046,"[{'avg_silhouette': 0.7711461389696153, 'num_points': 64}, {'avg_silhouette': 0.561378609904193, 'num_points': 67}]",10.0,2,0.2411132204331075,,2,0.6662623744369041
DBSCAN,,0.40019095797810045,"[{'avg_silhouette': 0.7711461389696153, 'num_points': 64}, {'avg_silhouette': 0.561378609904193, 'num_points': 67}]",10.0,2,0.2411132204331075,,2,0.6662623744369041
DBSCAN,,0.39019095797810044,"[{'avg_silhouette': 0.7711461389696153, 'num_points': 64}, {'avg_silhouette': 0.561378609904193, 'num_points': 67}]",10.0,2,0.2411132204331075,,2,0.6662623744369041
DBSCAN,,0.38019095797810043,"[{'avg_silhouette': 0.7711461389696153, 'num_points': 64}, {'avg_silhouette': 0.561378609904193, 'num_points': 67}]",10.0,2,0.2411132204331075,,2,0.6662623744369041
DBSCAN,,0.3701909579781004,"[{'avg_silhouette': 0.7711461389696153, 'num_points': 64}, {'avg_silhouette': 0.561378609904193, 'num_points': 67}]",10.0,2,0.2411132204331075,,2,0.6662623744369041
DBSCAN,,0.3601909579781004,"[{'avg_silhouette': 0.7711461389696153, 'num_points': 64}, {'avg_silhouette': 0.561378609904193, 'num_points': 67}]",10.0,2,0.2411132204331075,,2,0.6662623744369041
DBSCAN,,0.3501909579781004,"[{'avg_silhouette': 0.7711461389696153, 'num_points': 64}, {'avg_silhouette': 0.561378609904193, 'num_points': 67}]",5.0,2,0.2411132204331075,,2,0.6662623744369041
DBSCAN,,0.3501909579781004,"[{'avg_silhouette': 0.7711461389696153, 'num_points': 64}, {'avg_silhouette': 0.561378609904193, 'num_points': 67}]",10.0,2,0.2411132204331075,,2,0.6662623744369041
DBSCAN,,0.3401909579781004,"[{'avg_silhouette': 0.7711461389696153, 'num_points': 64}, {'avg_silhouette': 0.561378609904193, 'num_points': 67}]",5.0,2,0.2411132204331075,,2,0.6662623744369041
DBSCAN,,0.3401909579781004,"[{'avg_silhouette': 0.7711461389696153, 'num_points': 64}, {'avg_silhouette': 0.561378609904193, 'num_points': 67}]",10.0,2,0.2411132204331075,,2,0.6662623744369041
DBSCAN,,0.3301909579781004,"[{'avg_silhouette': 0.7711461389696153, 'num_points': 64}, {'avg_silhouette': 0.561378609904193, 'num_points': 67}]",5.0,2,0.2411132204331075,,2,0.6662623744369041
DBSCAN,,0.3301909579781004,"[{'avg_silhouette': 0.7711461389696153, 'num_points': 64}, {'avg_silhouette': 0.561378609904193, 'num_points': 67}]",10.0,2,0.2411132204331075,,2,0.6662623744369041
DBSCAN,,0.3201909579781004,"[{'avg_silhouette': 0.7711461389696153, 'num_points': 64}, {'avg_silhouette': 0.561378609904193, 'num_points': 67}]",5.0,2,0.2411132204331075,,2,0.6662623744369041
DBSCAN,,0.3201909579781004,"[{'avg_silhouette': 0.7711461389696153, 'num_points': 64}, {'avg_silhouette': 0.561378609904193, 'num_points': 67}]",10.0,2,0.2411132204331075,,2,0.6662623744369041
DBSCAN,,0.31019095797810037,"[{'avg_silhouette': 0.7711461389696153, 'num_points': 64}, {'avg_silhouette': 0.561378609904193, 'num_points': 67}]",5.0,2,0.2411132204331075,,2,0.6662623744369041
DBSCAN,,0.31019095797810037,"[{'avg_silhouette': 0.7711461389696153, 'num_points': 64}, {'avg_silhouette': 0.561378609904193, 'num_points': 67}]",10.0,2,0.2411132204331075,,2,0.6662623744369041
DBSCAN,,0.30019095797810036,"[{'avg_silhouette': 0.7711461389696153, 'num_points': 64}, {'avg_silhouette': 0.561378609904193, 'num_points': 67}]",5.0,2,0.2411132204331075,,2,0.6662623744369041
DBSCAN,,0.30019095797810036,"[{'avg_silhouette': 0.7711461389696153, 'num_points': 64}, {'avg_silhouette': 0.561378609904193, 'num_points': 67}]",10.0,2,0.2411132204331075,,2,0.6662623744369041
DBSCAN,,0.29019095797810035,"[{'avg_silhouette': 0.7711461389696153, 'num_points': 64}, {'avg_silhouette': 0.561378609904193, 'num_points': 67}]",5.0,2,0.2411132204331075,,2,0.6662623744369041
DBSCAN,,0.29019095797810035,"[{'avg_silhouette': 0.7711461389696153, 'num_points': 64}, {'avg_silhouette': 0.561378609904193, 'num_points': 67}]",10.0,2,0.2411132204331075,,2,0.6662623744369041
K-means,,,"[{'avg_silhouette': 0.0, 'num_points': 1}, {'avg_silhouette': 0.16563498697198642, 'num_points': 7}, {'avg_silhouette': -0.007495953475218402, 'num_points': 121}, {'avg_silhouette': 0.6573223570113985, 'num_points': 5}, {'avg_silhouette': 0.4260854952232648, 'num_points': 2}, {'avg_silhouette': 0.18877992811151065, 'num_points': 8}, {'avg_silhouette': 0.6825751804719248, 'num_points': 73}, {'avg_silhouette': 0.022169345205005495, 'num_points': 13}, {'avg_silhouette': 0.12803256022886353, 'num_points': 2}, {'avg_silhouette': 0.0, 'num_points': 1}, {'avg_silhouette': 0.0, 'num_points': 1}, {'avg_silhouette': 0.0, 'num_points': 1}]",,12,0.23946260221817617,,3,0.23241619073390396
DBSCAN,,0.28019095797810034,"[{'avg_silhouette': 0.7712286684341297, 'num_points': 64}, {'avg_silhouette': 0.5696165223635189, 'num_points': 66}]",5.0,2,0.23855551283800233,,2,0.6704225953988243
DBSCAN,,0.28019095797810034,"[{'avg_silhouette': 0.7712286684341297, 'num_points': 64}, {'avg_silhouette': 0.5696165223635189, 'num_points': 66}]",10.0,2,0.23855551283800233,,2,0.6704225953988243
DBSCAN,,0.27019095797810033,"[{'avg_silhouette': 0.7712286684341297, 'num_points': 64}, {'avg_silhouette': 0.5696165223635189, 'num_points': 66}]",5.0,2,0.23855551283800233,,2,0.6704225953988243
DBSCAN,,0.27019095797810033,"[{'avg_silhouette': 0.7712286684341297, 'num_points': 64}, {'avg_silhouette': 0.5696165223635189, 'num_points': 66}]",10.0,2,0.23855551283800233,,2,0.6704225953988243
DBSCAN,,0.2601909579781003,"[{'avg_silhouette': 0.7712286684341297, 'num_points': 64}, {'avg_silhouette': 0.5696165223635189, 'num_points': 66}]",5.0,2,0.23855551283800233,,2,0.6704225953988243
DBSCAN,,0.2601909579781003,"[{'avg_silhouette': 0.7712286684341297, 'num_points': 64}, {'avg_silhouette': 0.5696165223635189, 'num_points': 66}]",10.0,2,0.23855551283800233,,2,0.6704225953988243
DBSCAN,,0.2501909579781003,"[{'avg_silhouette': 0.7878013548828477, 'num_points': 63}, {'avg_silhouette': 0.570097562324741, 'num_points': 66}]",5.0,2,0.2373885897976337,,2,0.6789494586037943
DBSCAN,,0.2501909579781003,"[{'avg_silhouette': 0.7878013548828477, 'num_points': 63}, {'avg_silhouette': 0.570097562324741, 'num_points': 66}]",10.0,2,0.2373885897976337,,2,0.6789494586037943
DBSCAN,,0.2401909579781003,"[{'avg_silhouette': 0.7878013548828477, 'num_points': 63}, {'avg_silhouette': 0.570097562324741, 'num_points': 66}]",5.0,2,0.2373885897976337,,2,0.6789494586037943
DBSCAN,,0.2401909579781003,"[{'avg_silhouette': 0.7878013548828477, 'num_points': 63}, {'avg_silhouette': 0.570097562324741, 'num_points': 66}]",10.0,2,0.2373885897976337,,2,0.6789494586037943
DBSCAN,,0.2301909579781003,"[{'avg_silhouette': 0.7878013548828477, 'num_points': 63}, {'avg_silhouette': 0.570097562324741, 'num_points': 66}]",5.0,2,0.2373885897976337,,2,0.6789494586037943
DBSCAN,,0.2301909579781003,"[{'avg_silhouette': 0.7878013548828477, 'num_points': 63}, {'avg_silhouette': 0.570097562324741, 'num_points': 66}]",10.0,2,0.2373885897976337,,2,0.6789494586037943
K-means,,,"[{'avg_silhouette': 1.0, 'num_points': 2}, {'avg_silhouette': 0.0677531641477966, 'num_points': 117}, {'avg_silhouette': 0.13650791115330213, 'num_points': 5}, {'avg_silhouette': 0.5239653966195557, 'num_points': 81}, {'avg_silhouette': 0.03343180372038428, 'num_points': 6}, {'avg_silhouette': 0.039669472051611795, 'num_points': 13}, {'avg_silhouette': 0.24492207789842876, 'num_points': 8}, {'avg_silhouette': -0.022417198014481318, 'num_points': 3}]",,8,0.2368479824484254,,3,0.21046267760632134
DBSCAN,,0.2201909579781003,"[{'avg_silhouette': 0.7868983981458176, 'num_points': 63}, {'avg_silhouette': 0.5777115559398179, 'num_points': 65}]",5.0,2,0.23417738338227287,,2,0.6823049770428178
DBSCAN,,0.2201909579781003,"[{'avg_silhouette': 0.7868983981458176, 'num_points': 63}, {'avg_silhouette': 0.5777115559398179, 'num_points': 65}]",10.0,2,0.23417738338227287,,2,0.6823049770428178
K-means,,,"[{'avg_silhouette': -0.0006935799714684101, 'num_points': 3}, {'avg_silhouette': 0.05842360055111881, 'num_points': 119}, {'avg_silhouette': 0.23944308138617748, 'num_points': 10}, {'avg_silhouette': 0.5265726567985393, 'num_points': 81}, {'avg_silhouette': 0.03536412452039987, 'num_points': 22}]",,5,0.22457512544536587,,3,0.20678679395668598
DBSCAN,,0.21019095797810028,"[{'avg_silhouette': 0.787600881031023, 'num_points': 63}, {'avg_silhouette': 0.5881760828757837, 'num_points': 59}]",10.0,2,0.2060152346030103,,2,0.6878884819534034
K-means,,,"[{'avg_silhouette': 0.027186970750107342, 'num_points': 31}, {'avg_silhouette': 0.5387385820767122, 'num_points': 81}, {'avg_silhouette': 0.023963910688147298, 'num_points': 123}]",,3,0.20182205215365592,,3,0.19662982117165562
HDBSCAN,,,"[{'avg_silhouette': 0.4987365880751937, 'num_points': 8}, {'avg_silhouette': 0.4444809940758047, 'num_points': 6}, {'avg_silhouette': 0.4258761217834846, 'num_points': 9}, {'avg_silhouette': 0.487463903697887, 'num_points': 5}, {'avg_silhouette': 0.8696555784419688, 'num_points': 6}, {'avg_silhouette': 0.3928155812183479, 'num_points': 5}, {'avg_silhouette': 0.7457571994563813, 'num_points': 11}, {'avg_silhouette': 0.5678882096622361, 'num_points': 11}, {'avg_silhouette': 0.8140051629969756, 'num_points': 8}, {'avg_silhouette': 0.7353596641609602, 'num_points': 14}, {'avg_silhouette': 0.8199052594003479, 'num_points': 15}, {'avg_silhouette': 0.9191786618282412, 'num_points': 12}, {'avg_silhouette': 0.7824639199446373, 'num_points': 6}, {'avg_silhouette': 0.6692749030602954, 'num_points': 7}, {'avg_silhouette': 0.7621550815300008, 'num_points': 6}]",,15,0.18814086379672282,5.0,3,0.824814528463183
DBSCAN,,0.20019095797810027,"[{'avg_silhouette': 0.7724535490283121, 'num_points': 63}, {'avg_silhouette': 0.34737736134425257, 'num_points': 44}, {'avg_silhouette': 0.8941524603265344, 'num_points': 6}, {'avg_silhouette': 0.4691000043410867, 'num_points': 10}, {'avg_silhouette': 0.27542900993026276, 'num_points': 5}]",5.0,5,0.17722115139966588,,2,0.5599154551862824
DBSCAN,,0.20019095797810027,"[{'avg_silhouette': 0.7736818941049595, 'num_points': 63}, {'avg_silhouette': 0.6548673713130542, 'num_points': 41}, {'avg_silhouette': 0.6855751423464259, 'num_points': 10}]",10.0,3,0.16815422679188563,,2,0.7142746327090068
DBSCAN,,0.21019095797810028,"[{'avg_silhouette': 0.779692100973488, 'num_points': 63}, {'avg_silhouette': 0.13846243179134707, 'num_points': 59}, {'avg_silhouette': 0.9074802898221815, 'num_points': 6}]",5.0,3,0.12822860067083455,,2,0.4590772663824175
HDBSCAN,,,"[{'avg_silhouette': 0.49877804526381714, 'num_points': 8}, {'avg_silhouette': 0.42582746274623917, 'num_points': 9}, {'avg_silhouette': 0.8697570355934438, 'num_points': 6}, {'avg_silhouette': 0.5675098563352186, 'num_points': 11}, {'avg_silhouette': 0.8323029951491969, 'num_points': 13}, {'avg_silhouette': 0.7457571994563813, 'num_points': 11}, {'avg_silhouette': 0.7818009923910956, 'num_points': 6}, {'avg_silhouette': 0.9191786618282412, 'num_points': 12}, {'avg_silhouette': 0.8199052594003479, 'num_points': 15}, {'avg_silhouette': 0.8140051629969756, 'num_points': 8}, {'avg_silhouette': 0.8322386826117437, 'num_points': 6}, {'avg_silhouette': 0.7312231161489321, 'num_points': 6}]",,12,0.1169251730784835,6.0,3,0.8571289721259286
DBSCAN,,0.19019095797810026,"[{'avg_silhouette': 0.8240587677453528, 'num_points': 56}, {'avg_silhouette': 0.7743224477635323, 'num_points': 38}]",10.0,2,0.08964695531057913,,2,0.7991906077544426
DBSCAN,,0.18019095797810025,"[{'avg_silhouette': 0.8240587677453528, 'num_points': 56}, {'avg_silhouette': 0.7743224477635323, 'num_points': 38}]",10.0,2,0.08964695531057913,,2,0.7991906077544426
DBSCAN,,0.17019095797810024,"[{'avg_silhouette': 0.8240587677453528, 'num_points': 56}, {'avg_silhouette': 0.7743224477635323, 'num_points': 38}]",10.0,2,0.08964695531057913,,2,0.7991906077544426
DBSCAN,,0.16019095797810023,"[{'avg_silhouette': 0.8240587677453528, 'num_points': 56}, {'avg_silhouette': 0.7743224477635323, 'num_points': 38}]",10.0,2,0.08964695531057913,,2,0.7991906077544426
DBSCAN,,0.15019095797810023,"[{'avg_silhouette': 0.8240587677453528, 'num_points': 56}, {'avg_silhouette': 0.7743224477635323, 'num_points': 38}]",10.0,2,0.08964695531057913,,2,0.7991906077544426
DBSCAN,,0.19019095797810026,"[{'avg_silhouette': 0.5587583284795105, 'num_points': 56}, {'avg_silhouette': 0.4725585783177132, 'num_points': 38}, {'avg_silhouette': 0.8912038209722063, 'num_points': 6}, {'avg_silhouette': 0.7251135218886412, 'num_points': 9}, {'avg_silhouette': 0.5396199226513646, 'num_points': 5}]",5.0,5,0.08572849315434325,,2,0.5156584533986118
DBSCAN,,0.18019095797810025,"[{'avg_silhouette': 0.5587583284795105, 'num_points': 56}, {'avg_silhouette': 0.4725585783177132, 'num_points': 38}, {'avg_silhouette': 0.8912038209722063, 'num_points': 6}, {'avg_silhouette': 0.7251135218886412, 'num_points': 9}, {'avg_silhouette': 0.5396199226513646, 'num_points': 5}]",5.0,5,0.08572849315434325,,2,0.5156584533986118
DBSCAN,,0.17019095797810024,"[{'avg_silhouette': 0.5587583284795105, 'num_points': 56}, {'avg_silhouette': 0.4725585783177132, 'num_points': 38}, {'avg_silhouette': 0.8912038209722063, 'num_points': 6}, {'avg_silhouette': 0.7251135218886412, 'num_points': 9}, {'avg_silhouette': 0.5396199226513646, 'num_points': 5}]",5.0,5,0.08572849315434325,,2,0.5156584533986118
DBSCAN,,0.16019095797810023,"[{'avg_silhouette': 0.5587583284795105, 'num_points': 56}, {'avg_silhouette': 0.4725585783177132, 'num_points': 38}, {'avg_silhouette': 0.8912038209722063, 'num_points': 6}, {'avg_silhouette': 0.7251135218886412, 'num_points': 9}, {'avg_silhouette': 0.5396199226513646, 'num_points': 5}]",5.0,5,0.08572849315434325,,2,0.5156584533986118
DBSCAN,,0.15019095797810023,"[{'avg_silhouette': 0.5587583284795105, 'num_points': 56}, {'avg_silhouette': 0.4725585783177132, 'num_points': 38}, {'avg_silhouette': 0.8912038209722063, 'num_points': 6}, {'avg_silhouette': 0.7251135218886412, 'num_points': 9}, {'avg_silhouette': 0.5396199226513646, 'num_points': 5}]",5.0,5,0.08572849315434325,,2,0.5156584533986118
HDBSCAN,,,"[{'avg_silhouette': 0.5007640289840154, 'num_points': 8}, {'avg_silhouette': 0.478557899587306, 'num_points': 8}, {'avg_silhouette': 0.7457571994563813, 'num_points': 11}, {'avg_silhouette': 0.6209003319057761, 'num_points': 10}, {'avg_silhouette': 0.9191786618282412, 'num_points': 12}, {'avg_silhouette': 0.4305157103572233, 'num_points': 24}, {'avg_silhouette': 0.8648264508971153, 'num_points': 13}, {'avg_silhouette': 0.8199052594003479, 'num_points': 15}, {'avg_silhouette': 0.8140051629969756, 'num_points': 8}]",,9,0.07903942926972092,7.0,4,0.7586065206207319
DBSCAN,,0.14019095797810022,"[{'avg_silhouette': 0.52021000341909, 'num_points': 50}, {'avg_silhouette': 0.7828561922211371, 'num_points': 14}, {'avg_silhouette': 0.8817621730993248, 'num_points': 6}, {'avg_silhouette': 0.49442910061187656, 'num_points': 5}, {'avg_silhouette': 0.43980015153794566, 'num_points': 24}, {'avg_silhouette': 0.7726218116498748, 'num_points': 8}, {'avg_silhouette': 0.5286356994504314, 'num_points': 5}]",5.0,7,0.07763886140958484,,3,0.5809554490593909
HDBSCAN,,,"[{'avg_silhouette': 0.5007640289840154, 'num_points': 8}, {'avg_silhouette': 0.47830326664120104, 'num_points': 8}, {'avg_silhouette': 0.7457571994563813, 'num_points': 11}, {'avg_silhouette': 0.7726218116498748, 'num_points': 8}, {'avg_silhouette': 0.9191786618282412, 'num_points': 12}, {'avg_silhouette': 0.8199052594003479, 'num_points': 15}, {'avg_silhouette': 0.8140051629969756, 'num_points': 8}, {'avg_silhouette': 0.4305157103572233, 'num_points': 24}, {'avg_silhouette': 0.8648264508971153, 'num_points': 13}]",,9,0.07250946917021467,8.0,4,0.758606520620732
DBSCAN,,0.1301909579781002,"[{'avg_silhouette': 0.52021000341909, 'num_points': 50}, {'avg_silhouette': 0.8648264508971153, 'num_points': 13}, {'avg_silhouette': 0.8817621730993248, 'num_points': 6}, {'avg_silhouette': 0.4305157103572233, 'num_points': 24}, {'avg_silhouette': 0.8092117565425793, 'num_points': 7}, {'avg_silhouette': 0.49442910061187656, 'num_points': 5}]",5.0,6,0.044173153200644126,,3,0.6051840548911428
DBSCAN,,0.09019095797810017,"[{'avg_silhouette': 0.7174742693654829, 'num_points': 37}, {'avg_silhouette': 0.8323029951491969, 'num_points': 13}, {'avg_silhouette': 0.7614409863582179, 'num_points': 11}, {'avg_silhouette': 0.8714568890235913, 'num_points': 6}, {'avg_silhouette': 0.768948166439656, 'num_points': 14}, {'avg_silhouette': 0.7868995136474771, 'num_points': 6}, {'avg_silhouette': 0.9368939532181703, 'num_points': 5}]",5.0,7,0.04234589583683763,,3,0.7729084769847786
DBSCAN,,0.08019095797810016,"[{'avg_silhouette': 0.7174742693654829, 'num_points': 37}, {'avg_silhouette': 0.8323029951491969, 'num_points': 13}, {'avg_silhouette': 0.7614409863582179, 'num_points': 11}, {'avg_silhouette': 0.8714568890235913, 'num_points': 6}, {'avg_silhouette': 0.768948166439656, 'num_points': 14}, {'avg_silhouette': 0.7868995136474771, 'num_points': 6}, {'avg_silhouette': 0.9368939532181703, 'num_points': 5}]",5.0,7,0.04234589583683763,,3,0.7729084769847786
DBSCAN,,0.07019095797810015,"[{'avg_silhouette': 0.7174742693654829, 'num_points': 37}, {'avg_silhouette': 0.8323029951491969, 'num_points': 13}, {'avg_silhouette': 0.7614409863582179, 'num_points': 11}, {'avg_silhouette': 0.8714568890235913, 'num_points': 6}, {'avg_silhouette': 0.768948166439656, 'num_points': 14}, {'avg_silhouette': 0.7868995136474771, 'num_points': 6}, {'avg_silhouette': 0.9368939532181703, 'num_points': 5}]",5.0,7,0.04234589583683763,,3,0.7729084769847786
DBSCAN,,0.1201909579781002,"[{'avg_silhouette': 0.7174742693654829, 'num_points': 37}, {'avg_silhouette': 0.8632641402202735, 'num_points': 13}, {'avg_silhouette': 0.7614409863582179, 'num_points': 11}, {'avg_silhouette': 0.8814596101639468, 'num_points': 6}, {'avg_silhouette': 0.4496579568560531, 'num_points': 23}, {'avg_silhouette': 0.8660983590532322, 'num_points': 6}]",5.0,6,0.03914922159680303,,3,0.6767987888139365
DBSCAN,,0.11019095797810019,"[{'avg_silhouette': 0.7174742693654829, 'num_points': 37}, {'avg_silhouette': 0.8632641402202735, 'num_points': 13}, {'avg_silhouette': 0.7614409863582179, 'num_points': 11}, {'avg_silhouette': 0.8814596101639468, 'num_points': 6}, {'avg_silhouette': 0.4496579568560531, 'num_points': 23}, {'avg_silhouette': 0.8660983590532322, 'num_points': 6}]",5.0,6,0.03914922159680303,,3,0.6767987888139365
DBSCAN,,0.10019095797810018,"[{'avg_silhouette': 0.7174742693654829, 'num_points': 37}, {'avg_silhouette': 0.8632641402202735, 'num_points': 13}, {'avg_silhouette': 0.7614409863582179, 'num_points': 11}, {'avg_silhouette': 0.8814596101639468, 'num_points': 6}, {'avg_silhouette': 0.4496579568560531, 'num_points': 23}, {'avg_silhouette': 0.9385803432017351, 'num_points': 5}]",5.0,6,0.033545279500430424,,3,0.6767987888139365
DBSCAN,,0.14019095797810022,"[{'avg_silhouette': 0.8527534397885057, 'num_points': 50}, {'avg_silhouette': 0.7828561922211371, 'num_points': 14}, {'avg_silhouette': 0.43980015153794566, 'num_points': 24}]",10.0,3,0.01720173114147504,,3,0.6918032611825295
DBSCAN,,0.1301909579781002,"[{'avg_silhouette': 0.8527534397885057, 'num_points': 50}, {'avg_silhouette': 0.8648264508971153, 'num_points': 13}, {'avg_silhouette': 0.4305157103572233, 'num_points': 24}]",10.0,3,0.014344653315257617,,3,0.7160318670142815
DBSCAN,,0.1201909579781002,"[{'avg_silhouette': 0.7174742693654829, 'num_points': 37}, {'avg_silhouette': 0.8630406306151434, 'num_points': 13}, {'avg_silhouette': 0.7614409863582179, 'num_points': 11}, {'avg_silhouette': 0.5498431991538318, 'num_points': 21}]",10.0,4,-0.031107815872093724,,3,0.7101193663781528
DBSCAN,,0.11019095797810019,"[{'avg_silhouette': 0.7174742693654829, 'num_points': 37}, {'avg_silhouette': 0.8630406306151434, 'num_points': 13}, {'avg_silhouette': 0.7614409863582179, 'num_points': 11}, {'avg_silhouette': 0.5498431991538318, 'num_points': 21}]",10.0,4,-0.031107815872093724,,3,0.7101193663781528
DBSCAN,,0.10019095797810018,"[{'avg_silhouette': 0.7174742693654829, 'num_points': 37}, {'avg_silhouette': 0.8630406306151434, 'num_points': 13}, {'avg_silhouette': 0.7614409863582179, 'num_points': 11}, {'avg_silhouette': 0.5498431991538318, 'num_points': 21}]",10.0,4,-0.031107815872093724,,3,0.7101193663781528
DBSCAN,,0.09019095797810017,"[{'avg_silhouette': 0.7174742693654829, 'num_points': 37}, {'avg_silhouette': 0.8734003910504738, 'num_points': 13}, {'avg_silhouette': 0.7614409863582179, 'num_points': 11}, {'avg_silhouette': 0.8430501071780185, 'num_points': 14}]",10.0,4,-0.05257541926493098,,3,0.8113082558646584
DBSCAN,,0.08019095797810016,"[{'avg_silhouette': 0.7174742693654829, 'num_points': 37}, {'avg_silhouette': 0.8734003910504738, 'num_points': 13}, {'avg_silhouette': 0.7614409863582179, 'num_points': 11}, {'avg_silhouette': 0.8430501071780185, 'num_points': 14}]",10.0,4,-0.05257541926493098,,3,0.8113082558646584
DBSCAN,,0.07019095797810015,"[{'avg_silhouette': 0.7174742693654829, 'num_points': 37}, {'avg_silhouette': 0.8734003910504738, 'num_points': 13}, {'avg_silhouette': 0.7614409863582179, 'num_points': 11}, {'avg_silhouette': 0.8430501071780185, 'num_points': 14}]",10.0,4,-0.05257541926493098,,3,0.8113082558646584
HDBSCAN,,,"[{'avg_silhouette': 0.750954907158382, 'num_points': 11}, {'avg_silhouette': 0.571869294270496, 'num_points': 21}, {'avg_silhouette': 0.9365314209402534, 'num_points': 12}, {'avg_silhouette': 0.5240248490855818, 'num_points': 22}, {'avg_silhouette': 0.8647588193044372, 'num_points': 13}]",,5,-0.05702785174009347,10.0,4,0.7242960959001922
HDBSCAN,,,"[{'avg_silhouette': 0.750954907158382, 'num_points': 11}, {'avg_silhouette': 0.571869294270496, 'num_points': 21}, {'avg_silhouette': 0.9365314209402534, 'num_points': 12}, {'avg_silhouette': 0.5240248490855818, 'num_points': 22}, {'avg_silhouette': 0.8647588193044372, 'num_points': 13}]",,5,-0.05702785174009347,11.0,4,0.7242960959001922
HDBSCAN,,,"[{'avg_silhouette': 0.7511446864297256, 'num_points': 11}, {'avg_silhouette': 0.6477781485510257, 'num_points': 18}, {'avg_silhouette': 0.9302988847616551, 'num_points': 12}, {'avg_silhouette': 0.4817185952080991, 'num_points': 23}, {'avg_silhouette': 0.8644118319809836, 'num_points': 13}]",,5,-0.06849981446742572,9.0,4,0.7310518651254408
HDBSCAN,,,"[{'avg_silhouette': 0.5240248490855818, 'num_points': 22}, {'avg_silhouette': 0.8647588193044372, 'num_points': 13}, {'avg_silhouette': 0.8297863015219973, 'num_points': 15}, {'avg_silhouette': 0.9191786618282412, 'num_points': 12}]",,4,-0.14834202194813453,12.0,4,0.7844371579350643
