algo,linkage,eps,clusters,min_samples,num_clusters,silhouette_score,min_cluster_size,num_representative_clusters,silhouette_score_representative_clusters
K-means,,,"[{'avg_silhouette': 0.5437753810259802, 'num_points': 289}, {'avg_silhouette': 0.13752276569342234, 'num_points': 47}]",,2,0.48694837828600934,,2,0.3406490733597013
AGGLC,ward,,"[{'avg_silhouette': 0.5353078766680833, 'num_points': 283}, {'avg_silhouette': 0.09093320121468505, 'num_points': 53}]",,2,0.4652130617900175,,2,0.3131205389413842
DBSCAN,,1.4233756729740645,"[{'avg_silhouette': 0.5264042763935953, 'num_points': 286}, {'avg_silhouette': 0.3160676408051488, 'num_points': 19}]",5.0,2,0.44750973575634834,,2,0.4212359585993721
DBSCAN,,1.4433756729740645,"[{'avg_silhouette': 0.5225037648747606, 'num_points': 287}, {'avg_silhouette': 0.3162967685427141, 'num_points': 19}]",5.0,2,0.44612937232419336,,2,0.4194002667087373
DBSCAN,,1.4333756729740645,"[{'avg_silhouette': 0.5225037648747606, 'num_points': 287}, {'avg_silhouette': 0.3162967685427141, 'num_points': 19}]",5.0,2,0.44612937232419336,,2,0.4194002667087373
DBSCAN,,1.4133756729740645,"[{'avg_silhouette': 0.523076155736135, 'num_points': 285}, {'avg_silhouette': 0.3322924787122738, 'num_points': 18}]",5.0,2,0.44164112407104855,,2,0.4276843172242044
DBSCAN,,1.4033756729740645,"[{'avg_silhouette': 0.523076155736135, 'num_points': 285}, {'avg_silhouette': 0.3322924787122738, 'num_points': 18}]",5.0,2,0.44164112407104855,,2,0.4276843172242044
DBSCAN,,1.3933756729740645,"[{'avg_silhouette': 0.523076155736135, 'num_points': 285}, {'avg_silhouette': 0.3322924787122738, 'num_points': 18}]",5.0,2,0.44164112407104855,,2,0.4276843172242044
DBSCAN,,1.3833756729740645,"[{'avg_silhouette': 0.5246931083529313, 'num_points': 284}, {'avg_silhouette': 0.33424425221118514, 'num_points': 18}]",5.0,2,0.44051524704881606,,2,0.4294686802820582
DBSCAN,,1.3733756729740645,"[{'avg_silhouette': 0.5170708054604662, 'num_points': 284}, {'avg_silhouette': 0.3455386461030102, 'num_points': 16}]",5.0,2,0.43142073688665716,,1,
DBSCAN,,1.3633756729740645,"[{'avg_silhouette': 0.5170708054604662, 'num_points': 284}, {'avg_silhouette': 0.3455386461030102, 'num_points': 16}]",5.0,2,0.43142073688665716,,1,
DBSCAN,,1.3533756729740645,"[{'avg_silhouette': 0.5176823485606438, 'num_points': 283}, {'avg_silhouette': 0.349328891910902, 'num_points': 15}]",5.0,2,0.42853305347436993,,1,
DBSCAN,,1.3433756729740645,"[{'avg_silhouette': 0.5212049263184321, 'num_points': 281}, {'avg_silhouette': 0.3521254413861465, 'num_points': 15}]",5.0,2,0.42658536350780113,,1,
DBSCAN,,1.3333756729740645,"[{'avg_silhouette': 0.5212049263184321, 'num_points': 281}, {'avg_silhouette': 0.3521254413861465, 'num_points': 15}]",5.0,2,0.42658536350780113,,1,
DBSCAN,,1.3233756729740644,"[{'avg_silhouette': 0.5212049263184321, 'num_points': 281}, {'avg_silhouette': 0.3521254413861465, 'num_points': 15}]",5.0,2,0.42658536350780113,,1,
DBSCAN,,1.3133756729740644,"[{'avg_silhouette': 0.518174295619496, 'num_points': 281}, {'avg_silhouette': 0.36426340393997725, 'num_points': 14}]",5.0,2,0.42194049079841695,,1,
DBSCAN,,1.3033756729740644,"[{'avg_silhouette': 0.518174295619496, 'num_points': 281}, {'avg_silhouette': 0.36426340393997725, 'num_points': 14}]",5.0,2,0.42194049079841695,,1,
DBSCAN,,1.2933756729740644,"[{'avg_silhouette': 0.518174295619496, 'num_points': 281}, {'avg_silhouette': 0.36426340393997725, 'num_points': 14}]",5.0,2,0.42194049079841695,,1,
DBSCAN,,1.2833756729740644,"[{'avg_silhouette': 0.518174295619496, 'num_points': 281}, {'avg_silhouette': 0.36426340393997725, 'num_points': 14}]",5.0,2,0.42194049079841695,,1,
DBSCAN,,1.2733756729740644,"[{'avg_silhouette': 0.5195936292888798, 'num_points': 281}, {'avg_silhouette': 0.367308641581868, 'num_points': 13}]",5.0,2,0.4210044686887282,,1,
DBSCAN,,1.2633756729740644,"[{'avg_silhouette': 0.5195936292888798, 'num_points': 281}, {'avg_silhouette': 0.367308641581868, 'num_points': 13}]",5.0,2,0.4210044686887282,,1,
DBSCAN,,1.4233756729740645,"[{'avg_silhouette': 0.5102019997951217, 'num_points': 283}, {'avg_silhouette': 0.37708353926315236, 'num_points': 11}]",10.0,2,0.4173753650646789,,1,
DBSCAN,,1.4133756729740645,"[{'avg_silhouette': 0.5122376838035105, 'num_points': 282}, {'avg_silhouette': 0.37882751502700135, 'num_points': 11}]",10.0,2,0.41664731169748326,,1,
DBSCAN,,1.4033756729740645,"[{'avg_silhouette': 0.5122376838035105, 'num_points': 282}, {'avg_silhouette': 0.37882751502700135, 'num_points': 11}]",10.0,2,0.41664731169748326,,1,
DBSCAN,,1.4433756729740645,"[{'avg_silhouette': 0.5066580756320535, 'num_points': 284}, {'avg_silhouette': 0.37858335236981094, 'num_points': 11}]",10.0,2,0.41624630323999934,,1,
DBSCAN,,1.4333756729740645,"[{'avg_silhouette': 0.5066580756320535, 'num_points': 284}, {'avg_silhouette': 0.37858335236981094, 'num_points': 11}]",10.0,2,0.41624630323999934,,1,
DBSCAN,,1.3933756729740645,"[{'avg_silhouette': 0.5054424416476138, 'num_points': 282}, {'avg_silhouette': 0.39285878898607696, 'num_points': 10}]",10.0,2,0.4099544356280444,,1,
DBSCAN,,1.2333756729740644,"[{'avg_silhouette': 0.5112211664381797, 'num_points': 276}, {'avg_silhouette': 0.43769970431640204, 'num_points': 8}]",5.0,2,0.39761506373668026,,1,
DBSCAN,,1.2233756729740644,"[{'avg_silhouette': 0.512878273884883, 'num_points': 275}, {'avg_silhouette': 0.43925880554113556, 'num_points': 8}]",5.0,2,0.39629145408488914,,1,
DBSCAN,,1.2133756729740643,"[{'avg_silhouette': 0.514583690232537, 'num_points': 274}, {'avg_silhouette': 0.4407298969304124, 'num_points': 8}]",5.0,2,0.3950436234915505,,1,
DBSCAN,,1.2033756729740643,"[{'avg_silhouette': 0.52180548598058, 'num_points': 271}, {'avg_silhouette': 0.43958259794847454, 'num_points': 8}]",5.0,2,0.3941958226584067,,1,
DBSCAN,,1.1833756729740643,"[{'avg_silhouette': 0.5289426626473231, 'num_points': 268}, {'avg_silhouette': 0.439574177138508, 'num_points': 8}]",5.0,2,0.39320385438927186,,1,
DBSCAN,,1.1933756729740643,"[{'avg_silhouette': 0.5260148893618394, 'num_points': 269}, {'avg_silhouette': 0.44044878430393486, 'num_points': 8}]",5.0,2,0.39280263641643676,,1,
DBSCAN,,1.1733756729740643,"[{'avg_silhouette': 0.5362785557963814, 'num_points': 264}, {'avg_silhouette': 0.44176461895208186, 'num_points': 8}]",5.0,2,0.38896189695110683,,1,
AGGLC,ward,,"[{'avg_silhouette': 0.49697564163546093, 'num_points': 87}, {'avg_silhouette': 0.0990554451088733, 'num_points': 6}, {'avg_silhouette': -0.010518422519369672, 'num_points': 2}, {'avg_silhouette': -0.061113578369475036, 'num_points': 3}, {'avg_silhouette': 0.0986251052376245, 'num_points': 5}, {'avg_silhouette': 0.2152911650414728, 'num_points': 38}, {'avg_silhouette': 0.10152742404000005, 'num_points': 4}, {'avg_silhouette': 0.24257852494300997, 'num_points': 5}, {'avg_silhouette': 0.32727041146881675, 'num_points': 11}, {'avg_silhouette': -0.0588699489163988, 'num_points': 3}, {'avg_silhouette': 0.049039210873903706, 'num_points': 2}, {'avg_silhouette': 0.09823184902619826, 'num_points': 4}, {'avg_silhouette': -0.13194239931322715, 'num_points': 2}, {'avg_silhouette': 0.12957008602605083, 'num_points': 3}, {'avg_silhouette': 0.08491451766826001, 'num_points': 6}, {'avg_silhouette': 0.11086009497004101, 'num_points': 3}, {'avg_silhouette': 0.3762060547100071, 'num_points': 2}, {'avg_silhouette': 0.2087341478856822, 'num_points': 5}, {'avg_silhouette': 0.17009535746842938, 'num_points': 5}, {'avg_silhouette': 0.3652580478509644, 'num_points': 4}, {'avg_silhouette': -0.014887859051936918, 'num_points': 4}, {'avg_silhouette': 0.2815836027788572, 'num_points': 7}, {'avg_silhouette': 0.8291359705697778, 'num_points': 4}, {'avg_silhouette': 0.838659886951113, 'num_points': 4}, {'avg_silhouette': 0.7780210655342472, 'num_points': 36}, {'avg_silhouette': 0.22028997074109816, 'num_points': 19}, {'avg_silhouette': 0.0, 'num_points': 1}, {'avg_silhouette': 0.807405418724653, 'num_points': 16}, {'avg_silhouette': 0.0, 'num_points': 1}, {'avg_silhouette': 0.08329328186493541, 'num_points': 3}, {'avg_silhouette': 0.27773447110204574, 'num_points': 3}, {'avg_silhouette': 0.0, 'num_points': 1}, {'avg_silhouette': 0.0, 'num_points': 1}, {'avg_silhouette': 0.0, 'num_points': 1}, {'avg_silhouette': 0.4651651454287649, 'num_points': 3}, {'avg_silhouette': 0.3248083944600738, 'num_points': 6}, {'avg_silhouette': 0.18396380208366123, 'num_points': 3}, {'avg_silhouette': 0.4535097188830381, 'num_points': 5}, {'avg_silhouette': 0.6495961242639331, 'num_points': 3}, {'avg_silhouette': 0.0, 'num_points': 1}, {'avg_silhouette': 0.0, 'num_points': 1}, {'avg_silhouette': 0.0, 'num_points': 1}, {'avg_silhouette': 0.0, 'num_points': 1}, {'avg_silhouette': 0.0, 'num_points': 1}, {'avg_silhouette': 0.454728716293753, 'num_points': 10}]",,45,0.3879383914322492,,4,0.4276444607380698
DBSCAN,,1.1633756729740643,"[{'avg_silhouette': 0.5390798369924428, 'num_points': 262}, {'avg_silhouette': 0.44311171232789465, 'num_points': 8}]",5.0,2,0.3857780967053771,,1,
AGGLC,ward,,"[{'avg_silhouette': 0.19434265473715762, 'num_points': 48}, {'avg_silhouette': 0.0990554451088733, 'num_points': 6}, {'avg_silhouette': 0.5113416246593828, 'num_points': 87}, {'avg_silhouette': -0.05457993975918879, 'num_points': 3}, {'avg_silhouette': 0.0986251052376245, 'num_points': 5}, {'avg_silhouette': -0.010518422519369672, 'num_points': 2}, {'avg_silhouette': 0.10152742404000005, 'num_points': 4}, {'avg_silhouette': 0.24257852494300997, 'num_points': 5}, {'avg_silhouette': 0.3334523731368376, 'num_points': 11}, {'avg_silhouette': -0.0588699489163988, 'num_points': 3}, {'avg_silhouette': 0.049039210873903706, 'num_points': 2}, {'avg_silhouette': 0.09823184902619826, 'num_points': 4}, {'avg_silhouette': -0.13157459979020966, 'num_points': 2}, {'avg_silhouette': 0.12957008602605083, 'num_points': 3}, {'avg_silhouette': 0.09034070430231704, 'num_points': 6}, {'avg_silhouette': 0.11593925017805336, 'num_points': 3}, {'avg_silhouette': 0.3762060547100071, 'num_points': 2}, {'avg_silhouette': 0.2103469382728016, 'num_points': 5}, {'avg_silhouette': 0.17652600104635813, 'num_points': 5}, {'avg_silhouette': 0.3652580478509644, 'num_points': 4}, {'avg_silhouette': -0.011835702565368771, 'num_points': 4}, {'avg_silhouette': 0.2815836027788572, 'num_points': 7}, {'avg_silhouette': 0.8317774589847265, 'num_points': 4}, {'avg_silhouette': 0.8410569394202579, 'num_points': 4}, {'avg_silhouette': 0.7811228194517913, 'num_points': 36}, {'avg_silhouette': 0.22510856864320744, 'num_points': 19}, {'avg_silhouette': 0.0, 'num_points': 1}, {'avg_silhouette': 0.807405418724653, 'num_points': 16}, {'avg_silhouette': 0.0, 'num_points': 1}, {'avg_silhouette': 0.08551258308251751, 'num_points': 3}, {'avg_silhouette': 0.28360127671849705, 'num_points': 3}, {'avg_silhouette': 0.0, 'num_points': 1}, {'avg_silhouette': 0.0, 'num_points': 1}, {'avg_silhouette': 0.0, 'num_points': 1}, {'avg_silhouette': 0.473181732751568, 'num_points': 3}, {'avg_silhouette': 0.3289693077673035, 'num_points': 6}, {'avg_silhouette': 0.18915100194779944, 'num_points': 3}, {'avg_silhouette': 0.4535097188830381, 'num_points': 5}, {'avg_silhouette': 0.6525249082633636, 'num_points': 3}, {'avg_silhouette': 0.0, 'num_points': 1}, {'avg_silhouette': 0.0, 'num_points': 1}, {'avg_silhouette': 0.0, 'num_points': 1}, {'avg_silhouette': 0.0, 'num_points': 1}, {'avg_silhouette': 0.0, 'num_points': 1}]",,44,0.38305591276852574,,4,0.4279789168728848
AGGLC,ward,,"[{'avg_silhouette': 0.029781053610473167, 'num_points': 7}, {'avg_silhouette': 0.0990554451088733, 'num_points': 6}, {'avg_silhouette': 0.19434265473715762, 'num_points': 48}, {'avg_silhouette': -0.05457993975918879, 'num_points': 3}, {'avg_silhouette': 0.0986251052376245, 'num_points': 5}, {'avg_silhouette': 0.011223289086958535, 'num_points': 2}, {'avg_silhouette': 0.5113416246593828, 'num_points': 87}, {'avg_silhouette': 0.2573527930068419, 'num_points': 5}, {'avg_silhouette': 0.3334523731368376, 'num_points': 11}, {'avg_silhouette': -0.0588699489163988, 'num_points': 3}, {'avg_silhouette': 0.049039210873903706, 'num_points': 2}, {'avg_silhouette': 0.09823184902619826, 'num_points': 4}, {'avg_silhouette': -0.11759206636721065, 'num_points': 2}, {'avg_silhouette': 0.12957008602605083, 'num_points': 3}, {'avg_silhouette': 0.10152742404000005, 'num_points': 4}, {'avg_silhouette': 0.11593925017805336, 'num_points': 3}, {'avg_silhouette': 0.3762060547100071, 'num_points': 2}, {'avg_silhouette': 0.2103469382728016, 'num_points': 5}, {'avg_silhouette': 0.17652600104635813, 'num_points': 5}, {'avg_silhouette': 0.3652580478509644, 'num_points': 4}, {'avg_silhouette': -0.011835702565368771, 'num_points': 4}, {'avg_silhouette': 0.2815836027788572, 'num_points': 7}, {'avg_silhouette': 0.8317774589847265, 'num_points': 4}, {'avg_silhouette': 0.8410569394202579, 'num_points': 4}, {'avg_silhouette': 0.7811228194517913, 'num_points': 36}, {'avg_silhouette': 0.22510856864320744, 'num_points': 19}, {'avg_silhouette': 0.0, 'num_points': 1}, {'avg_silhouette': 0.807405418724653, 'num_points': 16}, {'avg_silhouette': 0.0, 'num_points': 1}, {'avg_silhouette': 0.08551258308251751, 'num_points': 3}, {'avg_silhouette': 0.28360127671849705, 'num_points': 3}, {'avg_silhouette': 0.0, 'num_points': 1}, {'avg_silhouette': 0.0, 'num_points': 1}, {'avg_silhouette': 0.0, 'num_points': 1}, {'avg_silhouette': 0.473181732751568, 'num_points': 3}, {'avg_silhouette': 0.3289693077673035, 'num_points': 6}, {'avg_silhouette': 0.18915100194779944, 'num_points': 3}, {'avg_silhouette': 0.4535097188830381, 'num_points': 5}, {'avg_silhouette': 0.6525249082633636, 'num_points': 3}, {'avg_silhouette': 0.0, 'num_points': 1}, {'avg_silhouette': 0.0, 'num_points': 1}, {'avg_silhouette': 0.0, 'num_points': 1}, {'avg_silhouette': 0.0, 'num_points': 1}]",,43,0.38249562401804127,,4,0.4279789168728848
AGGLC,ward,,"[{'avg_silhouette': 0.08417857880431771, 'num_points': 5}, {'avg_silhouette': 0.029781053610473167, 'num_points': 7}, {'avg_silhouette': 0.008880804486932565, 'num_points': 3}, {'avg_silhouette': -0.05457993975918879, 'num_points': 3}, {'avg_silhouette': 0.0990554451088733, 'num_points': 6}, {'avg_silhouette': 0.030262626756872635, 'num_points': 2}, {'avg_silhouette': 0.19434265473715762, 'num_points': 48}, {'avg_silhouette': 0.2573527930068419, 'num_points': 5}, {'avg_silhouette': 0.3334523731368376, 'num_points': 11}, {'avg_silhouette': -0.0588699489163988, 'num_points': 3}, {'avg_silhouette': 0.0986251052376245, 'num_points': 5}, {'avg_silhouette': 0.09823184902619826, 'num_points': 4}, {'avg_silhouette': -0.11759206636721065, 'num_points': 2}, {'avg_silhouette': 0.12957008602605083, 'num_points': 3}, {'avg_silhouette': 0.5113416246593828, 'num_points': 87}, {'avg_silhouette': 0.11593925017805336, 'num_points': 3}, {'avg_silhouette': 0.3830191639460369, 'num_points': 2}, {'avg_silhouette': 0.2103469382728016, 'num_points': 5}, {'avg_silhouette': 0.17652600104635813, 'num_points': 5}, {'avg_silhouette': 0.3652580478509644, 'num_points': 4}, {'avg_silhouette': -0.011835702565368771, 'num_points': 4}, {'avg_silhouette': 0.2815836027788572, 'num_points': 7}, {'avg_silhouette': 0.8317774589847265, 'num_points': 4}, {'avg_silhouette': 0.8410569394202579, 'num_points': 4}, {'avg_silhouette': 0.7811228194517913, 'num_points': 36}, {'avg_silhouette': 0.22510856864320744, 'num_points': 19}, {'avg_silhouette': 0.0, 'num_points': 1}, {'avg_silhouette': 0.807405418724653, 'num_points': 16}, {'avg_silhouette': 0.0, 'num_points': 1}, {'avg_silhouette': 0.08551258308251751, 'num_points': 3}, {'avg_silhouette': 0.28360127671849705, 'num_points': 3}, {'avg_silhouette': 0.0, 'num_points': 1}, {'avg_silhouette': 0.0, 'num_points': 1}, {'avg_silhouette': 0.0, 'num_points': 1}, {'avg_silhouette': 0.473181732751568, 'num_points': 3}, {'avg_silhouette': 0.3289693077673035, 'num_points': 6}, {'avg_silhouette': 0.18915100194779944, 'num_points': 3}, {'avg_silhouette': 0.4535097188830381, 'num_points': 5}, {'avg_silhouette': 0.6525249082633636, 'num_points': 3}, {'avg_silhouette': 0.0, 'num_points': 1}, {'avg_silhouette': 0.0, 'num_points': 1}]",,41,0.38248089807573915,,4,0.4279789168728848
AGGLC,ward,,"[{'avg_silhouette': -0.0017576613374559464, 'num_points': 3}, {'avg_silhouette': 0.029781053610473167, 'num_points': 7}, {'avg_silhouette': 0.19434265473715762, 'num_points': 48}, {'avg_silhouette': -0.05457993975918879, 'num_points': 3}, {'avg_silhouette': 0.0990554451088733, 'num_points': 6}, {'avg_silhouette': 0.030262626756872635, 'num_points': 2}, {'avg_silhouette': 0.5113416246593828, 'num_points': 87}, {'avg_silhouette': 0.2573527930068419, 'num_points': 5}, {'avg_silhouette': 0.3334523731368376, 'num_points': 11}, {'avg_silhouette': -0.0588699489163988, 'num_points': 3}, {'avg_silhouette': 0.0986251052376245, 'num_points': 5}, {'avg_silhouette': 0.09823184902619826, 'num_points': 4}, {'avg_silhouette': -0.11759206636721065, 'num_points': 2}, {'avg_silhouette': 0.12957008602605083, 'num_points': 3}, {'avg_silhouette': 0.10869651026206961, 'num_points': 4}, {'avg_silhouette': 0.11593925017805336, 'num_points': 3}, {'avg_silhouette': 0.3830191639460369, 'num_points': 2}, {'avg_silhouette': 0.2103469382728016, 'num_points': 5}, {'avg_silhouette': 0.17652600104635813, 'num_points': 5}, {'avg_silhouette': 0.3652580478509644, 'num_points': 4}, {'avg_silhouette': -0.011835702565368771, 'num_points': 4}, {'avg_silhouette': 0.2815836027788572, 'num_points': 7}, {'avg_silhouette': 0.8317774589847265, 'num_points': 4}, {'avg_silhouette': 0.8410569394202579, 'num_points': 4}, {'avg_silhouette': 0.7811228194517913, 'num_points': 36}, {'avg_silhouette': 0.22510856864320744, 'num_points': 19}, {'avg_silhouette': 0.0, 'num_points': 1}, {'avg_silhouette': 0.807405418724653, 'num_points': 16}, {'avg_silhouette': 0.0, 'num_points': 1}, {'avg_silhouette': 0.08551258308251751, 'num_points': 3}, {'avg_silhouette': 0.28360127671849705, 'num_points': 3}, {'avg_silhouette': 0.0, 'num_points': 1}, {'avg_silhouette': 0.0, 'num_points': 1}, {'avg_silhouette': 0.0, 'num_points': 1}, {'avg_silhouette': 0.473181732751568, 'num_points': 3}, {'avg_silhouette': 0.3289693077673035, 'num_points': 6}, {'avg_silhouette': 0.18915100194779944, 'num_points': 3}, {'avg_silhouette': 0.4535097188830381, 'num_points': 5}, {'avg_silhouette': 0.6525249082633636, 'num_points': 3}, {'avg_silhouette': 0.0, 'num_points': 1}, {'avg_silhouette': 0.0, 'num_points': 1}, {'avg_silhouette': 0.0, 'num_points': 1}]",,42,0.38242726042560077,,4,0.4279789168728848
AGGLC,ward,,"[{'avg_silhouette': -0.07759038102277924, 'num_points': 3}, {'avg_silhouette': 0.0986251052376245, 'num_points': 5}, {'avg_silhouette': -0.13757986883884055, 'num_points': 2}, {'avg_silhouette': -0.1777443839601116, 'num_points': 21}, {'avg_silhouette': -0.0588699489163988, 'num_points': 3}, {'avg_silhouette': 0.09823184902619826, 'num_points': 4}, {'avg_silhouette': 0.0709715668875614, 'num_points': 6}, {'avg_silhouette': 0.24257852494300997, 'num_points': 5}, {'avg_silhouette': 0.31068096802615575, 'num_points': 11}, {'avg_silhouette': -0.027234030288946734, 'num_points': 4}, {'avg_silhouette': 0.049039210873903706, 'num_points': 2}, {'avg_silhouette': 0.09847506881480173, 'num_points': 8}, {'avg_silhouette': 0.12679162518134474, 'num_points': 5}, {'avg_silhouette': 0.12957008602605083, 'num_points': 3}, {'avg_silhouette': 0.06747630006247125, 'num_points': 3}, {'avg_silhouette': 0.0977204275004037, 'num_points': 3}, {'avg_silhouette': 0.3762060547100071, 'num_points': 2}, {'avg_silhouette': 0.16401280700310203, 'num_points': 5}, {'avg_silhouette': 0.15050379120615742, 'num_points': 5}, {'avg_silhouette': 0.3652580478509644, 'num_points': 4}, {'avg_silhouette': 0.023067376878857657, 'num_points': 2}, {'avg_silhouette': 0.274397241386156, 'num_points': 7}, {'avg_silhouette': 0.6790986996533719, 'num_points': 66}, {'avg_silhouette': 0.33137021388024035, 'num_points': 30}, {'avg_silhouette': 0.7694040224594381, 'num_points': 36}, {'avg_silhouette': 0.19143781153533257, 'num_points': 19}, {'avg_silhouette': 0.0, 'num_points': 1}, {'avg_silhouette': 0.8012689250195577, 'num_points': 16}, {'avg_silhouette': 0.0, 'num_points': 1}, {'avg_silhouette': 0.0, 'num_points': 1}, {'avg_silhouette': 0.261684156827408, 'num_points': 3}, {'avg_silhouette': 0.0, 'num_points': 1}, {'avg_silhouette': 0.0, 'num_points': 1}, {'avg_silhouette': 0.0, 'num_points': 1}, {'avg_silhouette': 0.44448794316298557, 'num_points': 3}, {'avg_silhouette': 0.3125265603967401, 'num_points': 6}, {'avg_silhouette': 0.17018667080045832, 'num_points': 3}, {'avg_silhouette': 0.4535097188830381, 'num_points': 5}, {'avg_silhouette': 0.6374852292784196, 'num_points': 3}, {'avg_silhouette': 0.0, 'num_points': 1}, {'avg_silhouette': 0.0, 'num_points': 1}, {'avg_silhouette': 0.0, 'num_points': 1}, {'avg_silhouette': 0.0, 'num_points': 1}, {'avg_silhouette': 0.0, 'num_points': 1}, {'avg_silhouette': 0.4116026395131935, 'num_points': 10}, {'avg_silhouette': 0.8219808084217428, 'num_points': 4}, {'avg_silhouette': 0.0, 'num_points': 1}, {'avg_silhouette': 0.0, 'num_points': 1}, {'avg_silhouette': 0.8320732693637873, 'num_points': 4}, {'avg_silhouette': 0.2776054986798268, 'num_points': 2}]",,50,0.38232951559901585,,5,0.3587132727136543
AGGLC,ward,,"[{'avg_silhouette': 0.09547125740297108, 'num_points': 4}, {'avg_silhouette': -0.07759038102277924, 'num_points': 3}, {'avg_silhouette': -0.13757986883884055, 'num_points': 2}, {'avg_silhouette': -0.1777443839601116, 'num_points': 21}, {'avg_silhouette': 0.0986251052376245, 'num_points': 5}, {'avg_silhouette': 0.09823184902619826, 'num_points': 4}, {'avg_silhouette': 0.0709715668875614, 'num_points': 6}, {'avg_silhouette': 0.24257852494300997, 'num_points': 5}, {'avg_silhouette': 0.31068096802615575, 'num_points': 11}, {'avg_silhouette': -0.0588699489163988, 'num_points': 3}, {'avg_silhouette': 0.049039210873903706, 'num_points': 2}, {'avg_silhouette': 0.09847506881480173, 'num_points': 8}, {'avg_silhouette': 0.15025847508265094, 'num_points': 5}, {'avg_silhouette': 0.12957008602605083, 'num_points': 3}, {'avg_silhouette': 0.06747630006247125, 'num_points': 3}, {'avg_silhouette': 0.0977204275004037, 'num_points': 3}, {'avg_silhouette': 0.3762060547100071, 'num_points': 2}, {'avg_silhouette': 0.16401280700310203, 'num_points': 5}, {'avg_silhouette': 0.15050379120615742, 'num_points': 5}, {'avg_silhouette': 0.3652580478509644, 'num_points': 4}, {'avg_silhouette': -0.027234030288946734, 'num_points': 4}, {'avg_silhouette': 0.274397241386156, 'num_points': 7}, {'avg_silhouette': 0.6790986996533719, 'num_points': 66}, {'avg_silhouette': 0.33137021388024035, 'num_points': 30}, {'avg_silhouette': 0.7694040224594381, 'num_points': 36}, {'avg_silhouette': 0.19143781153533257, 'num_points': 19}, {'avg_silhouette': 0.0, 'num_points': 1}, {'avg_silhouette': 0.8012689250195577, 'num_points': 16}, {'avg_silhouette': 0.0, 'num_points': 1}, {'avg_silhouette': 0.0, 'num_points': 1}, {'avg_silhouette': 0.261684156827408, 'num_points': 3}, {'avg_silhouette': 0.0, 'num_points': 1}, {'avg_silhouette': 0.0, 'num_points': 1}, {'avg_silhouette': 0.0, 'num_points': 1}, {'avg_silhouette': 0.44448794316298557, 'num_points': 3}, {'avg_silhouette': 0.3125265603967401, 'num_points': 6}, {'avg_silhouette': 0.17018667080045832, 'num_points': 3}, {'avg_silhouette': 0.4535097188830381, 'num_points': 5}, {'avg_silhouette': 0.6374852292784196, 'num_points': 3}, {'avg_silhouette': 0.0, 'num_points': 1}, {'avg_silhouette': 0.0, 'num_points': 1}, {'avg_silhouette': 0.0, 'num_points': 1}, {'avg_silhouette': 0.0, 'num_points': 1}, {'avg_silhouette': 0.0, 'num_points': 1}, {'avg_silhouette': 0.4116026395131935, 'num_points': 10}, {'avg_silhouette': 0.8219808084217428, 'num_points': 4}, {'avg_silhouette': 0.0, 'num_points': 1}, {'avg_silhouette': 0.0, 'num_points': 1}, {'avg_silhouette': 0.8320732693637873, 'num_points': 4}]",,49,0.38202556776568575,,5,0.3587132727136543
AGGLC,ward,,"[{'avg_silhouette': -0.01422031543128249, 'num_points': 8}, {'avg_silhouette': 0.08417857880431771, 'num_points': 5}, {'avg_silhouette': 0.008880804486932565, 'num_points': 3}, {'avg_silhouette': -0.05457993975918879, 'num_points': 3}, {'avg_silhouette': 0.0990554451088733, 'num_points': 6}, {'avg_silhouette': 0.030262626756872635, 'num_points': 2}, {'avg_silhouette': 0.19434265473715762, 'num_points': 48}, {'avg_silhouette': 0.27513745622931773, 'num_points': 5}, {'avg_silhouette': 0.3334523731368376, 'num_points': 11}, {'avg_silhouette': -0.0588699489163988, 'num_points': 3}, {'avg_silhouette': 0.0986251052376245, 'num_points': 5}, {'avg_silhouette': 0.09823184902619826, 'num_points': 4}, {'avg_silhouette': -0.09910389549842694, 'num_points': 2}, {'avg_silhouette': 0.12957008602605083, 'num_points': 3}, {'avg_silhouette': 0.5113416246593828, 'num_points': 87}, {'avg_silhouette': 0.11593925017805336, 'num_points': 3}, {'avg_silhouette': 0.3830191639460369, 'num_points': 2}, {'avg_silhouette': 0.2103469382728016, 'num_points': 5}, {'avg_silhouette': 0.17652600104635813, 'num_points': 5}, {'avg_silhouette': 0.3652580478509644, 'num_points': 4}, {'avg_silhouette': -0.011835702565368771, 'num_points': 4}, {'avg_silhouette': 0.2815836027788572, 'num_points': 7}, {'avg_silhouette': 0.8317774589847265, 'num_points': 4}, {'avg_silhouette': 0.8410569394202579, 'num_points': 4}, {'avg_silhouette': 0.7811228194517913, 'num_points': 36}, {'avg_silhouette': 0.22510856864320744, 'num_points': 19}, {'avg_silhouette': 0.0, 'num_points': 1}, {'avg_silhouette': 0.807405418724653, 'num_points': 16}, {'avg_silhouette': 0.0, 'num_points': 1}, {'avg_silhouette': 0.08551258308251751, 'num_points': 3}, {'avg_silhouette': 0.28360127671849705, 'num_points': 3}, {'avg_silhouette': 0.0, 'num_points': 1}, {'avg_silhouette': 0.0, 'num_points': 1}, {'avg_silhouette': 0.0, 'num_points': 1}, {'avg_silhouette': 0.473181732751568, 'num_points': 3}, {'avg_silhouette': 0.3289693077673035, 'num_points': 6}, {'avg_silhouette': 0.18915100194779944, 'num_points': 3}, {'avg_silhouette': 0.4535097188830381, 'num_points': 5}, {'avg_silhouette': 0.6525249082633636, 'num_points': 3}, {'avg_silhouette': 0.0, 'num_points': 1}]",,40,0.3818965818826628,,4,0.4279789168728848
AGGLC,ward,,"[{'avg_silhouette': 0.2102134896812656, 'num_points': 6}, {'avg_silhouette': -0.01422031543128249, 'num_points': 8}, {'avg_silhouette': 0.008880804486932565, 'num_points': 3}, {'avg_silhouette': 0.08417857880431771, 'num_points': 5}, {'avg_silhouette': 0.0990554451088733, 'num_points': 6}, {'avg_silhouette': 0.030262626756872635, 'num_points': 2}, {'avg_silhouette': 0.19434265473715762, 'num_points': 48}, {'avg_silhouette': -0.05457993975918879, 'num_points': 3}, {'avg_silhouette': 0.3334523731368376, 'num_points': 11}, {'avg_silhouette': -0.0588699489163988, 'num_points': 3}, {'avg_silhouette': 0.0986251052376245, 'num_points': 5}, {'avg_silhouette': 0.09823184902619826, 'num_points': 4}, {'avg_silhouette': -0.09910389549842694, 'num_points': 2}, {'avg_silhouette': 0.12957008602605083, 'num_points': 3}, {'avg_silhouette': 0.5113416246593828, 'num_points': 87}, {'avg_silhouette': 0.11593925017805336, 'num_points': 3}, {'avg_silhouette': 0.3830191639460369, 'num_points': 2}, {'avg_silhouette': 0.2103469382728016, 'num_points': 5}, {'avg_silhouette': 0.17652600104635813, 'num_points': 5}, {'avg_silhouette': 0.3652580478509644, 'num_points': 4}, {'avg_silhouette': -0.011835702565368771, 'num_points': 4}, {'avg_silhouette': 0.2815836027788572, 'num_points': 7}, {'avg_silhouette': 0.8317774589847265, 'num_points': 4}, {'avg_silhouette': 0.8410569394202579, 'num_points': 4}, {'avg_silhouette': 0.7811228194517913, 'num_points': 36}, {'avg_silhouette': 0.22510856864320744, 'num_points': 19}, {'avg_silhouette': 0.0, 'num_points': 1}, {'avg_silhouette': 0.807405418724653, 'num_points': 16}, {'avg_silhouette': 0.0, 'num_points': 1}, {'avg_silhouette': 0.08551258308251751, 'num_points': 3}, {'avg_silhouette': 0.28360127671849705, 'num_points': 3}, {'avg_silhouette': 0.0, 'num_points': 1}, {'avg_silhouette': 0.0, 'num_points': 1}, {'avg_silhouette': 0.0, 'num_points': 1}, {'avg_silhouette': 0.473181732751568, 'num_points': 3}, {'avg_silhouette': 0.3289693077673035, 'num_points': 6}, {'avg_silhouette': 0.18915100194779944, 'num_points': 3}, {'avg_silhouette': 0.4535097188830381, 'num_points': 5}, {'avg_silhouette': 0.6525249082633636, 'num_points': 3}]",,39,0.38155608681403486,,4,0.4279789168728848
DBSCAN,,1.1533756729740643,"[{'avg_silhouette': 0.541703898568316, 'num_points': 260}, {'avg_silhouette': 0.4698395288799945, 'num_points': 7}]",5.0,2,0.38106494686871206,,1,
AGGLC,ward,,"[{'avg_silhouette': 0.17928409924436736, 'num_points': 38}, {'avg_silhouette': -0.061113578369475036, 'num_points': 3}, {'avg_silhouette': 0.09547125740297108, 'num_points': 4}, {'avg_silhouette': -0.1726894516044742, 'num_points': 21}, {'avg_silhouette': 0.0986251052376245, 'num_points': 5}, {'avg_silhouette': -0.13194239931322715, 'num_points': 2}, {'avg_silhouette': 0.08491451766826001, 'num_points': 6}, {'avg_silhouette': 0.24257852494300997, 'num_points': 5}, {'avg_silhouette': 0.3257312963957713, 'num_points': 11}, {'avg_silhouette': -0.0588699489163988, 'num_points': 3}, {'avg_silhouette': 0.049039210873903706, 'num_points': 2}, {'avg_silhouette': 0.09823184902619826, 'num_points': 4}, {'avg_silhouette': 0.15025847508265094, 'num_points': 5}, {'avg_silhouette': 0.12957008602605083, 'num_points': 3}, {'avg_silhouette': 0.07257708558380273, 'num_points': 3}, {'avg_silhouette': 0.11086009497004101, 'num_points': 3}, {'avg_silhouette': 0.3762060547100071, 'num_points': 2}, {'avg_silhouette': 0.1682718802463079, 'num_points': 5}, {'avg_silhouette': 0.17009535746842938, 'num_points': 5}, {'avg_silhouette': 0.3652580478509644, 'num_points': 4}, {'avg_silhouette': -0.014887859051936918, 'num_points': 4}, {'avg_silhouette': 0.274397241386156, 'num_points': 7}, {'avg_silhouette': 0.6794168993958739, 'num_points': 66}, {'avg_silhouette': 0.8380335141765605, 'num_points': 4}, {'avg_silhouette': 0.7773711548355249, 'num_points': 36}, {'avg_silhouette': 0.20323462328755623, 'num_points': 19}, {'avg_silhouette': 0.0, 'num_points': 1}, {'avg_silhouette': 0.8012689250195577, 'num_points': 16}, {'avg_silhouette': 0.0, 'num_points': 1}, {'avg_silhouette': 0.0, 'num_points': 1}, {'avg_silhouette': 0.2760173123511957, 'num_points': 3}, {'avg_silhouette': 0.0, 'num_points': 1}, {'avg_silhouette': 0.0, 'num_points': 1}, {'avg_silhouette': 0.0, 'num_points': 1}, {'avg_silhouette': 0.4651651454287649, 'num_points': 3}, {'avg_silhouette': 0.3245377666671031, 'num_points': 6}, {'avg_silhouette': 0.18396380208366123, 'num_points': 3}, {'avg_silhouette': 0.4535097188830381, 'num_points': 5}, {'avg_silhouette': 0.6495961242639331, 'num_points': 3}, {'avg_silhouette': 0.0, 'num_points': 1}, {'avg_silhouette': 0.0, 'num_points': 1}, {'avg_silhouette': 0.0, 'num_points': 1}, {'avg_silhouette': 0.0, 'num_points': 1}, {'avg_silhouette': 0.0, 'num_points': 1}, {'avg_silhouette': 0.454728716293753, 'num_points': 10}, {'avg_silhouette': 0.8291359705697778, 'num_points': 4}, {'avg_silhouette': 0.0, 'num_points': 1}, {'avg_silhouette': 0.0, 'num_points': 1}]",,48,0.37605461671306817,,5,0.33332346503176963
AGGLC,ward,,"[{'avg_silhouette': -0.010518422519369672, 'num_points': 2}, {'avg_silhouette': -0.061113578369475036, 'num_points': 3}, {'avg_silhouette': 0.17928409924436736, 'num_points': 38}, {'avg_silhouette': -0.1726894516044742, 'num_points': 21}, {'avg_silhouette': 0.0986251052376245, 'num_points': 5}, {'avg_silhouette': -0.13194239931322715, 'num_points': 2}, {'avg_silhouette': 0.09547125740297108, 'num_points': 4}, {'avg_silhouette': 0.24257852494300997, 'num_points': 5}, {'avg_silhouette': 0.3257312963957713, 'num_points': 11}, {'avg_silhouette': -0.0588699489163988, 'num_points': 3}, {'avg_silhouette': 0.049039210873903706, 'num_points': 2}, {'avg_silhouette': 0.09823184902619826, 'num_points': 4}, {'avg_silhouette': 0.15025847508265094, 'num_points': 5}, {'avg_silhouette': 0.12957008602605083, 'num_points': 3}, {'avg_silhouette': 0.08491451766826001, 'num_points': 6}, {'avg_silhouette': 0.11086009497004101, 'num_points': 3}, {'avg_silhouette': 0.3762060547100071, 'num_points': 2}, {'avg_silhouette': 0.1682718802463079, 'num_points': 5}, {'avg_silhouette': 0.17009535746842938, 'num_points': 5}, {'avg_silhouette': 0.3652580478509644, 'num_points': 4}, {'avg_silhouette': -0.014887859051936918, 'num_points': 4}, {'avg_silhouette': 0.2761232928355152, 'num_points': 7}, {'avg_silhouette': 0.6794168993958739, 'num_points': 66}, {'avg_silhouette': 0.8380335141765605, 'num_points': 4}, {'avg_silhouette': 0.7773711548355249, 'num_points': 36}, {'avg_silhouette': 0.20323462328755623, 'num_points': 19}, {'avg_silhouette': 0.0, 'num_points': 1}, {'avg_silhouette': 0.8012689250195577, 'num_points': 16}, {'avg_silhouette': 0.0, 'num_points': 1}, {'avg_silhouette': 0.07257708558380273, 'num_points': 3}, {'avg_silhouette': 0.2760173123511957, 'num_points': 3}, {'avg_silhouette': 0.0, 'num_points': 1}, {'avg_silhouette': 0.0, 'num_points': 1}, {'avg_silhouette': 0.0, 'num_points': 1}, {'avg_silhouette': 0.4651651454287649, 'num_points': 3}, {'avg_silhouette': 0.3245377666671031, 'num_points': 6}, {'avg_silhouette': 0.18396380208366123, 'num_points': 3}, {'avg_silhouette': 0.4535097188830381, 'num_points': 5}, {'avg_silhouette': 0.6495961242639331, 'num_points': 3}, {'avg_silhouette': 0.0, 'num_points': 1}, {'avg_silhouette': 0.0, 'num_points': 1}, {'avg_silhouette': 0.0, 'num_points': 1}, {'avg_silhouette': 0.0, 'num_points': 1}, {'avg_silhouette': 0.0, 'num_points': 1}, {'avg_silhouette': 0.454728716293753, 'num_points': 10}, {'avg_silhouette': 0.8291359705697778, 'num_points': 4}, {'avg_silhouette': 0.0, 'num_points': 1}]",,47,0.37602796646040976,,5,0.33332346503176963
AGGLC,ward,,"[{'avg_silhouette': 0.0990554451088733, 'num_points': 6}, {'avg_silhouette': -0.061113578369475036, 'num_points': 3}, {'avg_silhouette': -0.010518422519369672, 'num_points': 2}, {'avg_silhouette': -0.1726894516044742, 'num_points': 21}, {'avg_silhouette': 0.0986251052376245, 'num_points': 5}, {'avg_silhouette': 0.17928409924436736, 'num_points': 38}, {'avg_silhouette': 0.10152742404000005, 'num_points': 4}, {'avg_silhouette': 0.24257852494300997, 'num_points': 5}, {'avg_silhouette': 0.3257312963957713, 'num_points': 11}, {'avg_silhouette': -0.0588699489163988, 'num_points': 3}, {'avg_silhouette': 0.049039210873903706, 'num_points': 2}, {'avg_silhouette': 0.09823184902619826, 'num_points': 4}, {'avg_silhouette': -0.13194239931322715, 'num_points': 2}, {'avg_silhouette': 0.12957008602605083, 'num_points': 3}, {'avg_silhouette': 0.08491451766826001, 'num_points': 6}, {'avg_silhouette': 0.11086009497004101, 'num_points': 3}, {'avg_silhouette': 0.3762060547100071, 'num_points': 2}, {'avg_silhouette': 0.1682718802463079, 'num_points': 5}, {'avg_silhouette': 0.17009535746842938, 'num_points': 5}, {'avg_silhouette': 0.3652580478509644, 'num_points': 4}, {'avg_silhouette': -0.014887859051936918, 'num_points': 4}, {'avg_silhouette': 0.2815836027788572, 'num_points': 7}, {'avg_silhouette': 0.6794168993958739, 'num_points': 66}, {'avg_silhouette': 0.8380335141765605, 'num_points': 4}, {'avg_silhouette': 0.7773711548355249, 'num_points': 36}, {'avg_silhouette': 0.20323462328755623, 'num_points': 19}, {'avg_silhouette': 0.0, 'num_points': 1}, {'avg_silhouette': 0.8012689250195577, 'num_points': 16}, {'avg_silhouette': 0.0, 'num_points': 1}, {'avg_silhouette': 0.07257708558380273, 'num_points': 3}, {'avg_silhouette': 0.2760173123511957, 'num_points': 3}, {'avg_silhouette': 0.0, 'num_points': 1}, {'avg_silhouette': 0.0, 'num_points': 1}, {'avg_silhouette': 0.0, 'num_points': 1}, {'avg_silhouette': 0.4651651454287649, 'num_points': 3}, {'avg_silhouette': 0.3245377666671031, 'num_points': 6}, {'avg_silhouette': 0.18396380208366123, 'num_points': 3}, {'avg_silhouette': 0.4535097188830381, 'num_points': 5}, {'avg_silhouette': 0.6495961242639331, 'num_points': 3}, {'avg_silhouette': 0.0, 'num_points': 1}, {'avg_silhouette': 0.0, 'num_points': 1}, {'avg_silhouette': 0.0, 'num_points': 1}, {'avg_silhouette': 0.0, 'num_points': 1}, {'avg_silhouette': 0.0, 'num_points': 1}, {'avg_silhouette': 0.454728716293753, 'num_points': 10}, {'avg_silhouette': 0.8291359705697778, 'num_points': 4}]",,46,0.3757466781609797,,5,0.33332346503176963
AGGLC,ward,,"[{'avg_silhouette': 0.14903330684070695, 'num_points': 51}, {'avg_silhouette': -0.01013178960686362, 'num_points': 8}, {'avg_silhouette': 0.2102134896812656, 'num_points': 6}, {'avg_silhouette': 0.08417857880431771, 'num_points': 5}, {'avg_silhouette': 0.0990554451088733, 'num_points': 6}, {'avg_silhouette': 0.030262626756872635, 'num_points': 2}, {'avg_silhouette': 0.008880804486932565, 'num_points': 3}, {'avg_silhouette': -0.047936869014027106, 'num_points': 3}, {'avg_silhouette': 0.33857916533875054, 'num_points': 11}, {'avg_silhouette': -0.0588699489163988, 'num_points': 3}, {'avg_silhouette': 0.0986251052376245, 'num_points': 5}, {'avg_silhouette': 0.09823184902619826, 'num_points': 4}, {'avg_silhouette': -0.09642569123155958, 'num_points': 2}, {'avg_silhouette': 0.12957008602605083, 'num_points': 3}, {'avg_silhouette': 0.5253035439427862, 'num_points': 87}, {'avg_silhouette': 0.12051515278431439, 'num_points': 3}, {'avg_silhouette': 0.3830191639460369, 'num_points': 2}, {'avg_silhouette': 0.21214038145401978, 'num_points': 5}, {'avg_silhouette': 0.1847503283759875, 'num_points': 5}, {'avg_silhouette': 0.3652580478509644, 'num_points': 4}, {'avg_silhouette': -0.007125237032380008, 'num_points': 4}, {'avg_silhouette': 0.2815836027788572, 'num_points': 7}, {'avg_silhouette': 0.834490852288303, 'num_points': 4}, {'avg_silhouette': 0.843254164119624, 'num_points': 4}, {'avg_silhouette': 0.7840464920135389, 'num_points': 36}, {'avg_silhouette': 0.23011798474465153, 'num_points': 19}, {'avg_silhouette': 0.0, 'num_points': 1}, {'avg_silhouette': 0.807405418724653, 'num_points': 16}, {'avg_silhouette': 0.0, 'num_points': 1}, {'avg_silhouette': 0.087824544088755, 'num_points': 3}, {'avg_silhouette': 0.2888435507854424, 'num_points': 3}, {'avg_silhouette': 0.0, 'num_points': 1}, {'avg_silhouette': 0.0, 'num_points': 1}, {'avg_silhouette': 0.0, 'num_points': 1}, {'avg_silhouette': 0.4807981861459319, 'num_points': 3}, {'avg_silhouette': 0.3329073582742447, 'num_points': 6}, {'avg_silhouette': 0.19424527952552473, 'num_points': 3}, {'avg_silhouette': 0.4535097188830381, 'num_points': 5}]",,38,0.37569569166459643,,4,0.4221253318854209
HDBSCAN,,,"[{'avg_silhouette': 0.38621452949957014, 'num_points': 2}, {'avg_silhouette': 0.3666417441333729, 'num_points': 2}, {'avg_silhouette': 0.2785796579078587, 'num_points': 2}, {'avg_silhouette': 0.19548199877583625, 'num_points': 3}, {'avg_silhouette': 0.2819389300178033, 'num_points': 4}, {'avg_silhouette': 0.1381034445095144, 'num_points': 3}, {'avg_silhouette': 0.18345198404059682, 'num_points': 7}, {'avg_silhouette': 0.2630841719850867, 'num_points': 2}, {'avg_silhouette': 0.38080376682603967, 'num_points': 2}, {'avg_silhouette': 0.3529100657545875, 'num_points': 2}, {'avg_silhouette': 0.518064227033854, 'num_points': 2}, {'avg_silhouette': 0.47182279689996315, 'num_points': 3}, {'avg_silhouette': 0.32979589608579324, 'num_points': 4}, {'avg_silhouette': 0.24294219178122012, 'num_points': 2}, {'avg_silhouette': 0.41431956699186573, 'num_points': 2}, {'avg_silhouette': 0.2189973538697824, 'num_points': 2}, {'avg_silhouette': 0.6174142313868051, 'num_points': 3}, {'avg_silhouette': 0.5981168541379497, 'num_points': 3}, {'avg_silhouette': 0.40427448524722454, 'num_points': 2}, {'avg_silhouette': 0.35759284928490337, 'num_points': 3}, {'avg_silhouette': 0.4057737548702387, 'num_points': 3}, {'avg_silhouette': 0.4556803937856298, 'num_points': 2}, {'avg_silhouette': 0.8152642338236871, 'num_points': 4}, {'avg_silhouette': 0.5716475444697119, 'num_points': 3}, {'avg_silhouette': 0.8889799600214849, 'num_points': 3}, {'avg_silhouette': 0.8051354027144296, 'num_points': 4}, {'avg_silhouette': 1.0, 'num_points': 2}, {'avg_silhouette': 0.6669068028919385, 'num_points': 2}, {'avg_silhouette': 0.9852686765297236, 'num_points': 11}, {'avg_silhouette': 0.847048330949938, 'num_points': 2}, {'avg_silhouette': 1.0, 'num_points': 5}, {'avg_silhouette': 0.8572388497432515, 'num_points': 7}, {'avg_silhouette': 1.0, 'num_points': 2}, {'avg_silhouette': 1.0, 'num_points': 13}, {'avg_silhouette': 0.8001343896405363, 'num_points': 5}, {'avg_silhouette': 0.40669310990302554, 'num_points': 4}, {'avg_silhouette': 0.18438420789541232, 'num_points': 4}, {'avg_silhouette': 0.9243817798487333, 'num_points': 2}, {'avg_silhouette': 0.4497416619984227, 'num_points': 4}, {'avg_silhouette': 0.6133825244970941, 'num_points': 5}, {'avg_silhouette': 0.20355903601438025, 'num_points': 2}, {'avg_silhouette': 0.6378423067014674, 'num_points': 2}, {'avg_silhouette': 0.46081118852231817, 'num_points': 4}, {'avg_silhouette': 0.8248956284271403, 'num_points': 2}, {'avg_silhouette': 0.6699256051127508, 'num_points': 2}, {'avg_silhouette': 0.2827436623866448, 'num_points': 2}, {'avg_silhouette': 0.9304736953827264, 'num_points': 5}, {'avg_silhouette': 0.4964905943706353, 'num_points': 3}, {'avg_silhouette': 0.5573865094450873, 'num_points': 2}, {'avg_silhouette': 0.8363890202785604, 'num_points': 2}, {'avg_silhouette': 0.829618659404459, 'num_points': 2}, {'avg_silhouette': 0.6179097338342167, 'num_points': 4}, {'avg_silhouette': 1.0, 'num_points': 4}, {'avg_silhouette': 0.800134389640515, 'num_points': 5}, {'avg_silhouette': 0.8678365132701084, 'num_points': 2}, {'avg_silhouette': 0.6828857312157074, 'num_points': 4}, {'avg_silhouette': 0.48129207053987205, 'num_points': 3}, {'avg_silhouette': 0.6433401159940386, 'num_points': 2}, {'avg_silhouette': 0.5256818282937884, 'num_points': 3}, {'avg_silhouette': 0.568589369249918, 'num_points': 4}, {'avg_silhouette': 0.6718730196340292, 'num_points': 4}, {'avg_silhouette': 0.30283259813505886, 'num_points': 2}, {'avg_silhouette': 1.0, 'num_points': 3}, {'avg_silhouette': 0.6707124067331529, 'num_points': 3}, {'avg_silhouette': 0.9375419967626701, 'num_points': 16}, {'avg_silhouette': 0.8804349682254311, 'num_points': 19}, {'avg_silhouette': 0.7222222222221776, 'num_points': 3}]",,67,0.37315134513504633,2.0,1,
AGGLC,ward,,"[{'avg_silhouette': 0.2603361071714836, 'num_points': 9}, {'avg_silhouette': 0.14903330684070695, 'num_points': 51}, {'avg_silhouette': 0.2102134896812656, 'num_points': 6}, {'avg_silhouette': 0.08417857880431771, 'num_points': 5}, {'avg_silhouette': -0.01013178960686362, 'num_points': 8}, {'avg_silhouette': 0.030262626756872635, 'num_points': 2}, {'avg_silhouette': 0.008880804486932565, 'num_points': 3}, {'avg_silhouette': -0.047936869014027106, 'num_points': 3}, {'avg_silhouette': 0.33857916533875054, 'num_points': 11}, {'avg_silhouette': 0.0990554451088733, 'num_points': 6}, {'avg_silhouette': 0.0986251052376245, 'num_points': 5}, {'avg_silhouette': 0.09823184902619826, 'num_points': 4}, {'avg_silhouette': -0.09642569123155958, 'num_points': 2}, {'avg_silhouette': 0.12957008602605083, 'num_points': 3}, {'avg_silhouette': 0.5253035439427862, 'num_points': 87}, {'avg_silhouette': 0.12051515278431439, 'num_points': 3}, {'avg_silhouette': 0.3830191639460369, 'num_points': 2}, {'avg_silhouette': 0.21214038145401978, 'num_points': 5}, {'avg_silhouette': 0.1847503283759875, 'num_points': 5}, {'avg_silhouette': -0.0588699489163988, 'num_points': 3}, {'avg_silhouette': -0.007125237032380008, 'num_points': 4}, {'avg_silhouette': 0.2815836027788572, 'num_points': 7}, {'avg_silhouette': 0.834490852288303, 'num_points': 4}, {'avg_silhouette': 0.843254164119624, 'num_points': 4}, {'avg_silhouette': 0.7840464920135389, 'num_points': 36}, {'avg_silhouette': 0.23011798474465153, 'num_points': 19}, {'avg_silhouette': 0.0, 'num_points': 1}, {'avg_silhouette': 0.807405418724653, 'num_points': 16}, {'avg_silhouette': 0.0, 'num_points': 1}, {'avg_silhouette': 0.087824544088755, 'num_points': 3}, {'avg_silhouette': 0.2888435507854424, 'num_points': 3}, {'avg_silhouette': 0.0, 'num_points': 1}, {'avg_silhouette': 0.0, 'num_points': 1}, {'avg_silhouette': 0.0, 'num_points': 1}, {'avg_silhouette': 0.4807981861459319, 'num_points': 3}, {'avg_silhouette': 0.3329073582742447, 'num_points': 6}, {'avg_silhouette': 0.2013353372589116, 'num_points': 3}]",,37,0.37163531771199065,,4,0.4221253318854209
AGGLC,ward,,"[{'avg_silhouette': -0.06538497821904421, 'num_points': 6}, {'avg_silhouette': 0.2603361071714836, 'num_points': 9}, {'avg_silhouette': 0.2102134896812656, 'num_points': 6}, {'avg_silhouette': 0.08417857880431771, 'num_points': 5}, {'avg_silhouette': 0.14903330684070695, 'num_points': 51}, {'avg_silhouette': 0.030262626756872635, 'num_points': 2}, {'avg_silhouette': 0.008880804486932565, 'num_points': 3}, {'avg_silhouette': -0.047936869014027106, 'num_points': 3}, {'avg_silhouette': 0.33857916533875054, 'num_points': 11}, {'avg_silhouette': -0.01013178960686362, 'num_points': 8}, {'avg_silhouette': 0.0986251052376245, 'num_points': 5}, {'avg_silhouette': 0.170102644630588, 'num_points': 4}, {'avg_silhouette': -0.09642569123155958, 'num_points': 2}, {'avg_silhouette': 0.12957008602605083, 'num_points': 3}, {'avg_silhouette': 0.5253035439427862, 'num_points': 87}, {'avg_silhouette': 0.12051515278431439, 'num_points': 3}, {'avg_silhouette': 0.3830191639460369, 'num_points': 2}, {'avg_silhouette': 0.21214038145401978, 'num_points': 5}, {'avg_silhouette': 0.1847503283759875, 'num_points': 5}, {'avg_silhouette': 0.0990554451088733, 'num_points': 6}, {'avg_silhouette': -0.007125237032380008, 'num_points': 4}, {'avg_silhouette': 0.2815836027788572, 'num_points': 7}, {'avg_silhouette': 0.834490852288303, 'num_points': 4}, {'avg_silhouette': 0.843254164119624, 'num_points': 4}, {'avg_silhouette': 0.7840464920135389, 'num_points': 36}, {'avg_silhouette': 0.23011798474465153, 'num_points': 19}, {'avg_silhouette': 0.0, 'num_points': 1}, {'avg_silhouette': 0.807405418724653, 'num_points': 16}, {'avg_silhouette': 0.0, 'num_points': 1}, {'avg_silhouette': 0.087824544088755, 'num_points': 3}, {'avg_silhouette': 0.2888435507854424, 'num_points': 3}, {'avg_silhouette': 0.0, 'num_points': 1}, {'avg_silhouette': 0.0, 'num_points': 1}, {'avg_silhouette': 0.0, 'num_points': 1}, {'avg_silhouette': 0.4807981861459319, 'num_points': 3}, {'avg_silhouette': 0.3329073582742447, 'num_points': 6}]",,36,0.37005132112888284,,4,0.4221253318854209
AGGLC,ward,,"[{'avg_silhouette': 0.4683886289496381, 'num_points': 92}, {'avg_silhouette': 0.2608078269425985, 'num_points': 9}, {'avg_silhouette': -0.0601352556483461, 'num_points': 6}, {'avg_silhouette': 0.08417857880431771, 'num_points': 5}, {'avg_silhouette': 0.17036112454759184, 'num_points': 51}, {'avg_silhouette': 0.030262626756872635, 'num_points': 2}, {'avg_silhouette': 0.2102134896812656, 'num_points': 6}, {'avg_silhouette': -0.047936869014027106, 'num_points': 3}, {'avg_silhouette': 0.3396061864244207, 'num_points': 11}, {'avg_silhouette': -0.010117425138253644, 'num_points': 8}, {'avg_silhouette': 0.0986251052376245, 'num_points': 5}, {'avg_silhouette': 0.170102644630588, 'num_points': 4}, {'avg_silhouette': -0.09642569123155958, 'num_points': 2}, {'avg_silhouette': 0.12957008602605083, 'num_points': 3}, {'avg_silhouette': 0.008880804486932565, 'num_points': 3}, {'avg_silhouette': 0.12077629323923578, 'num_points': 3}, {'avg_silhouette': 0.3830191639460369, 'num_points': 2}, {'avg_silhouette': 0.33381470771998406, 'num_points': 6}, {'avg_silhouette': 0.1847503283759875, 'num_points': 5}, {'avg_silhouette': 0.0990554451088733, 'num_points': 6}, {'avg_silhouette': -0.006251158535683421, 'num_points': 4}, {'avg_silhouette': 0.2815836027788572, 'num_points': 7}, {'avg_silhouette': 0.834490852288303, 'num_points': 4}, {'avg_silhouette': 0.8435873528084202, 'num_points': 4}, {'avg_silhouette': 0.7844476535026943, 'num_points': 36}, {'avg_silhouette': 0.24192299713631318, 'num_points': 19}, {'avg_silhouette': 0.0, 'num_points': 1}, {'avg_silhouette': 0.8104369543476979, 'num_points': 16}, {'avg_silhouette': 0.0, 'num_points': 1}, {'avg_silhouette': 0.09079942846536533, 'num_points': 3}, {'avg_silhouette': 0.2897569651225507, 'num_points': 3}, {'avg_silhouette': 0.0, 'num_points': 1}, {'avg_silhouette': 0.0, 'num_points': 1}, {'avg_silhouette': 0.0, 'num_points': 1}, {'avg_silhouette': 0.4807981861459319, 'num_points': 3}]",,35,0.36342775386436793,,4,0.4162801010340594
AGGLC,ward,,"[{'avg_silhouette': -0.06957627277541364, 'num_points': 6}, {'avg_silhouette': 0.4683886289496381, 'num_points': 92}, {'avg_silhouette': -0.0601352556483461, 'num_points': 6}, {'avg_silhouette': 0.2608078269425985, 'num_points': 9}, {'avg_silhouette': 0.17036112454759184, 'num_points': 51}, {'avg_silhouette': 0.030262626756872635, 'num_points': 2}, {'avg_silhouette': 0.2102134896812656, 'num_points': 6}, {'avg_silhouette': 0.08417857880431771, 'num_points': 5}, {'avg_silhouette': 0.3396061864244207, 'num_points': 11}, {'avg_silhouette': -0.010117425138253644, 'num_points': 8}, {'avg_silhouette': 0.0986251052376245, 'num_points': 5}, {'avg_silhouette': 0.170102644630588, 'num_points': 4}, {'avg_silhouette': -0.09642569123155958, 'num_points': 2}, {'avg_silhouette': 0.12957008602605083, 'num_points': 3}, {'avg_silhouette': 0.008880804486932565, 'num_points': 3}, {'avg_silhouette': 0.12077629323923578, 'num_points': 3}, {'avg_silhouette': 0.3830191639460369, 'num_points': 2}, {'avg_silhouette': 0.33381470771998406, 'num_points': 6}, {'avg_silhouette': 0.1847503283759875, 'num_points': 5}, {'avg_silhouette': 0.0990554451088733, 'num_points': 6}, {'avg_silhouette': -0.006251158535683421, 'num_points': 4}, {'avg_silhouette': 0.2815836027788572, 'num_points': 7}, {'avg_silhouette': 0.834490852288303, 'num_points': 4}, {'avg_silhouette': 0.8435873528084202, 'num_points': 4}, {'avg_silhouette': 0.7844476535026943, 'num_points': 36}, {'avg_silhouette': 0.24192299713631318, 'num_points': 19}, {'avg_silhouette': 0.0, 'num_points': 1}, {'avg_silhouette': 0.8104369543476979, 'num_points': 16}, {'avg_silhouette': 0.0, 'num_points': 1}, {'avg_silhouette': 0.09079942846536533, 'num_points': 3}, {'avg_silhouette': 0.2897569651225507, 'num_points': 3}, {'avg_silhouette': 0.0, 'num_points': 1}, {'avg_silhouette': 0.0, 'num_points': 1}, {'avg_silhouette': 0.0, 'num_points': 1}]",,34,0.3583204872332721,,4,0.4162801010340594
AGGLC,ward,,"[{'avg_silhouette': 0.0384886741501948, 'num_points': 7}, {'avg_silhouette': -0.06957627277541364, 'num_points': 6}, {'avg_silhouette': -0.0601352556483461, 'num_points': 6}, {'avg_silhouette': 0.2608078269425985, 'num_points': 9}, {'avg_silhouette': 0.4683886289496381, 'num_points': 92}, {'avg_silhouette': 0.030262626756872635, 'num_points': 2}, {'avg_silhouette': 0.2102134896812656, 'num_points': 6}, {'avg_silhouette': 0.10139033619533633, 'num_points': 5}, {'avg_silhouette': 0.3396061864244207, 'num_points': 11}, {'avg_silhouette': 0.17036112454759184, 'num_points': 51}, {'avg_silhouette': 0.0986251052376245, 'num_points': 5}, {'avg_silhouette': 0.170102644630588, 'num_points': 4}, {'avg_silhouette': -0.09642569123155958, 'num_points': 2}, {'avg_silhouette': 0.12957008602605083, 'num_points': 3}, {'avg_silhouette': 0.008880804486932565, 'num_points': 3}, {'avg_silhouette': 0.12077629323923578, 'num_points': 3}, {'avg_silhouette': 0.3830191639460369, 'num_points': 2}, {'avg_silhouette': 0.33381470771998406, 'num_points': 6}, {'avg_silhouette': 0.1847503283759875, 'num_points': 5}, {'avg_silhouette': -0.010117425138253644, 'num_points': 8}, {'avg_silhouette': -0.006251158535683421, 'num_points': 4}, {'avg_silhouette': 0.28322188291113853, 'num_points': 7}, {'avg_silhouette': 0.834490852288303, 'num_points': 4}, {'avg_silhouette': 0.8435873528084202, 'num_points': 4}, {'avg_silhouette': 0.7844476535026943, 'num_points': 36}, {'avg_silhouette': 0.24192299713631318, 'num_points': 19}, {'avg_silhouette': 0.0, 'num_points': 1}, {'avg_silhouette': 0.8104369543476979, 'num_points': 16}, {'avg_silhouette': 0.0, 'num_points': 1}, {'avg_silhouette': 0.09079942846536533, 'num_points': 3}, {'avg_silhouette': 0.2897569651225507, 'num_points': 3}, {'avg_silhouette': 0.0, 'num_points': 1}, {'avg_silhouette': 0.0, 'num_points': 1}]",,33,0.3576437455555316,,4,0.4162801010340594
AGGLC,ward,,"[{'avg_silhouette': -0.06802872584048114, 'num_points': 4}, {'avg_silhouette': 0.0384886741501948, 'num_points': 7}, {'avg_silhouette': -0.0601352556483461, 'num_points': 6}, {'avg_silhouette': -0.06957627277541364, 'num_points': 6}, {'avg_silhouette': 0.4683886289496381, 'num_points': 92}, {'avg_silhouette': 0.030262626756872635, 'num_points': 2}, {'avg_silhouette': 0.2102134896812656, 'num_points': 6}, {'avg_silhouette': 0.2608078269425985, 'num_points': 9}, {'avg_silhouette': 0.3396061864244207, 'num_points': 11}, {'avg_silhouette': 0.17036112454759184, 'num_points': 51}, {'avg_silhouette': 0.0986251052376245, 'num_points': 5}, {'avg_silhouette': 0.170102644630588, 'num_points': 4}, {'avg_silhouette': -0.09642569123155958, 'num_points': 2}, {'avg_silhouette': 0.12957008602605083, 'num_points': 3}, {'avg_silhouette': 0.008880804486932565, 'num_points': 3}, {'avg_silhouette': 0.10139033619533633, 'num_points': 5}, {'avg_silhouette': 0.3830191639460369, 'num_points': 2}, {'avg_silhouette': 0.33381470771998406, 'num_points': 6}, {'avg_silhouette': 0.1847503283759875, 'num_points': 5}, {'avg_silhouette': -0.010117425138253644, 'num_points': 8}, {'avg_silhouette': -0.006251158535683421, 'num_points': 4}, {'avg_silhouette': 0.28322188291113853, 'num_points': 7}, {'avg_silhouette': 0.834490852288303, 'num_points': 4}, {'avg_silhouette': 0.8435873528084202, 'num_points': 4}, {'avg_silhouette': 0.7844476535026943, 'num_points': 36}, {'avg_silhouette': 0.24192299713631318, 'num_points': 19}, {'avg_silhouette': 0.0, 'num_points': 1}, {'avg_silhouette': 0.8104369543476979, 'num_points': 16}, {'avg_silhouette': 0.0, 'num_points': 1}, {'avg_silhouette': 0.11293120741326666, 'num_points': 3}, {'avg_silhouette': 0.2897569651225507, 'num_points': 3}, {'avg_silhouette': 0.0, 'num_points': 1}]",,32,0.35595312517982947,,4,0.4162801010340594
DBSCAN,,1.2533756729740644,"[{'avg_silhouette': 0.45652763789185224, 'num_points': 276}, {'avg_silhouette': 0.3479433693937646, 'num_points': 9}, {'avg_silhouette': 0.414545115043658, 'num_points': 4}]",5.0,3,0.35558726059495993,,1,
AGGLC,ward,,"[{'avg_silhouette': 0.05251730335028832, 'num_points': 6}, {'avg_silhouette': -0.06802872584048114, 'num_points': 4}, {'avg_silhouette': -0.0601352556483461, 'num_points': 6}, {'avg_silhouette': 0.0384886741501948, 'num_points': 7}, {'avg_silhouette': 0.4683886289496381, 'num_points': 92}, {'avg_silhouette': 0.030262626756872635, 'num_points': 2}, {'avg_silhouette': 0.2102134896812656, 'num_points': 6}, {'avg_silhouette': -0.06957627277541364, 'num_points': 6}, {'avg_silhouette': 0.3396061864244207, 'num_points': 11}, {'avg_silhouette': 0.17036112454759184, 'num_points': 51}, {'avg_silhouette': 0.0986251052376245, 'num_points': 5}, {'avg_silhouette': 0.170102644630588, 'num_points': 4}, {'avg_silhouette': -0.09642569123155958, 'num_points': 2}, {'avg_silhouette': 0.12957008602605083, 'num_points': 3}, {'avg_silhouette': 0.010658410635983972, 'num_points': 3}, {'avg_silhouette': 0.2608078269425985, 'num_points': 9}, {'avg_silhouette': 0.3830191639460369, 'num_points': 2}, {'avg_silhouette': 0.33381470771998406, 'num_points': 6}, {'avg_silhouette': 0.1847503283759875, 'num_points': 5}, {'avg_silhouette': -0.010117425138253644, 'num_points': 8}, {'avg_silhouette': -0.006251158535683421, 'num_points': 4}, {'avg_silhouette': 0.28322188291113853, 'num_points': 7}, {'avg_silhouette': 0.834490852288303, 'num_points': 4}, {'avg_silhouette': 0.8435873528084202, 'num_points': 4}, {'avg_silhouette': 0.7844476535026943, 'num_points': 36}, {'avg_silhouette': 0.24192299713631318, 'num_points': 19}, {'avg_silhouette': 0.0, 'num_points': 1}, {'avg_silhouette': 0.8104369543476979, 'num_points': 16}, {'avg_silhouette': 0.0, 'num_points': 1}, {'avg_silhouette': 0.11293120741326666, 'num_points': 3}, {'avg_silhouette': 0.2897569651225507, 'num_points': 3}]",,31,0.35539802088688954,,4,0.4162801010340594
DBSCAN,,1.2433756729740644,"[{'avg_silhouette': 0.45652763789185224, 'num_points': 276}, {'avg_silhouette': 0.3676469057543381, 'num_points': 8}, {'avg_silhouette': 0.4093731936015758, 'num_points': 4}]",5.0,3,0.3551765902118592,,1,
K-means,,,"[{'avg_silhouette': 0.0, 'num_points': 1}, {'avg_silhouette': 0.5782093687513293, 'num_points': 85}, {'avg_silhouette': 0.0, 'num_points': 1}, {'avg_silhouette': 0.31278416019771305, 'num_points': 2}, {'avg_silhouette': 0.7162648089888098, 'num_points': 38}, {'avg_silhouette': 0.05640212366128247, 'num_points': 4}, {'avg_silhouette': 0.3029883512051438, 'num_points': 17}, {'avg_silhouette': -0.12307685521621117, 'num_points': 10}, {'avg_silhouette': 0.05082121082164912, 'num_points': 3}, {'avg_silhouette': 0.08324492600386851, 'num_points': 3}, {'avg_silhouette': 0.518064227033854, 'num_points': 2}, {'avg_silhouette': 0.005261579266539756, 'num_points': 4}, {'avg_silhouette': 0.0, 'num_points': 1}, {'avg_silhouette': 0.24632459505226612, 'num_points': 3}, {'avg_silhouette': 0.4509334999296628, 'num_points': 2}, {'avg_silhouette': 0.20595414840842197, 'num_points': 2}, {'avg_silhouette': 0.8063590072758553, 'num_points': 16}, {'avg_silhouette': 0.19843857121539793, 'num_points': 5}, {'avg_silhouette': 0.0, 'num_points': 1}, {'avg_silhouette': 0.0, 'num_points': 1}, {'avg_silhouette': 0.23363898659969487, 'num_points': 12}, {'avg_silhouette': 0.33324532960081393, 'num_points': 6}, {'avg_silhouette': 0.24488476095364112, 'num_points': 3}, {'avg_silhouette': 0.3236081137500604, 'num_points': 11}, {'avg_silhouette': 0.0, 'num_points': 1}, {'avg_silhouette': 0.3388586360902278, 'num_points': 4}, {'avg_silhouette': 0.0, 'num_points': 1}, {'avg_silhouette': 0.015303203116747013, 'num_points': 9}, {'avg_silhouette': -0.03677534436899146, 'num_points': 3}, {'avg_silhouette': -0.16271164192226328, 'num_points': 8}, {'avg_silhouette': 0.0, 'num_points': 1}, {'avg_silhouette': 0.0, 'num_points': 1}, {'avg_silhouette': 0.0, 'num_points': 1}, {'avg_silhouette': 0.47182279689996315, 'num_points': 3}, {'avg_silhouette': 0.6702053354621947, 'num_points': 3}, {'avg_silhouette': 0.06412593422786507, 'num_points': 44}, {'avg_silhouette': 0.10559969458811398, 'num_points': 6}, {'avg_silhouette': 0.016385201075645166, 'num_points': 5}, {'avg_silhouette': 0.05136720746284851, 'num_points': 4}, {'avg_silhouette': 0.0, 'num_points': 1}, {'avg_silhouette': 0.0, 'num_points': 1}, {'avg_silhouette': 0.8436376437880568, 'num_points': 4}, {'avg_silhouette': 0.0, 'num_points': 1}, {'avg_silhouette': 0.0, 'num_points': 1}, {'avg_silhouette': 0.0, 'num_points': 1}]",,45,0.35197894401964325,,4,0.415397115793287
AGGLC,ward,,"[{'avg_silhouette': 0.11561652391255055, 'num_points': 54}, {'avg_silhouette': 0.05251730335028832, 'num_points': 6}, {'avg_silhouette': -0.05846917684658828, 'num_points': 6}, {'avg_silhouette': 0.0384886741501948, 'num_points': 7}, {'avg_silhouette': -0.06602824030316709, 'num_points': 4}, {'avg_silhouette': 0.030262626756872635, 'num_points': 2}, {'avg_silhouette': 0.2102134896812656, 'num_points': 6}, {'avg_silhouette': -0.058966427207384674, 'num_points': 6}, {'avg_silhouette': 0.34409755017508953, 'num_points': 11}, {'avg_silhouette': 0.48342118571822373, 'num_points': 92}, {'avg_silhouette': 0.0986251052376245, 'num_points': 5}, {'avg_silhouette': 0.170102644630588, 'num_points': 4}, {'avg_silhouette': -0.09151228943938422, 'num_points': 2}, {'avg_silhouette': 0.12957008602605083, 'num_points': 3}, {'avg_silhouette': 0.010658410635983972, 'num_points': 3}, {'avg_silhouette': 0.26224253531889646, 'num_points': 9}, {'avg_silhouette': 0.3830191639460369, 'num_points': 2}, {'avg_silhouette': 0.3377557646517732, 'num_points': 6}, {'avg_silhouette': 0.19421187219889186, 'num_points': 5}, {'avg_silhouette': -0.006370859181302926, 'num_points': 8}, {'avg_silhouette': -0.0003264618729483266, 'num_points': 4}, {'avg_silhouette': 0.28322188291113853, 'num_points': 7}, {'avg_silhouette': 0.8370480595867891, 'num_points': 4}, {'avg_silhouette': 0.8454980156882433, 'num_points': 4}, {'avg_silhouette': 0.7855482290808318, 'num_points': 36}, {'avg_silhouette': 0.24761422942961414, 'num_points': 19}, {'avg_silhouette': 0.0, 'num_points': 1}, {'avg_silhouette': 0.8104369543476979, 'num_points': 16}, {'avg_silhouette': 0.0, 'num_points': 1}, {'avg_silhouette': 0.11484930668300063, 'num_points': 3}]",,30,0.3509885155988212,,4,0.4080500420353051
AGGLC,ward,,"[{'avg_silhouette': -0.1103499236814144, 'num_points': 7}, {'avg_silhouette': 0.11561652391255055, 'num_points': 54}, {'avg_silhouette': -0.05846917684658828, 'num_points': 6}, {'avg_silhouette': 0.0384886741501948, 'num_points': 7}, {'avg_silhouette': 0.05251730335028832, 'num_points': 6}, {'avg_silhouette': 0.030262626756872635, 'num_points': 2}, {'avg_silhouette': 0.2102134896812656, 'num_points': 6}, {'avg_silhouette': -0.058966427207384674, 'num_points': 6}, {'avg_silhouette': 0.34409755017508953, 'num_points': 11}, {'avg_silhouette': 0.48342118571822373, 'num_points': 92}, {'avg_silhouette': 0.0986251052376245, 'num_points': 5}, {'avg_silhouette': 0.19976682044577454, 'num_points': 4}, {'avg_silhouette': -0.09151228943938422, 'num_points': 2}, {'avg_silhouette': 0.12957008602605083, 'num_points': 3}, {'avg_silhouette': 0.010658410635983972, 'num_points': 3}, {'avg_silhouette': 0.26224253531889646, 'num_points': 9}, {'avg_silhouette': 0.3830191639460369, 'num_points': 2}, {'avg_silhouette': 0.3377557646517732, 'num_points': 6}, {'avg_silhouette': 0.19421187219889186, 'num_points': 5}, {'avg_silhouette': -0.006370859181302926, 'num_points': 8}, {'avg_silhouette': -0.0003264618729483266, 'num_points': 4}, {'avg_silhouette': 0.28322188291113853, 'num_points': 7}, {'avg_silhouette': 0.8370480595867891, 'num_points': 4}, {'avg_silhouette': 0.8454980156882433, 'num_points': 4}, {'avg_silhouette': 0.7855482290808318, 'num_points': 36}, {'avg_silhouette': 0.24761422942961414, 'num_points': 19}, {'avg_silhouette': 0.0, 'num_points': 1}, {'avg_silhouette': 0.8104369543476979, 'num_points': 16}, {'avg_silhouette': 0.0, 'num_points': 1}]",,29,0.3488033140471978,,4,0.4080500420353051
AGGLC,ward,,"[{'avg_silhouette': -0.11756397906957494, 'num_points': 3}, {'avg_silhouette': 0.11561652391255055, 'num_points': 54}, {'avg_silhouette': -0.1103499236814144, 'num_points': 7}, {'avg_silhouette': 0.0384886741501948, 'num_points': 7}, {'avg_silhouette': 0.05251730335028832, 'num_points': 6}, {'avg_silhouette': -0.05846917684658828, 'num_points': 6}, {'avg_silhouette': 0.2102134896812656, 'num_points': 6}, {'avg_silhouette': -0.058966427207384674, 'num_points': 6}, {'avg_silhouette': 0.34409755017508953, 'num_points': 11}, {'avg_silhouette': 0.48342118571822373, 'num_points': 92}, {'avg_silhouette': 0.0986251052376245, 'num_points': 5}, {'avg_silhouette': 0.19976682044577454, 'num_points': 4}, {'avg_silhouette': 0.030262626756872635, 'num_points': 2}, {'avg_silhouette': 0.12957008602605083, 'num_points': 3}, {'avg_silhouette': 0.010658410635983972, 'num_points': 3}, {'avg_silhouette': 0.26224253531889646, 'num_points': 9}, {'avg_silhouette': 0.3830191639460369, 'num_points': 2}, {'avg_silhouette': 0.3377557646517732, 'num_points': 6}, {'avg_silhouette': 0.19421187219889186, 'num_points': 5}, {'avg_silhouette': -0.006370859181302926, 'num_points': 8}, {'avg_silhouette': -0.0003264618729483266, 'num_points': 4}, {'avg_silhouette': 0.28322188291113853, 'num_points': 7}, {'avg_silhouette': 0.8370480595867891, 'num_points': 4}, {'avg_silhouette': 0.8454980156882433, 'num_points': 4}, {'avg_silhouette': 0.7855482290808318, 'num_points': 36}, {'avg_silhouette': 0.24761422942961414, 'num_points': 19}, {'avg_silhouette': 0.0, 'num_points': 1}, {'avg_silhouette': 0.8104369543476979, 'num_points': 16}]",,28,0.34829835167121576,,4,0.4080500420353051
AGGLC,ward,,"[{'avg_silhouette': 0.18052560953258082, 'num_points': 10}, {'avg_silhouette': -0.1149516509038467, 'num_points': 3}, {'avg_silhouette': -0.1103499236814144, 'num_points': 7}, {'avg_silhouette': 0.06388468579662274, 'num_points': 7}, {'avg_silhouette': 0.11561652391255055, 'num_points': 54}, {'avg_silhouette': -0.05846917684658828, 'num_points': 6}, {'avg_silhouette': 0.2167750106026186, 'num_points': 6}, {'avg_silhouette': -0.058966427207384674, 'num_points': 6}, {'avg_silhouette': 0.34409755017508953, 'num_points': 11}, {'avg_silhouette': 0.48342118571822373, 'num_points': 92}, {'avg_silhouette': 0.06361340410543448, 'num_points': 6}, {'avg_silhouette': 0.19976682044577454, 'num_points': 4}, {'avg_silhouette': 0.04963760345913178, 'num_points': 2}, {'avg_silhouette': 0.8104369543476979, 'num_points': 16}, {'avg_silhouette': 0.010658410635983972, 'num_points': 3}, {'avg_silhouette': 0.26224253531889646, 'num_points': 9}, {'avg_silhouette': 0.3830191639460369, 'num_points': 2}, {'avg_silhouette': 0.3377557646517732, 'num_points': 6}, {'avg_silhouette': 0.19421187219889186, 'num_points': 5}, {'avg_silhouette': -0.006370859181302926, 'num_points': 8}, {'avg_silhouette': -0.0003264618729483266, 'num_points': 4}, {'avg_silhouette': 0.1287843721401563, 'num_points': 5}, {'avg_silhouette': 0.8370480595867891, 'num_points': 4}, {'avg_silhouette': 0.8454980156882433, 'num_points': 4}, {'avg_silhouette': 0.7855482290808318, 'num_points': 36}, {'avg_silhouette': 0.24761422942961414, 'num_points': 19}, {'avg_silhouette': 0.0, 'num_points': 1}]",,27,0.3480456544714183,,4,0.4080500420353051
AGGLC,ward,,"[{'avg_silhouette': 0.136384618948503, 'num_points': 3}, {'avg_silhouette': 0.18052560953258082, 'num_points': 10}, {'avg_silhouette': -0.1103499236814144, 'num_points': 7}, {'avg_silhouette': -0.1149516509038467, 'num_points': 3}, {'avg_silhouette': 0.11561652391255055, 'num_points': 54}, {'avg_silhouette': -0.05846917684658828, 'num_points': 6}, {'avg_silhouette': 0.2167750106026186, 'num_points': 6}, {'avg_silhouette': 0.06388468579662274, 'num_points': 7}, {'avg_silhouette': 0.34409755017508953, 'num_points': 11}, {'avg_silhouette': 0.48342118571822373, 'num_points': 92}, {'avg_silhouette': 0.06361340410543448, 'num_points': 6}, {'avg_silhouette': 0.19976682044577454, 'num_points': 4}, {'avg_silhouette': 0.04963760345913178, 'num_points': 2}, {'avg_silhouette': 0.8104369543476979, 'num_points': 16}, {'avg_silhouette': 0.010658410635983972, 'num_points': 3}, {'avg_silhouette': 0.26224253531889646, 'num_points': 9}, {'avg_silhouette': -0.058966427207384674, 'num_points': 6}, {'avg_silhouette': 0.3377557646517732, 'num_points': 6}, {'avg_silhouette': 0.19421187219889186, 'num_points': 5}, {'avg_silhouette': -0.006370859181302926, 'num_points': 8}, {'avg_silhouette': -0.0003264618729483266, 'num_points': 4}, {'avg_silhouette': 0.1287843721401563, 'num_points': 5}, {'avg_silhouette': 0.8370480595867891, 'num_points': 4}, {'avg_silhouette': 0.8454980156882433, 'num_points': 4}, {'avg_silhouette': 0.7855482290808318, 'num_points': 36}, {'avg_silhouette': 0.24761422942961414, 'num_points': 19}]",,26,0.34698349830758923,,4,0.4080500420353051
AGGLC,ward,,"[{'avg_silhouette': -0.026839936405498005, 'num_points': 5}, {'avg_silhouette': 0.18052560953258082, 'num_points': 10}, {'avg_silhouette': 0.136384618948503, 'num_points': 3}, {'avg_silhouette': -0.11442347212001457, 'num_points': 3}, {'avg_silhouette': 0.11561652391255055, 'num_points': 54}, {'avg_silhouette': -0.05846917684658828, 'num_points': 6}, {'avg_silhouette': -0.1103499236814144, 'num_points': 7}, {'avg_silhouette': 0.06388468579662274, 'num_points': 7}, {'avg_silhouette': 0.34409755017508953, 'num_points': 11}, {'avg_silhouette': 0.48342118571822373, 'num_points': 92}, {'avg_silhouette': 0.06361340410543448, 'num_points': 6}, {'avg_silhouette': 0.19976682044577454, 'num_points': 4}, {'avg_silhouette': 0.24761422942961414, 'num_points': 19}, {'avg_silhouette': 0.8104369543476979, 'num_points': 16}, {'avg_silhouette': 0.2167750106026186, 'num_points': 6}, {'avg_silhouette': 0.26224253531889646, 'num_points': 9}, {'avg_silhouette': -0.058966427207384674, 'num_points': 6}, {'avg_silhouette': 0.3377557646517732, 'num_points': 6}, {'avg_silhouette': 0.19421187219889186, 'num_points': 5}, {'avg_silhouette': -0.006370859181302926, 'num_points': 8}, {'avg_silhouette': -0.0003264618729483266, 'num_points': 4}, {'avg_silhouette': 0.1287843721401563, 'num_points': 5}, {'avg_silhouette': 0.8370480595867891, 'num_points': 4}, {'avg_silhouette': 0.8454980156882433, 'num_points': 4}, {'avg_silhouette': 0.7855482290808318, 'num_points': 36}]",,25,0.3461981840679993,,4,0.40805004203530504
K-means,,,"[{'avg_silhouette': 0.04477099553100551, 'num_points': 57}, {'avg_silhouette': 0.2334624800049194, 'num_points': 2}, {'avg_silhouette': 0.7572641068874256, 'num_points': 37}, {'avg_silhouette': 0.8086176472675365, 'num_points': 16}, {'avg_silhouette': 0.028073816233594836, 'num_points': 6}, {'avg_silhouette': 0.3141420998780506, 'num_points': 17}, {'avg_silhouette': 0.15243441073390063, 'num_points': 6}, {'avg_silhouette': 0.0, 'num_points': 1}, {'avg_silhouette': 0.0, 'num_points': 1}, {'avg_silhouette': 0.12202730610329306, 'num_points': 3}, {'avg_silhouette': 0.3373309706238931, 'num_points': 11}, {'avg_silhouette': -0.009278242469424498, 'num_points': 2}, {'avg_silhouette': -0.052486834509021474, 'num_points': 7}, {'avg_silhouette': 0.5336737216334444, 'num_points': 90}, {'avg_silhouette': 0.008143341589724065, 'num_points': 4}, {'avg_silhouette': -0.028382811153794874, 'num_points': 3}, {'avg_silhouette': -0.19030222709255817, 'num_points': 8}, {'avg_silhouette': 0.0, 'num_points': 1}, {'avg_silhouette': 0.3646087503261064, 'num_points': 4}, {'avg_silhouette': 0.0, 'num_points': 1}, {'avg_silhouette': 0.0, 'num_points': 1}, {'avg_silhouette': 0.33587887463173066, 'num_points': 6}, {'avg_silhouette': 0.07763759037585807, 'num_points': 4}, {'avg_silhouette': 0.22515252842807557, 'num_points': 3}, {'avg_silhouette': 0.20320301314503855, 'num_points': 5}, {'avg_silhouette': 0.4535097188830381, 'num_points': 5}, {'avg_silhouette': 0.0, 'num_points': 1}, {'avg_silhouette': 0.12992914291112637, 'num_points': 6}, {'avg_silhouette': 0.22181850062162217, 'num_points': 8}, {'avg_silhouette': 0.3011551913674899, 'num_points': 2}, {'avg_silhouette': 0.0, 'num_points': 1}, {'avg_silhouette': 0.0558010066517885, 'num_points': 4}, {'avg_silhouette': 0.14587672856478884, 'num_points': 4}, {'avg_silhouette': 0.15625677600681642, 'num_points': 4}, {'avg_silhouette': 0.0, 'num_points': 1}, {'avg_silhouette': 0.8450820545857778, 'num_points': 4}]",,36,0.3460034844416557,,4,0.41246273098248154
K-means,,,"[{'avg_silhouette': 0.6183103761067233, 'num_points': 76}, {'avg_silhouette': 0.07699358218654619, 'num_points': 3}, {'avg_silhouette': 0.15385914918206864, 'num_points': 11}, {'avg_silhouette': 0.2221103935889356, 'num_points': 3}, {'avg_silhouette': 0.19416886620917057, 'num_points': 8}, {'avg_silhouette': 0.0191687299270938, 'num_points': 47}, {'avg_silhouette': 0.4535097188830381, 'num_points': 5}, {'avg_silhouette': 0.07939096083645736, 'num_points': 7}, {'avg_silhouette': 0.07213541937120896, 'num_points': 7}, {'avg_silhouette': 0.0, 'num_points': 1}, {'avg_silhouette': 0.711064318979972, 'num_points': 38}, {'avg_silhouette': 0.8035091447343604, 'num_points': 16}, {'avg_silhouette': 0.19375691734261774, 'num_points': 5}, {'avg_silhouette': 0.020921212846642955, 'num_points': 6}, {'avg_silhouette': 0.5186556994805287, 'num_points': 2}, {'avg_silhouette': 0.0, 'num_points': 1}, {'avg_silhouette': 0.0, 'num_points': 1}, {'avg_silhouette': 0.3935978403430064, 'num_points': 2}, {'avg_silhouette': 0.06404814857752454, 'num_points': 4}, {'avg_silhouette': 0.19047985222133149, 'num_points': 6}, {'avg_silhouette': 0.11018696706614788, 'num_points': 3}, {'avg_silhouette': 0.0, 'num_points': 1}, {'avg_silhouette': 0.0, 'num_points': 1}, {'avg_silhouette': -0.027450407714739156, 'num_points': 16}, {'avg_silhouette': 0.19875020536502772, 'num_points': 17}, {'avg_silhouette': 0.0, 'num_points': 1}, {'avg_silhouette': 0.3370550799555021, 'num_points': 6}, {'avg_silhouette': 0.8320131122118353, 'num_points': 4}, {'avg_silhouette': 0.013398320262125866, 'num_points': 3}, {'avg_silhouette': 0.0, 'num_points': 1}, {'avg_silhouette': 0.0, 'num_points': 1}, {'avg_silhouette': 0.6645133103712109, 'num_points': 3}, {'avg_silhouette': 0.17651685057310854, 'num_points': 2}, {'avg_silhouette': 0.0, 'num_points': 1}, {'avg_silhouette': 0.0, 'num_points': 1}, {'avg_silhouette': 0.3652106786116298, 'num_points': 4}, {'avg_silhouette': 0.3267366019765335, 'num_points': 9}, {'avg_silhouette': 0.12509405618181071, 'num_points': 10}, {'avg_silhouette': 0.0, 'num_points': 1}, {'avg_silhouette': 0.0, 'num_points': 1}, {'avg_silhouette': 0.0, 'num_points': 1}]",,41,0.34588696076568665,,4,0.38682340759470424
K-means,,,"[{'avg_silhouette': 0.5665377241379359, 'num_points': 89}, {'avg_silhouette': 0.0, 'num_points': 1}, {'avg_silhouette': 0.3275447946061611, 'num_points': 11}, {'avg_silhouette': 0.05572560703572307, 'num_points': 5}, {'avg_silhouette': 0.10662542056010355, 'num_points': 2}, {'avg_silhouette': 0.7178352964960629, 'num_points': 38}, {'avg_silhouette': 0.2559877294462548, 'num_points': 5}, {'avg_silhouette': 0.163096855130864, 'num_points': 21}, {'avg_silhouette': 0.8077863345190197, 'num_points': 16}, {'avg_silhouette': 0.4535097188830381, 'num_points': 5}, {'avg_silhouette': 0.02851467103447424, 'num_points': 5}, {'avg_silhouette': 0.0, 'num_points': 1}, {'avg_silhouette': 0.0, 'num_points': 1}, {'avg_silhouette': 0.09072849141953859, 'num_points': 9}, {'avg_silhouette': -0.041757853300937474, 'num_points': 5}, {'avg_silhouette': 0.16783122600481046, 'num_points': 2}, {'avg_silhouette': 0.3358789865197934, 'num_points': 2}, {'avg_silhouette': 0.0, 'num_points': 1}, {'avg_silhouette': 0.3011551913674899, 'num_points': 2}, {'avg_silhouette': 0.0, 'num_points': 1}, {'avg_silhouette': 0.007609544576762306, 'num_points': 58}, {'avg_silhouette': 0.0024551769755780314, 'num_points': 4}, {'avg_silhouette': 0.2646934150393143, 'num_points': 2}, {'avg_silhouette': 0.0, 'num_points': 1}, {'avg_silhouette': -0.04046948821448783, 'num_points': 5}, {'avg_silhouette': 0.0, 'num_points': 1}, {'avg_silhouette': 0.2040831245845423, 'num_points': 5}, {'avg_silhouette': 0.3510708946908438, 'num_points': 6}, {'avg_silhouette': 0.0, 'num_points': 1}, {'avg_silhouette': 0.0, 'num_points': 1}, {'avg_silhouette': 0.8445056436349369, 'num_points': 4}, {'avg_silhouette': 0.3675612516816458, 'num_points': 4}, {'avg_silhouette': 0.4509334999296628, 'num_points': 2}, {'avg_silhouette': 0.4910152277700502, 'num_points': 3}, {'avg_silhouette': 0.0, 'num_points': 1}, {'avg_silhouette': 0.0, 'num_points': 1}, {'avg_silhouette': 0.0, 'num_points': 1}, {'avg_silhouette': 0.11176373209919592, 'num_points': 2}, {'avg_silhouette': 0.0, 'num_points': 1}, {'avg_silhouette': 0.03507248223578685, 'num_points': 2}, {'avg_silhouette': 0.0, 'num_points': 1}, {'avg_silhouette': 0.0, 'num_points': 1}, {'avg_silhouette': 0.0, 'num_points': 1}, {'avg_silhouette': 0.0650883249047144, 'num_points': 6}]",,44,0.34483357594935254,,4,0.3637698550854063
AGGLC,ward,,"[{'avg_silhouette': -0.01421117177001215, 'num_points': 10}, {'avg_silhouette': 0.18052560953258082, 'num_points': 10}, {'avg_silhouette': -0.026839936405498005, 'num_points': 5}, {'avg_silhouette': -0.11442347212001457, 'num_points': 3}, {'avg_silhouette': 0.11561652391255055, 'num_points': 54}, {'avg_silhouette': 0.136384618948503, 'num_points': 3}, {'avg_silhouette': -0.10004026873297214, 'num_points': 7}, {'avg_silhouette': 0.06388468579662274, 'num_points': 7}, {'avg_silhouette': 0.34409755017508953, 'num_points': 11}, {'avg_silhouette': 0.48342118571822373, 'num_points': 92}, {'avg_silhouette': 0.06361340410543448, 'num_points': 6}, {'avg_silhouette': 0.7855482290808318, 'num_points': 36}, {'avg_silhouette': 0.24761422942961414, 'num_points': 19}, {'avg_silhouette': 0.8104369543476979, 'num_points': 16}, {'avg_silhouette': 0.2167750106026186, 'num_points': 6}, {'avg_silhouette': 0.26224253531889646, 'num_points': 9}, {'avg_silhouette': -0.058966427207384674, 'num_points': 6}, {'avg_silhouette': 0.3377557646517732, 'num_points': 6}, {'avg_silhouette': 0.19421187219889186, 'num_points': 5}, {'avg_silhouette': -0.006370859181302926, 'num_points': 8}, {'avg_silhouette': -0.0003264618729483266, 'num_points': 4}, {'avg_silhouette': 0.1287843721401563, 'num_points': 5}, {'avg_silhouette': 0.8370480595867891, 'num_points': 4}, {'avg_silhouette': 0.8454980156882433, 'num_points': 4}]",,24,0.3446559330151284,,4,0.4080500420353051
K-means,,,"[{'avg_silhouette': 0.0, 'num_points': 1}, {'avg_silhouette': 0.6075614044077923, 'num_points': 83}, {'avg_silhouette': 0.0, 'num_points': 1}, {'avg_silhouette': 0.7146908410264876, 'num_points': 38}, {'avg_silhouette': 0.023660998661563373, 'num_points': 4}, {'avg_silhouette': 0.10971062264953917, 'num_points': 3}, {'avg_silhouette': 0.4535097188830381, 'num_points': 5}, {'avg_silhouette': 0.34571031181359335, 'num_points': 6}, {'avg_silhouette': 0.2789591764022947, 'num_points': 14}, {'avg_silhouette': 0.21388954320108566, 'num_points': 5}, {'avg_silhouette': 0.35495414615694965, 'num_points': 2}, {'avg_silhouette': 0.27376570849505727, 'num_points': 3}, {'avg_silhouette': 0.2102883981670251, 'num_points': 2}, {'avg_silhouette': 0.21245726811821158, 'num_points': 2}, {'avg_silhouette': 0.01469843282051522, 'num_points': 61}, {'avg_silhouette': 0.0, 'num_points': 1}, {'avg_silhouette': 0.0, 'num_points': 1}, {'avg_silhouette': 0.3013617253381228, 'num_points': 2}, {'avg_silhouette': 0.8425672343350185, 'num_points': 4}, {'avg_silhouette': 0.19740154258318307, 'num_points': 5}, {'avg_silhouette': 0.32922897992142636, 'num_points': 11}, {'avg_silhouette': 0.0, 'num_points': 1}, {'avg_silhouette': 0.06110953838425048, 'num_points': 4}, {'avg_silhouette': 0.0, 'num_points': 1}, {'avg_silhouette': -0.16495239539198214, 'num_points': 12}, {'avg_silhouette': 0.0, 'num_points': 1}, {'avg_silhouette': 0.0, 'num_points': 1}, {'avg_silhouette': 0.0, 'num_points': 1}, {'avg_silhouette': 0.0178698851367108, 'num_points': 4}, {'avg_silhouette': 0.0, 'num_points': 1}, {'avg_silhouette': 0.0, 'num_points': 1}, {'avg_silhouette': 0.3675612516816458, 'num_points': 4}, {'avg_silhouette': 0.0, 'num_points': 1}, {'avg_silhouette': -0.09262947362828733, 'num_points': 4}, {'avg_silhouette': 0.0, 'num_points': 1}, {'avg_silhouette': 0.0, 'num_points': 1}, {'avg_silhouette': 0.0, 'num_points': 1}, {'avg_silhouette': 0.4863185766124398, 'num_points': 3}, {'avg_silhouette': 0.9908500770755143, 'num_points': 11}, {'avg_silhouette': 0.0, 'num_points': 1}, {'avg_silhouette': 0.0, 'num_points': 1}, {'avg_silhouette': 0.8339712241300021, 'num_points': 4}, {'avg_silhouette': 0.15248197272711744, 'num_points': 2}, {'avg_silhouette': 0.011576556254711087, 'num_points': 6}, {'avg_silhouette': 0.0, 'num_points': 1}, {'avg_silhouette': 0.056807489260593785, 'num_points': 6}, {'avg_silhouette': 0.0, 'num_points': 1}, {'avg_silhouette': 0.0, 'num_points': 1}, {'avg_silhouette': 0.10060275149509561, 'num_points': 6}]",,49,0.3441381646850282,,3,0.4456502260849317
K-means,,,"[{'avg_silhouette': 0.28247321610420273, 'num_points': 3}, {'avg_silhouette': 0.053266675761554416, 'num_points': 45}, {'avg_silhouette': 0.147208919133318, 'num_points': 4}, {'avg_silhouette': 0.7358872218008712, 'num_points': 37}, {'avg_silhouette': 0.11225369015291102, 'num_points': 10}, {'avg_silhouette': 0.798672482685533, 'num_points': 16}, {'avg_silhouette': 0.30429343143996135, 'num_points': 15}, {'avg_silhouette': 0.13551010414556297, 'num_points': 4}, {'avg_silhouette': 0.0, 'num_points': 1}, {'avg_silhouette': 0.1277926976388759, 'num_points': 4}, {'avg_silhouette': 0.1653362658685525, 'num_points': 21}, {'avg_silhouette': 0.0, 'num_points': 1}, {'avg_silhouette': 0.2518666335885233, 'num_points': 5}, {'avg_silhouette': 0.4535097188830381, 'num_points': 5}, {'avg_silhouette': 0.3930425709578635, 'num_points': 9}, {'avg_silhouette': 0.35495414615694965, 'num_points': 2}, {'avg_silhouette': 0.0, 'num_points': 1}, {'avg_silhouette': 0.20176290369784558, 'num_points': 2}, {'avg_silhouette': 0.0, 'num_points': 1}, {'avg_silhouette': 0.32098290704333654, 'num_points': 6}, {'avg_silhouette': 0.26489910567345387, 'num_points': 2}, {'avg_silhouette': -0.09623946667392343, 'num_points': 15}, {'avg_silhouette': 0.10091837254057162, 'num_points': 3}, {'avg_silhouette': 0.3632754681961967, 'num_points': 4}, {'avg_silhouette': 0.16121736957194252, 'num_points': 3}, {'avg_silhouette': 0.0, 'num_points': 1}, {'avg_silhouette': 0.0, 'num_points': 1}, {'avg_silhouette': 0.04591942052446342, 'num_points': 5}, {'avg_silhouette': 0.0, 'num_points': 1}, {'avg_silhouette': 0.0, 'num_points': 1}, {'avg_silhouette': 0.7380120017538527, 'num_points': 55}, {'avg_silhouette': 0.18296973197902636, 'num_points': 5}, {'avg_silhouette': 0.0, 'num_points': 1}, {'avg_silhouette': 0.0, 'num_points': 1}, {'avg_silhouette': 0.0, 'num_points': 1}, {'avg_silhouette': 0.0038982080208555658, 'num_points': 13}, {'avg_silhouette': 0.0, 'num_points': 1}, {'avg_silhouette': 0.8297472739534708, 'num_points': 4}, {'avg_silhouette': 0.07031126956675603, 'num_points': 3}, {'avg_silhouette': 0.8382641492417202, 'num_points': 4}, {'avg_silhouette': -0.1842020750428946, 'num_points': 7}, {'avg_silhouette': 0.0, 'num_points': 1}, {'avg_silhouette': 0.0, 'num_points': 1}, {'avg_silhouette': 0.0, 'num_points': 1}, {'avg_silhouette': 0.4729817407222889, 'num_points': 3}, {'avg_silhouette': 0.0, 'num_points': 1}, {'avg_silhouette': 0.0, 'num_points': 1}, {'avg_silhouette': 0.0, 'num_points': 1}, {'avg_silhouette': 0.0, 'num_points': 1}, {'avg_silhouette': 0.0953747550969115, 'num_points': 3}]",,50,0.3409695910935116,,4,0.4231255412962077
K-means,,,"[{'avg_silhouette': 0.712558029056071, 'num_points': 38}, {'avg_silhouette': -0.03204821154047605, 'num_points': 13}, {'avg_silhouette': -0.04400845043950493, 'num_points': 8}, {'avg_silhouette': 0.2919458014968193, 'num_points': 17}, {'avg_silhouette': 0.15390275581493568, 'num_points': 4}, {'avg_silhouette': 0.8045804842929085, 'num_points': 16}, {'avg_silhouette': 0.0, 'num_points': 1}, {'avg_silhouette': 0.40015057066400217, 'num_points': 2}, {'avg_silhouette': 0.2510399817744869, 'num_points': 13}, {'avg_silhouette': 0.08112686225399453, 'num_points': 9}, {'avg_silhouette': 0.07728472249998124, 'num_points': 4}, {'avg_silhouette': -0.17598781163721816, 'num_points': 7}, {'avg_silhouette': 0.2854393482315087, 'num_points': 3}, {'avg_silhouette': -0.01817956428497437, 'num_points': 2}, {'avg_silhouette': 0.8412421412679735, 'num_points': 4}, {'avg_silhouette': 0.4535097188830381, 'num_points': 5}, {'avg_silhouette': 0.5905699357639717, 'num_points': 77}, {'avg_silhouette': 0.0, 'num_points': 1}, {'avg_silhouette': -0.0009938810218778089, 'num_points': 4}, {'avg_silhouette': 0.02204514178175638, 'num_points': 4}, {'avg_silhouette': 0.0, 'num_points': 1}, {'avg_silhouette': 0.0, 'num_points': 1}, {'avg_silhouette': 0.0, 'num_points': 1}, {'avg_silhouette': 0.20294088372815797, 'num_points': 8}, {'avg_silhouette': 0.0, 'num_points': 1}, {'avg_silhouette': 0.8328118430722297, 'num_points': 4}, {'avg_silhouette': 0.19687212615303987, 'num_points': 5}, {'avg_silhouette': 0.33138307316762994, 'num_points': 6}, {'avg_silhouette': 0.3646087503261064, 'num_points': 4}, {'avg_silhouette': 0.07108836984660402, 'num_points': 4}, {'avg_silhouette': 0.0, 'num_points': 1}, {'avg_silhouette': -0.0016532219664128962, 'num_points': 47}, {'avg_silhouette': 0.0, 'num_points': 1}, {'avg_silhouette': 0.1126477063994173, 'num_points': 7}, {'avg_silhouette': 0.0, 'num_points': 1}, {'avg_silhouette': 0.09517501803551259, 'num_points': 11}, {'avg_silhouette': 0.0, 'num_points': 1}]",,37,0.33354232409827533,,4,0.3983551360876123
K-means,,,"[{'avg_silhouette': 0.5295591321288832, 'num_points': 89}, {'avg_silhouette': 0.2647598032800295, 'num_points': 2}, {'avg_silhouette': 0.5137401505644398, 'num_points': 14}, {'avg_silhouette': 0.05153605634444264, 'num_points': 7}, {'avg_silhouette': 0.0, 'num_points': 1}, {'avg_silhouette': 0.3562790245053179, 'num_points': 13}, {'avg_silhouette': 0.0, 'num_points': 1}, {'avg_silhouette': 0.808140110733185, 'num_points': 16}, {'avg_silhouette': -0.003362726918706587, 'num_points': 15}, {'avg_silhouette': 0.0, 'num_points': 1}, {'avg_silhouette': 0.0, 'num_points': 1}, {'avg_silhouette': 0.09183254782238504, 'num_points': 4}, {'avg_silhouette': 0.08485813044741211, 'num_points': 8}, {'avg_silhouette': 0.3011551913674899, 'num_points': 2}, {'avg_silhouette': 0.836211344754065, 'num_points': 4}, {'avg_silhouette': 0.2229196571910006, 'num_points': 4}, {'avg_silhouette': 0.4535097188830381, 'num_points': 5}, {'avg_silhouette': 0.0824980814407436, 'num_points': 3}, {'avg_silhouette': 0.0, 'num_points': 1}, {'avg_silhouette': 0.114380747498433, 'num_points': 4}, {'avg_silhouette': 0.34555498141780694, 'num_points': 11}, {'avg_silhouette': 0.0, 'num_points': 1}, {'avg_silhouette': 0.0, 'num_points': 1}, {'avg_silhouette': 0.0, 'num_points': 1}, {'avg_silhouette': -0.12093345994074889, 'num_points': 8}, {'avg_silhouette': 0.0, 'num_points': 1}, {'avg_silhouette': 0.0, 'num_points': 1}, {'avg_silhouette': 0.3853803035140215, 'num_points': 2}, {'avg_silhouette': 0.0, 'num_points': 1}, {'avg_silhouette': 0.0, 'num_points': 1}, {'avg_silhouette': 0.08439323039386384, 'num_points': 4}, {'avg_silhouette': 0.0, 'num_points': 1}, {'avg_silhouette': 0.0, 'num_points': 1}, {'avg_silhouette': 0.11521639436296831, 'num_points': 4}, {'avg_silhouette': 0.0, 'num_points': 1}, {'avg_silhouette': 0.3440118688026195, 'num_points': 6}, {'avg_silhouette': 0.4913780149247445, 'num_points': 3}, {'avg_silhouette': 0.19963964616019653, 'num_points': 5}, {'avg_silhouette': 0.0, 'num_points': 1}, {'avg_silhouette': 0.0, 'num_points': 1}, {'avg_silhouette': 0.10131124878448611, 'num_points': 2}, {'avg_silhouette': -0.001495483872666963, 'num_points': 3}, {'avg_silhouette': 0.7351674041353857, 'num_points': 23}, {'avg_silhouette': 0.0, 'num_points': 1}, {'avg_silhouette': 0.0, 'num_points': 1}, {'avg_silhouette': 0.056064124744289554, 'num_points': 51}, {'avg_silhouette': 0.3675612516816458, 'num_points': 4}, {'avg_silhouette': 0.0, 'num_points': 1}]",,48,0.3332088152656102,,3,0.44026355366951947
AGGLC,ward,,"[{'avg_silhouette': 0.24986064240489164, 'num_points': 8}, {'avg_silhouette': -0.01421117177001215, 'num_points': 10}, {'avg_silhouette': -0.026839936405498005, 'num_points': 5}, {'avg_silhouette': -0.11442347212001457, 'num_points': 3}, {'avg_silhouette': 0.18052560953258082, 'num_points': 10}, {'avg_silhouette': 0.136384618948503, 'num_points': 3}, {'avg_silhouette': -0.10004026873297214, 'num_points': 7}, {'avg_silhouette': 0.06388468579662274, 'num_points': 7}, {'avg_silhouette': 0.34409755017508953, 'num_points': 11}, {'avg_silhouette': 0.48342118571822373, 'num_points': 92}, {'avg_silhouette': 0.11561652391255055, 'num_points': 54}, {'avg_silhouette': 0.7855482290808318, 'num_points': 36}, {'avg_silhouette': 0.24761422942961414, 'num_points': 19}, {'avg_silhouette': 0.8104369543476979, 'num_points': 16}, {'avg_silhouette': 0.2167750106026186, 'num_points': 6}, {'avg_silhouette': 0.26224253531889646, 'num_points': 9}, {'avg_silhouette': -0.058966427207384674, 'num_points': 6}, {'avg_silhouette': 0.3377557646517732, 'num_points': 6}, {'avg_silhouette': 0.19421187219889186, 'num_points': 5}, {'avg_silhouette': -0.006370859181302926, 'num_points': 8}, {'avg_silhouette': -0.0003264618729483266, 'num_points': 4}, {'avg_silhouette': 0.1287843721401563, 'num_points': 5}, {'avg_silhouette': 0.06361340410543448, 'num_points': 6}]",,23,0.3305746855095898,,4,0.4080500420353051
K-means,,,"[{'avg_silhouette': -0.015111643770859546, 'num_points': 62}, {'avg_silhouette': 0.7105905546673664, 'num_points': 38}, {'avg_silhouette': 0.1822851488306576, 'num_points': 9}, {'avg_silhouette': 0.35495414615694965, 'num_points': 2}, {'avg_silhouette': -0.020157427546979183, 'num_points': 9}, {'avg_silhouette': 0.14394216058092782, 'num_points': 4}, {'avg_silhouette': 0.3473353477727008, 'num_points': 11}, {'avg_silhouette': -0.03996693463166398, 'num_points': 16}, {'avg_silhouette': 0.8022910945030486, 'num_points': 16}, {'avg_silhouette': -0.043173792088671586, 'num_points': 3}, {'avg_silhouette': 0.2801128592814567, 'num_points': 5}, {'avg_silhouette': 0.24632459505226612, 'num_points': 3}, {'avg_silhouette': -0.021452014171636603, 'num_points': 23}, {'avg_silhouette': 0.0, 'num_points': 1}, {'avg_silhouette': 0.0, 'num_points': 1}, {'avg_silhouette': 0.839768008447632, 'num_points': 4}, {'avg_silhouette': 0.0, 'num_points': 1}, {'avg_silhouette': 0.0, 'num_points': 1}, {'avg_silhouette': 0.0, 'num_points': 1}, {'avg_silhouette': -0.0587821873665737, 'num_points': 5}, {'avg_silhouette': 0.4535097188830381, 'num_points': 5}, {'avg_silhouette': 0.3675612516816458, 'num_points': 4}, {'avg_silhouette': 0.0, 'num_points': 1}, {'avg_silhouette': 0.6557051565412324, 'num_points': 73}, {'avg_silhouette': 0.28121896235626004, 'num_points': 2}, {'avg_silhouette': 0.0, 'num_points': 1}, {'avg_silhouette': 0.0, 'num_points': 1}, {'avg_silhouette': 0.36636967085584726, 'num_points': 6}, {'avg_silhouette': 0.0, 'num_points': 1}, {'avg_silhouette': 0.6674986605573624, 'num_points': 3}, {'avg_silhouette': 0.0, 'num_points': 1}, {'avg_silhouette': 0.2587877055865831, 'num_points': 3}, {'avg_silhouette': 0.19408874586691205, 'num_points': 5}, {'avg_silhouette': 0.1860673048373627, 'num_points': 5}, {'avg_silhouette': 0.0, 'num_points': 1}, {'avg_silhouette': 0.0, 'num_points': 1}, {'avg_silhouette': 0.4822041630993063, 'num_points': 3}, {'avg_silhouette': 0.0, 'num_points': 1}, {'avg_silhouette': 0.13961277124843433, 'num_points': 3}, {'avg_silhouette': 0.0, 'num_points': 1}]",,40,0.3283333886398901,,4,0.3324330133165257
K-means,,,"[{'avg_silhouette': 0.5164750492583529, 'num_points': 2}, {'avg_silhouette': 0.6183103761067233, 'num_points': 76}, {'avg_silhouette': 0.31264726501080625, 'num_points': 2}, {'avg_silhouette': 0.17112666991024625, 'num_points': 3}, {'avg_silhouette': 0.751040406869787, 'num_points': 37}, {'avg_silhouette': 0.2704166172950904, 'num_points': 5}, {'avg_silhouette': -0.003104209254080265, 'num_points': 62}, {'avg_silhouette': 0.11059427452966591, 'num_points': 8}, {'avg_silhouette': 0.1347481684181504, 'num_points': 4}, {'avg_silhouette': 0.8035091447343604, 'num_points': 16}, {'avg_silhouette': 0.3353747918674691, 'num_points': 14}, {'avg_silhouette': 0.14905478238420963, 'num_points': 3}, {'avg_silhouette': 0.003788004367938224, 'num_points': 6}, {'avg_silhouette': 0.0, 'num_points': 1}, {'avg_silhouette': 0.0, 'num_points': 1}, {'avg_silhouette': 0.0, 'num_points': 1}, {'avg_silhouette': 0.052551921469963625, 'num_points': 6}, {'avg_silhouette': 0.4007485977904334, 'num_points': 2}, {'avg_silhouette': 0.403830956463624, 'num_points': 6}, {'avg_silhouette': 0.3228666334949344, 'num_points': 11}, {'avg_silhouette': 0.323557166451914, 'num_points': 6}, {'avg_silhouette': 0.19563442586823315, 'num_points': 5}, {'avg_silhouette': 0.045487068723965775, 'num_points': 4}, {'avg_silhouette': -0.04808819528802892, 'num_points': 16}, {'avg_silhouette': 0.0, 'num_points': 1}, {'avg_silhouette': -0.17866373408364883, 'num_points': 10}, {'avg_silhouette': 0.0, 'num_points': 1}, {'avg_silhouette': 0.29417416308634464, 'num_points': 2}, {'avg_silhouette': 0.0, 'num_points': 1}, {'avg_silhouette': 0.11472466058747069, 'num_points': 4}, {'avg_silhouette': 0.04457040846892496, 'num_points': 7}, {'avg_silhouette': 0.8320131122118353, 'num_points': 4}, {'avg_silhouette': -0.037459435810975224, 'num_points': 5}, {'avg_silhouette': 0.11018696706614788, 'num_points': 3}, {'avg_silhouette': 0.0, 'num_points': 1}]",,35,0.32745137322135515,,3,0.45541552457414336
AGGLC,ward,,"[{'avg_silhouette': 0.17473612903315577, 'num_points': 15}, {'avg_silhouette': 0.044014114687648556, 'num_points': 62}, {'avg_silhouette': 0.005303784660079187, 'num_points': 5}, {'avg_silhouette': -0.10975278353141242, 'num_points': 3}, {'avg_silhouette': -0.01421117177001215, 'num_points': 10}, {'avg_silhouette': 0.19272723467252714, 'num_points': 3}, {'avg_silhouette': -0.10004026873297214, 'num_points': 7}, {'avg_silhouette': 0.12314304945482253, 'num_points': 7}, {'avg_silhouette': 0.3459289193231162, 'num_points': 11}, {'avg_silhouette': 0.5048288362389947, 'num_points': 92}, {'avg_silhouette': 0.0896308669527807, 'num_points': 6}, {'avg_silhouette': 0.787742335670477, 'num_points': 36}, {'avg_silhouette': 0.25480869603921796, 'num_points': 19}, {'avg_silhouette': 0.8104369543476979, 'num_points': 16}, {'avg_silhouette': 0.2167750106026186, 'num_points': 6}, {'avg_silhouette': 0.2631465110245996, 'num_points': 9}, {'avg_silhouette': -0.05206498224206548, 'num_points': 6}, {'avg_silhouette': 0.34295813619140736, 'num_points': 6}, {'avg_silhouette': 0.20232214568488205, 'num_points': 5}, {'avg_silhouette': -0.005127065566979462, 'num_points': 8}, {'avg_silhouette': 0.007081091456251827, 'num_points': 4}]",,21,0.3244421132534489,,4,0.39784849565908453
K-means,,,"[{'avg_silhouette': 0.5011517521182671, 'num_points': 10}, {'avg_silhouette': 0.14760702884249352, 'num_points': 11}, {'avg_silhouette': 0.7080415699799193, 'num_points': 38}, {'avg_silhouette': 0.1653362658685525, 'num_points': 21}, {'avg_silhouette': 0.028153423850149954, 'num_points': 5}, {'avg_silhouette': 0.798672482685533, 'num_points': 16}, {'avg_silhouette': 0.5186556994805287, 'num_points': 2}, {'avg_silhouette': -0.0565362081284682, 'num_points': 51}, {'avg_silhouette': 0.0, 'num_points': 1}, {'avg_silhouette': 0.10797866384756653, 'num_points': 5}, {'avg_silhouette': 0.29417416308634464, 'num_points': 2}, {'avg_silhouette': -0.09558739887962871, 'num_points': 2}, {'avg_silhouette': 0.00730617299800736, 'num_points': 22}, {'avg_silhouette': 0.416487444254228, 'num_points': 5}, {'avg_silhouette': 0.0, 'num_points': 1}, {'avg_silhouette': 0.0, 'num_points': 1}, {'avg_silhouette': 0.7380120017538527, 'num_points': 55}, {'avg_silhouette': 0.3583980685818967, 'num_points': 2}, {'avg_silhouette': 0.2908128026882406, 'num_points': 2}, {'avg_silhouette': 0.3267366019765335, 'num_points': 9}, {'avg_silhouette': 0.0, 'num_points': 1}, {'avg_silhouette': 0.1277926976388759, 'num_points': 4}, {'avg_silhouette': 0.15335760610216465, 'num_points': 4}, {'avg_silhouette': 0.07699358218654619, 'num_points': 3}, {'avg_silhouette': 0.0, 'num_points': 1}, {'avg_silhouette': 0.35957679970174955, 'num_points': 6}, {'avg_silhouette': 0.10083005710340681, 'num_points': 3}, {'avg_silhouette': 0.4773732679157205, 'num_points': 3}, {'avg_silhouette': -0.1440422593470552, 'num_points': 17}, {'avg_silhouette': 0.8382641492417202, 'num_points': 4}, {'avg_silhouette': 0.0, 'num_points': 1}, {'avg_silhouette': 0.26869194489800863, 'num_points': 4}, {'avg_silhouette': 0.0, 'num_points': 1}, {'avg_silhouette': 0.18203816408135873, 'num_points': 5}, {'avg_silhouette': 0.0, 'num_points': 1}, {'avg_silhouette': 0.0, 'num_points': 1}, {'avg_silhouette': 0.0, 'num_points': 1}, {'avg_silhouette': 0.0, 'num_points': 1}, {'avg_silhouette': 0.0, 'num_points': 1}, {'avg_silhouette': 0.0, 'num_points': 1}, {'avg_silhouette': 0.0, 'num_points': 1}, {'avg_silhouette': 0.8297472739534708, 'num_points': 4}, {'avg_silhouette': 0.0, 'num_points': 1}, {'avg_silhouette': 0.0, 'num_points': 1}, {'avg_silhouette': 0.0, 'num_points': 1}, {'avg_silhouette': 0.47661937511704483, 'num_points': 3}, {'avg_silhouette': 0.0, 'num_points': 1}]",,47,0.32435141542633067,,6,0.23635292385413478
K-means,,,"[{'avg_silhouette': 0.22921396124140114, 'num_points': 8}, {'avg_silhouette': 0.15202333187542608, 'num_points': 10}, {'avg_silhouette': 0.8075935322635055, 'num_points': 16}, {'avg_silhouette': 0.6828813737369076, 'num_points': 39}, {'avg_silhouette': 0.5722125343600853, 'num_points': 88}, {'avg_silhouette': -0.0670123755102455, 'num_points': 16}, {'avg_silhouette': 0.09411242975055284, 'num_points': 6}, {'avg_silhouette': 0.29720638358461127, 'num_points': 3}, {'avg_silhouette': 0.25599025504191547, 'num_points': 13}, {'avg_silhouette': -0.10429222126077305, 'num_points': 4}, {'avg_silhouette': 0.03638695069063755, 'num_points': 25}, {'avg_silhouette': 0.05567504723225724, 'num_points': 7}, {'avg_silhouette': 0.16498111130402962, 'num_points': 11}, {'avg_silhouette': 0.3712550724162475, 'num_points': 6}, {'avg_silhouette': 0.08449687211474817, 'num_points': 5}, {'avg_silhouette': -0.006769046177625189, 'num_points': 51}, {'avg_silhouette': 0.0, 'num_points': 1}, {'avg_silhouette': 0.0600746263836764, 'num_points': 5}, {'avg_silhouette': 0.0, 'num_points': 1}, {'avg_silhouette': -0.13356915396747923, 'num_points': 3}, {'avg_silhouette': 0.3772903004939484, 'num_points': 2}, {'avg_silhouette': 0.6744908721908051, 'num_points': 3}, {'avg_silhouette': 0.0, 'num_points': 1}, {'avg_silhouette': 0.844308291702055, 'num_points': 4}, {'avg_silhouette': 0.0, 'num_points': 1}, {'avg_silhouette': 0.0, 'num_points': 1}, {'avg_silhouette': 0.25864675048387487, 'num_points': 2}, {'avg_silhouette': 0.0, 'num_points': 1}, {'avg_silhouette': 0.0, 'num_points': 1}, {'avg_silhouette': 0.0, 'num_points': 1}, {'avg_silhouette': 0.0, 'num_points': 1}]",,31,0.32306115652834566,,4,0.32117795315250136
AGGLC,ward,,"[{'avg_silhouette': 0.044014114687648556, 'num_points': 62}, {'avg_silhouette': -0.01421117177001215, 'num_points': 10}, {'avg_silhouette': -0.026839936405498005, 'num_points': 5}, {'avg_silhouette': -0.10975278353141242, 'num_points': 3}, {'avg_silhouette': 0.18052560953258082, 'num_points': 10}, {'avg_silhouette': 0.136384618948503, 'num_points': 3}, {'avg_silhouette': -0.10004026873297214, 'num_points': 7}, {'avg_silhouette': 0.06388468579662274, 'num_points': 7}, {'avg_silhouette': 0.3459289193231162, 'num_points': 11}, {'avg_silhouette': 0.5048288362389947, 'num_points': 92}, {'avg_silhouette': 0.06361340410543448, 'num_points': 6}, {'avg_silhouette': 0.787742335670477, 'num_points': 36}, {'avg_silhouette': 0.25480869603921796, 'num_points': 19}, {'avg_silhouette': 0.8104369543476979, 'num_points': 16}, {'avg_silhouette': 0.2167750106026186, 'num_points': 6}, {'avg_silhouette': 0.2631465110245996, 'num_points': 9}, {'avg_silhouette': -0.05206498224206548, 'num_points': 6}, {'avg_silhouette': 0.34295813619140736, 'num_points': 6}, {'avg_silhouette': 0.20232214568488205, 'num_points': 5}, {'avg_silhouette': -0.005127065566979462, 'num_points': 8}, {'avg_silhouette': 0.007081091456251827, 'num_points': 4}, {'avg_silhouette': 0.1287843721401563, 'num_points': 5}]",,22,0.3212500782693352,,4,0.39784849565908453
AGGLC,ward,,"[{'avg_silhouette': -0.15648062628800563, 'num_points': 10}, {'avg_silhouette': 0.17473612903315577, 'num_points': 15}, {'avg_silhouette': 0.005303784660079187, 'num_points': 5}, {'avg_silhouette': 0.044014114687648556, 'num_points': 62}, {'avg_silhouette': -0.01421117177001215, 'num_points': 10}, {'avg_silhouette': 0.19272723467252714, 'num_points': 3}, {'avg_silhouette': -0.10004026873297214, 'num_points': 7}, {'avg_silhouette': -0.10975278353141242, 'num_points': 3}, {'avg_silhouette': 0.3459289193231162, 'num_points': 11}, {'avg_silhouette': 0.5048288362389947, 'num_points': 92}, {'avg_silhouette': 0.0896308669527807, 'num_points': 6}, {'avg_silhouette': 0.787742335670477, 'num_points': 36}, {'avg_silhouette': 0.25480869603921796, 'num_points': 19}, {'avg_silhouette': 0.8104369543476979, 'num_points': 16}, {'avg_silhouette': 0.2167750106026186, 'num_points': 6}, {'avg_silhouette': 0.2665792472398287, 'num_points': 9}, {'avg_silhouette': 0.12314304945482253, 'num_points': 7}, {'avg_silhouette': 0.34295813619140736, 'num_points': 6}, {'avg_silhouette': 0.20232214568488205, 'num_points': 5}, {'avg_silhouette': -0.005127065566979462, 'num_points': 8}]",,20,0.3207223331662,,4,0.39784849565908453
K-means,,,"[{'avg_silhouette': 0.8063457764561709, 'num_points': 16}, {'avg_silhouette': -0.005174296358822802, 'num_points': 15}, {'avg_silhouette': 0.0, 'num_points': 1}, {'avg_silhouette': 0.19365088947335865, 'num_points': 10}, {'avg_silhouette': 0.7148252751371652, 'num_points': 38}, {'avg_silhouette': 0.06254878708633767, 'num_points': 12}, {'avg_silhouette': 0.5308785318572945, 'num_points': 78}, {'avg_silhouette': 0.12156500406828157, 'num_points': 3}, {'avg_silhouette': 0.14407017765926936, 'num_points': 4}, {'avg_silhouette': -0.00847727840421831, 'num_points': 8}, {'avg_silhouette': 0.35161617924573235, 'num_points': 11}, {'avg_silhouette': 0.0, 'num_points': 1}, {'avg_silhouette': 0.4535097188830381, 'num_points': 5}, {'avg_silhouette': 0.12522391313581455, 'num_points': 3}, {'avg_silhouette': 0.3885515649042861, 'num_points': 2}, {'avg_silhouette': 0.0, 'num_points': 1}, {'avg_silhouette': 0.16075791845026105, 'num_points': 2}, {'avg_silhouette': 0.112171739958917, 'num_points': 4}, {'avg_silhouette': 0.0, 'num_points': 1}, {'avg_silhouette': 0.0, 'num_points': 1}, {'avg_silhouette': 0.3675612516816458, 'num_points': 4}, {'avg_silhouette': 0.3697564988912135, 'num_points': 6}, {'avg_silhouette': -0.04468540938917599, 'num_points': 7}, {'avg_silhouette': 0.0, 'num_points': 1}, {'avg_silhouette': 0.0, 'num_points': 1}, {'avg_silhouette': 0.030901838478060453, 'num_points': 50}, {'avg_silhouette': 0.11360735566920459, 'num_points': 5}, {'avg_silhouette': 0.02357919116371447, 'num_points': 24}, {'avg_silhouette': 0.27874770991200043, 'num_points': 3}, {'avg_silhouette': 0.0, 'num_points': 1}, {'avg_silhouette': 0.0, 'num_points': 1}, {'avg_silhouette': 0.2011388055005424, 'num_points': 5}, {'avg_silhouette': 0.8344271211264012, 'num_points': 4}, {'avg_silhouette': 0.8429498618975223, 'num_points': 4}, {'avg_silhouette': 0.0, 'num_points': 1}, {'avg_silhouette': 0.0, 'num_points': 1}, {'avg_silhouette': 0.0, 'num_points': 1}, {'avg_silhouette': 0.0, 'num_points': 1}]",,38,0.32030006100984565,,4,0.32504620915905863
K-means,,,"[{'avg_silhouette': 0.0, 'num_points': 1}, {'avg_silhouette': 0.22253938838977044, 'num_points': 8}, {'avg_silhouette': -0.0026199951331241644, 'num_points': 8}, {'avg_silhouette': 0.716341844066131, 'num_points': 38}, {'avg_silhouette': 0.5817271477856975, 'num_points': 87}, {'avg_silhouette': 0.17456225108531664, 'num_points': 2}, {'avg_silhouette': 0.08222655157721442, 'num_points': 2}, {'avg_silhouette': 0.416487444254228, 'num_points': 5}, {'avg_silhouette': -0.15148357207150445, 'num_points': 7}, {'avg_silhouette': 0.2127742862551761, 'num_points': 6}, {'avg_silhouette': 0.020849307882469286, 'num_points': 13}, {'avg_silhouette': 0.8066425899818119, 'num_points': 16}, {'avg_silhouette': 0.3486773937443012, 'num_points': 11}, {'avg_silhouette': 0.3182282020667315, 'num_points': 2}, {'avg_silhouette': 0.043889933567258566, 'num_points': 4}, {'avg_silhouette': 0.23999768597018248, 'num_points': 2}, {'avg_silhouette': 0.0, 'num_points': 1}, {'avg_silhouette': 0.0, 'num_points': 1}, {'avg_silhouette': 0.0, 'num_points': 1}, {'avg_silhouette': 0.21042962692307343, 'num_points': 15}, {'avg_silhouette': 0.34253281099052046, 'num_points': 2}, {'avg_silhouette': 0.011829432195802781, 'num_points': 4}, {'avg_silhouette': 0.47661937511704483, 'num_points': 3}, {'avg_silhouette': 0.0, 'num_points': 1}, {'avg_silhouette': -0.11849181643149441, 'num_points': 14}, {'avg_silhouette': 0.0, 'num_points': 1}, {'avg_silhouette': -0.0132544194852273, 'num_points': 4}, {'avg_silhouette': 0.0, 'num_points': 1}, {'avg_silhouette': 0.11059427452966591, 'num_points': 8}, {'avg_silhouette': 0.0, 'num_points': 1}, {'avg_silhouette': 0.8350590041092362, 'num_points': 4}, {'avg_silhouette': -0.05087208425805378, 'num_points': 55}, {'avg_silhouette': 0.20248822703692232, 'num_points': 5}, {'avg_silhouette': 0.2800362212717367, 'num_points': 3}]",,34,0.3202203156271447,,3,0.41573230253125826
AGGLC,ward,,"[{'avg_silhouette': -0.1042128095200548, 'num_points': 11}, {'avg_silhouette': -0.15648062628800563, 'num_points': 10}, {'avg_silhouette': 0.005303784660079187, 'num_points': 5}, {'avg_silhouette': 0.17473612903315577, 'num_points': 15}, {'avg_silhouette': -0.01421117177001215, 'num_points': 10}, {'avg_silhouette': 0.19272723467252714, 'num_points': 3}, {'avg_silhouette': -0.10004026873297214, 'num_points': 7}, {'avg_silhouette': 0.044014114687648556, 'num_points': 62}, {'avg_silhouette': 0.3459289193231162, 'num_points': 11}, {'avg_silhouette': 0.5048288362389947, 'num_points': 92}, {'avg_silhouette': 0.0896308669527807, 'num_points': 6}, {'avg_silhouette': 0.787742335670477, 'num_points': 36}, {'avg_silhouette': 0.25480869603921796, 'num_points': 19}, {'avg_silhouette': 0.8104369543476979, 'num_points': 16}, {'avg_silhouette': 0.2647811135910623, 'num_points': 6}, {'avg_silhouette': 0.2665792472398287, 'num_points': 9}, {'avg_silhouette': 0.12314304945482253, 'num_points': 7}, {'avg_silhouette': 0.34295813619140736, 'num_points': 6}, {'avg_silhouette': 0.20232214568488205, 'num_points': 5}]",,19,0.3192698646791171,,4,0.39784849565908453
K-means,,,"[{'avg_silhouette': -0.017001397560773734, 'num_points': 16}, {'avg_silhouette': 0.3308465437703682, 'num_points': 2}, {'avg_silhouette': 0.3057849039566484, 'num_points': 2}, {'avg_silhouette': 0.0, 'num_points': 1}, {'avg_silhouette': 0.7128909693126877, 'num_points': 38}, {'avg_silhouette': 0.8045804842929085, 'num_points': 16}, {'avg_silhouette': 0.3375045251025625, 'num_points': 11}, {'avg_silhouette': 0.0, 'num_points': 1}, {'avg_silhouette': -0.004638204743126011, 'num_points': 5}, {'avg_silhouette': 0.5972067906733629, 'num_points': 77}, {'avg_silhouette': 0.27874770991200043, 'num_points': 3}, {'avg_silhouette': 0.3593252682976553, 'num_points': 4}, {'avg_silhouette': -0.06700795568888522, 'num_points': 5}, {'avg_silhouette': 0.13235294728232525, 'num_points': 4}, {'avg_silhouette': -0.006025446996197769, 'num_points': 49}, {'avg_silhouette': 0.4535097188830381, 'num_points': 5}, {'avg_silhouette': 0.37866046843794, 'num_points': 2}, {'avg_silhouette': 0.0, 'num_points': 1}, {'avg_silhouette': 0.08031998785776054, 'num_points': 9}, {'avg_silhouette': 0.03869556163932292, 'num_points': 7}, {'avg_silhouette': 0.8412421412679735, 'num_points': 4}, {'avg_silhouette': 0.0, 'num_points': 1}, {'avg_silhouette': 0.32396550423931453, 'num_points': 6}, {'avg_silhouette': 0.2787458946523078, 'num_points': 8}, {'avg_silhouette': 0.0, 'num_points': 1}, {'avg_silhouette': 0.09621211774193564, 'num_points': 5}, {'avg_silhouette': 0.12078672945625524, 'num_points': 3}, {'avg_silhouette': 0.0, 'num_points': 1}, {'avg_silhouette': 0.0, 'num_points': 1}, {'avg_silhouette': 0.028188084875197472, 'num_points': 2}, {'avg_silhouette': 0.0, 'num_points': 1}, {'avg_silhouette': 0.0, 'num_points': 1}, {'avg_silhouette': 0.012930817123267114, 'num_points': 18}, {'avg_silhouette': 0.0, 'num_points': 1}, {'avg_silhouette': 0.48531733468961463, 'num_points': 3}, {'avg_silhouette': 0.1983122424357196, 'num_points': 5}, {'avg_silhouette': -0.09981364917010287, 'num_points': 12}, {'avg_silhouette': 0.06995002126712896, 'num_points': 4}, {'avg_silhouette': 0.0, 'num_points': 1}]",,39,0.3185440009810846,,4,0.32925078252828
K-means,,,"[{'avg_silhouette': 0.0, 'num_points': 1}, {'avg_silhouette': 0.5718957921003197, 'num_points': 89}, {'avg_silhouette': 0.27687060728850416, 'num_points': 7}, {'avg_silhouette': 0.0260262766437443, 'num_points': 7}, {'avg_silhouette': 0.0, 'num_points': 1}, {'avg_silhouette': 0.0, 'num_points': 1}, {'avg_silhouette': 0.24632459505226612, 'num_points': 3}, {'avg_silhouette': 0.68374094418837, 'num_points': 39}, {'avg_silhouette': -0.04238569840824205, 'num_points': 17}, {'avg_silhouette': 0.808140110733185, 'num_points': 16}, {'avg_silhouette': 0.3011551913674899, 'num_points': 2}, {'avg_silhouette': 0.1868155026376166, 'num_points': 6}, {'avg_silhouette': 0.0940225945007713, 'num_points': 4}, {'avg_silhouette': 0.018899453793724215, 'num_points': 26}, {'avg_silhouette': 0.4535097188830381, 'num_points': 5}, {'avg_silhouette': -0.03768703376346535, 'num_points': 61}, {'avg_silhouette': 0.3576998757608439, 'num_points': 11}, {'avg_silhouette': 0.2629687771322657, 'num_points': 3}, {'avg_silhouette': 0.0, 'num_points': 1}, {'avg_silhouette': -0.07125997374940617, 'num_points': 3}, {'avg_silhouette': 0.11486989305799862, 'num_points': 3}, {'avg_silhouette': 0.6749905713064224, 'num_points': 3}, {'avg_silhouette': 0.0, 'num_points': 1}, {'avg_silhouette': 0.37451318714288195, 'num_points': 6}, {'avg_silhouette': 0.3675612516816458, 'num_points': 4}, {'avg_silhouette': 0.0, 'num_points': 1}, {'avg_silhouette': 0.0, 'num_points': 1}, {'avg_silhouette': -0.019325748765612407, 'num_points': 7}, {'avg_silhouette': 0.0, 'num_points': 1}, {'avg_silhouette': -0.05392711008233333, 'num_points': 6}]",,30,0.3134844225182571,,5,0.23889269158214127
AGGLC,ward,,"[{'avg_silhouette': -0.18040728702035588, 'num_points': 15}, {'avg_silhouette': -0.1042128095200548, 'num_points': 11}, {'avg_silhouette': 0.005303784660079187, 'num_points': 5}, {'avg_silhouette': 0.17473612903315577, 'num_points': 15}, {'avg_silhouette': -0.01421117177001215, 'num_points': 10}, {'avg_silhouette': 0.19272723467252714, 'num_points': 3}, {'avg_silhouette': -0.10004026873297214, 'num_points': 7}, {'avg_silhouette': 0.044014114687648556, 'num_points': 62}, {'avg_silhouette': 0.3459289193231162, 'num_points': 11}, {'avg_silhouette': 0.5048288362389947, 'num_points': 92}, {'avg_silhouette': 0.0896308669527807, 'num_points': 6}, {'avg_silhouette': 0.787742335670477, 'num_points': 36}, {'avg_silhouette': 0.25480869603921796, 'num_points': 19}, {'avg_silhouette': 0.8104369543476979, 'num_points': 16}, {'avg_silhouette': 0.2647811135910623, 'num_points': 6}, {'avg_silhouette': 0.2665792472398287, 'num_points': 9}, {'avg_silhouette': 0.12314304945482253, 'num_points': 7}, {'avg_silhouette': 0.34295813619140736, 'num_points': 6}]",,18,0.31286238321825494,,4,0.39784849565908453
K-means,,,"[{'avg_silhouette': 0.5461071020571223, 'num_points': 89}, {'avg_silhouette': -0.021673887638108482, 'num_points': 9}, {'avg_silhouette': 0.7178347799869595, 'num_points': 38}, {'avg_silhouette': -0.014532779484674388, 'num_points': 13}, {'avg_silhouette': 0.533201291855796, 'num_points': 10}, {'avg_silhouette': -0.053512600516990166, 'num_points': 3}, {'avg_silhouette': 0.3220239261239254, 'num_points': 16}, {'avg_silhouette': -0.17404167461598402, 'num_points': 16}, {'avg_silhouette': 0.12328993489446534, 'num_points': 6}, {'avg_silhouette': 0.09374770482117514, 'num_points': 2}, {'avg_silhouette': 0.836211344754065, 'num_points': 4}, {'avg_silhouette': 0.808140110733185, 'num_points': 16}, {'avg_silhouette': 0.5344161263058831, 'num_points': 5}, {'avg_silhouette': 0.010280969960961875, 'num_points': 3}, {'avg_silhouette': 0.34289750813485476, 'num_points': 11}, {'avg_silhouette': 0.13678899541979472, 'num_points': 2}, {'avg_silhouette': -0.08006926099656936, 'num_points': 49}, {'avg_silhouette': 0.0, 'num_points': 1}, {'avg_silhouette': 0.0, 'num_points': 1}, {'avg_silhouette': 0.0, 'num_points': 1}, {'avg_silhouette': 0.41831001716622584, 'num_points': 2}, {'avg_silhouette': 0.0, 'num_points': 1}, {'avg_silhouette': 0.0, 'num_points': 1}, {'avg_silhouette': 0.19867243383305855, 'num_points': 2}, {'avg_silhouette': 0.0, 'num_points': 1}, {'avg_silhouette': 0.19347281097468277, 'num_points': 5}, {'avg_silhouette': 0.21359611437769307, 'num_points': 4}, {'avg_silhouette': -0.06872347978269827, 'num_points': 8}, {'avg_silhouette': -0.05844434733487384, 'num_points': 17}]",,29,0.3112384759397819,,4,0.2813570684281596
K-means,,,"[{'avg_silhouette': 0.7141108137946479, 'num_points': 38}, {'avg_silhouette': 0.5270088224880818, 'num_points': 10}, {'avg_silhouette': -0.14020558772641115, 'num_points': 20}, {'avg_silhouette': 0.22612315105836814, 'num_points': 6}, {'avg_silhouette': -0.01839222346996757, 'num_points': 6}, {'avg_silhouette': 0.627940940723593, 'num_points': 80}, {'avg_silhouette': 0.07231091285725727, 'num_points': 4}, {'avg_silhouette': 0.4535097188830381, 'num_points': 5}, {'avg_silhouette': 0.10092242862682982, 'num_points': 11}, {'avg_silhouette': 0.14925004590663146, 'num_points': 3}, {'avg_silhouette': -0.04014725730042627, 'num_points': 9}, {'avg_silhouette': 0.05206836574229756, 'num_points': 24}, {'avg_silhouette': 0.0, 'num_points': 1}, {'avg_silhouette': 0.4040985671838672, 'num_points': 2}, {'avg_silhouette': 0.363086326262087, 'num_points': 6}, {'avg_silhouette': -0.04585411018013991, 'num_points': 2}, {'avg_silhouette': 0.5186556994805287, 'num_points': 2}, {'avg_silhouette': 0.3267366019765335, 'num_points': 9}, {'avg_silhouette': 0.8055910035093212, 'num_points': 16}, {'avg_silhouette': 0.0, 'num_points': 1}, {'avg_silhouette': 0.3675612516816458, 'num_points': 4}, {'avg_silhouette': 0.0, 'num_points': 1}, {'avg_silhouette': 0.03336020105286616, 'num_points': 8}, {'avg_silhouette': 0.0, 'num_points': 1}, {'avg_silhouette': -0.09320548150289953, 'num_points': 56}, {'avg_silhouette': 0.19045317388030208, 'num_points': 5}, {'avg_silhouette': 0.0, 'num_points': 1}, {'avg_silhouette': 0.024655377245373172, 'num_points': 5}]",,28,0.3078643420524765,,5,0.23214181020624558
K-means,,,"[{'avg_silhouette': 0.578888931726326, 'num_points': 90}, {'avg_silhouette': 0.14905478238420963, 'num_points': 3}, {'avg_silhouette': 0.034528502546850755, 'num_points': 2}, {'avg_silhouette': 0.6842822930076647, 'num_points': 39}, {'avg_silhouette': 0.0, 'num_points': 1}, {'avg_silhouette': 0.23649794039381355, 'num_points': 3}, {'avg_silhouette': 0.05313836468056284, 'num_points': 6}, {'avg_silhouette': -0.060066300685432165, 'num_points': 76}, {'avg_silhouette': 0.0, 'num_points': 1}, {'avg_silhouette': 0.024655377245373172, 'num_points': 5}, {'avg_silhouette': 0.8086176472675365, 'num_points': 16}, {'avg_silhouette': 0.0, 'num_points': 1}, {'avg_silhouette': 0.4535097188830381, 'num_points': 5}, {'avg_silhouette': 0.04213877754510053, 'num_points': 25}, {'avg_silhouette': 0.3481115661888227, 'num_points': 11}, {'avg_silhouette': 0.09376108253815177, 'num_points': 5}, {'avg_silhouette': -0.14338197965348431, 'num_points': 9}, {'avg_silhouette': 0.0, 'num_points': 1}, {'avg_silhouette': 0.2561103705344554, 'num_points': 5}, {'avg_silhouette': 0.03226092404084309, 'num_points': 2}, {'avg_silhouette': 0.3815100328253437, 'num_points': 2}, {'avg_silhouette': 0.05055662722999485, 'num_points': 3}, {'avg_silhouette': 0.3675612516816458, 'num_points': 4}, {'avg_silhouette': 0.15461097934961351, 'num_points': 3}, {'avg_silhouette': 0.0, 'num_points': 1}, {'avg_silhouette': 0.0, 'num_points': 1}, {'avg_silhouette': 0.0, 'num_points': 1}, {'avg_silhouette': 0.0, 'num_points': 1}, {'avg_silhouette': 0.16285369195354252, 'num_points': 3}, {'avg_silhouette': 0.13663665094530836, 'num_points': 4}, {'avg_silhouette': 0.37264407006761563, 'num_points': 6}, {'avg_silhouette': 0.0, 'num_points': 1}]",,32,0.30541995709654995,,4,0.3113109253984148
K-means,,,"[{'avg_silhouette': 0.3538721706898066, 'num_points': 11}, {'avg_silhouette': 0.09839472868192718, 'num_points': 5}, {'avg_silhouette': 0.5912543323087336, 'num_points': 89}, {'avg_silhouette': 0.6836865808039868, 'num_points': 39}, {'avg_silhouette': 0.02042962038848818, 'num_points': 8}, {'avg_silhouette': 0.049039210873903706, 'num_points': 2}, {'avg_silhouette': 0.11949459724688379, 'num_points': 3}, {'avg_silhouette': 0.04812228920738372, 'num_points': 5}, {'avg_silhouette': -0.09617964189754986, 'num_points': 4}, {'avg_silhouette': -0.06946580017665467, 'num_points': 78}, {'avg_silhouette': 0.8080681310126868, 'num_points': 16}, {'avg_silhouette': 0.0, 'num_points': 1}, {'avg_silhouette': 0.4535097188830381, 'num_points': 5}, {'avg_silhouette': -0.03997831601269649, 'num_points': 8}, {'avg_silhouette': 0.022950310234462167, 'num_points': 5}, {'avg_silhouette': 0.2097953833918679, 'num_points': 6}, {'avg_silhouette': 0.07277302646714572, 'num_points': 24}, {'avg_silhouette': 0.3675612516816458, 'num_points': 4}, {'avg_silhouette': 0.28832381358091325, 'num_points': 3}, {'avg_silhouette': 0.12309980949515105, 'num_points': 3}, {'avg_silhouette': 0.11267543264841717, 'num_points': 5}, {'avg_silhouette': -0.044164802649705154, 'num_points': 2}, {'avg_silhouette': 0.3674930647309554, 'num_points': 6}, {'avg_silhouette': 0.0, 'num_points': 1}, {'avg_silhouette': 0.0, 'num_points': 1}, {'avg_silhouette': 0.0, 'num_points': 1}, {'avg_silhouette': 0.0, 'num_points': 1}]",,27,0.3038956841090152,,4,0.3195620348508029
AGGLC,ward,,"[{'avg_silhouette': 0.08477847951432846, 'num_points': 25}, {'avg_silhouette': -0.09990944696578388, 'num_points': 11}, {'avg_silhouette': -0.17391558768799398, 'num_points': 15}, {'avg_silhouette': 0.17473612903315577, 'num_points': 15}, {'avg_silhouette': 0.010589831333217415, 'num_points': 10}, {'avg_silhouette': 0.005303784660079187, 'num_points': 5}, {'avg_silhouette': -0.08661107915714403, 'num_points': 7}, {'avg_silhouette': 0.044014114687648556, 'num_points': 62}, {'avg_silhouette': 0.3557304369706876, 'num_points': 11}, {'avg_silhouette': 0.507923012720416, 'num_points': 92}, {'avg_silhouette': 0.0896308669527807, 'num_points': 6}, {'avg_silhouette': 0.787742335670477, 'num_points': 36}, {'avg_silhouette': 0.19272723467252714, 'num_points': 3}, {'avg_silhouette': 0.8104369543476979, 'num_points': 16}, {'avg_silhouette': 0.2647811135910623, 'num_points': 6}, {'avg_silhouette': 0.28846028178352967, 'num_points': 9}, {'avg_silhouette': 0.12314304945482253, 'num_points': 7}]",,17,0.30184001721652126,,4,0.35611448564821746
K-means,,,"[{'avg_silhouette': 0.028878748210176584, 'num_points': 9}, {'avg_silhouette': -0.06139323338378285, 'num_points': 64}, {'avg_silhouette': 0.1283323093766301, 'num_points': 4}, {'avg_silhouette': 0.7226453497183057, 'num_points': 58}, {'avg_silhouette': 0.1726825422316088, 'num_points': 6}, {'avg_silhouette': 0.7095264342201844, 'num_points': 38}, {'avg_silhouette': 0.32486913811908574, 'num_points': 11}, {'avg_silhouette': 0.7994062882131675, 'num_points': 16}, {'avg_silhouette': 0.0, 'num_points': 1}, {'avg_silhouette': 0.4535097188830381, 'num_points': 5}, {'avg_silhouette': 0.37009653790995134, 'num_points': 2}, {'avg_silhouette': 0.26264842704154123, 'num_points': 2}, {'avg_silhouette': 0.0, 'num_points': 1}, {'avg_silhouette': 0.0, 'num_points': 1}, {'avg_silhouette': -0.09234580072708544, 'num_points': 2}, {'avg_silhouette': 0.11125901372667246, 'num_points': 3}, {'avg_silhouette': 0.3279332126506205, 'num_points': 2}, {'avg_silhouette': -0.0904913028833287, 'num_points': 5}, {'avg_silhouette': 0.0, 'num_points': 1}, {'avg_silhouette': 0.3263622368052645, 'num_points': 6}, {'avg_silhouette': 0.27874770991200043, 'num_points': 3}, {'avg_silhouette': 0.0, 'num_points': 1}, {'avg_silhouette': 0.0, 'num_points': 1}, {'avg_silhouette': 0.17713216777314164, 'num_points': 3}, {'avg_silhouette': 0.0, 'num_points': 1}, {'avg_silhouette': 0.0, 'num_points': 1}, {'avg_silhouette': 0.0, 'num_points': 1}, {'avg_silhouette': 0.053870802403634774, 'num_points': 4}, {'avg_silhouette': 0.18792003811094832, 'num_points': 5}, {'avg_silhouette': 0.830404283992941, 'num_points': 4}, {'avg_silhouette': 0.0, 'num_points': 1}, {'avg_silhouette': 0.3646087503261064, 'num_points': 4}, {'avg_silhouette': -0.178816829746358, 'num_points': 7}, {'avg_silhouette': -0.0827694145939761, 'num_points': 4}, {'avg_silhouette': 0.265211720591104, 'num_points': 17}, {'avg_silhouette': 0.07182142064226008, 'num_points': 4}, {'avg_silhouette': 0.0, 'num_points': 1}, {'avg_silhouette': 0.045487068723965775, 'num_points': 4}, {'avg_silhouette': -0.01924467903300397, 'num_points': 26}, {'avg_silhouette': 0.6621035456805183, 'num_points': 3}, {'avg_silhouette': 0.07123566471779731, 'num_points': 3}, {'avg_silhouette': 0.0, 'num_points': 1}]",,42,0.30166916186454235,,5,0.3233491184225615
K-means,,,"[{'avg_silhouette': 0.19125136393022849, 'num_points': 7}, {'avg_silhouette': -0.0692102662545378, 'num_points': 66}, {'avg_silhouette': 0.0, 'num_points': 1}, {'avg_silhouette': 0.11757923765036395, 'num_points': 6}, {'avg_silhouette': 0.17636478257653784, 'num_points': 6}, {'avg_silhouette': 0.8049109734131845, 'num_points': 16}, {'avg_silhouette': 0.7145984349067034, 'num_points': 38}, {'avg_silhouette': 0.0, 'num_points': 1}, {'avg_silhouette': 0.6581371120168616, 'num_points': 79}, {'avg_silhouette': 0.04191754738662108, 'num_points': 5}, {'avg_silhouette': 0.0, 'num_points': 1}, {'avg_silhouette': 0.14543475370388836, 'num_points': 5}, {'avg_silhouette': -0.1589127070357923, 'num_points': 7}, {'avg_silhouette': 0.3714459419017931, 'num_points': 2}, {'avg_silhouette': 0.0, 'num_points': 1}, {'avg_silhouette': 0.193649858738205, 'num_points': 18}, {'avg_silhouette': 0.0, 'num_points': 1}, {'avg_silhouette': 0.0, 'num_points': 1}, {'avg_silhouette': 0.0, 'num_points': 1}, {'avg_silhouette': -0.008642916555803761, 'num_points': 8}, {'avg_silhouette': 0.0, 'num_points': 1}, {'avg_silhouette': 0.0, 'num_points': 1}, {'avg_silhouette': 0.0, 'num_points': 1}, {'avg_silhouette': 0.03948473846854209, 'num_points': 7}, {'avg_silhouette': 0.8418353726606101, 'num_points': 4}, {'avg_silhouette': 0.006279357256402093, 'num_points': 4}, {'avg_silhouette': 0.0, 'num_points': 1}, {'avg_silhouette': 0.3966016682480258, 'num_points': 4}, {'avg_silhouette': -0.10892181071249553, 'num_points': 24}, {'avg_silhouette': 0.3429025298138864, 'num_points': 11}, {'avg_silhouette': 0.0, 'num_points': 1}, {'avg_silhouette': 0.04740056747169683, 'num_points': 6}, {'avg_silhouette': 0.0, 'num_points': 1}]",,33,0.3013154141337533,,5,0.2776506657389473
K-means,,,"[{'avg_silhouette': -0.09132895270744161, 'num_points': 82}, {'avg_silhouette': 0.024536761953454323, 'num_points': 11}, {'avg_silhouette': 0.08851687526514385, 'num_points': 7}, {'avg_silhouette': 0.6841768102817195, 'num_points': 39}, {'avg_silhouette': 0.1549134379772472, 'num_points': 11}, {'avg_silhouette': 0.8086176472675365, 'num_points': 16}, {'avg_silhouette': 0.4110978825131999, 'num_points': 2}, {'avg_silhouette': 0.232488094781456, 'num_points': 4}, {'avg_silhouette': 0.5919716937546691, 'num_points': 90}, {'avg_silhouette': -0.015375221605242184, 'num_points': 6}, {'avg_silhouette': 0.42191390320635025, 'num_points': 4}, {'avg_silhouette': 0.07725667370142104, 'num_points': 6}, {'avg_silhouette': 0.0, 'num_points': 1}, {'avg_silhouette': 0.0, 'num_points': 1}, {'avg_silhouette': 0.19208727066492096, 'num_points': 7}, {'avg_silhouette': 0.05068236059510735, 'num_points': 25}, {'avg_silhouette': 0.27688995918799103, 'num_points': 13}, {'avg_silhouette': 0.09274149818728974, 'num_points': 2}, {'avg_silhouette': 0.0, 'num_points': 1}, {'avg_silhouette': 0.0, 'num_points': 1}, {'avg_silhouette': 0.3714786361464131, 'num_points': 6}, {'avg_silhouette': 0.0, 'num_points': 1}]",,22,0.29892712280075934,,4,0.3088754779810136
AGGLC,ward,,"[{'avg_silhouette': 0.1840013321661636, 'num_points': 22}, {'avg_silhouette': -0.09434413658925488, 'num_points': 77}, {'avg_silhouette': 0.08833510168751442, 'num_points': 25}, {'avg_silhouette': -0.09885298515595227, 'num_points': 11}, {'avg_silhouette': 0.010589831333217415, 'num_points': 10}, {'avg_silhouette': 0.030507204511803145, 'num_points': 5}, {'avg_silhouette': -0.08661107915714403, 'num_points': 7}, {'avg_silhouette': 0.28846028178352967, 'num_points': 9}, {'avg_silhouette': 0.3557304369706876, 'num_points': 11}, {'avg_silhouette': 0.5607392724546627, 'num_points': 92}, {'avg_silhouette': 0.13717960923272243, 'num_points': 6}, {'avg_silhouette': 0.787853917788079, 'num_points': 36}, {'avg_silhouette': 0.20461535063483396, 'num_points': 3}, {'avg_silhouette': 0.8104369543476979, 'num_points': 16}, {'avg_silhouette': 0.265125276018733, 'num_points': 6}]",,15,0.2976526201174169,,5,0.30531709750143293
K-means,,,"[{'avg_silhouette': 0.29815509559095293, 'num_points': 176}, {'avg_silhouette': 0.11671946980986402, 'num_points': 22}, {'avg_silhouette': 0.7423296703845705, 'num_points': 17}, {'avg_silhouette': 0.12715272494937202, 'num_points': 8}, {'avg_silhouette': 0.3219225586492222, 'num_points': 3}, {'avg_silhouette': 0.720841981326382, 'num_points': 38}, {'avg_silhouette': 0.07763044811478917, 'num_points': 4}, {'avg_silhouette': 0.1529424091545569, 'num_points': 5}, {'avg_silhouette': 0.0019321645497969906, 'num_points': 37}, {'avg_silhouette': 0.04129157597241309, 'num_points': 16}, {'avg_silhouette': 0.12877884531455297, 'num_points': 9}, {'avg_silhouette': 0.0, 'num_points': 1}]",,12,0.2976312889055702,,5,0.3759956763323133
K-means,,,"[{'avg_silhouette': 0.5763839052777477, 'num_points': 90}, {'avg_silhouette': 0.15791180969029248, 'num_points': 2}, {'avg_silhouette': 0.26580337545016536, 'num_points': 2}, {'avg_silhouette': 0.0, 'num_points': 1}, {'avg_silhouette': 0.8086176472675365, 'num_points': 16}, {'avg_silhouette': 0.6838330788980311, 'num_points': 39}, {'avg_silhouette': 0.0, 'num_points': 1}, {'avg_silhouette': -0.03377761578816167, 'num_points': 30}, {'avg_silhouette': -0.0017950524374636262, 'num_points': 5}, {'avg_silhouette': 0.06630709528886876, 'num_points': 7}, {'avg_silhouette': -0.10850287000697346, 'num_points': 26}, {'avg_silhouette': 0.03035396341377561, 'num_points': 12}, {'avg_silhouette': 0.0, 'num_points': 1}, {'avg_silhouette': 0.1887957992532575, 'num_points': 3}, {'avg_silhouette': -0.09927039483351492, 'num_points': 3}, {'avg_silhouette': 0.5431080083830748, 'num_points': 5}, {'avg_silhouette': 0.361357171839382, 'num_points': 11}, {'avg_silhouette': -0.010503941608385145, 'num_points': 3}, {'avg_silhouette': -0.03132963580521964, 'num_points': 3}, {'avg_silhouette': 0.0, 'num_points': 1}, {'avg_silhouette': 0.021802315979931115, 'num_points': 6}, {'avg_silhouette': -0.003284241240348065, 'num_points': 54}, {'avg_silhouette': 0.37949761902434287, 'num_points': 6}, {'avg_silhouette': 0.32128537391014256, 'num_points': 2}, {'avg_silhouette': 0.11288833186118932, 'num_points': 7}]",,25,0.29705701552862607,,5,0.22293045142805915
AGGLC,ward,,"[{'avg_silhouette': -0.03478874229671576, 'num_points': 17}, {'avg_silhouette': 0.1885113705322455, 'num_points': 22}, {'avg_silhouette': 0.08833510168751442, 'num_points': 25}, {'avg_silhouette': -0.09434413658925488, 'num_points': 77}, {'avg_silhouette': 0.010589831333217415, 'num_points': 10}, {'avg_silhouette': 0.03485129896057901, 'num_points': 5}, {'avg_silhouette': -0.08661107915714403, 'num_points': 7}, {'avg_silhouette': 0.28846028178352967, 'num_points': 9}, {'avg_silhouette': 0.3557304369706876, 'num_points': 11}, {'avg_silhouette': 0.5607392724546627, 'num_points': 92}, {'avg_silhouette': 0.13717960923272243, 'num_points': 6}, {'avg_silhouette': 0.787853917788079, 'num_points': 36}, {'avg_silhouette': 0.20461535063483396, 'num_points': 3}, {'avg_silhouette': 0.8104369543476979, 'num_points': 16}]",,14,0.2947542983253234,,6,0.24938446392942182
AGGLC,ward,,"[{'avg_silhouette': -0.09434413658925488, 'num_points': 77}, {'avg_silhouette': -0.09885298515595227, 'num_points': 11}, {'avg_silhouette': 0.08833510168751442, 'num_points': 25}, {'avg_silhouette': 0.17473612903315577, 'num_points': 15}, {'avg_silhouette': 0.010589831333217415, 'num_points': 10}, {'avg_silhouette': 0.005303784660079187, 'num_points': 5}, {'avg_silhouette': -0.08661107915714403, 'num_points': 7}, {'avg_silhouette': 0.12314304945482253, 'num_points': 7}, {'avg_silhouette': 0.3557304369706876, 'num_points': 11}, {'avg_silhouette': 0.5607392724546627, 'num_points': 92}, {'avg_silhouette': 0.0896308669527807, 'num_points': 6}, {'avg_silhouette': 0.787853917788079, 'num_points': 36}, {'avg_silhouette': 0.19272723467252714, 'num_points': 3}, {'avg_silhouette': 0.8104369543476979, 'num_points': 16}, {'avg_silhouette': 0.2647811135910623, 'num_points': 6}, {'avg_silhouette': 0.28846028178352967, 'num_points': 9}]",,16,0.29463468886335226,,4,0.33564603883525035
K-means,,,"[{'avg_silhouette': 0.03183549725235988, 'num_points': 26}, {'avg_silhouette': 0.28018114252478, 'num_points': 2}, {'avg_silhouette': 0.6769848389533528, 'num_points': 39}, {'avg_silhouette': -0.010295973520785297, 'num_points': 4}, {'avg_silhouette': 0.0, 'num_points': 1}, {'avg_silhouette': 0.27303399025334435, 'num_points': 2}, {'avg_silhouette': 0.03538504360296959, 'num_points': 7}, {'avg_silhouette': -0.06113701169197994, 'num_points': 66}, {'avg_silhouette': 0.007209090955803503, 'num_points': 6}, {'avg_silhouette': 0.4535097188830381, 'num_points': 5}, {'avg_silhouette': 0.3293129144632893, 'num_points': 11}, {'avg_silhouette': 0.12708732652001953, 'num_points': 4}, {'avg_silhouette': 0.0, 'num_points': 1}, {'avg_silhouette': 0.6225676223041745, 'num_points': 62}, {'avg_silhouette': 0.1647489215119247, 'num_points': 20}, {'avg_silhouette': 0.8024327082127322, 'num_points': 16}, {'avg_silhouette': 0.0, 'num_points': 1}, {'avg_silhouette': 0.3147420171241637, 'num_points': 2}, {'avg_silhouette': 0.0, 'num_points': 1}, {'avg_silhouette': 0.0, 'num_points': 1}, {'avg_silhouette': 0.26938016451162483, 'num_points': 5}, {'avg_silhouette': 0.34151206529670536, 'num_points': 6}, {'avg_silhouette': 0.3011551913674899, 'num_points': 2}, {'avg_silhouette': 0.0, 'num_points': 1}, {'avg_silhouette': 0.0, 'num_points': 1}, {'avg_silhouette': 0.8412636740179291, 'num_points': 4}, {'avg_silhouette': 0.023067376878857657, 'num_points': 2}, {'avg_silhouette': 0.0, 'num_points': 1}, {'avg_silhouette': 0.0, 'num_points': 1}, {'avg_silhouette': -0.03391886719959292, 'num_points': 4}, {'avg_silhouette': 0.0, 'num_points': 1}, {'avg_silhouette': 0.12510342305790756, 'num_points': 3}, {'avg_silhouette': 0.030720688979424378, 'num_points': 4}, {'avg_silhouette': 0.0, 'num_points': 1}, {'avg_silhouette': 0.0, 'num_points': 1}, {'avg_silhouette': 0.09989078072962362, 'num_points': 2}, {'avg_silhouette': 0.0, 'num_points': 1}, {'avg_silhouette': 0.2543838990733239, 'num_points': 2}, {'avg_silhouette': 0.4819831832190677, 'num_points': 3}, {'avg_silhouette': 0.3675612516816458, 'num_points': 4}, {'avg_silhouette': 0.0, 'num_points': 1}, {'avg_silhouette': 0.0, 'num_points': 1}, {'avg_silhouette': 0.0, 'num_points': 1}, {'avg_silhouette': 0.07598170894578737, 'num_points': 3}, {'avg_silhouette': 0.0, 'num_points': 1}, {'avg_silhouette': 0.14905478238420963, 'num_points': 3}]",,46,0.29280966497028704,,5,0.2869999736659664
K-means,,,"[{'avg_silhouette': 0.6781068126374128, 'num_points': 39}, {'avg_silhouette': 0.02129111452004736, 'num_points': 13}, {'avg_silhouette': -0.16950372376477632, 'num_points': 22}, {'avg_silhouette': -0.06790512261424608, 'num_points': 72}, {'avg_silhouette': 0.8038751309300626, 'num_points': 16}, {'avg_silhouette': -0.00543016408804523, 'num_points': 5}, {'avg_silhouette': 0.09551454831797765, 'num_points': 5}, {'avg_silhouette': 0.4298486224103886, 'num_points': 2}, {'avg_silhouette': 0.017625385490578124, 'num_points': 23}, {'avg_silhouette': 0.24438571382135005, 'num_points': 10}, {'avg_silhouette': 0.11176737226703365, 'num_points': 3}, {'avg_silhouette': 0.16636923043639482, 'num_points': 11}, {'avg_silhouette': 0.34262559996791725, 'num_points': 11}, {'avg_silhouette': 0.19075384357376335, 'num_points': 4}, {'avg_silhouette': 0.3695570518646952, 'num_points': 6}, {'avg_silhouette': 0.0, 'num_points': 1}, {'avg_silhouette': 0.14905478238420963, 'num_points': 3}, {'avg_silhouette': 0.6780532429793025, 'num_points': 78}, {'avg_silhouette': 0.08601073355802179, 'num_points': 10}, {'avg_silhouette': 0.0, 'num_points': 1}, {'avg_silhouette': 0.0, 'num_points': 1}]",,21,0.29236931329692667,,5,0.22727531894565417
HDBSCAN,,,"[{'avg_silhouette': 0.24230691820766262, 'num_points': 17}, {'avg_silhouette': 0.49822487620066674, 'num_points': 3}, {'avg_silhouette': 0.416487444254228, 'num_points': 5}, {'avg_silhouette': 0.4981815929313346, 'num_points': 3}, {'avg_silhouette': 0.619351410345297, 'num_points': 3}, {'avg_silhouette': 0.6075783847402788, 'num_points': 3}, {'avg_silhouette': 0.3443301737058667, 'num_points': 5}, {'avg_silhouette': 0.8161978501285979, 'num_points': 4}, {'avg_silhouette': 0.5716475444697119, 'num_points': 3}, {'avg_silhouette': 0.8889799600214849, 'num_points': 3}, {'avg_silhouette': 0.791072941704815, 'num_points': 16}, {'avg_silhouette': 0.806158659622439, 'num_points': 4}, {'avg_silhouette': 1.0, 'num_points': 5}, {'avg_silhouette': 0.8572388497432515, 'num_points': 7}, {'avg_silhouette': 1.0, 'num_points': 13}, {'avg_silhouette': 0.8001343896405363, 'num_points': 5}, {'avg_silhouette': 0.40669310990302554, 'num_points': 4}, {'avg_silhouette': 0.4231077959095669, 'num_points': 3}, {'avg_silhouette': 0.43977221845109626, 'num_points': 4}, {'avg_silhouette': 0.6403949744649846, 'num_points': 5}, {'avg_silhouette': 0.46114125619129226, 'num_points': 9}, {'avg_silhouette': 0.47159303194483115, 'num_points': 4}, {'avg_silhouette': 0.5162769707832789, 'num_points': 4}, {'avg_silhouette': 0.5175568812267374, 'num_points': 3}, {'avg_silhouette': 0.9304736953827264, 'num_points': 5}, {'avg_silhouette': 0.40035820757291535, 'num_points': 7}, {'avg_silhouette': 0.35663873771500093, 'num_points': 7}, {'avg_silhouette': 0.7414176169613947, 'num_points': 4}, {'avg_silhouette': 1.0, 'num_points': 4}, {'avg_silhouette': 0.800134389640515, 'num_points': 5}, {'avg_silhouette': 0.6179097338342167, 'num_points': 4}, {'avg_silhouette': 0.48129207053987205, 'num_points': 3}, {'avg_silhouette': 0.568589369249918, 'num_points': 4}, {'avg_silhouette': 0.6707124067331529, 'num_points': 3}, {'avg_silhouette': 0.9375419967626701, 'num_points': 16}, {'avg_silhouette': 1.0, 'num_points': 3}, {'avg_silhouette': 0.8804349682254311, 'num_points': 19}, {'avg_silhouette': 0.7222222222221776, 'num_points': 3}]",,38,0.291854162476179,3.0,2,0.5613709432165469
AGGLC,ward,,"[{'avg_silhouette': -0.10978910174235701, 'num_points': 17}, {'avg_silhouette': -0.03478874229671576, 'num_points': 17}, {'avg_silhouette': 0.08833510168751442, 'num_points': 25}, {'avg_silhouette': -0.09434413658925488, 'num_points': 77}, {'avg_silhouette': 0.1885113705322455, 'num_points': 22}, {'avg_silhouette': 0.03485129896057901, 'num_points': 5}, {'avg_silhouette': 0.8104369543476979, 'num_points': 16}, {'avg_silhouette': 0.28846028178352967, 'num_points': 9}, {'avg_silhouette': 0.3557304369706876, 'num_points': 11}, {'avg_silhouette': 0.5607392724546627, 'num_points': 92}, {'avg_silhouette': 0.13717960923272243, 'num_points': 6}, {'avg_silhouette': 0.787853917788079, 'num_points': 36}, {'avg_silhouette': 0.20461535063483396, 'num_points': 3}]",,13,0.29068871651326317,,7,0.19807395454773916
DBSCAN,,1.0733756729740642,"[{'avg_silhouette': 0.4188598904408778, 'num_points': 246}, {'avg_silhouette': 0.575482785061436, 'num_points': 5}]",5.0,2,0.2888595827422174,,1,
DBSCAN,,1.0633756729740642,"[{'avg_silhouette': 0.4188598904408778, 'num_points': 246}, {'avg_silhouette': 0.575482785061436, 'num_points': 5}]",5.0,2,0.2888595827422174,,1,
DBSCAN,,1.0533756729740642,"[{'avg_silhouette': 0.42092528752132596, 'num_points': 245}, {'avg_silhouette': 0.5751915433723964, 'num_points': 5}]",5.0,2,0.28885862103226206,,1,
AGGLC,ward,,"[{'avg_silhouette': -0.04671052536700492, 'num_points': 8}, {'avg_silhouette': -0.03303820803581585, 'num_points': 17}, {'avg_silhouette': -0.10978910174235701, 'num_points': 17}, {'avg_silhouette': -0.09434413658925488, 'num_points': 77}, {'avg_silhouette': 0.19574977399872695, 'num_points': 22}, {'avg_silhouette': 0.08833510168751442, 'num_points': 25}, {'avg_silhouette': 0.8104369543476979, 'num_points': 16}, {'avg_silhouette': 0.28846028178352967, 'num_points': 9}, {'avg_silhouette': 0.3557304369706876, 'num_points': 11}, {'avg_silhouette': 0.5607392724546627, 'num_points': 92}, {'avg_silhouette': 0.13717960923272243, 'num_points': 6}, {'avg_silhouette': 0.787853917788079, 'num_points': 36}]",,12,0.2877935296354491,,7,0.1993580885087936
DBSCAN,,1.0433756729740642,"[{'avg_silhouette': 0.422321339164549, 'num_points': 244}, {'avg_silhouette': 0.5750808977430805, 'num_points': 5}]",5.0,2,0.2875290501567964,,1,
DBSCAN,,1.0333756729740642,"[{'avg_silhouette': 0.422321339164549, 'num_points': 244}, {'avg_silhouette': 0.5750808977430805, 'num_points': 5}]",5.0,2,0.2875290501567964,,1,
K-means,,,"[{'avg_silhouette': 0.006590448076250909, 'num_points': 28}, {'avg_silhouette': 0.6842822930076647, 'num_points': 39}, {'avg_silhouette': 0.04978079894702768, 'num_points': 8}, {'avg_silhouette': 0.0, 'num_points': 1}, {'avg_silhouette': 0.8086176472675365, 'num_points': 16}, {'avg_silhouette': 0.022641826306482482, 'num_points': 8}, {'avg_silhouette': 0.04756310588382957, 'num_points': 9}, {'avg_silhouette': 0.29773982860688886, 'num_points': 9}, {'avg_silhouette': 0.019906846860521576, 'num_points': 3}, {'avg_silhouette': 0.04664539218732736, 'num_points': 7}, {'avg_silhouette': 0.5918816238528839, 'num_points': 90}, {'avg_silhouette': 0.11054768903535697, 'num_points': 8}, {'avg_silhouette': 0.35911313436332065, 'num_points': 11}, {'avg_silhouette': 0.06183245315241857, 'num_points': 7}, {'avg_silhouette': -0.09220535292777707, 'num_points': 84}, {'avg_silhouette': 0.18635397059784187, 'num_points': 3}, {'avg_silhouette': 0.030813870354413585, 'num_points': 5}]",,17,0.2838912230797325,,4,0.29763725300225563
K-means,,,"[{'avg_silhouette': 0.3217318932260446, 'num_points': 187}, {'avg_silhouette': 0.14921226575086036, 'num_points': 34}, {'avg_silhouette': 0.40657982772638374, 'num_points': 6}, {'avg_silhouette': 0.0808283413483378, 'num_points': 9}, {'avg_silhouette': 0.0581883284000237, 'num_points': 9}, {'avg_silhouette': 0.0003029818832011681, 'num_points': 12}, {'avg_silhouette': 0.6993946832862612, 'num_points': 39}, {'avg_silhouette': -0.021377920047811312, 'num_points': 40}]",,8,0.2837875645587598,,4,0.28724023055383874
K-means,,,"[{'avg_silhouette': -0.1809377088412479, 'num_points': 17}, {'avg_silhouette': -0.012213213794534106, 'num_points': 13}, {'avg_silhouette': 0.6795354032116608, 'num_points': 39}, {'avg_silhouette': -0.06689650373586188, 'num_points': 73}, {'avg_silhouette': 0.2707467106213997, 'num_points': 13}, {'avg_silhouette': 0.6486169577780444, 'num_points': 82}, {'avg_silhouette': 0.8051444653784705, 'num_points': 16}, {'avg_silhouette': -0.0053419652711320514, 'num_points': 2}, {'avg_silhouette': 0.12292053330153761, 'num_points': 8}, {'avg_silhouette': 0.08560126803170881, 'num_points': 10}, {'avg_silhouette': -0.11713764580473401, 'num_points': 2}, {'avg_silhouette': 0.04288897329696342, 'num_points': 26}, {'avg_silhouette': 0.0, 'num_points': 1}, {'avg_silhouette': 0.0, 'num_points': 1}, {'avg_silhouette': 0.16658437230221185, 'num_points': 5}, {'avg_silhouette': 0.0946946202036605, 'num_points': 13}, {'avg_silhouette': 0.2087576395861611, 'num_points': 3}, {'avg_silhouette': 0.16030888451423403, 'num_points': 11}, {'avg_silhouette': 0.0, 'num_points': 1}]",,19,0.28314132722533475,,5,0.22464142434191178
DBSCAN,,1.0233756729740642,"[{'avg_silhouette': 0.4278362491888286, 'num_points': 240}, {'avg_silhouette': 0.5745673154889561, 'num_points': 5}]",5.0,2,0.28213397726829426,,1,
K-means,,,"[{'avg_silhouette': 0.024538128742602253, 'num_points': 10}, {'avg_silhouette': -0.0946261664595644, 'num_points': 69}, {'avg_silhouette': 0.5963264180336519, 'num_points': 89}, {'avg_silhouette': 0.08225637211075325, 'num_points': 2}, {'avg_silhouette': 0.11255363037993955, 'num_points': 4}, {'avg_silhouette': 0.1410567307958883, 'num_points': 3}, {'avg_silhouette': 0.22792637555813278, 'num_points': 9}, {'avg_silhouette': 0.6836916744354712, 'num_points': 39}, {'avg_silhouette': 0.0758994445974189, 'num_points': 7}, {'avg_silhouette': -0.003795202037574311, 'num_points': 31}, {'avg_silhouette': 0.2311121791624434, 'num_points': 6}, {'avg_silhouette': -0.004486529573613576, 'num_points': 22}, {'avg_silhouette': 0.06664645488899258, 'num_points': 2}, {'avg_silhouette': -0.004349547788971071, 'num_points': 2}, {'avg_silhouette': 0.22788566449895903, 'num_points': 2}, {'avg_silhouette': -0.03612171645796478, 'num_points': 12}, {'avg_silhouette': 0.3675612516816458, 'num_points': 4}, {'avg_silhouette': 0.4535097188830381, 'num_points': 5}, {'avg_silhouette': 0.7109304300958742, 'num_points': 17}, {'avg_silhouette': 0.0, 'num_points': 1}]",,20,0.28040049666575273,,6,0.3146734374157076
K-means,,,"[{'avg_silhouette': 0.6781679076335335, 'num_points': 39}, {'avg_silhouette': 0.0, 'num_points': 1}, {'avg_silhouette': 0.0, 'num_points': 1}, {'avg_silhouette': 0.045808039256410554, 'num_points': 26}, {'avg_silhouette': 0.5105914684862491, 'num_points': 10}, {'avg_silhouette': 0.20126358783672543, 'num_points': 2}, {'avg_silhouette': 0.3241580637757796, 'num_points': 13}, {'avg_silhouette': -0.11728678921580726, 'num_points': 63}, {'avg_silhouette': 0.3675612516816458, 'num_points': 4}, {'avg_silhouette': 0.026726004262659024, 'num_points': 5}, {'avg_silhouette': 0.0, 'num_points': 1}, {'avg_silhouette': -0.16703897498710943, 'num_points': 15}, {'avg_silhouette': -0.12091986151107582, 'num_points': 4}, {'avg_silhouette': 0.2227200053564485, 'num_points': 5}, {'avg_silhouette': 0.27874770991200043, 'num_points': 3}, {'avg_silhouette': 0.0, 'num_points': 1}, {'avg_silhouette': 0.004676975312444487, 'num_points': 3}, {'avg_silhouette': 0.0, 'num_points': 1}, {'avg_silhouette': 0.8032487804056145, 'num_points': 16}, {'avg_silhouette': 0.4535097188830381, 'num_points': 5}, {'avg_silhouette': 0.3011551913674899, 'num_points': 2}, {'avg_silhouette': 0.33872576338526633, 'num_points': 11}, {'avg_silhouette': 0.13177773476214147, 'num_points': 4}, {'avg_silhouette': 0.10302134092916268, 'num_points': 2}, {'avg_silhouette': 0.0, 'num_points': 1}, {'avg_silhouette': 0.03950184288662973, 'num_points': 3}, {'avg_silhouette': 0.0, 'num_points': 1}, {'avg_silhouette': 0.0, 'num_points': 1}, {'avg_silhouette': 0.5958998362600296, 'num_points': 63}, {'avg_silhouette': 0.0, 'num_points': 1}, {'avg_silhouette': 0.0, 'num_points': 1}, {'avg_silhouette': 0.0, 'num_points': 1}, {'avg_silhouette': 0.8332634506431024, 'num_points': 4}, {'avg_silhouette': 0.06473346379625412, 'num_points': 5}, {'avg_silhouette': 0.0, 'num_points': 1}, {'avg_silhouette': 0.11277471705331397, 'num_points': 3}, {'avg_silhouette': 0.0, 'num_points': 1}, {'avg_silhouette': 0.0, 'num_points': 1}, {'avg_silhouette': 0.011061103478169002, 'num_points': 5}, {'avg_silhouette': 0.4831173106038973, 'num_points': 3}, {'avg_silhouette': 0.0, 'num_points': 1}, {'avg_silhouette': 0.11176373209919592, 'num_points': 2}, {'avg_silhouette': 0.0, 'num_points': 1}]",,43,0.28010676579757543,,4,0.30064724848354163
K-means,,,"[{'avg_silhouette': -0.052707086260985594, 'num_points': 32}, {'avg_silhouette': 0.047309582349233485, 'num_points': 4}, {'avg_silhouette': -0.10008369218974902, 'num_points': 85}, {'avg_silhouette': 0.240581792105961, 'num_points': 12}, {'avg_silhouette': 0.6842822930076647, 'num_points': 39}, {'avg_silhouette': 0.023563483652927417, 'num_points': 12}, {'avg_silhouette': 0.5957407712239576, 'num_points': 90}, {'avg_silhouette': 0.04590503668492811, 'num_points': 13}, {'avg_silhouette': 0.10189434318246782, 'num_points': 7}, {'avg_silhouette': 0.8086176472675365, 'num_points': 16}, {'avg_silhouette': 0.4226451129707497, 'num_points': 2}, {'avg_silhouette': 0.4224574700830973, 'num_points': 10}, {'avg_silhouette': 0.0, 'num_points': 1}, {'avg_silhouette': 0.08512412104933496, 'num_points': 13}]",,14,0.2794443649266496,,4,0.2818080714452219
K-means,,,"[{'avg_silhouette': -0.06706897582397141, 'num_points': 41}, {'avg_silhouette': 0.30484689588718206, 'num_points': 195}, {'avg_silhouette': 0.027327110476160925, 'num_points': 2}, {'avg_silhouette': 0.0, 'num_points': 1}, {'avg_silhouette': 0.06136287383051318, 'num_points': 12}, {'avg_silhouette': 0.09820977636299973, 'num_points': 7}, {'avg_silhouette': 0.7022934549184588, 'num_points': 39}, {'avg_silhouette': 0.1427146212453418, 'num_points': 23}, {'avg_silhouette': 0.20433144721229704, 'num_points': 3}, {'avg_silhouette': 0.3371503358716372, 'num_points': 13}]",,10,0.27929054633663125,,4,0.2706964990567528
DBSCAN,,1.0133756729740642,"[{'avg_silhouette': 0.4317625293606642, 'num_points': 237}, {'avg_silhouette': 0.5741917626470501, 'num_points': 5}]",5.0,2,0.27746504184032955,,1,
K-means,,,"[{'avg_silhouette': 0.7037047379244934, 'num_points': 39}, {'avg_silhouette': 0.15310607658794967, 'num_points': 7}, {'avg_silhouette': 0.28919153447417933, 'num_points': 205}, {'avg_silhouette': 0.41077870702042135, 'num_points': 6}, {'avg_silhouette': 0.06623401974442912, 'num_points': 15}, {'avg_silhouette': 0.13618829431526872, 'num_points': 28}, {'avg_silhouette': -0.07339449537573939, 'num_points': 36}]",,7,0.27508852627371294,,4,0.26392251783455056
K-means,,,"[{'avg_silhouette': 0.2159419828009474, 'num_points': 11}, {'avg_silhouette': 0.29416118830063415, 'num_points': 195}, {'avg_silhouette': 0.18477745816097524, 'num_points': 8}, {'avg_silhouette': -0.042686822781233064, 'num_points': 16}, {'avg_silhouette': 0.7025776068856987, 'num_points': 39}, {'avg_silhouette': 0.014643539236231903, 'num_points': 38}, {'avg_silhouette': 0.10489596623774405, 'num_points': 6}, {'avg_silhouette': 0.3100925309590562, 'num_points': 7}, {'avg_silhouette': 0.032282538842290015, 'num_points': 16}]",,9,0.2732308015635646,,3,0.3371274448075216
DBSCAN,,1.1433756729740643,"[{'avg_silhouette': 0.40541768074869733, 'num_points': 252}, {'avg_silhouette': 0.5763778597280502, 'num_points': 5}, {'avg_silhouette': 0.47051051649408443, 'num_points': 7}]",5.0,3,0.27014163756417886,,1,
DBSCAN,,1.1333756729740643,"[{'avg_silhouette': 0.40541768074869733, 'num_points': 252}, {'avg_silhouette': 0.5763778597280502, 'num_points': 5}, {'avg_silhouette': 0.47051051649408443, 'num_points': 7}]",5.0,3,0.27014163756417886,,1,
DBSCAN,,1.0033756729740642,"[{'avg_silhouette': 0.43886417278828843, 'num_points': 232}, {'avg_silhouette': 0.5735351417383289, 'num_points': 5}]",5.0,2,0.27009504495954095,,1,
DBSCAN,,1.1233756729740643,"[{'avg_silhouette': 0.4078548761834392, 'num_points': 251}, {'avg_silhouette': 0.5759786501606703, 'num_points': 5}, {'avg_silhouette': 0.4714564599301985, 'num_points': 7}]",5.0,3,0.2697480923590569,,1,
AGGLC,ward,,"[{'avg_silhouette': 0.1383227108932087, 'num_points': 36}, {'avg_silhouette': -0.1274518924119739, 'num_points': 102}, {'avg_silhouette': -0.08422491660036166, 'num_points': 17}, {'avg_silhouette': -0.01775034563370334, 'num_points': 17}, {'avg_silhouette': 0.5663327578743165, 'num_points': 92}, {'avg_silhouette': 0.787853917788079, 'num_points': 36}, {'avg_silhouette': 0.8104369543476979, 'num_points': 16}, {'avg_silhouette': 0.3129835335936007, 'num_points': 9}, {'avg_silhouette': 0.3692111549286612, 'num_points': 11}]",,9,0.2695132906222734,,6,0.21051370531826086
DBSCAN,,1.0933756729740642,"[{'avg_silhouette': 0.4127349971507614, 'num_points': 249}, {'avg_silhouette': 0.5761710909075181, 'num_points': 5}, {'avg_silhouette': 0.4722393626681134, 'num_points': 7}]",5.0,3,0.268577968935931,,1,
AGGLC,ward,,"[{'avg_silhouette': -0.1274518924119739, 'num_points': 102}, {'avg_silhouette': -0.04671052536700492, 'num_points': 8}, {'avg_silhouette': -0.08422491660036166, 'num_points': 17}, {'avg_silhouette': -0.02475127263680698, 'num_points': 17}, {'avg_silhouette': 0.19574977399872695, 'num_points': 22}, {'avg_silhouette': 0.787853917788079, 'num_points': 36}, {'avg_silhouette': 0.8104369543476979, 'num_points': 16}, {'avg_silhouette': 0.3129835335936007, 'num_points': 9}, {'avg_silhouette': 0.3692111549286612, 'num_points': 11}, {'avg_silhouette': 0.5663327578743165, 'num_points': 92}, {'avg_silhouette': 0.13717960923272243, 'num_points': 6}]",,11,0.2684932166021068,,6,0.21891806133532998
DBSCAN,,1.1133756729740643,"[{'avg_silhouette': 0.40907176056611205, 'num_points': 250}, {'avg_silhouette': 0.5757311909270445, 'num_points': 5}, {'avg_silhouette': 0.47224012589768366, 'num_points': 7}]",5.0,3,0.2681860325312387,,1,
DBSCAN,,1.1033756729740642,"[{'avg_silhouette': 0.40907176056611205, 'num_points': 250}, {'avg_silhouette': 0.5757311909270445, 'num_points': 5}, {'avg_silhouette': 0.47224012589768366, 'num_points': 7}]",5.0,3,0.2681860325312387,,1,
DBSCAN,,0.9933756729740642,"[{'avg_silhouette': 0.8248745835202843, 'num_points': 35}, {'avg_silhouette': 0.5524872703949889, 'num_points': 5}, {'avg_silhouette': 0.41614658724959536, 'num_points': 151}, {'avg_silhouette': 0.524207368274483, 'num_points': 9}, {'avg_silhouette': 0.4697769057036627, 'num_points': 5}, {'avg_silhouette': 0.8200790732120488, 'num_points': 16}]",5.0,6,0.2679179739105052,,2,0.6205105853849399
DBSCAN,,0.9833756729740641,"[{'avg_silhouette': 0.8248745835202843, 'num_points': 35}, {'avg_silhouette': 0.5524872703949889, 'num_points': 5}, {'avg_silhouette': 0.41614658724959536, 'num_points': 151}, {'avg_silhouette': 0.524207368274483, 'num_points': 9}, {'avg_silhouette': 0.4697769057036627, 'num_points': 5}, {'avg_silhouette': 0.8200790732120488, 'num_points': 16}]",5.0,6,0.2679179739105052,,2,0.6205105853849399
DBSCAN,,0.9733756729740641,"[{'avg_silhouette': 0.8248745835202843, 'num_points': 35}, {'avg_silhouette': 0.5524872703949889, 'num_points': 5}, {'avg_silhouette': 0.41614658724959536, 'num_points': 151}, {'avg_silhouette': 0.524207368274483, 'num_points': 9}, {'avg_silhouette': 0.4697769057036627, 'num_points': 5}, {'avg_silhouette': 0.8200790732120488, 'num_points': 16}]",5.0,6,0.2679179739105052,,2,0.6205105853849399
DBSCAN,,0.9633756729740641,"[{'avg_silhouette': 0.8248745835202843, 'num_points': 35}, {'avg_silhouette': 0.41614658724959536, 'num_points': 151}, {'avg_silhouette': 0.524207368274483, 'num_points': 9}, {'avg_silhouette': 0.4697769057036627, 'num_points': 5}, {'avg_silhouette': 0.8200790732120488, 'num_points': 16}, {'avg_silhouette': 0.5524872703949889, 'num_points': 5}]",5.0,6,0.2679179739105052,,2,0.6205105853849399
DBSCAN,,0.9533756729740641,"[{'avg_silhouette': 0.8248745835202843, 'num_points': 35}, {'avg_silhouette': 0.41614658724959536, 'num_points': 151}, {'avg_silhouette': 0.524207368274483, 'num_points': 9}, {'avg_silhouette': 0.4697769057036627, 'num_points': 5}, {'avg_silhouette': 0.8200790732120488, 'num_points': 16}, {'avg_silhouette': 0.5524872703949889, 'num_points': 5}]",5.0,6,0.2679179739105052,,2,0.6205105853849399
DBSCAN,,0.9433756729740641,"[{'avg_silhouette': 0.8248745835202843, 'num_points': 35}, {'avg_silhouette': 0.41614658724959536, 'num_points': 151}, {'avg_silhouette': 0.524207368274483, 'num_points': 9}, {'avg_silhouette': 0.4697769057036627, 'num_points': 5}, {'avg_silhouette': 0.8200790732120488, 'num_points': 16}, {'avg_silhouette': 0.5524872703949889, 'num_points': 5}]",5.0,6,0.2679179739105052,,2,0.6205105853849399
DBSCAN,,0.9333756729740641,"[{'avg_silhouette': 0.8248745835202843, 'num_points': 35}, {'avg_silhouette': 0.41614658724959536, 'num_points': 151}, {'avg_silhouette': 0.524207368274483, 'num_points': 9}, {'avg_silhouette': 0.4697769057036627, 'num_points': 5}, {'avg_silhouette': 0.8200790732120488, 'num_points': 16}, {'avg_silhouette': 0.5524872703949889, 'num_points': 5}]",5.0,6,0.2679179739105052,,2,0.6205105853849399
DBSCAN,,0.9233756729740641,"[{'avg_silhouette': 0.8248745835202843, 'num_points': 35}, {'avg_silhouette': 0.41614658724959536, 'num_points': 151}, {'avg_silhouette': 0.524207368274483, 'num_points': 9}, {'avg_silhouette': 0.4697769057036627, 'num_points': 5}, {'avg_silhouette': 0.8200790732120488, 'num_points': 16}, {'avg_silhouette': 0.5524872703949889, 'num_points': 5}]",5.0,6,0.2679179739105052,,2,0.6205105853849399
DBSCAN,,0.9133756729740641,"[{'avg_silhouette': 0.8248745835202843, 'num_points': 35}, {'avg_silhouette': 0.41614658724959536, 'num_points': 151}, {'avg_silhouette': 0.524207368274483, 'num_points': 9}, {'avg_silhouette': 0.4697769057036627, 'num_points': 5}, {'avg_silhouette': 0.8200790732120488, 'num_points': 16}, {'avg_silhouette': 0.5524872703949889, 'num_points': 5}]",5.0,6,0.2679179739105052,,2,0.6205105853849399
DBSCAN,,0.9033756729740641,"[{'avg_silhouette': 0.8248745835202843, 'num_points': 35}, {'avg_silhouette': 0.41614658724959536, 'num_points': 151}, {'avg_silhouette': 0.524207368274483, 'num_points': 9}, {'avg_silhouette': 0.4697769057036627, 'num_points': 5}, {'avg_silhouette': 0.8200790732120488, 'num_points': 16}, {'avg_silhouette': 0.5524872703949889, 'num_points': 5}]",5.0,6,0.2679179739105052,,2,0.6205105853849399
DBSCAN,,0.8933756729740641,"[{'avg_silhouette': 0.8248745835202843, 'num_points': 35}, {'avg_silhouette': 0.41614658724959536, 'num_points': 151}, {'avg_silhouette': 0.524207368274483, 'num_points': 9}, {'avg_silhouette': 0.4697769057036627, 'num_points': 5}, {'avg_silhouette': 0.8200790732120488, 'num_points': 16}, {'avg_silhouette': 0.5524872703949889, 'num_points': 5}]",5.0,6,0.2679179739105052,,2,0.6205105853849399
K-means,,,"[{'avg_silhouette': -0.046458503010827455, 'num_points': 3}, {'avg_silhouette': 0.534590623725381, 'num_points': 10}, {'avg_silhouette': 0.10736146699225399, 'num_points': 18}, {'avg_silhouette': 0.2092855866160009, 'num_points': 14}, {'avg_silhouette': 0.6829379092000641, 'num_points': 39}, {'avg_silhouette': -0.03329554942455523, 'num_points': 34}, {'avg_silhouette': -0.1482797312124608, 'num_points': 76}, {'avg_silhouette': 0.16708475047399574, 'num_points': 9}, {'avg_silhouette': 0.5508711201218209, 'num_points': 89}, {'avg_silhouette': 0.43515931496845633, 'num_points': 2}, {'avg_silhouette': 0.17004105531435693, 'num_points': 4}, {'avg_silhouette': -0.025017099731532568, 'num_points': 11}, {'avg_silhouette': 0.07734953681507531, 'num_points': 8}, {'avg_silhouette': 0.11818303398772241, 'num_points': 2}, {'avg_silhouette': 0.808140110733185, 'num_points': 16}, {'avg_silhouette': 0.0, 'num_points': 1}]",,16,0.2675425502571697,,5,0.23191904313542464
AGGLC,ward,,"[{'avg_silhouette': 0.10124332709682692, 'num_points': 30}, {'avg_silhouette': -0.1274518924119739, 'num_points': 102}, {'avg_silhouette': -0.08422491660036166, 'num_points': 17}, {'avg_silhouette': -0.02036752884490772, 'num_points': 17}, {'avg_silhouette': 0.1802927235594157, 'num_points': 6}, {'avg_silhouette': 0.787853917788079, 'num_points': 36}, {'avg_silhouette': 0.8104369543476979, 'num_points': 16}, {'avg_silhouette': 0.3129835335936007, 'num_points': 9}, {'avg_silhouette': 0.3692111549286612, 'num_points': 11}, {'avg_silhouette': 0.5663327578743165, 'num_points': 92}]",,10,0.26681967885892616,,6,0.20389761081699653
DBSCAN,,0.883375672974064,"[{'avg_silhouette': 0.8248745835202843, 'num_points': 35}, {'avg_silhouette': 0.41614658724959536, 'num_points': 151}, {'avg_silhouette': 0.6008332484377917, 'num_points': 8}, {'avg_silhouette': 0.4697769057036627, 'num_points': 5}, {'avg_silhouette': 0.8200790732120488, 'num_points': 16}, {'avg_silhouette': 0.5524872703949889, 'num_points': 5}]",5.0,6,0.26681804427391564,,2,0.6205105853849399
DBSCAN,,0.873375672974064,"[{'avg_silhouette': 0.8248745835202843, 'num_points': 35}, {'avg_silhouette': 0.41614658724959536, 'num_points': 151}, {'avg_silhouette': 0.6008332484377917, 'num_points': 8}, {'avg_silhouette': 0.4697769057036627, 'num_points': 5}, {'avg_silhouette': 0.8200790732120488, 'num_points': 16}, {'avg_silhouette': 0.5524872703949889, 'num_points': 5}]",5.0,6,0.26681804427391564,,2,0.6205105853849399
DBSCAN,,0.863375672974064,"[{'avg_silhouette': 0.8248745835202843, 'num_points': 35}, {'avg_silhouette': 0.41614658724959536, 'num_points': 151}, {'avg_silhouette': 0.6008332484377917, 'num_points': 8}, {'avg_silhouette': 0.4697769057036627, 'num_points': 5}, {'avg_silhouette': 0.8200790732120488, 'num_points': 16}, {'avg_silhouette': 0.5524872703949889, 'num_points': 5}]",5.0,6,0.26681804427391564,,2,0.6205105853849399
K-means,,,"[{'avg_silhouette': 0.6274398428665581, 'num_points': 77}, {'avg_silhouette': 0.21703705269476756, 'num_points': 3}, {'avg_silhouette': 0.6779330374549243, 'num_points': 39}, {'avg_silhouette': 0.40551693750881496, 'num_points': 2}, {'avg_silhouette': 0.10665240390455027, 'num_points': 13}, {'avg_silhouette': 0.13551010414556297, 'num_points': 4}, {'avg_silhouette': 0.007012146110119185, 'num_points': 25}, {'avg_silhouette': 0.061031224212678696, 'num_points': 7}, {'avg_silhouette': 0.027289615649697018, 'num_points': 5}, {'avg_silhouette': 0.39814041239191206, 'num_points': 9}, {'avg_silhouette': 0.3057484564719924, 'num_points': 3}, {'avg_silhouette': -0.08193719047171853, 'num_points': 17}, {'avg_silhouette': 0.0, 'num_points': 1}, {'avg_silhouette': -0.11693896616487705, 'num_points': 84}, {'avg_silhouette': 0.07244480200787064, 'num_points': 8}, {'avg_silhouette': 0.8045804842929085, 'num_points': 16}, {'avg_silhouette': 0.0, 'num_points': 1}, {'avg_silhouette': 0.0, 'num_points': 1}, {'avg_silhouette': 0.18819613330729415, 'num_points': 7}, {'avg_silhouette': -0.05508509327850671, 'num_points': 2}, {'avg_silhouette': 0.29345778572001524, 'num_points': 9}, {'avg_silhouette': 0.0, 'num_points': 1}, {'avg_silhouette': 0.08080249731496386, 'num_points': 2}]",,23,0.2667540804313348,,5,0.2227017739590012
DBSCAN,,1.0833756729740642,"[{'avg_silhouette': 0.4162845984513011, 'num_points': 247}, {'avg_silhouette': 0.5757385242176655, 'num_points': 5}, {'avg_silhouette': 0.4727677765918546, 'num_points': 7}]",5.0,3,0.26674545479444617,,1,
K-means,,,"[{'avg_silhouette': 0.5777134949251123, 'num_points': 93}, {'avg_silhouette': 0.1191077932952409, 'num_points': 5}, {'avg_silhouette': 0.07961038577023026, 'num_points': 9}, {'avg_silhouette': 0.048270488102518515, 'num_points': 9}, {'avg_silhouette': 0.6853790931740796, 'num_points': 39}, {'avg_silhouette': 0.13987097223451853, 'num_points': 17}, {'avg_silhouette': -0.1003531068131757, 'num_points': 91}, {'avg_silhouette': 0.7128306623350413, 'num_points': 17}, {'avg_silhouette': 0.0, 'num_points': 1}, {'avg_silhouette': -0.027217545229672107, 'num_points': 6}, {'avg_silhouette': 0.042725948911376745, 'num_points': 9}, {'avg_silhouette': -0.03604631541865718, 'num_points': 34}, {'avg_silhouette': 0.22533102619316767, 'num_points': 6}]",,13,0.2616519085196073,,6,0.3298991334061531
DBSCAN,,0.853375672974064,"[{'avg_silhouette': 0.8248745835202843, 'num_points': 35}, {'avg_silhouette': 0.4161107017744307, 'num_points': 151}, {'avg_silhouette': 0.7034507882703388, 'num_points': 7}, {'avg_silhouette': 0.4697769057036627, 'num_points': 5}, {'avg_silhouette': 0.8200790732120488, 'num_points': 16}]",5.0,5,0.25457859089949947,,2,0.6204926426473575
DBSCAN,,0.843375672974064,"[{'avg_silhouette': 0.8248745835202843, 'num_points': 35}, {'avg_silhouette': 0.4161107017744307, 'num_points': 151}, {'avg_silhouette': 0.7034507882703388, 'num_points': 7}, {'avg_silhouette': 0.4697769057036627, 'num_points': 5}, {'avg_silhouette': 0.8200790732120488, 'num_points': 16}]",5.0,5,0.25457859089949947,,2,0.6204926426473575
DBSCAN,,0.833375672974064,"[{'avg_silhouette': 0.8248745835202843, 'num_points': 35}, {'avg_silhouette': 0.4161107017744307, 'num_points': 151}, {'avg_silhouette': 0.7034507882703388, 'num_points': 7}, {'avg_silhouette': 0.4697769057036627, 'num_points': 5}, {'avg_silhouette': 0.8200790732120488, 'num_points': 16}]",5.0,5,0.25457859089949947,,2,0.6204926426473575
DBSCAN,,0.823375672974064,"[{'avg_silhouette': 0.8248745835202843, 'num_points': 35}, {'avg_silhouette': 0.4161107017744307, 'num_points': 151}, {'avg_silhouette': 0.7034507882703388, 'num_points': 7}, {'avg_silhouette': 0.4697769057036627, 'num_points': 5}, {'avg_silhouette': 0.8200790732120488, 'num_points': 16}]",5.0,5,0.25457859089949947,,2,0.6204926426473575
DBSCAN,,0.813375672974064,"[{'avg_silhouette': 0.8248745835202843, 'num_points': 35}, {'avg_silhouette': 0.4161107017744307, 'num_points': 151}, {'avg_silhouette': 0.7034507882703388, 'num_points': 7}, {'avg_silhouette': 0.4697769057036627, 'num_points': 5}, {'avg_silhouette': 0.8200790732120488, 'num_points': 16}]",5.0,5,0.25457859089949947,,2,0.6204926426473575
DBSCAN,,0.803375672974064,"[{'avg_silhouette': 0.8248745835202843, 'num_points': 35}, {'avg_silhouette': 0.4161107017744307, 'num_points': 151}, {'avg_silhouette': 0.7034507882703388, 'num_points': 7}, {'avg_silhouette': 0.4697769057036627, 'num_points': 5}, {'avg_silhouette': 0.8200790732120488, 'num_points': 16}]",5.0,5,0.25457859089949947,,2,0.6204926426473575
AGGLC,ward,,"[{'avg_silhouette': -0.14270385437670202, 'num_points': 113}, {'avg_silhouette': 0.1383227108932087, 'num_points': 36}, {'avg_silhouette': -0.08310500298568398, 'num_points': 17}, {'avg_silhouette': 0.016989424117746295, 'num_points': 17}, {'avg_silhouette': 0.5776232628640355, 'num_points': 92}, {'avg_silhouette': 0.787853917788079, 'num_points': 36}, {'avg_silhouette': 0.8104369543476979, 'num_points': 16}, {'avg_silhouette': 0.31314446243446836, 'num_points': 9}]",,8,0.25303419601835936,,6,0.21583007638344723
K-means,,,"[{'avg_silhouette': 0.8043943410797048, 'num_points': 16}, {'avg_silhouette': 0.2015395064713835, 'num_points': 12}, {'avg_silhouette': 0.023083633234330513, 'num_points': 25}, {'avg_silhouette': -0.02775438176736386, 'num_points': 18}, {'avg_silhouette': 0.67829820031692, 'num_points': 39}, {'avg_silhouette': 0.14469773260535523, 'num_points': 9}, {'avg_silhouette': 0.0, 'num_points': 1}, {'avg_silhouette': 0.0, 'num_points': 1}, {'avg_silhouette': 0.02580507950818558, 'num_points': 5}, {'avg_silhouette': 0.19636880137468407, 'num_points': 14}, {'avg_silhouette': 0.4298486224103886, 'num_points': 2}, {'avg_silhouette': 0.09797699503793265, 'num_points': 7}, {'avg_silhouette': 0.30602690630323176, 'num_points': 3}, {'avg_silhouette': 0.019926603193689975, 'num_points': 23}, {'avg_silhouette': 0.28984215067176655, 'num_points': 9}, {'avg_silhouette': 0.0, 'num_points': 1}, {'avg_silhouette': 0.0, 'num_points': 1}, {'avg_silhouette': 0.36678664454628657, 'num_points': 6}, {'avg_silhouette': -0.00715601194110915, 'num_points': 10}, {'avg_silhouette': 0.5424872354671867, 'num_points': 71}, {'avg_silhouette': 0.0, 'num_points': 1}, {'avg_silhouette': -0.12038334781465912, 'num_points': 60}, {'avg_silhouette': 0.0, 'num_points': 1}, {'avg_silhouette': 0.0, 'num_points': 1}]",,24,0.25283825676257826,,6,0.1859429904383507
K-means,,,"[{'avg_silhouette': -0.13276201740268623, 'num_points': 112}, {'avg_silhouette': 0.3763032347496619, 'num_points': 2}, {'avg_silhouette': 0.08498122001754119, 'num_points': 7}, {'avg_silhouette': 0.6901024289519305, 'num_points': 39}, {'avg_silhouette': 0.7181146062825017, 'num_points': 17}, {'avg_silhouette': 0.5386878067818167, 'num_points': 103}, {'avg_silhouette': 0.2914053903405515, 'num_points': 2}, {'avg_silhouette': -0.002025414589341283, 'num_points': 10}, {'avg_silhouette': 0.04787221504670742, 'num_points': 15}, {'avg_silhouette': 0.19836780856663272, 'num_points': 3}, {'avg_silhouette': 0.07529367500200289, 'num_points': 9}, {'avg_silhouette': 0.0, 'num_points': 1}, {'avg_silhouette': 0.10771302183648725, 'num_points': 3}, {'avg_silhouette': -0.053087387230950564, 'num_points': 10}, {'avg_silhouette': 0.4994754979194846, 'num_points': 3}]",,15,0.25276486381887153,,4,0.45353570615339067
K-means,,,"[{'avg_silhouette': 0.71922783595121, 'num_points': 39}, {'avg_silhouette': 0.050370105506329754, 'num_points': 21}, {'avg_silhouette': 0.1225114206236447, 'num_points': 23}, {'avg_silhouette': 0.23155403356502438, 'num_points': 3}, {'avg_silhouette': 0.19590616134501362, 'num_points': 236}, {'avg_silhouette': 0.29580302011239507, 'num_points': 14}]",,6,0.2470094611659695,,4,0.27200388085654953
K-means,,,"[{'avg_silhouette': 0.8044211802343246, 'num_points': 16}, {'avg_silhouette': 0.11802600126534059, 'num_points': 13}, {'avg_silhouette': -0.11018616299397099, 'num_points': 79}, {'avg_silhouette': 0.08772210131480072, 'num_points': 2}, {'avg_silhouette': 0.7544789143604576, 'num_points': 37}, {'avg_silhouette': 0.1033085366991945, 'num_points': 24}, {'avg_silhouette': 0.003794898797406704, 'num_points': 9}, {'avg_silhouette': 0.08624402204162945, 'num_points': 3}, {'avg_silhouette': 0.007289263648207345, 'num_points': 28}, {'avg_silhouette': 0.5284928523272753, 'num_points': 66}, {'avg_silhouette': -0.0021118925952959694, 'num_points': 5}, {'avg_silhouette': 0.10193853233159393, 'num_points': 10}, {'avg_silhouette': 0.0, 'num_points': 1}, {'avg_silhouette': 0.1968767133724801, 'num_points': 5}, {'avg_silhouette': 0.023200760240503618, 'num_points': 4}, {'avg_silhouette': 0.27372226361777935, 'num_points': 13}, {'avg_silhouette': 0.0, 'num_points': 1}, {'avg_silhouette': 0.1249591003543084, 'num_points': 3}, {'avg_silhouette': 0.32128537391014256, 'num_points': 2}, {'avg_silhouette': 0.3675612516816458, 'num_points': 4}, {'avg_silhouette': 0.4535097188830381, 'num_points': 5}, {'avg_silhouette': 0.4110978825131999, 'num_points': 2}, {'avg_silhouette': 0.0, 'num_points': 1}, {'avg_silhouette': 0.0, 'num_points': 1}, {'avg_silhouette': 0.0, 'num_points': 1}, {'avg_silhouette': 0.0, 'num_points': 1}]",,26,0.24663777392773817,,5,0.25667668080823275
DBSCAN,,0.793375672974064,"[{'avg_silhouette': 0.8248745835202843, 'num_points': 35}, {'avg_silhouette': 0.42016430614497596, 'num_points': 151}, {'avg_silhouette': 0.7034507882703388, 'num_points': 7}, {'avg_silhouette': 0.8200790732120488, 'num_points': 16}]",5.0,4,0.24510216384137537,,2,0.6225194448326301
DBSCAN,,0.783375672974064,"[{'avg_silhouette': 0.8248745835202843, 'num_points': 35}, {'avg_silhouette': 0.42016430614497596, 'num_points': 151}, {'avg_silhouette': 0.7034507882703388, 'num_points': 7}, {'avg_silhouette': 0.8200790732120488, 'num_points': 16}]",5.0,4,0.24510216384137537,,2,0.6225194448326301
DBSCAN,,0.773375672974064,"[{'avg_silhouette': 0.8248745835202843, 'num_points': 35}, {'avg_silhouette': 0.42016430614497596, 'num_points': 151}, {'avg_silhouette': 0.7034507882703388, 'num_points': 7}, {'avg_silhouette': 0.8200790732120488, 'num_points': 16}]",5.0,4,0.24510216384137537,,2,0.6225194448326301
DBSCAN,,0.763375672974064,"[{'avg_silhouette': 0.8248745835202843, 'num_points': 35}, {'avg_silhouette': 0.42016430614497596, 'num_points': 151}, {'avg_silhouette': 0.7034507882703388, 'num_points': 7}, {'avg_silhouette': 0.8200790732120488, 'num_points': 16}]",5.0,4,0.24510216384137537,,2,0.6225194448326301
DBSCAN,,0.7533756729740639,"[{'avg_silhouette': 0.8248745835202843, 'num_points': 35}, {'avg_silhouette': 0.42016430614497596, 'num_points': 151}, {'avg_silhouette': 0.7034507882703388, 'num_points': 7}, {'avg_silhouette': 0.8200790732120488, 'num_points': 16}]",5.0,4,0.24510216384137537,,2,0.6225194448326301
DBSCAN,,0.7433756729740639,"[{'avg_silhouette': 0.8248745835202843, 'num_points': 35}, {'avg_silhouette': 0.42016430614497596, 'num_points': 151}, {'avg_silhouette': 0.7034507882703388, 'num_points': 7}, {'avg_silhouette': 0.8200790732120488, 'num_points': 16}]",5.0,4,0.24510216384137537,,2,0.6225194448326301
DBSCAN,,0.7333756729740639,"[{'avg_silhouette': 0.8248745835202843, 'num_points': 35}, {'avg_silhouette': 0.42016430614497596, 'num_points': 151}, {'avg_silhouette': 0.7034507882703388, 'num_points': 7}, {'avg_silhouette': 0.8200790732120488, 'num_points': 16}]",5.0,4,0.24510216384137537,,2,0.6225194448326301
DBSCAN,,0.7033756729740639,"[{'avg_silhouette': 0.824268943926763, 'num_points': 35}, {'avg_silhouette': 0.42806920212128896, 'num_points': 149}, {'avg_silhouette': 0.7024934636601899, 'num_points': 7}, {'avg_silhouette': 0.819409121317406, 'num_points': 16}]",5.0,4,0.24406361364923454,,2,0.6261690730240259
DBSCAN,,0.6933756729740639,"[{'avg_silhouette': 0.824268943926763, 'num_points': 35}, {'avg_silhouette': 0.42806920212128896, 'num_points': 149}, {'avg_silhouette': 0.7024934636601899, 'num_points': 7}, {'avg_silhouette': 0.819409121317406, 'num_points': 16}]",5.0,4,0.24406361364923454,,2,0.6261690730240259
DBSCAN,,0.6833756729740639,"[{'avg_silhouette': 0.824268943926763, 'num_points': 35}, {'avg_silhouette': 0.42806920212128896, 'num_points': 149}, {'avg_silhouette': 0.7024934636601899, 'num_points': 7}, {'avg_silhouette': 0.819409121317406, 'num_points': 16}]",5.0,4,0.24406361364923454,,2,0.6261690730240259
DBSCAN,,0.6733756729740639,"[{'avg_silhouette': 0.824268943926763, 'num_points': 35}, {'avg_silhouette': 0.42806920212128896, 'num_points': 149}, {'avg_silhouette': 0.7024934636601899, 'num_points': 7}, {'avg_silhouette': 0.819409121317406, 'num_points': 16}]",5.0,4,0.24406361364923454,,2,0.6261690730240259
DBSCAN,,0.7233756729740639,"[{'avg_silhouette': 0.824624817054777, 'num_points': 35}, {'avg_silhouette': 0.42313985345804045, 'num_points': 150}, {'avg_silhouette': 0.7030505569367257, 'num_points': 7}, {'avg_silhouette': 0.8198733343718965, 'num_points': 16}]",5.0,4,0.24392861974432184,,2,0.6238823352564087
DBSCAN,,0.7133756729740639,"[{'avg_silhouette': 0.824624817054777, 'num_points': 35}, {'avg_silhouette': 0.42313985345804045, 'num_points': 150}, {'avg_silhouette': 0.7030505569367257, 'num_points': 7}, {'avg_silhouette': 0.8198733343718965, 'num_points': 16}]",5.0,4,0.24392861974432184,,2,0.6238823352564087
DBSCAN,,0.6633756729740639,"[{'avg_silhouette': 0.8240189958600906, 'num_points': 35}, {'avg_silhouette': 0.4316538488762883, 'num_points': 148}, {'avg_silhouette': 0.7021341769892117, 'num_points': 7}, {'avg_silhouette': 0.8191847708818163, 'num_points': 16}]",5.0,4,0.24326667316886647,,2,0.6278364223681895
DBSCAN,,0.6533756729740638,"[{'avg_silhouette': 0.8238080649837947, 'num_points': 35}, {'avg_silhouette': 0.43476196409751433, 'num_points': 147}, {'avg_silhouette': 0.7017917568494892, 'num_points': 7}, {'avg_silhouette': 0.8190521722385926, 'num_points': 16}]",5.0,4,0.24176245268271337,,2,0.6292850145406546
DBSCAN,,0.6433756729740638,"[{'avg_silhouette': 0.8238080649837947, 'num_points': 35}, {'avg_silhouette': 0.43476196409751433, 'num_points': 147}, {'avg_silhouette': 0.7017917568494892, 'num_points': 7}, {'avg_silhouette': 0.8190521722385926, 'num_points': 16}]",5.0,4,0.24176245268271337,,2,0.6292850145406546
DBSCAN,,0.6333756729740638,"[{'avg_silhouette': 0.8238080649837947, 'num_points': 35}, {'avg_silhouette': 0.43476196409751433, 'num_points': 147}, {'avg_silhouette': 0.7017917568494892, 'num_points': 7}, {'avg_silhouette': 0.8190521722385926, 'num_points': 16}]",5.0,4,0.24176245268271337,,2,0.6292850145406546
DBSCAN,,0.6233756729740638,"[{'avg_silhouette': 0.8238080649837947, 'num_points': 35}, {'avg_silhouette': 0.43476196409751433, 'num_points': 147}, {'avg_silhouette': 0.7017917568494892, 'num_points': 7}, {'avg_silhouette': 0.8190521722385926, 'num_points': 16}]",5.0,4,0.24176245268271337,,2,0.6292850145406546
DBSCAN,,0.6133756729740638,"[{'avg_silhouette': 0.8238080649837947, 'num_points': 35}, {'avg_silhouette': 0.43476196409751433, 'num_points': 147}, {'avg_silhouette': 0.7017917568494892, 'num_points': 7}, {'avg_silhouette': 0.8190521722385926, 'num_points': 16}]",5.0,4,0.24176245268271337,,2,0.6292850145406546
DBSCAN,,0.6033756729740638,"[{'avg_silhouette': 0.8238080649837947, 'num_points': 35}, {'avg_silhouette': 0.43476196409751433, 'num_points': 147}, {'avg_silhouette': 0.7017917568494892, 'num_points': 7}, {'avg_silhouette': 0.8190521722385926, 'num_points': 16}]",5.0,4,0.24176245268271337,,2,0.6292850145406546
AGGLC,ward,,"[{'avg_silhouette': -0.09527657101331144, 'num_points': 26}, {'avg_silhouette': 0.1383227108932087, 'num_points': 36}, {'avg_silhouette': -0.14270385437670202, 'num_points': 113}, {'avg_silhouette': 0.016989424117746295, 'num_points': 17}, {'avg_silhouette': 0.5776232628640355, 'num_points': 92}, {'avg_silhouette': 0.787853917788079, 'num_points': 36}, {'avg_silhouette': 0.8104369543476979, 'num_points': 16}]",,7,0.24147852352580076,,6,0.21380148171217603
DBSCAN,,0.5933756729740638,"[{'avg_silhouette': 0.8227367173150987, 'num_points': 35}, {'avg_silhouette': 0.45462922796785504, 'num_points': 141}, {'avg_silhouette': 0.700053220056858, 'num_points': 7}, {'avg_silhouette': 0.8177438153836183, 'num_points': 16}]",5.0,4,0.23428254574864427,,2,0.6386829726414769
DBSCAN,,0.5833756729740638,"[{'avg_silhouette': 0.8224699235437573, 'num_points': 35}, {'avg_silhouette': 0.45784267369418025, 'num_points': 140}, {'avg_silhouette': 0.6996144945738811, 'num_points': 7}, {'avg_silhouette': 0.8175323266919576, 'num_points': 16}]",5.0,4,0.23292126654642983,,2,0.6401562986189687
DBSCAN,,0.5733756729740638,"[{'avg_silhouette': 0.8224699235437573, 'num_points': 35}, {'avg_silhouette': 0.45784267369418025, 'num_points': 140}, {'avg_silhouette': 0.6996144945738811, 'num_points': 7}, {'avg_silhouette': 0.8175323266919576, 'num_points': 16}]",5.0,4,0.23292126654642983,,2,0.6401562986189687
DBSCAN,,0.5633756729740638,"[{'avg_silhouette': 0.8218375241982981, 'num_points': 35}, {'avg_silhouette': 0.46839581790406387, 'num_points': 138}, {'avg_silhouette': 0.698573048286283, 'num_points': 7}, {'avg_silhouette': 0.8166082015524214, 'num_points': 16}]",5.0,4,0.2322639896038941,,2,0.645116671051181
K-means,,,"[{'avg_silhouette': 0.16133353719823473, 'num_points': 11}, {'avg_silhouette': -0.1147379932794568, 'num_points': 4}, {'avg_silhouette': 0.10734183257548156, 'num_points': 16}, {'avg_silhouette': -0.07610707148530324, 'num_points': 15}, {'avg_silhouette': -0.13295767652065113, 'num_points': 80}, {'avg_silhouette': 0.3456322969669883, 'num_points': 11}, {'avg_silhouette': 0.6736457207056998, 'num_points': 39}, {'avg_silhouette': 0.0, 'num_points': 1}, {'avg_silhouette': 0.8003034069679686, 'num_points': 16}, {'avg_silhouette': -0.019400541939149044, 'num_points': 25}, {'avg_silhouette': 0.1661329876035944, 'num_points': 5}, {'avg_silhouette': 0.22612315105836814, 'num_points': 6}, {'avg_silhouette': -0.06950449171428592, 'num_points': 19}, {'avg_silhouette': 0.0, 'num_points': 1}, {'avg_silhouette': 0.189307884114094, 'num_points': 21}, {'avg_silhouette': 0.6891311850696914, 'num_points': 56}, {'avg_silhouette': 0.0, 'num_points': 1}, {'avg_silhouette': -0.017955927021806404, 'num_points': 9}]",,18,0.22893146574227957,,6,0.22170367995256654
DBSCAN,,0.773375672974064,"[{'avg_silhouette': 0.8245237912921107, 'num_points': 35}, {'avg_silhouette': 0.42505180310694884, 'num_points': 150}, {'avg_silhouette': 0.8196204242696148, 'num_points': 16}]",10.0,3,0.22742309855505133,,2,0.6247877971995298
DBSCAN,,0.763375672974064,"[{'avg_silhouette': 0.8245237912921107, 'num_points': 35}, {'avg_silhouette': 0.42505180310694884, 'num_points': 150}, {'avg_silhouette': 0.8196204242696148, 'num_points': 16}]",10.0,3,0.22742309855505133,,2,0.6247877971995298
DBSCAN,,0.7533756729740639,"[{'avg_silhouette': 0.8245237912921107, 'num_points': 35}, {'avg_silhouette': 0.42505180310694884, 'num_points': 150}, {'avg_silhouette': 0.8196204242696148, 'num_points': 16}]",10.0,3,0.22742309855505133,,2,0.6247877971995298
DBSCAN,,0.7433756729740639,"[{'avg_silhouette': 0.8245237912921107, 'num_points': 35}, {'avg_silhouette': 0.42505180310694884, 'num_points': 150}, {'avg_silhouette': 0.8196204242696148, 'num_points': 16}]",10.0,3,0.22742309855505133,,2,0.6247877971995298
DBSCAN,,0.7333756729740639,"[{'avg_silhouette': 0.8245237912921107, 'num_points': 35}, {'avg_silhouette': 0.42505180310694884, 'num_points': 150}, {'avg_silhouette': 0.8196204242696148, 'num_points': 16}]",10.0,3,0.22742309855505133,,2,0.6247877971995298
DBSCAN,,0.9933756729740642,"[{'avg_silhouette': 0.8248745835202843, 'num_points': 35}, {'avg_silhouette': 0.4202497154545728, 'num_points': 151}, {'avg_silhouette': 0.8200790732120488, 'num_points': 16}]",10.0,3,0.22730313798538573,,2,0.6225621494874285
DBSCAN,,0.9833756729740641,"[{'avg_silhouette': 0.8248745835202843, 'num_points': 35}, {'avg_silhouette': 0.4202497154545728, 'num_points': 151}, {'avg_silhouette': 0.8200790732120488, 'num_points': 16}]",10.0,3,0.22730313798538573,,2,0.6225621494874285
DBSCAN,,0.9733756729740641,"[{'avg_silhouette': 0.8248745835202843, 'num_points': 35}, {'avg_silhouette': 0.4202497154545728, 'num_points': 151}, {'avg_silhouette': 0.8200790732120488, 'num_points': 16}]",10.0,3,0.22730313798538573,,2,0.6225621494874285
DBSCAN,,0.9633756729740641,"[{'avg_silhouette': 0.8248745835202843, 'num_points': 35}, {'avg_silhouette': 0.4202497154545728, 'num_points': 151}, {'avg_silhouette': 0.8200790732120488, 'num_points': 16}]",10.0,3,0.22730313798538573,,2,0.6225621494874285
DBSCAN,,0.9533756729740641,"[{'avg_silhouette': 0.8248745835202843, 'num_points': 35}, {'avg_silhouette': 0.4202497154545728, 'num_points': 151}, {'avg_silhouette': 0.8200790732120488, 'num_points': 16}]",10.0,3,0.22730313798538573,,2,0.6225621494874285
DBSCAN,,0.9433756729740641,"[{'avg_silhouette': 0.8248745835202843, 'num_points': 35}, {'avg_silhouette': 0.4202497154545728, 'num_points': 151}, {'avg_silhouette': 0.8200790732120488, 'num_points': 16}]",10.0,3,0.22730313798538573,,2,0.6225621494874285
DBSCAN,,0.9333756729740641,"[{'avg_silhouette': 0.8248745835202843, 'num_points': 35}, {'avg_silhouette': 0.4202497154545728, 'num_points': 151}, {'avg_silhouette': 0.8200790732120488, 'num_points': 16}]",10.0,3,0.22730313798538573,,2,0.6225621494874285
DBSCAN,,0.9233756729740641,"[{'avg_silhouette': 0.8248745835202843, 'num_points': 35}, {'avg_silhouette': 0.4202497154545728, 'num_points': 151}, {'avg_silhouette': 0.8200790732120488, 'num_points': 16}]",10.0,3,0.22730313798538573,,2,0.6225621494874285
DBSCAN,,0.9133756729740641,"[{'avg_silhouette': 0.8248745835202843, 'num_points': 35}, {'avg_silhouette': 0.4202497154545728, 'num_points': 151}, {'avg_silhouette': 0.8200790732120488, 'num_points': 16}]",10.0,3,0.22730313798538573,,2,0.6225621494874285
DBSCAN,,0.9033756729740641,"[{'avg_silhouette': 0.8248745835202843, 'num_points': 35}, {'avg_silhouette': 0.4202497154545728, 'num_points': 151}, {'avg_silhouette': 0.8200790732120488, 'num_points': 16}]",10.0,3,0.22730313798538573,,2,0.6225621494874285
DBSCAN,,0.8933756729740641,"[{'avg_silhouette': 0.8248745835202843, 'num_points': 35}, {'avg_silhouette': 0.4202497154545728, 'num_points': 151}, {'avg_silhouette': 0.8200790732120488, 'num_points': 16}]",10.0,3,0.22730313798538573,,2,0.6225621494874285
DBSCAN,,0.883375672974064,"[{'avg_silhouette': 0.8248745835202843, 'num_points': 35}, {'avg_silhouette': 0.4202497154545728, 'num_points': 151}, {'avg_silhouette': 0.8200790732120488, 'num_points': 16}]",10.0,3,0.22730313798538573,,2,0.6225621494874285
DBSCAN,,0.873375672974064,"[{'avg_silhouette': 0.8248745835202843, 'num_points': 35}, {'avg_silhouette': 0.4202497154545728, 'num_points': 151}, {'avg_silhouette': 0.8200790732120488, 'num_points': 16}]",10.0,3,0.22730313798538573,,2,0.6225621494874285
DBSCAN,,0.863375672974064,"[{'avg_silhouette': 0.8248745835202843, 'num_points': 35}, {'avg_silhouette': 0.4202497154545728, 'num_points': 151}, {'avg_silhouette': 0.8200790732120488, 'num_points': 16}]",10.0,3,0.22730313798538573,,2,0.6225621494874285
DBSCAN,,0.853375672974064,"[{'avg_silhouette': 0.8248745835202843, 'num_points': 35}, {'avg_silhouette': 0.4202497154545728, 'num_points': 151}, {'avg_silhouette': 0.8200790732120488, 'num_points': 16}]",10.0,3,0.22730313798538573,,2,0.6225621494874285
DBSCAN,,0.843375672974064,"[{'avg_silhouette': 0.8248745835202843, 'num_points': 35}, {'avg_silhouette': 0.4202497154545728, 'num_points': 151}, {'avg_silhouette': 0.8200790732120488, 'num_points': 16}]",10.0,3,0.22730313798538573,,2,0.6225621494874285
DBSCAN,,0.833375672974064,"[{'avg_silhouette': 0.8248745835202843, 'num_points': 35}, {'avg_silhouette': 0.4202497154545728, 'num_points': 151}, {'avg_silhouette': 0.8200790732120488, 'num_points': 16}]",10.0,3,0.22730313798538573,,2,0.6225621494874285
DBSCAN,,0.823375672974064,"[{'avg_silhouette': 0.8248745835202843, 'num_points': 35}, {'avg_silhouette': 0.4202497154545728, 'num_points': 151}, {'avg_silhouette': 0.8200790732120488, 'num_points': 16}]",10.0,3,0.22730313798538573,,2,0.6225621494874285
DBSCAN,,0.813375672974064,"[{'avg_silhouette': 0.8248745835202843, 'num_points': 35}, {'avg_silhouette': 0.4202497154545728, 'num_points': 151}, {'avg_silhouette': 0.8200790732120488, 'num_points': 16}]",10.0,3,0.22730313798538573,,2,0.6225621494874285
DBSCAN,,0.803375672974064,"[{'avg_silhouette': 0.8248745835202843, 'num_points': 35}, {'avg_silhouette': 0.4202497154545728, 'num_points': 151}, {'avg_silhouette': 0.8200790732120488, 'num_points': 16}]",10.0,3,0.22730313798538573,,2,0.6225621494874285
DBSCAN,,0.793375672974064,"[{'avg_silhouette': 0.8248745835202843, 'num_points': 35}, {'avg_silhouette': 0.4202497154545728, 'num_points': 151}, {'avg_silhouette': 0.8200790732120488, 'num_points': 16}]",10.0,3,0.22730313798538573,,2,0.6225621494874285
DBSCAN,,0.783375672974064,"[{'avg_silhouette': 0.8248745835202843, 'num_points': 35}, {'avg_silhouette': 0.4202497154545728, 'num_points': 151}, {'avg_silhouette': 0.8200790732120488, 'num_points': 16}]",10.0,3,0.22730313798538573,,2,0.6225621494874285
DBSCAN,,0.5533756729740638,"[{'avg_silhouette': 0.841769251269649, 'num_points': 34}, {'avg_silhouette': 0.4784843810702624, 'num_points': 135}, {'avg_silhouette': 0.6980862850680533, 'num_points': 7}, {'avg_silhouette': 0.8157667894488523, 'num_points': 16}]",5.0,4,0.22676103521290583,,2,0.6601268161699557
DBSCAN,,0.7233756729740639,"[{'avg_silhouette': 0.824268943926763, 'num_points': 35}, {'avg_silhouette': 0.42810551155272775, 'num_points': 149}, {'avg_silhouette': 0.819409121317406, 'num_points': 16}]",10.0,3,0.2262760761573292,,2,0.6261872277397453
DBSCAN,,0.7133756729740639,"[{'avg_silhouette': 0.824268943926763, 'num_points': 35}, {'avg_silhouette': 0.42810551155272775, 'num_points': 149}, {'avg_silhouette': 0.819409121317406, 'num_points': 16}]",10.0,3,0.2262760761573292,,2,0.6261872277397453
DBSCAN,,0.7033756729740639,"[{'avg_silhouette': 0.824268943926763, 'num_points': 35}, {'avg_silhouette': 0.42810551155272775, 'num_points': 149}, {'avg_silhouette': 0.819409121317406, 'num_points': 16}]",10.0,3,0.2262760761573292,,2,0.6261872277397453
DBSCAN,,0.6933756729740639,"[{'avg_silhouette': 0.824268943926763, 'num_points': 35}, {'avg_silhouette': 0.42810551155272775, 'num_points': 149}, {'avg_silhouette': 0.819409121317406, 'num_points': 16}]",10.0,3,0.2262760761573292,,2,0.6261872277397453
DBSCAN,,0.6833756729740639,"[{'avg_silhouette': 0.824268943926763, 'num_points': 35}, {'avg_silhouette': 0.42810551155272775, 'num_points': 149}, {'avg_silhouette': 0.819409121317406, 'num_points': 16}]",10.0,3,0.2262760761573292,,2,0.6261872277397453
DBSCAN,,0.6733756729740639,"[{'avg_silhouette': 0.824268943926763, 'num_points': 35}, {'avg_silhouette': 0.42810551155272775, 'num_points': 149}, {'avg_silhouette': 0.819409121317406, 'num_points': 16}]",10.0,3,0.2262760761573292,,2,0.6261872277397453
DBSCAN,,0.6633756729740639,"[{'avg_silhouette': 0.8240189958600906, 'num_points': 35}, {'avg_silhouette': 0.4316903811312943, 'num_points': 148}, {'avg_silhouette': 0.8191847708818163, 'num_points': 16}]",10.0,3,0.22550626465132675,,2,0.6278546884956925
K-means,,,"[{'avg_silhouette': 0.48648140602267836, 'num_points': 113}, {'avg_silhouette': 0.07984220437888125, 'num_points': 14}, {'avg_silhouette': 0.21267712916995682, 'num_points': 12}, {'avg_silhouette': -0.10744795978809793, 'num_points': 122}, {'avg_silhouette': 0.6969039647294764, 'num_points': 39}, {'avg_silhouette': 0.10585398661938135, 'num_points': 7}, {'avg_silhouette': 0.1837676216056318, 'num_points': 3}, {'avg_silhouette': 0.05702877991252974, 'num_points': 13}, {'avg_silhouette': 0.09037405557967439, 'num_points': 9}, {'avg_silhouette': -0.0215421463121431, 'num_points': 2}, {'avg_silhouette': 0.07464133842895065, 'num_points': 2}]",,11,0.22519684112105426,,3,0.35864580365468557
DBSCAN,,0.6533756729740638,"[{'avg_silhouette': 0.8238080649837947, 'num_points': 35}, {'avg_silhouette': 0.4347986643698162, 'num_points': 147}, {'avg_silhouette': 0.8190521722385926, 'num_points': 16}]",10.0,3,0.2240177437848813,,2,0.6293033646768054
DBSCAN,,0.6433756729740638,"[{'avg_silhouette': 0.8238080649837947, 'num_points': 35}, {'avg_silhouette': 0.4347986643698162, 'num_points': 147}, {'avg_silhouette': 0.8190521722385926, 'num_points': 16}]",10.0,3,0.2240177437848813,,2,0.6293033646768054
DBSCAN,,0.6333756729740638,"[{'avg_silhouette': 0.8238080649837947, 'num_points': 35}, {'avg_silhouette': 0.4347986643698162, 'num_points': 147}, {'avg_silhouette': 0.8190521722385926, 'num_points': 16}]",10.0,3,0.2240177437848813,,2,0.6293033646768054
DBSCAN,,0.6233756729740638,"[{'avg_silhouette': 0.8238080649837947, 'num_points': 35}, {'avg_silhouette': 0.4347986643698162, 'num_points': 147}, {'avg_silhouette': 0.8190521722385926, 'num_points': 16}]",10.0,3,0.2240177437848813,,2,0.6293033646768054
DBSCAN,,0.6133756729740638,"[{'avg_silhouette': 0.8238080649837947, 'num_points': 35}, {'avg_silhouette': 0.4347986643698162, 'num_points': 147}, {'avg_silhouette': 0.8190521722385926, 'num_points': 16}]",10.0,3,0.2240177437848813,,2,0.6293033646768054
DBSCAN,,0.5433756729740638,"[{'avg_silhouette': 0.8413726675034239, 'num_points': 34}, {'avg_silhouette': 0.4836688614288567, 'num_points': 133}, {'avg_silhouette': 0.6974035226176412, 'num_points': 7}, {'avg_silhouette': 0.815452159779438, 'num_points': 16}]",5.0,4,0.22347220126403003,,2,0.6625207644661403
DBSCAN,,0.5333756729740637,"[{'avg_silhouette': 0.8413726675034239, 'num_points': 34}, {'avg_silhouette': 0.4836688614288567, 'num_points': 133}, {'avg_silhouette': 0.6974035226176412, 'num_points': 7}, {'avg_silhouette': 0.815452159779438, 'num_points': 16}]",5.0,4,0.22347220126403003,,2,0.6625207644661403
DBSCAN,,0.5233756729740637,"[{'avg_silhouette': 0.8413726675034239, 'num_points': 34}, {'avg_silhouette': 0.4836688614288567, 'num_points': 133}, {'avg_silhouette': 0.6974035226176412, 'num_points': 7}, {'avg_silhouette': 0.815452159779438, 'num_points': 16}]",5.0,4,0.22347220126403003,,2,0.6625207644661403
AGGLC,ward,,"[{'avg_silhouette': 0.15523086861580856, 'num_points': 247}, {'avg_silhouette': 0.13903045406070325, 'num_points': 36}, {'avg_silhouette': 0.8132066237197983, 'num_points': 36}, {'avg_silhouette': 0.050507707595016375, 'num_points': 17}]",,4,0.21869401898011326,,4,0.28949391349783166
AGGLC,ward,,"[{'avg_silhouette': 0.08374862947959615, 'num_points': 53}, {'avg_silhouette': 0.15523086861580856, 'num_points': 247}, {'avg_silhouette': 0.8132066237197983, 'num_points': 36}]",,3,0.21445279870367875,,3,0.3507287072717344
AGGLC,ward,,"[{'avg_silhouette': 0.4656562321861563, 'num_points': 108}, {'avg_silhouette': -0.07805235897299517, 'num_points': 26}, {'avg_silhouette': -0.09156003299313628, 'num_points': 113}, {'avg_silhouette': 0.026979297244071807, 'num_points': 17}, {'avg_silhouette': 0.13857046174095575, 'num_points': 36}, {'avg_silhouette': 0.7957107250251789, 'num_points': 36}]",,6,0.2143095202122401,,6,0.20955072070503855
AGGLC,ward,,"[{'avg_silhouette': -0.14680500869994056, 'num_points': 139}, {'avg_silhouette': 0.5140811742897233, 'num_points': 108}, {'avg_silhouette': 0.7957107250251789, 'num_points': 36}, {'avg_silhouette': 0.03224352780863853, 'num_points': 17}, {'avg_silhouette': 0.13857046174095575, 'num_points': 36}]",,5,0.20624146818549435,,5,0.2667601760329112
K-means,,,"[{'avg_silhouette': 0.5247589710760213, 'num_points': 110}, {'avg_silhouette': -0.14092236425303448, 'num_points': 140}, {'avg_silhouette': 0.200415842157881, 'num_points': 7}, {'avg_silhouette': 0.6963819231169802, 'num_points': 39}, {'avg_silhouette': 0.06095075996785371, 'num_points': 40}]",,5,0.20533985749499722,,4,0.28529232247695513
DBSCAN,,0.6033756729740638,"[{'avg_silhouette': 0.8206078112082825, 'num_points': 35}, {'avg_silhouette': 0.4017431126151655, 'num_points': 133}, {'avg_silhouette': 0.3825052410311753, 'num_points': 14}, {'avg_silhouette': 0.8157027245336887, 'num_points': 16}]",10.0,4,0.19798772362720068,,2,0.611175461911724
DBSCAN,,0.5433756729740638,"[{'avg_silhouette': 0.8386144011390179, 'num_points': 34}, {'avg_silhouette': 0.5255307574617506, 'num_points': 123}, {'avg_silhouette': 0.8130393200485037, 'num_points': 16}]",10.0,3,0.19509113298715958,,2,0.6820725793003842
DBSCAN,,0.5333756729740637,"[{'avg_silhouette': 0.8386144011390179, 'num_points': 34}, {'avg_silhouette': 0.5255307574617506, 'num_points': 123}, {'avg_silhouette': 0.8130393200485037, 'num_points': 16}]",10.0,3,0.19509113298715958,,2,0.6820725793003842
DBSCAN,,0.5233756729740637,"[{'avg_silhouette': 0.8382779904630965, 'num_points': 34}, {'avg_silhouette': 0.5305570381082982, 'num_points': 122}, {'avg_silhouette': 0.8128854577507403, 'num_points': 16}]",10.0,3,0.19396617858656418,,2,0.6844175142856974
DBSCAN,,0.5033756729740637,"[{'avg_silhouette': 0.8380326399869041, 'num_points': 34}, {'avg_silhouette': 0.44985040773637186, 'num_points': 121}, {'avg_silhouette': 0.4583258211692093, 'num_points': 10}, {'avg_silhouette': 0.6914772628220983, 'num_points': 7}, {'avg_silhouette': 0.8122939525679775, 'num_points': 16}]",5.0,5,0.19326075787477248,,2,0.6439415238616379
DBSCAN,,0.5133756729740637,"[{'avg_silhouette': 0.8383738805259934, 'num_points': 34}, {'avg_silhouette': 0.4419581848368676, 'num_points': 122}, {'avg_silhouette': 0.460673942865502, 'num_points': 10}, {'avg_silhouette': 0.6921085308031495, 'num_points': 7}, {'avg_silhouette': 0.8128540244555849, 'num_points': 16}]",5.0,5,0.19324172639609233,,2,0.6401660326814305
DBSCAN,,0.5133756729740637,"[{'avg_silhouette': 0.8376832505003937, 'num_points': 34}, {'avg_silhouette': 0.5417048993012301, 'num_points': 120}, {'avg_silhouette': 0.812129902253115, 'num_points': 16}]",10.0,3,0.19207638538493152,,2,0.6896940749008119
HDBSCAN,,,"[{'avg_silhouette': 0.3450411494782862, 'num_points': 15}, {'avg_silhouette': 0.5150121855719405, 'num_points': 5}, {'avg_silhouette': 0.39957023222823773, 'num_points': 5}, {'avg_silhouette': 0.5404261110050548, 'num_points': 8}, {'avg_silhouette': 0.8200760514250395, 'num_points': 4}, {'avg_silhouette': 0.8098380129855852, 'num_points': 4}, {'avg_silhouette': 0.791872748241794, 'num_points': 16}, {'avg_silhouette': 1.0, 'num_points': 5}, {'avg_silhouette': 0.8572388497432515, 'num_points': 7}, {'avg_silhouette': 1.0, 'num_points': 13}, {'avg_silhouette': 0.8001343896405363, 'num_points': 5}, {'avg_silhouette': 0.3551698380637083, 'num_points': 10}, {'avg_silhouette': 0.46114125619129226, 'num_points': 9}, {'avg_silhouette': 0.47159303194483115, 'num_points': 4}, {'avg_silhouette': 0.5162769707832789, 'num_points': 4}, {'avg_silhouette': 0.9304736953827264, 'num_points': 5}, {'avg_silhouette': 1.0, 'num_points': 4}, {'avg_silhouette': 0.800134389640515, 'num_points': 5}, {'avg_silhouette': 0.6203464223981773, 'num_points': 4}, {'avg_silhouette': 0.40035820757291535, 'num_points': 7}, {'avg_silhouette': 0.35663873771500093, 'num_points': 7}, {'avg_silhouette': 0.7414176169613947, 'num_points': 4}, {'avg_silhouette': 0.5780152522599699, 'num_points': 4}, {'avg_silhouette': 0.7543966492781746, 'num_points': 21}, {'avg_silhouette': 0.9395440654250349, 'num_points': 16}]",,25,0.19036413133933405,4.0,1,
DBSCAN,,0.5033756729740637,"[{'avg_silhouette': 0.8376597657459228, 'num_points': 34}, {'avg_silhouette': 0.5481257154867889, 'num_points': 118}, {'avg_silhouette': 0.8117174052092054, 'num_points': 16}]",10.0,3,0.18836939546352685,,2,0.6928927406163559
DBSCAN,,0.4933756729740637,"[{'avg_silhouette': 0.8266917696806008, 'num_points': 34}, {'avg_silhouette': 0.5757965398767676, 'num_points': 78}, {'avg_silhouette': 0.4498191907008196, 'num_points': 27}, {'avg_silhouette': 0.7406180443794678, 'num_points': 6}, {'avg_silhouette': 0.47653206834878387, 'num_points': 9}, {'avg_silhouette': 0.5312659093863332, 'num_points': 9}, {'avg_silhouette': 0.801814700145312, 'num_points': 16}]",5.0,7,0.18788368180162993,,3,0.617435833419396
DBSCAN,,0.4833756729740637,"[{'avg_silhouette': 0.8266917696806008, 'num_points': 34}, {'avg_silhouette': 0.5757965398767676, 'num_points': 78}, {'avg_silhouette': 0.4498191907008196, 'num_points': 27}, {'avg_silhouette': 0.7406180443794678, 'num_points': 6}, {'avg_silhouette': 0.47653206834878387, 'num_points': 9}, {'avg_silhouette': 0.5312659093863332, 'num_points': 9}, {'avg_silhouette': 0.801814700145312, 'num_points': 16}]",5.0,7,0.18788368180162993,,3,0.617435833419396
HDBSCAN,,,"[{'avg_silhouette': 0.46624954141928887, 'num_points': 148}, {'avg_silhouette': 0.8239910847502042, 'num_points': 35}]",,2,0.18425604405254362,23.0,2,0.6451203130847465
HDBSCAN,,,"[{'avg_silhouette': 0.46624954141928887, 'num_points': 148}, {'avg_silhouette': 0.8239910847502042, 'num_points': 35}]",,2,0.18425604405254362,24.0,2,0.6451203130847465
HDBSCAN,,,"[{'avg_silhouette': 0.47000640865966803, 'num_points': 147}, {'avg_silhouette': 0.823623239912866, 'num_points': 35}]",,2,0.1833004152094522,25.0,2,0.646814824286267
DBSCAN,,0.5933756729740638,"[{'avg_silhouette': 0.8193625342160423, 'num_points': 35}, {'avg_silhouette': 0.4099906707181857, 'num_points': 127}, {'avg_silhouette': 0.45121302437889826, 'num_points': 11}, {'avg_silhouette': 0.8142756282322847, 'num_points': 16}]",10.0,4,0.18064968751112115,,2,0.614676602467114
DBSCAN,,0.5833756729740638,"[{'avg_silhouette': 0.8190269569965111, 'num_points': 35}, {'avg_silhouette': 0.4169102449970717, 'num_points': 126}, {'avg_silhouette': 0.4729272027900359, 'num_points': 10}, {'avg_silhouette': 0.8140030181196987, 'num_points': 16}]",10.0,4,0.17853652582230378,,2,0.6179686009967914
DBSCAN,,0.4733756729740637,"[{'avg_silhouette': 0.8266917696806008, 'num_points': 34}, {'avg_silhouette': 0.5757965398767676, 'num_points': 78}, {'avg_silhouette': 0.4498191907008196, 'num_points': 27}, {'avg_silhouette': 0.7406180443794678, 'num_points': 6}, {'avg_silhouette': 0.7702113599404778, 'num_points': 5}, {'avg_silhouette': 0.5312659093863332, 'num_points': 9}, {'avg_silhouette': 0.801814700145312, 'num_points': 16}]",5.0,7,0.1780398865907054,,3,0.617435833419396
DBSCAN,,0.4633756729740637,"[{'avg_silhouette': 0.8266917696806008, 'num_points': 34}, {'avg_silhouette': 0.5757965398767676, 'num_points': 78}, {'avg_silhouette': 0.4498191907008196, 'num_points': 27}, {'avg_silhouette': 0.7406180443794678, 'num_points': 6}, {'avg_silhouette': 0.7702113599404778, 'num_points': 5}, {'avg_silhouette': 0.5312659093863332, 'num_points': 9}, {'avg_silhouette': 0.801814700145312, 'num_points': 16}]",5.0,7,0.1780398865907054,,3,0.617435833419396
DBSCAN,,0.45337567297406367,"[{'avg_silhouette': 0.8266917696806008, 'num_points': 34}, {'avg_silhouette': 0.5757965398767676, 'num_points': 78}, {'avg_silhouette': 0.4498191907008196, 'num_points': 27}, {'avg_silhouette': 0.7406180443794678, 'num_points': 6}, {'avg_silhouette': 0.7702113599404778, 'num_points': 5}, {'avg_silhouette': 0.5312659093863332, 'num_points': 9}, {'avg_silhouette': 0.801814700145312, 'num_points': 16}]",5.0,7,0.1780398865907054,,3,0.617435833419396
DBSCAN,,0.5733756729740638,"[{'avg_silhouette': 0.8190269569965111, 'num_points': 35}, {'avg_silhouette': 0.4181757344263814, 'num_points': 126}, {'avg_silhouette': 0.5006516301142425, 'num_points': 9}, {'avg_silhouette': 0.8140030181196987, 'num_points': 16}]",10.0,4,0.17623686852274434,,2,0.6186013457114462
DBSCAN,,0.5633756729740638,"[{'avg_silhouette': 0.8186193461881697, 'num_points': 35}, {'avg_silhouette': 0.42716685635997903, 'num_points': 125}, {'avg_silhouette': 0.547989624718243, 'num_points': 8}, {'avg_silhouette': 0.8134274130903438, 'num_points': 16}]",10.0,4,0.17575001673045343,,2,0.6228931012740744
DBSCAN,,0.41337567297406363,"[{'avg_silhouette': 0.8266917696806008, 'num_points': 34}, {'avg_silhouette': 0.5912675454889896, 'num_points': 77}, {'avg_silhouette': 0.4482367368488896, 'num_points': 27}, {'avg_silhouette': 0.7406180443794678, 'num_points': 6}, {'avg_silhouette': 0.7694885009974493, 'num_points': 5}, {'avg_silhouette': 0.5312659093863332, 'num_points': 9}, {'avg_silhouette': 0.8407346454246725, 'num_points': 15}]",5.0,7,0.17549271792819823,,3,0.6220653506728266
DBSCAN,,0.4033756729740636,"[{'avg_silhouette': 0.8266917696806008, 'num_points': 34}, {'avg_silhouette': 0.5912675454889896, 'num_points': 77}, {'avg_silhouette': 0.4482367368488896, 'num_points': 27}, {'avg_silhouette': 0.7406180443794678, 'num_points': 6}, {'avg_silhouette': 0.7694885009974493, 'num_points': 5}, {'avg_silhouette': 0.5312659093863332, 'num_points': 9}, {'avg_silhouette': 0.8407346454246725, 'num_points': 15}]",5.0,7,0.17549271792819823,,3,0.6220653506728266
DBSCAN,,0.44337567297406366,"[{'avg_silhouette': 0.8266917696806008, 'num_points': 34}, {'avg_silhouette': 0.5757965398767676, 'num_points': 78}, {'avg_silhouette': 0.4498191907008196, 'num_points': 27}, {'avg_silhouette': 0.7406180443794678, 'num_points': 6}, {'avg_silhouette': 0.7702113599404778, 'num_points': 5}, {'avg_silhouette': 0.5312659093863332, 'num_points': 9}, {'avg_silhouette': 0.8410112686140351, 'num_points': 15}]",5.0,7,0.1753250395250539,,3,0.617435833419396
DBSCAN,,0.43337567297406365,"[{'avg_silhouette': 0.8266917696806008, 'num_points': 34}, {'avg_silhouette': 0.5757965398767676, 'num_points': 78}, {'avg_silhouette': 0.4498191907008196, 'num_points': 27}, {'avg_silhouette': 0.7406180443794678, 'num_points': 6}, {'avg_silhouette': 0.7702113599404778, 'num_points': 5}, {'avg_silhouette': 0.5312659093863332, 'num_points': 9}, {'avg_silhouette': 0.8410112686140351, 'num_points': 15}]",5.0,7,0.1753250395250539,,3,0.617435833419396
DBSCAN,,0.42337567297406364,"[{'avg_silhouette': 0.8266917696806008, 'num_points': 34}, {'avg_silhouette': 0.5757965398767676, 'num_points': 78}, {'avg_silhouette': 0.4498191907008196, 'num_points': 27}, {'avg_silhouette': 0.7406180443794678, 'num_points': 6}, {'avg_silhouette': 0.7702113599404778, 'num_points': 5}, {'avg_silhouette': 0.5312659093863332, 'num_points': 9}, {'avg_silhouette': 0.8410112686140351, 'num_points': 15}]",5.0,7,0.1753250395250539,,3,0.617435833419396
K-means,,,"[{'avg_silhouette': 0.0, 'num_points': 1}, {'avg_silhouette': 0.7683341800326975, 'num_points': 17}, {'avg_silhouette': 0.13258745441270323, 'num_points': 47}, {'avg_silhouette': 0.14579721807367677, 'num_points': 271}]",,4,0.17501290927356936,,3,0.3489062841730259
DBSCAN,,0.5533756729740638,"[{'avg_silhouette': 0.839102268657073, 'num_points': 34}, {'avg_silhouette': 0.42714695652756657, 'num_points': 125}, {'avg_silhouette': 0.547989624718243, 'num_points': 8}, {'avg_silhouette': 0.8134274130903438, 'num_points': 16}]",10.0,4,0.17359773375079013,,2,0.6331246125923198
DBSCAN,,0.3933756729740636,"[{'avg_silhouette': 0.8226304092248709, 'num_points': 34}, {'avg_silhouette': 0.570209811581478, 'num_points': 77}, {'avg_silhouette': 0.5637476463526292, 'num_points': 23}, {'avg_silhouette': 0.7347701853178549, 'num_points': 6}, {'avg_silhouette': 0.5266877147222204, 'num_points': 9}, {'avg_silhouette': 0.8407346454246725, 'num_points': 15}]",5.0,6,0.15861827382990784,,3,0.6521959557196594
DBSCAN,,0.3833756729740636,"[{'avg_silhouette': 0.8226304092248709, 'num_points': 34}, {'avg_silhouette': 0.570209811581478, 'num_points': 77}, {'avg_silhouette': 0.5637476463526292, 'num_points': 23}, {'avg_silhouette': 0.7347701853178549, 'num_points': 6}, {'avg_silhouette': 0.5266877147222204, 'num_points': 9}, {'avg_silhouette': 0.8407346454246725, 'num_points': 15}]",5.0,6,0.15861827382990784,,3,0.6521959557196594
DBSCAN,,0.3733756729740636,"[{'avg_silhouette': 0.8226304092248709, 'num_points': 34}, {'avg_silhouette': 0.570209811581478, 'num_points': 77}, {'avg_silhouette': 0.5637476463526292, 'num_points': 23}, {'avg_silhouette': 0.7347701853178549, 'num_points': 6}, {'avg_silhouette': 0.5266877147222204, 'num_points': 9}, {'avg_silhouette': 0.8407346454246725, 'num_points': 15}]",5.0,6,0.15861827382990784,,3,0.6521959557196594
DBSCAN,,0.3633756729740636,"[{'avg_silhouette': 0.8226304092248709, 'num_points': 34}, {'avg_silhouette': 0.570209811581478, 'num_points': 77}, {'avg_silhouette': 0.5637476463526292, 'num_points': 23}, {'avg_silhouette': 0.5266877147222204, 'num_points': 9}, {'avg_silhouette': 0.8407346454246725, 'num_points': 15}]",5.0,5,0.14291514766700406,,3,0.6521959557196594
HDBSCAN,,,"[{'avg_silhouette': 0.34934771677357557, 'num_points': 15}, {'avg_silhouette': 0.3785796479216363, 'num_points': 6}, {'avg_silhouette': 0.4092666522919891, 'num_points': 5}, {'avg_silhouette': 0.5551956167055456, 'num_points': 8}, {'avg_silhouette': 0.7963406208885377, 'num_points': 16}, {'avg_silhouette': 1.0, 'num_points': 5}, {'avg_silhouette': 0.8572388497432515, 'num_points': 7}, {'avg_silhouette': 1.0, 'num_points': 13}, {'avg_silhouette': 0.8001343896405363, 'num_points': 5}, {'avg_silhouette': 0.4420517213165759, 'num_points': 9}, {'avg_silhouette': 0.5359452954148606, 'num_points': 9}, {'avg_silhouette': 0.38025004250605166, 'num_points': 28}, {'avg_silhouette': 0.8190093111621604, 'num_points': 10}, {'avg_silhouette': 0.9317905954428582, 'num_points': 5}, {'avg_silhouette': 0.895870625785856, 'num_points': 19}, {'avg_silhouette': 0.9382585762624638, 'num_points': 16}]",,16,0.1418157256257135,5.0,2,0.6380603341459539
K-means,,,"[{'avg_silhouette': -0.10663641957648869, 'num_points': 170}, {'avg_silhouette': 0.4967211772741408, 'num_points': 119}, {'avg_silhouette': 0.12777935123278486, 'num_points': 47}]",,3,0.1398430305820255,,3,0.172621369643479
DBSCAN,,0.3533756729740636,"[{'avg_silhouette': 0.8226304092248709, 'num_points': 34}, {'avg_silhouette': 0.570209811581478, 'num_points': 77}, {'avg_silhouette': 0.5536275053597656, 'num_points': 23}, {'avg_silhouette': 0.627871585311898, 'num_points': 7}, {'avg_silhouette': 0.8407346454246725, 'num_points': 15}]",5.0,5,0.13740543948086953,,3,0.6488225753887048
DBSCAN,,0.3433756729740636,"[{'avg_silhouette': 0.8226304092248709, 'num_points': 34}, {'avg_silhouette': 0.570209811581478, 'num_points': 77}, {'avg_silhouette': 0.5536275053597656, 'num_points': 23}, {'avg_silhouette': 0.627871585311898, 'num_points': 7}, {'avg_silhouette': 0.8407346454246725, 'num_points': 15}]",5.0,5,0.13740543948086953,,3,0.6488225753887048
DBSCAN,,0.33337567297406356,"[{'avg_silhouette': 0.8226479421032142, 'num_points': 34}, {'avg_silhouette': 0.5682943741111065, 'num_points': 77}, {'avg_silhouette': 0.6072992749918057, 'num_points': 21}, {'avg_silhouette': 0.6212601499595064, 'num_points': 7}, {'avg_silhouette': 0.8407346454246725, 'num_points': 15}]",5.0,5,0.13277789925962516,,3,0.6660805304020422
DBSCAN,,0.4933756729740637,"[{'avg_silhouette': 0.8266917696806008, 'num_points': 34}, {'avg_silhouette': 0.5757965398767676, 'num_points': 78}, {'avg_silhouette': 0.48727227755725117, 'num_points': 27}, {'avg_silhouette': 0.801814700145312, 'num_points': 16}]",10.0,4,0.1313893385598727,,3,0.6299201957048731
DBSCAN,,0.4833756729740637,"[{'avg_silhouette': 0.8266917696806008, 'num_points': 34}, {'avg_silhouette': 0.5757965398767676, 'num_points': 78}, {'avg_silhouette': 0.48727227755725117, 'num_points': 27}, {'avg_silhouette': 0.801814700145312, 'num_points': 16}]",10.0,4,0.1313893385598727,,3,0.6299201957048731
DBSCAN,,0.4733756729740637,"[{'avg_silhouette': 0.8266917696806008, 'num_points': 34}, {'avg_silhouette': 0.5757965398767676, 'num_points': 78}, {'avg_silhouette': 0.48727227755725117, 'num_points': 27}, {'avg_silhouette': 0.801814700145312, 'num_points': 16}]",10.0,4,0.1313893385598727,,3,0.6299201957048731
DBSCAN,,0.4633756729740637,"[{'avg_silhouette': 0.8266917696806008, 'num_points': 34}, {'avg_silhouette': 0.5757965398767676, 'num_points': 78}, {'avg_silhouette': 0.48727227755725117, 'num_points': 27}, {'avg_silhouette': 0.801814700145312, 'num_points': 16}]",10.0,4,0.1313893385598727,,3,0.6299201957048731
DBSCAN,,0.45337567297406367,"[{'avg_silhouette': 0.8266917696806008, 'num_points': 34}, {'avg_silhouette': 0.5757965398767676, 'num_points': 78}, {'avg_silhouette': 0.48727227755725117, 'num_points': 27}, {'avg_silhouette': 0.801814700145312, 'num_points': 16}]",10.0,4,0.1313893385598727,,3,0.6299201957048731
DBSCAN,,0.2733756729740635,"[{'avg_silhouette': 0.933394505049443, 'num_points': 12}, {'avg_silhouette': 0.8333344631558103, 'num_points': 22}, {'avg_silhouette': 0.6046089389151055, 'num_points': 59}, {'avg_silhouette': 0.6254235358514635, 'num_points': 20}, {'avg_silhouette': 0.637959453246206, 'num_points': 15}, {'avg_silhouette': 0.7120075672378755, 'num_points': 6}, {'avg_silhouette': 0.8389781839426488, 'num_points': 15}]",5.0,7,0.13020148103628126,,3,0.6877889793074597
DBSCAN,,0.2633756729740635,"[{'avg_silhouette': 0.933394505049443, 'num_points': 12}, {'avg_silhouette': 0.8333344631558103, 'num_points': 22}, {'avg_silhouette': 0.6046089389151055, 'num_points': 59}, {'avg_silhouette': 0.6254235358514635, 'num_points': 20}, {'avg_silhouette': 0.637959453246206, 'num_points': 15}, {'avg_silhouette': 0.7120075672378755, 'num_points': 6}, {'avg_silhouette': 0.8389781839426488, 'num_points': 15}]",5.0,7,0.13020148103628126,,3,0.6877889793074597
DBSCAN,,0.32337567297406355,"[{'avg_silhouette': 0.933394505049443, 'num_points': 12}, {'avg_silhouette': 0.8333344631558103, 'num_points': 22}, {'avg_silhouette': 0.5553189988713616, 'num_points': 61}, {'avg_silhouette': 0.6277142417525662, 'num_points': 20}, {'avg_silhouette': 0.5915922999754738, 'num_points': 16}, {'avg_silhouette': 0.7120075672378755, 'num_points': 6}, {'avg_silhouette': 0.8395185441689857, 'num_points': 15}]",5.0,7,0.12985809120973524,,3,0.6721225679265793
HDBSCAN,,,"[{'avg_silhouette': 0.34922577339180805, 'num_points': 15}, {'avg_silhouette': 0.5531139343180844, 'num_points': 8}, {'avg_silhouette': 0.7978980566623428, 'num_points': 16}, {'avg_silhouette': 0.8333344631558103, 'num_points': 22}, {'avg_silhouette': 0.933394505049443, 'num_points': 12}, {'avg_silhouette': 0.4751548749128903, 'num_points': 8}, {'avg_silhouette': 0.5312659093863332, 'num_points': 9}, {'avg_silhouette': 0.4201021854888201, 'num_points': 27}, {'avg_silhouette': 0.5511658032039027, 'num_points': 16}, {'avg_silhouette': 0.7900713173900107, 'num_points': 21}, {'avg_silhouette': 0.8684265786752938, 'num_points': 17}]",,11,0.12979864963021748,6.0,4,0.7279836361774837
DBSCAN,,0.44337567297406366,"[{'avg_silhouette': 0.8266917696806008, 'num_points': 34}, {'avg_silhouette': 0.5757965398767676, 'num_points': 78}, {'avg_silhouette': 0.48727227755725117, 'num_points': 27}, {'avg_silhouette': 0.8410112686140351, 'num_points': 15}]",10.0,4,0.12871594056337377,,3,0.6299201957048731
DBSCAN,,0.43337567297406365,"[{'avg_silhouette': 0.8266917696806008, 'num_points': 34}, {'avg_silhouette': 0.5757965398767676, 'num_points': 78}, {'avg_silhouette': 0.48727227755725117, 'num_points': 27}, {'avg_silhouette': 0.8410112686140351, 'num_points': 15}]",10.0,4,0.12871594056337377,,3,0.6299201957048731
DBSCAN,,0.42337567297406364,"[{'avg_silhouette': 0.8266917696806008, 'num_points': 34}, {'avg_silhouette': 0.5757965398767676, 'num_points': 78}, {'avg_silhouette': 0.48727227755725117, 'num_points': 27}, {'avg_silhouette': 0.8410112686140351, 'num_points': 15}]",10.0,4,0.12871594056337377,,3,0.6299201957048731
DBSCAN,,0.2833756729740635,"[{'avg_silhouette': 0.933394505049443, 'num_points': 12}, {'avg_silhouette': 0.8333344631558103, 'num_points': 22}, {'avg_silhouette': 0.5695171209434383, 'num_points': 60}, {'avg_silhouette': 0.6270148772989124, 'num_points': 20}, {'avg_silhouette': 0.6432183056872183, 'num_points': 15}, {'avg_silhouette': 0.7120075672378755, 'num_points': 6}, {'avg_silhouette': 0.8392595021561934, 'num_points': 15}]",5.0,7,0.12769683735428927,,3,0.676622153799387
DBSCAN,,0.31337567297406355,"[{'avg_silhouette': 0.933394505049443, 'num_points': 12}, {'avg_silhouette': 0.8333344631558103, 'num_points': 22}, {'avg_silhouette': 0.5497829723736491, 'num_points': 61}, {'avg_silhouette': 0.6277142417525662, 'num_points': 20}, {'avg_silhouette': 0.6464037535770466, 'num_points': 15}, {'avg_silhouette': 0.7120075672378755, 'num_points': 6}, {'avg_silhouette': 0.8395185441689857, 'num_points': 15}]",5.0,7,0.12762769092013684,,3,0.6702772257606752
DBSCAN,,0.30337567297406354,"[{'avg_silhouette': 0.933394505049443, 'num_points': 12}, {'avg_silhouette': 0.8333344631558103, 'num_points': 22}, {'avg_silhouette': 0.5497829723736491, 'num_points': 61}, {'avg_silhouette': 0.6277142417525662, 'num_points': 20}, {'avg_silhouette': 0.6464037535770466, 'num_points': 15}, {'avg_silhouette': 0.7120075672378755, 'num_points': 6}, {'avg_silhouette': 0.8395185441689857, 'num_points': 15}]",5.0,7,0.12762769092013684,,3,0.6702772257606752
DBSCAN,,0.29337567297406353,"[{'avg_silhouette': 0.933394505049443, 'num_points': 12}, {'avg_silhouette': 0.8333344631558103, 'num_points': 22}, {'avg_silhouette': 0.5497829723736491, 'num_points': 61}, {'avg_silhouette': 0.6277142417525662, 'num_points': 20}, {'avg_silhouette': 0.6464037535770466, 'num_points': 15}, {'avg_silhouette': 0.7120075672378755, 'num_points': 6}, {'avg_silhouette': 0.8395185441689857, 'num_points': 15}]",5.0,7,0.12762769092013684,,3,0.6702772257606752
DBSCAN,,0.2533756729740635,"[{'avg_silhouette': 0.933394505049443, 'num_points': 12}, {'avg_silhouette': 0.8333344631558103, 'num_points': 22}, {'avg_silhouette': 0.6457263052754362, 'num_points': 57}, {'avg_silhouette': 0.6218517083739109, 'num_points': 20}, {'avg_silhouette': 0.6336626175748579, 'num_points': 15}, {'avg_silhouette': 0.8032440812919799, 'num_points': 5}, {'avg_silhouette': 0.8387875327781703, 'num_points': 15}]",5.0,7,0.12661322524511304,,3,0.7003041589350524
HDBSCAN,,,"[{'avg_silhouette': 0.3550420048528339, 'num_points': 14}, {'avg_silhouette': 0.5524007181359076, 'num_points': 8}, {'avg_silhouette': 0.7978932652690001, 'num_points': 16}, {'avg_silhouette': 0.8333344631558103, 'num_points': 22}, {'avg_silhouette': 0.933394505049443, 'num_points': 12}, {'avg_silhouette': 0.5636925582965657, 'num_points': 7}, {'avg_silhouette': 0.5312659093863332, 'num_points': 9}, {'avg_silhouette': 0.4200970124604122, 'num_points': 27}, {'avg_silhouette': 0.5511086725553744, 'num_points': 16}, {'avg_silhouette': 0.8394874201678462, 'num_points': 20}, {'avg_silhouette': 0.8636553910377538, 'num_points': 17}]",,11,0.12391831379022168,7.0,4,0.7391435717054555
DBSCAN,,0.41337567297406363,"[{'avg_silhouette': 0.8245292491810925, 'num_points': 34}, {'avg_silhouette': 0.5958755854287909, 'num_points': 76}, {'avg_silhouette': 0.5209909183349921, 'num_points': 25}, {'avg_silhouette': 0.8405409221704516, 'num_points': 15}]",10.0,4,0.12244845996531199,,3,0.6471319176482918
DBSCAN,,0.4033756729740636,"[{'avg_silhouette': 0.8245292491810925, 'num_points': 34}, {'avg_silhouette': 0.5958755854287909, 'num_points': 76}, {'avg_silhouette': 0.5209909183349921, 'num_points': 25}, {'avg_silhouette': 0.8405409221704516, 'num_points': 15}]",10.0,4,0.12244845996531199,,3,0.6471319176482918
DBSCAN,,0.3933756729740636,"[{'avg_silhouette': 0.8226304092248709, 'num_points': 34}, {'avg_silhouette': 0.5862289353291419, 'num_points': 76}, {'avg_silhouette': 0.5720073709325338, 'num_points': 23}, {'avg_silhouette': 0.8405409221704516, 'num_points': 15}]",10.0,4,0.1166433851467448,,3,0.6602889051621822
DBSCAN,,0.3833756729740636,"[{'avg_silhouette': 0.8226304092248709, 'num_points': 34}, {'avg_silhouette': 0.5862289353291419, 'num_points': 76}, {'avg_silhouette': 0.5720073709325338, 'num_points': 23}, {'avg_silhouette': 0.8405409221704516, 'num_points': 15}]",10.0,4,0.1166433851467448,,3,0.6602889051621822
DBSCAN,,0.3733756729740636,"[{'avg_silhouette': 0.8226304092248709, 'num_points': 34}, {'avg_silhouette': 0.5862289353291419, 'num_points': 76}, {'avg_silhouette': 0.5720073709325338, 'num_points': 23}, {'avg_silhouette': 0.8405409221704516, 'num_points': 15}]",10.0,4,0.1166433851467448,,3,0.6602889051621822
DBSCAN,,0.3633756729740636,"[{'avg_silhouette': 0.8225409092259274, 'num_points': 34}, {'avg_silhouette': 0.5849517035650252, 'num_points': 76}, {'avg_silhouette': 0.6029115249896825, 'num_points': 22}, {'avg_silhouette': 0.8405409221704516, 'num_points': 15}]",10.0,4,0.11450655246546078,,3,0.6701347125935451
DBSCAN,,0.3533756729740636,"[{'avg_silhouette': 0.8225409092259274, 'num_points': 34}, {'avg_silhouette': 0.5849517035650252, 'num_points': 76}, {'avg_silhouette': 0.6029115249896825, 'num_points': 22}, {'avg_silhouette': 0.8405409221704516, 'num_points': 15}]",10.0,4,0.11450655246546078,,3,0.6701347125935451
DBSCAN,,0.3433756729740636,"[{'avg_silhouette': 0.8225409092259274, 'num_points': 34}, {'avg_silhouette': 0.5849517035650252, 'num_points': 76}, {'avg_silhouette': 0.6029115249896825, 'num_points': 22}, {'avg_silhouette': 0.8405409221704516, 'num_points': 15}]",10.0,4,0.11450655246546078,,3,0.6701347125935451
DBSCAN,,0.32337567297406355,"[{'avg_silhouette': 0.933394505049443, 'num_points': 12}, {'avg_silhouette': 0.8333344631558103, 'num_points': 22}, {'avg_silhouette': 0.5886282420060852, 'num_points': 60}, {'avg_silhouette': 0.6427063657394143, 'num_points': 20}, {'avg_silhouette': 0.585769757692522, 'num_points': 16}, {'avg_silhouette': 0.8392471564204479, 'num_points': 15}]",10.0,6,0.11278672260247873,,3,0.68822302363377
DBSCAN,,0.33337567297406356,"[{'avg_silhouette': 0.8226479421032142, 'num_points': 34}, {'avg_silhouette': 0.5843184998791946, 'num_points': 76}, {'avg_silhouette': 0.6256329202985986, 'num_points': 21}, {'avg_silhouette': 0.8405409221704516, 'num_points': 15}]",10.0,4,0.11189679343262951,,3,0.6775331207603358
DBSCAN,,0.2833756729740635,"[{'avg_silhouette': 0.933394505049443, 'num_points': 12}, {'avg_silhouette': 0.8333344631558103, 'num_points': 22}, {'avg_silhouette': 0.6493646133726949, 'num_points': 57}, {'avg_silhouette': 0.639896048413703, 'num_points': 20}, {'avg_silhouette': 0.6313778296604564, 'num_points': 15}, {'avg_silhouette': 0.8385407070284635, 'num_points': 15}]",10.0,6,0.1112575483082822,,3,0.7075317083140694
DBSCAN,,0.2733756729740635,"[{'avg_silhouette': 0.933394505049443, 'num_points': 12}, {'avg_silhouette': 0.8333344631558103, 'num_points': 22}, {'avg_silhouette': 0.6493646133726949, 'num_points': 57}, {'avg_silhouette': 0.639896048413703, 'num_points': 20}, {'avg_silhouette': 0.6313778296604564, 'num_points': 15}, {'avg_silhouette': 0.8385407070284635, 'num_points': 15}]",10.0,6,0.1112575483082822,,3,0.7075317083140694
DBSCAN,,0.2633756729740635,"[{'avg_silhouette': 0.933394505049443, 'num_points': 12}, {'avg_silhouette': 0.8333344631558103, 'num_points': 22}, {'avg_silhouette': 0.6493646133726949, 'num_points': 57}, {'avg_silhouette': 0.639896048413703, 'num_points': 20}, {'avg_silhouette': 0.6313778296604564, 'num_points': 15}, {'avg_silhouette': 0.8385407070284635, 'num_points': 15}]",10.0,6,0.1112575483082822,,3,0.7075317083140694
DBSCAN,,0.2533756729740635,"[{'avg_silhouette': 0.933394505049443, 'num_points': 12}, {'avg_silhouette': 0.8333344631558103, 'num_points': 22}, {'avg_silhouette': 0.6957865437204802, 'num_points': 55}, {'avg_silhouette': 0.6374370339669744, 'num_points': 20}, {'avg_silhouette': 0.6264875409751127, 'num_points': 15}, {'avg_silhouette': 0.8383255647702051, 'num_points': 15}]",10.0,6,0.11106185527688327,,3,0.7221860136144217
DBSCAN,,0.31337567297406355,"[{'avg_silhouette': 0.933394505049443, 'num_points': 12}, {'avg_silhouette': 0.8333344631558103, 'num_points': 22}, {'avg_silhouette': 0.5835482482974729, 'num_points': 60}, {'avg_silhouette': 0.6427063657394143, 'num_points': 20}, {'avg_silhouette': 0.6413841377656554, 'num_points': 15}, {'avg_silhouette': 0.8392471564204479, 'num_points': 15}]",10.0,6,0.11072031056435637,,3,0.6865296923975658
DBSCAN,,0.30337567297406354,"[{'avg_silhouette': 0.933394505049443, 'num_points': 12}, {'avg_silhouette': 0.8333344631558103, 'num_points': 22}, {'avg_silhouette': 0.5835482482974729, 'num_points': 60}, {'avg_silhouette': 0.6427063657394143, 'num_points': 20}, {'avg_silhouette': 0.6413841377656554, 'num_points': 15}, {'avg_silhouette': 0.8392471564204479, 'num_points': 15}]",10.0,6,0.11072031056435637,,3,0.6865296923975658
DBSCAN,,0.29337567297406353,"[{'avg_silhouette': 0.933394505049443, 'num_points': 12}, {'avg_silhouette': 0.8333344631558103, 'num_points': 22}, {'avg_silhouette': 0.5835482482974729, 'num_points': 60}, {'avg_silhouette': 0.6427063657394143, 'num_points': 20}, {'avg_silhouette': 0.6413841377656554, 'num_points': 15}, {'avg_silhouette': 0.8392471564204479, 'num_points': 15}]",10.0,6,0.11072031056435637,,3,0.6865296923975658
DBSCAN,,0.20337567297406345,"[{'avg_silhouette': 0.933394505049443, 'num_points': 12}, {'avg_silhouette': 0.8333344631558103, 'num_points': 22}, {'avg_silhouette': 0.805760755799309, 'num_points': 49}, {'avg_silhouette': 0.6549650344794595, 'num_points': 18}, {'avg_silhouette': 0.8190093111621604, 'num_points': 10}, {'avg_silhouette': 0.8020213546201503, 'num_points': 5}, {'avg_silhouette': 0.9317905954428582, 'num_points': 5}, {'avg_silhouette': 0.9962997153564203, 'num_points': 11}]",5.0,8,0.1083166302327155,,3,0.7646867511448595
DBSCAN,,0.21337567297406346,"[{'avg_silhouette': 0.933394505049443, 'num_points': 12}, {'avg_silhouette': 0.8333344631558103, 'num_points': 22}, {'avg_silhouette': 0.7742269960612153, 'num_points': 50}, {'avg_silhouette': 0.6557177017483063, 'num_points': 18}, {'avg_silhouette': 0.8190093111621604, 'num_points': 10}, {'avg_silhouette': 0.8020213546201503, 'num_points': 5}, {'avg_silhouette': 0.9317905954428582, 'num_points': 5}, {'avg_silhouette': 0.9963059363538972, 'num_points': 11}]",5.0,8,0.10774258406448475,,3,0.754426386988444
DBSCAN,,0.24337567297406348,"[{'avg_silhouette': 0.933394505049443, 'num_points': 12}, {'avg_silhouette': 0.8333344631558103, 'num_points': 22}, {'avg_silhouette': 0.7448776946420682, 'num_points': 51}, {'avg_silhouette': 0.656449490182559, 'num_points': 18}, {'avg_silhouette': 0.8190093111621604, 'num_points': 10}, {'avg_silhouette': 0.8020213546201503, 'num_points': 5}, {'avg_silhouette': 0.9317905954428582, 'num_points': 5}, {'avg_silhouette': 0.9963120251052916, 'num_points': 11}]",5.0,8,0.10732423344245393,,3,0.7448872159934791
DBSCAN,,0.23337567297406347,"[{'avg_silhouette': 0.933394505049443, 'num_points': 12}, {'avg_silhouette': 0.8333344631558103, 'num_points': 22}, {'avg_silhouette': 0.7448776946420682, 'num_points': 51}, {'avg_silhouette': 0.656449490182559, 'num_points': 18}, {'avg_silhouette': 0.8190093111621604, 'num_points': 10}, {'avg_silhouette': 0.8020213546201503, 'num_points': 5}, {'avg_silhouette': 0.9317905954428582, 'num_points': 5}, {'avg_silhouette': 0.9963120251052916, 'num_points': 11}]",5.0,8,0.10732423344245393,,3,0.7448872159934791
DBSCAN,,0.22337567297406347,"[{'avg_silhouette': 0.933394505049443, 'num_points': 12}, {'avg_silhouette': 0.8333344631558103, 'num_points': 22}, {'avg_silhouette': 0.7448776946420682, 'num_points': 51}, {'avg_silhouette': 0.656449490182559, 'num_points': 18}, {'avg_silhouette': 0.8190093111621604, 'num_points': 10}, {'avg_silhouette': 0.8020213546201503, 'num_points': 5}, {'avg_silhouette': 0.9317905954428582, 'num_points': 5}, {'avg_silhouette': 0.9963120251052916, 'num_points': 11}]",5.0,8,0.10732423344245393,,3,0.7448872159934791
HDBSCAN,,,"[{'avg_silhouette': 0.3947469188859543, 'num_points': 9}, {'avg_silhouette': 0.7978876292385954, 'num_points': 16}, {'avg_silhouette': 0.8333344631558103, 'num_points': 22}, {'avg_silhouette': 0.933394505049443, 'num_points': 12}, {'avg_silhouette': 0.47516649931816307, 'num_points': 8}, {'avg_silhouette': 0.5312659093863332, 'num_points': 9}, {'avg_silhouette': 0.4201185961373806, 'num_points': 27}, {'avg_silhouette': 0.5512059639398154, 'num_points': 16}, {'avg_silhouette': 0.80543918876464, 'num_points': 21}, {'avg_silhouette': 0.7659101311247722, 'num_points': 19}]",,10,0.10131061779271948,8.0,4,0.7062005947956508
HDBSCAN,,,"[{'avg_silhouette': 0.7978925544716142, 'num_points': 16}, {'avg_silhouette': 0.8333344631558103, 'num_points': 22}, {'avg_silhouette': 0.933394505049443, 'num_points': 12}, {'avg_silhouette': 0.5312659093863332, 'num_points': 9}, {'avg_silhouette': 0.42011084777052043, 'num_points': 27}, {'avg_silhouette': 0.5511870144708823, 'num_points': 16}, {'avg_silhouette': 0.7984858862082485, 'num_points': 21}, {'avg_silhouette': 0.8107079971312943, 'num_points': 18}]",,8,0.09523272786789566,9.0,4,0.7156597985664683
DBSCAN,,0.19337567297406344,"[{'avg_silhouette': 0.933394505049443, 'num_points': 12}, {'avg_silhouette': 0.8333344631558103, 'num_points': 22}, {'avg_silhouette': 0.8790869195187142, 'num_points': 45}, {'avg_silhouette': 0.4651942693088036, 'num_points': 7}, {'avg_silhouette': 0.8190093111621604, 'num_points': 10}, {'avg_silhouette': 0.5234521920345512, 'num_points': 11}, {'avg_silhouette': 0.7973082170287489, 'num_points': 5}, {'avg_silhouette': 0.9317905954428582, 'num_points': 5}, {'avg_silhouette': 0.9962930614476995, 'num_points': 11}]",5.0,9,0.08827440637935044,,2,0.8562106913372622
DBSCAN,,0.18337567297406343,"[{'avg_silhouette': 0.933394505049443, 'num_points': 12}, {'avg_silhouette': 0.8333344631558103, 'num_points': 22}, {'avg_silhouette': 0.8790869195187142, 'num_points': 45}, {'avg_silhouette': 0.4651942693088036, 'num_points': 7}, {'avg_silhouette': 0.8190093111621604, 'num_points': 10}, {'avg_silhouette': 0.5234521920345512, 'num_points': 11}, {'avg_silhouette': 0.7973082170287489, 'num_points': 5}, {'avg_silhouette': 0.9317905954428582, 'num_points': 5}, {'avg_silhouette': 0.9962930614476995, 'num_points': 11}]",5.0,9,0.08827440637935044,,2,0.8562106913372622
DBSCAN,,0.17337567297406342,"[{'avg_silhouette': 0.9329890085600977, 'num_points': 12}, {'avg_silhouette': 0.8712578634536546, 'num_points': 21}, {'avg_silhouette': 0.8790869195187142, 'num_points': 45}, {'avg_silhouette': 0.4651942693088036, 'num_points': 7}, {'avg_silhouette': 0.8190093111621604, 'num_points': 10}, {'avg_silhouette': 0.5234521920345512, 'num_points': 11}, {'avg_silhouette': 0.7973082170287489, 'num_points': 5}, {'avg_silhouette': 0.9317905954428582, 'num_points': 5}, {'avg_silhouette': 0.9962930614476995, 'num_points': 11}]",5.0,9,0.08564005038136814,,2,0.8751723914861844
DBSCAN,,0.1633756729740634,"[{'avg_silhouette': 0.9329890085600977, 'num_points': 12}, {'avg_silhouette': 0.8712578634536546, 'num_points': 21}, {'avg_silhouette': 0.8790869195187142, 'num_points': 45}, {'avg_silhouette': 0.4651942693088036, 'num_points': 7}, {'avg_silhouette': 0.8190093111621604, 'num_points': 10}, {'avg_silhouette': 0.5234521920345512, 'num_points': 11}, {'avg_silhouette': 0.7973082170287489, 'num_points': 5}, {'avg_silhouette': 0.9317905954428582, 'num_points': 5}, {'avg_silhouette': 0.9962930614476995, 'num_points': 11}]",5.0,9,0.08564005038136814,,2,0.8751723914861844
DBSCAN,,0.1533756729740634,"[{'avg_silhouette': 0.9329890085600977, 'num_points': 12}, {'avg_silhouette': 0.8712578634536546, 'num_points': 21}, {'avg_silhouette': 0.8957833396183233, 'num_points': 44}, {'avg_silhouette': 0.4651942693088036, 'num_points': 7}, {'avg_silhouette': 0.8190093111621604, 'num_points': 10}, {'avg_silhouette': 0.5234521920345512, 'num_points': 11}, {'avg_silhouette': 0.7973082170287489, 'num_points': 5}, {'avg_silhouette': 0.9317905954428582, 'num_points': 5}, {'avg_silhouette': 0.9962919519385554, 'num_points': 11}]",5.0,9,0.08299581095220743,,2,0.883520601535989
HDBSCAN,,,"[{'avg_silhouette': 0.7978876292385954, 'num_points': 16}, {'avg_silhouette': 0.8333344631558103, 'num_points': 22}, {'avg_silhouette': 0.933394505049443, 'num_points': 12}, {'avg_silhouette': 0.44572015304356066, 'num_points': 27}, {'avg_silhouette': 0.5512059639398154, 'num_points': 16}, {'avg_silhouette': 0.80543918876464, 'num_points': 21}, {'avg_silhouette': 0.7659101311247722, 'num_points': 19}]",,7,0.07308765473189857,10.0,4,0.7126009840221958
DBSCAN,,0.1433756729740634,"[{'avg_silhouette': 0.9323997633485458, 'num_points': 12}, {'avg_silhouette': 0.9368773574996453, 'num_points': 19}, {'avg_silhouette': 0.8957833396183233, 'num_points': 44}, {'avg_silhouette': 0.6615068622974942, 'num_points': 5}, {'avg_silhouette': 0.8190093111621604, 'num_points': 10}, {'avg_silhouette': 0.5296436675152201, 'num_points': 11}, {'avg_silhouette': 0.7973082170287489, 'num_points': 5}, {'avg_silhouette': 0.9317905954428582, 'num_points': 5}, {'avg_silhouette': 0.9962919519385554, 'num_points': 11}]",5.0,9,0.07228774460654927,,2,0.9163303485589843
DBSCAN,,0.1333756729740634,"[{'avg_silhouette': 0.9323997633485458, 'num_points': 12}, {'avg_silhouette': 0.9368773574996453, 'num_points': 19}, {'avg_silhouette': 0.8957833396183233, 'num_points': 44}, {'avg_silhouette': 0.6615068622974942, 'num_points': 5}, {'avg_silhouette': 0.8190093111621604, 'num_points': 10}, {'avg_silhouette': 0.5296436675152201, 'num_points': 11}, {'avg_silhouette': 0.7973082170287489, 'num_points': 5}, {'avg_silhouette': 0.9317905954428582, 'num_points': 5}, {'avg_silhouette': 0.9962919519385554, 'num_points': 11}]",5.0,9,0.07228774460654927,,2,0.9163303485589843
HDBSCAN,,,"[{'avg_silhouette': 0.7978876292385954, 'num_points': 16}, {'avg_silhouette': 0.8333344631558103, 'num_points': 22}, {'avg_silhouette': 0.933394505049443, 'num_points': 12}, {'avg_silhouette': 0.44506850105171364, 'num_points': 27}, {'avg_silhouette': 0.6099458480968992, 'num_points': 15}, {'avg_silhouette': 0.80543918876464, 'num_points': 21}, {'avg_silhouette': 0.7659101311247722, 'num_points': 19}]",,7,0.0721401568472528,11.0,4,0.7124380710242341
HDBSCAN,,,"[{'avg_silhouette': 0.7978876292385954, 'num_points': 16}, {'avg_silhouette': 0.8333344631558103, 'num_points': 22}, {'avg_silhouette': 0.933394505049443, 'num_points': 12}, {'avg_silhouette': 0.44506850105171364, 'num_points': 27}, {'avg_silhouette': 0.6099458480968992, 'num_points': 15}, {'avg_silhouette': 0.80543918876464, 'num_points': 21}, {'avg_silhouette': 0.7659101311247722, 'num_points': 19}]",,7,0.0721401568472528,12.0,4,0.7124380710242341
DBSCAN,,0.24337567297406348,"[{'avg_silhouette': 0.933394505049443, 'num_points': 12}, {'avg_silhouette': 0.8333344631558103, 'num_points': 22}, {'avg_silhouette': 0.805760755799309, 'num_points': 49}, {'avg_silhouette': 0.6681736566268025, 'num_points': 18}, {'avg_silhouette': 0.8643401250899763, 'num_points': 10}, {'avg_silhouette': 0.9962997153564203, 'num_points': 11}]",10.0,6,0.0703827918454653,,3,0.769089625193974
DBSCAN,,0.23337567297406347,"[{'avg_silhouette': 0.933394505049443, 'num_points': 12}, {'avg_silhouette': 0.8333344631558103, 'num_points': 22}, {'avg_silhouette': 0.805760755799309, 'num_points': 49}, {'avg_silhouette': 0.6681736566268025, 'num_points': 18}, {'avg_silhouette': 0.8643401250899763, 'num_points': 10}, {'avg_silhouette': 0.9962997153564203, 'num_points': 11}]",10.0,6,0.0703827918454653,,3,0.769089625193974
DBSCAN,,0.22337567297406347,"[{'avg_silhouette': 0.933394505049443, 'num_points': 12}, {'avg_silhouette': 0.8333344631558103, 'num_points': 22}, {'avg_silhouette': 0.805760755799309, 'num_points': 49}, {'avg_silhouette': 0.6681736566268025, 'num_points': 18}, {'avg_silhouette': 0.8643401250899763, 'num_points': 10}, {'avg_silhouette': 0.9962997153564203, 'num_points': 11}]",10.0,6,0.0703827918454653,,3,0.769089625193974
DBSCAN,,0.21337567297406346,"[{'avg_silhouette': 0.933394505049443, 'num_points': 12}, {'avg_silhouette': 0.8333344631558103, 'num_points': 22}, {'avg_silhouette': 0.805760755799309, 'num_points': 49}, {'avg_silhouette': 0.6681736566268025, 'num_points': 18}, {'avg_silhouette': 0.8643401250899763, 'num_points': 10}, {'avg_silhouette': 0.9962997153564203, 'num_points': 11}]",10.0,6,0.0703827918454653,,3,0.769089625193974
DBSCAN,,0.12337567297406338,"[{'avg_silhouette': 0.9323997633485458, 'num_points': 12}, {'avg_silhouette': 0.9368773574996453, 'num_points': 19}, {'avg_silhouette': 0.8949487491928828, 'num_points': 44}, {'avg_silhouette': 0.6615068622974942, 'num_points': 5}, {'avg_silhouette': 0.9038270135923163, 'num_points': 9}, {'avg_silhouette': 0.5296436675152201, 'num_points': 11}, {'avg_silhouette': 0.9308559485223189, 'num_points': 5}, {'avg_silhouette': 0.9962919519385554, 'num_points': 11}, {'avg_silhouette': 0.7973082170287489, 'num_points': 5}]",5.0,9,0.06965897100877204,,2,0.915913053346264
HDBSCAN,,,"[{'avg_silhouette': 0.8001107630719999, 'num_points': 35}, {'avg_silhouette': 0.5948775691617464, 'num_points': 75}, {'avg_silhouette': 0.6014550535449783, 'num_points': 22}]",,3,0.06152280183417489,18.0,3,0.6654811285929082
HDBSCAN,,,"[{'avg_silhouette': 0.8001107630719999, 'num_points': 35}, {'avg_silhouette': 0.5948775691617464, 'num_points': 75}, {'avg_silhouette': 0.6014550535449783, 'num_points': 22}]",,3,0.06152280183417489,19.0,3,0.6654811285929082
HDBSCAN,,,"[{'avg_silhouette': 0.8001107630719999, 'num_points': 35}, {'avg_silhouette': 0.5948775691617464, 'num_points': 75}, {'avg_silhouette': 0.6014550535449783, 'num_points': 22}]",,3,0.06152280183417489,20.0,3,0.6654811285929082
HDBSCAN,,,"[{'avg_silhouette': 0.8001107630719999, 'num_points': 35}, {'avg_silhouette': 0.5948775691617464, 'num_points': 75}, {'avg_silhouette': 0.6014550535449783, 'num_points': 22}]",,3,0.06152280183417489,21.0,3,0.6654811285929082
HDBSCAN,,,"[{'avg_silhouette': 0.8001107630719999, 'num_points': 35}, {'avg_silhouette': 0.5948775691617464, 'num_points': 75}, {'avg_silhouette': 0.6014550535449783, 'num_points': 22}]",,3,0.06152280183417489,22.0,3,0.6654811285929082
HDBSCAN,,,"[{'avg_silhouette': 0.7978994521046238, 'num_points': 16}, {'avg_silhouette': 0.8043654314577735, 'num_points': 35}, {'avg_silhouette': 0.4450220649235183, 'num_points': 27}, {'avg_silhouette': 0.609809456174106, 'num_points': 15}, {'avg_silhouette': 0.8313841611012215, 'num_points': 20}, {'avg_silhouette': 0.9409074414795877, 'num_points': 16}]",,6,0.06066461117355584,14.0,3,0.6935905524941711
HDBSCAN,,,"[{'avg_silhouette': 0.7978941560134767, 'num_points': 16}, {'avg_silhouette': 0.8043654314577735, 'num_points': 35}, {'avg_silhouette': 0.44500697534502187, 'num_points': 27}, {'avg_silhouette': 0.6097484574375716, 'num_points': 15}, {'avg_silhouette': 0.895870625785856, 'num_points': 19}, {'avg_silhouette': 0.9382585762624638, 'num_points': 16}]",,6,0.05919561622717712,13.0,3,0.7150810108628839
DBSCAN,,0.20337567297406345,"[{'avg_silhouette': 0.933394505049443, 'num_points': 12}, {'avg_silhouette': 0.8333344631558103, 'num_points': 22}, {'avg_silhouette': 0.805760755799309, 'num_points': 49}, {'avg_silhouette': 0.8643401250899763, 'num_points': 10}, {'avg_silhouette': 0.7054641833544651, 'num_points': 15}, {'avg_silhouette': 0.9962997153564203, 'num_points': 11}]",10.0,6,0.058885033725217764,,2,0.8195476094775596
HDBSCAN,,,"[{'avg_silhouette': 0.7978994521046238, 'num_points': 16}, {'avg_silhouette': 0.8021501691569553, 'num_points': 35}, {'avg_silhouette': 0.4857716106021033, 'num_points': 25}, {'avg_silhouette': 0.609809456174106, 'num_points': 15}, {'avg_silhouette': 0.8313841611012215, 'num_points': 20}, {'avg_silhouette': 0.9409074414795877, 'num_points': 16}]",,6,0.05718891062616613,15.0,3,0.7064353136200934
DBSCAN,,0.11337567297406337,"[{'avg_silhouette': 0.9323997633485458, 'num_points': 12}, {'avg_silhouette': 0.9368773574996453, 'num_points': 19}, {'avg_silhouette': 0.8949487491928828, 'num_points': 44}, {'avg_silhouette': 0.6854374493876871, 'num_points': 5}, {'avg_silhouette': 0.9038270135923163, 'num_points': 9}, {'avg_silhouette': 0.6484854204568266, 'num_points': 7}, {'avg_silhouette': 0.9308559485223189, 'num_points': 5}, {'avg_silhouette': 0.9962919519385554, 'num_points': 11}]",5.0,8,0.03861539389407923,,2,0.915913053346264
DBSCAN,,0.09337567297406335,"[{'avg_silhouette': 0.9323997633485458, 'num_points': 12}, {'avg_silhouette': 0.9368773574996453, 'num_points': 19}, {'avg_silhouette': 0.8949487491928828, 'num_points': 44}, {'avg_silhouette': 0.9038270135923163, 'num_points': 9}, {'avg_silhouette': 0.9308559485223189, 'num_points': 5}, {'avg_silhouette': 0.9962919519385554, 'num_points': 11}]",5.0,6,0.037564992376472296,,2,0.915913053346264
DBSCAN,,0.08337567297406334,"[{'avg_silhouette': 0.9323997633485458, 'num_points': 12}, {'avg_silhouette': 0.9368773574996453, 'num_points': 19}, {'avg_silhouette': 0.8949487491928828, 'num_points': 44}, {'avg_silhouette': 0.9038270135923163, 'num_points': 9}, {'avg_silhouette': 0.9308559485223189, 'num_points': 5}, {'avg_silhouette': 0.9962919519385554, 'num_points': 11}]",5.0,6,0.037564992376472296,,2,0.915913053346264
DBSCAN,,0.07337567297406333,"[{'avg_silhouette': 0.9323997633485458, 'num_points': 12}, {'avg_silhouette': 0.9368773574996453, 'num_points': 19}, {'avg_silhouette': 0.8949487491928828, 'num_points': 44}, {'avg_silhouette': 0.9038270135923163, 'num_points': 9}, {'avg_silhouette': 0.9308559485223189, 'num_points': 5}, {'avg_silhouette': 0.9962919519385554, 'num_points': 11}]",5.0,6,0.037564992376472296,,2,0.915913053346264
DBSCAN,,0.19337567297406344,"[{'avg_silhouette': 0.933394505049443, 'num_points': 12}, {'avg_silhouette': 0.8333344631558103, 'num_points': 22}, {'avg_silhouette': 0.8790869195187142, 'num_points': 45}, {'avg_silhouette': 0.8623290728880395, 'num_points': 10}, {'avg_silhouette': 0.7973733599175553, 'num_points': 11}, {'avg_silhouette': 0.9962930614476995, 'num_points': 11}]",10.0,6,0.03594277943851347,,2,0.8562106913372622
DBSCAN,,0.18337567297406343,"[{'avg_silhouette': 0.933394505049443, 'num_points': 12}, {'avg_silhouette': 0.8333344631558103, 'num_points': 22}, {'avg_silhouette': 0.8790869195187142, 'num_points': 45}, {'avg_silhouette': 0.8623290728880395, 'num_points': 10}, {'avg_silhouette': 0.7973733599175553, 'num_points': 11}, {'avg_silhouette': 0.9962930614476995, 'num_points': 11}]",10.0,6,0.03594277943851347,,2,0.8562106913372622
DBSCAN,,0.17337567297406342,"[{'avg_silhouette': 0.9329890085600977, 'num_points': 12}, {'avg_silhouette': 0.8712578634536546, 'num_points': 21}, {'avg_silhouette': 0.8790869195187142, 'num_points': 45}, {'avg_silhouette': 0.8623290728880395, 'num_points': 10}, {'avg_silhouette': 0.7973733599175553, 'num_points': 11}, {'avg_silhouette': 0.9962930614476995, 'num_points': 11}]",10.0,6,0.03330262346760854,,2,0.8751723914861844
DBSCAN,,0.1633756729740634,"[{'avg_silhouette': 0.9329890085600977, 'num_points': 12}, {'avg_silhouette': 0.8712578634536546, 'num_points': 21}, {'avg_silhouette': 0.8790869195187142, 'num_points': 45}, {'avg_silhouette': 0.8623290728880395, 'num_points': 10}, {'avg_silhouette': 0.7973733599175553, 'num_points': 11}, {'avg_silhouette': 0.9962930614476995, 'num_points': 11}]",10.0,6,0.03330262346760854,,2,0.8751723914861844
DBSCAN,,0.1533756729740634,"[{'avg_silhouette': 0.9329890085600977, 'num_points': 12}, {'avg_silhouette': 0.8712578634536546, 'num_points': 21}, {'avg_silhouette': 0.8957833396183233, 'num_points': 44}, {'avg_silhouette': 0.8619945839580663, 'num_points': 10}, {'avg_silhouette': 0.7974727058188567, 'num_points': 11}, {'avg_silhouette': 0.9962919519385554, 'num_points': 11}]",10.0,6,0.030670763759679316,,2,0.883520601535989
DBSCAN,,0.1433756729740634,"[{'avg_silhouette': 0.9323997633485458, 'num_points': 12}, {'avg_silhouette': 0.9368773574996453, 'num_points': 19}, {'avg_silhouette': 0.8957833396183233, 'num_points': 44}, {'avg_silhouette': 0.8619945839580663, 'num_points': 10}, {'avg_silhouette': 0.8089591303832921, 'num_points': 10}, {'avg_silhouette': 0.9962919519385554, 'num_points': 11}]",10.0,6,0.01980610991222173,,2,0.9163303485589843
DBSCAN,,0.1333756729740634,"[{'avg_silhouette': 0.9323997633485458, 'num_points': 12}, {'avg_silhouette': 0.9368773574996453, 'num_points': 19}, {'avg_silhouette': 0.8957833396183233, 'num_points': 44}, {'avg_silhouette': 0.8619945839580663, 'num_points': 10}, {'avg_silhouette': 0.8089591303832921, 'num_points': 10}, {'avg_silhouette': 0.9962919519385554, 'num_points': 11}]",10.0,6,0.01980610991222173,,2,0.9163303485589843
DBSCAN,,0.10337567297406336,"[{'avg_silhouette': 0.9323997633485458, 'num_points': 12}, {'avg_silhouette': 0.9368773574996453, 'num_points': 19}, {'avg_silhouette': 0.8949487491928828, 'num_points': 44}, {'avg_silhouette': 0.9038270135923163, 'num_points': 9}, {'avg_silhouette': 0.8828200334222649, 'num_points': 5}, {'avg_silhouette': 0.9308559485223189, 'num_points': 5}, {'avg_silhouette': 0.9962919519385554, 'num_points': 11}]",5.0,7,0.015665925017491564,,2,0.915913053346264
HDBSCAN,,,"[{'avg_silhouette': 0.7978994521046238, 'num_points': 16}, {'avg_silhouette': 0.8021501691569553, 'num_points': 35}, {'avg_silhouette': 0.4994940487977905, 'num_points': 25}, {'avg_silhouette': 0.8313841611012215, 'num_points': 20}, {'avg_silhouette': 0.9409074414795877, 'num_points': 16}]",,5,0.00456076470619464,16.0,3,0.7110094596853225
DBSCAN,,0.12337567297406338,"[{'avg_silhouette': 0.9323997633485458, 'num_points': 12}, {'avg_silhouette': 0.9368773574996453, 'num_points': 19}, {'avg_silhouette': 0.9647410757193011, 'num_points': 44}, {'avg_silhouette': 0.9962919519385554, 'num_points': 11}]",10.0,4,-0.007985269762929395,,2,0.9508092166094733
DBSCAN,,0.11337567297406337,"[{'avg_silhouette': 0.9323997633485458, 'num_points': 12}, {'avg_silhouette': 0.9368773574996453, 'num_points': 19}, {'avg_silhouette': 0.9647410757193011, 'num_points': 44}, {'avg_silhouette': 0.9962919519385554, 'num_points': 11}]",10.0,4,-0.007985269762929395,,2,0.9508092166094733
DBSCAN,,0.10337567297406336,"[{'avg_silhouette': 0.9323997633485458, 'num_points': 12}, {'avg_silhouette': 0.9368773574996453, 'num_points': 19}, {'avg_silhouette': 0.9647410757193011, 'num_points': 44}, {'avg_silhouette': 0.9962919519385554, 'num_points': 11}]",10.0,4,-0.007985269762929395,,2,0.9508092166094733
DBSCAN,,0.09337567297406335,"[{'avg_silhouette': 0.9323997633485458, 'num_points': 12}, {'avg_silhouette': 0.9368773574996453, 'num_points': 19}, {'avg_silhouette': 0.9647410757193011, 'num_points': 44}, {'avg_silhouette': 0.9962919519385554, 'num_points': 11}]",10.0,4,-0.007985269762929395,,2,0.9508092166094733
DBSCAN,,0.08337567297406334,"[{'avg_silhouette': 0.9323997633485458, 'num_points': 12}, {'avg_silhouette': 0.9368773574996453, 'num_points': 19}, {'avg_silhouette': 0.9647410757193011, 'num_points': 44}, {'avg_silhouette': 0.9962919519385554, 'num_points': 11}]",10.0,4,-0.007985269762929395,,2,0.9508092166094733
DBSCAN,,0.07337567297406333,"[{'avg_silhouette': 0.9323997633485458, 'num_points': 12}, {'avg_silhouette': 0.9368773574996453, 'num_points': 19}, {'avg_silhouette': 0.9647410757193011, 'num_points': 44}, {'avg_silhouette': 0.9962919519385554, 'num_points': 11}]",10.0,4,-0.007985269762929395,,2,0.9508092166094733
HDBSCAN,,,"[{'avg_silhouette': 0.8021528938751452, 'num_points': 35}, {'avg_silhouette': 0.524832753435414, 'num_points': 24}, {'avg_silhouette': 0.7427659415686572, 'num_points': 17}, {'avg_silhouette': 0.808182436921158, 'num_points': 21}]",,4,-0.05374651582216477,17.0,4,0.7194835064500936
