algo,linkage,eps,clusters,min_samples,num_clusters,silhouette_score,min_cluster_size,num_representative_clusters,silhouette_score_representative_clusters
DBSCAN,,0.9323301886761,"[{'avg_silhouette': 0.31323504629930476, 'num_points': 1275}, {'avg_silhouette': 0.4932000366206187, 'num_points': 131}, {'avg_silhouette': 0.6569553074907517, 'num_points': 27}, {'avg_silhouette': 0.5792836146473526, 'num_points': 55}, {'avg_silhouette': 0.5188887281701633, 'num_points': 14}, {'avg_silhouette': 0.38167484922431233, 'num_points': 8}, {'avg_silhouette': 0.349691206689909, 'num_points': 130}, {'avg_silhouette': 0.5200100816508472, 'num_points': 8}, {'avg_silhouette': 0.48055359615408155, 'num_points': 5}, {'avg_silhouette': 0.47883330268451896, 'num_points': 10}, {'avg_silhouette': 0.3520707262640494, 'num_points': 11}, {'avg_silhouette': 0.47630686868756617, 'num_points': 9}, {'avg_silhouette': 0.37594918868689975, 'num_points': 7}, {'avg_silhouette': 0.2810401945223539, 'num_points': 12}, {'avg_silhouette': 0.6280744472418872, 'num_points': 13}, {'avg_silhouette': 0.4748314022258672, 'num_points': 9}, {'avg_silhouette': 0.7642619680103173, 'num_points': 25}]",5.0,17,0.3225436866481754,,3,0.3853754298699441
DBSCAN,,0.9623301886761,"[{'avg_silhouette': 0.3127771350480426, 'num_points': 1276}, {'avg_silhouette': 0.4932991633228315, 'num_points': 131}, {'avg_silhouette': 0.6570305833433814, 'num_points': 27}, {'avg_silhouette': 0.5793799453169255, 'num_points': 55}, {'avg_silhouette': 0.5189967463508148, 'num_points': 14}, {'avg_silhouette': 0.38180058623775015, 'num_points': 8}, {'avg_silhouette': 0.343491928528436, 'num_points': 131}, {'avg_silhouette': 0.5201212185998421, 'num_points': 8}, {'avg_silhouette': 0.48231695416263126, 'num_points': 5}, {'avg_silhouette': 0.47893203577853793, 'num_points': 10}, {'avg_silhouette': 0.35219949580936294, 'num_points': 11}, {'avg_silhouette': 0.47641583986070724, 'num_points': 9}, {'avg_silhouette': 0.37594918868689975, 'num_points': 7}, {'avg_silhouette': 0.2810401945223539, 'num_points': 12}, {'avg_silhouette': 0.6281571721779771, 'num_points': 13}, {'avg_silhouette': 0.4748314022258672, 'num_points': 9}, {'avg_silhouette': 0.7643172530677893, 'num_points': 25}]",5.0,17,0.3224928322672281,,3,0.3831894089664367
DBSCAN,,0.9523301886761,"[{'avg_silhouette': 0.31323880548417676, 'num_points': 1275}, {'avg_silhouette': 0.4932000366206187, 'num_points': 131}, {'avg_silhouette': 0.6569553074907517, 'num_points': 27}, {'avg_silhouette': 0.5792836146473526, 'num_points': 55}, {'avg_silhouette': 0.5188887281701633, 'num_points': 14}, {'avg_silhouette': 0.38167484922431233, 'num_points': 8}, {'avg_silhouette': 0.343491928528436, 'num_points': 131}, {'avg_silhouette': 0.5200100816508472, 'num_points': 8}, {'avg_silhouette': 0.48231695416263126, 'num_points': 5}, {'avg_silhouette': 0.47883330268451896, 'num_points': 10}, {'avg_silhouette': 0.3520707262640494, 'num_points': 11}, {'avg_silhouette': 0.47630686868756617, 'num_points': 9}, {'avg_silhouette': 0.37594918868689975, 'num_points': 7}, {'avg_silhouette': 0.2810401945223539, 'num_points': 12}, {'avg_silhouette': 0.6280744472418872, 'num_points': 13}, {'avg_silhouette': 0.4748314022258672, 'num_points': 9}, {'avg_silhouette': 0.7642619680103173, 'num_points': 25}]",5.0,17,0.3224889786149407,,3,0.3833102568777438
DBSCAN,,0.9423301886761,"[{'avg_silhouette': 0.31323880548417676, 'num_points': 1275}, {'avg_silhouette': 0.4932000366206187, 'num_points': 131}, {'avg_silhouette': 0.6569553074907517, 'num_points': 27}, {'avg_silhouette': 0.5792836146473526, 'num_points': 55}, {'avg_silhouette': 0.5188887281701633, 'num_points': 14}, {'avg_silhouette': 0.38167484922431233, 'num_points': 8}, {'avg_silhouette': 0.343491928528436, 'num_points': 131}, {'avg_silhouette': 0.5200100816508472, 'num_points': 8}, {'avg_silhouette': 0.48231695416263126, 'num_points': 5}, {'avg_silhouette': 0.47883330268451896, 'num_points': 10}, {'avg_silhouette': 0.3520707262640494, 'num_points': 11}, {'avg_silhouette': 0.47630686868756617, 'num_points': 9}, {'avg_silhouette': 0.37594918868689975, 'num_points': 7}, {'avg_silhouette': 0.2810401945223539, 'num_points': 12}, {'avg_silhouette': 0.6280744472418872, 'num_points': 13}, {'avg_silhouette': 0.4748314022258672, 'num_points': 9}, {'avg_silhouette': 0.7642619680103173, 'num_points': 25}]",5.0,17,0.3224889786149407,,3,0.3833102568777438
DBSCAN,,0.9923301886761,"[{'avg_silhouette': 0.3128287827943344, 'num_points': 1277}, {'avg_silhouette': 0.49337383727136797, 'num_points': 131}, {'avg_silhouette': 0.657083364669595, 'num_points': 27}, {'avg_silhouette': 0.579449234592573, 'num_points': 55}, {'avg_silhouette': 0.5190761803993512, 'num_points': 14}, {'avg_silhouette': 0.3819010049308403, 'num_points': 8}, {'avg_silhouette': 0.343491928528436, 'num_points': 131}, {'avg_silhouette': 0.5202019257934554, 'num_points': 8}, {'avg_silhouette': 0.48231695416263126, 'num_points': 5}, {'avg_silhouette': 0.47901040475562306, 'num_points': 10}, {'avg_silhouette': 0.3522846886271804, 'num_points': 11}, {'avg_silhouette': 0.47649465989504297, 'num_points': 9}, {'avg_silhouette': 0.33808323913597027, 'num_points': 16}, {'avg_silhouette': 0.2810401945223539, 'num_points': 12}, {'avg_silhouette': 0.6282123531476743, 'num_points': 13}, {'avg_silhouette': 0.7643538802735215, 'num_points': 25}]",5.0,16,0.32209105762375434,,3,0.38323151619804613
DBSCAN,,0.9823301886761,"[{'avg_silhouette': 0.3128287827943344, 'num_points': 1277}, {'avg_silhouette': 0.49337383727136797, 'num_points': 131}, {'avg_silhouette': 0.657083364669595, 'num_points': 27}, {'avg_silhouette': 0.579449234592573, 'num_points': 55}, {'avg_silhouette': 0.5190761803993512, 'num_points': 14}, {'avg_silhouette': 0.3819010049308403, 'num_points': 8}, {'avg_silhouette': 0.343491928528436, 'num_points': 131}, {'avg_silhouette': 0.5202019257934554, 'num_points': 8}, {'avg_silhouette': 0.48231695416263126, 'num_points': 5}, {'avg_silhouette': 0.47901040475562306, 'num_points': 10}, {'avg_silhouette': 0.3522846886271804, 'num_points': 11}, {'avg_silhouette': 0.47649465989504297, 'num_points': 9}, {'avg_silhouette': 0.33808323913597027, 'num_points': 16}, {'avg_silhouette': 0.2810401945223539, 'num_points': 12}, {'avg_silhouette': 0.6282123531476743, 'num_points': 13}, {'avg_silhouette': 0.7643538802735215, 'num_points': 25}]",5.0,16,0.32209105762375434,,3,0.38323151619804613
DBSCAN,,0.9723301886761,"[{'avg_silhouette': 0.3128287827943344, 'num_points': 1277}, {'avg_silhouette': 0.49337383727136797, 'num_points': 131}, {'avg_silhouette': 0.657083364669595, 'num_points': 27}, {'avg_silhouette': 0.579449234592573, 'num_points': 55}, {'avg_silhouette': 0.5190761803993512, 'num_points': 14}, {'avg_silhouette': 0.3819010049308403, 'num_points': 8}, {'avg_silhouette': 0.343491928528436, 'num_points': 131}, {'avg_silhouette': 0.5202019257934554, 'num_points': 8}, {'avg_silhouette': 0.48231695416263126, 'num_points': 5}, {'avg_silhouette': 0.47901040475562306, 'num_points': 10}, {'avg_silhouette': 0.3522846886271804, 'num_points': 11}, {'avg_silhouette': 0.47649465989504297, 'num_points': 9}, {'avg_silhouette': 0.33808323913597027, 'num_points': 16}, {'avg_silhouette': 0.2810401945223539, 'num_points': 12}, {'avg_silhouette': 0.6282123531476743, 'num_points': 13}, {'avg_silhouette': 0.7643538802735215, 'num_points': 25}]",5.0,16,0.32209105762375434,,3,0.38323151619804613
AGGLC,ward,,"[{'avg_silhouette': 0.10851248035209057, 'num_points': 117}, {'avg_silhouette': 0.2619727045633803, 'num_points': 146}, {'avg_silhouette': 0.45703997402976765, 'num_points': 132}, {'avg_silhouette': -0.26774148105880347, 'num_points': 115}, {'avg_silhouette': 0.49507920567992164, 'num_points': 322}, {'avg_silhouette': 0.37982516128143073, 'num_points': 101}, {'avg_silhouette': 0.23333172444667719, 'num_points': 279}, {'avg_silhouette': 0.33682210123688067, 'num_points': 17}, {'avg_silhouette': 0.05733944814577296, 'num_points': 11}, {'avg_silhouette': 0.13038679763402788, 'num_points': 21}, {'avg_silhouette': 0.18296210384890824, 'num_points': 51}, {'avg_silhouette': 0.5967107927028535, 'num_points': 53}, {'avg_silhouette': 0.6098484028868979, 'num_points': 105}, {'avg_silhouette': -0.028478063023908488, 'num_points': 26}, {'avg_silhouette': -0.012826641406017709, 'num_points': 66}, {'avg_silhouette': 0.6419715705847115, 'num_points': 27}, {'avg_silhouette': 0.4225534517026386, 'num_points': 71}, {'avg_silhouette': 0.6086925610628392, 'num_points': 13}, {'avg_silhouette': 0.4871791353939821, 'num_points': 118}, {'avg_silhouette': 0.33154946132877944, 'num_points': 11}, {'avg_silhouette': 0.24757034791358948, 'num_points': 11}, {'avg_silhouette': 0.7529061984324575, 'num_points': 25}, {'avg_silhouette': 0.10668480411065147, 'num_points': 12}]",,23,0.3216577855446378,,9,0.30722747861948274
DBSCAN,,0.9223301886761,"[{'avg_silhouette': 0.31120685799302283, 'num_points': 1275}, {'avg_silhouette': 0.4932000366206187, 'num_points': 131}, {'avg_silhouette': 0.6569553074907517, 'num_points': 27}, {'avg_silhouette': 0.5792836146473526, 'num_points': 55}, {'avg_silhouette': 0.5188887281701633, 'num_points': 14}, {'avg_silhouette': 0.4217278160731191, 'num_points': 7}, {'avg_silhouette': 0.349691206689909, 'num_points': 130}, {'avg_silhouette': 0.5200100816508472, 'num_points': 8}, {'avg_silhouette': 0.48055359615408155, 'num_points': 5}, {'avg_silhouette': 0.47883330268451896, 'num_points': 10}, {'avg_silhouette': 0.3520707262640494, 'num_points': 11}, {'avg_silhouette': 0.47630686868756617, 'num_points': 9}, {'avg_silhouette': 0.444822413646635, 'num_points': 6}, {'avg_silhouette': 0.2810401945223539, 'num_points': 12}, {'avg_silhouette': 0.6280744472418872, 'num_points': 13}, {'avg_silhouette': 0.45821298145698175, 'num_points': 9}, {'avg_silhouette': 0.7642619680103173, 'num_points': 25}]",5.0,17,0.3205134923241856,,3,0.3846993671011835
AGGLC,ward,,"[{'avg_silhouette': 0.45219427282280167, 'num_points': 132}, {'avg_silhouette': 0.3732558343479768, 'num_points': 106}, {'avg_silhouette': -0.2522902316972427, 'num_points': 103}, {'avg_silhouette': 0.1796130228570474, 'num_points': 108}, {'avg_silhouette': 0.4714073824306852, 'num_points': 322}, {'avg_silhouette': -0.14132119694854228, 'num_points': 40}, {'avg_silhouette': 0.23281915215945403, 'num_points': 279}, {'avg_silhouette': 0.32888740239362946, 'num_points': 17}, {'avg_silhouette': 0.0437112193423324, 'num_points': 11}, {'avg_silhouette': 0.13038679763402788, 'num_points': 21}, {'avg_silhouette': 0.1572451784746167, 'num_points': 51}, {'avg_silhouette': 0.3552952086928184, 'num_points': 101}, {'avg_silhouette': -0.07568725927876506, 'num_points': 5}, {'avg_silhouette': -0.04259713390612395, 'num_points': 26}, {'avg_silhouette': -0.019245917240703892, 'num_points': 66}, {'avg_silhouette': 0.6342499807100581, 'num_points': 27}, {'avg_silhouette': 0.40293594427270757, 'num_points': 71}, {'avg_silhouette': 0.6005372379036644, 'num_points': 13}, {'avg_silhouette': 0.4678762414415438, 'num_points': 118}, {'avg_silhouette': 0.33154946132877944, 'num_points': 11}, {'avg_silhouette': 0.24634428009546658, 'num_points': 11}, {'avg_silhouette': 0.7484282780740673, 'num_points': 25}, {'avg_silhouette': 0.10197127092793146, 'num_points': 12}, {'avg_silhouette': 0.431123403048512, 'num_points': 9}, {'avg_silhouette': 0.5901685105325001, 'num_points': 53}, {'avg_silhouette': 0.6095956078446578, 'num_points': 105}, {'avg_silhouette': 0.028180060686345185, 'num_points': 7}]",,27,0.3179063373193348,,9,0.32108516565552697
AGGLC,ward,,"[{'avg_silhouette': 0.2568490419086639, 'num_points': 146}, {'avg_silhouette': -0.27277075268977935, 'num_points': 115}, {'avg_silhouette': 0.45219427282280167, 'num_points': 132}, {'avg_silhouette': 0.1796130228570474, 'num_points': 108}, {'avg_silhouette': 0.4714073824306852, 'num_points': 322}, {'avg_silhouette': 0.3552952086928184, 'num_points': 101}, {'avg_silhouette': 0.23281915215945403, 'num_points': 279}, {'avg_silhouette': 0.32888740239362946, 'num_points': 17}, {'avg_silhouette': 0.05555723415113185, 'num_points': 11}, {'avg_silhouette': 0.13038679763402788, 'num_points': 21}, {'avg_silhouette': 0.1572451784746167, 'num_points': 51}, {'avg_silhouette': 0.5901685105325001, 'num_points': 53}, {'avg_silhouette': 0.6095956078446578, 'num_points': 105}, {'avg_silhouette': -0.028478063023908488, 'num_points': 26}, {'avg_silhouette': -0.019245917240703892, 'num_points': 66}, {'avg_silhouette': 0.6342499807100581, 'num_points': 27}, {'avg_silhouette': 0.40293594427270757, 'num_points': 71}, {'avg_silhouette': 0.6005372379036644, 'num_points': 13}, {'avg_silhouette': 0.4678762414415438, 'num_points': 118}, {'avg_silhouette': 0.33154946132877944, 'num_points': 11}, {'avg_silhouette': 0.24634428009546658, 'num_points': 11}, {'avg_silhouette': 0.7484282780740673, 'num_points': 25}, {'avg_silhouette': 0.10197127092793146, 'num_points': 12}, {'avg_silhouette': 0.431123403048512, 'num_points': 9}]",,24,0.3173028371780572,,9,0.3058754641630992
AGGLC,ward,,"[{'avg_silhouette': 0.019276517042177338, 'num_points': 63}, {'avg_silhouette': 0.10851248035209057, 'num_points': 117}, {'avg_silhouette': 0.45703997402976765, 'num_points': 132}, {'avg_silhouette': -0.26774148105880347, 'num_points': 115}, {'avg_silhouette': 0.2622110095111495, 'num_points': 146}, {'avg_silhouette': 0.37982516128143073, 'num_points': 101}, {'avg_silhouette': 0.23333172444667719, 'num_points': 279}, {'avg_silhouette': 0.33682210123688067, 'num_points': 17}, {'avg_silhouette': 0.05733944814577296, 'num_points': 11}, {'avg_silhouette': 0.14823983613552438, 'num_points': 21}, {'avg_silhouette': 0.49507920567992164, 'num_points': 322}, {'avg_silhouette': 0.5967107927028535, 'num_points': 53}, {'avg_silhouette': 0.6098484028868979, 'num_points': 105}, {'avg_silhouette': -0.028478063023908488, 'num_points': 26}, {'avg_silhouette': -0.012826641406017709, 'num_points': 66}, {'avg_silhouette': 0.6419715705847115, 'num_points': 27}, {'avg_silhouette': 0.4225534517026386, 'num_points': 71}, {'avg_silhouette': 0.6086925610628392, 'num_points': 13}, {'avg_silhouette': 0.4871791353939821, 'num_points': 118}, {'avg_silhouette': 0.33154946132877944, 'num_points': 11}, {'avg_silhouette': 0.24757034791358948, 'num_points': 11}, {'avg_silhouette': 0.7529061984324575, 'num_points': 25}]",,22,0.31679986227920043,,9,0.30725395694701263
AGGLC,ward,,"[{'avg_silhouette': -0.26472529401781864, 'num_points': 108}, {'avg_silhouette': 0.3732558343479768, 'num_points': 106}, {'avg_silhouette': 0.45219427282280167, 'num_points': 132}, {'avg_silhouette': 0.1796130228570474, 'num_points': 108}, {'avg_silhouette': 0.4714073824306852, 'num_points': 322}, {'avg_silhouette': -0.14114456122765678, 'num_points': 40}, {'avg_silhouette': 0.23281915215945403, 'num_points': 279}, {'avg_silhouette': 0.32888740239362946, 'num_points': 17}, {'avg_silhouette': 0.0437112193423324, 'num_points': 11}, {'avg_silhouette': 0.13038679763402788, 'num_points': 21}, {'avg_silhouette': 0.1572451784746167, 'num_points': 51}, {'avg_silhouette': 0.3552952086928184, 'num_points': 101}, {'avg_silhouette': 0.028180060686345185, 'num_points': 7}, {'avg_silhouette': -0.04259713390612395, 'num_points': 26}, {'avg_silhouette': -0.019245917240703892, 'num_points': 66}, {'avg_silhouette': 0.6342499807100581, 'num_points': 27}, {'avg_silhouette': 0.40293594427270757, 'num_points': 71}, {'avg_silhouette': 0.6005372379036644, 'num_points': 13}, {'avg_silhouette': 0.4678762414415438, 'num_points': 118}, {'avg_silhouette': 0.33154946132877944, 'num_points': 11}, {'avg_silhouette': 0.24634428009546658, 'num_points': 11}, {'avg_silhouette': 0.7484282780740673, 'num_points': 25}, {'avg_silhouette': 0.10197127092793146, 'num_points': 12}, {'avg_silhouette': 0.431123403048512, 'num_points': 9}, {'avg_silhouette': 0.5901685105325001, 'num_points': 53}, {'avg_silhouette': 0.6095956078446578, 'num_points': 105}]",,26,0.31670691236588666,,9,0.31970349206435184
DBSCAN,,0.9123301886760999,"[{'avg_silhouette': 0.30547864068276914, 'num_points': 1274}, {'avg_silhouette': 0.4930915529275552, 'num_points': 131}, {'avg_silhouette': 0.6568390882570052, 'num_points': 27}, {'avg_silhouette': 0.5791673241873397, 'num_points': 55}, {'avg_silhouette': 0.5187665507071262, 'num_points': 14}, {'avg_silhouette': 0.42160503722634435, 'num_points': 7}, {'avg_silhouette': 0.349691206689909, 'num_points': 130}, {'avg_silhouette': 0.5198925420855501, 'num_points': 8}, {'avg_silhouette': 0.48055359615408155, 'num_points': 5}, {'avg_silhouette': 0.4787422858072503, 'num_points': 10}, {'avg_silhouette': 0.38977275843046044, 'num_points': 10}, {'avg_silhouette': 0.4761740286850913, 'num_points': 9}, {'avg_silhouette': 0.610304658369375, 'num_points': 5}, {'avg_silhouette': 0.2915028607857779, 'num_points': 11}, {'avg_silhouette': 0.627949378371691, 'num_points': 13}, {'avg_silhouette': 0.46359897327834887, 'num_points': 9}, {'avg_silhouette': 0.7641772611767764, 'num_points': 25}]",5.0,17,0.31573991803738555,,3,0.3827538001000778
DBSCAN,,0.9023301886760999,"[{'avg_silhouette': 0.3054169965932049, 'num_points': 1274}, {'avg_silhouette': 0.4930915529275552, 'num_points': 131}, {'avg_silhouette': 0.6568390882570052, 'num_points': 27}, {'avg_silhouette': 0.5948689046566794, 'num_points': 54}, {'avg_silhouette': 0.5187665507071262, 'num_points': 14}, {'avg_silhouette': 0.42160503722634435, 'num_points': 7}, {'avg_silhouette': 0.349691206689909, 'num_points': 130}, {'avg_silhouette': 0.5198925420855501, 'num_points': 8}, {'avg_silhouette': 0.48055359615408155, 'num_points': 5}, {'avg_silhouette': 0.4787422858072503, 'num_points': 10}, {'avg_silhouette': 0.38977275843046044, 'num_points': 10}, {'avg_silhouette': 0.4761740286850913, 'num_points': 9}, {'avg_silhouette': 0.610304658369375, 'num_points': 5}, {'avg_silhouette': 0.2915028607857779, 'num_points': 11}, {'avg_silhouette': 0.627949378371691, 'num_points': 13}, {'avg_silhouette': 0.46359897327834887, 'num_points': 9}, {'avg_silhouette': 0.7641772611767764, 'num_points': 25}]",5.0,17,0.3156104669376888,,3,0.3827332520702231
DBSCAN,,0.8923301886760999,"[{'avg_silhouette': 0.30537777862565146, 'num_points': 1274}, {'avg_silhouette': 0.4930915529275552, 'num_points': 131}, {'avg_silhouette': 0.6568390882570052, 'num_points': 27}, {'avg_silhouette': 0.5948689046566794, 'num_points': 54}, {'avg_silhouette': 0.5187665507071262, 'num_points': 14}, {'avg_silhouette': 0.42160503722634435, 'num_points': 7}, {'avg_silhouette': 0.349691206689909, 'num_points': 130}, {'avg_silhouette': 0.5198925420855501, 'num_points': 8}, {'avg_silhouette': 0.48055359615408155, 'num_points': 5}, {'avg_silhouette': 0.4787422858072503, 'num_points': 10}, {'avg_silhouette': 0.38977275843046044, 'num_points': 10}, {'avg_silhouette': 0.4761740286850913, 'num_points': 9}, {'avg_silhouette': 0.610304658369375, 'num_points': 5}, {'avg_silhouette': 0.627949378371691, 'num_points': 13}, {'avg_silhouette': 0.46359897327834887, 'num_points': 9}, {'avg_silhouette': 0.7641772611767764, 'num_points': 25}, {'avg_silhouette': 0.3075382311831698, 'num_points': 10}]",5.0,17,0.31530530146172475,,3,0.3827201794143719
AGGLC,ward,,"[{'avg_silhouette': -0.025465273968638562, 'num_points': 180}, {'avg_silhouette': 0.2658181930362134, 'num_points': 146}, {'avg_silhouette': 0.4595011374329766, 'num_points': 132}, {'avg_silhouette': -0.2636333904635165, 'num_points': 115}, {'avg_silhouette': 0.5215717632287484, 'num_points': 322}, {'avg_silhouette': 0.3973513173256193, 'num_points': 101}, {'avg_silhouette': 0.23392297659750133, 'num_points': 279}, {'avg_silhouette': 0.34072206107371567, 'num_points': 17}, {'avg_silhouette': 0.05865080578937658, 'num_points': 11}, {'avg_silhouette': 0.15677148340977537, 'num_points': 21}, {'avg_silhouette': 0.7550045848275667, 'num_points': 25}, {'avg_silhouette': 0.5990670676145184, 'num_points': 53}, {'avg_silhouette': 0.6102616661561774, 'num_points': 105}, {'avg_silhouette': -0.028478063023908488, 'num_points': 26}, {'avg_silhouette': -0.005231941003976169, 'num_points': 66}, {'avg_silhouette': 0.6461795252169767, 'num_points': 27}, {'avg_silhouette': 0.43396004423828477, 'num_points': 71}, {'avg_silhouette': 0.614521786665214, 'num_points': 13}, {'avg_silhouette': 0.49981866436964206, 'num_points': 118}, {'avg_silhouette': 0.33154946132877944, 'num_points': 11}, {'avg_silhouette': 0.2478573446957371, 'num_points': 11}]",,21,0.31505461116575934,,9,0.2999052281905248
AGGLC,ward,,"[{'avg_silhouette': -0.2736301028001306, 'num_points': 115}, {'avg_silhouette': 0.3732558343479768, 'num_points': 106}, {'avg_silhouette': 0.45219427282280167, 'num_points': 132}, {'avg_silhouette': 0.1796130228570474, 'num_points': 108}, {'avg_silhouette': 0.4714073824306852, 'num_points': 322}, {'avg_silhouette': -0.14114456122765678, 'num_points': 40}, {'avg_silhouette': 0.23281915215945403, 'num_points': 279}, {'avg_silhouette': 0.32888740239362946, 'num_points': 17}, {'avg_silhouette': 0.0437112193423324, 'num_points': 11}, {'avg_silhouette': 0.13038679763402788, 'num_points': 21}, {'avg_silhouette': 0.1572451784746167, 'num_points': 51}, {'avg_silhouette': 0.3552952086928184, 'num_points': 101}, {'avg_silhouette': 0.6095956078446578, 'num_points': 105}, {'avg_silhouette': -0.04259713390612395, 'num_points': 26}, {'avg_silhouette': -0.019245917240703892, 'num_points': 66}, {'avg_silhouette': 0.6342499807100581, 'num_points': 27}, {'avg_silhouette': 0.40293594427270757, 'num_points': 71}, {'avg_silhouette': 0.6005372379036644, 'num_points': 13}, {'avg_silhouette': 0.4678762414415438, 'num_points': 118}, {'avg_silhouette': 0.33154946132877944, 'num_points': 11}, {'avg_silhouette': 0.24634428009546658, 'num_points': 11}, {'avg_silhouette': 0.7484282780740673, 'num_points': 25}, {'avg_silhouette': 0.10197127092793146, 'num_points': 12}, {'avg_silhouette': 0.431123403048512, 'num_points': 9}, {'avg_silhouette': 0.5901685105325001, 'num_points': 53}]",,25,0.3150450796670245,,9,0.31871406886631715
DBSCAN,,0.8823301886760999,"[{'avg_silhouette': 0.30552345558720534, 'num_points': 1273}, {'avg_silhouette': 0.49299477323433166, 'num_points': 131}, {'avg_silhouette': 0.6567657846452105, 'num_points': 27}, {'avg_silhouette': 0.5947881435806677, 'num_points': 54}, {'avg_silhouette': 0.5186739819721771, 'num_points': 14}, {'avg_silhouette': 0.42148376218279715, 'num_points': 7}, {'avg_silhouette': 0.349691206689909, 'num_points': 130}, {'avg_silhouette': 0.5198024967556489, 'num_points': 8}, {'avg_silhouette': 0.48055359615408155, 'num_points': 5}, {'avg_silhouette': 0.5370623688353086, 'num_points': 9}, {'avg_silhouette': 0.4153048606930115, 'num_points': 9}, {'avg_silhouette': 0.4760694588554292, 'num_points': 9}, {'avg_silhouette': 0.610304658369375, 'num_points': 5}, {'avg_silhouette': 0.6278693191921882, 'num_points': 13}, {'avg_silhouette': 0.46359897327834887, 'num_points': 9}, {'avg_silhouette': 0.7641256987372749, 'num_points': 25}, {'avg_silhouette': 0.3075382311831698, 'num_points': 10}]",5.0,17,0.3145363589507686,,3,0.38273647850381537
DBSCAN,,0.8523301886760999,"[{'avg_silhouette': 0.3055763067417032, 'num_points': 1271}, {'avg_silhouette': 0.49281706168469464, 'num_points': 131}, {'avg_silhouette': 0.6566077920656802, 'num_points': 27}, {'avg_silhouette': 0.5946238197047764, 'num_points': 54}, {'avg_silhouette': 0.5184981751327723, 'num_points': 14}, {'avg_silhouette': 0.42127296561400435, 'num_points': 7}, {'avg_silhouette': 0.349691206689909, 'num_points': 130}, {'avg_silhouette': 0.5196234746166956, 'num_points': 8}, {'avg_silhouette': 0.48055359615408155, 'num_points': 5}, {'avg_silhouette': 0.536868861161405, 'num_points': 9}, {'avg_silhouette': 0.41516216051922156, 'num_points': 9}, {'avg_silhouette': 0.47589527663618714, 'num_points': 9}, {'avg_silhouette': 0.610304658369375, 'num_points': 5}, {'avg_silhouette': 0.691533272448165, 'num_points': 12}, {'avg_silhouette': 0.46359897327834887, 'num_points': 9}, {'avg_silhouette': 0.7640067902421471, 'num_points': 25}, {'avg_silhouette': 0.3075382311831698, 'num_points': 10}]",5.0,17,0.31382548491782186,,3,0.3826948583721023
DBSCAN,,0.8423301886760999,"[{'avg_silhouette': 0.3059938501224554, 'num_points': 1270}, {'avg_silhouette': 0.49272394705390204, 'num_points': 131}, {'avg_silhouette': 0.6565301957064975, 'num_points': 27}, {'avg_silhouette': 0.5945551775561246, 'num_points': 54}, {'avg_silhouette': 0.518417611324578, 'num_points': 14}, {'avg_silhouette': 0.349691206689909, 'num_points': 130}, {'avg_silhouette': 0.5195571364080342, 'num_points': 8}, {'avg_silhouette': 0.48055359615408155, 'num_points': 5}, {'avg_silhouette': 0.5367833759499121, 'num_points': 9}, {'avg_silhouette': 0.41509442116469997, 'num_points': 9}, {'avg_silhouette': 0.47580213054425535, 'num_points': 9}, {'avg_silhouette': 0.610304658369375, 'num_points': 5}, {'avg_silhouette': 0.4211588624967026, 'num_points': 7}, {'avg_silhouette': 0.6914560718025028, 'num_points': 12}, {'avg_silhouette': 0.46359897327834887, 'num_points': 9}, {'avg_silhouette': 0.7639504121033618, 'num_points': 25}, {'avg_silhouette': 0.3075382311831698, 'num_points': 10}]",5.0,17,0.3138211955727669,,3,0.3828030012887555
DBSCAN,,0.8723301886760999,"[{'avg_silhouette': 0.30498598824995315, 'num_points': 1272}, {'avg_silhouette': 0.4929460999265774, 'num_points': 131}, {'avg_silhouette': 0.6567205138541925, 'num_points': 27}, {'avg_silhouette': 0.594739165367185, 'num_points': 54}, {'avg_silhouette': 0.5186223348279614, 'num_points': 14}, {'avg_silhouette': 0.42142127981823646, 'num_points': 7}, {'avg_silhouette': 0.349691206689909, 'num_points': 130}, {'avg_silhouette': 0.5197484482476844, 'num_points': 8}, {'avg_silhouette': 0.48055359615408155, 'num_points': 5}, {'avg_silhouette': 0.5370033028173766, 'num_points': 9}, {'avg_silhouette': 0.41525363439799234, 'num_points': 9}, {'avg_silhouette': 0.47601867746500903, 'num_points': 9}, {'avg_silhouette': 0.610304658369375, 'num_points': 5}, {'avg_silhouette': 0.6916262637834669, 'num_points': 12}, {'avg_silhouette': 0.46359897327834887, 'num_points': 9}, {'avg_silhouette': 0.7640909349747029, 'num_points': 25}, {'avg_silhouette': 0.3075382311831698, 'num_points': 10}]",5.0,17,0.31368849397855214,,3,0.38254109828881316
DBSCAN,,0.8623301886760999,"[{'avg_silhouette': 0.30498598824995315, 'num_points': 1272}, {'avg_silhouette': 0.4929460999265774, 'num_points': 131}, {'avg_silhouette': 0.6567205138541925, 'num_points': 27}, {'avg_silhouette': 0.594739165367185, 'num_points': 54}, {'avg_silhouette': 0.5186223348279614, 'num_points': 14}, {'avg_silhouette': 0.42142127981823646, 'num_points': 7}, {'avg_silhouette': 0.349691206689909, 'num_points': 130}, {'avg_silhouette': 0.5197484482476844, 'num_points': 8}, {'avg_silhouette': 0.48055359615408155, 'num_points': 5}, {'avg_silhouette': 0.5370033028173766, 'num_points': 9}, {'avg_silhouette': 0.41525363439799234, 'num_points': 9}, {'avg_silhouette': 0.47601867746500903, 'num_points': 9}, {'avg_silhouette': 0.610304658369375, 'num_points': 5}, {'avg_silhouette': 0.6916262637834669, 'num_points': 12}, {'avg_silhouette': 0.46359897327834887, 'num_points': 9}, {'avg_silhouette': 0.7640909349747029, 'num_points': 25}, {'avg_silhouette': 0.3075382311831698, 'num_points': 10}]",5.0,17,0.31368849397855214,,3,0.38254109828881316
DBSCAN,,0.8323301886760999,"[{'avg_silhouette': 0.30608445836670406, 'num_points': 1269}, {'avg_silhouette': 0.4926346102203498, 'num_points': 131}, {'avg_silhouette': 0.6564275113361019, 'num_points': 27}, {'avg_silhouette': 0.6096282213977303, 'num_points': 53}, {'avg_silhouette': 0.518304177529831, 'num_points': 14}, {'avg_silhouette': 0.349691206689909, 'num_points': 130}, {'avg_silhouette': 0.5194433305751074, 'num_points': 8}, {'avg_silhouette': 0.48055359615408155, 'num_points': 5}, {'avg_silhouette': 0.5366604657760633, 'num_points': 9}, {'avg_silhouette': 0.4149606556767305, 'num_points': 9}, {'avg_silhouette': 0.4756691308959382, 'num_points': 9}, {'avg_silhouette': 0.610304658369375, 'num_points': 5}, {'avg_silhouette': 0.47067107914550843, 'num_points': 6}, {'avg_silhouette': 0.6913652074505799, 'num_points': 12}, {'avg_silhouette': 0.46359897327834887, 'num_points': 9}, {'avg_silhouette': 0.7638824361201416, 'num_points': 25}, {'avg_silhouette': 0.32348662897126756, 'num_points': 9}]",5.0,17,0.31286756405772964,,3,0.38280342509232096
DBSCAN,,0.8223301886760999,"[{'avg_silhouette': 0.30684175604783864, 'num_points': 1267}, {'avg_silhouette': 0.4924300645265413, 'num_points': 131}, {'avg_silhouette': 0.6562596337662839, 'num_points': 27}, {'avg_silhouette': 0.6094583114758665, 'num_points': 53}, {'avg_silhouette': 0.5181037472839509, 'num_points': 14}, {'avg_silhouette': 0.349691206689909, 'num_points': 130}, {'avg_silhouette': 0.5773105634484151, 'num_points': 7}, {'avg_silhouette': 0.48055359615408155, 'num_points': 5}, {'avg_silhouette': 0.5364634463032675, 'num_points': 9}, {'avg_silhouette': 0.41470886673404483, 'num_points': 9}, {'avg_silhouette': 0.47543529479605706, 'num_points': 9}, {'avg_silhouette': 0.610304658369375, 'num_points': 5}, {'avg_silhouette': 0.47042914250856854, 'num_points': 6}, {'avg_silhouette': 0.6912044183908743, 'num_points': 12}, {'avg_silhouette': 0.46359897327834887, 'num_points': 9}, {'avg_silhouette': 0.7637585419513327, 'num_points': 25}, {'avg_silhouette': 0.32348662897126756, 'num_points': 9}]",5.0,17,0.31244280490693555,,3,0.382987675754763
DBSCAN,,0.9923301886761,"[{'avg_silhouette': 0.3137997546483044, 'num_points': 1277}, {'avg_silhouette': 0.49337383727136797, 'num_points': 131}, {'avg_silhouette': 0.657083364669595, 'num_points': 27}, {'avg_silhouette': 0.579449234592573, 'num_points': 55}, {'avg_silhouette': 0.5190761803993512, 'num_points': 14}, {'avg_silhouette': 0.3950348957003265, 'num_points': 131}, {'avg_silhouette': 0.47901040475562306, 'num_points': 10}, {'avg_silhouette': 0.6282123531476743, 'num_points': 13}, {'avg_silhouette': 0.4620675929762887, 'num_points': 11}, {'avg_silhouette': 0.7643538802735215, 'num_points': 25}, {'avg_silhouette': 0.3150444323089548, 'num_points': 12}]",10.0,11,0.31144258677136316,,3,0.4007361625399996
DBSCAN,,0.9823301886761,"[{'avg_silhouette': 0.3137997546483044, 'num_points': 1277}, {'avg_silhouette': 0.49337383727136797, 'num_points': 131}, {'avg_silhouette': 0.657083364669595, 'num_points': 27}, {'avg_silhouette': 0.579449234592573, 'num_points': 55}, {'avg_silhouette': 0.5190761803993512, 'num_points': 14}, {'avg_silhouette': 0.3950348957003265, 'num_points': 131}, {'avg_silhouette': 0.47901040475562306, 'num_points': 10}, {'avg_silhouette': 0.6282123531476743, 'num_points': 13}, {'avg_silhouette': 0.4620675929762887, 'num_points': 11}, {'avg_silhouette': 0.7643538802735215, 'num_points': 25}, {'avg_silhouette': 0.3150444323089548, 'num_points': 12}]",10.0,11,0.31144258677136316,,3,0.4007361625399996
DBSCAN,,0.9723301886761,"[{'avg_silhouette': 0.31379132702938484, 'num_points': 1277}, {'avg_silhouette': 0.49337383727136797, 'num_points': 131}, {'avg_silhouette': 0.657083364669595, 'num_points': 27}, {'avg_silhouette': 0.579449234592573, 'num_points': 55}, {'avg_silhouette': 0.5190761803993512, 'num_points': 14}, {'avg_silhouette': 0.3950348957003265, 'num_points': 131}, {'avg_silhouette': 0.47901040475562306, 'num_points': 10}, {'avg_silhouette': 0.6282123531476743, 'num_points': 13}, {'avg_silhouette': 0.5092325177461234, 'num_points': 10}, {'avg_silhouette': 0.7643538802735215, 'num_points': 25}, {'avg_silhouette': 0.3150444323089548, 'num_points': 12}]",10.0,11,0.31125184139738615,,3,0.40073335333369314
DBSCAN,,0.8123301886760999,"[{'avg_silhouette': 0.30626424393600643, 'num_points': 1267}, {'avg_silhouette': 0.4924300645265413, 'num_points': 131}, {'avg_silhouette': 0.6562596337662839, 'num_points': 27}, {'avg_silhouette': 0.6094583114758665, 'num_points': 53}, {'avg_silhouette': 0.5181037472839509, 'num_points': 14}, {'avg_silhouette': 0.35341452906014886, 'num_points': 129}, {'avg_silhouette': 0.5773105634484151, 'num_points': 7}, {'avg_silhouette': 0.4793151419097902, 'num_points': 5}, {'avg_silhouette': 0.5364634463032675, 'num_points': 9}, {'avg_silhouette': 0.4739151423060976, 'num_points': 8}, {'avg_silhouette': 0.47543529479605706, 'num_points': 9}, {'avg_silhouette': 0.5938189410161572, 'num_points': 5}, {'avg_silhouette': 0.47042914250856854, 'num_points': 6}, {'avg_silhouette': 0.6912044183908743, 'num_points': 12}, {'avg_silhouette': 0.5118813640833323, 'num_points': 8}, {'avg_silhouette': 0.7637585419513327, 'num_points': 25}, {'avg_silhouette': 0.32348662897126756, 'num_points': 9}]",5.0,17,0.311226188177406,,3,0.3840362791742322
DBSCAN,,0.7923301886760998,"[{'avg_silhouette': 0.3070484018719141, 'num_points': 1265}, {'avg_silhouette': 0.4923000514833898, 'num_points': 131}, {'avg_silhouette': 0.6561444212536798, 'num_points': 27}, {'avg_silhouette': 0.6093577395143739, 'num_points': 53}, {'avg_silhouette': 0.5179797576648665, 'num_points': 14}, {'avg_silhouette': 0.4056307438532909, 'num_points': 128}, {'avg_silhouette': 0.5772019291279304, 'num_points': 7}, {'avg_silhouette': 0.5363132997145503, 'num_points': 9}, {'avg_silhouette': 0.47378126202444026, 'num_points': 8}, {'avg_silhouette': 0.4752866216628596, 'num_points': 9}, {'avg_silhouette': 0.5938189410161572, 'num_points': 5}, {'avg_silhouette': 0.4702642087407831, 'num_points': 6}, {'avg_silhouette': 0.6910922429853722, 'num_points': 12}, {'avg_silhouette': 0.5118813640833323, 'num_points': 8}, {'avg_silhouette': 0.7636737944287516, 'num_points': 25}]",5.0,15,0.31075860720864756,,3,0.40165973240286496
AGGLC,ward,,"[{'avg_silhouette': 0.26743401423878993, 'num_points': 82}, {'avg_silhouette': -0.025318026432285198, 'num_points': 180}, {'avg_silhouette': 0.4595283119077445, 'num_points': 132}, {'avg_silhouette': 0.26773938804066966, 'num_points': 146}, {'avg_silhouette': 0.5223329720544108, 'num_points': 322}, {'avg_silhouette': 0.39781976858130386, 'num_points': 101}, {'avg_silhouette': 0.23396932265416406, 'num_points': 279}, {'avg_silhouette': -0.2586056935629081, 'num_points': 115}, {'avg_silhouette': 0.06318475956435121, 'num_points': 11}, {'avg_silhouette': 0.15677148340977537, 'num_points': 21}, {'avg_silhouette': 0.7550045848275667, 'num_points': 25}, {'avg_silhouette': 0.5990670676145184, 'num_points': 53}, {'avg_silhouette': 0.6102616661561774, 'num_points': 105}, {'avg_silhouette': -0.01763414941611567, 'num_points': 26}, {'avg_silhouette': -0.0050112265721412325, 'num_points': 66}, {'avg_silhouette': 0.6461832348259798, 'num_points': 27}, {'avg_silhouette': 0.3408246721830889, 'num_points': 17}, {'avg_silhouette': 0.614521786665214, 'num_points': 13}, {'avg_silhouette': 0.5032927676578375, 'num_points': 118}, {'avg_silhouette': 0.33154946132877944, 'num_points': 11}]",,20,0.30983530897066597,,9,0.3012244974507905
AGGLC,ward,,"[{'avg_silhouette': 0.3729951982284815, 'num_points': 106}, {'avg_silhouette': 0.4714073824306852, 'num_points': 322}, {'avg_silhouette': 0.23281915215945403, 'num_points': 279}, {'avg_silhouette': 0.1796130228570474, 'num_points': 108}, {'avg_silhouette': 0.1572451784746167, 'num_points': 51}, {'avg_silhouette': -0.14132119694854228, 'num_points': 40}, {'avg_silhouette': -0.043928974850218475, 'num_points': 26}, {'avg_silhouette': 0.32888740239362946, 'num_points': 17}, {'avg_silhouette': 0.0437112193423324, 'num_points': 11}, {'avg_silhouette': 0.13038679763402788, 'num_points': 21}, {'avg_silhouette': -0.2083514420047285, 'num_points': 44}, {'avg_silhouette': 0.3552952086928184, 'num_points': 101}, {'avg_silhouette': -0.07568725927876506, 'num_points': 5}, {'avg_silhouette': -0.07942831377289122, 'num_points': 38}, {'avg_silhouette': -0.02398126578156867, 'num_points': 66}, {'avg_silhouette': 0.6342499807100581, 'num_points': 27}, {'avg_silhouette': 0.40293594427270757, 'num_points': 71}, {'avg_silhouette': 0.6005372379036644, 'num_points': 13}, {'avg_silhouette': 0.4678762414415438, 'num_points': 118}, {'avg_silhouette': 0.33154946132877944, 'num_points': 11}, {'avg_silhouette': 0.24634428009546658, 'num_points': 11}, {'avg_silhouette': 0.7484282780740673, 'num_points': 25}, {'avg_silhouette': 0.10197127092793146, 'num_points': 12}, {'avg_silhouette': 0.431123403048512, 'num_points': 9}, {'avg_silhouette': 0.5901685105325001, 'num_points': 53}, {'avg_silhouette': 0.6095956078446578, 'num_points': 105}, {'avg_silhouette': 0.028180060686345185, 'num_points': 7}, {'avg_silhouette': 0.3677755395533532, 'num_points': 67}, {'avg_silhouette': 0.1508393016341568, 'num_points': 65}, {'avg_silhouette': -0.20061703046220206, 'num_points': 21}]",,30,0.3092405428870683,,7,0.38422883052209833
DBSCAN,,0.8023301886760998,"[{'avg_silhouette': 0.3063007407746172, 'num_points': 1267}, {'avg_silhouette': 0.4924300645265413, 'num_points': 131}, {'avg_silhouette': 0.6562596337662839, 'num_points': 27}, {'avg_silhouette': 0.6094583114758665, 'num_points': 53}, {'avg_silhouette': 0.5181037472839509, 'num_points': 14}, {'avg_silhouette': 0.35341452906014886, 'num_points': 129}, {'avg_silhouette': 0.5773105634484151, 'num_points': 7}, {'avg_silhouette': 0.5364634463032675, 'num_points': 9}, {'avg_silhouette': 0.4739151423060976, 'num_points': 8}, {'avg_silhouette': 0.47543529479605706, 'num_points': 9}, {'avg_silhouette': 0.5938189410161572, 'num_points': 5}, {'avg_silhouette': 0.47042914250856854, 'num_points': 6}, {'avg_silhouette': 0.6912044183908743, 'num_points': 12}, {'avg_silhouette': 0.5118813640833323, 'num_points': 8}, {'avg_silhouette': 0.7637585419513327, 'num_points': 25}, {'avg_silhouette': 0.4793151419097902, 'num_points': 5}]",5.0,16,0.30913312737822063,,3,0.3840484447871025
K-means,,,"[{'avg_silhouette': 0.30715395121025785, 'num_points': 1692}, {'avg_silhouette': 0.31401495961515147, 'num_points': 158}]",,2,0.30773991841456766,,2,0.31058445541270463
DBSCAN,,0.9623301886761,"[{'avg_silhouette': 0.31417240647442274, 'num_points': 1276}, {'avg_silhouette': 0.4932991633228315, 'num_points': 131}, {'avg_silhouette': 0.6570305833433814, 'num_points': 27}, {'avg_silhouette': 0.5793799453169255, 'num_points': 55}, {'avg_silhouette': 0.5189967463508148, 'num_points': 14}, {'avg_silhouette': 0.3949496990696917, 'num_points': 131}, {'avg_silhouette': 0.47893203577853793, 'num_points': 10}, {'avg_silhouette': 0.6281571721779771, 'num_points': 13}, {'avg_silhouette': 0.7643172530677893, 'num_points': 25}, {'avg_silhouette': 0.322954956725618, 'num_points': 10}]",10.0,10,0.30733364983086964,,3,0.4008070896223153
DBSCAN,,0.9523301886761,"[{'avg_silhouette': 0.3146346565503368, 'num_points': 1275}, {'avg_silhouette': 0.4932000366206187, 'num_points': 131}, {'avg_silhouette': 0.6569553074907517, 'num_points': 27}, {'avg_silhouette': 0.5792836146473526, 'num_points': 55}, {'avg_silhouette': 0.5188887281701633, 'num_points': 14}, {'avg_silhouette': 0.3948374349471677, 'num_points': 131}, {'avg_silhouette': 0.47883330268451896, 'num_points': 10}, {'avg_silhouette': 0.6280744472418872, 'num_points': 13}, {'avg_silhouette': 0.7642619680103173, 'num_points': 25}, {'avg_silhouette': 0.32281177343152023, 'num_points': 10}]",10.0,10,0.307320692151285,,3,0.4008907093727077
DBSCAN,,0.9423301886761,"[{'avg_silhouette': 0.3146346565503368, 'num_points': 1275}, {'avg_silhouette': 0.4932000366206187, 'num_points': 131}, {'avg_silhouette': 0.6569553074907517, 'num_points': 27}, {'avg_silhouette': 0.5792836146473526, 'num_points': 55}, {'avg_silhouette': 0.5188887281701633, 'num_points': 14}, {'avg_silhouette': 0.3948374349471677, 'num_points': 131}, {'avg_silhouette': 0.47883330268451896, 'num_points': 10}, {'avg_silhouette': 0.6280744472418872, 'num_points': 13}, {'avg_silhouette': 0.7642619680103173, 'num_points': 25}, {'avg_silhouette': 0.32281177343152023, 'num_points': 10}]",10.0,10,0.307320692151285,,3,0.4008907093727077
AGGLC,ward,,"[{'avg_silhouette': -0.26194289503311574, 'num_points': 65}, {'avg_silhouette': 0.3729951982284815, 'num_points': 106}, {'avg_silhouette': 0.23281915215945403, 'num_points': 279}, {'avg_silhouette': 0.1796130228570474, 'num_points': 108}, {'avg_silhouette': 0.4714073824306852, 'num_points': 322}, {'avg_silhouette': -0.14132119694854228, 'num_points': 40}, {'avg_silhouette': -0.043928974850218475, 'num_points': 26}, {'avg_silhouette': 0.32888740239362946, 'num_points': 17}, {'avg_silhouette': 0.0437112193423324, 'num_points': 11}, {'avg_silhouette': 0.13038679763402788, 'num_points': 21}, {'avg_silhouette': 0.1572451784746167, 'num_points': 51}, {'avg_silhouette': 0.3552952086928184, 'num_points': 101}, {'avg_silhouette': -0.07568725927876506, 'num_points': 5}, {'avg_silhouette': -0.07942831377289122, 'num_points': 38}, {'avg_silhouette': -0.02398126578156867, 'num_points': 66}, {'avg_silhouette': 0.6342499807100581, 'num_points': 27}, {'avg_silhouette': 0.40293594427270757, 'num_points': 71}, {'avg_silhouette': 0.6005372379036644, 'num_points': 13}, {'avg_silhouette': 0.4678762414415438, 'num_points': 118}, {'avg_silhouette': 0.33154946132877944, 'num_points': 11}, {'avg_silhouette': 0.24634428009546658, 'num_points': 11}, {'avg_silhouette': 0.7484282780740673, 'num_points': 25}, {'avg_silhouette': 0.10197127092793146, 'num_points': 12}, {'avg_silhouette': 0.431123403048512, 'num_points': 9}, {'avg_silhouette': 0.5901685105325001, 'num_points': 53}, {'avg_silhouette': 0.6095956078446578, 'num_points': 105}, {'avg_silhouette': 0.028180060686345185, 'num_points': 7}, {'avg_silhouette': 0.3677755395533532, 'num_points': 67}, {'avg_silhouette': 0.1508393016341568, 'num_points': 65}]",,29,0.30726980391991243,,7,0.38422883052209833
DBSCAN,,0.7823301886760998,"[{'avg_silhouette': 0.30356414743299703, 'num_points': 1265}, {'avg_silhouette': 0.4923000514833898, 'num_points': 131}, {'avg_silhouette': 0.6561444212536798, 'num_points': 27}, {'avg_silhouette': 0.6093577395143739, 'num_points': 53}, {'avg_silhouette': 0.583829669281433, 'num_points': 12}, {'avg_silhouette': 0.40901628379181587, 'num_points': 127}, {'avg_silhouette': 0.5772019291279304, 'num_points': 7}, {'avg_silhouette': 0.5363132997145503, 'num_points': 9}, {'avg_silhouette': 0.5103054250299335, 'num_points': 7}, {'avg_silhouette': 0.4752866216628596, 'num_points': 9}, {'avg_silhouette': 0.5938189410161572, 'num_points': 5}, {'avg_silhouette': 0.552160583838782, 'num_points': 5}, {'avg_silhouette': 0.6910922429853722, 'num_points': 12}, {'avg_silhouette': 0.5118813640833323, 'num_points': 8}, {'avg_silhouette': 0.7636737944287516, 'num_points': 25}]",5.0,15,0.30690368938731344,,3,0.4016268275694009
DBSCAN,,0.7723301886760998,"[{'avg_silhouette': 0.3044445952249207, 'num_points': 1263}, {'avg_silhouette': 0.4921115774456082, 'num_points': 131}, {'avg_silhouette': 0.6559901098103005, 'num_points': 27}, {'avg_silhouette': 0.6091915093426764, 'num_points': 53}, {'avg_silhouette': 0.5836633168726983, 'num_points': 12}, {'avg_silhouette': 0.4116259942375159, 'num_points': 126}, {'avg_silhouette': 0.5770335290838707, 'num_points': 7}, {'avg_silhouette': 0.536163652270336, 'num_points': 9}, {'avg_silhouette': 0.5101228231743514, 'num_points': 7}, {'avg_silhouette': 0.4750911046758462, 'num_points': 9}, {'avg_silhouette': 0.5938189410161572, 'num_points': 5}, {'avg_silhouette': 0.5520325163177262, 'num_points': 5}, {'avg_silhouette': 0.6909530762466437, 'num_points': 12}, {'avg_silhouette': 0.5118813640833323, 'num_points': 8}, {'avg_silhouette': 0.7635516942245174, 'num_points': 25}]",5.0,15,0.3066869743566671,,3,0.4027273889693482
DBSCAN,,0.7623301886760998,"[{'avg_silhouette': 0.3044438294904962, 'num_points': 1263}, {'avg_silhouette': 0.4921115774456082, 'num_points': 131}, {'avg_silhouette': 0.6559901098103005, 'num_points': 27}, {'avg_silhouette': 0.6091915093426764, 'num_points': 53}, {'avg_silhouette': 0.5836633168726983, 'num_points': 12}, {'avg_silhouette': 0.41545273631538293, 'num_points': 125}, {'avg_silhouette': 0.5770335290838707, 'num_points': 7}, {'avg_silhouette': 0.536163652270336, 'num_points': 9}, {'avg_silhouette': 0.5101228231743514, 'num_points': 7}, {'avg_silhouette': 0.4750911046758462, 'num_points': 9}, {'avg_silhouette': 0.5938189410161572, 'num_points': 5}, {'avg_silhouette': 0.5520325163177262, 'num_points': 5}, {'avg_silhouette': 0.6909530762466437, 'num_points': 12}, {'avg_silhouette': 0.5118813640833323, 'num_points': 8}, {'avg_silhouette': 0.7635516942245174, 'num_points': 25}]",5.0,15,0.30652297583720756,,3,0.40400271441716246
DBSCAN,,0.7523301886760998,"[{'avg_silhouette': 0.30440825032013147, 'num_points': 1263}, {'avg_silhouette': 0.4921115774456082, 'num_points': 131}, {'avg_silhouette': 0.6559901098103005, 'num_points': 27}, {'avg_silhouette': 0.6091915093426764, 'num_points': 53}, {'avg_silhouette': 0.5836633168726983, 'num_points': 12}, {'avg_silhouette': 0.41545273631538293, 'num_points': 125}, {'avg_silhouette': 0.5770335290838707, 'num_points': 7}, {'avg_silhouette': 0.536163652270336, 'num_points': 9}, {'avg_silhouette': 0.4750911046758462, 'num_points': 9}, {'avg_silhouette': 0.5796502261516332, 'num_points': 5}, {'avg_silhouette': 0.5520325163177262, 'num_points': 5}, {'avg_silhouette': 0.6909530762466437, 'num_points': 12}, {'avg_silhouette': 0.5737134454036237, 'num_points': 7}, {'avg_silhouette': 0.7635516942245174, 'num_points': 25}, {'avg_silhouette': 0.5101228231743514, 'num_points': 7}]",5.0,15,0.30608087959965313,,3,0.4039908546937075
DBSCAN,,0.8823301886760999,"[{'avg_silhouette': 0.3215569186508838, 'num_points': 1273}, {'avg_silhouette': 0.49299477323433166, 'num_points': 131}, {'avg_silhouette': 0.6567657846452105, 'num_points': 27}, {'avg_silhouette': 0.5947881435806677, 'num_points': 54}, {'avg_silhouette': 0.5186739819721771, 'num_points': 14}, {'avg_silhouette': 0.40060989735029023, 'num_points': 130}, {'avg_silhouette': 0.6278693191921882, 'num_points': 13}, {'avg_silhouette': 0.7641256987372749, 'num_points': 25}]",10.0,8,0.30562488773914026,,3,0.4050538630785019
DBSCAN,,0.9123301886760999,"[{'avg_silhouette': 0.315495221329529, 'num_points': 1274}, {'avg_silhouette': 0.4930915529275552, 'num_points': 131}, {'avg_silhouette': 0.6568390882570052, 'num_points': 27}, {'avg_silhouette': 0.5791673241873397, 'num_points': 55}, {'avg_silhouette': 0.5187665507071262, 'num_points': 14}, {'avg_silhouette': 0.40071310776303726, 'num_points': 130}, {'avg_silhouette': 0.4787422858072503, 'num_points': 10}, {'avg_silhouette': 0.627949378371691, 'num_points': 13}, {'avg_silhouette': 0.7641772611767764, 'num_points': 25}]",10.0,9,0.3055596254360147,,3,0.40309996067337384
DBSCAN,,0.9323301886761,"[{'avg_silhouette': 0.3149425401477749, 'num_points': 1275}, {'avg_silhouette': 0.4932000366206187, 'num_points': 131}, {'avg_silhouette': 0.6569553074907517, 'num_points': 27}, {'avg_silhouette': 0.5792836146473526, 'num_points': 55}, {'avg_silhouette': 0.5188887281701633, 'num_points': 14}, {'avg_silhouette': 0.4008160600909713, 'num_points': 130}, {'avg_silhouette': 0.47883330268451896, 'num_points': 10}, {'avg_silhouette': 0.6280744472418872, 'num_points': 13}, {'avg_silhouette': 0.7642619680103173, 'num_points': 25}]",10.0,9,0.30548193522867934,,3,0.402986212286455
DBSCAN,,0.9223301886761,"[{'avg_silhouette': 0.3149425401477749, 'num_points': 1275}, {'avg_silhouette': 0.4932000366206187, 'num_points': 131}, {'avg_silhouette': 0.6569553074907517, 'num_points': 27}, {'avg_silhouette': 0.5792836146473526, 'num_points': 55}, {'avg_silhouette': 0.5188887281701633, 'num_points': 14}, {'avg_silhouette': 0.4008160600909713, 'num_points': 130}, {'avg_silhouette': 0.47883330268451896, 'num_points': 10}, {'avg_silhouette': 0.6280744472418872, 'num_points': 13}, {'avg_silhouette': 0.7642619680103173, 'num_points': 25}]",10.0,9,0.30548193522867934,,3,0.402986212286455
DBSCAN,,0.7423301886760998,"[{'avg_silhouette': 0.30470620437775614, 'num_points': 1262}, {'avg_silhouette': 0.49205527973593055, 'num_points': 131}, {'avg_silhouette': 0.6559307813144234, 'num_points': 27}, {'avg_silhouette': 0.6091365064199393, 'num_points': 53}, {'avg_silhouette': 0.5836087378471878, 'num_points': 12}, {'avg_silhouette': 0.4187779544724917, 'num_points': 124}, {'avg_silhouette': 0.5769820012436409, 'num_points': 7}, {'avg_silhouette': 0.5361229708159322, 'num_points': 9}, {'avg_silhouette': 0.5121128101470777, 'num_points': 8}, {'avg_silhouette': 0.5796502261516332, 'num_points': 5}, {'avg_silhouette': 0.5520208424085624, 'num_points': 5}, {'avg_silhouette': 0.6909045618419359, 'num_points': 12}, {'avg_silhouette': 0.5737134454036237, 'num_points': 7}, {'avg_silhouette': 0.7635067541425051, 'num_points': 25}, {'avg_silhouette': 0.510055993693535, 'num_points': 7}]",5.0,15,0.3054267535381288,,3,0.40517981286205945
DBSCAN,,0.7323301886760998,"[{'avg_silhouette': 0.30470620437775614, 'num_points': 1262}, {'avg_silhouette': 0.49205527973593055, 'num_points': 131}, {'avg_silhouette': 0.6559307813144234, 'num_points': 27}, {'avg_silhouette': 0.6091365064199393, 'num_points': 53}, {'avg_silhouette': 0.5836087378471878, 'num_points': 12}, {'avg_silhouette': 0.4187779544724917, 'num_points': 124}, {'avg_silhouette': 0.5769820012436409, 'num_points': 7}, {'avg_silhouette': 0.5361229708159322, 'num_points': 9}, {'avg_silhouette': 0.5121128101470777, 'num_points': 8}, {'avg_silhouette': 0.5796502261516332, 'num_points': 5}, {'avg_silhouette': 0.5520208424085624, 'num_points': 5}, {'avg_silhouette': 0.6909045618419359, 'num_points': 12}, {'avg_silhouette': 0.5737134454036237, 'num_points': 7}, {'avg_silhouette': 0.7635067541425051, 'num_points': 25}, {'avg_silhouette': 0.510055993693535, 'num_points': 7}]",5.0,15,0.3054267535381288,,3,0.40517981286205945
DBSCAN,,0.9023301886760999,"[{'avg_silhouette': 0.31535188117934204, 'num_points': 1274}, {'avg_silhouette': 0.4930915529275552, 'num_points': 131}, {'avg_silhouette': 0.6568390882570052, 'num_points': 27}, {'avg_silhouette': 0.5948689046566794, 'num_points': 54}, {'avg_silhouette': 0.5187665507071262, 'num_points': 14}, {'avg_silhouette': 0.40071310776303726, 'num_points': 130}, {'avg_silhouette': 0.4787422858072503, 'num_points': 10}, {'avg_silhouette': 0.627949378371691, 'num_points': 13}, {'avg_silhouette': 0.7641772611767764, 'num_points': 25}]",10.0,9,0.30536137778190897,,3,0.40305218062331144
DBSCAN,,0.8923301886760999,"[{'avg_silhouette': 0.31535188117934204, 'num_points': 1274}, {'avg_silhouette': 0.4930915529275552, 'num_points': 131}, {'avg_silhouette': 0.6568390882570052, 'num_points': 27}, {'avg_silhouette': 0.5948689046566794, 'num_points': 54}, {'avg_silhouette': 0.5187665507071262, 'num_points': 14}, {'avg_silhouette': 0.40071310776303726, 'num_points': 130}, {'avg_silhouette': 0.4787422858072503, 'num_points': 10}, {'avg_silhouette': 0.627949378371691, 'num_points': 13}, {'avg_silhouette': 0.7641772611767764, 'num_points': 25}]",10.0,9,0.30536137778190897,,3,0.40305218062331144
DBSCAN,,0.7223301886760998,"[{'avg_silhouette': 0.304703555465296, 'num_points': 1262}, {'avg_silhouette': 0.49205527973593055, 'num_points': 131}, {'avg_silhouette': 0.6559307813144234, 'num_points': 27}, {'avg_silhouette': 0.6091365064199393, 'num_points': 53}, {'avg_silhouette': 0.5836087378471878, 'num_points': 12}, {'avg_silhouette': 0.4236675825438519, 'num_points': 123}, {'avg_silhouette': 0.5769820012436409, 'num_points': 7}, {'avg_silhouette': 0.5361229708159322, 'num_points': 9}, {'avg_silhouette': 0.5796502261516332, 'num_points': 5}, {'avg_silhouette': 0.5520208424085624, 'num_points': 5}, {'avg_silhouette': 0.5121128101470777, 'num_points': 8}, {'avg_silhouette': 0.6909045618419359, 'num_points': 12}, {'avg_silhouette': 0.5737134454036237, 'num_points': 7}, {'avg_silhouette': 0.7635067541425051, 'num_points': 25}, {'avg_silhouette': 0.510055993693535, 'num_points': 7}]",5.0,15,0.30533075179714303,,3,0.4068088059150261
DBSCAN,,0.7123301886760998,"[{'avg_silhouette': 0.3050694922893399, 'num_points': 1261}, {'avg_silhouette': 0.491887168972038, 'num_points': 131}, {'avg_silhouette': 0.655802461362236, 'num_points': 27}, {'avg_silhouette': 0.6089991439449982, 'num_points': 53}, {'avg_silhouette': 0.5834677451356477, 'num_points': 12}, {'avg_silhouette': 0.4258668983819848, 'num_points': 122}, {'avg_silhouette': 0.5768398151023175, 'num_points': 7}, {'avg_silhouette': 0.5886940245472901, 'num_points': 8}, {'avg_silhouette': 0.5796502261516332, 'num_points': 5}, {'avg_silhouette': 0.5519370744148281, 'num_points': 5}, {'avg_silhouette': 0.511937665446123, 'num_points': 8}, {'avg_silhouette': 0.6907906640414114, 'num_points': 12}, {'avg_silhouette': 0.5737134454036237, 'num_points': 7}, {'avg_silhouette': 0.7634171936081511, 'num_points': 25}, {'avg_silhouette': 0.5098845209150819, 'num_points': 7}]",5.0,15,0.30461758806944095,,3,0.40760785321445425
AGGLC,ward,,"[{'avg_silhouette': -0.2522902316972427, 'num_points': 103}, {'avg_silhouette': 0.3729951982284815, 'num_points': 106}, {'avg_silhouette': 0.23281915215945403, 'num_points': 279}, {'avg_silhouette': 0.1796130228570474, 'num_points': 108}, {'avg_silhouette': 0.4714073824306852, 'num_points': 322}, {'avg_silhouette': -0.14132119694854228, 'num_points': 40}, {'avg_silhouette': -0.04352444407351812, 'num_points': 26}, {'avg_silhouette': 0.32888740239362946, 'num_points': 17}, {'avg_silhouette': 0.0437112193423324, 'num_points': 11}, {'avg_silhouette': 0.13038679763402788, 'num_points': 21}, {'avg_silhouette': 0.1572451784746167, 'num_points': 51}, {'avg_silhouette': 0.3552952086928184, 'num_points': 101}, {'avg_silhouette': -0.07568725927876506, 'num_points': 5}, {'avg_silhouette': 0.1508393016341568, 'num_points': 65}, {'avg_silhouette': -0.019245917240703892, 'num_points': 66}, {'avg_silhouette': 0.6342499807100581, 'num_points': 27}, {'avg_silhouette': 0.40293594427270757, 'num_points': 71}, {'avg_silhouette': 0.6005372379036644, 'num_points': 13}, {'avg_silhouette': 0.4678762414415438, 'num_points': 118}, {'avg_silhouette': 0.33154946132877944, 'num_points': 11}, {'avg_silhouette': 0.24634428009546658, 'num_points': 11}, {'avg_silhouette': 0.7484282780740673, 'num_points': 25}, {'avg_silhouette': 0.10197127092793146, 'num_points': 12}, {'avg_silhouette': 0.431123403048512, 'num_points': 9}, {'avg_silhouette': 0.5901685105325001, 'num_points': 53}, {'avg_silhouette': 0.6095956078446578, 'num_points': 105}, {'avg_silhouette': 0.028180060686345185, 'num_points': 7}, {'avg_silhouette': 0.3677755395533532, 'num_points': 67}]",,28,0.30423289637374906,,8,0.30466394774468064
DBSCAN,,0.8523301886760999,"[{'avg_silhouette': 0.3206360024765181, 'num_points': 1271}, {'avg_silhouette': 0.49281706168469464, 'num_points': 131}, {'avg_silhouette': 0.6566077920656802, 'num_points': 27}, {'avg_silhouette': 0.5946238197047764, 'num_points': 54}, {'avg_silhouette': 0.5184981751327723, 'num_points': 14}, {'avg_silhouette': 0.4004590140306643, 'num_points': 130}, {'avg_silhouette': 0.691533272448165, 'num_points': 12}, {'avg_silhouette': 0.7640067902421471, 'num_points': 25}]",10.0,8,0.3042102573976348,,3,0.40463735939729234
DBSCAN,,0.8423301886760999,"[{'avg_silhouette': 0.3210493047687859, 'num_points': 1270}, {'avg_silhouette': 0.49272394705390204, 'num_points': 131}, {'avg_silhouette': 0.6565301957064975, 'num_points': 27}, {'avg_silhouette': 0.5945551775561246, 'num_points': 54}, {'avg_silhouette': 0.518417611324578, 'num_points': 14}, {'avg_silhouette': 0.4003713173555926, 'num_points': 130}, {'avg_silhouette': 0.6914560718025028, 'num_points': 12}, {'avg_silhouette': 0.7639504121033618, 'num_points': 25}]",10.0,8,0.3041914985065711,,3,0.4047148563927602
DBSCAN,,0.8723301886760999,"[{'avg_silhouette': 0.320059630887158, 'num_points': 1272}, {'avg_silhouette': 0.4929460999265774, 'num_points': 131}, {'avg_silhouette': 0.6567205138541925, 'num_points': 27}, {'avg_silhouette': 0.594739165367185, 'num_points': 54}, {'avg_silhouette': 0.5186223348279614, 'num_points': 14}, {'avg_silhouette': 0.4005662853415074, 'num_points': 130}, {'avg_silhouette': 0.6916262637834669, 'num_points': 12}, {'avg_silhouette': 0.7640909349747029, 'num_points': 25}]",10.0,8,0.3041083487155589,,3,0.40452400538508093
DBSCAN,,0.8623301886760999,"[{'avg_silhouette': 0.320059630887158, 'num_points': 1272}, {'avg_silhouette': 0.4929460999265774, 'num_points': 131}, {'avg_silhouette': 0.6567205138541925, 'num_points': 27}, {'avg_silhouette': 0.594739165367185, 'num_points': 54}, {'avg_silhouette': 0.5186223348279614, 'num_points': 14}, {'avg_silhouette': 0.4005662853415074, 'num_points': 130}, {'avg_silhouette': 0.6916262637834669, 'num_points': 12}, {'avg_silhouette': 0.7640909349747029, 'num_points': 25}]",10.0,8,0.3041083487155589,,3,0.40452400538508093
DBSCAN,,0.8223301886760999,"[{'avg_silhouette': 0.32236886956063576, 'num_points': 1267}, {'avg_silhouette': 0.4924300645265413, 'num_points': 131}, {'avg_silhouette': 0.6562596337662839, 'num_points': 27}, {'avg_silhouette': 0.6094583114758665, 'num_points': 53}, {'avg_silhouette': 0.5181037472839509, 'num_points': 14}, {'avg_silhouette': 0.4000495046630233, 'num_points': 130}, {'avg_silhouette': 0.6912044183908743, 'num_points': 12}, {'avg_silhouette': 0.7637585419513327, 'num_points': 25}]",10.0,8,0.30400192951709293,,3,0.4049494795834001
DBSCAN,,0.8323301886760999,"[{'avg_silhouette': 0.3213797861194406, 'num_points': 1269}, {'avg_silhouette': 0.4926346102203498, 'num_points': 131}, {'avg_silhouette': 0.6564275113361019, 'num_points': 27}, {'avg_silhouette': 0.6096282213977303, 'num_points': 53}, {'avg_silhouette': 0.518304177529831, 'num_points': 14}, {'avg_silhouette': 0.4002762974263394, 'num_points': 130}, {'avg_silhouette': 0.6913652074505799, 'num_points': 12}, {'avg_silhouette': 0.7638824361201416, 'num_points': 25}]",10.0,8,0.3039539191652767,,3,0.40476356458871
DBSCAN,,0.7023301886760998,"[{'avg_silhouette': 0.30505942149446746, 'num_points': 1261}, {'avg_silhouette': 0.494693476497575, 'num_points': 130}, {'avg_silhouette': 0.655802461362236, 'num_points': 27}, {'avg_silhouette': 0.6089991439449982, 'num_points': 53}, {'avg_silhouette': 0.5834677451356477, 'num_points': 12}, {'avg_silhouette': 0.43317625650316494, 'num_points': 120}, {'avg_silhouette': 0.5768398151023175, 'num_points': 7}, {'avg_silhouette': 0.5886940245472901, 'num_points': 8}, {'avg_silhouette': 0.5796502261516332, 'num_points': 5}, {'avg_silhouette': 0.5519370744148281, 'num_points': 5}, {'avg_silhouette': 0.511937665446123, 'num_points': 8}, {'avg_silhouette': 0.6907906640414114, 'num_points': 12}, {'avg_silhouette': 0.5737134454036237, 'num_points': 7}, {'avg_silhouette': 0.7634171936081511, 'num_points': 25}, {'avg_silhouette': 0.5098845209150819, 'num_points': 7}]",5.0,15,0.30387969364883,,3,0.4109763848317358
DBSCAN,,0.8123301886760999,"[{'avg_silhouette': 0.3227823008610195, 'num_points': 1266}, {'avg_silhouette': 0.49235436272077415, 'num_points': 131}, {'avg_silhouette': 0.6561935490605512, 'num_points': 27}, {'avg_silhouette': 0.6094021978153317, 'num_points': 53}, {'avg_silhouette': 0.5180278166521122, 'num_points': 14}, {'avg_silhouette': 0.41476100302712343, 'num_points': 126}, {'avg_silhouette': 0.6911399648511578, 'num_points': 12}, {'avg_silhouette': 0.7637099838411726, 'num_points': 25}]",10.0,8,0.3032155332880739,,3,0.409965888869639
DBSCAN,,0.8023301886760998,"[{'avg_silhouette': 0.3227823008610195, 'num_points': 1266}, {'avg_silhouette': 0.49235436272077415, 'num_points': 131}, {'avg_silhouette': 0.6561935490605512, 'num_points': 27}, {'avg_silhouette': 0.6094021978153317, 'num_points': 53}, {'avg_silhouette': 0.5180278166521122, 'num_points': 14}, {'avg_silhouette': 0.41476100302712343, 'num_points': 126}, {'avg_silhouette': 0.6911399648511578, 'num_points': 12}, {'avg_silhouette': 0.7637099838411726, 'num_points': 25}]",10.0,8,0.3032155332880739,,3,0.409965888869639
AGGLC,ward,,"[{'avg_silhouette': 0.1851916867742383, 'num_points': 290}, {'avg_silhouette': -0.024933023955335795, 'num_points': 180}, {'avg_silhouette': 0.26771953275388377, 'num_points': 82}, {'avg_silhouette': 0.2688803368910769, 'num_points': 146}, {'avg_silhouette': 0.522896144402278, 'num_points': 322}, {'avg_silhouette': 0.3985353465461179, 'num_points': 101}, {'avg_silhouette': 0.4597283796743037, 'num_points': 132}, {'avg_silhouette': -0.2559854792036456, 'num_points': 115}, {'avg_silhouette': 0.06691716310016743, 'num_points': 11}, {'avg_silhouette': 0.15939557454766518, 'num_points': 21}, {'avg_silhouette': 0.7550045848275667, 'num_points': 25}, {'avg_silhouette': 0.5990905650236575, 'num_points': 53}, {'avg_silhouette': 0.6209687383738562, 'num_points': 105}, {'avg_silhouette': -0.016943627310193107, 'num_points': 26}, {'avg_silhouette': -0.0002013425566828168, 'num_points': 66}, {'avg_silhouette': 0.6461832348259798, 'num_points': 27}, {'avg_silhouette': 0.3414829204487876, 'num_points': 17}, {'avg_silhouette': 0.614521786665214, 'num_points': 13}, {'avg_silhouette': 0.5034875580466041, 'num_points': 118}]",,19,0.30292340396369577,,9,0.2976410763943882
DBSCAN,,0.7923301886760998,"[{'avg_silhouette': 0.32310995292074846, 'num_points': 1265}, {'avg_silhouette': 0.4923000514833898, 'num_points': 131}, {'avg_silhouette': 0.6561444212536798, 'num_points': 27}, {'avg_silhouette': 0.6093577395143739, 'num_points': 53}, {'avg_silhouette': 0.5179797576648665, 'num_points': 14}, {'avg_silhouette': 0.4172608736210164, 'num_points': 125}, {'avg_silhouette': 0.6910922429853722, 'num_points': 12}, {'avg_silhouette': 0.7636737944287516, 'num_points': 25}]",10.0,8,0.30288506403815274,,3,0.4108902926750515
DBSCAN,,0.6923301886760997,"[{'avg_silhouette': 0.30526878010632374, 'num_points': 1260}, {'avg_silhouette': 0.49463345168430783, 'num_points': 130}, {'avg_silhouette': 0.6557497283952893, 'num_points': 27}, {'avg_silhouette': 0.6089332500989653, 'num_points': 53}, {'avg_silhouette': 0.5833992637525678, 'num_points': 12}, {'avg_silhouette': 0.4380336462682688, 'num_points': 118}, {'avg_silhouette': 0.5767812845446877, 'num_points': 7}, {'avg_silhouette': 0.5886415447073696, 'num_points': 8}, {'avg_silhouette': 0.5796502261516332, 'num_points': 5}, {'avg_silhouette': 0.5518913330921779, 'num_points': 5}, {'avg_silhouette': 0.5472582495532883, 'num_points': 7}, {'avg_silhouette': 0.6907379381871226, 'num_points': 12}, {'avg_silhouette': 0.5737134454036237, 'num_points': 7}, {'avg_silhouette': 0.7633727835616666, 'num_points': 25}, {'avg_silhouette': 0.5098109958430256, 'num_points': 7}]",5.0,15,0.30275618360514595,,3,0.4126452926863002
K-means,,,"[{'avg_silhouette': 0.29820746170662554, 'num_points': 132}, {'avg_silhouette': 0.31827253299246255, 'num_points': 425}, {'avg_silhouette': 0.26983294321281437, 'num_points': 158}, {'avg_silhouette': 0.5031222101160718, 'num_points': 353}, {'avg_silhouette': 0.3624508474641344, 'num_points': 17}, {'avg_silhouette': 0.48327634374235473, 'num_points': 133}, {'avg_silhouette': 0.28344180677477226, 'num_points': 166}, {'avg_silhouette': -0.07419188396856301, 'num_points': 286}, {'avg_silhouette': 0.5134776167782763, 'num_points': 59}, {'avg_silhouette': 0.5482484586754086, 'num_points': 30}, {'avg_silhouette': 0.24051552699628753, 'num_points': 91}]",,11,0.30257534162526406,,7,0.2974230592252197
DBSCAN,,0.6823301886760997,"[{'avg_silhouette': 0.30511951756247324, 'num_points': 1259}, {'avg_silhouette': 0.49460911114360145, 'num_points': 130}, {'avg_silhouette': 0.6557173892899555, 'num_points': 27}, {'avg_silhouette': 0.608901946217958, 'num_points': 53}, {'avg_silhouette': 0.6422663405104442, 'num_points': 11}, {'avg_silhouette': 0.4380089870856326, 'num_points': 118}, {'avg_silhouette': 0.5767522278915396, 'num_points': 7}, {'avg_silhouette': 0.5886078018364747, 'num_points': 8}, {'avg_silhouette': 0.5796502261516332, 'num_points': 5}, {'avg_silhouette': 0.5518658145172, 'num_points': 5}, {'avg_silhouette': 0.5472147955655114, 'num_points': 7}, {'avg_silhouette': 0.6907105160449895, 'num_points': 12}, {'avg_silhouette': 0.5737134454036237, 'num_points': 7}, {'avg_silhouette': 0.7633470263185189, 'num_points': 25}, {'avg_silhouette': 0.5097612653225332, 'num_points': 7}]",5.0,15,0.3021099321040324,,3,0.4125792052639024
DBSCAN,,0.7823301886760998,"[{'avg_silhouette': 0.3227381076440779, 'num_points': 1265}, {'avg_silhouette': 0.4923000514833898, 'num_points': 131}, {'avg_silhouette': 0.6561444212536798, 'num_points': 27}, {'avg_silhouette': 0.6093577395143739, 'num_points': 53}, {'avg_silhouette': 0.583829669281433, 'num_points': 12}, {'avg_silhouette': 0.42088362896379106, 'num_points': 124}, {'avg_silhouette': 0.6910922429853722, 'num_points': 12}, {'avg_silhouette': 0.7636737944287516, 'num_points': 25}]",10.0,8,0.30177082631981683,,3,0.41197392936375293
DBSCAN,,0.7723301886760998,"[{'avg_silhouette': 0.3235709278255462, 'num_points': 1263}, {'avg_silhouette': 0.4921115774456082, 'num_points': 131}, {'avg_silhouette': 0.6559901098103005, 'num_points': 27}, {'avg_silhouette': 0.6091915093426764, 'num_points': 53}, {'avg_silhouette': 0.5836633168726983, 'num_points': 12}, {'avg_silhouette': 0.42371598699159246, 'num_points': 123}, {'avg_silhouette': 0.6909530762466437, 'num_points': 12}, {'avg_silhouette': 0.7635516942245174, 'num_points': 25}]",10.0,8,0.30149066823406884,,3,0.41313283075424895
DBSCAN,,0.7623301886760998,"[{'avg_silhouette': 0.3235709278255462, 'num_points': 1263}, {'avg_silhouette': 0.4921115774456082, 'num_points': 131}, {'avg_silhouette': 0.6559901098103005, 'num_points': 27}, {'avg_silhouette': 0.6091915093426764, 'num_points': 53}, {'avg_silhouette': 0.5836633168726983, 'num_points': 12}, {'avg_silhouette': 0.42371598699159246, 'num_points': 123}, {'avg_silhouette': 0.6909530762466437, 'num_points': 12}, {'avg_silhouette': 0.7635516942245174, 'num_points': 25}]",10.0,8,0.30149066823406884,,3,0.41313283075424895
DBSCAN,,0.7523301886760998,"[{'avg_silhouette': 0.3235709278255462, 'num_points': 1263}, {'avg_silhouette': 0.4921115774456082, 'num_points': 131}, {'avg_silhouette': 0.6559901098103005, 'num_points': 27}, {'avg_silhouette': 0.6091915093426764, 'num_points': 53}, {'avg_silhouette': 0.5836633168726983, 'num_points': 12}, {'avg_silhouette': 0.42371598699159246, 'num_points': 123}, {'avg_silhouette': 0.6909530762466437, 'num_points': 12}, {'avg_silhouette': 0.7635516942245174, 'num_points': 25}]",10.0,8,0.30149066823406884,,3,0.41313283075424895
DBSCAN,,0.7223301886760998,"[{'avg_silhouette': 0.32440251816469184, 'num_points': 1261}, {'avg_silhouette': 0.491887168972038, 'num_points': 131}, {'avg_silhouette': 0.655802461362236, 'num_points': 27}, {'avg_silhouette': 0.6089991439449982, 'num_points': 53}, {'avg_silhouette': 0.5834677451356477, 'num_points': 12}, {'avg_silhouette': 0.42348767215179, 'num_points': 123}, {'avg_silhouette': 0.6907906640414114, 'num_points': 12}, {'avg_silhouette': 0.7634171936081511, 'num_points': 25}]",10.0,8,0.30139459667144597,,3,0.4132591197628399
DBSCAN,,0.7423301886760998,"[{'avg_silhouette': 0.32383768953331243, 'num_points': 1262}, {'avg_silhouette': 0.49205527973593055, 'num_points': 131}, {'avg_silhouette': 0.6559307813144234, 'num_points': 27}, {'avg_silhouette': 0.6091365064199393, 'num_points': 53}, {'avg_silhouette': 0.5836087378471878, 'num_points': 12}, {'avg_silhouette': 0.4236675825438519, 'num_points': 123}, {'avg_silhouette': 0.6909045618419359, 'num_points': 12}, {'avg_silhouette': 0.7635067541425051, 'num_points': 25}]",10.0,8,0.30137564097547614,,3,0.41318685060436494
DBSCAN,,0.7323301886760998,"[{'avg_silhouette': 0.32383768953331243, 'num_points': 1262}, {'avg_silhouette': 0.49205527973593055, 'num_points': 131}, {'avg_silhouette': 0.6559307813144234, 'num_points': 27}, {'avg_silhouette': 0.6091365064199393, 'num_points': 53}, {'avg_silhouette': 0.5836087378471878, 'num_points': 12}, {'avg_silhouette': 0.4236675825438519, 'num_points': 123}, {'avg_silhouette': 0.6909045618419359, 'num_points': 12}, {'avg_silhouette': 0.7635067541425051, 'num_points': 25}]",10.0,8,0.30137564097547614,,3,0.41318685060436494
K-means,,,"[{'avg_silhouette': 0.030581271109381435, 'num_points': 23}, {'avg_silhouette': 0.4742002047950299, 'num_points': 344}, {'avg_silhouette': 0.12875549712861642, 'num_points': 158}, {'avg_silhouette': 0.5045642810547581, 'num_points': 59}, {'avg_silhouette': 0.2606420846137407, 'num_points': 123}, {'avg_silhouette': 0.2398708945792982, 'num_points': 58}, {'avg_silhouette': 0.23762105782745088, 'num_points': 88}, {'avg_silhouette': 0.1753773788068258, 'num_points': 56}, {'avg_silhouette': -0.12494175210629362, 'num_points': 12}, {'avg_silhouette': 0.06302739161206869, 'num_points': 138}, {'avg_silhouette': 0.32627730468790667, 'num_points': 150}, {'avg_silhouette': 0.32615839691542803, 'num_points': 106}, {'avg_silhouette': 0.10152932226162653, 'num_points': 18}, {'avg_silhouette': 0.39712402749126785, 'num_points': 121}, {'avg_silhouette': 0.27484722728438754, 'num_points': 147}, {'avg_silhouette': 0.7578101664338326, 'num_points': 25}, {'avg_silhouette': 0.33796811872925375, 'num_points': 75}, {'avg_silhouette': 0.5374658386387419, 'num_points': 30}, {'avg_silhouette': 0.012582609358428455, 'num_points': 27}, {'avg_silhouette': 0.6152361676485597, 'num_points': 13}, {'avg_silhouette': 0.19443139924937825, 'num_points': 23}, {'avg_silhouette': 0.43029524151154236, 'num_points': 9}, {'avg_silhouette': 0.3434936162461686, 'num_points': 17}, {'avg_silhouette': 0.09817788293786979, 'num_points': 30}]",,24,0.3013638183337762,,8,0.28137901681605576
DBSCAN,,0.7123301886760998,"[{'avg_silhouette': 0.32482072605883516, 'num_points': 1260}, {'avg_silhouette': 0.4917946638226546, 'num_points': 131}, {'avg_silhouette': 0.655721100322805, 'num_points': 27}, {'avg_silhouette': 0.6089204394363875, 'num_points': 53}, {'avg_silhouette': 0.5833861763487961, 'num_points': 12}, {'avg_silhouette': 0.42578691636900223, 'num_points': 122}, {'avg_silhouette': 0.6907169070199322, 'num_points': 12}, {'avg_silhouette': 0.7633563650680967, 'num_points': 25}]",10.0,8,0.3011084902369952,,3,0.41413410208349727
DBSCAN,,0.7023301886760998,"[{'avg_silhouette': 0.32480454828958716, 'num_points': 1260}, {'avg_silhouette': 0.494601452896181, 'num_points': 130}, {'avg_silhouette': 0.655721100322805, 'num_points': 27}, {'avg_silhouette': 0.6089204394363875, 'num_points': 53}, {'avg_silhouette': 0.5833861763487961, 'num_points': 12}, {'avg_silhouette': 0.43309619612254313, 'num_points': 120}, {'avg_silhouette': 0.6907169070199322, 'num_points': 12}, {'avg_silhouette': 0.7633563650680967, 'num_points': 25}]",10.0,8,0.3003306036017678,,3,0.41750073243610375
AGGLC,ward,,"[{'avg_silhouette': -0.2674377914075877, 'num_points': 126}, {'avg_silhouette': 0.1851916867742383, 'num_points': 290}, {'avg_silhouette': 0.26771953275388377, 'num_points': 82}, {'avg_silhouette': -0.024933023955335795, 'num_points': 180}, {'avg_silhouette': 0.522896144402278, 'num_points': 322}, {'avg_silhouette': 0.3985353465461179, 'num_points': 101}, {'avg_silhouette': 0.4597283796743037, 'num_points': 132}, {'avg_silhouette': 0.2695033885083272, 'num_points': 146}, {'avg_silhouette': 0.5034875580466041, 'num_points': 118}, {'avg_silhouette': 0.15939557454766518, 'num_points': 21}, {'avg_silhouette': 0.7550045848275667, 'num_points': 25}, {'avg_silhouette': 0.5990905650236575, 'num_points': 53}, {'avg_silhouette': 0.6209687383738562, 'num_points': 105}, {'avg_silhouette': -0.016943627310193107, 'num_points': 26}, {'avg_silhouette': -0.0002013425566828168, 'num_points': 66}, {'avg_silhouette': 0.6461832348259798, 'num_points': 27}, {'avg_silhouette': 0.3414829204487876, 'num_points': 17}, {'avg_silhouette': 0.614521786665214, 'num_points': 13}]",,18,0.30027261754914436,,9,0.29643782521808915
AGGLC,ward,,"[{'avg_silhouette': 0.23281915215945403, 'num_points': 279}, {'avg_silhouette': 0.4714073824306852, 'num_points': 322}, {'avg_silhouette': -0.18632133722499988, 'num_points': 40}, {'avg_silhouette': 0.1796130228570474, 'num_points': 108}, {'avg_silhouette': 0.1572451784746167, 'num_points': 51}, {'avg_silhouette': 0.14352770950518345, 'num_points': 47}, {'avg_silhouette': -0.05555705038719713, 'num_points': 26}, {'avg_silhouette': 0.32888740239362946, 'num_points': 17}, {'avg_silhouette': 0.035238147216867605, 'num_points': 11}, {'avg_silhouette': 0.13038679763402788, 'num_points': 21}, {'avg_silhouette': -0.2083514420047285, 'num_points': 44}, {'avg_silhouette': 0.3552952086928184, 'num_points': 101}, {'avg_silhouette': -0.07989456296680073, 'num_points': 5}, {'avg_silhouette': -0.07942831377289122, 'num_points': 38}, {'avg_silhouette': -0.02398126578156867, 'num_points': 66}, {'avg_silhouette': 0.6342499807100581, 'num_points': 27}, {'avg_silhouette': 0.40293594427270757, 'num_points': 71}, {'avg_silhouette': 0.6005372379036644, 'num_points': 13}, {'avg_silhouette': 0.4678762414415438, 'num_points': 118}, {'avg_silhouette': 0.33154946132877944, 'num_points': 11}, {'avg_silhouette': 0.24634428009546658, 'num_points': 11}, {'avg_silhouette': 0.7484282780740673, 'num_points': 25}, {'avg_silhouette': 0.10197127092793146, 'num_points': 12}, {'avg_silhouette': 0.431123403048512, 'num_points': 9}, {'avg_silhouette': 0.5901685105325001, 'num_points': 53}, {'avg_silhouette': 0.6095956078446578, 'num_points': 105}, {'avg_silhouette': 0.024795537248223243, 'num_points': 7}, {'avg_silhouette': 0.3677755395533532, 'num_points': 67}, {'avg_silhouette': 0.1508393016341568, 'num_points': 65}, {'avg_silhouette': -0.20061703046220206, 'num_points': 21}, {'avg_silhouette': 0.2963767549611804, 'num_points': 59}]",,31,0.29975636576616416,,6,0.3861011025710345
DBSCAN,,0.6923301886760997,"[{'avg_silhouette': 0.32545938770684263, 'num_points': 1258}, {'avg_silhouette': 0.4945077113270154, 'num_points': 130}, {'avg_silhouette': 0.6556260816188838, 'num_points': 27}, {'avg_silhouette': 0.6088141770533798, 'num_points': 53}, {'avg_silhouette': 0.5832743341673634, 'num_points': 12}, {'avg_silhouette': 0.43792051945982546, 'num_points': 118}, {'avg_silhouette': 0.6906262952276392, 'num_points': 12}, {'avg_silhouette': 0.7632803480768365, 'num_points': 25}]",10.0,8,0.2996038108995118,,3,0.4192958728312279
DBSCAN,,0.6823301886760997,"[{'avg_silhouette': 0.3245465398558878, 'num_points': 1257}, {'avg_silhouette': 0.49448321927384414, 'num_points': 130}, {'avg_silhouette': 0.6555935688620269, 'num_points': 27}, {'avg_silhouette': 0.6087827087835215, 'num_points': 53}, {'avg_silhouette': 0.6421457581124965, 'num_points': 11}, {'avg_silhouette': 0.4378957203733477, 'num_points': 118}, {'avg_silhouette': 0.6905987202260498, 'num_points': 12}, {'avg_silhouette': 0.7632544559243173, 'num_points': 25}]",10.0,8,0.29843331699616593,,3,0.4189751598343599
DBSCAN,,0.6723301886760997,"[{'avg_silhouette': 0.3028322670929587, 'num_points': 1255}, {'avg_silhouette': 0.4943210461055264, 'num_points': 130}, {'avg_silhouette': 0.6554750876627204, 'num_points': 27}, {'avg_silhouette': 0.60865379681441, 'num_points': 53}, {'avg_silhouette': 0.6420160519532552, 'num_points': 11}, {'avg_silhouette': 0.4447763874412934, 'num_points': 116}, {'avg_silhouette': 0.6398737641644411, 'num_points': 6}, {'avg_silhouette': 0.5883049446410249, 'num_points': 8}, {'avg_silhouette': 0.5796502261516332, 'num_points': 5}, {'avg_silhouette': 0.5515345229743568, 'num_points': 5}, {'avg_silhouette': 0.5469219615745153, 'num_points': 7}, {'avg_silhouette': 0.6904746427839052, 'num_points': 12}, {'avg_silhouette': 0.5737134454036237, 'num_points': 7}, {'avg_silhouette': 0.763156192684958, 'num_points': 25}, {'avg_silhouette': 0.6147340346623407, 'num_points': 5}]",5.0,15,0.2978151800591738,,3,0.4139765668799262
DBSCAN,,0.6723301886760997,"[{'avg_silhouette': 0.32529731695953795, 'num_points': 1255}, {'avg_silhouette': 0.6554750876627204, 'num_points': 27}, {'avg_silhouette': 0.60865379681441, 'num_points': 53}, {'avg_silhouette': 0.6420160519532552, 'num_points': 11}, {'avg_silhouette': 0.49820408746216926, 'num_points': 129}, {'avg_silhouette': 0.44836035984857653, 'num_points': 115}, {'avg_silhouette': 0.6904746427839052, 'num_points': 12}, {'avg_silhouette': 0.763156192684958, 'num_points': 25}]",10.0,8,0.2973907144345391,,3,0.42395392142342797
DBSCAN,,1.0323301886761,"[{'avg_silhouette': 0.31458539485485193, 'num_points': 1762}, {'avg_silhouette': 0.38210575324249785, 'num_points': 15}]",10.0,2,0.29506343154960446,,1,
DBSCAN,,0.6623301886760997,"[{'avg_silhouette': 0.30446368252234346, 'num_points': 1255}, {'avg_silhouette': 0.4943210461055264, 'num_points': 130}, {'avg_silhouette': 0.6554750876627204, 'num_points': 27}, {'avg_silhouette': 0.619374516939359, 'num_points': 52}, {'avg_silhouette': 0.6420160519532552, 'num_points': 11}, {'avg_silhouette': 0.44747319181741224, 'num_points': 115}, {'avg_silhouette': 0.6398737641644411, 'num_points': 6}, {'avg_silhouette': 0.6413670445363145, 'num_points': 7}, {'avg_silhouette': 0.5796502261516332, 'num_points': 5}, {'avg_silhouette': 0.5469219615745153, 'num_points': 7}, {'avg_silhouette': 0.7438754554423955, 'num_points': 11}, {'avg_silhouette': 0.5737134454036237, 'num_points': 7}, {'avg_silhouette': 0.763156192684958, 'num_points': 25}]",5.0,13,0.2944015143744953,,3,0.41541930681509404
DBSCAN,,0.6523301886760997,"[{'avg_silhouette': 0.30504562306839494, 'num_points': 1253}, {'avg_silhouette': 0.4942165684998163, 'num_points': 130}, {'avg_silhouette': 0.6553969197101016, 'num_points': 27}, {'avg_silhouette': 0.6192920658696104, 'num_points': 52}, {'avg_silhouette': 0.6419356417484565, 'num_points': 11}, {'avg_silhouette': 0.4473780558351855, 'num_points': 115}, {'avg_silhouette': 0.6398021495763432, 'num_points': 6}, {'avg_silhouette': 0.6412674950862972, 'num_points': 7}, {'avg_silhouette': 0.5796502261516332, 'num_points': 5}, {'avg_silhouette': 0.5468399345918681, 'num_points': 7}, {'avg_silhouette': 0.7438078161464167, 'num_points': 11}, {'avg_silhouette': 0.5737134454036237, 'num_points': 7}, {'avg_silhouette': 0.7630930200730545, 'num_points': 25}]",5.0,13,0.2942170778181231,,3,0.41554674913446554
DBSCAN,,0.6423301886760997,"[{'avg_silhouette': 0.30502953258657467, 'num_points': 1253}, {'avg_silhouette': 0.4942165684998163, 'num_points': 130}, {'avg_silhouette': 0.6553969197101016, 'num_points': 27}, {'avg_silhouette': 0.6297610186597631, 'num_points': 51}, {'avg_silhouette': 0.6419356417484565, 'num_points': 11}, {'avg_silhouette': 0.4473780558351855, 'num_points': 115}, {'avg_silhouette': 0.6398021495763432, 'num_points': 6}, {'avg_silhouette': 0.6412674950862972, 'num_points': 7}, {'avg_silhouette': 0.5796502261516332, 'num_points': 5}, {'avg_silhouette': 0.5468399345918681, 'num_points': 7}, {'avg_silhouette': 0.7438078161464167, 'num_points': 11}, {'avg_silhouette': 0.5737134454036237, 'num_points': 7}, {'avg_silhouette': 0.7630930200730545, 'num_points': 25}]",5.0,13,0.29387832420593013,,3,0.41554138564052545
DBSCAN,,0.6623301886760997,"[{'avg_silhouette': 0.32147157209629296, 'num_points': 1255}, {'avg_silhouette': 0.6554750876627204, 'num_points': 27}, {'avg_silhouette': 0.619374516939359, 'num_points': 52}, {'avg_silhouette': 0.6420160519532552, 'num_points': 11}, {'avg_silhouette': 0.49820408746216926, 'num_points': 129}, {'avg_silhouette': 0.45113570480894705, 'num_points': 114}, {'avg_silhouette': 0.7438754554423955, 'num_points': 11}, {'avg_silhouette': 0.763156192684958, 'num_points': 25}]",10.0,8,0.2938023757099548,,3,0.42360378812246974
DBSCAN,,0.6523301886760997,"[{'avg_silhouette': 0.32203387556634583, 'num_points': 1253}, {'avg_silhouette': 0.6553969197101016, 'num_points': 27}, {'avg_silhouette': 0.6192920658696104, 'num_points': 52}, {'avg_silhouette': 0.6419356417484565, 'num_points': 11}, {'avg_silhouette': 0.4980997606132925, 'num_points': 129}, {'avg_silhouette': 0.45103974923352635, 'num_points': 114}, {'avg_silhouette': 0.7438078161464167, 'num_points': 11}, {'avg_silhouette': 0.7630930200730545, 'num_points': 25}]",10.0,8,0.2935934271425347,,3,0.4237244618043882
AGGLC,ward,,"[{'avg_silhouette': 0.28883578424818085, 'num_points': 1704}, {'avg_silhouette': 0.34576383215230244, 'num_points': 146}]",,2,0.29332848424493857,,2,0.3172998082002416
DBSCAN,,0.6423301886760997,"[{'avg_silhouette': 0.32196446668118467, 'num_points': 1253}, {'avg_silhouette': 0.6553969197101016, 'num_points': 27}, {'avg_silhouette': 0.6297610186597631, 'num_points': 51}, {'avg_silhouette': 0.6419356417484565, 'num_points': 11}, {'avg_silhouette': 0.4980997606132925, 'num_points': 129}, {'avg_silhouette': 0.45103974923352635, 'num_points': 114}, {'avg_silhouette': 0.7438078161464167, 'num_points': 11}, {'avg_silhouette': 0.7630930200730545, 'num_points': 25}]",10.0,8,0.293212857773955,,3,0.4237013255093345
AGGLC,ward,,"[{'avg_silhouette': -0.05116869875936043, 'num_points': 193}, {'avg_silhouette': -0.2674284588963683, 'num_points': 126}, {'avg_silhouette': 0.26771953275388377, 'num_points': 82}, {'avg_silhouette': 0.18522601029744765, 'num_points': 290}, {'avg_silhouette': 0.5231581876788203, 'num_points': 322}, {'avg_silhouette': 0.3985353465461179, 'num_points': 101}, {'avg_silhouette': 0.4597283796743037, 'num_points': 132}, {'avg_silhouette': 0.2695033885083272, 'num_points': 146}, {'avg_silhouette': 0.5034875580466041, 'num_points': 118}, {'avg_silhouette': 0.16039284097341353, 'num_points': 21}, {'avg_silhouette': 0.7550045848275667, 'num_points': 25}, {'avg_silhouette': 0.5990905650236575, 'num_points': 53}, {'avg_silhouette': 0.6209687383738562, 'num_points': 105}, {'avg_silhouette': -0.016943627310193107, 'num_points': 26}, {'avg_silhouette': -0.0002013425566828168, 'num_points': 66}, {'avg_silhouette': 0.6461832348259798, 'num_points': 27}, {'avg_silhouette': 0.3414829204487876, 'num_points': 17}]",,17,0.2931050783452999,,9,0.29355671682997203
DBSCAN,,0.6323301886760997,"[{'avg_silhouette': 0.3056510735976749, 'num_points': 1251}, {'avg_silhouette': 0.4965786649294882, 'num_points': 129}, {'avg_silhouette': 0.6552782622995338, 'num_points': 27}, {'avg_silhouette': 0.6296548362409413, 'num_points': 51}, {'avg_silhouette': 0.6418371163786378, 'num_points': 11}, {'avg_silhouette': 0.4535376700770564, 'num_points': 113}, {'avg_silhouette': 0.6397170259042996, 'num_points': 6}, {'avg_silhouette': 0.6411781718749731, 'num_points': 7}, {'avg_silhouette': 0.5796502261516332, 'num_points': 5}, {'avg_silhouette': 0.5467043998384189, 'num_points': 7}, {'avg_silhouette': 0.7437178765327754, 'num_points': 11}, {'avg_silhouette': 0.5737134454036237, 'num_points': 7}, {'avg_silhouette': 0.7630081732078576, 'num_points': 25}]",5.0,13,0.2928881020277531,,3,0.4185891362014065
DBSCAN,,0.6323301886760997,"[{'avg_silhouette': 0.3225824879671873, 'num_points': 1251}, {'avg_silhouette': 0.6552782622995338, 'num_points': 27}, {'avg_silhouette': 0.6296548362409413, 'num_points': 51}, {'avg_silhouette': 0.6418371163786378, 'num_points': 11}, {'avg_silhouette': 0.5005653234082321, 'num_points': 128}, {'avg_silhouette': 0.4535376700770564, 'num_points': 113}, {'avg_silhouette': 0.7437178765327754, 'num_points': 11}, {'avg_silhouette': 0.7630081732078576, 'num_points': 25}]",10.0,8,0.2923991512171055,,3,0.42556182715082524
DBSCAN,,0.6223301886760997,"[{'avg_silhouette': 0.3064476858543947, 'num_points': 1248}, {'avg_silhouette': 0.4991374855823226, 'num_points': 128}, {'avg_silhouette': 0.6551565494855718, 'num_points': 27}, {'avg_silhouette': 0.6295467217297605, 'num_points': 51}, {'avg_silhouette': 0.6417354200064305, 'num_points': 11}, {'avg_silhouette': 0.453438155457481, 'num_points': 113}, {'avg_silhouette': 0.6410352164318239, 'num_points': 7}, {'avg_silhouette': 0.6396264568525334, 'num_points': 6}, {'avg_silhouette': 0.5796502261516332, 'num_points': 5}, {'avg_silhouette': 0.5465848243218242, 'num_points': 7}, {'avg_silhouette': 0.7436197344621737, 'num_points': 11}, {'avg_silhouette': 0.5737134454036237, 'num_points': 7}, {'avg_silhouette': 0.7629107612243112, 'num_points': 25}]",5.0,13,0.2922537700929891,,3,0.4196744422980661
DBSCAN,,0.6123301886760997,"[{'avg_silhouette': 0.3064368063058877, 'num_points': 1248}, {'avg_silhouette': 0.5031955844683833, 'num_points': 127}, {'avg_silhouette': 0.6551565494855718, 'num_points': 27}, {'avg_silhouette': 0.6295467217297605, 'num_points': 51}, {'avg_silhouette': 0.6417354200064305, 'num_points': 11}, {'avg_silhouette': 0.4563747049819778, 'num_points': 112}, {'avg_silhouette': 0.6410352164318239, 'num_points': 7}, {'avg_silhouette': 0.6396264568525334, 'num_points': 6}, {'avg_silhouette': 0.5796502261516332, 'num_points': 5}, {'avg_silhouette': 0.5465848243218242, 'num_points': 7}, {'avg_silhouette': 0.7436197344621737, 'num_points': 11}, {'avg_silhouette': 0.5737134454036237, 'num_points': 7}, {'avg_silhouette': 0.7629107612243112, 'num_points': 25}]",5.0,13,0.29171873516773156,,3,0.42200236525208296
DBSCAN,,0.6223301886760997,"[{'avg_silhouette': 0.3250670862441944, 'num_points': 1243}, {'avg_silhouette': 0.6548738842095422, 'num_points': 27}, {'avg_silhouette': 0.6293095282371569, 'num_points': 51}, {'avg_silhouette': 0.6415202933326175, 'num_points': 11}, {'avg_silhouette': 0.502916645026819, 'num_points': 127}, {'avg_silhouette': 0.45318485155942195, 'num_points': 113}, {'avg_silhouette': 0.7434005563604842, 'num_points': 11}, {'avg_silhouette': 0.762710525589132, 'num_points': 25}]",10.0,8,0.2914669691434169,,3,0.4270561942768118
DBSCAN,,1.0223301886761,"[{'avg_silhouette': 0.31171760147597155, 'num_points': 1756}, {'avg_silhouette': 0.3740774184008525, 'num_points': 16}]",10.0,2,0.29094727771153445,,1,
DBSCAN,,1.0023301886761,"[{'avg_silhouette': 0.3049043254528037, 'num_points': 1451}, {'avg_silhouette': 0.5061605785888016, 'num_points': 131}, {'avg_silhouette': 0.4094957802648687, 'num_points': 131}, {'avg_silhouette': 0.37825552223544195, 'num_points': 15}]",10.0,4,0.29076523383369735,,3,0.40685356143549134
DBSCAN,,1.0223301886761,"[{'avg_silhouette': 0.30960349128218034, 'num_points': 1763}, {'avg_silhouette': 0.37483172029789824, 'num_points': 16}]",5.0,2,0.2907315056002105,,1,
DBSCAN,,0.6123301886760997,"[{'avg_silhouette': 0.3273719004639777, 'num_points': 1236}, {'avg_silhouette': 0.6544913310994531, 'num_points': 27}, {'avg_silhouette': 0.6289542602384486, 'num_points': 51}, {'avg_silhouette': 0.6411754380680686, 'num_points': 11}, {'avg_silhouette': 0.5024995627252277, 'num_points': 127}, {'avg_silhouette': 0.4557335864229479, 'num_points': 112}, {'avg_silhouette': 0.7431004645926694, 'num_points': 11}, {'avg_silhouette': 0.7624330536221331, 'num_points': 25}]",10.0,8,0.2906794873829449,,3,0.42853501653738446
AGGLC,ward,,"[{'avg_silhouette': 0.4710461184875383, 'num_points': 322}, {'avg_silhouette': 0.157111569901952, 'num_points': 51}, {'avg_silhouette': -0.18632133722499988, 'num_points': 40}, {'avg_silhouette': 0.17752322217679584, 'num_points': 108}, {'avg_silhouette': -0.2091001146907028, 'num_points': 44}, {'avg_silhouette': 0.14352770950518345, 'num_points': 47}, {'avg_silhouette': -0.05596750605697166, 'num_points': 26}, {'avg_silhouette': 0.23929745986827322, 'num_points': 141}, {'avg_silhouette': 0.032481138708271545, 'num_points': 11}, {'avg_silhouette': 0.12708820973684198, 'num_points': 21}, {'avg_silhouette': 0.09825030878821443, 'num_points': 12}, {'avg_silhouette': 0.35498612082825703, 'num_points': 101}, {'avg_silhouette': -0.08292466740433327, 'num_points': 5}, {'avg_silhouette': -0.08012761882603386, 'num_points': 38}, {'avg_silhouette': -0.03177481993894535, 'num_points': 66}, {'avg_silhouette': 0.32832114235138166, 'num_points': 17}, {'avg_silhouette': 0.40293594427270757, 'num_points': 71}, {'avg_silhouette': 0.6005372379036644, 'num_points': 13}, {'avg_silhouette': 0.4677382422905722, 'num_points': 118}, {'avg_silhouette': 0.3254604261131781, 'num_points': 11}, {'avg_silhouette': 0.24634428009546658, 'num_points': 11}, {'avg_silhouette': 0.7484282780740673, 'num_points': 25}, {'avg_silhouette': 0.11931103866756727, 'num_points': 138}, {'avg_silhouette': 0.431123403048512, 'num_points': 9}, {'avg_silhouette': 0.5895793899421446, 'num_points': 53}, {'avg_silhouette': 0.599982429923178, 'num_points': 105}, {'avg_silhouette': 0.024256703919749566, 'num_points': 7}, {'avg_silhouette': 0.3677755395533532, 'num_points': 67}, {'avg_silhouette': 0.1508393016341568, 'num_points': 65}, {'avg_silhouette': -0.2146491983669009, 'num_points': 21}, {'avg_silhouette': 0.2963767549611804, 'num_points': 59}, {'avg_silhouette': 0.6342499807100581, 'num_points': 27}]",,32,0.2904014247341783,,7,0.3471263760345974
K-means,,,"[{'avg_silhouette': 0.7464698337099784, 'num_points': 25}, {'avg_silhouette': 0.4637868868971006, 'num_points': 142}, {'avg_silhouette': 0.16295453848805536, 'num_points': 143}, {'avg_silhouette': 0.17889866829440335, 'num_points': 59}, {'avg_silhouette': -0.12198786973146435, 'num_points': 8}, {'avg_silhouette': 0.5410721552765719, 'num_points': 56}, {'avg_silhouette': 0.505659793861066, 'num_points': 111}, {'avg_silhouette': 0.39620240813074437, 'num_points': 130}, {'avg_silhouette': 0.28129831914146364, 'num_points': 122}, {'avg_silhouette': 0.3001009169086879, 'num_points': 53}, {'avg_silhouette': 0.2738955306132309, 'num_points': 46}, {'avg_silhouette': 0.2425425038459609, 'num_points': 18}, {'avg_silhouette': 0.63366061202966, 'num_points': 27}, {'avg_silhouette': -0.18076213922697784, 'num_points': 9}, {'avg_silhouette': 0.2570513751474894, 'num_points': 11}, {'avg_silhouette': 0.25844549095685515, 'num_points': 22}, {'avg_silhouette': 0.11398049128606538, 'num_points': 73}, {'avg_silhouette': 0.12056826561822691, 'num_points': 21}, {'avg_silhouette': 0.08370552662454048, 'num_points': 13}, {'avg_silhouette': -0.1425133210468522, 'num_points': 35}, {'avg_silhouette': 0.20939393770591982, 'num_points': 70}, {'avg_silhouette': 0.09838314030417043, 'num_points': 15}, {'avg_silhouette': -0.04690539012071428, 'num_points': 27}, {'avg_silhouette': 0.3158154897801186, 'num_points': 130}, {'avg_silhouette': 0.3360712917386413, 'num_points': 76}, {'avg_silhouette': 0.15714835494113116, 'num_points': 5}, {'avg_silhouette': 0.39664006701333054, 'num_points': 16}, {'avg_silhouette': 0.024547354793928552, 'num_points': 11}, {'avg_silhouette': 0.1947757087733656, 'num_points': 22}, {'avg_silhouette': 0.01825832066603102, 'num_points': 3}, {'avg_silhouette': 0.5980499583038218, 'num_points': 13}, {'avg_silhouette': 0.3279679408229357, 'num_points': 11}, {'avg_silhouette': 0.40941917898885233, 'num_points': 147}, {'avg_silhouette': 0.0, 'num_points': 1}, {'avg_silhouette': 0.015113747120659887, 'num_points': 19}, {'avg_silhouette': 0.4138180757341297, 'num_points': 9}, {'avg_silhouette': 0.0, 'num_points': 1}, {'avg_silhouette': 0.06525947983913698, 'num_points': 15}, {'avg_silhouette': 0.0, 'num_points': 1}, {'avg_silhouette': 0.15698669535111975, 'num_points': 4}, {'avg_silhouette': -0.10808409753009743, 'num_points': 21}, {'avg_silhouette': 0.0520792864568706, 'num_points': 34}, {'avg_silhouette': 0.432303921605562, 'num_points': 9}, {'avg_silhouette': 0.0, 'num_points': 1}, {'avg_silhouette': 0.0, 'num_points': 1}, {'avg_silhouette': 0.0, 'num_points': 1}, {'avg_silhouette': 0.25393471406864837, 'num_points': 22}, {'avg_silhouette': 0.0920079025801334, 'num_points': 38}, {'avg_silhouette': 0.20096381934473365, 'num_points': 3}]",,49,0.29023854387717374,,7,0.3621623736124858
DBSCAN,,0.5923301886760997,"[{'avg_silhouette': 0.3084942074612315, 'num_points': 1243}, {'avg_silhouette': 0.5048401345561577, 'num_points': 126}, {'avg_silhouette': 0.654808899782522, 'num_points': 27}, {'avg_silhouette': 0.6291980635845866, 'num_points': 51}, {'avg_silhouette': 0.6413934277040341, 'num_points': 11}, {'avg_silhouette': 0.4619541194376477, 'num_points': 109}, {'avg_silhouette': 0.6406885834960792, 'num_points': 7}, {'avg_silhouette': 0.6392930771192453, 'num_points': 6}, {'avg_silhouette': 0.5796502261516332, 'num_points': 5}, {'avg_silhouette': 0.5462227571813533, 'num_points': 7}, {'avg_silhouette': 0.7433532948392666, 'num_points': 11}, {'avg_silhouette': 0.5737134454036237, 'num_points': 7}, {'avg_silhouette': 0.7626591489673308, 'num_points': 25}]",5.0,13,0.2901495415438536,,3,0.4250961538183457
DBSCAN,,0.6023301886760997,"[{'avg_silhouette': 0.30800610316030774, 'num_points': 1244}, {'avg_silhouette': 0.5049534644571207, 'num_points': 126}, {'avg_silhouette': 0.6548942482839708, 'num_points': 27}, {'avg_silhouette': 0.6292873673047623, 'num_points': 51}, {'avg_silhouette': 0.6414816734322081, 'num_points': 11}, {'avg_silhouette': 0.46206699149026315, 'num_points': 109}, {'avg_silhouette': 0.6407787667680142, 'num_points': 7}, {'avg_silhouette': 0.6393772330096799, 'num_points': 6}, {'avg_silhouette': 0.5796502261516332, 'num_points': 5}, {'avg_silhouette': 0.5463237983848063, 'num_points': 7}, {'avg_silhouette': 0.7434198790123484, 'num_points': 11}, {'avg_silhouette': 0.5737134454036237, 'num_points': 7}, {'avg_silhouette': 0.7627216962318836, 'num_points': 25}]",5.0,13,0.29012601639354907,,3,0.42500885303589725
DBSCAN,,0.5823301886760996,"[{'avg_silhouette': 0.3088360953130897, 'num_points': 1242}, {'avg_silhouette': 0.5047786509806166, 'num_points': 126}, {'avg_silhouette': 0.6547557236659688, 'num_points': 27}, {'avg_silhouette': 0.6291520657314683, 'num_points': 51}, {'avg_silhouette': 0.6413470379294713, 'num_points': 11}, {'avg_silhouette': 0.46189133345271016, 'num_points': 109}, {'avg_silhouette': 0.6406361723409845, 'num_points': 7}, {'avg_silhouette': 0.6392580431088953, 'num_points': 6}, {'avg_silhouette': 0.5796502261516332, 'num_points': 5}, {'avg_silhouette': 0.7433074658874975, 'num_points': 11}, {'avg_silhouette': 0.5737134454036237, 'num_points': 7}, {'avg_silhouette': 0.7626209657294197, 'num_points': 25}, {'avg_silhouette': 0.5461604434537504, 'num_points': 7}]",5.0,13,0.2900970806522103,,3,0.42516869324880546
DBSCAN,,1.0123301886761,"[{'avg_silhouette': 0.3146432921547195, 'num_points': 1738}, {'avg_silhouette': 0.3728284775612182, 'num_points': 16}]",10.0,2,0.289102674915238,,1,
DBSCAN,,0.6023301886760997,"[{'avg_silhouette': 0.32830980570989937, 'num_points': 1233}, {'avg_silhouette': 0.654321579650991, 'num_points': 27}, {'avg_silhouette': 0.6287919045099801, 'num_points': 51}, {'avg_silhouette': 0.6410173469809904, 'num_points': 11}, {'avg_silhouette': 0.5087361849727985, 'num_points': 125}, {'avg_silhouette': 0.4615405733723982, 'num_points': 109}, {'avg_silhouette': 0.7429699586993581, 'num_points': 11}, {'avg_silhouette': 0.7623104530980247, 'num_points': 25}]",10.0,8,0.28869716470807794,,3,0.4328621880183654
DBSCAN,,0.5923301886760997,"[{'avg_silhouette': 0.32871383997776227, 'num_points': 1232}, {'avg_silhouette': 0.6542707519090826, 'num_points': 27}, {'avg_silhouette': 0.6287276266676198, 'num_points': 51}, {'avg_silhouette': 0.6409521336061813, 'num_points': 11}, {'avg_silhouette': 0.5086534492664462, 'num_points': 125}, {'avg_silhouette': 0.46145414471507146, 'num_points': 109}, {'avg_silhouette': 0.742934292897452, 'num_points': 11}, {'avg_silhouette': 0.7622698658900814, 'num_points': 25}]",10.0,8,0.28863360693561735,,3,0.4329404779864266
DBSCAN,,0.5823301886760996,"[{'avg_silhouette': 0.32871160271901834, 'num_points': 1232}, {'avg_silhouette': 0.6542707519090826, 'num_points': 27}, {'avg_silhouette': 0.6287276266676198, 'num_points': 51}, {'avg_silhouette': 0.6409521336061813, 'num_points': 11}, {'avg_silhouette': 0.5086534492664462, 'num_points': 125}, {'avg_silhouette': 0.4649027842185449, 'num_points': 107}, {'avg_silhouette': 0.742934292897452, 'num_points': 11}, {'avg_silhouette': 0.7622698658900814, 'num_points': 25}]",10.0,8,0.28783398992055664,,3,0.4340892787346698
K-means,,,"[{'avg_silhouette': 0.5429859116197695, 'num_points': 30}, {'avg_silhouette': 0.4887447795195379, 'num_points': 349}, {'avg_silhouette': -0.062310863819951184, 'num_points': 222}, {'avg_silhouette': -0.08726843256042265, 'num_points': 45}, {'avg_silhouette': 0.024281502422201614, 'num_points': 44}, {'avg_silhouette': 0.5099841521630354, 'num_points': 59}, {'avg_silhouette': 0.12210490636324565, 'num_points': 156}, {'avg_silhouette': 0.1585740500818129, 'num_points': 9}, {'avg_silhouette': 0.4721306996733449, 'num_points': 133}, {'avg_silhouette': -0.13800520257883547, 'num_points': 31}, {'avg_silhouette': 0.3554689154165702, 'num_points': 144}, {'avg_silhouette': 0.2961144010794025, 'num_points': 142}, {'avg_silhouette': 0.2736084960043262, 'num_points': 98}, {'avg_silhouette': 0.24063995389796955, 'num_points': 12}, {'avg_silhouette': 0.7595557608656918, 'num_points': 25}, {'avg_silhouette': 0.31285969621667753, 'num_points': 82}, {'avg_silhouette': 0.36083711578274463, 'num_points': 126}, {'avg_silhouette': 0.002354820323850624, 'num_points': 16}, {'avg_silhouette': 0.30501718565691843, 'num_points': 127}]",,19,0.2870650946508,,9,0.2901906261862377
AGGLC,ward,,"[{'avg_silhouette': -0.24557019858509474, 'num_points': 21}, {'avg_silhouette': -0.11934308612830556, 'num_points': 33}, {'avg_silhouette': -0.12158144524813033, 'num_points': 17}, {'avg_silhouette': 0.221589444053823, 'num_points': 167}, {'avg_silhouette': -0.027687109870463706, 'num_points': 45}, {'avg_silhouette': 0.14100377356892935, 'num_points': 92}, {'avg_silhouette': 0.284900762441541, 'num_points': 12}, {'avg_silhouette': 0.318822143653116, 'num_points': 17}, {'avg_silhouette': 0.16025348240942813, 'num_points': 117}, {'avg_silhouette': -0.13876286904612606, 'num_points': 8}, {'avg_silhouette': -0.16062394927013715, 'num_points': 48}, {'avg_silhouette': 0.34265066624740403, 'num_points': 101}, {'avg_silhouette': -0.1174362169411411, 'num_points': 5}, {'avg_silhouette': 0.07733598568847734, 'num_points': 71}, {'avg_silhouette': -0.030463232401547632, 'num_points': 4}, {'avg_silhouette': 0.15914546140314098, 'num_points': 16}, {'avg_silhouette': 0.3947344061603721, 'num_points': 71}, {'avg_silhouette': 0.017144425220002573, 'num_points': 6}, {'avg_silhouette': 0.0015882484173588103, 'num_points': 11}, {'avg_silhouette': 0.1877950320790707, 'num_points': 21}, {'avg_silhouette': 0.24590307648893897, 'num_points': 11}, {'avg_silhouette': -0.1303054093217221, 'num_points': 22}, {'avg_silhouette': -0.014616139853518263, 'num_points': 19}, {'avg_silhouette': -0.024627983845961692, 'num_points': 21}, {'avg_silhouette': 0.39331756483351016, 'num_points': 32}, {'avg_silhouette': 0.5763654403302371, 'num_points': 105}, {'avg_silhouette': 0.012281319337327795, 'num_points': 7}, {'avg_silhouette': 0.34600598376231034, 'num_points': 67}, {'avg_silhouette': -0.06533044540557657, 'num_points': 4}, {'avg_silhouette': -0.01744290390406874, 'num_points': 15}, {'avg_silhouette': 0.24621432292209325, 'num_points': 59}, {'avg_silhouette': 0.6318578754161364, 'num_points': 27}, {'avg_silhouette': 0.682363581380549, 'num_points': 107}, {'avg_silhouette': 0.1311654049478864, 'num_points': 2}, {'avg_silhouette': 0.2698097609128754, 'num_points': 7}, {'avg_silhouette': 0.5965451664234969, 'num_points': 13}, {'avg_silhouette': 0.3612062874161302, 'num_points': 43}, {'avg_silhouette': 0.46039592071130925, 'num_points': 118}, {'avg_silhouette': 0.27296043252282653, 'num_points': 21}, {'avg_silhouette': 0.4951250433992922, 'num_points': 8}, {'avg_silhouette': 0.31459634026411804, 'num_points': 11}, {'avg_silhouette': 0.0, 'num_points': 1}, {'avg_silhouette': 0.3054288708855493, 'num_points': 49}, {'avg_silhouette': 0.7465987780072894, 'num_points': 25}, {'avg_silhouette': 0.18457255307864517, 'num_points': 9}, {'avg_silhouette': 0.4364356068823032, 'num_points': 16}, {'avg_silhouette': -0.12993987209139457, 'num_points': 16}, {'avg_silhouette': 0.4282418841996646, 'num_points': 9}, {'avg_silhouette': 0.47052801860612825, 'num_points': 70}, {'avg_silhouette': 0.587021594680941, 'num_points': 53}]",,50,0.286959373727882,,6,0.4072697558554584
AGGLC,ward,,"[{'avg_silhouette': 0.20066044787748763, 'num_points': 141}, {'avg_silhouette': -0.1029007780419215, 'num_points': 33}, {'avg_silhouette': 0.1433738453079351, 'num_points': 47}, {'avg_silhouette': 0.221589444053823, 'num_points': 167}, {'avg_silhouette': -0.012921104903082863, 'num_points': 45}, {'avg_silhouette': 0.1432386144001619, 'num_points': 92}, {'avg_silhouette': -0.23040717460910573, 'num_points': 21}, {'avg_silhouette': 0.3208188775450076, 'num_points': 17}, {'avg_silhouette': 0.23112218637766133, 'num_points': 117}, {'avg_silhouette': -0.13708237918505956, 'num_points': 8}, {'avg_silhouette': -0.160622999422, 'num_points': 48}, {'avg_silhouette': 0.3439222300567629, 'num_points': 101}, {'avg_silhouette': -0.1174362169411411, 'num_points': 5}, {'avg_silhouette': -0.12158144524813033, 'num_points': 17}, {'avg_silhouette': 0.284900762441541, 'num_points': 12}, {'avg_silhouette': 0.15914546140314098, 'num_points': 16}, {'avg_silhouette': 0.39611450908924456, 'num_points': 71}, {'avg_silhouette': 0.01885970221358359, 'num_points': 6}, {'avg_silhouette': 0.005230536995097731, 'num_points': 11}, {'avg_silhouette': 0.19013472247737356, 'num_points': 21}, {'avg_silhouette': 0.24590307648893897, 'num_points': 11}, {'avg_silhouette': -0.1299851022483921, 'num_points': 22}, {'avg_silhouette': -0.014616139853518263, 'num_points': 19}, {'avg_silhouette': 0.024726798219912596, 'num_points': 21}, {'avg_silhouette': 0.5878350733100818, 'num_points': 53}, {'avg_silhouette': 0.5792000799295602, 'num_points': 105}, {'avg_silhouette': 0.01822885661219986, 'num_points': 7}, {'avg_silhouette': 0.34600598376231034, 'num_points': 67}, {'avg_silhouette': -0.06533044540557657, 'num_points': 4}, {'avg_silhouette': -0.0303681033419085, 'num_points': 4}, {'avg_silhouette': 0.2963767549611804, 'num_points': 59}, {'avg_silhouette': 0.6318578754161364, 'num_points': 27}, {'avg_silhouette': 0.682363581380549, 'num_points': 107}, {'avg_silhouette': 0.1311654049478864, 'num_points': 2}, {'avg_silhouette': 0.275429212058152, 'num_points': 7}, {'avg_silhouette': 0.5965451664234969, 'num_points': 13}, {'avg_silhouette': 0.3613222341222204, 'num_points': 43}, {'avg_silhouette': 0.4607285952802811, 'num_points': 118}, {'avg_silhouette': 0.27296043252282653, 'num_points': 21}, {'avg_silhouette': 0.49714904379644276, 'num_points': 8}, {'avg_silhouette': 0.3246961187262865, 'num_points': 11}, {'avg_silhouette': 0.0, 'num_points': 1}, {'avg_silhouette': 0.3054288708855493, 'num_points': 49}, {'avg_silhouette': 0.7465987780072894, 'num_points': 25}, {'avg_silhouette': 0.19172045947179017, 'num_points': 9}, {'avg_silhouette': 0.43703090203610095, 'num_points': 16}, {'avg_silhouette': -0.12993987209139457, 'num_points': 16}, {'avg_silhouette': 0.4282418841996646, 'num_points': 9}]",,48,0.2866058605662959,,7,0.3885123664223036
DBSCAN,,0.5723301886760996,"[{'avg_silhouette': 0.3311603000092312, 'num_points': 1224}, {'avg_silhouette': 0.6539077887768273, 'num_points': 27}, {'avg_silhouette': 0.6283849598133101, 'num_points': 51}, {'avg_silhouette': 0.640602609923672, 'num_points': 11}, {'avg_silhouette': 0.5082465285694365, 'num_points': 125}, {'avg_silhouette': 0.4730308238701426, 'num_points': 104}, {'avg_silhouette': 0.742639917556298, 'num_points': 11}, {'avg_silhouette': 0.7619926999893429, 'num_points': 25}]",10.0,8,0.28612552763196214,,3,0.4374792174829368
AGGLC,ward,,"[{'avg_silhouette': -0.08340964920068346, 'num_points': 210}, {'avg_silhouette': -0.2674284588963683, 'num_points': 126}, {'avg_silhouette': 0.26771953275388377, 'num_points': 82}, {'avg_silhouette': 0.18523167706548546, 'num_points': 290}, {'avg_silhouette': 0.5231581876788203, 'num_points': 322}, {'avg_silhouette': 0.3985353465461179, 'num_points': 101}, {'avg_silhouette': 0.4597283796743037, 'num_points': 132}, {'avg_silhouette': 0.2702365640786125, 'num_points': 146}, {'avg_silhouette': 0.5034875580466041, 'num_points': 118}, {'avg_silhouette': 0.16064643930781924, 'num_points': 21}, {'avg_silhouette': 0.7550045848275667, 'num_points': 25}, {'avg_silhouette': 0.5990905650236575, 'num_points': 53}, {'avg_silhouette': 0.6209687383738562, 'num_points': 105}, {'avg_silhouette': -0.016943627310193107, 'num_points': 26}, {'avg_silhouette': -0.0002013425566828168, 'num_points': 66}, {'avg_silhouette': 0.6461832348259798, 'num_points': 27}]",,16,0.2858987731787047,,9,0.2900564825963054
AGGLC,ward,,"[{'avg_silhouette': 0.1433738453079351, 'num_points': 47}, {'avg_silhouette': -0.1029007780419215, 'num_points': 33}, {'avg_silhouette': -0.24557019858509474, 'num_points': 21}, {'avg_silhouette': 0.221589444053823, 'num_points': 167}, {'avg_silhouette': -0.027687109870463706, 'num_points': 45}, {'avg_silhouette': 0.14100377356892935, 'num_points': 92}, {'avg_silhouette': -0.12158144524813033, 'num_points': 17}, {'avg_silhouette': 0.318822143653116, 'num_points': 17}, {'avg_silhouette': 0.16025348240942813, 'num_points': 117}, {'avg_silhouette': -0.13876286904612606, 'num_points': 8}, {'avg_silhouette': -0.16062394927013715, 'num_points': 48}, {'avg_silhouette': 0.34265066624740403, 'num_points': 101}, {'avg_silhouette': -0.1174362169411411, 'num_points': 5}, {'avg_silhouette': 0.07733598568847734, 'num_points': 71}, {'avg_silhouette': 0.284900762441541, 'num_points': 12}, {'avg_silhouette': 0.15914546140314098, 'num_points': 16}, {'avg_silhouette': 0.3947344061603721, 'num_points': 71}, {'avg_silhouette': 0.017144425220002573, 'num_points': 6}, {'avg_silhouette': 0.0023436336273947103, 'num_points': 11}, {'avg_silhouette': 0.1877950320790707, 'num_points': 21}, {'avg_silhouette': 0.24590307648893897, 'num_points': 11}, {'avg_silhouette': -0.1303054093217221, 'num_points': 22}, {'avg_silhouette': -0.014616139853518263, 'num_points': 19}, {'avg_silhouette': -0.024627983845961692, 'num_points': 21}, {'avg_silhouette': 0.587021594680941, 'num_points': 53}, {'avg_silhouette': 0.5763654403302371, 'num_points': 105}, {'avg_silhouette': 0.01822885661219986, 'num_points': 7}, {'avg_silhouette': 0.34600598376231034, 'num_points': 67}, {'avg_silhouette': -0.06533044540557657, 'num_points': 4}, {'avg_silhouette': -0.0303681033419085, 'num_points': 4}, {'avg_silhouette': 0.2963767549611804, 'num_points': 59}, {'avg_silhouette': 0.6318578754161364, 'num_points': 27}, {'avg_silhouette': 0.682363581380549, 'num_points': 107}, {'avg_silhouette': 0.1311654049478864, 'num_points': 2}, {'avg_silhouette': 0.275429212058152, 'num_points': 7}, {'avg_silhouette': 0.5965451664234969, 'num_points': 13}, {'avg_silhouette': 0.3612062874161302, 'num_points': 43}, {'avg_silhouette': 0.46039592071130925, 'num_points': 118}, {'avg_silhouette': 0.27296043252282653, 'num_points': 21}, {'avg_silhouette': 0.4951250433992922, 'num_points': 8}, {'avg_silhouette': 0.31459634026411804, 'num_points': 11}, {'avg_silhouette': 0.0, 'num_points': 1}, {'avg_silhouette': 0.3054288708855493, 'num_points': 49}, {'avg_silhouette': 0.7465987780072894, 'num_points': 25}, {'avg_silhouette': 0.18457255307864517, 'num_points': 9}, {'avg_silhouette': 0.4364356068823032, 'num_points': 16}, {'avg_silhouette': -0.12993987209139457, 'num_points': 16}, {'avg_silhouette': 0.4282418841996646, 'num_points': 9}, {'avg_silhouette': 0.47052801860612825, 'num_points': 70}]",,49,0.2858814767241028,,6,0.4072697558554584
AGGLC,ward,,"[{'avg_silhouette': 0.11852216132908337, 'num_points': 138}, {'avg_silhouette': 0.23914544057292939, 'num_points': 141}, {'avg_silhouette': 0.1433738453079351, 'num_points': 47}, {'avg_silhouette': -0.1029007780419215, 'num_points': 33}, {'avg_silhouette': -0.012178028266805077, 'num_points': 45}, {'avg_silhouette': 0.14424907522540445, 'num_points': 92}, {'avg_silhouette': -0.22941310577456667, 'num_points': 21}, {'avg_silhouette': 0.32359218586087596, 'num_points': 17}, {'avg_silhouette': 0.221589444053823, 'num_points': 167}, {'avg_silhouette': -0.13708237918505956, 'num_points': 8}, {'avg_silhouette': -0.160622999422, 'num_points': 48}, {'avg_silhouette': 0.34399884311798157, 'num_points': 101}, {'avg_silhouette': -0.1108659088040077, 'num_points': 5}, {'avg_silhouette': -0.12158144524813033, 'num_points': 17}, {'avg_silhouette': 0.284900762441541, 'num_points': 12}, {'avg_silhouette': 0.15914546140314098, 'num_points': 16}, {'avg_silhouette': 0.396121184096865, 'num_points': 71}, {'avg_silhouette': 0.029315156256448333, 'num_points': 6}, {'avg_silhouette': 0.006868757891364276, 'num_points': 11}, {'avg_silhouette': 0.19013472247737356, 'num_points': 21}, {'avg_silhouette': 0.24590307648893897, 'num_points': 11}, {'avg_silhouette': -0.12894726905874843, 'num_points': 22}, {'avg_silhouette': -0.013906490276385268, 'num_points': 19}, {'avg_silhouette': 0.4282418841996646, 'num_points': 9}, {'avg_silhouette': 0.5878350733100818, 'num_points': 53}, {'avg_silhouette': 0.5983298905840596, 'num_points': 105}, {'avg_silhouette': 0.020851508355314276, 'num_points': 7}, {'avg_silhouette': 0.34600598376231034, 'num_points': 67}, {'avg_silhouette': -0.06533044540557657, 'num_points': 4}, {'avg_silhouette': -0.0303681033419085, 'num_points': 4}, {'avg_silhouette': 0.2963767549611804, 'num_points': 59}, {'avg_silhouette': 0.6318578754161364, 'num_points': 27}, {'avg_silhouette': 0.682363581380549, 'num_points': 107}, {'avg_silhouette': 0.1311654049478864, 'num_points': 2}, {'avg_silhouette': 0.275429212058152, 'num_points': 7}, {'avg_silhouette': 0.5965451664234969, 'num_points': 13}, {'avg_silhouette': 0.3613222341222204, 'num_points': 43}, {'avg_silhouette': 0.4607285952802811, 'num_points': 118}, {'avg_silhouette': 0.27296043252282653, 'num_points': 21}, {'avg_silhouette': 0.49714904379644276, 'num_points': 8}, {'avg_silhouette': 0.3246961187262865, 'num_points': 11}, {'avg_silhouette': 0.0, 'num_points': 1}, {'avg_silhouette': 0.3054288708855493, 'num_points': 49}, {'avg_silhouette': 0.7465987780072894, 'num_points': 25}, {'avg_silhouette': 0.193178132942247, 'num_points': 9}, {'avg_silhouette': 0.43703090203610095, 'num_points': 16}, {'avg_silhouette': -0.12993987209139457, 'num_points': 16}]",,47,0.28477588551220834,,7,0.38066827947410103
DBSCAN,,0.5623301886760996,"[{'avg_silhouette': 0.3326417018109656, 'num_points': 1218}, {'avg_silhouette': 0.6536693710059431, 'num_points': 27}, {'avg_silhouette': 0.6281525476586919, 'num_points': 51}, {'avg_silhouette': 0.6403831765941034, 'num_points': 11}, {'avg_silhouette': 0.5080267933335126, 'num_points': 125}, {'avg_silhouette': 0.47803150626560753, 'num_points': 102}, {'avg_silhouette': 0.7424703983265086, 'num_points': 11}, {'avg_silhouette': 0.7618122017454202, 'num_points': 25}]",10.0,8,0.2845885641544906,,3,0.4395666671366953
DBSCAN,,0.5723301886760996,"[{'avg_silhouette': 0.3079983089696109, 'num_points': 1238}, {'avg_silhouette': 0.5090110643186477, 'num_points': 125}, {'avg_silhouette': 0.6546546687143222, 'num_points': 27}, {'avg_silhouette': 0.6290567477927741, 'num_points': 51}, {'avg_silhouette': 0.6412473309436145, 'num_points': 11}, {'avg_silhouette': 0.4617794793720191, 'num_points': 109}, {'avg_silhouette': 0.6391685084372236, 'num_points': 6}, {'avg_silhouette': 0.7432204774192939, 'num_points': 11}, {'avg_silhouette': 0.7869358257624333, 'num_points': 6}, {'avg_silhouette': 0.7625343657173731, 'num_points': 25}, {'avg_silhouette': 0.5460547788959522, 'num_points': 7}, {'avg_silhouette': 0.766197643609672, 'num_points': 5}]",5.0,12,0.28458741965711776,,3,0.42626295088675925
AGGLC,ward,,"[{'avg_silhouette': 0.2573584491250916, 'num_points': 1572}, {'avg_silhouette': 0.33770631940801327, 'num_points': 146}, {'avg_silhouette': 0.5127344564775923, 'num_points': 132}]",,3,0.2819208394125708,,3,0.36926640833689905
K-means,,,"[{'avg_silhouette': 0.19818089142422776, 'num_points': 58}, {'avg_silhouette': 0.25501595661513343, 'num_points': 184}, {'avg_silhouette': 0.046402698432849006, 'num_points': 30}, {'avg_silhouette': -0.011711884133452151, 'num_points': 17}, {'avg_silhouette': 0.266552638896209, 'num_points': 123}, {'avg_silhouette': 0.30333705855832, 'num_points': 15}, {'avg_silhouette': -0.09289722404616521, 'num_points': 14}, {'avg_silhouette': 0.7457063584254943, 'num_points': 25}, {'avg_silhouette': 0.18266921524663662, 'num_points': 24}, {'avg_silhouette': -0.10057408940409182, 'num_points': 20}, {'avg_silhouette': 0.5193767434936909, 'num_points': 109}, {'avg_silhouette': 0.21775119788870156, 'num_points': 8}, {'avg_silhouette': -0.1714059069661956, 'num_points': 31}, {'avg_silhouette': 0.280293886416844, 'num_points': 45}, {'avg_silhouette': 0.31245417275749227, 'num_points': 44}, {'avg_silhouette': 0.0462993938786215, 'num_points': 18}, {'avg_silhouette': 0.33763826996883983, 'num_points': 75}, {'avg_silhouette': 0.25680025620718056, 'num_points': 44}, {'avg_silhouette': 0.1844059136930821, 'num_points': 100}, {'avg_silhouette': 0.3573715754194175, 'num_points': 52}, {'avg_silhouette': 0.3995660142601054, 'num_points': 161}, {'avg_silhouette': 0.20699230955501202, 'num_points': 64}, {'avg_silhouette': 0.2655859748373356, 'num_points': 8}, {'avg_silhouette': 0.6181533233564646, 'num_points': 3}, {'avg_silhouette': 0.0, 'num_points': 1}, {'avg_silhouette': 0.5948055527716959, 'num_points': 13}, {'avg_silhouette': 0.5139908307054086, 'num_points': 30}, {'avg_silhouette': 0.1211004338030628, 'num_points': 23}, {'avg_silhouette': -0.061226674939416595, 'num_points': 5}, {'avg_silhouette': 0.4245200925455629, 'num_points': 9}, {'avg_silhouette': 0.3918036561559968, 'num_points': 16}, {'avg_silhouette': 0.3979476619577298, 'num_points': 10}, {'avg_silhouette': 0.8071680503952283, 'num_points': 3}, {'avg_silhouette': 0.3808881889887377, 'num_points': 107}, {'avg_silhouette': 0.24921397367007614, 'num_points': 18}, {'avg_silhouette': 0.09620346331079117, 'num_points': 15}, {'avg_silhouette': 0.21177917900036586, 'num_points': 22}, {'avg_silhouette': 0.09015497669299671, 'num_points': 18}, {'avg_silhouette': 0.4314148638296072, 'num_points': 98}, {'avg_silhouette': 0.0, 'num_points': 1}, {'avg_silhouette': 0.055221273829868044, 'num_points': 37}, {'avg_silhouette': 0.31763988554169664, 'num_points': 11}, {'avg_silhouette': 0.4104906269734842, 'num_points': 9}, {'avg_silhouette': 0.24361607022412218, 'num_points': 11}, {'avg_silhouette': 0.384219922255018, 'num_points': 2}, {'avg_silhouette': -0.05331628221478295, 'num_points': 2}, {'avg_silhouette': 0.1511018275139179, 'num_points': 3}, {'avg_silhouette': 0.12265588765301083, 'num_points': 41}, {'avg_silhouette': 0.19430570028616434, 'num_points': 72}, {'avg_silhouette': 0.0, 'num_points': 1}]",,50,0.28189774953038227,,7,0.3481743313966522
K-means,,,"[{'avg_silhouette': 0.6419034943856393, 'num_points': 2}, {'avg_silhouette': 0.28655988720504244, 'num_points': 138}, {'avg_silhouette': 0.3537357956848833, 'num_points': 146}, {'avg_silhouette': 0.23332302118338163, 'num_points': 45}, {'avg_silhouette': 0.2398708945792982, 'num_points': 58}, {'avg_silhouette': 0.5434447097362767, 'num_points': 56}, {'avg_silhouette': 0.7499681196396516, 'num_points': 25}, {'avg_silhouette': 0.4373458551819885, 'num_points': 126}, {'avg_silhouette': 0.35142543165428747, 'num_points': 76}, {'avg_silhouette': 0.17926868984526206, 'num_points': 106}, {'avg_silhouette': 0.2624769097076447, 'num_points': 47}, {'avg_silhouette': 0.33796811872925375, 'num_points': 75}, {'avg_silhouette': 0.0033443222844033046, 'num_points': 146}, {'avg_silhouette': 0.1333923529081617, 'num_points': 75}, {'avg_silhouette': 0.21851999241219963, 'num_points': 12}, {'avg_silhouette': 0.04738174616181292, 'num_points': 46}, {'avg_silhouette': -0.19205810937201617, 'num_points': 13}, {'avg_silhouette': 0.5237357521253619, 'num_points': 30}, {'avg_silhouette': 0.40048286332153016, 'num_points': 16}, {'avg_silhouette': 0.26931332090009746, 'num_points': 48}, {'avg_silhouette': 0.13918819648748743, 'num_points': 20}, {'avg_silhouette': 0.03666527749484418, 'num_points': 18}, {'avg_silhouette': 0.08239957098980162, 'num_points': 15}, {'avg_silhouette': -0.1267208026204344, 'num_points': 36}, {'avg_silhouette': 0.1729441429534091, 'num_points': 24}, {'avg_silhouette': 0.506302876645844, 'num_points': 133}, {'avg_silhouette': 0.19523332532494717, 'num_points': 81}, {'avg_silhouette': -0.0924976324359492, 'num_points': 14}, {'avg_silhouette': 0.4844737089493218, 'num_points': 107}, {'avg_silhouette': -0.11386840922046006, 'num_points': 19}, {'avg_silhouette': 0.24403256307217006, 'num_points': 47}, {'avg_silhouette': 0.4144868103087965, 'num_points': 9}, {'avg_silhouette': 0.283685638389605, 'num_points': 8}, {'avg_silhouette': 0.0, 'num_points': 1}, {'avg_silhouette': 0.19137739582588761, 'num_points': 5}, {'avg_silhouette': 0.43677082364820463, 'num_points': 9}, {'avg_silhouette': 0.6037115547065673, 'num_points': 13}, {'avg_silhouette': 0.175591222106485, 'num_points': 5}]",,38,0.28070157859522327,,7,0.32157587654239217
K-means,,,"[{'avg_silhouette': -0.04761916903096042, 'num_points': 39}, {'avg_silhouette': 0.1763513255817697, 'num_points': 151}, {'avg_silhouette': -0.11206383997800162, 'num_points': 16}, {'avg_silhouette': 0.21312148951589932, 'num_points': 59}, {'avg_silhouette': -0.00606025657951223, 'num_points': 128}, {'avg_silhouette': 0.5448527139100804, 'num_points': 56}, {'avg_silhouette': 0.09717268513905648, 'num_points': 10}, {'avg_silhouette': 0.28416920159609443, 'num_points': 126}, {'avg_silhouette': 0.2941985864586221, 'num_points': 42}, {'avg_silhouette': 0.3380139777033413, 'num_points': 154}, {'avg_silhouette': 0.379018299532125, 'num_points': 111}, {'avg_silhouette': 0.28709651357758176, 'num_points': 12}, {'avg_silhouette': -0.06227838261515743, 'num_points': 17}, {'avg_silhouette': 0.27311806518944, 'num_points': 48}, {'avg_silhouette': -0.04351626293669009, 'num_points': 16}, {'avg_silhouette': 0.20096381934473365, 'num_points': 3}, {'avg_silhouette': 0.3507926975537612, 'num_points': 75}, {'avg_silhouette': 0.13741488727004025, 'num_points': 14}, {'avg_silhouette': 0.7502934262831069, 'num_points': 25}, {'avg_silhouette': 0.24991928432775154, 'num_points': 144}, {'avg_silhouette': 0.5000721411423535, 'num_points': 108}, {'avg_silhouette': 0.10185233800391226, 'num_points': 15}, {'avg_silhouette': 0.4049411292949358, 'num_points': 16}, {'avg_silhouette': 0.22957483258429268, 'num_points': 8}, {'avg_silhouette': 0.03001172939830977, 'num_points': 31}, {'avg_silhouette': 0.14535514675923808, 'num_points': 27}, {'avg_silhouette': 0.18393283862771634, 'num_points': 77}, {'avg_silhouette': 0.35867658017406445, 'num_points': 76}, {'avg_silhouette': 0.25875117671385384, 'num_points': 11}, {'avg_silhouette': 0.0, 'num_points': 1}, {'avg_silhouette': -0.02649564216039163, 'num_points': 4}, {'avg_silhouette': 0.43887371618017557, 'num_points': 9}, {'avg_silhouette': 0.5007960590236012, 'num_points': 133}, {'avg_silhouette': 0.4753853131863712, 'num_points': 12}, {'avg_silhouette': 0.16829982407444516, 'num_points': 5}, {'avg_silhouette': 0.20056522262345133, 'num_points': 9}, {'avg_silhouette': 0.0, 'num_points': 1}, {'avg_silhouette': 0.037089791971049973, 'num_points': 32}, {'avg_silhouette': 0.6418864916168301, 'num_points': 2}, {'avg_silhouette': 0.638049132379268, 'num_points': 27}]",,40,0.28021783403380146,,8,0.3027850040409406
DBSCAN,,0.5523301886760996,"[{'avg_silhouette': 0.33442333818003606, 'num_points': 1210}, {'avg_silhouette': 0.6533960505688591, 'num_points': 27}, {'avg_silhouette': 0.6278646937175879, 'num_points': 51}, {'avg_silhouette': 0.5104973203256364, 'num_points': 124}, {'avg_silhouette': 0.49820980346720684, 'num_points': 94}, {'avg_silhouette': 0.640113825844984, 'num_points': 11}, {'avg_silhouette': 0.7422589972336634, 'num_points': 11}, {'avg_silhouette': 0.7615885823038279, 'num_points': 25}]",10.0,8,0.2801464020992825,,3,0.4477101539909598
K-means,,,"[{'avg_silhouette': 0.3103527278608891, 'num_points': 117}, {'avg_silhouette': 0.145937106459665, 'num_points': 155}, {'avg_silhouette': 0.2398708945792982, 'num_points': 58}, {'avg_silhouette': 0.4317239438328169, 'num_points': 152}, {'avg_silhouette': 0.08342507395281606, 'num_points': 102}, {'avg_silhouette': 0.12292625630958402, 'num_points': 15}, {'avg_silhouette': 0.29392717749111436, 'num_points': 46}, {'avg_silhouette': 0.6030541525302963, 'num_points': 13}, {'avg_silhouette': -0.17460524163653884, 'num_points': 41}, {'avg_silhouette': 0.29959820441063617, 'num_points': 171}, {'avg_silhouette': 0.3302585062097261, 'num_points': 146}, {'avg_silhouette': 0.0912850403123673, 'num_points': 112}, {'avg_silhouette': 0.263964283775683, 'num_points': 8}, {'avg_silhouette': 0.547176603506841, 'num_points': 56}, {'avg_silhouette': 0.12486589085968536, 'num_points': 21}, {'avg_silhouette': 0.41975944310389557, 'num_points': 9}, {'avg_silhouette': 0.28313650079680475, 'num_points': 47}, {'avg_silhouette': 0.2699558228685072, 'num_points': 146}, {'avg_silhouette': 0.5231713775059873, 'num_points': 30}, {'avg_silhouette': 0.33796811872925375, 'num_points': 75}, {'avg_silhouette': 0.750737697670828, 'num_points': 25}, {'avg_silhouette': 0.4406047553355186, 'num_points': 9}, {'avg_silhouette': 0.31532584633494753, 'num_points': 79}, {'avg_silhouette': 0.229522026096351, 'num_points': 22}, {'avg_silhouette': -0.02769204088333703, 'num_points': 33}, {'avg_silhouette': 0.18033801363731033, 'num_points': 23}, {'avg_silhouette': 0.4116051510174285, 'num_points': 121}, {'avg_silhouette': 0.4049545695247076, 'num_points': 16}, {'avg_silhouette': 0.15112403649364636, 'num_points': 2}]",,29,0.2800675425833916,,9,0.2637935085472058
K-means,,,"[{'avg_silhouette': 0.7500946206700219, 'num_points': 25}, {'avg_silhouette': 0.1929358898908786, 'num_points': 97}, {'avg_silhouette': 0.4354377006884194, 'num_points': 152}, {'avg_silhouette': 0.1852118343526242, 'num_points': 79}, {'avg_silhouette': 0.11965143242646577, 'num_points': 23}, {'avg_silhouette': 0.04989127295149061, 'num_points': 17}, {'avg_silhouette': 0.22467446717334782, 'num_points': 35}, {'avg_silhouette': 0.5560014320268626, 'num_points': 29}, {'avg_silhouette': 0.541906688236698, 'num_points': 56}, {'avg_silhouette': 0.42670568923922475, 'num_points': 116}, {'avg_silhouette': 0.02733239446138527, 'num_points': 32}, {'avg_silhouette': 0.0001004268964123146, 'num_points': 14}, {'avg_silhouette': 0.3244740099282305, 'num_points': 20}, {'avg_silhouette': -0.12578100622529623, 'num_points': 22}, {'avg_silhouette': 0.2921730503150095, 'num_points': 103}, {'avg_silhouette': 0.36542400979685963, 'num_points': 64}, {'avg_silhouette': 0.17723811265573217, 'num_points': 18}, {'avg_silhouette': 0.35590730760283634, 'num_points': 16}, {'avg_silhouette': 0.3477221871949106, 'num_points': 113}, {'avg_silhouette': 0.07980273231578527, 'num_points': 40}, {'avg_silhouette': 0.2667667381028664, 'num_points': 48}, {'avg_silhouette': 0.2569911314940123, 'num_points': 8}, {'avg_silhouette': 0.289821193427703, 'num_points': 172}, {'avg_silhouette': 0.2557956122376194, 'num_points': 50}, {'avg_silhouette': 0.08400245384360328, 'num_points': 86}, {'avg_silhouette': 0.2764202279812873, 'num_points': 22}, {'avg_silhouette': -0.021054823836224205, 'num_points': 24}, {'avg_silhouette': 0.2509675745844291, 'num_points': 11}, {'avg_silhouette': 0.43527680876648245, 'num_points': 9}, {'avg_silhouette': 0.2229660430784205, 'num_points': 103}, {'avg_silhouette': 0.18482921195330518, 'num_points': 5}, {'avg_silhouette': 0.22841688185963427, 'num_points': 8}, {'avg_silhouette': 0.3573715754194175, 'num_points': 52}, {'avg_silhouette': 0.27814521147430415, 'num_points': 46}, {'avg_silhouette': 0.0, 'num_points': 1}, {'avg_silhouette': 0.6041647786663072, 'num_points': 13}, {'avg_silhouette': 0.42123823201361066, 'num_points': 2}, {'avg_silhouette': 0.21220673805120358, 'num_points': 4}, {'avg_silhouette': 0.41310245144571156, 'num_points': 9}, {'avg_silhouette': -0.10981807027095701, 'num_points': 22}, {'avg_silhouette': 0.0, 'num_points': 1}, {'avg_silhouette': 0.11732282373022969, 'num_points': 34}, {'avg_silhouette': 0.10587333228398163, 'num_points': 2}, {'avg_silhouette': 0.628149313454424, 'num_points': 3}, {'avg_silhouette': 0.2802391232432556, 'num_points': 42}, {'avg_silhouette': 0.0, 'num_points': 1}, {'avg_silhouette': 0.0, 'num_points': 1}]",,47,0.27996878505944356,,7,0.3153945362620809
K-means,,,"[{'avg_silhouette': 0.26348581369703483, 'num_points': 48}, {'avg_silhouette': 0.29042542611147665, 'num_points': 132}, {'avg_silhouette': 0.1673153670665774, 'num_points': 53}, {'avg_silhouette': 0.15056887701360416, 'num_points': 94}, {'avg_silhouette': 0.3995660142601054, 'num_points': 161}, {'avg_silhouette': -0.1137570958053545, 'num_points': 15}, {'avg_silhouette': 0.04498157256470157, 'num_points': 39}, {'avg_silhouette': 0.5425946437007722, 'num_points': 56}, {'avg_silhouette': 0.2797472863202399, 'num_points': 41}, {'avg_silhouette': 0.3076554894162947, 'num_points': 146}, {'avg_silhouette': 0.33247560579682894, 'num_points': 11}, {'avg_silhouette': 0.09161307874679855, 'num_points': 13}, {'avg_silhouette': 0.17617326470435352, 'num_points': 18}, {'avg_silhouette': 0.25501595661513343, 'num_points': 184}, {'avg_silhouette': 0.5076030354303037, 'num_points': 111}, {'avg_silhouette': 0.27634482217889444, 'num_points': 124}, {'avg_silhouette': -0.11785098069590469, 'num_points': 32}, {'avg_silhouette': 0.7496238287979072, 'num_points': 25}, {'avg_silhouette': 0.003456400593427029, 'num_points': 17}, {'avg_silhouette': 0.18630187109336468, 'num_points': 75}, {'avg_silhouette': 0.34665508969286174, 'num_points': 75}, {'avg_silhouette': 0.4195308684507535, 'num_points': 9}, {'avg_silhouette': 0.0, 'num_points': 1}, {'avg_silhouette': 0.5991330522729171, 'num_points': 13}, {'avg_silhouette': 0.20615413120087786, 'num_points': 23}, {'avg_silhouette': 0.4039964290098311, 'num_points': 16}, {'avg_silhouette': -0.20817286237463073, 'num_points': 4}, {'avg_silhouette': 0.1283696255267257, 'num_points': 28}, {'avg_silhouette': -0.14868369518990623, 'num_points': 22}, {'avg_silhouette': 0.017710281302049866, 'num_points': 18}, {'avg_silhouette': 0.0, 'num_points': 1}, {'avg_silhouette': 0.46575980697663366, 'num_points': 35}, {'avg_silhouette': 0.2324360623716504, 'num_points': 12}, {'avg_silhouette': 0.5217847320797326, 'num_points': 30}, {'avg_silhouette': 0.43819917420651516, 'num_points': 9}, {'avg_silhouette': 0.628149313454424, 'num_points': 3}, {'avg_silhouette': 0.01750913339890407, 'num_points': 22}, {'avg_silhouette': 0.20921553428668566, 'num_points': 132}, {'avg_silhouette': 0.11492812475047763, 'num_points': 2}]",,39,0.2795090365255326,,8,0.29954939441406225
K-means,,,"[{'avg_silhouette': 0.2764202279812873, 'num_points': 22}, {'avg_silhouette': 0.24356530646896932, 'num_points': 146}, {'avg_silhouette': 0.2738927620635812, 'num_points': 44}, {'avg_silhouette': 0.3507926975537612, 'num_points': 75}, {'avg_silhouette': -0.09693115811995323, 'num_points': 34}, {'avg_silhouette': 0.3407052812589215, 'num_points': 76}, {'avg_silhouette': 0.0, 'num_points': 1}, {'avg_silhouette': 0.18347677674823504, 'num_points': 18}, {'avg_silhouette': 0.3759563854335625, 'num_points': 24}, {'avg_silhouette': 0.4354377006884194, 'num_points': 152}, {'avg_silhouette': -0.11983735780502767, 'num_points': 15}, {'avg_silhouette': 0.17566148198905596, 'num_points': 82}, {'avg_silhouette': 0.5193277028697321, 'num_points': 30}, {'avg_silhouette': -0.0888973901041942, 'num_points': 15}, {'avg_silhouette': 0.3115519125016025, 'num_points': 114}, {'avg_silhouette': -0.13986334583086843, 'num_points': 13}, {'avg_silhouette': 0.10003334603310929, 'num_points': 5}, {'avg_silhouette': 0.2133187109471877, 'num_points': 59}, {'avg_silhouette': 0.4007814305841332, 'num_points': 16}, {'avg_silhouette': 0.19192860573647583, 'num_points': 149}, {'avg_silhouette': 0.15852148551905332, 'num_points': 24}, {'avg_silhouette': 0.7475190783909095, 'num_points': 25}, {'avg_silhouette': 0.2486703920291115, 'num_points': 18}, {'avg_silhouette': 0.11886705433007183, 'num_points': 16}, {'avg_silhouette': 0.06133867976685881, 'num_points': 16}, {'avg_silhouette': -0.027502299377517928, 'num_points': 33}, {'avg_silhouette': 0.2483548153722051, 'num_points': 11}, {'avg_silhouette': 0.20005394475331092, 'num_points': 76}, {'avg_silhouette': -0.08805189102990248, 'num_points': 16}, {'avg_silhouette': 0.289821193427703, 'num_points': 172}, {'avg_silhouette': 0.1455057301287633, 'num_points': 8}, {'avg_silhouette': 0.0, 'num_points': 1}, {'avg_silhouette': 0.5978054201515143, 'num_points': 13}, {'avg_silhouette': 0.41226770250551403, 'num_points': 53}, {'avg_silhouette': 0.4257141788827594, 'num_points': 9}, {'avg_silhouette': -0.05859350176810959, 'num_points': 12}, {'avg_silhouette': 0.2012826373637283, 'num_points': 88}, {'avg_silhouette': 0.3222575727392484, 'num_points': 11}, {'avg_silhouette': 0.32875086100606077, 'num_points': 41}, {'avg_silhouette': 0.15440712989184918, 'num_points': 5}, {'avg_silhouette': 0.4169734431840683, 'num_points': 9}, {'avg_silhouette': 0.5707813605592323, 'num_points': 103}]",,42,0.2794846345899853,,6,0.34051434656373375
DBSCAN,,0.5423301886760996,"[{'avg_silhouette': 0.33700784325812855, 'num_points': 1198}, {'avg_silhouette': 0.653021909712764, 'num_points': 27}, {'avg_silhouette': 0.6274979616676964, 'num_points': 51}, {'avg_silhouette': 0.5101220857934807, 'num_points': 124}, {'avg_silhouette': 0.4995100061450677, 'num_points': 93}, {'avg_silhouette': 0.639743930040419, 'num_points': 11}, {'avg_silhouette': 0.7419686759171708, 'num_points': 11}, {'avg_silhouette': 0.7613098246470074, 'num_points': 25}]",10.0,8,0.2776394102815632,,3,0.4488799783988923
K-means,,,"[{'avg_silhouette': 0.31841025623748315, 'num_points': 134}, {'avg_silhouette': 0.13377222297330532, 'num_points': 86}, {'avg_silhouette': 0.49935324583694657, 'num_points': 348}, {'avg_silhouette': 0.13782651718360237, 'num_points': 60}, {'avg_silhouette': 0.2398708945792982, 'num_points': 58}, {'avg_silhouette': 0.5418714456571508, 'num_points': 30}, {'avg_silhouette': 0.33796811872925375, 'num_points': 75}, {'avg_silhouette': 0.13808635202230526, 'num_points': 158}, {'avg_silhouette': 0.28578618034349246, 'num_points': 131}, {'avg_silhouette': -0.018708188079705805, 'num_points': 177}, {'avg_silhouette': 0.5080825257115315, 'num_points': 59}, {'avg_silhouette': 0.0, 'num_points': 1}, {'avg_silhouette': 0.29035872325250733, 'num_points': 162}, {'avg_silhouette': 0.12879807968301463, 'num_points': 40}, {'avg_silhouette': 0.42911202817547744, 'num_points': 16}, {'avg_silhouette': -0.16239519802610342, 'num_points': 26}, {'avg_silhouette': 0.29529978557099873, 'num_points': 84}, {'avg_silhouette': 0.7590897893613977, 'num_points': 25}, {'avg_silhouette': 0.25994451776915184, 'num_points': 149}, {'avg_silhouette': 0.0, 'num_points': 1}, {'avg_silhouette': -0.04627079042173573, 'num_points': 30}]",,21,0.2776286016424371,,7,0.25331872676888295
K-means,,,"[{'avg_silhouette': 0.04917619998127198, 'num_points': 3}, {'avg_silhouette': 0.289821193427703, 'num_points': 172}, {'avg_silhouette': 0.4354377006884194, 'num_points': 152}, {'avg_silhouette': 0.052874030339006825, 'num_points': 14}, {'avg_silhouette': 0.17304186403049648, 'num_points': 59}, {'avg_silhouette': 0.35116689328779943, 'num_points': 140}, {'avg_silhouette': 0.33563755974970216, 'num_points': 116}, {'avg_silhouette': 0.09739619120350314, 'num_points': 100}, {'avg_silhouette': 0.31004545558386654, 'num_points': 106}, {'avg_silhouette': -0.07171738401531266, 'num_points': 18}, {'avg_silhouette': 0.02085660813182722, 'num_points': 40}, {'avg_silhouette': 0.0, 'num_points': 1}, {'avg_silhouette': 0.4372887241733861, 'num_points': 116}, {'avg_silhouette': 0.194914997177079, 'num_points': 25}, {'avg_silhouette': 0.12111892176788477, 'num_points': 21}, {'avg_silhouette': 0.1401247175084361, 'num_points': 6}, {'avg_silhouette': 0.37353119769901205, 'num_points': 55}, {'avg_silhouette': -0.07916951469133546, 'num_points': 10}, {'avg_silhouette': 0.3125414118905001, 'num_points': 44}, {'avg_silhouette': 0.028147587832606194, 'num_points': 36}, {'avg_silhouette': 0.5548246893025288, 'num_points': 29}, {'avg_silhouette': 0.18729489948027297, 'num_points': 65}, {'avg_silhouette': 0.2764202279812873, 'num_points': 22}, {'avg_silhouette': 0.07379366197305198, 'num_points': 16}, {'avg_silhouette': 0.2551193923341526, 'num_points': 44}, {'avg_silhouette': 0.7496259341465765, 'num_points': 25}, {'avg_silhouette': 0.41740834769618207, 'num_points': 9}, {'avg_silhouette': 0.16460574847717424, 'num_points': 139}, {'avg_silhouette': 0.0, 'num_points': 1}, {'avg_silhouette': 0.8077175899972059, 'num_points': 3}, {'avg_silhouette': 0.4397659753323665, 'num_points': 9}, {'avg_silhouette': 0.1558505097091545, 'num_points': 14}, {'avg_silhouette': 0.21578721164314205, 'num_points': 51}, {'avg_silhouette': 0.22405507618724438, 'num_points': 23}, {'avg_silhouette': 0.11141406394977803, 'num_points': 2}, {'avg_silhouette': 0.215256590712373, 'num_points': 22}, {'avg_silhouette': 0.3306893353654258, 'num_points': 45}, {'avg_silhouette': 0.6025993129005532, 'num_points': 13}, {'avg_silhouette': 0.1632759068129206, 'num_points': 8}, {'avg_silhouette': 0.2579554898066209, 'num_points': 11}, {'avg_silhouette': 0.06432251441668897, 'num_points': 15}, {'avg_silhouette': 0.40439748332928, 'num_points': 16}, {'avg_silhouette': 0.1675054319788791, 'num_points': 31}, {'avg_silhouette': 0.022861605950125315, 'num_points': 3}]",,44,0.2768875756008286,,8,0.30267493332394424
K-means,,,"[{'avg_silhouette': 0.12407134454974046, 'num_points': 95}, {'avg_silhouette': -0.18730394009656695, 'num_points': 6}, {'avg_silhouette': 0.27253904263821765, 'num_points': 182}, {'avg_silhouette': 0.41987809083994837, 'num_points': 116}, {'avg_silhouette': 0.37111141529456865, 'num_points': 75}, {'avg_silhouette': 0.7521312954567704, 'num_points': 25}, {'avg_silhouette': 0.2398708945792982, 'num_points': 58}, {'avg_silhouette': 0.3362794255119246, 'num_points': 106}, {'avg_silhouette': -0.1226207769467869, 'num_points': 28}, {'avg_silhouette': 0.12058644083821564, 'num_points': 21}, {'avg_silhouette': 0.1489401936382141, 'num_points': 103}, {'avg_silhouette': 0.5478212285127781, 'num_points': 56}, {'avg_silhouette': 0.0, 'num_points': 1}, {'avg_silhouette': 0.3374955624730576, 'num_points': 45}, {'avg_silhouette': -0.009306666012182037, 'num_points': 34}, {'avg_silhouette': 0.1304571153358878, 'num_points': 14}, {'avg_silhouette': -0.07056433990306421, 'num_points': 16}, {'avg_silhouette': 0.17683003395508562, 'num_points': 13}, {'avg_silhouette': 0.13340406421305703, 'num_points': 69}, {'avg_silhouette': 0.3737869133354535, 'num_points': 114}, {'avg_silhouette': 0.40436009749880064, 'num_points': 16}, {'avg_silhouette': 0.1785194288969923, 'num_points': 5}, {'avg_silhouette': -0.11046482042814791, 'num_points': 20}, {'avg_silhouette': 0.274121616653729, 'num_points': 45}, {'avg_silhouette': 0.0, 'num_points': 1}, {'avg_silhouette': 0.07059477078613872, 'num_points': 122}, {'avg_silhouette': 0.33796811872925375, 'num_points': 75}, {'avg_silhouette': 0.3922713940656688, 'num_points': 161}, {'avg_silhouette': 0.5247380991962775, 'num_points': 30}, {'avg_silhouette': 0.11743613910774334, 'num_points': 35}, {'avg_silhouette': 0.40021911230283896, 'num_points': 105}, {'avg_silhouette': 0.8077175899972059, 'num_points': 3}, {'avg_silhouette': 0.0, 'num_points': 1}, {'avg_silhouette': 0.4190701812109425, 'num_points': 9}, {'avg_silhouette': 0.10958817842109497, 'num_points': 31}, {'avg_silhouette': 0.4753853131863712, 'num_points': 12}, {'avg_silhouette': 0.11805916792642131, 'num_points': 2}]",,37,0.2767457557219608,,9,0.28206447640757165
AGGLC,ward,,"[{'avg_silhouette': -0.20302655655752982, 'num_points': 336}, {'avg_silhouette': 0.18523167706548546, 'num_points': 290}, {'avg_silhouette': 0.26771953275388377, 'num_points': 82}, {'avg_silhouette': 0.2702529759266312, 'num_points': 146}, {'avg_silhouette': 0.5231581876788203, 'num_points': 322}, {'avg_silhouette': 0.3985353465461179, 'num_points': 101}, {'avg_silhouette': 0.4597283796743037, 'num_points': 132}, {'avg_silhouette': 0.6461832348259798, 'num_points': 27}, {'avg_silhouette': 0.5034875580466041, 'num_points': 118}, {'avg_silhouette': 0.16064643930781924, 'num_points': 21}, {'avg_silhouette': 0.7550045848275667, 'num_points': 25}, {'avg_silhouette': 0.5990905650236575, 'num_points': 53}, {'avg_silhouette': 0.6209687383738562, 'num_points': 105}, {'avg_silhouette': -0.016943627310193107, 'num_points': 26}, {'avg_silhouette': -0.0002013425566828168, 'num_points': 66}]",,15,0.2767082246811731,,8,0.3447920383442861
DBSCAN,,1.0023301886761,"[{'avg_silhouette': 0.2804707787286133, 'num_points': 1456}, {'avg_silhouette': 0.5068473086445795, 'num_points': 131}, {'avg_silhouette': 0.343491928528436, 'num_points': 131}, {'avg_silhouette': 0.5328982085179582, 'num_points': 8}, {'avg_silhouette': 0.48231695416263126, 'num_points': 5}, {'avg_silhouette': 0.49099245253923496, 'num_points': 9}, {'avg_silhouette': 0.3538704318038919, 'num_points': 16}]",5.0,7,0.2765170844380636,,3,0.3769366719672096
K-means,,,"[{'avg_silhouette': 0.4628451571279437, 'num_points': 121}, {'avg_silhouette': 0.19239140522473352, 'num_points': 190}, {'avg_silhouette': 0.5062488986248704, 'num_points': 59}, {'avg_silhouette': 0.12718002471068138, 'num_points': 9}, {'avg_silhouette': 0.31324299995492805, 'num_points': 153}, {'avg_silhouette': 0.46809239146233544, 'num_points': 133}, {'avg_silhouette': 0.2807442296672656, 'num_points': 130}, {'avg_silhouette': 0.2523426887216689, 'num_points': 300}, {'avg_silhouette': 0.2524029440569079, 'num_points': 157}, {'avg_silhouette': 0.2610176442166178, 'num_points': 86}, {'avg_silhouette': -0.03976556321955141, 'num_points': 192}, {'avg_silhouette': 0.7560485695962531, 'num_points': 25}, {'avg_silhouette': 0.35252889965488404, 'num_points': 17}, {'avg_silhouette': 0.4308319037440386, 'num_points': 9}, {'avg_silhouette': -0.1031087610471632, 'num_points': 66}, {'avg_silhouette': 0.5376582223671191, 'num_points': 30}, {'avg_silhouette': 0.34892571158180224, 'num_points': 11}, {'avg_silhouette': 0.41852430732401713, 'num_points': 162}]",,18,0.2757454772876869,,9,0.28898006225780537
K-means,,,"[{'avg_silhouette': 0.1480472042036957, 'num_points': 21}, {'avg_silhouette': 0.07547838992759873, 'num_points': 143}, {'avg_silhouette': 0.09157245064894544, 'num_points': 40}, {'avg_silhouette': 0.09034984807632854, 'num_points': 101}, {'avg_silhouette': 0.21057714883584377, 'num_points': 144}, {'avg_silhouette': 0.3176446132933325, 'num_points': 80}, {'avg_silhouette': 0.4642636446912404, 'num_points': 117}, {'avg_silhouette': 0.5497646258815255, 'num_points': 56}, {'avg_silhouette': 0.3774625308848881, 'num_points': 162}, {'avg_silhouette': -0.1408868267741437, 'num_points': 22}, {'avg_silhouette': 0.0990288542906979, 'num_points': 34}, {'avg_silhouette': -0.1809925723338354, 'num_points': 14}, {'avg_silhouette': 0.7534398614074567, 'num_points': 25}, {'avg_silhouette': 0.6089677463662345, 'num_points': 13}, {'avg_silhouette': 0.24674412097325596, 'num_points': 141}, {'avg_silhouette': 0.017200645616785994, 'num_points': 23}, {'avg_silhouette': 0.3910692418982443, 'num_points': 35}, {'avg_silhouette': 0.18183967443333227, 'num_points': 24}, {'avg_silhouette': 0.560818129194365, 'num_points': 29}, {'avg_silhouette': 0.4213046265275218, 'num_points': 9}, {'avg_silhouette': -0.06526299857616052, 'num_points': 8}, {'avg_silhouette': 0.3579274579779044, 'num_points': 100}, {'avg_silhouette': 0.27912061906505703, 'num_points': 47}, {'avg_silhouette': 0.41184220220966805, 'num_points': 16}, {'avg_silhouette': 0.2622133937983038, 'num_points': 185}, {'avg_silhouette': 0.20878264915784248, 'num_points': 58}, {'avg_silhouette': 0.017539670851957043, 'num_points': 12}, {'avg_silhouette': -0.05801952775138296, 'num_points': 7}, {'avg_silhouette': 0.39775489391330165, 'num_points': 132}, {'avg_silhouette': 0.4420762113883279, 'num_points': 9}, {'avg_silhouette': 0.327657225620403, 'num_points': 11}, {'avg_silhouette': 0.1818512508848092, 'num_points': 5}, {'avg_silhouette': 0.20987620054902092, 'num_points': 27}]",,33,0.27487789772124177,,9,0.2758634921198517
AGGLC,ward,,"[{'avg_silhouette': 0.022941922729487522, 'num_points': 215}, {'avg_silhouette': 0.11852216132908337, 'num_points': 138}, {'avg_silhouette': 0.1433738453079351, 'num_points': 47}, {'avg_silhouette': 0.23914544057292939, 'num_points': 141}, {'avg_silhouette': -0.012178028266805077, 'num_points': 45}, {'avg_silhouette': 0.1469484779028906, 'num_points': 92}, {'avg_silhouette': -0.2247332080293326, 'num_points': 21}, {'avg_silhouette': 0.32359218586087596, 'num_points': 17}, {'avg_silhouette': -0.1029007780419215, 'num_points': 33}, {'avg_silhouette': -0.13708237918505956, 'num_points': 8}, {'avg_silhouette': -0.012849827217253968, 'num_points': 19}, {'avg_silhouette': 0.3451888152494909, 'num_points': 101}, {'avg_silhouette': -0.11070007978700665, 'num_points': 5}, {'avg_silhouette': -0.12158144524813033, 'num_points': 17}, {'avg_silhouette': 0.284900762441541, 'num_points': 12}, {'avg_silhouette': 0.15914546140314098, 'num_points': 16}, {'avg_silhouette': 0.39617425484467766, 'num_points': 71}, {'avg_silhouette': 0.029315156256448333, 'num_points': 6}, {'avg_silhouette': 0.006868757891364276, 'num_points': 11}, {'avg_silhouette': 0.19013472247737356, 'num_points': 21}, {'avg_silhouette': 0.24590307648893897, 'num_points': 11}, {'avg_silhouette': -0.12894726905874843, 'num_points': 22}, {'avg_silhouette': -0.12993987209139457, 'num_points': 16}, {'avg_silhouette': 0.4282418841996646, 'num_points': 9}, {'avg_silhouette': 0.5878671949448077, 'num_points': 53}, {'avg_silhouette': 0.5983298905840596, 'num_points': 105}, {'avg_silhouette': 0.020851508355314276, 'num_points': 7}, {'avg_silhouette': 0.34600598376231034, 'num_points': 67}, {'avg_silhouette': -0.05966598710234762, 'num_points': 4}, {'avg_silhouette': -0.0303681033419085, 'num_points': 4}, {'avg_silhouette': 0.2963767549611804, 'num_points': 59}, {'avg_silhouette': 0.6318578754161364, 'num_points': 27}, {'avg_silhouette': 0.7103651855864244, 'num_points': 107}, {'avg_silhouette': 0.1311654049478864, 'num_points': 2}, {'avg_silhouette': 0.275429212058152, 'num_points': 7}, {'avg_silhouette': 0.5971453373535955, 'num_points': 13}, {'avg_silhouette': 0.3613222341222204, 'num_points': 43}, {'avg_silhouette': 0.4608841966693099, 'num_points': 118}, {'avg_silhouette': 0.2937667934305604, 'num_points': 21}, {'avg_silhouette': 0.49714904379644276, 'num_points': 8}, {'avg_silhouette': 0.3246961187262865, 'num_points': 11}, {'avg_silhouette': 0.0, 'num_points': 1}, {'avg_silhouette': 0.3054288708855493, 'num_points': 49}, {'avg_silhouette': 0.7465989725501995, 'num_points': 25}, {'avg_silhouette': 0.193178132942247, 'num_points': 9}, {'avg_silhouette': 0.43703090203610095, 'num_points': 16}]",,46,0.2737553977344709,,7,0.3564825161029693
K-means,,,"[{'avg_silhouette': 0.2438605771730275, 'num_points': 149}, {'avg_silhouette': -0.13814509484334916, 'num_points': 24}, {'avg_silhouette': 0.47398537966971943, 'num_points': 133}, {'avg_silhouette': 0.4889308047226403, 'num_points': 350}, {'avg_silhouette': 0.30000809492044384, 'num_points': 159}, {'avg_silhouette': 0.29024053831744684, 'num_points': 132}, {'avg_silhouette': 0.32887237982172457, 'num_points': 133}, {'avg_silhouette': 0.5440210676530614, 'num_points': 30}, {'avg_silhouette': -0.05387223541830283, 'num_points': 337}, {'avg_silhouette': 0.1692222732287837, 'num_points': 21}, {'avg_silhouette': -0.006244924510833172, 'num_points': 22}, {'avg_silhouette': 0.6189353419114217, 'num_points': 13}, {'avg_silhouette': 0.4556939863631126, 'num_points': 9}, {'avg_silhouette': 0.3340134644213773, 'num_points': 112}, {'avg_silhouette': 0.16216047243155596, 'num_points': 155}, {'avg_silhouette': 0.09185239920581943, 'num_points': 15}, {'avg_silhouette': 0.5606639204149398, 'num_points': 56}]",,17,0.2735066841761061,,9,0.28535549733995924
DBSCAN,,0.5323301886760996,"[{'avg_silhouette': 0.3405914413076465, 'num_points': 1184}, {'avg_silhouette': 0.6866905571078901, 'num_points': 25}, {'avg_silhouette': 0.6423638809497042, 'num_points': 49}, {'avg_silhouette': 0.5097670871397381, 'num_points': 124}, {'avg_silhouette': 0.5084931307879745, 'num_points': 91}, {'avg_silhouette': 0.6392956353840656, 'num_points': 11}, {'avg_silhouette': 0.7415929133186776, 'num_points': 11}, {'avg_silhouette': 0.7609627841495822, 'num_points': 25}]",10.0,8,0.2734773972926762,,2,0.4251792642236923
K-means,,,"[{'avg_silhouette': 0.16732965434346417, 'num_points': 83}, {'avg_silhouette': 0.08422579962621525, 'num_points': 15}, {'avg_silhouette': 0.289821193427703, 'num_points': 172}, {'avg_silhouette': 0.20717770415750397, 'num_points': 104}, {'avg_silhouette': 0.3125414118905001, 'num_points': 44}, {'avg_silhouette': -0.10714733909158707, 'num_points': 10}, {'avg_silhouette': -0.08423719936981136, 'num_points': 16}, {'avg_silhouette': 0.13960828847161466, 'num_points': 27}, {'avg_silhouette': 0.5443906316555452, 'num_points': 56}, {'avg_silhouette': 0.15310883774343195, 'num_points': 52}, {'avg_silhouette': 0.4961486336946762, 'num_points': 112}, {'avg_silhouette': 0.28709651357758176, 'num_points': 12}, {'avg_silhouette': 0.5547473175088413, 'num_points': 29}, {'avg_silhouette': 0.142883170208592, 'num_points': 26}, {'avg_silhouette': 0.20248919857213815, 'num_points': 33}, {'avg_silhouette': 0.3648168860040352, 'num_points': 72}, {'avg_silhouette': 0.2741936289664459, 'num_points': 44}, {'avg_silhouette': 0.0878482429539445, 'num_points': 76}, {'avg_silhouette': 0.0, 'num_points': 1}, {'avg_silhouette': 0.7490461556067132, 'num_points': 25}, {'avg_silhouette': 0.2764202279812873, 'num_points': 22}, {'avg_silhouette': 0.16915758538665815, 'num_points': 24}, {'avg_silhouette': 0.3759392009528387, 'num_points': 104}, {'avg_silhouette': 0.30320189828069954, 'num_points': 117}, {'avg_silhouette': 0.1675054319788791, 'num_points': 31}, {'avg_silhouette': -0.17906687405671914, 'num_points': 4}, {'avg_silhouette': 0.2007617516965076, 'num_points': 75}, {'avg_silhouette': 0.4354377006884194, 'num_points': 152}, {'avg_silhouette': 0.0, 'num_points': 1}, {'avg_silhouette': 0.4344701009451513, 'num_points': 9}, {'avg_silhouette': 0.29083297094338373, 'num_points': 7}, {'avg_silhouette': 0.10181925119402067, 'num_points': 43}, {'avg_silhouette': 0.2770697681359382, 'num_points': 16}, {'avg_silhouette': 0.26652385588266075, 'num_points': 48}, {'avg_silhouette': 0.49459738183793545, 'num_points': 13}, {'avg_silhouette': 0.2181370814636355, 'num_points': 12}, {'avg_silhouette': -0.08343508317259302, 'num_points': 19}, {'avg_silhouette': 0.06198066043835313, 'num_points': 17}, {'avg_silhouette': 0.15852438480802838, 'num_points': 4}, {'avg_silhouette': 0.6015430739158558, 'num_points': 13}, {'avg_silhouette': -0.005909443679310331, 'num_points': 23}, {'avg_silhouette': 0.0, 'num_points': 1}, {'avg_silhouette': 0.19405458096589012, 'num_points': 9}, {'avg_silhouette': 0.0, 'num_points': 1}, {'avg_silhouette': 0.0, 'num_points': 1}, {'avg_silhouette': -0.010793226034801763, 'num_points': 75}]",,46,0.2730186600522152,,6,0.3512877218669735
K-means,,,"[{'avg_silhouette': 0.49948488430371857, 'num_points': 351}, {'avg_silhouette': 0.35359675456163703, 'num_points': 134}, {'avg_silhouette': 0.46958686455015647, 'num_points': 134}, {'avg_silhouette': 0.2903314523202967, 'num_points': 129}, {'avg_silhouette': 0.17297411928679693, 'num_points': 25}, {'avg_silhouette': 0.29147581229692704, 'num_points': 133}, {'avg_silhouette': 0.16871871407033842, 'num_points': 98}, {'avg_silhouette': -0.03475936628501474, 'num_points': 387}, {'avg_silhouette': 0.28471507680310226, 'num_points': 304}, {'avg_silhouette': 0.13391565519368331, 'num_points': 21}, {'avg_silhouette': 0.32414665185733166, 'num_points': 48}, {'avg_silhouette': 0.5617023422408834, 'num_points': 56}, {'avg_silhouette': -0.036981559239171555, 'num_points': 30}]",,13,0.2727147501242347,,8,0.2903937740776453
K-means,,,"[{'avg_silhouette': -0.0953678497582059, 'num_points': 16}, {'avg_silhouette': 0.25555832461915245, 'num_points': 11}, {'avg_silhouette': 0.2896157152387553, 'num_points': 172}, {'avg_silhouette': 0.19037883643367529, 'num_points': 37}, {'avg_silhouette': 0.2120076862379205, 'num_points': 21}, {'avg_silhouette': -0.09654816839978482, 'num_points': 34}, {'avg_silhouette': 0.25904866341111826, 'num_points': 42}, {'avg_silhouette': -0.06650846048829281, 'num_points': 7}, {'avg_silhouette': 0.15085764123301446, 'num_points': 155}, {'avg_silhouette': 0.2911611238046882, 'num_points': 124}, {'avg_silhouette': 0.4354377006884194, 'num_points': 152}, {'avg_silhouette': 0.45806808222673767, 'num_points': 116}, {'avg_silhouette': 0.5200742467045383, 'num_points': 30}, {'avg_silhouette': 0.7498209508115117, 'num_points': 25}, {'avg_silhouette': 0.2605622428820631, 'num_points': 147}, {'avg_silhouette': 0.2481385579092512, 'num_points': 101}, {'avg_silhouette': 0.3959242338973368, 'num_points': 49}, {'avg_silhouette': 0.27535393859992646, 'num_points': 62}, {'avg_silhouette': 0.1212604516416261, 'num_points': 25}, {'avg_silhouette': -0.12679741376844364, 'num_points': 27}, {'avg_silhouette': 0.46267981547670467, 'num_points': 2}, {'avg_silhouette': 0.1053343446868005, 'num_points': 15}, {'avg_silhouette': 0.29096862536036877, 'num_points': 54}, {'avg_silhouette': 0.08625581607218365, 'num_points': 21}, {'avg_silhouette': 0.40559413564079594, 'num_points': 16}, {'avg_silhouette': 0.2653474429925355, 'num_points': 48}, {'avg_silhouette': 0.1292267682884495, 'num_points': 2}, {'avg_silhouette': 0.2063948261208917, 'num_points': 8}, {'avg_silhouette': 0.33024753090360537, 'num_points': 77}, {'avg_silhouette': 0.09335855004630933, 'num_points': 9}, {'avg_silhouette': 0.4332444311662072, 'num_points': 9}, {'avg_silhouette': 0.0, 'num_points': 1}, {'avg_silhouette': 0.22529857414258458, 'num_points': 23}, {'avg_silhouette': -0.002594243424993356, 'num_points': 16}, {'avg_silhouette': 0.27210881651570945, 'num_points': 50}, {'avg_silhouette': 0.21007647434627405, 'num_points': 5}, {'avg_silhouette': 0.07427511745590512, 'num_points': 14}, {'avg_silhouette': 0.13678846625506141, 'num_points': 99}, {'avg_silhouette': 0.017505783328952963, 'num_points': 3}, {'avg_silhouette': 0.5999241586158545, 'num_points': 13}, {'avg_silhouette': 0.0, 'num_points': 1}, {'avg_silhouette': 0.4862885662483972, 'num_points': 8}, {'avg_silhouette': 0.6255424649490539, 'num_points': 3}]",,43,0.2711670425399353,,8,0.28382869127974886
AGGLC,ward,,"[{'avg_silhouette': 0.10317103194205463, 'num_points': 108}, {'avg_silhouette': 0.11931103866756727, 'num_points': 138}, {'avg_silhouette': 0.02297668024140303, 'num_points': 215}, {'avg_silhouette': 0.23914544057292939, 'num_points': 141}, {'avg_silhouette': 0.000960520539189449, 'num_points': 45}, {'avg_silhouette': 0.1433738453079351, 'num_points': 47}, {'avg_silhouette': -0.2247332080293326, 'num_points': 21}, {'avg_silhouette': 0.32555133101471306, 'num_points': 17}, {'avg_silhouette': -0.1029007780419215, 'num_points': 33}, {'avg_silhouette': -0.11782966395797365, 'num_points': 8}, {'avg_silhouette': -0.012849827217253968, 'num_points': 19}, {'avg_silhouette': 0.35429497736042365, 'num_points': 101}, {'avg_silhouette': -0.0896181860367895, 'num_points': 5}, {'avg_silhouette': -0.12158144524813033, 'num_points': 17}, {'avg_silhouette': 0.284900762441541, 'num_points': 12}, {'avg_silhouette': 0.15914546140314098, 'num_points': 16}, {'avg_silhouette': 0.4029219948883403, 'num_points': 71}, {'avg_silhouette': 0.03138235006458123, 'num_points': 6}, {'avg_silhouette': 0.019844223886806508, 'num_points': 11}, {'avg_silhouette': 0.19683931445353378, 'num_points': 21}, {'avg_silhouette': 0.24634428009546658, 'num_points': 11}, {'avg_silhouette': -0.12563233592507575, 'num_points': 22}, {'avg_silhouette': -0.12874778702541334, 'num_points': 16}, {'avg_silhouette': 0.431123403048512, 'num_points': 9}, {'avg_silhouette': 0.5893012342554313, 'num_points': 53}, {'avg_silhouette': 0.5999595148463797, 'num_points': 105}, {'avg_silhouette': 0.020851508355314276, 'num_points': 7}, {'avg_silhouette': 0.34600598376231034, 'num_points': 67}, {'avg_silhouette': -0.05966598710234762, 'num_points': 4}, {'avg_silhouette': -0.0303681033419085, 'num_points': 4}, {'avg_silhouette': 0.2963767549611804, 'num_points': 59}, {'avg_silhouette': 0.633828241176633, 'num_points': 27}, {'avg_silhouette': 0.7103651855864244, 'num_points': 107}, {'avg_silhouette': 0.1311654049478864, 'num_points': 2}, {'avg_silhouette': 0.275429212058152, 'num_points': 7}, {'avg_silhouette': 0.5998923079696848, 'num_points': 13}, {'avg_silhouette': 0.36807913230403044, 'num_points': 43}, {'avg_silhouette': 0.4672527702807571, 'num_points': 118}, {'avg_silhouette': 0.2937667934305604, 'num_points': 21}, {'avg_silhouette': 0.4977330299678472, 'num_points': 8}, {'avg_silhouette': 0.3246961187262865, 'num_points': 11}, {'avg_silhouette': 0.0, 'num_points': 1}, {'avg_silhouette': 0.3054288708855493, 'num_points': 49}, {'avg_silhouette': 0.7478095819521302, 'num_points': 25}, {'avg_silhouette': 0.193178132942247, 'num_points': 9}]",,45,0.2709778611588877,,8,0.3270595799372424
K-means,,,"[{'avg_silhouette': 0.017965269339136104, 'num_points': 23}, {'avg_silhouette': 0.22650368878963462, 'num_points': 102}, {'avg_silhouette': 0.030313336055470815, 'num_points': 47}, {'avg_silhouette': 0.16312492668164846, 'num_points': 39}, {'avg_silhouette': 0.5463252188067672, 'num_points': 56}, {'avg_silhouette': 0.3507926975537612, 'num_points': 75}, {'avg_silhouette': 0.455488492854922, 'num_points': 118}, {'avg_silhouette': 0.12788851216924188, 'num_points': 14}, {'avg_silhouette': -0.08922567408553407, 'num_points': 22}, {'avg_silhouette': 0.23373552442841905, 'num_points': 105}, {'avg_silhouette': 0.30009263281876863, 'num_points': 159}, {'avg_silhouette': 0.4156610972564542, 'num_points': 9}, {'avg_silhouette': 0.46090769074444277, 'num_points': 141}, {'avg_silhouette': 0.14710450213652748, 'num_points': 23}, {'avg_silhouette': 0.28709651357758176, 'num_points': 12}, {'avg_silhouette': 0.35589323390825384, 'num_points': 3}, {'avg_silhouette': 0.24146763127350257, 'num_points': 8}, {'avg_silhouette': 0.0, 'num_points': 1}, {'avg_silhouette': -0.004521836289318916, 'num_points': 21}, {'avg_silhouette': 0.752200306974942, 'num_points': 25}, {'avg_silhouette': 0.4026089054721644, 'num_points': 16}, {'avg_silhouette': 0.21363276514137983, 'num_points': 59}, {'avg_silhouette': 0.04945761314726532, 'num_points': 123}, {'avg_silhouette': 0.2789741668384351, 'num_points': 48}, {'avg_silhouette': 0.2951019011187708, 'num_points': 101}, {'avg_silhouette': 0.2127389910824889, 'num_points': 142}, {'avg_silhouette': -0.09359631594536608, 'num_points': 8}, {'avg_silhouette': 0.0, 'num_points': 1}, {'avg_silhouette': 0.31501088247852077, 'num_points': 79}, {'avg_silhouette': 0.2327478964874203, 'num_points': 60}, {'avg_silhouette': 0.27034478451537086, 'num_points': 46}, {'avg_silhouette': 0.6058289148808506, 'num_points': 13}, {'avg_silhouette': 0.2865005451392529, 'num_points': 27}, {'avg_silhouette': 0.33027291010212817, 'num_points': 11}, {'avg_silhouette': 0.21483773020087382, 'num_points': 44}, {'avg_silhouette': 0.4379853106107301, 'num_points': 9}, {'avg_silhouette': 0.0, 'num_points': 1}, {'avg_silhouette': 0.0, 'num_points': 1}, {'avg_silhouette': 0.07502588718319468, 'num_points': 37}, {'avg_silhouette': 0.1959427995167958, 'num_points': 9}, {'avg_silhouette': 0.22019022632153804, 'num_points': 12}]",,41,0.2703777308845685,,8,0.279253316873089
AGGLC,ward,,"[{'avg_silhouette': -0.21026155073671915, 'num_points': 402}, {'avg_silhouette': 0.18540645664513292, 'num_points': 290}, {'avg_silhouette': 0.26771953275388377, 'num_points': 82}, {'avg_silhouette': 0.2842632449800843, 'num_points': 146}, {'avg_silhouette': 0.5232508191362394, 'num_points': 322}, {'avg_silhouette': 0.39869385242774197, 'num_points': 101}, {'avg_silhouette': 0.4751128336441746, 'num_points': 132}, {'avg_silhouette': 0.6461832348259798, 'num_points': 27}, {'avg_silhouette': 0.5034875580466041, 'num_points': 118}, {'avg_silhouette': 0.16064643930781924, 'num_points': 21}, {'avg_silhouette': 0.7572908509808252, 'num_points': 25}, {'avg_silhouette': 0.6021719460490808, 'num_points': 53}, {'avg_silhouette': 0.6209687383738562, 'num_points': 105}, {'avg_silhouette': -0.016943627310193107, 'num_points': 26}]",,14,0.27027487753054974,,8,0.3476152440646393
K-means,,,"[{'avg_silhouette': -0.149647461692061, 'num_points': 24}, {'avg_silhouette': 0.3351308610113394, 'num_points': 167}, {'avg_silhouette': 0.3163034374881896, 'num_points': 117}, {'avg_silhouette': 0.30668585479973326, 'num_points': 138}, {'avg_silhouette': 0.01516307170328318, 'num_points': 129}, {'avg_silhouette': 0.3507926975537612, 'num_points': 75}, {'avg_silhouette': 0.2786988520501611, 'num_points': 83}, {'avg_silhouette': 0.5453136493040851, 'num_points': 56}, {'avg_silhouette': 0.2868438696372826, 'num_points': 12}, {'avg_silhouette': 0.40475280140142755, 'num_points': 119}, {'avg_silhouette': 0.37555900340103854, 'num_points': 135}, {'avg_silhouette': -0.15628607810458964, 'num_points': 12}, {'avg_silhouette': -0.013742823633558035, 'num_points': 27}, {'avg_silhouette': 0.20096381934473365, 'num_points': 3}, {'avg_silhouette': 0.21379773386013434, 'num_points': 59}, {'avg_silhouette': 0.3353352027599732, 'num_points': 17}, {'avg_silhouette': 0.054537001033749026, 'num_points': 12}, {'avg_silhouette': 0.059201366825565, 'num_points': 32}, {'avg_silhouette': 0.24067405448909013, 'num_points': 45}, {'avg_silhouette': -0.0007968311056414763, 'num_points': 42}, {'avg_silhouette': 0.7506281562878375, 'num_points': 25}, {'avg_silhouette': -0.13550610773243313, 'num_points': 28}, {'avg_silhouette': 0.42249064711583, 'num_points': 151}, {'avg_silhouette': 0.41813315365018966, 'num_points': 9}, {'avg_silhouette': 0.13254762388220143, 'num_points': 152}, {'avg_silhouette': 0.6390996843621577, 'num_points': 27}, {'avg_silhouette': 0.16379390346424805, 'num_points': 68}, {'avg_silhouette': 0.3016873332392572, 'num_points': 46}, {'avg_silhouette': 0.2025612514590298, 'num_points': 9}, {'avg_silhouette': 0.18397804943360513, 'num_points': 5}, {'avg_silhouette': 0.6045868188122191, 'num_points': 13}, {'avg_silhouette': -0.16001992930081968, 'num_points': 13}]",,32,0.2699660979588819,,8,0.2885791626003804
AGGLC,ward,,"[{'avg_silhouette': -0.19251213579794343, 'num_points': 38}, {'avg_silhouette': 0.10317103194205463, 'num_points': 108}, {'avg_silhouette': 0.02297668024140303, 'num_points': 215}, {'avg_silhouette': 0.23914544057292939, 'num_points': 141}, {'avg_silhouette': 0.11931103866756727, 'num_points': 138}, {'avg_silhouette': 0.1433738453079351, 'num_points': 47}, {'avg_silhouette': -0.2247332080293326, 'num_points': 21}, {'avg_silhouette': 0.32555133101471306, 'num_points': 17}, {'avg_silhouette': -0.1029007780419215, 'num_points': 33}, {'avg_silhouette': -0.11782966395797365, 'num_points': 8}, {'avg_silhouette': 0.000960520539189449, 'num_points': 45}, {'avg_silhouette': 0.35429497736042365, 'num_points': 101}, {'avg_silhouette': -0.0896181860367895, 'num_points': 5}, {'avg_silhouette': -0.12158144524813033, 'num_points': 17}, {'avg_silhouette': 0.284900762441541, 'num_points': 12}, {'avg_silhouette': 0.15914546140314098, 'num_points': 16}, {'avg_silhouette': 0.4029219948883403, 'num_points': 71}, {'avg_silhouette': 0.03138235006458123, 'num_points': 6}, {'avg_silhouette': 0.019844223886806508, 'num_points': 11}, {'avg_silhouette': 0.19683931445353378, 'num_points': 21}, {'avg_silhouette': 0.24634428009546658, 'num_points': 11}, {'avg_silhouette': 0.193178132942247, 'num_points': 9}, {'avg_silhouette': -0.012849827217253968, 'num_points': 19}, {'avg_silhouette': 0.431123403048512, 'num_points': 9}, {'avg_silhouette': 0.5893012342554313, 'num_points': 53}, {'avg_silhouette': 0.5999595148463797, 'num_points': 105}, {'avg_silhouette': 0.020851508355314276, 'num_points': 7}, {'avg_silhouette': 0.34600598376231034, 'num_points': 67}, {'avg_silhouette': -0.05966598710234762, 'num_points': 4}, {'avg_silhouette': -0.0303681033419085, 'num_points': 4}, {'avg_silhouette': 0.2963767549611804, 'num_points': 59}, {'avg_silhouette': 0.633828241176633, 'num_points': 27}, {'avg_silhouette': 0.7103651855864244, 'num_points': 107}, {'avg_silhouette': 0.1311654049478864, 'num_points': 2}, {'avg_silhouette': 0.275429212058152, 'num_points': 7}, {'avg_silhouette': 0.5998923079696848, 'num_points': 13}, {'avg_silhouette': 0.36807913230403044, 'num_points': 43}, {'avg_silhouette': 0.4672527702807571, 'num_points': 118}, {'avg_silhouette': 0.2937667934305604, 'num_points': 21}, {'avg_silhouette': 0.4977330299678472, 'num_points': 8}, {'avg_silhouette': 0.3246961187262865, 'num_points': 11}, {'avg_silhouette': 0.0, 'num_points': 1}, {'avg_silhouette': 0.3054288708855493, 'num_points': 49}, {'avg_silhouette': 0.7478095819521302, 'num_points': 25}]",,44,0.2696310583602048,,8,0.3270595799372424
K-means,,,"[{'avg_silhouette': 0.5047989439505237, 'num_points': 112}, {'avg_silhouette': 0.4317239438328169, 'num_points': 152}, {'avg_silhouette': 0.11849705597599365, 'num_points': 89}, {'avg_silhouette': 0.17967779942651138, 'num_points': 75}, {'avg_silhouette': 0.17666780185571967, 'num_points': 148}, {'avg_silhouette': 0.28297219215021385, 'num_points': 49}, {'avg_silhouette': 0.27479223901161776, 'num_points': 22}, {'avg_silhouette': -0.12442778815659977, 'num_points': 3}, {'avg_silhouette': 0.17392669001043587, 'num_points': 87}, {'avg_silhouette': -0.043373858089091714, 'num_points': 44}, {'avg_silhouette': 0.7477861070196067, 'num_points': 25}, {'avg_silhouette': 0.2689378411090949, 'num_points': 142}, {'avg_silhouette': 0.29959820441063617, 'num_points': 171}, {'avg_silhouette': 0.40575954719232066, 'num_points': 7}, {'avg_silhouette': 0.1553349260578372, 'num_points': 37}, {'avg_silhouette': 0.08458783407877954, 'num_points': 28}, {'avg_silhouette': 0.1938796882955272, 'num_points': 49}, {'avg_silhouette': 0.4156308805584094, 'num_points': 9}, {'avg_silhouette': 0.02864084416465896, 'num_points': 10}, {'avg_silhouette': 0.39655156646182177, 'num_points': 16}, {'avg_silhouette': 0.18082150349654072, 'num_points': 23}, {'avg_silhouette': 0.3411986649578605, 'num_points': 7}, {'avg_silhouette': 0.13307609167367546, 'num_points': 14}, {'avg_silhouette': 0.29480340129486304, 'num_points': 44}, {'avg_silhouette': 0.431286522805282, 'num_points': 9}, {'avg_silhouette': 0.0, 'num_points': 1}, {'avg_silhouette': 0.5979812527586598, 'num_points': 13}, {'avg_silhouette': 0.2995354747856302, 'num_points': 97}, {'avg_silhouette': 0.04575297278325102, 'num_points': 20}, {'avg_silhouette': 0.613979361618134, 'num_points': 3}, {'avg_silhouette': 0.07742271741031333, 'num_points': 22}, {'avg_silhouette': 0.302386175238578, 'num_points': 52}, {'avg_silhouette': 0.32765595930444485, 'num_points': 11}, {'avg_silhouette': -0.10425768707818445, 'num_points': 8}, {'avg_silhouette': 0.2806983918473522, 'num_points': 46}, {'avg_silhouette': 0.03954804587951399, 'num_points': 10}, {'avg_silhouette': 0.2539533029026034, 'num_points': 11}, {'avg_silhouette': 0.32557459921786697, 'num_points': 77}, {'avg_silhouette': 0.0, 'num_points': 1}, {'avg_silhouette': -0.0986217181801877, 'num_points': 16}, {'avg_silhouette': 0.05327145973645659, 'num_points': 3}, {'avg_silhouette': 0.07173556922278386, 'num_points': 23}, {'avg_silhouette': 0.45993956746448117, 'num_points': 9}, {'avg_silhouette': 0.7923526388844533, 'num_points': 2}, {'avg_silhouette': 0.3917381866214373, 'num_points': 53}]",,45,0.2686311372861894,,6,0.3302103683240703
K-means,,,"[{'avg_silhouette': 0.21312148951589932, 'num_points': 59}, {'avg_silhouette': 0.3897406283965338, 'num_points': 162}, {'avg_silhouette': 0.266990642649147, 'num_points': 146}, {'avg_silhouette': 0.5501134749463421, 'num_points': 56}, {'avg_silhouette': 0.21555590897390745, 'num_points': 42}, {'avg_silhouette': 0.450151922320271, 'num_points': 118}, {'avg_silhouette': 0.18190006775774314, 'num_points': 51}, {'avg_silhouette': -0.023932404106084083, 'num_points': 22}, {'avg_silhouette': -0.07975439415786703, 'num_points': 8}, {'avg_silhouette': 0.320856570346406, 'num_points': 80}, {'avg_silhouette': 0.1412636306881165, 'num_points': 41}, {'avg_silhouette': 0.11126859581429295, 'num_points': 15}, {'avg_silhouette': 0.02224749164389523, 'num_points': 85}, {'avg_silhouette': 0.42645771964737006, 'num_points': 9}, {'avg_silhouette': 0.4562631608896244, 'num_points': 116}, {'avg_silhouette': 0.7542548023476127, 'num_points': 25}, {'avg_silhouette': 0.5278174819452208, 'num_points': 30}, {'avg_silhouette': 0.2788560857577051, 'num_points': 42}, {'avg_silhouette': 0.18150361274106522, 'num_points': 18}, {'avg_silhouette': 0.628149313454424, 'num_points': 3}, {'avg_silhouette': 0.18789090110298612, 'num_points': 74}, {'avg_silhouette': -0.008446153055419453, 'num_points': 40}, {'avg_silhouette': 0.3507926975537612, 'num_points': 75}, {'avg_silhouette': 0.23622941992256855, 'num_points': 187}, {'avg_silhouette': 0.41130638349971815, 'num_points': 16}, {'avg_silhouette': 0.1772593045317246, 'num_points': 7}, {'avg_silhouette': 0.14782018825666463, 'num_points': 155}, {'avg_silhouette': 0.14394956176612766, 'num_points': 32}, {'avg_silhouette': 0.29776066360747416, 'num_points': 48}, {'avg_silhouette': 0.11568063028418493, 'num_points': 26}, {'avg_silhouette': 0.4430192128431273, 'num_points': 9}, {'avg_silhouette': 0.09444064795494432, 'num_points': 6}, {'avg_silhouette': 0.0, 'num_points': 1}, {'avg_silhouette': 0.0, 'num_points': 1}, {'avg_silhouette': 0.15846761399273634, 'num_points': 8}, {'avg_silhouette': -0.1380317888851582, 'num_points': 37}]",,36,0.26839320787145277,,6,0.32453266040580153
AGGLC,ward,,"[{'avg_silhouette': 0.11512711060716259, 'num_points': 21}, {'avg_silhouette': 0.10317103194205463, 'num_points': 108}, {'avg_silhouette': -0.19251213579794343, 'num_points': 38}, {'avg_silhouette': 0.23914544057292939, 'num_points': 141}, {'avg_silhouette': 0.11931103866756727, 'num_points': 138}, {'avg_silhouette': 0.1433738453079351, 'num_points': 47}, {'avg_silhouette': 0.02297668024140303, 'num_points': 215}, {'avg_silhouette': 0.32555133101471306, 'num_points': 17}, {'avg_silhouette': -0.1029007780419215, 'num_points': 33}, {'avg_silhouette': -0.11782966395797365, 'num_points': 8}, {'avg_silhouette': 0.000960520539189449, 'num_points': 45}, {'avg_silhouette': 0.35429497736042365, 'num_points': 101}, {'avg_silhouette': -0.0896181860367895, 'num_points': 5}, {'avg_silhouette': -0.12158144524813033, 'num_points': 17}, {'avg_silhouette': -0.2247332080293326, 'num_points': 21}, {'avg_silhouette': 0.15914546140314098, 'num_points': 16}, {'avg_silhouette': 0.4029219948883403, 'num_points': 71}, {'avg_silhouette': 0.03138235006458123, 'num_points': 6}, {'avg_silhouette': 0.019844223886806508, 'num_points': 11}, {'avg_silhouette': 0.19683931445353378, 'num_points': 21}, {'avg_silhouette': 0.24634428009546658, 'num_points': 11}, {'avg_silhouette': 0.7478095819521302, 'num_points': 25}, {'avg_silhouette': -0.012849827217253968, 'num_points': 19}, {'avg_silhouette': 0.431123403048512, 'num_points': 9}, {'avg_silhouette': 0.5893012342554313, 'num_points': 53}, {'avg_silhouette': 0.5999595148463797, 'num_points': 105}, {'avg_silhouette': 0.020851508355314276, 'num_points': 7}, {'avg_silhouette': 0.34600598376231034, 'num_points': 67}, {'avg_silhouette': -0.05966598710234762, 'num_points': 4}, {'avg_silhouette': -0.0303681033419085, 'num_points': 4}, {'avg_silhouette': 0.2963767549611804, 'num_points': 59}, {'avg_silhouette': 0.633828241176633, 'num_points': 27}, {'avg_silhouette': 0.7103651855864244, 'num_points': 107}, {'avg_silhouette': 0.1311654049478864, 'num_points': 2}, {'avg_silhouette': 0.275429212058152, 'num_points': 7}, {'avg_silhouette': 0.5998923079696848, 'num_points': 13}, {'avg_silhouette': 0.36807913230403044, 'num_points': 43}, {'avg_silhouette': 0.4672527702807571, 'num_points': 118}, {'avg_silhouette': 0.2937667934305604, 'num_points': 21}, {'avg_silhouette': 0.4977330299678472, 'num_points': 8}, {'avg_silhouette': 0.3246961187262865, 'num_points': 11}, {'avg_silhouette': 0.0, 'num_points': 1}, {'avg_silhouette': 0.3054288708855493, 'num_points': 49}]",,43,0.26815011618559487,,8,0.3270595799372424
HDBSCAN,,,"[{'avg_silhouette': 0.4663984229725716, 'num_points': 109}, {'avg_silhouette': 0.3702851308210795, 'num_points': 1248}, {'avg_silhouette': 0.501160385062315, 'num_points': 128}]",,3,0.2679680861408584,76.0,3,0.4459479796186554
K-means,,,"[{'avg_silhouette': 0.23064650706477202, 'num_points': 147}, {'avg_silhouette': 0.40626510274624855, 'num_points': 278}, {'avg_silhouette': -0.05647555533049279, 'num_points': 25}, {'avg_silhouette': 0.05777908025251302, 'num_points': 41}, {'avg_silhouette': 0.32989960903612037, 'num_points': 17}, {'avg_silhouette': 0.33561178593651486, 'num_points': 41}, {'avg_silhouette': 0.550032784301699, 'num_points': 56}, {'avg_silhouette': 0.3043301523192416, 'num_points': 155}, {'avg_silhouette': -0.17495139948637023, 'num_points': 2}, {'avg_silhouette': 0.7530618580648312, 'num_points': 25}, {'avg_silhouette': 0.3616679091092692, 'num_points': 7}, {'avg_silhouette': 0.3129270061357851, 'num_points': 80}, {'avg_silhouette': 0.4375127828452858, 'num_points': 14}, {'avg_silhouette': 0.41797375493365163, 'num_points': 123}, {'avg_silhouette': 0.42937182316320005, 'num_points': 34}, {'avg_silhouette': 0.030445374025177947, 'num_points': 178}, {'avg_silhouette': 0.3262526769943431, 'num_points': 120}, {'avg_silhouette': 0.3417759729037853, 'num_points': 11}, {'avg_silhouette': 0.30438628035313775, 'num_points': 22}, {'avg_silhouette': 0.13609247721135176, 'num_points': 14}, {'avg_silhouette': 0.13912071342286514, 'num_points': 79}, {'avg_silhouette': 0.1774364411926796, 'num_points': 59}, {'avg_silhouette': 0.17493253301511233, 'num_points': 14}, {'avg_silhouette': 0.2017176031611544, 'num_points': 147}, {'avg_silhouette': 0.2344487617229791, 'num_points': 8}, {'avg_silhouette': 0.0, 'num_points': 1}, {'avg_silhouette': -0.070665019288222, 'num_points': 42}, {'avg_silhouette': 0.8276168681485515, 'num_points': 3}, {'avg_silhouette': 0.6117304825551302, 'num_points': 13}, {'avg_silhouette': 0.234512437364067, 'num_points': 12}, {'avg_silhouette': 0.17997510940566644, 'num_points': 5}, {'avg_silhouette': 0.07438118708061574, 'num_points': 49}, {'avg_silhouette': -0.004684391779134725, 'num_points': 4}, {'avg_silhouette': 0.08560082007868619, 'num_points': 15}, {'avg_silhouette': 0.42156101516177186, 'num_points': 9}]",,35,0.2678783977331414,,7,0.27394731017779844
HDBSCAN,,,"[{'avg_silhouette': 0.4693507413399894, 'num_points': 108}, {'avg_silhouette': 0.3702086716692276, 'num_points': 1248}, {'avg_silhouette': 0.501160385062315, 'num_points': 128}]",,3,0.26759263209320483,80.0,3,0.4469065993571773
K-means,,,"[{'avg_silhouette': 0.29015737459330726, 'num_points': 7}, {'avg_silhouette': 0.2325710296740867, 'num_points': 148}, {'avg_silhouette': 0.460693486142935, 'num_points': 279}, {'avg_silhouette': 0.11119174904218858, 'num_points': 83}, {'avg_silhouette': 0.5310279233634039, 'num_points': 30}, {'avg_silhouette': 0.3193674556055635, 'num_points': 152}, {'avg_silhouette': 0.4137700468329172, 'num_points': 16}, {'avg_silhouette': 0.5510287695301151, 'num_points': 56}, {'avg_silhouette': 0.31948266170554435, 'num_points': 79}, {'avg_silhouette': -0.03980501627098134, 'num_points': 199}, {'avg_silhouette': 0.7532880672186906, 'num_points': 25}, {'avg_silhouette': 0.3587371636340448, 'num_points': 7}, {'avg_silhouette': 0.19178750263435485, 'num_points': 150}, {'avg_silhouette': 0.22266476059061746, 'num_points': 52}, {'avg_silhouette': -0.06782742815490411, 'num_points': 20}, {'avg_silhouette': 0.003937446136411975, 'num_points': 45}, {'avg_silhouette': -0.03981808596746014, 'num_points': 45}, {'avg_silhouette': 0.17493253301511233, 'num_points': 14}, {'avg_silhouette': 0.29752238471461284, 'num_points': 45}, {'avg_silhouette': 0.3381115416701417, 'num_points': 75}, {'avg_silhouette': 0.10944148497503889, 'num_points': 2}, {'avg_silhouette': 0.031279579624291357, 'num_points': 20}, {'avg_silhouette': 0.2068439273880572, 'num_points': 23}, {'avg_silhouette': 0.029872468272439504, 'num_points': 22}, {'avg_silhouette': 0.5297537166719575, 'num_points': 111}, {'avg_silhouette': 0.23946062509777133, 'num_points': 12}, {'avg_silhouette': 0.17281975241577896, 'num_points': 63}, {'avg_silhouette': 0.611093388327259, 'num_points': 13}, {'avg_silhouette': 0.23657578224207396, 'num_points': 46}, {'avg_silhouette': 0.33527240237871153, 'num_points': 11}]",,30,0.26742539598532034,,6,0.28239469574298603
K-means,,,"[{'avg_silhouette': -0.011844585967786226, 'num_points': 31}, {'avg_silhouette': 0.3673646778020173, 'num_points': 112}, {'avg_silhouette': 0.2398708945792982, 'num_points': 58}, {'avg_silhouette': 0.3995660142601054, 'num_points': 161}, {'avg_silhouette': 0.2711890566961404, 'num_points': 159}, {'avg_silhouette': 0.30002990142476266, 'num_points': 46}, {'avg_silhouette': 0.0974145354994447, 'num_points': 101}, {'avg_silhouette': 0.33796811872925375, 'num_points': 75}, {'avg_silhouette': 0.5496147762093683, 'num_points': 56}, {'avg_silhouette': 0.7519434020881698, 'num_points': 25}, {'avg_silhouette': 0.2742887753941641, 'num_points': 47}, {'avg_silhouette': 0.420001425363206, 'num_points': 117}, {'avg_silhouette': 0.3221033582019661, 'num_points': 120}, {'avg_silhouette': 0.4230960005663814, 'num_points': 9}, {'avg_silhouette': 0.603201018055641, 'num_points': 13}, {'avg_silhouette': -0.10662105228946638, 'num_points': 58}, {'avg_silhouette': 0.26015349197858095, 'num_points': 83}, {'avg_silhouette': 0.02908150059349525, 'num_points': 23}, {'avg_silhouette': 0.5270521931558722, 'num_points': 30}, {'avg_silhouette': 0.11841492502790027, 'num_points': 102}, {'avg_silhouette': 0.25501595661513343, 'num_points': 184}, {'avg_silhouette': 0.08827835074142772, 'num_points': 77}, {'avg_silhouette': 0.14962479580646917, 'num_points': 2}, {'avg_silhouette': 0.0, 'num_points': 1}, {'avg_silhouette': 0.12327034146072782, 'num_points': 21}, {'avg_silhouette': 0.14201495915302778, 'num_points': 107}, {'avg_silhouette': -0.09140341575521439, 'num_points': 16}, {'avg_silhouette': 0.4107003715440315, 'num_points': 16}]",,28,0.26698268947396425,,9,0.2658983231798824
K-means,,,"[{'avg_silhouette': 0.03314554215182467, 'num_points': 39}, {'avg_silhouette': 0.14161466937526823, 'num_points': 140}, {'avg_silhouette': -0.06330522791124407, 'num_points': 16}, {'avg_silhouette': 0.1211004338030628, 'num_points': 23}, {'avg_silhouette': -0.03709048252988244, 'num_points': 48}, {'avg_silhouette': 0.5227937522362944, 'num_points': 109}, {'avg_silhouette': -0.06390670422282585, 'num_points': 20}, {'avg_silhouette': 0.5402566781658971, 'num_points': 56}, {'avg_silhouette': 0.18834822516879124, 'num_points': 22}, {'avg_silhouette': 0.3573715754194175, 'num_points': 52}, {'avg_silhouette': -0.1594139632302368, 'num_points': 20}, {'avg_silhouette': 0.19616544468284663, 'num_points': 94}, {'avg_silhouette': 0.04652161251375171, 'num_points': 73}, {'avg_silhouette': 0.7475994191306349, 'num_points': 25}, {'avg_silhouette': 0.6015977118727466, 'num_points': 12}, {'avg_silhouette': 0.13453435012727916, 'num_points': 72}, {'avg_silhouette': -0.04704952067438021, 'num_points': 30}, {'avg_silhouette': 0.18597626146865356, 'num_points': 13}, {'avg_silhouette': 0.10295012674637702, 'num_points': 13}, {'avg_silhouette': 0.15607470055279146, 'num_points': 23}, {'avg_silhouette': -0.11467614308958973, 'num_points': 10}, {'avg_silhouette': 0.3214405659172964, 'num_points': 63}, {'avg_silhouette': 0.35955451313987996, 'num_points': 43}, {'avg_silhouette': 0.17077060002554378, 'num_points': 59}, {'avg_silhouette': 0.43774867322685485, 'num_points': 32}, {'avg_silhouette': 0.26921436589823206, 'num_points': 12}, {'avg_silhouette': 0.2844802102798668, 'num_points': 26}, {'avg_silhouette': 0.4303217432346593, 'num_points': 9}, {'avg_silhouette': 0.3903042413627992, 'num_points': 16}, {'avg_silhouette': 0.152618193618029, 'num_points': 36}, {'avg_silhouette': 0.8064407075433421, 'num_points': 3}, {'avg_silhouette': 0.3912937552544922, 'num_points': 148}, {'avg_silhouette': 0.15307771349503224, 'num_points': 20}, {'avg_silhouette': 0.3240036074547754, 'num_points': 11}, {'avg_silhouette': 0.16105865347663603, 'num_points': 9}, {'avg_silhouette': -0.002728657757450614, 'num_points': 15}, {'avg_silhouette': -0.13586126509789515, 'num_points': 3}, {'avg_silhouette': 0.2373512529652698, 'num_points': 93}, {'avg_silhouette': -0.06056004335300312, 'num_points': 17}, {'avg_silhouette': 0.41446284152271756, 'num_points': 9}, {'avg_silhouette': 0.2780181132293526, 'num_points': 8}, {'avg_silhouette': -0.0984586127031492, 'num_points': 8}, {'avg_silhouette': 0.35157645410160826, 'num_points': 7}, {'avg_silhouette': 0.26541068349607033, 'num_points': 24}, {'avg_silhouette': 0.2457840499909808, 'num_points': 11}, {'avg_silhouette': 0.3640903370922251, 'num_points': 125}, {'avg_silhouette': 0.5050566829392386, 'num_points': 131}, {'avg_silhouette': 0.7924509125564798, 'num_points': 2}]",,48,0.266932150494544,,7,0.33690941350651926
K-means,,,"[{'avg_silhouette': 0.5040311696443899, 'num_points': 351}, {'avg_silhouette': 0.2661358200007133, 'num_points': 158}, {'avg_silhouette': 0.47232877633782266, 'num_points': 134}, {'avg_silhouette': 0.16921290580253007, 'num_points': 98}, {'avg_silhouette': 0.15848924024734162, 'num_points': 190}, {'avg_silhouette': 0.29287983042378773, 'num_points': 132}, {'avg_silhouette': 0.2777660624578471, 'num_points': 166}, {'avg_silhouette': 0.22999459649701345, 'num_points': 235}, {'avg_silhouette': 0.5102798769657689, 'num_points': 59}, {'avg_silhouette': -0.07924020006413449, 'num_points': 250}, {'avg_silhouette': 0.14627260137630482, 'num_points': 60}, {'avg_silhouette': 0.36083236322195006, 'num_points': 17}]",,12,0.26647420523959114,,9,0.2546220223719235
HDBSCAN,,,"[{'avg_silhouette': 0.47408821124714834, 'num_points': 106}, {'avg_silhouette': 0.36934663992119426, 'num_points': 1248}, {'avg_silhouette': 0.5042259720399755, 'num_points': 127}]",,3,0.26588856598189936,84.0,3,0.44922027440277273
AGGLC,ward,,"[{'avg_silhouette': 0.33086787308220533, 'num_points': 395}, {'avg_silhouette': -0.18108403254655495, 'num_points': 484}, {'avg_silhouette': 0.4815198272226923, 'num_points': 132}, {'avg_silhouette': 0.2928101563356147, 'num_points': 146}, {'avg_silhouette': 0.5241135600563169, 'num_points': 322}, {'avg_silhouette': 0.40026062394312506, 'num_points': 101}, {'avg_silhouette': 0.00038455314070410526, 'num_points': 26}, {'avg_silhouette': 0.6482637138319312, 'num_points': 27}, {'avg_silhouette': 0.5045993322790883, 'num_points': 118}, {'avg_silhouette': 0.17536487411206975, 'num_points': 21}, {'avg_silhouette': 0.7572908509808252, 'num_points': 25}, {'avg_silhouette': 0.6021719460490808, 'num_points': 53}]",,12,0.2649382779055414,,7,0.33615533433892686
AGGLC,ward,,"[{'avg_silhouette': 0.1508393016341568, 'num_points': 65}, {'avg_silhouette': 0.11512711060716259, 'num_points': 21}, {'avg_silhouette': -0.19251213579794343, 'num_points': 38}, {'avg_silhouette': 0.10317103194205463, 'num_points': 108}, {'avg_silhouette': 0.11931103866756727, 'num_points': 138}, {'avg_silhouette': 0.14352770950518345, 'num_points': 47}, {'avg_silhouette': 0.02297668024140303, 'num_points': 215}, {'avg_silhouette': 0.23914544057292939, 'num_points': 141}, {'avg_silhouette': -0.1029007780419215, 'num_points': 33}, {'avg_silhouette': -0.11782966395797365, 'num_points': 8}, {'avg_silhouette': 0.000960520539189449, 'num_points': 45}, {'avg_silhouette': 0.35429497736042365, 'num_points': 101}, {'avg_silhouette': -0.0896181860367895, 'num_points': 5}, {'avg_silhouette': -0.12158144524813033, 'num_points': 17}, {'avg_silhouette': -0.2247332080293326, 'num_points': 21}, {'avg_silhouette': 0.32555133101471306, 'num_points': 17}, {'avg_silhouette': 0.4029219948883403, 'num_points': 71}, {'avg_silhouette': 0.03138235006458123, 'num_points': 6}, {'avg_silhouette': 0.019844223886806508, 'num_points': 11}, {'avg_silhouette': 0.19683931445353378, 'num_points': 21}, {'avg_silhouette': 0.24634428009546658, 'num_points': 11}, {'avg_silhouette': 0.7478095819521302, 'num_points': 25}, {'avg_silhouette': -0.011206723658060172, 'num_points': 19}, {'avg_silhouette': 0.431123403048512, 'num_points': 9}, {'avg_silhouette': 0.5893012342554313, 'num_points': 53}, {'avg_silhouette': 0.5999595148463797, 'num_points': 105}, {'avg_silhouette': 0.020851508355314276, 'num_points': 7}, {'avg_silhouette': 0.3677755395533532, 'num_points': 67}, {'avg_silhouette': -0.05966598710234762, 'num_points': 4}, {'avg_silhouette': -0.0303681033419085, 'num_points': 4}, {'avg_silhouette': 0.2963767549611804, 'num_points': 59}, {'avg_silhouette': 0.633828241176633, 'num_points': 27}, {'avg_silhouette': 0.7103651855864244, 'num_points': 107}, {'avg_silhouette': 0.1311654049478864, 'num_points': 2}, {'avg_silhouette': 0.275429212058152, 'num_points': 7}, {'avg_silhouette': 0.5998923079696848, 'num_points': 13}, {'avg_silhouette': 0.36807913230403044, 'num_points': 43}, {'avg_silhouette': 0.4672527702807571, 'num_points': 118}, {'avg_silhouette': 0.2937667934305604, 'num_points': 21}, {'avg_silhouette': 0.4977330299678472, 'num_points': 8}, {'avg_silhouette': 0.3246961187262865, 'num_points': 11}, {'avg_silhouette': 0.0, 'num_points': 1}]",,42,0.2647929396306074,,8,0.3270595799372424
AGGLC,ward,,"[{'avg_silhouette': -0.15454156783294126, 'num_points': 5}, {'avg_silhouette': 0.11512711060716259, 'num_points': 21}, {'avg_silhouette': 0.1508393016341568, 'num_points': 65}, {'avg_silhouette': 0.10317103194205463, 'num_points': 108}, {'avg_silhouette': 0.11931103866756727, 'num_points': 138}, {'avg_silhouette': 0.14352770950518345, 'num_points': 47}, {'avg_silhouette': -0.19251213579794343, 'num_points': 38}, {'avg_silhouette': 0.23914544057292939, 'num_points': 141}, {'avg_silhouette': -0.1029007780419215, 'num_points': 33}, {'avg_silhouette': -0.11782966395797365, 'num_points': 8}, {'avg_silhouette': 0.000960520539189449, 'num_points': 45}, {'avg_silhouette': 0.35429497736042365, 'num_points': 101}, {'avg_silhouette': -0.0896181860367895, 'num_points': 5}, {'avg_silhouette': -0.12158144524813033, 'num_points': 17}, {'avg_silhouette': 0.02297668024140303, 'num_points': 215}, {'avg_silhouette': 0.32555133101471306, 'num_points': 17}, {'avg_silhouette': 0.4029219948883403, 'num_points': 71}, {'avg_silhouette': 0.03138235006458123, 'num_points': 6}, {'avg_silhouette': 0.019844223886806508, 'num_points': 11}, {'avg_silhouette': 0.19683931445353378, 'num_points': 21}, {'avg_silhouette': 0.24634428009546658, 'num_points': 11}, {'avg_silhouette': 0.7478095819521302, 'num_points': 25}, {'avg_silhouette': -0.011206723658060172, 'num_points': 19}, {'avg_silhouette': 0.431123403048512, 'num_points': 9}, {'avg_silhouette': 0.5893012342554313, 'num_points': 53}, {'avg_silhouette': 0.5999595148463797, 'num_points': 105}, {'avg_silhouette': 0.020851508355314276, 'num_points': 7}, {'avg_silhouette': 0.3677755395533532, 'num_points': 67}, {'avg_silhouette': -0.05966598710234762, 'num_points': 4}, {'avg_silhouette': -0.2247332080293326, 'num_points': 21}, {'avg_silhouette': 0.2963767549611804, 'num_points': 59}, {'avg_silhouette': 0.633828241176633, 'num_points': 27}, {'avg_silhouette': 0.7103651855864244, 'num_points': 107}, {'avg_silhouette': 0.1311654049478864, 'num_points': 2}, {'avg_silhouette': 0.275429212058152, 'num_points': 7}, {'avg_silhouette': 0.5998923079696848, 'num_points': 13}, {'avg_silhouette': 0.36807913230403044, 'num_points': 43}, {'avg_silhouette': 0.4672527702807571, 'num_points': 118}, {'avg_silhouette': 0.2937667934305604, 'num_points': 21}, {'avg_silhouette': 0.4977330299678472, 'num_points': 8}, {'avg_silhouette': 0.3246961187262865, 'num_points': 11}]",,41,0.2644409204815279,,8,0.3270595799372424
HDBSCAN,,,"[{'avg_silhouette': 0.4794603337953957, 'num_points': 104}, {'avg_silhouette': 0.3694156683003077, 'num_points': 1246}, {'avg_silhouette': 0.5069212794424268, 'num_points': 126}]",,3,0.264182927569821,88.0,3,0.4519324271793767
DBSCAN,,0.5223301886760996,"[{'avg_silhouette': 0.3443235460503328, 'num_points': 1165}, {'avg_silhouette': 0.7021933314772916, 'num_points': 24}, {'avg_silhouette': 0.6419120339316116, 'num_points': 49}, {'avg_silhouette': 0.5143092415733221, 'num_points': 122}, {'avg_silhouette': 0.5405775929672647, 'num_points': 79}, {'avg_silhouette': 0.6388093662852589, 'num_points': 11}, {'avg_silhouette': 0.7412069468525129, 'num_points': 11}, {'avg_silhouette': 0.7605979205882294, 'num_points': 25}]",10.0,8,0.2636541339446877,,2,0.42931639381182746
HDBSCAN,,,"[{'avg_silhouette': 0.4839250581190727, 'num_points': 102}, {'avg_silhouette': 0.36953734644074293, 'num_points': 1245}, {'avg_silhouette': 0.5068449522485797, 'num_points': 126}]",,3,0.2631133715340199,92.0,3,0.45343578560279846
K-means,,,"[{'avg_silhouette': 0.43211028230469517, 'num_points': 118}, {'avg_silhouette': -0.14182645314440814, 'num_points': 27}, {'avg_silhouette': 0.4405259654012993, 'num_points': 152}, {'avg_silhouette': 0.1647155533244575, 'num_points': 75}, {'avg_silhouette': 0.5479388956455841, 'num_points': 56}, {'avg_silhouette': 0.3124152831794964, 'num_points': 42}, {'avg_silhouette': -0.03228725300611068, 'num_points': 143}, {'avg_silhouette': 0.1767027874331708, 'num_points': 109}, {'avg_silhouette': 0.18161115907369238, 'num_points': 59}, {'avg_silhouette': 0.4049689394869381, 'num_points': 133}, {'avg_silhouette': 0.23540704622017705, 'num_points': 146}, {'avg_silhouette': 0.3910692418982443, 'num_points': 35}, {'avg_silhouette': 0.5241053823307368, 'num_points': 30}, {'avg_silhouette': 0.7521851650013907, 'num_points': 25}, {'avg_silhouette': -0.022442138489338476, 'num_points': 28}, {'avg_silhouette': 0.27716366163853673, 'num_points': 173}, {'avg_silhouette': 0.12443515434727018, 'num_points': 21}, {'avg_silhouette': 0.33055093127831686, 'num_points': 17}, {'avg_silhouette': 0.2609261755943478, 'num_points': 47}, {'avg_silhouette': 0.21181120011302304, 'num_points': 50}, {'avg_silhouette': 0.41756578071688816, 'num_points': 9}, {'avg_silhouette': 0.36545348960285434, 'num_points': 76}, {'avg_silhouette': 0.30312780531705635, 'num_points': 46}, {'avg_silhouette': 0.11474042843353474, 'num_points': 28}, {'avg_silhouette': 0.09157245064894544, 'num_points': 40}, {'avg_silhouette': -0.01542048710280879, 'num_points': 4}, {'avg_silhouette': 0.22794568674537946, 'num_points': 8}, {'avg_silhouette': 0.05668954863134869, 'num_points': 13}, {'avg_silhouette': 0.21994015578756254, 'num_points': 12}, {'avg_silhouette': 0.16057796878653702, 'num_points': 74}, {'avg_silhouette': 0.1847577539238587, 'num_points': 23}, {'avg_silhouette': 0.12696957322738017, 'num_points': 14}, {'avg_silhouette': 0.0051808226295453445, 'num_points': 16}, {'avg_silhouette': 0.0, 'num_points': 1}]",,34,0.26268855035098154,,7,0.2763702042112438
HDBSCAN,,,"[{'avg_silhouette': 0.4893169221995407, 'num_points': 100}, {'avg_silhouette': 0.3693728503155191, 'num_points': 1245}, {'avg_silhouette': 0.5068449522485797, 'num_points': 126}]",,3,0.26226581335044014,96.0,3,0.45517824158787984
AGGLC,ward,,"[{'avg_silhouette': -0.08089846863260766, 'num_points': 38}, {'avg_silhouette': 0.11512711060716259, 'num_points': 21}, {'avg_silhouette': -0.15454156783294126, 'num_points': 5}, {'avg_silhouette': 0.10317103194205463, 'num_points': 108}, {'avg_silhouette': 0.11931103866756727, 'num_points': 138}, {'avg_silhouette': 0.14352770950518345, 'num_points': 47}, {'avg_silhouette': 0.1508393016341568, 'num_points': 65}, {'avg_silhouette': 0.23929745986827322, 'num_points': 141}, {'avg_silhouette': -0.1029007780419215, 'num_points': 33}, {'avg_silhouette': -0.11782966395797365, 'num_points': 8}, {'avg_silhouette': 0.012391012661408934, 'num_points': 45}, {'avg_silhouette': 0.35429497736042365, 'num_points': 101}, {'avg_silhouette': -0.08301705457177319, 'num_points': 5}, {'avg_silhouette': -0.18657982169497184, 'num_points': 38}, {'avg_silhouette': 0.02297668024140303, 'num_points': 215}, {'avg_silhouette': 0.32555133101471306, 'num_points': 17}, {'avg_silhouette': 0.4029219948883403, 'num_points': 71}, {'avg_silhouette': 0.03138235006458123, 'num_points': 6}, {'avg_silhouette': 0.019844223886806508, 'num_points': 11}, {'avg_silhouette': 0.3246961187262865, 'num_points': 11}, {'avg_silhouette': 0.24634428009546658, 'num_points': 11}, {'avg_silhouette': 0.7478095819521302, 'num_points': 25}, {'avg_silhouette': -0.006446895693376675, 'num_points': 19}, {'avg_silhouette': 0.431123403048512, 'num_points': 9}, {'avg_silhouette': 0.5893012342554313, 'num_points': 53}, {'avg_silhouette': 0.599982429923178, 'num_points': 105}, {'avg_silhouette': 0.020851508355314276, 'num_points': 7}, {'avg_silhouette': 0.3677755395533532, 'num_points': 67}, {'avg_silhouette': -0.05966598710234762, 'num_points': 4}, {'avg_silhouette': -0.2247332080293326, 'num_points': 21}, {'avg_silhouette': 0.2963767549611804, 'num_points': 59}, {'avg_silhouette': 0.633828241176633, 'num_points': 27}, {'avg_silhouette': 0.7103651855864244, 'num_points': 107}, {'avg_silhouette': 0.1311654049478864, 'num_points': 2}, {'avg_silhouette': 0.275429212058152, 'num_points': 7}, {'avg_silhouette': 0.5998923079696848, 'num_points': 13}, {'avg_silhouette': 0.36807913230403044, 'num_points': 43}, {'avg_silhouette': 0.4677321705573485, 'num_points': 118}, {'avg_silhouette': 0.2937667934305604, 'num_points': 21}, {'avg_silhouette': 0.4977330299678472, 'num_points': 8}]",,40,0.2621721473269695,,8,0.3271413717683341
AGGLC,ward,,"[{'avg_silhouette': 0.09365834465403884, 'num_points': 12}, {'avg_silhouette': 0.11512711060716259, 'num_points': 21}, {'avg_silhouette': -0.08089846863260766, 'num_points': 38}, {'avg_silhouette': 0.10317103194205463, 'num_points': 108}, {'avg_silhouette': 0.11931103866756727, 'num_points': 138}, {'avg_silhouette': 0.14352770950518345, 'num_points': 47}, {'avg_silhouette': -0.15454156783294126, 'num_points': 5}, {'avg_silhouette': 0.23929745986827322, 'num_points': 141}, {'avg_silhouette': -0.1029007780419215, 'num_points': 33}, {'avg_silhouette': -0.11782966395797365, 'num_points': 8}, {'avg_silhouette': 0.012391012661408934, 'num_points': 45}, {'avg_silhouette': 0.35429497736042365, 'num_points': 101}, {'avg_silhouette': -0.08301705457177319, 'num_points': 5}, {'avg_silhouette': 0.1508393016341568, 'num_points': 65}, {'avg_silhouette': 0.02297668024140303, 'num_points': 215}, {'avg_silhouette': 0.32555133101471306, 'num_points': 17}, {'avg_silhouette': 0.4029219948883403, 'num_points': 71}, {'avg_silhouette': 0.03138235006458123, 'num_points': 6}, {'avg_silhouette': 0.019844223886806508, 'num_points': 11}, {'avg_silhouette': 0.3246961187262865, 'num_points': 11}, {'avg_silhouette': 0.24634428009546658, 'num_points': 11}, {'avg_silhouette': 0.7478095819521302, 'num_points': 25}, {'avg_silhouette': -0.006446895693376675, 'num_points': 19}, {'avg_silhouette': 0.431123403048512, 'num_points': 9}, {'avg_silhouette': 0.5893012342554313, 'num_points': 53}, {'avg_silhouette': 0.599982429923178, 'num_points': 105}, {'avg_silhouette': 0.020851508355314276, 'num_points': 7}, {'avg_silhouette': 0.3677755395533532, 'num_points': 67}, {'avg_silhouette': -0.18657982169497184, 'num_points': 38}, {'avg_silhouette': -0.2247332080293326, 'num_points': 21}, {'avg_silhouette': 0.2963767549611804, 'num_points': 59}, {'avg_silhouette': 0.633828241176633, 'num_points': 27}, {'avg_silhouette': 0.7103651855864244, 'num_points': 107}, {'avg_silhouette': 0.1311654049478864, 'num_points': 2}, {'avg_silhouette': 0.275429212058152, 'num_points': 7}, {'avg_silhouette': 0.5998923079696848, 'num_points': 13}, {'avg_silhouette': 0.36807913230403044, 'num_points': 43}, {'avg_silhouette': 0.4677321705573485, 'num_points': 118}, {'avg_silhouette': 0.2937667934305604, 'num_points': 21}]",,39,0.2607563094050857,,8,0.3271413717683341
K-means,,,"[{'avg_silhouette': 0.16802281596505797, 'num_points': 17}, {'avg_silhouette': 0.42855443717784464, 'num_points': 9}, {'avg_silhouette': -0.16281932100164423, 'num_points': 19}, {'avg_silhouette': 0.23278338808117935, 'num_points': 188}, {'avg_silhouette': 0.12793319307673345, 'num_points': 157}, {'avg_silhouette': 0.053704539839179256, 'num_points': 109}, {'avg_silhouette': 0.5031185038183601, 'num_points': 59}, {'avg_silhouette': 0.28951312773467947, 'num_points': 142}, {'avg_silhouette': -0.058021209390889755, 'num_points': 39}, {'avg_silhouette': 0.29250000863610837, 'num_points': 128}, {'avg_silhouette': 0.5365357735068712, 'num_points': 30}, {'avg_silhouette': 0.29108306072651463, 'num_points': 48}, {'avg_silhouette': 0.051286156239094195, 'num_points': 131}, {'avg_silhouette': 0.7556344887680407, 'num_points': 25}, {'avg_silhouette': 0.23419884126334653, 'num_points': 12}, {'avg_silhouette': 0.3022304295493711, 'num_points': 117}, {'avg_silhouette': 0.36303264863333606, 'num_points': 120}, {'avg_silhouette': 0.49874594439057385, 'num_points': 108}, {'avg_silhouette': 0.3496456819649433, 'num_points': 17}, {'avg_silhouette': -0.06940947672463334, 'num_points': 55}, {'avg_silhouette': 0.2910654646704621, 'num_points': 8}, {'avg_silhouette': 0.15788834208628913, 'num_points': 58}, {'avg_silhouette': 0.35004076171573417, 'num_points': 78}, {'avg_silhouette': 0.6103317797040627, 'num_points': 13}, {'avg_silhouette': 0.3830095730411199, 'num_points': 163}]",,25,0.26046065648722166,,10,0.2594739009221375
AGGLC,ward,,"[{'avg_silhouette': -0.04984433672924835, 'num_points': 66}, {'avg_silhouette': 0.0937210507677702, 'num_points': 12}, {'avg_silhouette': -0.08012761882603386, 'num_points': 38}, {'avg_silhouette': 0.10317103194205463, 'num_points': 108}, {'avg_silhouette': 0.11512711060716259, 'num_points': 21}, {'avg_silhouette': 0.14352770950518345, 'num_points': 47}, {'avg_silhouette': -0.15454156783294126, 'num_points': 5}, {'avg_silhouette': 0.23929745986827322, 'num_points': 141}, {'avg_silhouette': -0.1029007780419215, 'num_points': 33}, {'avg_silhouette': -0.11782966395797365, 'num_points': 8}, {'avg_silhouette': 0.11931103866756727, 'num_points': 138}, {'avg_silhouette': 0.35486892402623726, 'num_points': 101}, {'avg_silhouette': -0.08301705457177319, 'num_points': 5}, {'avg_silhouette': 0.1508393016341568, 'num_points': 65}, {'avg_silhouette': 0.02297668024140303, 'num_points': 215}, {'avg_silhouette': 0.32619271335145505, 'num_points': 17}, {'avg_silhouette': 0.4029219948883403, 'num_points': 71}, {'avg_silhouette': 0.03205373727952084, 'num_points': 6}, {'avg_silhouette': 0.019844223886806508, 'num_points': 11}, {'avg_silhouette': 0.3254604261131781, 'num_points': 11}, {'avg_silhouette': 0.24634428009546658, 'num_points': 11}, {'avg_silhouette': 0.7482017510055059, 'num_points': 25}, {'avg_silhouette': -0.005331405385838575, 'num_points': 19}, {'avg_silhouette': 0.431123403048512, 'num_points': 9}, {'avg_silhouette': 0.5893877513675306, 'num_points': 53}, {'avg_silhouette': 0.599982429923178, 'num_points': 105}, {'avg_silhouette': 0.024256703919749566, 'num_points': 7}, {'avg_silhouette': 0.3677755395533532, 'num_points': 67}, {'avg_silhouette': -0.18590958294196, 'num_points': 38}, {'avg_silhouette': -0.2159135356764249, 'num_points': 21}, {'avg_silhouette': 0.2963767549611804, 'num_points': 59}, {'avg_silhouette': 0.633828241176633, 'num_points': 27}, {'avg_silhouette': 0.7103651855864244, 'num_points': 107}, {'avg_silhouette': 0.1311654049478864, 'num_points': 2}, {'avg_silhouette': 0.275429212058152, 'num_points': 7}, {'avg_silhouette': 0.5998923079696848, 'num_points': 13}, {'avg_silhouette': 0.3692211303513186, 'num_points': 43}, {'avg_silhouette': 0.4677321705573485, 'num_points': 118}]",,38,0.2555747615962885,,8,0.32721311510156076
AGGLC,ward,,"[{'avg_silhouette': -0.18836449928572224, 'num_points': 484}, {'avg_silhouette': 0.18540645664513292, 'num_points': 290}, {'avg_silhouette': 0.4751128336441746, 'num_points': 132}, {'avg_silhouette': 0.2856116214974993, 'num_points': 146}, {'avg_silhouette': 0.5240611296261366, 'num_points': 322}, {'avg_silhouette': 0.39869385242774197, 'num_points': 101}, {'avg_silhouette': -4.360350430953133e-05, 'num_points': 26}, {'avg_silhouette': 0.6461832348259798, 'num_points': 27}, {'avg_silhouette': 0.5035437798784245, 'num_points': 118}, {'avg_silhouette': 0.16064643930781924, 'num_points': 21}, {'avg_silhouette': 0.7572908509808252, 'num_points': 25}, {'avg_silhouette': 0.6021719460490808, 'num_points': 53}, {'avg_silhouette': 0.6209687383738562, 'num_points': 105}]",,13,0.25530598120646886,,8,0.3506292391009055
AGGLC,ward,,"[{'avg_silhouette': -0.1667850327957892, 'num_points': 38}, {'avg_silhouette': 0.0937210507677702, 'num_points': 12}, {'avg_silhouette': -0.04984433672924835, 'num_points': 66}, {'avg_silhouette': 0.10317103194205463, 'num_points': 108}, {'avg_silhouette': 0.11512711060716259, 'num_points': 21}, {'avg_silhouette': 0.14352770950518345, 'num_points': 47}, {'avg_silhouette': -0.08012761882603386, 'num_points': 38}, {'avg_silhouette': 0.23929745986827322, 'num_points': 141}, {'avg_silhouette': 0.019844223886806508, 'num_points': 11}, {'avg_silhouette': -0.11782966395797365, 'num_points': 8}, {'avg_silhouette': 0.11931103866756727, 'num_points': 138}, {'avg_silhouette': 0.35486892402623726, 'num_points': 101}, {'avg_silhouette': -0.08301705457177319, 'num_points': 5}, {'avg_silhouette': 0.1508393016341568, 'num_points': 65}, {'avg_silhouette': 0.02297668024140303, 'num_points': 215}, {'avg_silhouette': 0.32619271335145505, 'num_points': 17}, {'avg_silhouette': 0.4029219948883403, 'num_points': 71}, {'avg_silhouette': 0.03205373727952084, 'num_points': 6}, {'avg_silhouette': 0.4677321705573485, 'num_points': 118}, {'avg_silhouette': 0.3254604261131781, 'num_points': 11}, {'avg_silhouette': 0.24634428009546658, 'num_points': 11}, {'avg_silhouette': 0.7482017510055059, 'num_points': 25}, {'avg_silhouette': -0.005331405385838575, 'num_points': 19}, {'avg_silhouette': 0.431123403048512, 'num_points': 9}, {'avg_silhouette': 0.5893877513675306, 'num_points': 53}, {'avg_silhouette': 0.599982429923178, 'num_points': 105}, {'avg_silhouette': 0.024256703919749566, 'num_points': 7}, {'avg_silhouette': 0.3677755395533532, 'num_points': 67}, {'avg_silhouette': -0.18590958294196, 'num_points': 38}, {'avg_silhouette': -0.2159135356764249, 'num_points': 21}, {'avg_silhouette': 0.2963767549611804, 'num_points': 59}, {'avg_silhouette': 0.633828241176633, 'num_points': 27}, {'avg_silhouette': 0.7103651855864244, 'num_points': 107}, {'avg_silhouette': 0.14667348931871638, 'num_points': 2}, {'avg_silhouette': 0.27764289502812944, 'num_points': 7}, {'avg_silhouette': 0.5998923079696848, 'num_points': 13}, {'avg_silhouette': 0.3692211303513186, 'num_points': 43}]",,37,0.25442725576809366,,8,0.3272131151015608
AGGLC,ward,,"[{'avg_silhouette': -0.2091001146907028, 'num_points': 44}, {'avg_silhouette': 0.0937210507677702, 'num_points': 12}, {'avg_silhouette': -0.1667850327957892, 'num_points': 38}, {'avg_silhouette': 0.10317103194205463, 'num_points': 108}, {'avg_silhouette': 0.11512711060716259, 'num_points': 21}, {'avg_silhouette': 0.14352770950518345, 'num_points': 47}, {'avg_silhouette': -0.04984433672924835, 'num_points': 66}, {'avg_silhouette': 0.23929745986827322, 'num_points': 141}, {'avg_silhouette': 0.019844223886806508, 'num_points': 11}, {'avg_silhouette': -0.11782966395797365, 'num_points': 8}, {'avg_silhouette': 0.11931103866756727, 'num_points': 138}, {'avg_silhouette': 0.35486892402623726, 'num_points': 101}, {'avg_silhouette': -0.08301705457177319, 'num_points': 5}, {'avg_silhouette': -0.08012761882603386, 'num_points': 38}, {'avg_silhouette': 0.02297668024140303, 'num_points': 215}, {'avg_silhouette': 0.32619271335145505, 'num_points': 17}, {'avg_silhouette': 0.4029219948883403, 'num_points': 71}, {'avg_silhouette': 0.3692211303513186, 'num_points': 43}, {'avg_silhouette': 0.4677321705573485, 'num_points': 118}, {'avg_silhouette': 0.3254604261131781, 'num_points': 11}, {'avg_silhouette': 0.24634428009546658, 'num_points': 11}, {'avg_silhouette': 0.7482017510055059, 'num_points': 25}, {'avg_silhouette': -0.005331405385838575, 'num_points': 19}, {'avg_silhouette': 0.431123403048512, 'num_points': 9}, {'avg_silhouette': 0.5893877513675306, 'num_points': 53}, {'avg_silhouette': 0.599982429923178, 'num_points': 105}, {'avg_silhouette': 0.024256703919749566, 'num_points': 7}, {'avg_silhouette': 0.3677755395533532, 'num_points': 67}, {'avg_silhouette': 0.1508393016341568, 'num_points': 65}, {'avg_silhouette': -0.2159135356764249, 'num_points': 21}, {'avg_silhouette': 0.2963767549611804, 'num_points': 59}, {'avg_silhouette': 0.633828241176633, 'num_points': 27}, {'avg_silhouette': 0.7103651855864244, 'num_points': 107}, {'avg_silhouette': 0.14667348931871638, 'num_points': 2}, {'avg_silhouette': 0.27764289502812944, 'num_points': 7}, {'avg_silhouette': 0.5998923079696848, 'num_points': 13}]",,36,0.2531687891095674,,8,0.3272131151015608
K-means,,,"[{'avg_silhouette': 0.06536436794565785, 'num_points': 3}, {'avg_silhouette': 0.4168759982385754, 'num_points': 153}, {'avg_silhouette': 0.24878912662395933, 'num_points': 146}, {'avg_silhouette': 0.2398708945792982, 'num_points': 58}, {'avg_silhouette': 0.3088854682610309, 'num_points': 171}, {'avg_silhouette': -0.04092044440727163, 'num_points': 155}, {'avg_silhouette': 0.2648746673881543, 'num_points': 161}, {'avg_silhouette': 0.547329669303182, 'num_points': 56}, {'avg_silhouette': 0.750800834674272, 'num_points': 25}, {'avg_silhouette': 0.26797463693832985, 'num_points': 49}, {'avg_silhouette': 0.33796811872925375, 'num_points': 75}, {'avg_silhouette': 0.36184525666029244, 'num_points': 7}, {'avg_silhouette': 0.5309905576474682, 'num_points': 30}, {'avg_silhouette': 0.06732881279183904, 'num_points': 109}, {'avg_silhouette': 0.41320242858651185, 'num_points': 123}, {'avg_silhouette': -0.1700734219380922, 'num_points': 22}, {'avg_silhouette': 0.18248591170444706, 'num_points': 150}, {'avg_silhouette': 0.19330117845207617, 'num_points': 52}, {'avg_silhouette': 0.1739232557136384, 'num_points': 14}, {'avg_silhouette': 0.3360686879727418, 'num_points': 17}, {'avg_silhouette': 0.21131847831347708, 'num_points': 5}, {'avg_silhouette': 0.4180039674246825, 'num_points': 9}, {'avg_silhouette': 0.059665069112231864, 'num_points': 40}, {'avg_silhouette': 0.2561031356899018, 'num_points': 85}, {'avg_silhouette': 0.2932262367509674, 'num_points': 47}, {'avg_silhouette': 0.1513939027780128, 'num_points': 77}, {'avg_silhouette': 0.34010051089334375, 'num_points': 11}]",,27,0.25288904153008507,,8,0.23269024614840578
DBSCAN,,0.5123301886760996,"[{'avg_silhouette': 0.34984156630592, 'num_points': 1134}, {'avg_silhouette': 0.701568049154155, 'num_points': 24}, {'avg_silhouette': 0.6592215026047631, 'num_points': 46}, {'avg_silhouette': 0.5270259742723981, 'num_points': 115}, {'avg_silhouette': 0.5480680162789873, 'num_points': 77}, {'avg_silhouette': 0.6665692998178894, 'num_points': 10}, {'avg_silhouette': 0.740709869939095, 'num_points': 11}, {'avg_silhouette': 0.7600811997033473, 'num_points': 25}]",10.0,8,0.25138838119425116,,2,0.43843377028915903
AGGLC,ward,,"[{'avg_silhouette': 0.157111569901952, 'num_points': 51}, {'avg_silhouette': -0.2091001146907028, 'num_points': 44}, {'avg_silhouette': -0.1667850327957892, 'num_points': 38}, {'avg_silhouette': 0.10317103194205463, 'num_points': 108}, {'avg_silhouette': 0.09751736328161513, 'num_points': 12}, {'avg_silhouette': 0.14352770950518345, 'num_points': 47}, {'avg_silhouette': -0.04925527247392083, 'num_points': 66}, {'avg_silhouette': 0.23929745986827322, 'num_points': 141}, {'avg_silhouette': 0.019844223886806508, 'num_points': 11}, {'avg_silhouette': 0.12706625119370007, 'num_points': 21}, {'avg_silhouette': 0.11931103866756727, 'num_points': 138}, {'avg_silhouette': 0.35486892402623726, 'num_points': 101}, {'avg_silhouette': -0.08301705457177319, 'num_points': 5}, {'avg_silhouette': -0.08012761882603386, 'num_points': 38}, {'avg_silhouette': 0.02297668024140303, 'num_points': 215}, {'avg_silhouette': 0.32619271335145505, 'num_points': 17}, {'avg_silhouette': 0.4029219948883403, 'num_points': 71}, {'avg_silhouette': 0.5998923079696848, 'num_points': 13}, {'avg_silhouette': 0.4677321705573485, 'num_points': 118}, {'avg_silhouette': 0.3254604261131781, 'num_points': 11}, {'avg_silhouette': 0.24634428009546658, 'num_points': 11}, {'avg_silhouette': 0.7482017510055059, 'num_points': 25}, {'avg_silhouette': -0.005331405385838575, 'num_points': 19}, {'avg_silhouette': 0.431123403048512, 'num_points': 9}, {'avg_silhouette': 0.5893877513675306, 'num_points': 53}, {'avg_silhouette': 0.599982429923178, 'num_points': 105}, {'avg_silhouette': 0.024256703919749566, 'num_points': 7}, {'avg_silhouette': 0.3677755395533532, 'num_points': 67}, {'avg_silhouette': 0.1508393016341568, 'num_points': 65}, {'avg_silhouette': -0.2159135356764249, 'num_points': 21}, {'avg_silhouette': 0.2963767549611804, 'num_points': 59}, {'avg_silhouette': 0.633828241176633, 'num_points': 27}, {'avg_silhouette': 0.7103651855864244, 'num_points': 107}, {'avg_silhouette': 0.14667348931871638, 'num_points': 2}, {'avg_silhouette': 0.27764289502812944, 'num_points': 7}]",,35,0.24960877544194135,,8,0.3272131151015608
AGGLC,ward,,"[{'avg_silhouette': -0.05788343964840527, 'num_points': 26}, {'avg_silhouette': 0.157111569901952, 'num_points': 51}, {'avg_silhouette': -0.1667850327957892, 'num_points': 38}, {'avg_silhouette': 0.10317103194205463, 'num_points': 108}, {'avg_silhouette': -0.2091001146907028, 'num_points': 44}, {'avg_silhouette': 0.14352770950518345, 'num_points': 47}, {'avg_silhouette': -0.04925527247392083, 'num_points': 66}, {'avg_silhouette': 0.23929745986827322, 'num_points': 141}, {'avg_silhouette': 0.032481138708271545, 'num_points': 11}, {'avg_silhouette': 0.12706625119370007, 'num_points': 21}, {'avg_silhouette': 0.09751736328161513, 'num_points': 12}, {'avg_silhouette': 0.35486892402623726, 'num_points': 101}, {'avg_silhouette': -0.08301705457177319, 'num_points': 5}, {'avg_silhouette': -0.08012761882603386, 'num_points': 38}, {'avg_silhouette': 0.02297668024140303, 'num_points': 215}, {'avg_silhouette': 0.32822819138381876, 'num_points': 17}, {'avg_silhouette': 0.4029219948883403, 'num_points': 71}, {'avg_silhouette': 0.5998923079696848, 'num_points': 13}, {'avg_silhouette': 0.4677321705573485, 'num_points': 118}, {'avg_silhouette': 0.3254604261131781, 'num_points': 11}, {'avg_silhouette': 0.24634428009546658, 'num_points': 11}, {'avg_silhouette': 0.7482017510055059, 'num_points': 25}, {'avg_silhouette': 0.11931103866756727, 'num_points': 138}, {'avg_silhouette': 0.431123403048512, 'num_points': 9}, {'avg_silhouette': 0.5893877513675306, 'num_points': 53}, {'avg_silhouette': 0.599982429923178, 'num_points': 105}, {'avg_silhouette': 0.024256703919749566, 'num_points': 7}, {'avg_silhouette': 0.3677755395533532, 'num_points': 67}, {'avg_silhouette': 0.1508393016341568, 'num_points': 65}, {'avg_silhouette': -0.2159135356764249, 'num_points': 21}, {'avg_silhouette': 0.2963767549611804, 'num_points': 59}, {'avg_silhouette': 0.633828241176633, 'num_points': 27}, {'avg_silhouette': 0.7103651855864244, 'num_points': 107}, {'avg_silhouette': 0.14667348931871638, 'num_points': 2}]",,34,0.24789333554781254,,8,0.32721311510156076
AGGLC,ward,,"[{'avg_silhouette': -0.18632133722499988, 'num_points': 40}, {'avg_silhouette': 0.157111569901952, 'num_points': 51}, {'avg_silhouette': -0.05788343964840527, 'num_points': 26}, {'avg_silhouette': 0.10317103194205463, 'num_points': 108}, {'avg_silhouette': -0.2091001146907028, 'num_points': 44}, {'avg_silhouette': 0.14352770950518345, 'num_points': 47}, {'avg_silhouette': -0.04925527247392083, 'num_points': 66}, {'avg_silhouette': 0.23929745986827322, 'num_points': 141}, {'avg_silhouette': 0.032481138708271545, 'num_points': 11}, {'avg_silhouette': 0.12706625119370007, 'num_points': 21}, {'avg_silhouette': 0.09751736328161513, 'num_points': 12}, {'avg_silhouette': 0.35486892402623726, 'num_points': 101}, {'avg_silhouette': -0.08301705457177319, 'num_points': 5}, {'avg_silhouette': -0.08012761882603386, 'num_points': 38}, {'avg_silhouette': 0.02297668024140303, 'num_points': 215}, {'avg_silhouette': 0.32822819138381876, 'num_points': 17}, {'avg_silhouette': 0.4029219948883403, 'num_points': 71}, {'avg_silhouette': 0.5998923079696848, 'num_points': 13}, {'avg_silhouette': 0.4677321705573485, 'num_points': 118}, {'avg_silhouette': 0.3254604261131781, 'num_points': 11}, {'avg_silhouette': 0.24634428009546658, 'num_points': 11}, {'avg_silhouette': 0.7482017510055059, 'num_points': 25}, {'avg_silhouette': 0.11931103866756727, 'num_points': 138}, {'avg_silhouette': 0.431123403048512, 'num_points': 9}, {'avg_silhouette': 0.5893877513675306, 'num_points': 53}, {'avg_silhouette': 0.599982429923178, 'num_points': 105}, {'avg_silhouette': 0.024256703919749566, 'num_points': 7}, {'avg_silhouette': 0.3677755395533532, 'num_points': 67}, {'avg_silhouette': 0.1508393016341568, 'num_points': 65}, {'avg_silhouette': -0.2159135356764249, 'num_points': 21}, {'avg_silhouette': 0.2963767549611804, 'num_points': 59}, {'avg_silhouette': 0.633828241176633, 'num_points': 27}, {'avg_silhouette': 0.7103651855864244, 'num_points': 107}]",,33,0.2471320548875977,,8,0.32721311510156076
AGGLC,ward,,"[{'avg_silhouette': -0.14131581488231357, 'num_points': 585}, {'avg_silhouette': 0.3316406478274628, 'num_points': 395}, {'avg_silhouette': 0.48160142484512974, 'num_points': 132}, {'avg_silhouette': 0.2936495399491084, 'num_points': 146}, {'avg_silhouette': 0.5245477703706768, 'num_points': 322}, {'avg_silhouette': 0.6021719460490808, 'num_points': 53}, {'avg_silhouette': 0.017472680387738596, 'num_points': 26}, {'avg_silhouette': 0.6482637138319312, 'num_points': 27}, {'avg_silhouette': 0.5069127845060692, 'num_points': 118}, {'avg_silhouette': 0.17536487411206975, 'num_points': 21}, {'avg_silhouette': 0.7572908509808252, 'num_points': 25}]",,11,0.24647571484535896,,6,0.33283939210268887
DBSCAN,,0.5623301886760996,"[{'avg_silhouette': 0.25243967217553676, 'num_points': 1226}, {'avg_silhouette': 0.5083091211513925, 'num_points': 125}, {'avg_silhouette': 0.6540045123151457, 'num_points': 27}, {'avg_silhouette': 0.6284699497922632, 'num_points': 51}, {'avg_silhouette': 0.6407226166913809, 'num_points': 11}, {'avg_silhouette': 0.4632067094955499, 'num_points': 107}, {'avg_silhouette': 0.6386937202281016, 'num_points': 6}, {'avg_silhouette': 0.7427233469096958, 'num_points': 11}, {'avg_silhouette': 0.7866567028919631, 'num_points': 6}, {'avg_silhouette': 0.7620643209913206, 'num_points': 25}, {'avg_silhouette': 0.4672212047649052, 'num_points': 7}, {'avg_silhouette': 0.5500613762764802, 'num_points': 6}, {'avg_silhouette': 0.7657958486843254, 'num_points': 5}]",5.0,13,0.24414207497033288,,3,0.40798516760749304
HDBSCAN,,,"[{'avg_silhouette': 0.37108466817433766, 'num_points': 1244}, {'avg_silhouette': 0.5067486645104899, 'num_points': 126}]",,2,0.24296167329490545,99.0,2,0.4389166663424138
DBSCAN,,0.5523301886760996,"[{'avg_silhouette': 0.25370259537293544, 'num_points': 1221}, {'avg_silhouette': 0.5109370835722827, 'num_points': 124}, {'avg_silhouette': 0.6538647414835411, 'num_points': 27}, {'avg_silhouette': 0.6283275492836254, 'num_points': 51}, {'avg_silhouette': 0.6405847126656996, 'num_points': 11}, {'avg_silhouette': 0.4644085236075125, 'num_points': 106}, {'avg_silhouette': 0.6385648741522921, 'num_points': 6}, {'avg_silhouette': 0.7426166191099187, 'num_points': 11}, {'avg_silhouette': 0.7865915425963271, 'num_points': 6}, {'avg_silhouette': 0.7619546977573264, 'num_points': 25}, {'avg_silhouette': 0.4671545808342238, 'num_points': 7}, {'avg_silhouette': 0.5499032172822275, 'num_points': 6}, {'avg_silhouette': 0.7656674501832443, 'num_points': 5}]",5.0,13,0.24281927331105255,,3,0.40968273418424356
K-means,,,"[{'avg_silhouette': 0.192475682912345, 'num_points': 23}, {'avg_silhouette': 0.45621434937578803, 'num_points': 142}, {'avg_silhouette': 0.10235268621500494, 'num_points': 77}, {'avg_silhouette': -0.04385807747451532, 'num_points': 27}, {'avg_silhouette': 0.10773793987445687, 'num_points': 64}, {'avg_silhouette': 0.3053299363657452, 'num_points': 108}, {'avg_silhouette': 0.23192196165586498, 'num_points': 87}, {'avg_silhouette': 0.5328541857672092, 'num_points': 30}, {'avg_silhouette': 0.40267865184796736, 'num_points': 121}, {'avg_silhouette': 0.18075314041022386, 'num_points': 9}, {'avg_silhouette': 0.32932629243132683, 'num_points': 117}, {'avg_silhouette': 0.2338005651226316, 'num_points': 8}, {'avg_silhouette': 0.24085142871820467, 'num_points': 52}, {'avg_silhouette': 0.19614918319397512, 'num_points': 119}, {'avg_silhouette': 0.2158980561658216, 'num_points': 4}, {'avg_silhouette': -0.01089759299985246, 'num_points': 49}, {'avg_silhouette': 0.06542273705083243, 'num_points': 35}, {'avg_silhouette': 0.6072485112213988, 'num_points': 13}, {'avg_silhouette': -0.10601691670379428, 'num_points': 61}, {'avg_silhouette': 0.1520783771693427, 'num_points': 109}, {'avg_silhouette': 0.287632254082574, 'num_points': 48}, {'avg_silhouette': 0.3682661063042514, 'num_points': 98}, {'avg_silhouette': 0.3417557487056057, 'num_points': 17}, {'avg_silhouette': 0.2813734903226055, 'num_points': 161}, {'avg_silhouette': 0.10254991084387753, 'num_points': 45}, {'avg_silhouette': 0.0380461519704179, 'num_points': 111}, {'avg_silhouette': 0.48770651406437515, 'num_points': 9}, {'avg_silhouette': -0.14053555305498766, 'num_points': 25}, {'avg_silhouette': 0.1972847751477917, 'num_points': 17}, {'avg_silhouette': 0.5616965012040416, 'num_points': 55}, {'avg_silhouette': 0.4446088198365068, 'num_points': 9}]",,31,0.24224410184515252,,9,0.2810513932201578
HDBSCAN,,,"[{'avg_silhouette': 0.370374314604162, 'num_points': 1244}, {'avg_silhouette': 0.5095452862613358, 'num_points': 125}]",,2,0.24209490051933436,102.0,2,0.43995980043274885
HDBSCAN,,,"[{'avg_silhouette': 0.3696412532131978, 'num_points': 1244}, {'avg_silhouette': 0.5123338276654484, 'num_points': 124}]",,2,0.24119878437816641,105.0,2,0.4409875404393231
HDBSCAN,,,"[{'avg_silhouette': 0.3699698336815078, 'num_points': 1243}, {'avg_silhouette': 0.5122732238866715, 'num_points': 124}]",,2,0.24107722148999314,108.0,2,0.44112152878408967
DBSCAN,,0.49233018867609957,"[{'avg_silhouette': 0.313517705137128, 'num_points': 91}, {'avg_silhouette': 0.4217205425352846, 'num_points': 309}, {'avg_silhouette': 0.3009922767381947, 'num_points': 251}, {'avg_silhouette': 0.6883438095090589, 'num_points': 23}, {'avg_silhouette': 0.4373014890271899, 'num_points': 114}, {'avg_silhouette': 0.6366257879264725, 'num_points': 45}, {'avg_silhouette': 0.44619803579697404, 'num_points': 32}, {'avg_silhouette': 0.3229002830549324, 'num_points': 63}, {'avg_silhouette': 0.3666484685409563, 'num_points': 82}, {'avg_silhouette': 0.41402300610311793, 'num_points': 17}, {'avg_silhouette': 0.3876836329839026, 'num_points': 64}, {'avg_silhouette': 0.4456704668967042, 'num_points': 18}, {'avg_silhouette': 0.6219981928177717, 'num_points': 102}, {'avg_silhouette': 0.5128863520031643, 'num_points': 8}, {'avg_silhouette': 0.49280367007506426, 'num_points': 28}, {'avg_silhouette': 0.24927303672609974, 'num_points': 49}, {'avg_silhouette': 0.6704185334149416, 'num_points': 5}, {'avg_silhouette': 0.34856124565361346, 'num_points': 10}, {'avg_silhouette': 0.4185352497228467, 'num_points': 6}, {'avg_silhouette': 0.3311694204416109, 'num_points': 39}, {'avg_silhouette': 0.4378575157058813, 'num_points': 5}, {'avg_silhouette': 0.4707838716499396, 'num_points': 5}, {'avg_silhouette': 0.4401416397335898, 'num_points': 5}, {'avg_silhouette': 0.608904709687208, 'num_points': 11}, {'avg_silhouette': 0.29219901843780516, 'num_points': 11}, {'avg_silhouette': 0.44162089838985175, 'num_points': 14}, {'avg_silhouette': 0.7107952854876095, 'num_points': 11}, {'avg_silhouette': 0.7482209396810902, 'num_points': 6}, {'avg_silhouette': 0.7811007490620294, 'num_points': 23}, {'avg_silhouette': 0.43121759870267756, 'num_points': 5}, {'avg_silhouette': 0.2659116888435009, 'num_points': 5}, {'avg_silhouette': 0.35698968274533555, 'num_points': 5}]",5.0,32,0.24099038685602034,,4,0.4455031252796102
K-means,,,"[{'avg_silhouette': 0.16196586796480006, 'num_points': 155}, {'avg_silhouette': 0.39586337127213256, 'num_points': 162}, {'avg_silhouette': 0.3507926975537612, 'num_points': 75}, {'avg_silhouette': 0.06442500747998829, 'num_points': 108}, {'avg_silhouette': 0.2917871657621635, 'num_points': 48}, {'avg_silhouette': 0.28105127192459306, 'num_points': 61}, {'avg_silhouette': 0.37721614098693984, 'num_points': 140}, {'avg_silhouette': 0.005928298867082802, 'num_points': 41}, {'avg_silhouette': 0.3183953153698087, 'num_points': 80}, {'avg_silhouette': 0.10655518748741498, 'num_points': 17}, {'avg_silhouette': 0.37309748658009656, 'num_points': 127}, {'avg_silhouette': 0.41898108424421243, 'num_points': 16}, {'avg_silhouette': 0.24901393826983126, 'num_points': 39}, {'avg_silhouette': -0.034889682441671996, 'num_points': 139}, {'avg_silhouette': 0.5346354548196391, 'num_points': 30}, {'avg_silhouette': 0.24369996212662073, 'num_points': 149}, {'avg_silhouette': 0.24393118311921996, 'num_points': 185}, {'avg_silhouette': 0.23657964735761028, 'num_points': 23}, {'avg_silhouette': 0.1068997204389654, 'num_points': 49}, {'avg_silhouette': 0.7543916533513808, 'num_points': 25}, {'avg_silhouette': 0.23539095004100716, 'num_points': 12}, {'avg_silhouette': 0.1279725969791097, 'num_points': 21}, {'avg_silhouette': -0.16922459208251053, 'num_points': 39}, {'avg_silhouette': 0.2134637967411468, 'num_points': 59}, {'avg_silhouette': 0.28613934018588044, 'num_points': 48}, {'avg_silhouette': 0.15305527923500126, 'num_points': 2}]",,26,0.24081164096122884,,8,0.22816366713601574
HDBSCAN,,,"[{'avg_silhouette': 0.3699177049344608, 'num_points': 1242}, {'avg_silhouette': 0.5141437510625102, 'num_points': 123}]",,2,0.24025034016683464,111.0,2,0.44203072799848553
K-means,,,"[{'avg_silhouette': -0.10539332619841181, 'num_points': 36}, {'avg_silhouette': 0.5107531201437271, 'num_points': 353}, {'avg_silhouette': 0.31884116997716033, 'num_points': 425}, {'avg_silhouette': 0.21387845757619114, 'num_points': 59}, {'avg_silhouette': -0.050444907286972956, 'num_points': 439}, {'avg_silhouette': 0.5135451306633887, 'num_points': 59}, {'avg_silhouette': 0.3507926975537612, 'num_points': 75}, {'avg_silhouette': 0.35050852244674413, 'num_points': 122}, {'avg_silhouette': 0.10263812221916079, 'num_points': 252}, {'avg_silhouette': 0.5473796613573952, 'num_points': 30}]",,10,0.24007543514055427,,5,0.24645920549996392
HDBSCAN,,,"[{'avg_silhouette': 0.36952518870217677, 'num_points': 1242}, {'avg_silhouette': 0.5165886541427444, 'num_points': 122}]",,2,0.23956342727574792,114.0,2,0.44305692142246056
HDBSCAN,,,"[{'avg_silhouette': 0.36952518870217677, 'num_points': 1242}, {'avg_silhouette': 0.5165886541427444, 'num_points': 122}]",,2,0.23956342727574792,117.0,2,0.44305692142246056
HDBSCAN,,,"[{'avg_silhouette': 0.36795650829128096, 'num_points': 1242}, {'avg_silhouette': 0.5231836490457888, 'num_points': 119}]",,2,0.2371523948100752,119.0,2,0.44557007866853493
DBSCAN,,0.48233018867609956,"[{'avg_silhouette': 0.3285489010616907, 'num_points': 89}, {'avg_silhouette': 0.42066260503297787, 'num_points': 309}, {'avg_silhouette': 0.28618031885933254, 'num_points': 251}, {'avg_silhouette': 0.6877693579979097, 'num_points': 23}, {'avg_silhouette': 0.44062200258729295, 'num_points': 114}, {'avg_silhouette': 0.6362114366326022, 'num_points': 45}, {'avg_silhouette': 0.47534551446812784, 'num_points': 32}, {'avg_silhouette': 0.3229002830549324, 'num_points': 63}, {'avg_silhouette': 0.3780094703815528, 'num_points': 81}, {'avg_silhouette': 0.4092468685553042, 'num_points': 17}, {'avg_silhouette': 0.3960078389601925, 'num_points': 63}, {'avg_silhouette': 0.4456704668967042, 'num_points': 18}, {'avg_silhouette': 0.6219981928177717, 'num_points': 102}, {'avg_silhouette': 0.5128863520031643, 'num_points': 8}, {'avg_silhouette': 0.49280367007506426, 'num_points': 28}, {'avg_silhouette': 0.24927303672609974, 'num_points': 49}, {'avg_silhouette': 0.6702592396449634, 'num_points': 5}, {'avg_silhouette': 0.43697128322837187, 'num_points': 8}, {'avg_silhouette': 0.4185352497228467, 'num_points': 6}, {'avg_silhouette': 0.3311694204416109, 'num_points': 39}, {'avg_silhouette': 0.4707838716499396, 'num_points': 5}, {'avg_silhouette': 0.6085115575977175, 'num_points': 11}, {'avg_silhouette': 0.34001475762265787, 'num_points': 11}, {'avg_silhouette': 0.44014935507538006, 'num_points': 14}, {'avg_silhouette': 0.7102048900662961, 'num_points': 11}, {'avg_silhouette': 0.7482209396810902, 'num_points': 6}, {'avg_silhouette': 0.7806445573626672, 'num_points': 23}, {'avg_silhouette': 0.43121759870267756, 'num_points': 5}, {'avg_silhouette': 0.35698968274533555, 'num_points': 5}]",5.0,29,0.23392660766967432,,4,0.4423657798243438
AGGLC,ward,,"[{'avg_silhouette': 0.22776784933447838, 'num_points': 52}, {'avg_silhouette': -0.14131581488231357, 'num_points': 585}, {'avg_silhouette': 0.48160142484512974, 'num_points': 132}, {'avg_silhouette': 0.3316406478274628, 'num_points': 395}, {'avg_silhouette': 0.5245477703706768, 'num_points': 322}, {'avg_silhouette': 0.6021719460490808, 'num_points': 53}, {'avg_silhouette': 0.03644613016142179, 'num_points': 26}, {'avg_silhouette': 0.29422172123807505, 'num_points': 146}, {'avg_silhouette': 0.5069127845060692, 'num_points': 118}, {'avg_silhouette': 0.17536487411206975, 'num_points': 21}]",,10,0.23349484175331303,,6,0.33293475565085
DBSCAN,,0.47233018867609955,"[{'avg_silhouette': 0.33411107227115877, 'num_points': 88}, {'avg_silhouette': 0.42066260503297787, 'num_points': 309}, {'avg_silhouette': 0.28618031885933254, 'num_points': 251}, {'avg_silhouette': 0.6877693579979097, 'num_points': 23}, {'avg_silhouette': 0.44062200258729295, 'num_points': 114}, {'avg_silhouette': 0.6362114366326022, 'num_points': 45}, {'avg_silhouette': 0.47534551446812784, 'num_points': 32}, {'avg_silhouette': 0.3229002830549324, 'num_points': 63}, {'avg_silhouette': 0.3780094703815528, 'num_points': 81}, {'avg_silhouette': 0.40791067199333264, 'num_points': 17}, {'avg_silhouette': 0.3960078389601925, 'num_points': 63}, {'avg_silhouette': 0.4456704668967042, 'num_points': 18}, {'avg_silhouette': 0.6219981928177717, 'num_points': 102}, {'avg_silhouette': 0.5128863520031643, 'num_points': 8}, {'avg_silhouette': 0.4877136701411929, 'num_points': 28}, {'avg_silhouette': 0.26388100465860626, 'num_points': 48}, {'avg_silhouette': 0.6702592396449634, 'num_points': 5}, {'avg_silhouette': 0.43697128322837187, 'num_points': 8}, {'avg_silhouette': 0.3311694204416109, 'num_points': 39}, {'avg_silhouette': 0.47517415408574737, 'num_points': 5}, {'avg_silhouette': 0.4707838716499396, 'num_points': 5}, {'avg_silhouette': 0.34001475762265787, 'num_points': 11}, {'avg_silhouette': 0.44014935507538006, 'num_points': 14}, {'avg_silhouette': 0.6388103038615733, 'num_points': 10}, {'avg_silhouette': 0.7102048900662961, 'num_points': 11}, {'avg_silhouette': 0.7482209396810902, 'num_points': 6}, {'avg_silhouette': 0.7806445573626672, 'num_points': 23}, {'avg_silhouette': 0.43121759870267756, 'num_points': 5}, {'avg_silhouette': 0.3498605946355077, 'num_points': 5}]",5.0,29,0.23269215728381842,,4,0.4423657798243438
DBSCAN,,0.46233018867609954,"[{'avg_silhouette': 0.33411107227115877, 'num_points': 88}, {'avg_silhouette': 0.42322964676171976, 'num_points': 308}, {'avg_silhouette': 0.28618031885933254, 'num_points': 251}, {'avg_silhouette': 0.6877693579979097, 'num_points': 23}, {'avg_silhouette': 0.44656342349911243, 'num_points': 113}, {'avg_silhouette': 0.6362114366326022, 'num_points': 45}, {'avg_silhouette': 0.47534551446812784, 'num_points': 32}, {'avg_silhouette': 0.3229002830549324, 'num_points': 63}, {'avg_silhouette': 0.37736866465956087, 'num_points': 81}, {'avg_silhouette': 0.40791067199333264, 'num_points': 17}, {'avg_silhouette': 0.4020059756291725, 'num_points': 62}, {'avg_silhouette': 0.44514362866460705, 'num_points': 18}, {'avg_silhouette': 0.6219981928177717, 'num_points': 102}, {'avg_silhouette': 0.5128863520031643, 'num_points': 8}, {'avg_silhouette': 0.4877136701411929, 'num_points': 28}, {'avg_silhouette': 0.2806855460126269, 'num_points': 48}, {'avg_silhouette': 0.6702592396449634, 'num_points': 5}, {'avg_silhouette': 0.43697128322837187, 'num_points': 8}, {'avg_silhouette': 0.3311694204416109, 'num_points': 39}, {'avg_silhouette': 0.47517415408574737, 'num_points': 5}, {'avg_silhouette': 0.4707838716499396, 'num_points': 5}, {'avg_silhouette': 0.34001475762265787, 'num_points': 11}, {'avg_silhouette': 0.44014935507538006, 'num_points': 14}, {'avg_silhouette': 0.6388103038615733, 'num_points': 10}, {'avg_silhouette': 0.7102048900662961, 'num_points': 11}, {'avg_silhouette': 0.7482209396810902, 'num_points': 6}, {'avg_silhouette': 0.7806445573626672, 'num_points': 23}, {'avg_silhouette': 0.43121759870267756, 'num_points': 5}]",5.0,28,0.23095163607344946,,4,0.4444928954844841
DBSCAN,,0.45233018867609953,"[{'avg_silhouette': 0.3404971472090098, 'num_points': 87}, {'avg_silhouette': 0.4265711277479526, 'num_points': 307}, {'avg_silhouette': 0.28806582983325163, 'num_points': 250}, {'avg_silhouette': 0.6877693579979097, 'num_points': 23}, {'avg_silhouette': 0.4527634893304097, 'num_points': 112}, {'avg_silhouette': 0.6362114366326022, 'num_points': 45}, {'avg_silhouette': 0.47534551446812784, 'num_points': 32}, {'avg_silhouette': 0.319431047087961, 'num_points': 63}, {'avg_silhouette': 0.37654073779568137, 'num_points': 81}, {'avg_silhouette': 0.40615292128362007, 'num_points': 17}, {'avg_silhouette': 0.4020059756291725, 'num_points': 62}, {'avg_silhouette': 0.4444519280115345, 'num_points': 18}, {'avg_silhouette': 0.6215692504823424, 'num_points': 102}, {'avg_silhouette': 0.5128863520031643, 'num_points': 8}, {'avg_silhouette': 0.4866985847162191, 'num_points': 28}, {'avg_silhouette': 0.2885052270766903, 'num_points': 47}, {'avg_silhouette': 0.6702592396449634, 'num_points': 5}, {'avg_silhouette': 0.43654535209272155, 'num_points': 8}, {'avg_silhouette': 0.3476577878615334, 'num_points': 38}, {'avg_silhouette': 0.4753536533119812, 'num_points': 5}, {'avg_silhouette': 0.4668405591486439, 'num_points': 5}, {'avg_silhouette': 0.34001475762265787, 'num_points': 11}, {'avg_silhouette': 0.44014935507538006, 'num_points': 14}, {'avg_silhouette': 0.6388103038615733, 'num_points': 10}, {'avg_silhouette': 0.7102048900662961, 'num_points': 11}, {'avg_silhouette': 0.7482209396810902, 'num_points': 6}, {'avg_silhouette': 0.7806445573626672, 'num_points': 23}, {'avg_silhouette': 0.42799338863046277, 'num_points': 5}]",5.0,28,0.23013818658468735,,4,0.44724242434848904
K-means,,,"[{'avg_silhouette': 0.28985816452705376, 'num_points': 47}, {'avg_silhouette': 0.1560809946110199, 'num_points': 155}, {'avg_silhouette': 0.5526129797535025, 'num_points': 56}, {'avg_silhouette': 0.4042750926677887, 'num_points': 161}, {'avg_silhouette': 0.3158908985469223, 'num_points': 75}, {'avg_silhouette': 0.7540014334953818, 'num_points': 25}, {'avg_silhouette': -0.04698026044017527, 'num_points': 271}, {'avg_silhouette': 0.2896239821127892, 'num_points': 12}, {'avg_silhouette': 0.3127840954218444, 'num_points': 134}, {'avg_silhouette': 0.5310991696723099, 'num_points': 30}, {'avg_silhouette': 0.2529282012894554, 'num_points': 148}, {'avg_silhouette': 0.07160730932782765, 'num_points': 103}, {'avg_silhouette': 0.05304004805533913, 'num_points': 22}, {'avg_silhouette': 0.2441644779603783, 'num_points': 185}, {'avg_silhouette': 0.3839935037744264, 'num_points': 139}, {'avg_silhouette': 0.14754828498085254, 'num_points': 8}, {'avg_silhouette': 0.286347052670035, 'num_points': 129}, {'avg_silhouette': -0.11713393433812033, 'num_points': 62}, {'avg_silhouette': 0.3417440258522403, 'num_points': 17}, {'avg_silhouette': 0.20723985944847773, 'num_points': 9}, {'avg_silhouette': 0.2652530208658137, 'num_points': 12}, {'avg_silhouette': 0.28075232452037296, 'num_points': 50}]",,22,0.22986804537661887,,9,0.2294667185869556
K-means,,,"[{'avg_silhouette': -0.11268577220146679, 'num_points': 67}, {'avg_silhouette': 0.4040173095892883, 'num_points': 162}, {'avg_silhouette': 0.35028047056098394, 'num_points': 120}, {'avg_silhouette': 0.2597883581945928, 'num_points': 294}, {'avg_silhouette': 0.2530572660730376, 'num_points': 75}, {'avg_silhouette': 0.13551668819814955, 'num_points': 30}, {'avg_silhouette': 0.2547175430639091, 'num_points': 114}, {'avg_silhouette': 0.5508329320565287, 'num_points': 56}, {'avg_silhouette': 0.3496905503977504, 'num_points': 17}, {'avg_silhouette': 0.48227960979711865, 'num_points': 119}, {'avg_silhouette': 0.5788435815451849, 'num_points': 29}, {'avg_silhouette': 0.2553028349008361, 'num_points': 86}, {'avg_silhouette': 0.40495152716050176, 'num_points': 25}, {'avg_silhouette': 0.628149313454424, 'num_points': 3}, {'avg_silhouette': -0.06517934758197608, 'num_points': 215}, {'avg_silhouette': -0.1121206998124067, 'num_points': 37}, {'avg_silhouette': 0.04303532087259752, 'num_points': 48}, {'avg_silhouette': 0.2254562585803159, 'num_points': 187}, {'avg_silhouette': 0.1875565068124412, 'num_points': 21}, {'avg_silhouette': 0.06370784772838321, 'num_points': 57}, {'avg_silhouette': 0.3448286257518302, 'num_points': 11}, {'avg_silhouette': 0.19114520437353125, 'num_points': 18}, {'avg_silhouette': 0.1572774346990766, 'num_points': 59}]",,23,0.22890562643928833,,7,0.2730514574577475
K-means,,,"[{'avg_silhouette': 0.2986270904650128, 'num_points': 131}, {'avg_silhouette': -0.06151176488693655, 'num_points': 420}, {'avg_silhouette': 0.27021788112214307, 'num_points': 158}, {'avg_silhouette': 0.31902820145396865, 'num_points': 138}, {'avg_silhouette': -0.10522068517538466, 'num_points': 37}, {'avg_silhouette': 0.4690899730850879, 'num_points': 134}, {'avg_silhouette': 0.5072998943909052, 'num_points': 349}, {'avg_silhouette': -0.023342251377861608, 'num_points': 183}, {'avg_silhouette': 0.30306471000208274, 'num_points': 300}]",,9,0.22846803232387253,,8,0.2603092167818003
DBSCAN,,0.5423301886760996,"[{'avg_silhouette': 0.24067390346856085, 'num_points': 1211}, {'avg_silhouette': 0.5106106332945544, 'num_points': 124}, {'avg_silhouette': 0.6535356177832471, 'num_points': 27}, {'avg_silhouette': 0.628013577716202, 'num_points': 51}, {'avg_silhouette': 0.6402733140972653, 'num_points': 11}, {'avg_silhouette': 0.47960975152295554, 'num_points': 99}, {'avg_silhouette': 0.638280545152647, 'num_points': 6}, {'avg_silhouette': 0.7423695357672987, 'num_points': 11}, {'avg_silhouette': 0.7864728782433935, 'num_points': 6}, {'avg_silhouette': 0.761721075790906, 'num_points': 25}, {'avg_silhouette': 0.4889923971328256, 'num_points': 6}, {'avg_silhouette': 0.5905362917437653, 'num_points': 5}, {'avg_silhouette': 0.7654675304528922, 'num_points': 5}]",5.0,13,0.22769017835227595,,3,0.4102980960953569
DBSCAN,,0.4423301886760995,"[{'avg_silhouette': 0.3486577024845895, 'num_points': 86}, {'avg_silhouette': 0.4289721064650432, 'num_points': 306}, {'avg_silhouette': 0.28806582983325163, 'num_points': 250}, {'avg_silhouette': 0.6877693579979097, 'num_points': 23}, {'avg_silhouette': 0.4527634893304097, 'num_points': 112}, {'avg_silhouette': 0.6362114366326022, 'num_points': 45}, {'avg_silhouette': 0.47534551446812784, 'num_points': 32}, {'avg_silhouette': 0.319431047087961, 'num_points': 63}, {'avg_silhouette': 0.3745298950316631, 'num_points': 81}, {'avg_silhouette': 0.4036438165189951, 'num_points': 17}, {'avg_silhouette': 0.4020059756291725, 'num_points': 62}, {'avg_silhouette': 0.44390777858441116, 'num_points': 18}, {'avg_silhouette': 0.6215692504823424, 'num_points': 102}, {'avg_silhouette': 0.5128863520031643, 'num_points': 8}, {'avg_silhouette': 0.4866985847162191, 'num_points': 28}, {'avg_silhouette': 0.30296838840420043, 'num_points': 47}, {'avg_silhouette': 0.43654535209272155, 'num_points': 8}, {'avg_silhouette': 0.3476577878615334, 'num_points': 38}, {'avg_silhouette': 0.4668405591486439, 'num_points': 5}, {'avg_silhouette': 0.3731534132483567, 'num_points': 9}, {'avg_silhouette': 0.44014935507538006, 'num_points': 14}, {'avg_silhouette': 0.6388103038615733, 'num_points': 10}, {'avg_silhouette': 0.7102048900662961, 'num_points': 11}, {'avg_silhouette': 0.7482209396810902, 'num_points': 6}, {'avg_silhouette': 0.7806445573626672, 'num_points': 23}, {'avg_silhouette': 0.42799338863046277, 'num_points': 5}]",5.0,26,0.22594921502119011,,4,0.4478426690277617
AGGLC,ward,,"[{'avg_silhouette': -0.1548096085671371, 'num_points': 606}, {'avg_silhouette': 0.22776784933447838, 'num_points': 52}, {'avg_silhouette': 0.48160142484512974, 'num_points': 132}, {'avg_silhouette': 0.3316406478274628, 'num_points': 395}, {'avg_silhouette': 0.5245477703706768, 'num_points': 322}, {'avg_silhouette': 0.6021719460490808, 'num_points': 53}, {'avg_silhouette': 0.03651058388837421, 'num_points': 26}, {'avg_silhouette': 0.2944577271501694, 'num_points': 146}, {'avg_silhouette': 0.5069127845060692, 'num_points': 118}]",,9,0.22549948997935704,,6,0.33072512435539514
DBSCAN,,0.5323301886760996,"[{'avg_silhouette': 0.24378400650450147, 'num_points': 1200}, {'avg_silhouette': 0.5101979650077303, 'num_points': 124}, {'avg_silhouette': 0.6699585653840259, 'num_points': 26}, {'avg_silhouette': 0.6276375028921318, 'num_points': 51}, {'avg_silhouette': 0.6399273530659586, 'num_points': 11}, {'avg_silhouette': 0.47927201268040637, 'num_points': 99}, {'avg_silhouette': 0.6379392956390345, 'num_points': 6}, {'avg_silhouette': 0.7420829203342106, 'num_points': 11}, {'avg_silhouette': 0.786343001725934, 'num_points': 6}, {'avg_silhouette': 0.7614235252325139, 'num_points': 25}, {'avg_silhouette': 0.4886674326841063, 'num_points': 6}, {'avg_silhouette': 0.765199424546122, 'num_points': 5}]",5.0,12,0.22495871991344948,,3,0.41108466139754607
DBSCAN,,0.4323301886760995,"[{'avg_silhouette': 0.3512116629202734, 'num_points': 85}, {'avg_silhouette': 0.4289721064650432, 'num_points': 306}, {'avg_silhouette': 0.2898100184033186, 'num_points': 249}, {'avg_silhouette': 0.6877693579979097, 'num_points': 23}, {'avg_silhouette': 0.4527634893304097, 'num_points': 112}, {'avg_silhouette': 0.6362114366326022, 'num_points': 45}, {'avg_silhouette': 0.47534551446812784, 'num_points': 32}, {'avg_silhouette': 0.3144341488901217, 'num_points': 63}, {'avg_silhouette': 0.3745298950316631, 'num_points': 81}, {'avg_silhouette': 0.4283698972159682, 'num_points': 16}, {'avg_silhouette': 0.4020059756291725, 'num_points': 62}, {'avg_silhouette': 0.44390777858441116, 'num_points': 18}, {'avg_silhouette': 0.6214434773068205, 'num_points': 102}, {'avg_silhouette': 0.5826451163359735, 'num_points': 7}, {'avg_silhouette': 0.4843584249320934, 'num_points': 28}, {'avg_silhouette': 0.3131433674754837, 'num_points': 46}, {'avg_silhouette': 0.43604419002109857, 'num_points': 8}, {'avg_silhouette': 0.3476577878615334, 'num_points': 38}, {'avg_silhouette': 0.3731534132483567, 'num_points': 9}, {'avg_silhouette': 0.44014935507538006, 'num_points': 14}, {'avg_silhouette': 0.6388103038615733, 'num_points': 10}, {'avg_silhouette': 0.7102048900662961, 'num_points': 11}, {'avg_silhouette': 0.7482209396810902, 'num_points': 6}, {'avg_silhouette': 0.7806445573626672, 'num_points': 23}, {'avg_silhouette': 0.42974079985180424, 'num_points': 5}, {'avg_silhouette': 0.4668405591486439, 'num_points': 5}]",5.0,26,0.22434994955879467,,4,0.448247272876398
K-means,,,"[{'avg_silhouette': 0.1317828644923194, 'num_points': 30}, {'avg_silhouette': 0.20829708825094134, 'num_points': 190}, {'avg_silhouette': 0.2638774266347449, 'num_points': 307}, {'avg_silhouette': -0.01498131654968746, 'num_points': 294}, {'avg_silhouette': 0.2880921895501228, 'num_points': 161}, {'avg_silhouette': 0.3803932104600235, 'num_points': 131}, {'avg_silhouette': 0.26326060987987776, 'num_points': 156}, {'avg_silhouette': 0.5069999187102838, 'num_points': 59}, {'avg_silhouette': 0.24795684838824586, 'num_points': 12}, {'avg_silhouette': 0.1986449405685771, 'num_points': 104}, {'avg_silhouette': 0.3154395248876765, 'num_points': 81}, {'avg_silhouette': 0.7567448294427678, 'num_points': 25}, {'avg_silhouette': 0.058055800711721554, 'num_points': 3}, {'avg_silhouette': 0.4315239174916598, 'num_points': 9}, {'avg_silhouette': 0.3944338398356342, 'num_points': 163}, {'avg_silhouette': -0.09462153025116389, 'num_points': 125}]",,16,0.22268026192964463,,9,0.20971071759767446
DBSCAN,,0.4223301886760995,"[{'avg_silhouette': 0.34842331668203436, 'num_points': 85}, {'avg_silhouette': 0.431770445737675, 'num_points': 305}, {'avg_silhouette': 0.2830831769920458, 'num_points': 249}, {'avg_silhouette': 0.6877693579979097, 'num_points': 23}, {'avg_silhouette': 0.4527634893304097, 'num_points': 112}, {'avg_silhouette': 0.6362114366326022, 'num_points': 45}, {'avg_silhouette': 0.4940118900747348, 'num_points': 31}, {'avg_silhouette': 0.3144341488901217, 'num_points': 63}, {'avg_silhouette': 0.3737501884917241, 'num_points': 81}, {'avg_silhouette': 0.4525345300561051, 'num_points': 15}, {'avg_silhouette': 0.4020059756291725, 'num_points': 62}, {'avg_silhouette': 0.4432424065860202, 'num_points': 18}, {'avg_silhouette': 0.6214434773068205, 'num_points': 102}, {'avg_silhouette': 0.5826451163359735, 'num_points': 7}, {'avg_silhouette': 0.4843584249320934, 'num_points': 28}, {'avg_silhouette': 0.3131433674754837, 'num_points': 46}, {'avg_silhouette': 0.46886503611202274, 'num_points': 7}, {'avg_silhouette': 0.37568053834751686, 'num_points': 38}, {'avg_silhouette': 0.3731534132483567, 'num_points': 9}, {'avg_silhouette': 0.44014935507538006, 'num_points': 14}, {'avg_silhouette': 0.6388103038615733, 'num_points': 10}, {'avg_silhouette': 0.7102048900662961, 'num_points': 11}, {'avg_silhouette': 0.7474947782226669, 'num_points': 6}, {'avg_silhouette': 0.7806445573626672, 'num_points': 23}, {'avg_silhouette': 0.42974079985180424, 'num_points': 5}]",5.0,25,0.21997939898529664,,4,0.4472651473417378
DBSCAN,,0.4123301886760995,"[{'avg_silhouette': 0.3537305549932463, 'num_points': 84}, {'avg_silhouette': 0.43624471360658557, 'num_points': 304}, {'avg_silhouette': 0.298107260094645, 'num_points': 244}, {'avg_silhouette': 0.6877693579979097, 'num_points': 23}, {'avg_silhouette': 0.45268079534495564, 'num_points': 112}, {'avg_silhouette': 0.6362114366326022, 'num_points': 45}, {'avg_silhouette': 0.4940118900747348, 'num_points': 31}, {'avg_silhouette': 0.3242626591424589, 'num_points': 62}, {'avg_silhouette': 0.3717108736976253, 'num_points': 81}, {'avg_silhouette': 0.45162950517337436, 'num_points': 15}, {'avg_silhouette': 0.40872364290503965, 'num_points': 61}, {'avg_silhouette': 0.4422036080043705, 'num_points': 18}, {'avg_silhouette': 0.6179278572993985, 'num_points': 102}, {'avg_silhouette': 0.5822321664396989, 'num_points': 7}, {'avg_silhouette': 0.4830989659564007, 'num_points': 28}, {'avg_silhouette': 0.3203454149604405, 'num_points': 45}, {'avg_silhouette': 0.4648900133763932, 'num_points': 7}, {'avg_silhouette': 0.3820267859554122, 'num_points': 37}, {'avg_silhouette': 0.4085105798320364, 'num_points': 8}, {'avg_silhouette': 0.47450563421333136, 'num_points': 13}, {'avg_silhouette': 0.6388103038615733, 'num_points': 10}, {'avg_silhouette': 0.7102048900662961, 'num_points': 11}, {'avg_silhouette': 0.7474947782226669, 'num_points': 6}, {'avg_silhouette': 0.7806445573626672, 'num_points': 23}, {'avg_silhouette': 0.42779236174798535, 'num_points': 5}]",5.0,25,0.21816167013764753,,4,0.45124015658639616
DBSCAN,,0.49233018867609957,"[{'avg_silhouette': 0.313517705137128, 'num_points': 91}, {'avg_silhouette': 0.4217205425352846, 'num_points': 309}, {'avg_silhouette': 0.3050271409322118, 'num_points': 250}, {'avg_silhouette': 0.6883438095090589, 'num_points': 23}, {'avg_silhouette': 0.4418802718404723, 'num_points': 114}, {'avg_silhouette': 0.6366257879264725, 'num_points': 45}, {'avg_silhouette': 0.4772054768891958, 'num_points': 32}, {'avg_silhouette': 0.35617704716828724, 'num_points': 63}, {'avg_silhouette': 0.3669702245404306, 'num_points': 82}, {'avg_silhouette': 0.41402300610311793, 'num_points': 17}, {'avg_silhouette': 0.3967690324295606, 'num_points': 63}, {'avg_silhouette': 0.4456704668967042, 'num_points': 18}, {'avg_silhouette': 0.6210613456359789, 'num_points': 102}, {'avg_silhouette': 0.4877136701411929, 'num_points': 28}, {'avg_silhouette': 0.2956613757847039, 'num_points': 48}, {'avg_silhouette': 0.34710012600672635, 'num_points': 10}, {'avg_silhouette': 0.3975176834297559, 'num_points': 38}, {'avg_silhouette': 0.44162089838985175, 'num_points': 14}, {'avg_silhouette': 0.6392260798380609, 'num_points': 10}, {'avg_silhouette': 0.7107952854876095, 'num_points': 11}, {'avg_silhouette': 0.7811007490620294, 'num_points': 23}]",10.0,21,0.2179770807020376,,4,0.4474223252359869
K-means,,,"[{'avg_silhouette': 0.2842437033790472, 'num_points': 129}, {'avg_silhouette': 0.1705620039749241, 'num_points': 152}, {'avg_silhouette': 0.3825658761872979, 'num_points': 163}, {'avg_silhouette': 0.1391781321271035, 'num_points': 89}, {'avg_silhouette': -0.08825616290100861, 'num_points': 239}, {'avg_silhouette': 0.22030877972017662, 'num_points': 58}, {'avg_silhouette': 0.2337688279311163, 'num_points': 21}, {'avg_silhouette': 0.3766597393636382, 'num_points': 127}, {'avg_silhouette': 0.5552424811447029, 'num_points': 56}, {'avg_silhouette': 0.25661206077314536, 'num_points': 55}, {'avg_silhouette': 0.19772143041841198, 'num_points': 92}, {'avg_silhouette': 0.23343617260681337, 'num_points': 188}, {'avg_silhouette': -0.010510787838862225, 'num_points': 43}, {'avg_silhouette': 0.2426357025730971, 'num_points': 148}, {'avg_silhouette': 0.16453172319941062, 'num_points': 21}, {'avg_silhouette': 0.2613428708053409, 'num_points': 165}, {'avg_silhouette': 0.4283758716043887, 'num_points': 9}, {'avg_silhouette': 0.27519777427639264, 'num_points': 44}, {'avg_silhouette': -0.11880508121294679, 'num_points': 26}, {'avg_silhouette': 0.7559040738094143, 'num_points': 25}]",,20,0.21776151429697777,,8,0.23289873824864377
K-means,,,"[{'avg_silhouette': -0.05394503785482371, 'num_points': 501}, {'avg_silhouette': 0.3179943381519358, 'num_points': 426}, {'avg_silhouette': 0.4759469158295302, 'num_points': 134}, {'avg_silhouette': 0.5111909918029864, 'num_points': 353}, {'avg_silhouette': 0.008784802638341081, 'num_points': 278}, {'avg_silhouette': 0.28154574095105395, 'num_points': 158}]",,6,0.2159961260101592,,6,0.25691962525317064
DBSCAN,,0.47233018867609955,"[{'avg_silhouette': 0.33411107227115877, 'num_points': 88}, {'avg_silhouette': 0.4283451287954835, 'num_points': 307}, {'avg_silhouette': 0.31632729943872895, 'num_points': 250}, {'avg_silhouette': 0.6877693579979097, 'num_points': 23}, {'avg_silhouette': 0.44062200258729295, 'num_points': 114}, {'avg_silhouette': 0.6362114366326022, 'num_points': 45}, {'avg_silhouette': 0.47534551446812784, 'num_points': 32}, {'avg_silhouette': 0.35617704716828724, 'num_points': 63}, {'avg_silhouette': 0.3767216459112879, 'num_points': 81}, {'avg_silhouette': 0.40791067199333264, 'num_points': 17}, {'avg_silhouette': 0.3960078389601925, 'num_points': 63}, {'avg_silhouette': 0.4439679834008684, 'num_points': 18}, {'avg_silhouette': 0.6210613456359789, 'num_points': 102}, {'avg_silhouette': 0.4877136701411929, 'num_points': 28}, {'avg_silhouette': 0.2956613757847039, 'num_points': 48}, {'avg_silhouette': 0.3975176834297559, 'num_points': 38}, {'avg_silhouette': 0.44014935507538006, 'num_points': 14}, {'avg_silhouette': 0.6388103038615733, 'num_points': 10}, {'avg_silhouette': 0.7102048900662961, 'num_points': 11}, {'avg_silhouette': 0.7806445573626672, 'num_points': 23}]",10.0,20,0.21579955243127086,,4,0.4515889441143711
DBSCAN,,0.48233018867609956,"[{'avg_silhouette': 0.3285489010616907, 'num_points': 89}, {'avg_silhouette': 0.42397323497229955, 'num_points': 308}, {'avg_silhouette': 0.31632729943872895, 'num_points': 250}, {'avg_silhouette': 0.6877693579979097, 'num_points': 23}, {'avg_silhouette': 0.44062200258729295, 'num_points': 114}, {'avg_silhouette': 0.6362114366326022, 'num_points': 45}, {'avg_silhouette': 0.47534551446812784, 'num_points': 32}, {'avg_silhouette': 0.35617704716828724, 'num_points': 63}, {'avg_silhouette': 0.377677298055769, 'num_points': 81}, {'avg_silhouette': 0.4092468685553042, 'num_points': 17}, {'avg_silhouette': 0.3960078389601925, 'num_points': 63}, {'avg_silhouette': 0.44498417501428733, 'num_points': 18}, {'avg_silhouette': 0.6210613456359789, 'num_points': 102}, {'avg_silhouette': 0.4877136701411929, 'num_points': 28}, {'avg_silhouette': 0.2956613757847039, 'num_points': 48}, {'avg_silhouette': 0.3975176834297559, 'num_points': 38}, {'avg_silhouette': 0.44014935507538006, 'num_points': 14}, {'avg_silhouette': 0.6388103038615733, 'num_points': 10}, {'avg_silhouette': 0.7102048900662961, 'num_points': 11}, {'avg_silhouette': 0.7806445573626672, 'num_points': 23}]",10.0,20,0.21571281721762178,,4,0.45049597065857505
K-means,,,"[{'avg_silhouette': 0.13112574760396176, 'num_points': 367}, {'avg_silhouette': 0.506734561833323, 'num_points': 353}, {'avg_silhouette': 0.2750423070210804, 'num_points': 158}, {'avg_silhouette': 0.4715579172157965, 'num_points': 134}, {'avg_silhouette': 0.29544467347950193, 'num_points': 134}, {'avg_silhouette': -0.05753774656749001, 'num_points': 554}, {'avg_silhouette': 0.33249261237830363, 'num_points': 12}, {'avg_silhouette': 0.3880356876823561, 'num_points': 138}]",,8,0.2156207600057476,,7,0.2872004497526471
DBSCAN,,0.4023301886760995,"[{'avg_silhouette': 0.3799058924247996, 'num_points': 80}, {'avg_silhouette': 0.43624471360658557, 'num_points': 304}, {'avg_silhouette': 0.298107260094645, 'num_points': 244}, {'avg_silhouette': 0.6877693579979097, 'num_points': 23}, {'avg_silhouette': 0.45268350409929586, 'num_points': 112}, {'avg_silhouette': 0.6572437475466022, 'num_points': 43}, {'avg_silhouette': 0.4940118900747348, 'num_points': 31}, {'avg_silhouette': 0.3242626591424589, 'num_points': 62}, {'avg_silhouette': 0.37165688406762265, 'num_points': 81}, {'avg_silhouette': 0.4459130832117764, 'num_points': 15}, {'avg_silhouette': 0.41500361898168, 'num_points': 60}, {'avg_silhouette': 0.4422036080043705, 'num_points': 18}, {'avg_silhouette': 0.6179278572993985, 'num_points': 102}, {'avg_silhouette': 0.5822321664396989, 'num_points': 7}, {'avg_silhouette': 0.4988775028867106, 'num_points': 27}, {'avg_silhouette': 0.3366073080221498, 'num_points': 43}, {'avg_silhouette': 0.4648900133763932, 'num_points': 7}, {'avg_silhouette': 0.3820267859554122, 'num_points': 37}, {'avg_silhouette': 0.4085105798320364, 'num_points': 8}, {'avg_silhouette': 0.6388103038615733, 'num_points': 10}, {'avg_silhouette': 0.7102048900662961, 'num_points': 11}, {'avg_silhouette': 0.7474947782226669, 'num_points': 6}, {'avg_silhouette': 0.7806445573626672, 'num_points': 23}, {'avg_silhouette': 0.47450563421333136, 'num_points': 13}, {'avg_silhouette': 0.42779236174798535, 'num_points': 5}]",5.0,25,0.21536292230533502,,4,0.4512408337749812
DBSCAN,,0.46233018867609954,"[{'avg_silhouette': 0.33411107227115877, 'num_points': 88}, {'avg_silhouette': 0.43097687116817857, 'num_points': 306}, {'avg_silhouette': 0.31632729943872895, 'num_points': 250}, {'avg_silhouette': 0.6877693579979097, 'num_points': 23}, {'avg_silhouette': 0.44656342349911243, 'num_points': 113}, {'avg_silhouette': 0.6362114366326022, 'num_points': 45}, {'avg_silhouette': 0.47534551446812784, 'num_points': 32}, {'avg_silhouette': 0.35617704716828724, 'num_points': 63}, {'avg_silhouette': 0.3759615784128402, 'num_points': 81}, {'avg_silhouette': 0.40791067199333264, 'num_points': 17}, {'avg_silhouette': 0.4020059756291725, 'num_points': 62}, {'avg_silhouette': 0.44342859338114216, 'num_points': 18}, {'avg_silhouette': 0.6210613456359789, 'num_points': 102}, {'avg_silhouette': 0.4877136701411929, 'num_points': 28}, {'avg_silhouette': 0.2956613757847039, 'num_points': 48}, {'avg_silhouette': 0.3975176834297559, 'num_points': 38}, {'avg_silhouette': 0.44014935507538006, 'num_points': 14}, {'avg_silhouette': 0.6388103038615733, 'num_points': 10}, {'avg_silhouette': 0.7386090765710602, 'num_points': 10}, {'avg_silhouette': 0.7806445573626672, 'num_points': 23}]",10.0,20,0.2147928069507334,,4,0.45373223493549975
DBSCAN,,0.45233018867609953,"[{'avg_silhouette': 0.3404971472090098, 'num_points': 87}, {'avg_silhouette': 0.43097687116817857, 'num_points': 306}, {'avg_silhouette': 0.31818933895885865, 'num_points': 249}, {'avg_silhouette': 0.6877693579979097, 'num_points': 23}, {'avg_silhouette': 0.45276778271578016, 'num_points': 112}, {'avg_silhouette': 0.6362114366326022, 'num_points': 45}, {'avg_silhouette': 0.47534551446812784, 'num_points': 32}, {'avg_silhouette': 0.35617704716828724, 'num_points': 63}, {'avg_silhouette': 0.3758830829948015, 'num_points': 81}, {'avg_silhouette': 0.40615292128362007, 'num_points': 17}, {'avg_silhouette': 0.40872364290503965, 'num_points': 61}, {'avg_silhouette': 0.44342859338114216, 'num_points': 18}, {'avg_silhouette': 0.6206247326612726, 'num_points': 102}, {'avg_silhouette': 0.5102163424149114, 'num_points': 27}, {'avg_silhouette': 0.2944067160748179, 'num_points': 47}, {'avg_silhouette': 0.3975176834297559, 'num_points': 38}, {'avg_silhouette': 0.6388103038615733, 'num_points': 10}, {'avg_silhouette': 0.7386090765710602, 'num_points': 10}, {'avg_silhouette': 0.7806445573626672, 'num_points': 23}, {'avg_silhouette': 0.44014935507538006, 'num_points': 14}]",10.0,20,0.21341630169925432,,4,0.4556396813760225
DBSCAN,,0.4423301886760995,"[{'avg_silhouette': 0.3486577024845895, 'num_points': 86}, {'avg_silhouette': 0.4334135717458852, 'num_points': 305}, {'avg_silhouette': 0.3238359382289265, 'num_points': 247}, {'avg_silhouette': 0.6877693579979097, 'num_points': 23}, {'avg_silhouette': 0.45276778271578016, 'num_points': 112}, {'avg_silhouette': 0.6362114366326022, 'num_points': 45}, {'avg_silhouette': 0.47534551446812784, 'num_points': 32}, {'avg_silhouette': 0.35617704716828724, 'num_points': 63}, {'avg_silhouette': 0.37545755828571714, 'num_points': 81}, {'avg_silhouette': 0.4036438165189951, 'num_points': 17}, {'avg_silhouette': 0.40872364290503965, 'num_points': 61}, {'avg_silhouette': 0.44287713602666934, 'num_points': 18}, {'avg_silhouette': 0.6191558615464146, 'num_points': 102}, {'avg_silhouette': 0.5078599703544493, 'num_points': 27}, {'avg_silhouette': 0.30453059629068163, 'num_points': 46}, {'avg_silhouette': 0.3975176834297559, 'num_points': 38}, {'avg_silhouette': 0.6388103038615733, 'num_points': 10}, {'avg_silhouette': 0.7386090765710602, 'num_points': 10}, {'avg_silhouette': 0.7806445573626672, 'num_points': 23}, {'avg_silhouette': 0.44014935507538006, 'num_points': 14}]",10.0,20,0.212903681632739,,4,0.4572932885592516
DBSCAN,,0.4323301886760995,"[{'avg_silhouette': 0.35800819857079985, 'num_points': 84}, {'avg_silhouette': 0.4334135717458852, 'num_points': 305}, {'avg_silhouette': 0.325712074302842, 'num_points': 246}, {'avg_silhouette': 0.6877693579979097, 'num_points': 23}, {'avg_silhouette': 0.45276778271578016, 'num_points': 112}, {'avg_silhouette': 0.6362114366326022, 'num_points': 45}, {'avg_silhouette': 0.47534551446812784, 'num_points': 32}, {'avg_silhouette': 0.35617704716828724, 'num_points': 63}, {'avg_silhouette': 0.3754520042803248, 'num_points': 81}, {'avg_silhouette': 0.426491766403703, 'num_points': 16}, {'avg_silhouette': 0.40872364290503965, 'num_points': 61}, {'avg_silhouette': 0.44287713602666934, 'num_points': 18}, {'avg_silhouette': 0.6190166751301964, 'num_points': 102}, {'avg_silhouette': 0.5078599703544493, 'num_points': 27}, {'avg_silhouette': 0.30453059629068163, 'num_points': 46}, {'avg_silhouette': 0.3975176834297559, 'num_points': 38}, {'avg_silhouette': 0.6388103038615733, 'num_points': 10}, {'avg_silhouette': 0.7386090765710602, 'num_points': 10}, {'avg_silhouette': 0.7806445573626672, 'num_points': 23}, {'avg_silhouette': 0.44014935507538006, 'num_points': 14}]",10.0,20,0.21203453081239904,,4,0.45772752597367594
K-means,,,"[{'avg_silhouette': 0.34945934571917525, 'num_points': 412}, {'avg_silhouette': 0.3540010628249031, 'num_points': 426}, {'avg_silhouette': -0.020726356654059783, 'num_points': 720}, {'avg_silhouette': 0.4880729602643556, 'num_points': 134}, {'avg_silhouette': 0.2913621462674733, 'num_points': 158}]",,5,0.21151120118620015,,5,0.2924338316843695
DBSCAN,,0.4223301886760995,"[{'avg_silhouette': 0.35526843144961023, 'num_points': 84}, {'avg_silhouette': 0.43624471360658557, 'num_points': 304}, {'avg_silhouette': 0.3289127325133097, 'num_points': 245}, {'avg_silhouette': 0.6877693579979097, 'num_points': 23}, {'avg_silhouette': 0.45268079534495564, 'num_points': 112}, {'avg_silhouette': 0.6362114366326022, 'num_points': 45}, {'avg_silhouette': 0.4940118900747348, 'num_points': 31}, {'avg_silhouette': 0.35617704716828724, 'num_points': 63}, {'avg_silhouette': 0.3743894954809898, 'num_points': 81}, {'avg_silhouette': 0.40872364290503965, 'num_points': 61}, {'avg_silhouette': 0.4422036080043705, 'num_points': 18}, {'avg_silhouette': 0.6183536379022891, 'num_points': 102}, {'avg_silhouette': 0.5078599703544493, 'num_points': 27}, {'avg_silhouette': 0.30453059629068163, 'num_points': 46}, {'avg_silhouette': 0.450727394365234, 'num_points': 15}, {'avg_silhouette': 0.3975176834297559, 'num_points': 38}, {'avg_silhouette': 0.6388103038615733, 'num_points': 10}, {'avg_silhouette': 0.7386090765710602, 'num_points': 10}, {'avg_silhouette': 0.7806445573626672, 'num_points': 23}, {'avg_silhouette': 0.47450563421333136, 'num_points': 13}]",10.0,20,0.21104761984524434,,4,0.45904796984178503
DBSCAN,,0.3923301886760995,"[{'avg_silhouette': 0.3799058924247996, 'num_points': 80}, {'avg_silhouette': 0.43624471360658557, 'num_points': 304}, {'avg_silhouette': 0.29828390854105397, 'num_points': 243}, {'avg_silhouette': 0.6877693579979097, 'num_points': 23}, {'avg_silhouette': 0.45268350409929586, 'num_points': 112}, {'avg_silhouette': 0.6638335711637632, 'num_points': 42}, {'avg_silhouette': 0.4940118900747348, 'num_points': 31}, {'avg_silhouette': 0.3108104133188535, 'num_points': 60}, {'avg_silhouette': 0.3680312012201286, 'num_points': 81}, {'avg_silhouette': 0.4459130832117764, 'num_points': 15}, {'avg_silhouette': 0.41500361898168, 'num_points': 60}, {'avg_silhouette': 0.4422036080043705, 'num_points': 18}, {'avg_silhouette': 0.6266302269764812, 'num_points': 101}, {'avg_silhouette': 0.6931029028419987, 'num_points': 6}, {'avg_silhouette': 0.5131960055760835, 'num_points': 26}, {'avg_silhouette': 0.3342328990788628, 'num_points': 43}, {'avg_silhouette': 0.4644038828957913, 'num_points': 7}, {'avg_silhouette': 0.3341338760524594, 'num_points': 32}, {'avg_silhouette': 0.4507531785382386, 'num_points': 7}, {'avg_silhouette': 0.6388103038615733, 'num_points': 10}, {'avg_silhouette': 0.3369594228912429, 'num_points': 5}, {'avg_silhouette': 0.7102048900662961, 'num_points': 11}, {'avg_silhouette': 0.7474947782226669, 'num_points': 6}, {'avg_silhouette': 0.7806445573626672, 'num_points': 23}, {'avg_silhouette': 0.47450563421333136, 'num_points': 13}, {'avg_silhouette': 0.4134377800072843, 'num_points': 5}]",5.0,26,0.2103494911331919,,4,0.4534605883058541
DBSCAN,,1.0123301886761,"[{'avg_silhouette': 0.22467612511429572, 'num_points': 1748}, {'avg_silhouette': 0.5486541098737651, 'num_points': 8}, {'avg_silhouette': 0.37388652407203443, 'num_points': 16}]",5.0,3,0.20954148580604762,,1,
AGGLC,ward,,"[{'avg_silhouette': -0.11029609582919633, 'num_points': 724}, {'avg_silhouette': 0.22792534536134285, 'num_points': 52}, {'avg_silhouette': 0.4823856204993642, 'num_points': 132}, {'avg_silhouette': 0.33633807816923, 'num_points': 395}, {'avg_silhouette': 0.5582846746714657, 'num_points': 322}, {'avg_silhouette': 0.6030391435729165, 'num_points': 53}, {'avg_silhouette': 0.06216804962720872, 'num_points': 26}, {'avg_silhouette': 0.3079553554075147, 'num_points': 146}]",,8,0.20909879913221335,,5,0.3149335265836757
K-means,,,"[{'avg_silhouette': 0.04461103718086237, 'num_points': 175}, {'avg_silhouette': 0.1280581639586731, 'num_points': 301}, {'avg_silhouette': -0.04244538740879725, 'num_points': 29}, {'avg_silhouette': 0.3507926975537612, 'num_points': 75}, {'avg_silhouette': 0.2665037629108319, 'num_points': 128}, {'avg_silhouette': 0.5157733469874108, 'num_points': 59}, {'avg_silhouette': 0.1361668311946035, 'num_points': 260}, {'avg_silhouette': 0.047818431339786624, 'num_points': 134}, {'avg_silhouette': 0.21389889286243832, 'num_points': 59}, {'avg_silhouette': 0.2860441834920031, 'num_points': 165}, {'avg_silhouette': 0.30865617696842945, 'num_points': 150}, {'avg_silhouette': 0.29873836994856146, 'num_points': 131}, {'avg_silhouette': 0.29265668295463976, 'num_points': 137}, {'avg_silhouette': 0.3631128955463094, 'num_points': 17}, {'avg_silhouette': 0.5454133649602714, 'num_points': 30}]",,15,0.20846751009531456,,9,0.2010281822164879
DBSCAN,,0.4123301886760995,"[{'avg_silhouette': 0.3608160500305555, 'num_points': 83}, {'avg_silhouette': 0.43624471360658557, 'num_points': 304}, {'avg_silhouette': 0.3283287974486836, 'num_points': 244}, {'avg_silhouette': 0.6877693579979097, 'num_points': 23}, {'avg_silhouette': 0.45268079534495564, 'num_points': 112}, {'avg_silhouette': 0.644518617319335, 'num_points': 44}, {'avg_silhouette': 0.4940118900747348, 'num_points': 31}, {'avg_silhouette': 0.35841243078938745, 'num_points': 62}, {'avg_silhouette': 0.37437175835986103, 'num_points': 81}, {'avg_silhouette': 0.40872364290503965, 'num_points': 61}, {'avg_silhouette': 0.4422036080043705, 'num_points': 18}, {'avg_silhouette': 0.626853719141723, 'num_points': 101}, {'avg_silhouette': 0.5066489398415877, 'num_points': 27}, {'avg_silhouette': 0.3117963623978521, 'num_points': 45}, {'avg_silhouette': 0.4497816616765068, 'num_points': 15}, {'avg_silhouette': 0.42426419946523014, 'num_points': 35}, {'avg_silhouette': 0.6388103038615733, 'num_points': 10}, {'avg_silhouette': 0.7386090765710602, 'num_points': 10}, {'avg_silhouette': 0.7806445573626672, 'num_points': 23}, {'avg_silhouette': 0.47450563421333136, 'num_points': 13}]",10.0,20,0.20771927983791386,,4,0.461027006385487
K-means,,,"[{'avg_silhouette': 0.0895241699579119, 'num_points': 267}, {'avg_silhouette': -0.08683297795589913, 'num_points': 513}, {'avg_silhouette': 0.5109210677687622, 'num_points': 353}, {'avg_silhouette': 0.2694039930476404, 'num_points': 49}, {'avg_silhouette': 0.4759186954528932, 'num_points': 134}, {'avg_silhouette': 0.3188696536608545, 'num_points': 425}, {'avg_silhouette': 0.06811608239213786, 'num_points': 109}]",,7,0.20520590770075006,,6,0.22941944854611007
K-means,,,"[{'avg_silhouette': 0.4016987494474076, 'num_points': 162}, {'avg_silhouette': 0.14418859974647477, 'num_points': 157}, {'avg_silhouette': 0.4681229180659843, 'num_points': 133}, {'avg_silhouette': -0.13869897498798353, 'num_points': 41}, {'avg_silhouette': 0.285215931736111, 'num_points': 161}, {'avg_silhouette': 0.38718059563876583, 'num_points': 110}, {'avg_silhouette': 0.21065395064396208, 'num_points': 189}, {'avg_silhouette': 0.04518110008036529, 'num_points': 60}, {'avg_silhouette': -0.08776454987927114, 'num_points': 385}, {'avg_silhouette': 0.3449550883992713, 'num_points': 130}, {'avg_silhouette': 0.2526118239127322, 'num_points': 87}, {'avg_silhouette': 0.5061988881486946, 'num_points': 59}, {'avg_silhouette': 0.25436868248976535, 'num_points': 149}, {'avg_silhouette': 0.016843258335195718, 'num_points': 27}]",,14,0.20355354888694374,,9,0.267624440698719
DBSCAN,,0.4023301886760995,"[{'avg_silhouette': 0.3799058924247996, 'num_points': 80}, {'avg_silhouette': 0.43624471360658557, 'num_points': 304}, {'avg_silhouette': 0.33735960457584757, 'num_points': 240}, {'avg_silhouette': 0.6877693579979097, 'num_points': 23}, {'avg_silhouette': 0.4525647437968025, 'num_points': 112}, {'avg_silhouette': 0.6572437475466022, 'num_points': 43}, {'avg_silhouette': 0.4940118900747348, 'num_points': 31}, {'avg_silhouette': 0.37548801777166196, 'num_points': 59}, {'avg_silhouette': 0.3728365310372056, 'num_points': 81}, {'avg_silhouette': 0.41500361898168, 'num_points': 60}, {'avg_silhouette': 0.4422036080043705, 'num_points': 18}, {'avg_silhouette': 0.6245964825114186, 'num_points': 101}, {'avg_silhouette': 0.3272051693969992, 'num_points': 43}, {'avg_silhouette': 0.4459130832117764, 'num_points': 15}, {'avg_silhouette': 0.5248699494970557, 'num_points': 26}, {'avg_silhouette': 0.4280881490948696, 'num_points': 34}, {'avg_silhouette': 0.7806445573626672, 'num_points': 23}, {'avg_silhouette': 0.7386090765710602, 'num_points': 10}, {'avg_silhouette': 0.5361141082240111, 'num_points': 11}]",10.0,19,0.19853476870617276,,4,0.4626913861226636
AGGLC,ward,,"[{'avg_silhouette': -0.12148687720359332, 'num_points': 776}, {'avg_silhouette': 0.33633807816923, 'num_points': 395}, {'avg_silhouette': 0.4823856204993642, 'num_points': 132}, {'avg_silhouette': 0.3082324354146281, 'num_points': 146}, {'avg_silhouette': 0.5583002143967029, 'num_points': 322}, {'avg_silhouette': 0.6030391435729165, 'num_points': 53}, {'avg_silhouette': 0.06847717000478258, 'num_points': 26}]",,7,0.1950111955181278,,5,0.31275389425526634
DBSCAN,,0.3923301886760995,"[{'avg_silhouette': 0.3741862747393393, 'num_points': 80}, {'avg_silhouette': 0.4357941269814306, 'num_points': 304}, {'avg_silhouette': 0.3388849954716373, 'num_points': 239}, {'avg_silhouette': 0.6876273378394621, 'num_points': 23}, {'avg_silhouette': 0.4526748778362809, 'num_points': 112}, {'avg_silhouette': 0.6637758107240911, 'num_points': 42}, {'avg_silhouette': 0.5234463001744654, 'num_points': 29}, {'avg_silhouette': 0.39170009429315117, 'num_points': 55}, {'avg_silhouette': 0.3777107900326775, 'num_points': 80}, {'avg_silhouette': 0.46184772674459496, 'num_points': 53}, {'avg_silhouette': 0.4422036080043705, 'num_points': 18}, {'avg_silhouette': 0.6243568185270018, 'num_points': 101}, {'avg_silhouette': 0.3459694868857354, 'num_points': 41}, {'avg_silhouette': 0.4788467307133873, 'num_points': 14}, {'avg_silhouette': 0.5352602957546484, 'num_points': 25}, {'avg_silhouette': 0.46005457185975474, 'num_points': 31}, {'avg_silhouette': 0.7805570669347341, 'num_points': 23}, {'avg_silhouette': 0.738406991361151, 'num_points': 10}, {'avg_silhouette': 0.5360298400253231, 'num_points': 11}]",10.0,19,0.1899810266678808,,4,0.4629277047040876
AGGLC,ward,,"[{'avg_silhouette': -0.13442415374265887, 'num_points': 802}, {'avg_silhouette': 0.33633807816923, 'num_points': 395}, {'avg_silhouette': 0.4823856204993642, 'num_points': 132}, {'avg_silhouette': 0.3082616783834998, 'num_points': 146}, {'avg_silhouette': 0.5583002143967029, 'num_points': 322}, {'avg_silhouette': 0.6030391435729165, 'num_points': 53}]",,6,0.1867352541460775,,5,0.31017228754122755
HDBSCAN,,,"[{'avg_silhouette': 0.3636109688828389, 'num_points': 123}, {'avg_silhouette': 0.4417293970786807, 'num_points': 131}, {'avg_silhouette': 0.5686062758888251, 'num_points': 53}, {'avg_silhouette': 0.6120262552171438, 'num_points': 27}, {'avg_silhouette': 0.7329916552825337, 'num_points': 25}, {'avg_silhouette': 0.5727890204975674, 'num_points': 101}, {'avg_silhouette': 0.46060851817424625, 'num_points': 53}, {'avg_silhouette': 0.4176809612417861, 'num_points': 80}, {'avg_silhouette': 0.48018247557603316, 'num_points': 105}, {'avg_silhouette': 0.5354760897741813, 'num_points': 28}, {'avg_silhouette': 0.3780942290015739, 'num_points': 71}, {'avg_silhouette': 0.48481446134096434, 'num_points': 27}, {'avg_silhouette': 0.47176880796020865, 'num_points': 67}, {'avg_silhouette': 0.4426753807379618, 'num_points': 86}, {'avg_silhouette': 0.5476427457643155, 'num_points': 121}, {'avg_silhouette': 0.610732910594362, 'num_points': 116}]",,16,0.18635067932751842,22.0,6,0.5027812530656329
HDBSCAN,,,"[{'avg_silhouette': 0.35571948450235724, 'num_points': 125}, {'avg_silhouette': 0.4427976873226086, 'num_points': 131}, {'avg_silhouette': 0.5694064539288165, 'num_points': 53}, {'avg_silhouette': 0.6134803562874276, 'num_points': 27}, {'avg_silhouette': 0.7341569046561369, 'num_points': 25}, {'avg_silhouette': 0.5586606223772849, 'num_points': 102}, {'avg_silhouette': 0.4344216707153539, 'num_points': 57}, {'avg_silhouette': 0.525309677632221, 'num_points': 29}, {'avg_silhouette': 0.3380621036826055, 'num_points': 77}, {'avg_silhouette': 0.4684097534858788, 'num_points': 34}, {'avg_silhouette': 0.5050559948657931, 'num_points': 24}, {'avg_silhouette': 0.5916769845166677, 'num_points': 16}, {'avg_silhouette': 0.5229709900453638, 'num_points': 61}, {'avg_silhouette': 0.4832370004928211, 'num_points': 18}, {'avg_silhouette': 0.4325415937807365, 'num_points': 31}, {'avg_silhouette': 0.4605198732593239, 'num_points': 69}, {'avg_silhouette': 0.42819597765652045, 'num_points': 86}, {'avg_silhouette': 0.5020056616890314, 'num_points': 130}, {'avg_silhouette': 0.5454774120671633, 'num_points': 127}]",,19,0.18055570924059638,16.0,5,0.48093217359168905
DBSCAN,,0.5223301886760996,"[{'avg_silhouette': 0.2065743172650488, 'num_points': 1178}, {'avg_silhouette': 0.49979531385523013, 'num_points': 122}, {'avg_silhouette': 0.6834363881438066, 'num_points': 25}, {'avg_silhouette': 0.6328065013959433, 'num_points': 50}, {'avg_silhouette': 0.639240463911731, 'num_points': 11}, {'avg_silhouette': 0.24107842031844554, 'num_points': 91}, {'avg_silhouette': 0.6913518338508793, 'num_points': 5}, {'avg_silhouette': 0.4753606793429244, 'num_points': 6}, {'avg_silhouette': 0.4710317091531034, 'num_points': 7}, {'avg_silhouette': 0.7415392864026349, 'num_points': 11}, {'avg_silhouette': 0.7860652913662016, 'num_points': 6}, {'avg_silhouette': 0.759870950799356, 'num_points': 25}, {'avg_silhouette': 0.4125715390988983, 'num_points': 7}]",5.0,13,0.17812252285188782,,2,0.3531848155601395
DBSCAN,,0.38233018867609947,"[{'avg_silhouette': 0.37158912906384123, 'num_points': 80}, {'avg_silhouette': 0.3444576677424432, 'num_points': 293}, {'avg_silhouette': 0.27260920514659953, 'num_points': 229}, {'avg_silhouette': 0.686058033642199, 'num_points': 23}, {'avg_silhouette': 0.41987088845045634, 'num_points': 91}, {'avg_silhouette': 0.6620675126395602, 'num_points': 42}, {'avg_silhouette': 0.5386873545980039, 'num_points': 28}, {'avg_silhouette': 0.3517105779936678, 'num_points': 55}, {'avg_silhouette': 0.28299824679337465, 'num_points': 72}, {'avg_silhouette': 0.4788467307133873, 'num_points': 14}, {'avg_silhouette': 0.33140016969803304, 'num_points': 51}, {'avg_silhouette': 0.43881891505181464, 'num_points': 18}, {'avg_silhouette': 0.6226854547822676, 'num_points': 101}, {'avg_silhouette': 0.6895232379599961, 'num_points': 6}, {'avg_silhouette': 0.5366276271597147, 'num_points': 25}, {'avg_silhouette': 0.4205257191928498, 'num_points': 11}, {'avg_silhouette': 0.3420261590007552, 'num_points': 41}, {'avg_silhouette': 0.31925855449313567, 'num_points': 21}, {'avg_silhouette': 0.4582149447496536, 'num_points': 7}, {'avg_silhouette': 0.36246363459503367, 'num_points': 9}, {'avg_silhouette': 0.4327832928701247, 'num_points': 32}, {'avg_silhouette': 0.39206784007182316, 'num_points': 8}, {'avg_silhouette': 0.5147539337289957, 'num_points': 5}, {'avg_silhouette': 0.4716733846952761, 'num_points': 10}, {'avg_silhouette': 0.6369511666910913, 'num_points': 10}, {'avg_silhouette': 0.7085728708844389, 'num_points': 11}, {'avg_silhouette': 0.7484792354090941, 'num_points': 6}, {'avg_silhouette': 0.7794227032754438, 'num_points': 23}, {'avg_silhouette': 0.5017198335628521, 'num_points': 12}, {'avg_silhouette': 0.4134377800072843, 'num_points': 5}]",5.0,30,0.1741218388842423,,3,0.41325077589043674
DBSCAN,,0.37233018867609946,"[{'avg_silhouette': 0.37158912906384123, 'num_points': 80}, {'avg_silhouette': 0.3444576677424432, 'num_points': 293}, {'avg_silhouette': 0.27260920514659953, 'num_points': 229}, {'avg_silhouette': 0.7009950808145612, 'num_points': 22}, {'avg_silhouette': 0.4286951513670542, 'num_points': 90}, {'avg_silhouette': 0.6620675126395602, 'num_points': 42}, {'avg_silhouette': 0.5386873545980039, 'num_points': 28}, {'avg_silhouette': 0.3783138583463358, 'num_points': 52}, {'avg_silhouette': 0.28287630473274344, 'num_points': 72}, {'avg_silhouette': 0.4788467307133873, 'num_points': 14}, {'avg_silhouette': 0.33140016969803304, 'num_points': 51}, {'avg_silhouette': 0.43881891505181464, 'num_points': 18}, {'avg_silhouette': 0.6226854547822676, 'num_points': 101}, {'avg_silhouette': 0.6870619783870681, 'num_points': 6}, {'avg_silhouette': 0.4205257191928498, 'num_points': 11}, {'avg_silhouette': 0.35670270002932075, 'num_points': 39}, {'avg_silhouette': 0.3163017406005392, 'num_points': 21}, {'avg_silhouette': 0.4582149447496536, 'num_points': 7}, {'avg_silhouette': 0.36246363459503367, 'num_points': 9}, {'avg_silhouette': 0.5491385848275111, 'num_points': 24}, {'avg_silhouette': 0.453914257568257, 'num_points': 31}, {'avg_silhouette': 0.39206784007182316, 'num_points': 8}, {'avg_silhouette': 0.5147539337289957, 'num_points': 5}, {'avg_silhouette': 0.4716733846952761, 'num_points': 10}, {'avg_silhouette': 0.6537438738206998, 'num_points': 9}, {'avg_silhouette': 0.7351135144432244, 'num_points': 10}, {'avg_silhouette': 0.7484792354090941, 'num_points': 6}, {'avg_silhouette': 0.7794227032754438, 'num_points': 23}, {'avg_silhouette': 0.5017198335628521, 'num_points': 12}]",5.0,29,0.16729878565759299,,3,0.41325077589043674
AGGLC,ward,,"[{'avg_silhouette': -0.13803427185780154, 'num_points': 855}, {'avg_silhouette': 0.33633807816923, 'num_points': 395}, {'avg_silhouette': 0.4823856204993642, 'num_points': 132}, {'avg_silhouette': 0.3082919231801659, 'num_points': 146}, {'avg_silhouette': 0.5583002143967029, 'num_points': 322}]",,5,0.16394185414291032,,5,0.3094563128775323
DBSCAN,,0.36233018867609945,"[{'avg_silhouette': 0.3648914057950079, 'num_points': 80}, {'avg_silhouette': 0.3444576677424432, 'num_points': 293}, {'avg_silhouette': 0.28452307796989723, 'num_points': 225}, {'avg_silhouette': 0.7009950808145612, 'num_points': 22}, {'avg_silhouette': 0.416647112682045, 'num_points': 90}, {'avg_silhouette': 0.6620675126395602, 'num_points': 42}, {'avg_silhouette': 0.5507045166498448, 'num_points': 27}, {'avg_silhouette': 0.3783138583463358, 'num_points': 52}, {'avg_silhouette': 0.28481874982234046, 'num_points': 72}, {'avg_silhouette': 0.5236569926899742, 'num_points': 12}, {'avg_silhouette': 0.33140016969803304, 'num_points': 51}, {'avg_silhouette': 0.43881891505181464, 'num_points': 18}, {'avg_silhouette': 0.6213900243119235, 'num_points': 101}, {'avg_silhouette': 0.6870619783870681, 'num_points': 6}, {'avg_silhouette': 0.4205257191928498, 'num_points': 11}, {'avg_silhouette': 0.3548948881141233, 'num_points': 39}, {'avg_silhouette': 0.35758556022385957, 'num_points': 19}, {'avg_silhouette': 0.4557771767214723, 'num_points': 7}, {'avg_silhouette': 0.3606235876080442, 'num_points': 9}, {'avg_silhouette': 0.567954121450258, 'num_points': 23}, {'avg_silhouette': 0.453914257568257, 'num_points': 31}, {'avg_silhouette': 0.39206784007182316, 'num_points': 8}, {'avg_silhouette': 0.47067170239988815, 'num_points': 10}, {'avg_silhouette': 0.6772000785117407, 'num_points': 8}, {'avg_silhouette': 0.7351135144432244, 'num_points': 10}, {'avg_silhouette': 0.7482673697927101, 'num_points': 6}, {'avg_silhouette': 0.7794227032754438, 'num_points': 23}, {'avg_silhouette': 0.5297783620506048, 'num_points': 11}]",5.0,28,0.1628592114260404,,3,0.4167902566747546
HDBSCAN,,,"[{'avg_silhouette': 0.4384366125707313, 'num_points': 131}, {'avg_silhouette': 0.5683694350251141, 'num_points': 53}, {'avg_silhouette': 0.5125288201458512, 'num_points': 13}, {'avg_silhouette': 0.7347836822169088, 'num_points': 25}, {'avg_silhouette': 0.6153472846394126, 'num_points': 27}, {'avg_silhouette': 0.5767138209015636, 'num_points': 13}, {'avg_silhouette': 0.35715398483632066, 'num_points': 40}, {'avg_silhouette': 0.5361049184086178, 'num_points': 25}, {'avg_silhouette': 0.5592832431941841, 'num_points': 102}, {'avg_silhouette': 0.5301744676498522, 'num_points': 11}, {'avg_silhouette': 0.35640002873716714, 'num_points': 18}, {'avg_silhouette': 0.3859134718223048, 'num_points': 15}, {'avg_silhouette': 0.5306567559600016, 'num_points': 29}, {'avg_silhouette': 0.2661306080594948, 'num_points': 81}, {'avg_silhouette': 0.3370923967000925, 'num_points': 16}, {'avg_silhouette': 0.49904342485990133, 'num_points': 19}, {'avg_silhouette': 0.5104336522574473, 'num_points': 63}, {'avg_silhouette': 0.5106497055765116, 'num_points': 10}, {'avg_silhouette': 0.40520039662898466, 'num_points': 30}, {'avg_silhouette': 0.4776796189911085, 'num_points': 34}, {'avg_silhouette': 0.44127120958537086, 'num_points': 27}, {'avg_silhouette': 0.4508599876531817, 'num_points': 13}, {'avg_silhouette': 0.4862685415971177, 'num_points': 16}, {'avg_silhouette': 0.6154592326508337, 'num_points': 10}, {'avg_silhouette': 0.5964816231764057, 'num_points': 109}, {'avg_silhouette': 0.5579757025238226, 'num_points': 15}, {'avg_silhouette': 0.48545267066737247, 'num_points': 18}, {'avg_silhouette': 0.40477884397953967, 'num_points': 33}, {'avg_silhouette': 0.46494100379011494, 'num_points': 69}, {'avg_silhouette': 0.42138819740936434, 'num_points': 87}, {'avg_silhouette': 0.398619365192473, 'num_points': 11}, {'avg_silhouette': 0.5689930438559133, 'num_points': 28}, {'avg_silhouette': 0.4847226202469583, 'num_points': 23}]",,33,0.15781691266377026,10.0,3,0.5314004929804405
DBSCAN,,0.38233018867609947,"[{'avg_silhouette': 0.37158912906384123, 'num_points': 80}, {'avg_silhouette': 0.3359077183221768, 'num_points': 293}, {'avg_silhouette': 0.28841950227946306, 'num_points': 227}, {'avg_silhouette': 0.686058033642199, 'num_points': 23}, {'avg_silhouette': 0.41987088845045634, 'num_points': 91}, {'avg_silhouette': 0.6620675126395602, 'num_points': 42}, {'avg_silhouette': 0.5386873545980039, 'num_points': 28}, {'avg_silhouette': 0.39906756248788827, 'num_points': 54}, {'avg_silhouette': 0.40449619438635137, 'num_points': 72}, {'avg_silhouette': 0.4694452788374801, 'num_points': 51}, {'avg_silhouette': 0.6217557600135508, 'num_points': 101}, {'avg_silhouette': 0.47029850171070897, 'num_points': 10}, {'avg_silhouette': 0.3493562480317217, 'num_points': 40}, {'avg_silhouette': 0.31925855449313567, 'num_points': 21}, {'avg_silhouette': 0.4788467307133873, 'num_points': 14}, {'avg_silhouette': 0.43881891505181464, 'num_points': 18}, {'avg_silhouette': 0.5535968599717208, 'num_points': 24}, {'avg_silhouette': 0.4590454225457169, 'num_points': 31}, {'avg_silhouette': 0.7794227032754438, 'num_points': 23}, {'avg_silhouette': 0.7371271368178077, 'num_points': 10}, {'avg_silhouette': 0.5297783620506048, 'num_points': 11}, {'avg_silhouette': 0.4713864079161948, 'num_points': 10}]",10.0,22,0.15781411179038538,,3,0.4153609935383969
DBSCAN,,0.37233018867609946,"[{'avg_silhouette': 0.37158912906384123, 'num_points': 80}, {'avg_silhouette': 0.3359077183221768, 'num_points': 293}, {'avg_silhouette': 0.35527445477210157, 'num_points': 227}, {'avg_silhouette': 0.7009950808145612, 'num_points': 22}, {'avg_silhouette': 0.4286951513670542, 'num_points': 90}, {'avg_silhouette': 0.6620675126395602, 'num_points': 42}, {'avg_silhouette': 0.5386873545980039, 'num_points': 28}, {'avg_silhouette': 0.40410175768884415, 'num_points': 72}, {'avg_silhouette': 0.4694452788374801, 'num_points': 51}, {'avg_silhouette': 0.6427535080510038, 'num_points': 98}, {'avg_silhouette': 0.47029850171070897, 'num_points': 10}, {'avg_silhouette': 0.3717931606538399, 'num_points': 37}, {'avg_silhouette': 0.4170780047430828, 'num_points': 52}, {'avg_silhouette': 0.3163017406005392, 'num_points': 21}, {'avg_silhouette': 0.4788467307133873, 'num_points': 14}, {'avg_silhouette': 0.43881891505181464, 'num_points': 18}, {'avg_silhouette': 0.5453617685876352, 'num_points': 24}, {'avg_silhouette': 0.453914257568257, 'num_points': 31}, {'avg_silhouette': 0.7794227032754438, 'num_points': 23}, {'avg_silhouette': 0.5728713396620002, 'num_points': 10}]",10.0,20,0.15260221971633875,,3,0.4446452270484274
DBSCAN,,0.3323301886760994,"[{'avg_silhouette': 0.3655670645351552, 'num_points': 41}, {'avg_silhouette': 0.45696991480349525, 'num_points': 135}, {'avg_silhouette': 0.3737702682617425, 'num_points': 35}, {'avg_silhouette': 0.32139150683010664, 'num_points': 12}, {'avg_silhouette': 0.4487577444868212, 'num_points': 68}, {'avg_silhouette': 0.35913165745408215, 'num_points': 12}, {'avg_silhouette': 0.4211048971867148, 'num_points': 21}, {'avg_silhouette': 0.39255674677597424, 'num_points': 10}, {'avg_silhouette': 0.5427950391376692, 'num_points': 125}, {'avg_silhouette': 0.27168287557998794, 'num_points': 64}, {'avg_silhouette': 0.42604277752004915, 'num_points': 14}, {'avg_silhouette': 0.5283434764009823, 'num_points': 11}, {'avg_silhouette': 0.3242148923007365, 'num_points': 37}, {'avg_silhouette': 0.3731860212144217, 'num_points': 27}, {'avg_silhouette': 0.44528969125301154, 'num_points': 7}, {'avg_silhouette': 0.5435588332500202, 'num_points': 86}, {'avg_silhouette': 0.6213767855955896, 'num_points': 6}, {'avg_silhouette': 0.6988924830859674, 'num_points': 7}, {'avg_silhouette': 0.3997856399558339, 'num_points': 30}, {'avg_silhouette': 0.5403160537656587, 'num_points': 6}, {'avg_silhouette': 0.4661709048028177, 'num_points': 20}, {'avg_silhouette': 0.7085453356205447, 'num_points': 6}, {'avg_silhouette': 0.4234548816279873, 'num_points': 88}, {'avg_silhouette': 0.41301690749288206, 'num_points': 17}, {'avg_silhouette': 0.39500463760057725, 'num_points': 76}, {'avg_silhouette': 0.3879220622422804, 'num_points': 12}, {'avg_silhouette': 0.43765695633560914, 'num_points': 20}, {'avg_silhouette': 0.3800652786954415, 'num_points': 12}, {'avg_silhouette': 0.42831783663966927, 'num_points': 13}, {'avg_silhouette': 0.39096075471826935, 'num_points': 8}, {'avg_silhouette': 0.5158085303686786, 'num_points': 8}, {'avg_silhouette': 0.7305173753317361, 'num_points': 10}, {'avg_silhouette': 0.527281605035365, 'num_points': 23}, {'avg_silhouette': 0.4669666517790488, 'num_points': 17}, {'avg_silhouette': 0.5234446074948513, 'num_points': 21}, {'avg_silhouette': 0.35990653783383575, 'num_points': 22}, {'avg_silhouette': 0.3457209623810977, 'num_points': 10}, {'avg_silhouette': 0.47392854528603634, 'num_points': 13}, {'avg_silhouette': 0.47457763327838504, 'num_points': 8}, {'avg_silhouette': 0.5987903284411124, 'num_points': 6}, {'avg_silhouette': 0.48193821765809813, 'num_points': 6}, {'avg_silhouette': 0.6040979756163856, 'num_points': 8}, {'avg_silhouette': 0.3816918658507043, 'num_points': 10}, {'avg_silhouette': 0.7465482952801782, 'num_points': 6}, {'avg_silhouette': 0.8038496103482952, 'num_points': 8}, {'avg_silhouette': 0.816838427518053, 'num_points': 15}, {'avg_silhouette': 0.5423181903626799, 'num_points': 9}, {'avg_silhouette': 0.5401243219648038, 'num_points': 5}, {'avg_silhouette': 0.4766079711110828, 'num_points': 7}, {'avg_silhouette': 0.36710485635723844, 'num_points': 5}]",5.0,50,0.15247014328661596,,2,0.49988247697058225
DBSCAN,,0.35233018867609944,"[{'avg_silhouette': 0.3687700629580426, 'num_points': 79}, {'avg_silhouette': 0.3444247650990322, 'num_points': 293}, {'avg_silhouette': 0.2737769734360771, 'num_points': 223}, {'avg_silhouette': 0.7009950808145612, 'num_points': 22}, {'avg_silhouette': 0.421857689214438, 'num_points': 89}, {'avg_silhouette': 0.6676838074808757, 'num_points': 41}, {'avg_silhouette': 0.5507045166498448, 'num_points': 27}, {'avg_silhouette': 0.3783138583463358, 'num_points': 52}, {'avg_silhouette': 0.2723877528928994, 'num_points': 72}, {'avg_silhouette': 0.523018818567533, 'num_points': 12}, {'avg_silhouette': 0.33760809388885904, 'num_points': 50}, {'avg_silhouette': 0.455066309179, 'num_points': 17}, {'avg_silhouette': 0.5664441841068781, 'num_points': 95}, {'avg_silhouette': 0.6870619783870681, 'num_points': 6}, {'avg_silhouette': 0.5507580468186264, 'num_points': 6}, {'avg_silhouette': 0.4205257191928498, 'num_points': 11}, {'avg_silhouette': 0.4026368982863896, 'num_points': 34}, {'avg_silhouette': 0.3557051348140193, 'num_points': 19}, {'avg_silhouette': 0.5882690380905793, 'num_points': 5}, {'avg_silhouette': 0.4032713483588899, 'num_points': 8}, {'avg_silhouette': 0.5581550837761935, 'num_points': 23}, {'avg_silhouette': 0.453914257568257, 'num_points': 31}, {'avg_silhouette': 0.46854369153781805, 'num_points': 10}, {'avg_silhouette': 0.7351135144432244, 'num_points': 10}, {'avg_silhouette': 0.7482673697927101, 'num_points': 6}, {'avg_silhouette': 0.7794227032754438, 'num_points': 23}, {'avg_silhouette': 0.5560216710300047, 'num_points': 10}, {'avg_silhouette': 0.4862364922010599, 'num_points': 5}, {'avg_silhouette': 0.7349908392552041, 'num_points': 6}]",5.0,29,0.14872486372979846,,3,0.3948819742139958
DBSCAN,,0.36233018867609945,"[{'avg_silhouette': 0.3648914057950079, 'num_points': 80}, {'avg_silhouette': 0.3359077183221768, 'num_points': 293}, {'avg_silhouette': 0.3578831984300366, 'num_points': 225}, {'avg_silhouette': 0.7009950808145612, 'num_points': 22}, {'avg_silhouette': 0.40528926970411283, 'num_points': 90}, {'avg_silhouette': 0.6676838074808757, 'num_points': 41}, {'avg_silhouette': 0.5507045166498448, 'num_points': 27}, {'avg_silhouette': 0.4039858990837451, 'num_points': 72}, {'avg_silhouette': 0.4694452788374801, 'num_points': 51}, {'avg_silhouette': 0.6493405917009961, 'num_points': 97}, {'avg_silhouette': 0.47029850171070897, 'num_points': 10}, {'avg_silhouette': 0.36989770300332386, 'num_points': 37}, {'avg_silhouette': 0.4170780047430828, 'num_points': 52}, {'avg_silhouette': 0.37874863425451166, 'num_points': 18}, {'avg_silhouette': 0.5236569926899742, 'num_points': 12}, {'avg_silhouette': 0.43881891505181464, 'num_points': 18}, {'avg_silhouette': 0.5641928119312921, 'num_points': 23}, {'avg_silhouette': 0.453914257568257, 'num_points': 31}, {'avg_silhouette': 0.7794227032754438, 'num_points': 23}, {'avg_silhouette': 0.5728713396620002, 'num_points': 10}]",10.0,20,0.14717911504148132,,3,0.44771050281773644
DBSCAN,,0.3223301886760994,"[{'avg_silhouette': 0.4650184770127011, 'num_points': 35}, {'avg_silhouette': 0.45696991480349525, 'num_points': 135}, {'avg_silhouette': 0.37241454676474883, 'num_points': 35}, {'avg_silhouette': 0.4527670548174398, 'num_points': 67}, {'avg_silhouette': 0.35913165745408215, 'num_points': 12}, {'avg_silhouette': 0.4211048971867148, 'num_points': 21}, {'avg_silhouette': 0.39255674677597424, 'num_points': 10}, {'avg_silhouette': 0.5427950391376692, 'num_points': 125}, {'avg_silhouette': 0.27168287557998794, 'num_points': 64}, {'avg_silhouette': 0.42604277752004915, 'num_points': 14}, {'avg_silhouette': 0.5146467047791092, 'num_points': 11}, {'avg_silhouette': 0.33899109307168657, 'num_points': 36}, {'avg_silhouette': 0.3731860212144217, 'num_points': 27}, {'avg_silhouette': 0.44528969125301154, 'num_points': 7}, {'avg_silhouette': 0.5435588332500202, 'num_points': 86}, {'avg_silhouette': 0.6213767855955896, 'num_points': 6}, {'avg_silhouette': 0.6988924830859674, 'num_points': 7}, {'avg_silhouette': 0.38805311119668295, 'num_points': 29}, {'avg_silhouette': 0.5403160537656587, 'num_points': 6}, {'avg_silhouette': 0.511357653181615, 'num_points': 19}, {'avg_silhouette': 0.9123899799465095, 'num_points': 5}, {'avg_silhouette': 0.434768524428216, 'num_points': 87}, {'avg_silhouette': 0.45022292164548966, 'num_points': 16}, {'avg_silhouette': 0.7478842795692193, 'num_points': 7}, {'avg_silhouette': 0.4024181035249648, 'num_points': 75}, {'avg_silhouette': 0.37826541076340336, 'num_points': 12}, {'avg_silhouette': 0.43459260796702165, 'num_points': 20}, {'avg_silhouette': 0.3800652786954415, 'num_points': 12}, {'avg_silhouette': 0.4230460267177839, 'num_points': 13}, {'avg_silhouette': 0.39096075471826935, 'num_points': 8}, {'avg_silhouette': 0.5158085303686786, 'num_points': 8}, {'avg_silhouette': 0.8209138451541905, 'num_points': 9}, {'avg_silhouette': 0.5222982706697671, 'num_points': 23}, {'avg_silhouette': 0.4669666517790488, 'num_points': 17}, {'avg_silhouette': 0.5234446074948513, 'num_points': 21}, {'avg_silhouette': 0.35990653783383575, 'num_points': 22}, {'avg_silhouette': 0.3457209623810977, 'num_points': 10}, {'avg_silhouette': 0.47392854528603634, 'num_points': 13}, {'avg_silhouette': 0.47457763327838504, 'num_points': 8}, {'avg_silhouette': 0.5981744827564156, 'num_points': 6}, {'avg_silhouette': 0.48193821765809813, 'num_points': 6}, {'avg_silhouette': 0.6040979756163856, 'num_points': 8}, {'avg_silhouette': 0.41496304526666283, 'num_points': 8}, {'avg_silhouette': 0.7465482952801782, 'num_points': 6}, {'avg_silhouette': 0.9048853480954951, 'num_points': 6}, {'avg_silhouette': 0.7973265441141263, 'num_points': 15}, {'avg_silhouette': 0.5423181903626799, 'num_points': 9}, {'avg_silhouette': 0.5387552644445288, 'num_points': 5}, {'avg_silhouette': 0.7598141324032088, 'num_points': 5}, {'avg_silhouette': 0.2979062606286631, 'num_points': 5}, {'avg_silhouette': 0.33516225343915257, 'num_points': 5}]",5.0,51,0.14674214138165664,,2,0.49988247697058225
AGGLC,ward,,"[{'avg_silhouette': -0.012181100502664854, 'num_points': 1177}, {'avg_silhouette': 0.4119762486118283, 'num_points': 395}, {'avg_silhouette': 0.4965983281486679, 'num_points': 132}, {'avg_silhouette': 0.31865093139029416, 'num_points': 146}]",,4,0.14079323146413122,,4,0.3037611019120314
K-means,,,"[{'avg_silhouette': 0.015435754559966191, 'num_points': 1207}, {'avg_silhouette': 0.5321816769420754, 'num_points': 59}, {'avg_silhouette': 0.38447694498654594, 'num_points': 426}, {'avg_silhouette': 0.2938022176726897, 'num_points': 158}]",,4,0.14066897494595415,,3,0.23123830573973395
DBSCAN,,0.3123301886760994,"[{'avg_silhouette': 0.4650184770127011, 'num_points': 35}, {'avg_silhouette': 0.4640824266150233, 'num_points': 134}, {'avg_silhouette': 0.37241454676474883, 'num_points': 35}, {'avg_silhouette': 0.49725546822015587, 'num_points': 64}, {'avg_silhouette': 0.3548449134887192, 'num_points': 12}, {'avg_silhouette': 0.4211048971867148, 'num_points': 21}, {'avg_silhouette': 0.39255674677597424, 'num_points': 10}, {'avg_silhouette': 0.5519962042130798, 'num_points': 124}, {'avg_silhouette': 0.3225893421315878, 'num_points': 60}, {'avg_silhouette': 0.42581138467420454, 'num_points': 14}, {'avg_silhouette': 0.5146467047791092, 'num_points': 11}, {'avg_silhouette': 0.3823810514312186, 'num_points': 33}, {'avg_silhouette': 0.3883714545095496, 'num_points': 26}, {'avg_silhouette': 0.44528969125301154, 'num_points': 7}, {'avg_silhouette': 0.5435588332500202, 'num_points': 86}, {'avg_silhouette': 0.6213767855955896, 'num_points': 6}, {'avg_silhouette': 0.6988924830859674, 'num_points': 7}, {'avg_silhouette': 0.38805311119668295, 'num_points': 29}, {'avg_silhouette': 0.5403160537656587, 'num_points': 6}, {'avg_silhouette': 0.5013786523582207, 'num_points': 19}, {'avg_silhouette': 0.9120425780013841, 'num_points': 5}, {'avg_silhouette': 0.434768524428216, 'num_points': 87}, {'avg_silhouette': 0.4928699384255411, 'num_points': 15}, {'avg_silhouette': 0.7478842795692193, 'num_points': 7}, {'avg_silhouette': 0.4024181035249648, 'num_points': 75}, {'avg_silhouette': 0.36721443639622886, 'num_points': 12}, {'avg_silhouette': 0.43459260796702165, 'num_points': 20}, {'avg_silhouette': 0.43011789172190534, 'num_points': 11}, {'avg_silhouette': 0.40680405705674005, 'num_points': 13}, {'avg_silhouette': 0.37646022192007433, 'num_points': 8}, {'avg_silhouette': 0.5158085303686786, 'num_points': 8}, {'avg_silhouette': 0.8209138451541905, 'num_points': 9}, {'avg_silhouette': 0.5701732827271964, 'num_points': 21}, {'avg_silhouette': 0.4654652435605192, 'num_points': 17}, {'avg_silhouette': 0.5234446074948513, 'num_points': 21}, {'avg_silhouette': 0.35990653783383575, 'num_points': 22}, {'avg_silhouette': 0.3457209623810977, 'num_points': 10}, {'avg_silhouette': 0.47392854528603634, 'num_points': 13}, {'avg_silhouette': 0.5015640225586173, 'num_points': 7}, {'avg_silhouette': 0.5877177444278271, 'num_points': 6}, {'avg_silhouette': 0.48193821765809813, 'num_points': 6}, {'avg_silhouette': 0.6040979756163856, 'num_points': 8}, {'avg_silhouette': 0.4738041631052961, 'num_points': 7}, {'avg_silhouette': 0.8089710844852757, 'num_points': 5}, {'avg_silhouette': 0.9042349310968486, 'num_points': 6}, {'avg_silhouette': 0.7973265441141263, 'num_points': 15}, {'avg_silhouette': 0.5365036515562671, 'num_points': 9}, {'avg_silhouette': 0.5387552644445288, 'num_points': 5}, {'avg_silhouette': 0.7598141324032088, 'num_points': 5}, {'avg_silhouette': 0.2979062606286631, 'num_points': 5}]",5.0,50,0.13957236535813916,,2,0.5080393154140516
HDBSCAN,,,"[{'avg_silhouette': 0.38013825939929924, 'num_points': 118}, {'avg_silhouette': 0.448122491938585, 'num_points': 129}, {'avg_silhouette': 0.5675491330941965, 'num_points': 53}, {'avg_silhouette': 0.6367919885439304, 'num_points': 99}, {'avg_silhouette': 0.4655189386403656, 'num_points': 69}, {'avg_silhouette': 0.5108958968108585, 'num_points': 97}, {'avg_silhouette': 0.3556204027169924, 'num_points': 229}, {'avg_silhouette': 0.43169592368225324, 'num_points': 63}, {'avg_silhouette': 0.5800893245820323, 'num_points': 116}, {'avg_silhouette': 0.6068169634332924, 'num_points': 116}]",,10,0.13722615057552306,43.0,7,0.5026393324892843
DBSCAN,,0.3023301886760994,"[{'avg_silhouette': 0.4706896260337279, 'num_points': 35}, {'avg_silhouette': 0.4722059797884602, 'num_points': 133}, {'avg_silhouette': 0.37078398287028846, 'num_points': 35}, {'avg_silhouette': 0.49725546822015587, 'num_points': 64}, {'avg_silhouette': 0.3548449134887192, 'num_points': 12}, {'avg_silhouette': 0.4211048971867148, 'num_points': 21}, {'avg_silhouette': 0.3838734460111257, 'num_points': 10}, {'avg_silhouette': 0.5626000593471491, 'num_points': 123}, {'avg_silhouette': 0.31638514351741664, 'num_points': 60}, {'avg_silhouette': 0.4255116261658846, 'num_points': 14}, {'avg_silhouette': 0.5146467047791092, 'num_points': 11}, {'avg_silhouette': 0.3823810514312186, 'num_points': 33}, {'avg_silhouette': 0.3883714545095496, 'num_points': 26}, {'avg_silhouette': 0.44528969125301154, 'num_points': 7}, {'avg_silhouette': 0.5555553947596892, 'num_points': 85}, {'avg_silhouette': 0.6213767855955896, 'num_points': 6}, {'avg_silhouette': 0.6972646747960587, 'num_points': 7}, {'avg_silhouette': 0.38805311119668295, 'num_points': 29}, {'avg_silhouette': 0.5389871624486409, 'num_points': 6}, {'avg_silhouette': 0.5013786523582207, 'num_points': 19}, {'avg_silhouette': 0.9115247563989062, 'num_points': 5}, {'avg_silhouette': 0.4334848663627775, 'num_points': 87}, {'avg_silhouette': 0.4928699384255411, 'num_points': 15}, {'avg_silhouette': 0.7478842795692193, 'num_points': 7}, {'avg_silhouette': 0.4130532556853738, 'num_points': 74}, {'avg_silhouette': 0.36721443639622886, 'num_points': 12}, {'avg_silhouette': 0.43459260796702165, 'num_points': 20}, {'avg_silhouette': 0.43011789172190534, 'num_points': 11}, {'avg_silhouette': 0.40680405705674005, 'num_points': 13}, {'avg_silhouette': 0.4145982124973987, 'num_points': 7}, {'avg_silhouette': 0.5158085303686786, 'num_points': 8}, {'avg_silhouette': 0.8209138451541905, 'num_points': 9}, {'avg_silhouette': 0.5701732827271964, 'num_points': 21}, {'avg_silhouette': 0.4635643236988103, 'num_points': 17}, {'avg_silhouette': 0.517519844750158, 'num_points': 21}, {'avg_silhouette': 0.35990653783383575, 'num_points': 22}, {'avg_silhouette': 0.3457209623810977, 'num_points': 10}, {'avg_silhouette': 0.5255085613103334, 'num_points': 12}, {'avg_silhouette': 0.5015640225586173, 'num_points': 7}, {'avg_silhouette': 0.5877177444278271, 'num_points': 6}, {'avg_silhouette': 0.48193821765809813, 'num_points': 6}, {'avg_silhouette': 0.6040979756163856, 'num_points': 8}, {'avg_silhouette': 0.4738041631052961, 'num_points': 7}, {'avg_silhouette': 0.8089710844852757, 'num_points': 5}, {'avg_silhouette': 0.9042349310968486, 'num_points': 6}, {'avg_silhouette': 0.7973265441141263, 'num_points': 15}, {'avg_silhouette': 0.5909063844895149, 'num_points': 8}, {'avg_silhouette': 0.7598141324032088, 'num_points': 5}]",5.0,48,0.13416563902881,,2,0.5174030195678047
DBSCAN,,0.2923301886760994,"[{'avg_silhouette': 0.4632685689407758, 'num_points': 35}, {'avg_silhouette': 0.47895948844034736, 'num_points': 132}, {'avg_silhouette': 0.37078398287028846, 'num_points': 35}, {'avg_silhouette': 0.5091085795619257, 'num_points': 63}, {'avg_silhouette': 0.3506442547415351, 'num_points': 12}, {'avg_silhouette': 0.44634255228486575, 'num_points': 20}, {'avg_silhouette': 0.3838734460111257, 'num_points': 10}, {'avg_silhouette': 0.5556577870238046, 'num_points': 123}, {'avg_silhouette': 0.31638514351741664, 'num_points': 60}, {'avg_silhouette': 0.4164183526513896, 'num_points': 14}, {'avg_silhouette': 0.5146467047791092, 'num_points': 11}, {'avg_silhouette': 0.3823810514312186, 'num_points': 33}, {'avg_silhouette': 0.40488100795166987, 'num_points': 25}, {'avg_silhouette': 0.44528969125301154, 'num_points': 7}, {'avg_silhouette': 0.5555553947596892, 'num_points': 85}, {'avg_silhouette': 0.6213767855955896, 'num_points': 6}, {'avg_silhouette': 0.6972646747960587, 'num_points': 7}, {'avg_silhouette': 0.414103611019812, 'num_points': 28}, {'avg_silhouette': 0.49904342485990133, 'num_points': 19}, {'avg_silhouette': 0.9112866291436161, 'num_points': 5}, {'avg_silhouette': 0.4334848663627775, 'num_points': 87}, {'avg_silhouette': 0.4928699384255411, 'num_points': 15}, {'avg_silhouette': 0.7478842795692193, 'num_points': 7}, {'avg_silhouette': 0.4130532556853738, 'num_points': 74}, {'avg_silhouette': 0.36721443639622886, 'num_points': 12}, {'avg_silhouette': 0.43459260796702165, 'num_points': 20}, {'avg_silhouette': 0.43011789172190534, 'num_points': 11}, {'avg_silhouette': 0.5389871624486409, 'num_points': 6}, {'avg_silhouette': 0.40680405705674005, 'num_points': 13}, {'avg_silhouette': 0.4145982124973987, 'num_points': 7}, {'avg_silhouette': 0.5158085303686786, 'num_points': 8}, {'avg_silhouette': 0.8209138451541905, 'num_points': 9}, {'avg_silhouette': 0.5701732827271964, 'num_points': 21}, {'avg_silhouette': 0.5185799805763822, 'num_points': 16}, {'avg_silhouette': 0.517519844750158, 'num_points': 21}, {'avg_silhouette': 0.35990653783383575, 'num_points': 22}, {'avg_silhouette': 0.3457209623810977, 'num_points': 10}, {'avg_silhouette': 0.5255085613103334, 'num_points': 12}, {'avg_silhouette': 0.5015640225586173, 'num_points': 7}, {'avg_silhouette': 0.5877177444278271, 'num_points': 6}, {'avg_silhouette': 0.4756363113256776, 'num_points': 6}, {'avg_silhouette': 0.6040979756163856, 'num_points': 8}, {'avg_silhouette': 0.4738041631052961, 'num_points': 7}, {'avg_silhouette': 0.8086455961505361, 'num_points': 5}, {'avg_silhouette': 0.9042349310968486, 'num_points': 6}, {'avg_silhouette': 0.7973265441141263, 'num_points': 15}, {'avg_silhouette': 0.5909063844895149, 'num_points': 8}, {'avg_silhouette': 0.7598141324032088, 'num_points': 5}]",5.0,48,0.13229465776044033,,2,0.517308637732076
HDBSCAN,,,"[{'avg_silhouette': 0.3866352156590348, 'num_points': 116}, {'avg_silhouette': 0.4477305514470964, 'num_points': 129}, {'avg_silhouette': 0.5787407473907165, 'num_points': 52}, {'avg_silhouette': 0.6355437592996892, 'num_points': 99}, {'avg_silhouette': 0.4828904277530757, 'num_points': 65}, {'avg_silhouette': 0.5098443311471347, 'num_points': 97}, {'avg_silhouette': 0.3602833273544967, 'num_points': 226}, {'avg_silhouette': 0.4540826031406914, 'num_points': 60}, {'avg_silhouette': 0.6002281443783856, 'num_points': 113}, {'avg_silhouette': 0.6113503918290775, 'num_points': 115}]",,10,0.13226435468484515,48.0,7,0.5073736744449878
DBSCAN,,0.34233018867609943,"[{'avg_silhouette': 0.37905609766970355, 'num_points': 74}, {'avg_silhouette': 0.43191021751090325, 'num_points': 292}, {'avg_silhouette': 0.362189823671739, 'num_points': 220}, {'avg_silhouette': 0.41494292604122796, 'num_points': 88}, {'avg_silhouette': 0.684926633361838, 'num_points': 38}, {'avg_silhouette': 0.5519446197312257, 'num_points': 27}, {'avg_silhouette': 0.48110141081837626, 'num_points': 62}, {'avg_silhouette': 0.4966627080871635, 'num_points': 48}, {'avg_silhouette': 0.668348748082027, 'num_points': 94}, {'avg_silhouette': 0.44529923286517764, 'num_points': 29}, {'avg_silhouette': 0.7623614130188535, 'num_points': 18}, {'avg_silhouette': 0.4131691816116597, 'num_points': 52}, {'avg_silhouette': 0.39163296644616263, 'num_points': 16}, {'avg_silhouette': 0.5569752039803048, 'num_points': 11}, {'avg_silhouette': 0.5510678532125691, 'num_points': 23}, {'avg_silhouette': 0.46717143710429304, 'num_points': 30}, {'avg_silhouette': 0.5233094870175565, 'num_points': 11}, {'avg_silhouette': 0.778714804908503, 'num_points': 23}]",10.0,18,0.13159921026868804,,3,0.48748292975488977
DBSCAN,,0.35233018867609944,"[{'avg_silhouette': 0.37940231808514807, 'num_points': 76}, {'avg_silhouette': 0.33595425588409966, 'num_points': 293}, {'avg_silhouette': 0.3588522243881569, 'num_points': 223}, {'avg_silhouette': 0.41062840390623273, 'num_points': 89}, {'avg_silhouette': 0.6732185215799458, 'num_points': 40}, {'avg_silhouette': 0.5491917339113811, 'num_points': 27}, {'avg_silhouette': 0.4218259358908587, 'num_points': 70}, {'avg_silhouette': 0.4779926641246853, 'num_points': 50}, {'avg_silhouette': 0.6627100284189096, 'num_points': 95}, {'avg_silhouette': 0.42921252878081084, 'num_points': 31}, {'avg_silhouette': 0.7627524224300528, 'num_points': 18}, {'avg_silhouette': 0.4170780047430828, 'num_points': 52}, {'avg_silhouette': 0.47029850171070897, 'num_points': 10}, {'avg_silhouette': 0.37693830803708483, 'num_points': 18}, {'avg_silhouette': 0.5213806852121635, 'num_points': 12}, {'avg_silhouette': 0.5525313995563709, 'num_points': 23}, {'avg_silhouette': 0.453914257568257, 'num_points': 31}, {'avg_silhouette': 0.4968697752798777, 'num_points': 12}, {'avg_silhouette': 0.7788991926457544, 'num_points': 23}]",10.0,19,0.13108727690704067,,3,0.4525055028970553
HDBSCAN,,,"[{'avg_silhouette': 0.36791700457641685, 'num_points': 122}, {'avg_silhouette': 0.4452955661790542, 'num_points': 130}, {'avg_silhouette': 0.5688488133629954, 'num_points': 53}, {'avg_silhouette': 0.5811036591989758, 'num_points': 100}, {'avg_silhouette': 0.46773113530008903, 'num_points': 51}, {'avg_silhouette': 0.4361752919413142, 'num_points': 76}, {'avg_silhouette': 0.48597816201297656, 'num_points': 103}, {'avg_silhouette': 0.39555023901883457, 'num_points': 68}, {'avg_silhouette': 0.505458075022046, 'num_points': 65}, {'avg_silhouette': 0.44545485718546, 'num_points': 85}, {'avg_silhouette': 0.5734535153409225, 'num_points': 117}, {'avg_silhouette': 0.6076813673759865, 'num_points': 116}]",,12,0.1303961891297077,28.0,6,0.5102382124473888
DBSCAN,,0.34233018867609943,"[{'avg_silhouette': 0.23437684879977932, 'num_points': 74}, {'avg_silhouette': 0.3293584153446553, 'num_points': 292}, {'avg_silhouette': 0.27759199834012943, 'num_points': 220}, {'avg_silhouette': 0.6930630884536524, 'num_points': 22}, {'avg_silhouette': 0.41918844038073055, 'num_points': 88}, {'avg_silhouette': 0.6579510666848252, 'num_points': 40}, {'avg_silhouette': 0.4935147377690386, 'num_points': 27}, {'avg_silhouette': 0.3756882990106151, 'num_points': 52}, {'avg_silhouette': 0.27168287557998794, 'num_points': 64}, {'avg_silhouette': 0.5569752039803048, 'num_points': 11}, {'avg_silhouette': 0.33660697971789477, 'num_points': 50}, {'avg_silhouette': 0.4545482507896173, 'num_points': 17}, {'avg_silhouette': 0.572948163343228, 'num_points': 94}, {'avg_silhouette': 0.6870619783870681, 'num_points': 6}, {'avg_silhouette': 0.5498759860328136, 'num_points': 6}, {'avg_silhouette': 0.5262265243657918, 'num_points': 9}, {'avg_silhouette': 0.44529923286517764, 'num_points': 29}, {'avg_silhouette': 0.37430529379406374, 'num_points': 18}, {'avg_silhouette': 0.5878763728408886, 'num_points': 5}, {'avg_silhouette': 0.39096075471826935, 'num_points': 8}, {'avg_silhouette': 0.5510678532125691, 'num_points': 23}, {'avg_silhouette': 0.46717143710429304, 'num_points': 30}, {'avg_silhouette': 0.47457763327838504, 'num_points': 8}, {'avg_silhouette': 0.46815978032075983, 'num_points': 10}, {'avg_silhouette': 0.7307898863054161, 'num_points': 10}, {'avg_silhouette': 0.7482673697927101, 'num_points': 6}, {'avg_silhouette': 0.7727893837632823, 'num_points': 23}, {'avg_silhouette': 0.5423181903626799, 'num_points': 9}, {'avg_silhouette': 0.4231783748227419, 'num_points': 5}, {'avg_silhouette': 0.4862364922010599, 'num_points': 5}]",5.0,30,0.13015127549559813,,3,0.3932995256760042
DBSCAN,,0.5023301886760996,"[{'avg_silhouette': 0.12315540247186495, 'num_points': 1003}, {'avg_silhouette': 0.7148152545659174, 'num_points': 23}, {'avg_silhouette': 0.6556289414156043, 'num_points': 46}, {'avg_silhouette': 0.5410682863588935, 'num_points': 102}, {'avg_silhouette': 0.7010523619312861, 'num_points': 104}, {'avg_silhouette': 0.5358941596728718, 'num_points': 76}, {'avg_silhouette': 0.4730923347106913, 'num_points': 10}, {'avg_silhouette': 0.662904277906447, 'num_points': 10}, {'avg_silhouette': 0.7381946938489697, 'num_points': 11}, {'avg_silhouette': 0.778259203822226, 'num_points': 24}]",10.0,10,0.12815586989628702,,3,0.4550920169206815
DBSCAN,,0.2823301886760994,"[{'avg_silhouette': 0.4632685689407758, 'num_points': 35}, {'avg_silhouette': 0.47895948844034736, 'num_points': 132}, {'avg_silhouette': 0.36971952828228605, 'num_points': 35}, {'avg_silhouette': 0.5153006726447533, 'num_points': 62}, {'avg_silhouette': 0.3506442547415351, 'num_points': 12}, {'avg_silhouette': 0.4755335970142607, 'num_points': 19}, {'avg_silhouette': 0.3838734460111257, 'num_points': 10}, {'avg_silhouette': 0.5556577870238046, 'num_points': 123}, {'avg_silhouette': 0.3005838299076246, 'num_points': 60}, {'avg_silhouette': 0.4164183526513896, 'num_points': 14}, {'avg_silhouette': 0.5146467047791092, 'num_points': 11}, {'avg_silhouette': 0.3811046966421606, 'num_points': 32}, {'avg_silhouette': 0.40488100795166987, 'num_points': 25}, {'avg_silhouette': 0.5214778365814214, 'num_points': 6}, {'avg_silhouette': 0.5555553947596892, 'num_points': 85}, {'avg_silhouette': 0.6213767855955896, 'num_points': 6}, {'avg_silhouette': 0.6972646747960587, 'num_points': 7}, {'avg_silhouette': 0.414103611019812, 'num_points': 28}, {'avg_silhouette': 0.5254980456267189, 'num_points': 18}, {'avg_silhouette': 0.9112866291436161, 'num_points': 5}, {'avg_silhouette': 0.4324213376374677, 'num_points': 87}, {'avg_silhouette': 0.4928699384255411, 'num_points': 15}, {'avg_silhouette': 0.7478842795692193, 'num_points': 7}, {'avg_silhouette': 0.421965134857264, 'num_points': 73}, {'avg_silhouette': 0.36721443639622886, 'num_points': 12}, {'avg_silhouette': 0.43459260796702165, 'num_points': 20}, {'avg_silhouette': 0.47434538195567316, 'num_points': 10}, {'avg_silhouette': 0.5389871624486409, 'num_points': 6}, {'avg_silhouette': 0.4399677788835407, 'num_points': 12}, {'avg_silhouette': 0.4145982124973987, 'num_points': 7}, {'avg_silhouette': 0.5158085303686786, 'num_points': 8}, {'avg_silhouette': 0.8209138451541905, 'num_points': 9}, {'avg_silhouette': 0.5701732827271964, 'num_points': 21}, {'avg_silhouette': 0.5185799805763822, 'num_points': 16}, {'avg_silhouette': 0.517519844750158, 'num_points': 21}, {'avg_silhouette': 0.35990653783383575, 'num_points': 22}, {'avg_silhouette': 0.3452757150228879, 'num_points': 9}, {'avg_silhouette': 0.5255085613103334, 'num_points': 12}, {'avg_silhouette': 0.5590832913877879, 'num_points': 6}, {'avg_silhouette': 0.5810172529846599, 'num_points': 6}, {'avg_silhouette': 0.47005555423153494, 'num_points': 6}, {'avg_silhouette': 0.6040979756163856, 'num_points': 8}, {'avg_silhouette': 0.5080406618739226, 'num_points': 6}, {'avg_silhouette': 0.8083595654459478, 'num_points': 5}, {'avg_silhouette': 0.9042349310968486, 'num_points': 6}, {'avg_silhouette': 0.7973265441141263, 'num_points': 15}, {'avg_silhouette': 0.5823192991950505, 'num_points': 8}, {'avg_silhouette': 0.7598141324032088, 'num_points': 5}]",5.0,48,0.12728876784011234,,2,0.517308637732076
HDBSCAN,,,"[{'avg_silhouette': 0.37064216593816035, 'num_points': 121}, {'avg_silhouette': 0.44923951515559457, 'num_points': 129}, {'avg_silhouette': 0.5688079127290604, 'num_points': 53}, {'avg_silhouette': 0.589436105232046, 'num_points': 99}, {'avg_silhouette': 0.49565891033183285, 'num_points': 47}, {'avg_silhouette': 0.44429789357825394, 'num_points': 74}, {'avg_silhouette': 0.4898138794485642, 'num_points': 102}, {'avg_silhouette': 0.4102256249147279, 'num_points': 66}, {'avg_silhouette': 0.5734535153409225, 'num_points': 117}, {'avg_silhouette': 0.6076813673759865, 'num_points': 116}, {'avg_silhouette': 0.5220873858881397, 'num_points': 63}, {'avg_silhouette': 0.4534188883240644, 'num_points': 83}]",,12,0.12551313193094696,33.0,6,0.513377758081879
HDBSCAN,,,"[{'avg_silhouette': 0.3789969493153128, 'num_points': 118}, {'avg_silhouette': 0.448122491938585, 'num_points': 129}, {'avg_silhouette': 0.5675491330941965, 'num_points': 53}, {'avg_silhouette': 0.589436105232046, 'num_points': 99}, {'avg_silhouette': 0.5161067525284871, 'num_points': 44}, {'avg_silhouette': 0.4511798010808812, 'num_points': 72}, {'avg_silhouette': 0.4908935735288293, 'num_points': 101}, {'avg_silhouette': 0.429071694325797, 'num_points': 63}, {'avg_silhouette': 0.5734535153409225, 'num_points': 117}, {'avg_silhouette': 0.6076813673759865, 'num_points': 116}, {'avg_silhouette': 0.5220873858881397, 'num_points': 63}, {'avg_silhouette': 0.4534188883240644, 'num_points': 83}]",,12,0.12092637016511941,38.0,6,0.5147640004552804
DBSCAN,,0.27233018867609937,"[{'avg_silhouette': 0.46059194449629154, 'num_points': 35}, {'avg_silhouette': 0.47895948844034736, 'num_points': 132}, {'avg_silhouette': 0.3811332470439576, 'num_points': 34}, {'avg_silhouette': 0.5243617492970748, 'num_points': 61}, {'avg_silhouette': 0.34557225414518317, 'num_points': 12}, {'avg_silhouette': 0.4755335970142607, 'num_points': 19}, {'avg_silhouette': 0.5556577870238046, 'num_points': 123}, {'avg_silhouette': 0.30259351391941003, 'num_points': 60}, {'avg_silhouette': 0.4164183526513896, 'num_points': 14}, {'avg_silhouette': 0.5571235627674138, 'num_points': 10}, {'avg_silhouette': 0.3842608395018718, 'num_points': 31}, {'avg_silhouette': 0.4242066084791502, 'num_points': 24}, {'avg_silhouette': 0.5139544390145896, 'num_points': 6}, {'avg_silhouette': 0.5555553947596892, 'num_points': 85}, {'avg_silhouette': 0.6213767855955896, 'num_points': 6}, {'avg_silhouette': 0.6972646747960587, 'num_points': 7}, {'avg_silhouette': 0.4289279278949702, 'num_points': 27}, {'avg_silhouette': 0.524242007134788, 'num_points': 18}, {'avg_silhouette': 0.9112866291436161, 'num_points': 5}, {'avg_silhouette': 0.4360861911558209, 'num_points': 86}, {'avg_silhouette': 0.4928699384255411, 'num_points': 15}, {'avg_silhouette': 0.7478842795692193, 'num_points': 7}, {'avg_silhouette': 0.38584552165291025, 'num_points': 10}, {'avg_silhouette': 0.4200642679863835, 'num_points': 73}, {'avg_silhouette': 0.36721443639622886, 'num_points': 12}, {'avg_silhouette': 0.45156748140464636, 'num_points': 19}, {'avg_silhouette': 0.47434538195567316, 'num_points': 10}, {'avg_silhouette': 0.5389871624486409, 'num_points': 6}, {'avg_silhouette': 0.47934061653411175, 'num_points': 11}, {'avg_silhouette': 0.601389479585218, 'num_points': 7}, {'avg_silhouette': 0.8209138451541905, 'num_points': 9}, {'avg_silhouette': 0.5911348378174675, 'num_points': 20}, {'avg_silhouette': 0.5185799805763822, 'num_points': 16}, {'avg_silhouette': 0.5121819703005677, 'num_points': 21}, {'avg_silhouette': 0.37505793126695175, 'num_points': 21}, {'avg_silhouette': 0.39000907843532456, 'num_points': 8}, {'avg_silhouette': 0.5255085613103334, 'num_points': 12}, {'avg_silhouette': 0.5810172529846599, 'num_points': 6}, {'avg_silhouette': 0.47005555423153494, 'num_points': 6}, {'avg_silhouette': 0.6029039484425074, 'num_points': 8}, {'avg_silhouette': 0.507273790127798, 'num_points': 6}, {'avg_silhouette': 0.5590832913877879, 'num_points': 6}, {'avg_silhouette': 0.9042349310968486, 'num_points': 6}, {'avg_silhouette': 0.7973265441141263, 'num_points': 15}, {'avg_silhouette': 0.5823192991950505, 'num_points': 8}, {'avg_silhouette': 0.7598141324032088, 'num_points': 5}, {'avg_silhouette': 0.4564045823758552, 'num_points': 6}]",5.0,47,0.11968461768867575,,2,0.517308637732076
K-means,,,"[{'avg_silhouette': 0.3916273521552416, 'num_points': 426}, {'avg_silhouette': 0.001034217621299209, 'num_points': 1266}, {'avg_silhouette': 0.2938433127859736, 'num_points': 158}]",,3,0.11598368375507111,,3,0.22883496085417146
DBSCAN,,0.26233018867609936,"[{'avg_silhouette': 0.4688361553630853, 'num_points': 34}, {'avg_silhouette': 0.477689809689732, 'num_points': 132}, {'avg_silhouette': 0.4125536619018408, 'num_points': 33}, {'avg_silhouette': 0.5327351055592794, 'num_points': 60}, {'avg_silhouette': 0.34557225414518317, 'num_points': 12}, {'avg_silhouette': 0.5085550381720182, 'num_points': 18}, {'avg_silhouette': 0.5635402100257665, 'num_points': 122}, {'avg_silhouette': 0.3122996043640426, 'num_points': 59}, {'avg_silhouette': 0.4164183526513896, 'num_points': 14}, {'avg_silhouette': 0.5561110513542323, 'num_points': 10}, {'avg_silhouette': 0.40678961316546575, 'num_points': 30}, {'avg_silhouette': 0.4242066084791502, 'num_points': 24}, {'avg_silhouette': 0.5139544390145896, 'num_points': 6}, {'avg_silhouette': 0.5555553947596892, 'num_points': 85}, {'avg_silhouette': 0.6213767855955896, 'num_points': 6}, {'avg_silhouette': 0.6972646747960587, 'num_points': 7}, {'avg_silhouette': 0.44664837797400925, 'num_points': 26}, {'avg_silhouette': 0.5530123711840442, 'num_points': 17}, {'avg_silhouette': 0.9112866291436161, 'num_points': 5}, {'avg_silhouette': 0.4360861911558209, 'num_points': 86}, {'avg_silhouette': 0.4928699384255411, 'num_points': 15}, {'avg_silhouette': 0.7478842795692193, 'num_points': 7}, {'avg_silhouette': 0.38584552165291025, 'num_points': 10}, {'avg_silhouette': 0.4172571469477572, 'num_points': 73}, {'avg_silhouette': 0.36721443639622886, 'num_points': 12}, {'avg_silhouette': 0.4508883657878636, 'num_points': 19}, {'avg_silhouette': 0.47434538195567316, 'num_points': 10}, {'avg_silhouette': 0.5389871624486409, 'num_points': 6}, {'avg_silhouette': 0.4722332313933579, 'num_points': 11}, {'avg_silhouette': 0.601389479585218, 'num_points': 7}, {'avg_silhouette': 0.8209138451541905, 'num_points': 9}, {'avg_silhouette': 0.5911348378174675, 'num_points': 20}, {'avg_silhouette': 0.5176571765666647, 'num_points': 16}, {'avg_silhouette': 0.5121819703005677, 'num_points': 21}, {'avg_silhouette': 0.37505793126695175, 'num_points': 21}, {'avg_silhouette': 0.39000907843532456, 'num_points': 8}, {'avg_silhouette': 0.5255085613103334, 'num_points': 12}, {'avg_silhouette': 0.5810172529846599, 'num_points': 6}, {'avg_silhouette': 0.4631219030355225, 'num_points': 6}, {'avg_silhouette': 0.6029039484425074, 'num_points': 8}, {'avg_silhouette': 0.5594160377364847, 'num_points': 6}, {'avg_silhouette': 0.904236303802565, 'num_points': 6}, {'avg_silhouette': 0.7973265441141263, 'num_points': 15}, {'avg_silhouette': 0.5823192991950505, 'num_points': 8}, {'avg_silhouette': 0.7598141324032088, 'num_points': 5}, {'avg_silhouette': 0.47276773661643573, 'num_points': 5}]",5.0,46,0.1139332036347586,,2,0.5206150098577492
DBSCAN,,0.25233018867609935,"[{'avg_silhouette': 0.49215202632935545, 'num_points': 33}, {'avg_silhouette': 0.4762087582443807, 'num_points': 132}, {'avg_silhouette': 0.4455008280074754, 'num_points': 30}, {'avg_silhouette': 0.554232671638651, 'num_points': 58}, {'avg_silhouette': 0.4034958306977153, 'num_points': 11}, {'avg_silhouette': 0.5085550381720182, 'num_points': 18}, {'avg_silhouette': 0.5635402100257665, 'num_points': 122}, {'avg_silhouette': 0.36660353821277963, 'num_points': 54}, {'avg_silhouette': 0.4585352576522955, 'num_points': 13}, {'avg_silhouette': 0.5950501297764595, 'num_points': 9}, {'avg_silhouette': 0.4253344194456143, 'num_points': 29}, {'avg_silhouette': 0.41430575274923465, 'num_points': 24}, {'avg_silhouette': 0.5139544390145896, 'num_points': 6}, {'avg_silhouette': 0.6177418782400573, 'num_points': 6}, {'avg_silhouette': 0.6972646747960587, 'num_points': 7}, {'avg_silhouette': 0.44143094542234196, 'num_points': 26}, {'avg_silhouette': 0.5504384863347308, 'num_points': 17}, {'avg_silhouette': 0.9112866291436161, 'num_points': 5}, {'avg_silhouette': 0.44020176451587845, 'num_points': 85}, {'avg_silhouette': 0.4928699384255411, 'num_points': 15}, {'avg_silhouette': 0.7478842795692193, 'num_points': 7}, {'avg_silhouette': 0.5555553947596892, 'num_points': 85}, {'avg_silhouette': 0.4362536574635308, 'num_points': 9}, {'avg_silhouette': 0.4187315417588439, 'num_points': 72}, {'avg_silhouette': 0.44878773273325095, 'num_points': 19}, {'avg_silhouette': 0.47434538195567316, 'num_points': 10}, {'avg_silhouette': 0.5389871624486409, 'num_points': 6}, {'avg_silhouette': 0.46756342789511524, 'num_points': 11}, {'avg_silhouette': 0.601389479585218, 'num_points': 7}, {'avg_silhouette': 0.8209138451541905, 'num_points': 9}, {'avg_silhouette': 0.5911348378174675, 'num_points': 20}, {'avg_silhouette': 0.36721443639622886, 'num_points': 12}, {'avg_silhouette': 0.5147996880641887, 'num_points': 16}, {'avg_silhouette': 0.5121819703005677, 'num_points': 21}, {'avg_silhouette': 0.39000907843532456, 'num_points': 8}, {'avg_silhouette': 0.5233785013605411, 'num_points': 12}, {'avg_silhouette': 0.4085127876851226, 'num_points': 5}, {'avg_silhouette': 0.5810172529846599, 'num_points': 6}, {'avg_silhouette': 0.4631219030355225, 'num_points': 6}, {'avg_silhouette': 0.4590640790096361, 'num_points': 16}, {'avg_silhouette': 0.582296020491932, 'num_points': 8}, {'avg_silhouette': 0.5421291926616901, 'num_points': 6}, {'avg_silhouette': 0.9034161645660003, 'num_points': 6}, {'avg_silhouette': 0.7973265441141263, 'num_points': 15}, {'avg_silhouette': 0.5823192991950505, 'num_points': 8}, {'avg_silhouette': 0.7598141324032088, 'num_points': 5}]",5.0,46,0.1065886707231019,,2,0.5198744841350735
HDBSCAN,,,"[{'avg_silhouette': 0.3924820895406235, 'num_points': 114}, {'avg_silhouette': 0.44666548156854735, 'num_points': 129}, {'avg_silhouette': 0.6353853040850678, 'num_points': 99}, {'avg_silhouette': 0.4828006856166184, 'num_points': 64}, {'avg_silhouette': 0.5108032980151848, 'num_points': 96}, {'avg_silhouette': 0.3618919279813064, 'num_points': 225}, {'avg_silhouette': 0.4774599050378006, 'num_points': 57}, {'avg_silhouette': 0.5984529192333305, 'num_points': 113}, {'avg_silhouette': 0.6256094396400965, 'num_points': 113}]",,9,0.10647289344364333,53.0,7,0.5101843514377367
HDBSCAN,,,"[{'avg_silhouette': 0.4199472759178302, 'num_points': 114}, {'avg_silhouette': 0.4757464806555358, 'num_points': 128}, {'avg_silhouette': 0.6500285348066609, 'num_points': 99}, {'avg_silhouette': 0.5713707332935428, 'num_points': 62}, {'avg_silhouette': 0.22064355514257958, 'num_points': 278}, {'avg_silhouette': 0.5759584982376665, 'num_points': 96}, {'avg_silhouette': 0.6411155427112326, 'num_points': 111}, {'avg_silhouette': 0.5965945410763399, 'num_points': 113}]",,8,0.10467240106770037,58.0,7,0.5114334897925493
DBSCAN,,0.24233018867609935,"[{'avg_silhouette': 0.4841132366915398, 'num_points': 33}, {'avg_silhouette': 0.6156905351181344, 'num_points': 109}, {'avg_silhouette': 0.43617282118087314, 'num_points': 30}, {'avg_silhouette': 0.554232671638651, 'num_points': 58}, {'avg_silhouette': 0.4034958306977153, 'num_points': 11}, {'avg_silhouette': 0.5085550381720182, 'num_points': 18}, {'avg_silhouette': 0.6397508402042448, 'num_points': 109}, {'avg_silhouette': 0.42417693180829347, 'num_points': 37}, {'avg_silhouette': 0.45104328393580617, 'num_points': 13}, {'avg_silhouette': 0.25489440368268707, 'num_points': 17}, {'avg_silhouette': 0.5950501297764595, 'num_points': 9}, {'avg_silhouette': 0.4253344194456143, 'num_points': 29}, {'avg_silhouette': 0.3591289012617062, 'num_points': 22}, {'avg_silhouette': 0.41430575274923465, 'num_points': 24}, {'avg_silhouette': 0.502304301813016, 'num_points': 6}, {'avg_silhouette': 0.6948494980314539, 'num_points': 7}, {'avg_silhouette': 0.4803842654965447, 'num_points': 25}, {'avg_silhouette': 0.6677598262979249, 'num_points': 5}, {'avg_silhouette': 0.5504384863347308, 'num_points': 17}, {'avg_silhouette': 0.9064727723390711, 'num_points': 5}, {'avg_silhouette': 0.4335474560411781, 'num_points': 84}, {'avg_silhouette': 0.5696760872590164, 'num_points': 13}, {'avg_silhouette': 0.7478842795692193, 'num_points': 7}, {'avg_silhouette': 0.5267373215781009, 'num_points': 12}, {'avg_silhouette': 0.46038895144420783, 'num_points': 68}, {'avg_silhouette': 0.5859526293567927, 'num_points': 81}, {'avg_silhouette': 0.477174206912378, 'num_points': 8}, {'avg_silhouette': 0.4946700870452017, 'num_points': 17}, {'avg_silhouette': 0.47434538195567316, 'num_points': 10}, {'avg_silhouette': 0.5423854476468548, 'num_points': 6}, {'avg_silhouette': 0.46756342789511524, 'num_points': 11}, {'avg_silhouette': 0.601389479585218, 'num_points': 7}, {'avg_silhouette': 0.8209138451541905, 'num_points': 9}, {'avg_silhouette': 0.5864373539527354, 'num_points': 20}, {'avg_silhouette': 0.385447404069944, 'num_points': 11}, {'avg_silhouette': 0.5042990206153005, 'num_points': 16}, {'avg_silhouette': 0.5121819703005677, 'num_points': 21}, {'avg_silhouette': 0.46735170353955285, 'num_points': 6}, {'avg_silhouette': 0.5231767182824296, 'num_points': 12}, {'avg_silhouette': 0.5810172529846599, 'num_points': 6}, {'avg_silhouette': 0.5028163649314912, 'num_points': 16}, {'avg_silhouette': 0.582296020491932, 'num_points': 8}, {'avg_silhouette': 0.504387056620912, 'num_points': 6}, {'avg_silhouette': 0.9019916405586236, 'num_points': 6}, {'avg_silhouette': 0.7973265441141263, 'num_points': 15}, {'avg_silhouette': 0.6130564160140028, 'num_points': 7}, {'avg_silhouette': 0.7598141324032088, 'num_points': 5}, {'avg_silhouette': 0.4631219030355225, 'num_points': 6}]",5.0,48,0.10423605473116816,,2,0.6277206876611896
DBSCAN,,0.5123301886760996,"[{'avg_silhouette': 0.12303301278856313, 'num_points': 1148}, {'avg_silhouette': 0.5137438179093421, 'num_points': 5}, {'avg_silhouette': 0.6827253417388108, 'num_points': 25}, {'avg_silhouette': 0.6594093689776444, 'num_points': 46}, {'avg_silhouette': 0.6366758040497036, 'num_points': 11}, {'avg_silhouette': 0.2298899486582701, 'num_points': 115}, {'avg_silhouette': 0.20899713737978176, 'num_points': 82}, {'avg_silhouette': 0.6897608723443309, 'num_points': 5}, {'avg_silhouette': 0.46290136596556847, 'num_points': 6}, {'avg_silhouette': 0.25929888432824977, 'num_points': 15}, {'avg_silhouette': 0.29702243502775416, 'num_points': 8}, {'avg_silhouette': 0.38860105319890875, 'num_points': 6}, {'avg_silhouette': 0.7408490610851118, 'num_points': 11}, {'avg_silhouette': 0.7857263088476109, 'num_points': 6}, {'avg_silhouette': 0.7592732779866259, 'num_points': 25}, {'avg_silhouette': 0.30115591199478897, 'num_points': 5}]",5.0,16,0.09788556064954258,,2,0.1764614807234166
DBSCAN,,0.23233018867609934,"[{'avg_silhouette': 0.4841132366915398, 'num_points': 33}, {'avg_silhouette': 0.6229816435922493, 'num_points': 108}, {'avg_silhouette': 0.43511944757911747, 'num_points': 30}, {'avg_silhouette': 0.5413560443527782, 'num_points': 58}, {'avg_silhouette': 0.4019862388326476, 'num_points': 11}, {'avg_silhouette': 0.5085550381720182, 'num_points': 18}, {'avg_silhouette': 0.62980304102513, 'num_points': 109}, {'avg_silhouette': 0.4018993680113153, 'num_points': 37}, {'avg_silhouette': 0.44747068484093766, 'num_points': 13}, {'avg_silhouette': 0.319269843576602, 'num_points': 15}, {'avg_silhouette': 0.4253344194456143, 'num_points': 29}, {'avg_silhouette': 0.44956999947060616, 'num_points': 19}, {'avg_silhouette': 0.42400214157419647, 'num_points': 23}, {'avg_silhouette': 0.6948494980314539, 'num_points': 7}, {'avg_silhouette': 0.4803842654965447, 'num_points': 25}, {'avg_silhouette': 0.6677598262979249, 'num_points': 5}, {'avg_silhouette': 0.6769660164153787, 'num_points': 14}, {'avg_silhouette': 0.9063571193163933, 'num_points': 5}, {'avg_silhouette': 0.43238091582142346, 'num_points': 84}, {'avg_silhouette': 0.5696760872590164, 'num_points': 13}, {'avg_silhouette': 0.7478842795692193, 'num_points': 7}, {'avg_silhouette': 0.6161568667371872, 'num_points': 10}, {'avg_silhouette': 0.4716014704226786, 'num_points': 67}, {'avg_silhouette': 0.5859526293567927, 'num_points': 81}, {'avg_silhouette': 0.477174206912378, 'num_points': 8}, {'avg_silhouette': 0.4946700870452017, 'num_points': 17}, {'avg_silhouette': 0.47434538195567316, 'num_points': 10}, {'avg_silhouette': 0.5423854476468548, 'num_points': 6}, {'avg_silhouette': 0.46756342789511524, 'num_points': 11}, {'avg_silhouette': 0.502304301813016, 'num_points': 6}, {'avg_silhouette': 0.601389479585218, 'num_points': 7}, {'avg_silhouette': 0.8209138451541905, 'num_points': 9}, {'avg_silhouette': 0.5864373539527354, 'num_points': 20}, {'avg_silhouette': 0.385447404069944, 'num_points': 11}, {'avg_silhouette': 0.5363412994590973, 'num_points': 15}, {'avg_silhouette': 0.5121819703005677, 'num_points': 21}, {'avg_silhouette': 0.5231767182824296, 'num_points': 12}, {'avg_silhouette': 0.6371850035579816, 'num_points': 8}, {'avg_silhouette': 0.5795853844438429, 'num_points': 6}, {'avg_silhouette': 0.5028163649314912, 'num_points': 16}, {'avg_silhouette': 0.582296020491932, 'num_points': 8}, {'avg_silhouette': 0.504387056620912, 'num_points': 6}, {'avg_silhouette': 0.9019916405586236, 'num_points': 6}, {'avg_silhouette': 0.7973265441141263, 'num_points': 15}, {'avg_silhouette': 0.6130564160140028, 'num_points': 7}, {'avg_silhouette': 0.7598141324032088, 'num_points': 5}, {'avg_silhouette': 0.46735170353955285, 'num_points': 6}, {'avg_silhouette': 0.4631219030355225, 'num_points': 6}]",5.0,48,0.09781744892962436,,2,0.6263923423086897
DBSCAN,,0.3323301886760994,"[{'avg_silhouette': 0.45438266089423546, 'num_points': 36}, {'avg_silhouette': 0.45696991480349525, 'num_points': 135}, {'avg_silhouette': 0.3737702682617425, 'num_points': 35}, {'avg_silhouette': 0.461653028120448, 'num_points': 67}, {'avg_silhouette': 0.6560736851336376, 'num_points': 21}, {'avg_silhouette': 0.5427950391376692, 'num_points': 125}, {'avg_silhouette': 0.4280934516048895, 'num_points': 62}, {'avg_silhouette': 0.42604277752004915, 'num_points': 14}, {'avg_silhouette': 0.3553179642016925, 'num_points': 35}, {'avg_silhouette': 0.3629894795820302, 'num_points': 27}, {'avg_silhouette': 0.6841397187690386, 'num_points': 86}, {'avg_silhouette': 0.3763689443785355, 'num_points': 30}, {'avg_silhouette': 0.4634926321103504, 'num_points': 20}, {'avg_silhouette': 0.4234548816279873, 'num_points': 88}, {'avg_silhouette': 0.41301690749288206, 'num_points': 17}, {'avg_silhouette': 0.39500463760057725, 'num_points': 76}, {'avg_silhouette': 0.4068319248009418, 'num_points': 10}, {'avg_silhouette': 0.43765695633560914, 'num_points': 20}, {'avg_silhouette': 0.4612584040536727, 'num_points': 12}, {'avg_silhouette': 0.41638961209150066, 'num_points': 13}, {'avg_silhouette': 0.5321914699504517, 'num_points': 10}, {'avg_silhouette': 0.8896474490469396, 'num_points': 10}, {'avg_silhouette': 0.527281605035365, 'num_points': 23}, {'avg_silhouette': 0.3879220622422804, 'num_points': 12}, {'avg_silhouette': 0.4669666517790488, 'num_points': 17}, {'avg_silhouette': 0.5329612655555285, 'num_points': 21}, {'avg_silhouette': 0.5007032061136288, 'num_points': 22}, {'avg_silhouette': 0.5305686349319572, 'num_points': 10}, {'avg_silhouette': 0.47392854528603634, 'num_points': 13}, {'avg_silhouette': 0.935828887738172, 'num_points': 15}, {'avg_silhouette': 0.4165280131148195, 'num_points': 11}]",10.0,31,0.09507125844417282,,2,0.49988247697058225
DBSCAN,,0.22233018867609933,"[{'avg_silhouette': 0.4813061163891866, 'num_points': 33}, {'avg_silhouette': 0.6213162924656008, 'num_points': 108}, {'avg_silhouette': 0.43374275145115615, 'num_points': 30}, {'avg_silhouette': 0.5411926123257753, 'num_points': 58}, {'avg_silhouette': 0.5085550381720182, 'num_points': 18}, {'avg_silhouette': 0.6365908814467615, 'num_points': 108}, {'avg_silhouette': 0.4114578810135509, 'num_points': 36}, {'avg_silhouette': 0.44747068484093766, 'num_points': 13}, {'avg_silhouette': 0.3197796863228067, 'num_points': 15}, {'avg_silhouette': 0.4253344194456143, 'num_points': 29}, {'avg_silhouette': 0.4670690445118978, 'num_points': 18}, {'avg_silhouette': 0.41139326357327455, 'num_points': 23}, {'avg_silhouette': 0.5025834121624116, 'num_points': 24}, {'avg_silhouette': 0.6676872933471036, 'num_points': 5}, {'avg_silhouette': 0.6769660164153787, 'num_points': 14}, {'avg_silhouette': 0.9063571193163933, 'num_points': 5}, {'avg_silhouette': 0.4312574521104596, 'num_points': 84}, {'avg_silhouette': 0.5696760872590164, 'num_points': 13}, {'avg_silhouette': 0.7478842795692193, 'num_points': 7}, {'avg_silhouette': 0.7041601817953059, 'num_points': 9}, {'avg_silhouette': 0.48129136206680667, 'num_points': 66}, {'avg_silhouette': 0.5859526293567927, 'num_points': 81}, {'avg_silhouette': 0.5225335004771994, 'num_points': 7}, {'avg_silhouette': 0.4946700870452017, 'num_points': 17}, {'avg_silhouette': 0.49032875421643723, 'num_points': 9}, {'avg_silhouette': 0.5423854476468548, 'num_points': 6}, {'avg_silhouette': 0.46756342789511524, 'num_points': 11}, {'avg_silhouette': 0.502304301813016, 'num_points': 6}, {'avg_silhouette': 0.5997632866571783, 'num_points': 7}, {'avg_silhouette': 0.8209138451541905, 'num_points': 9}, {'avg_silhouette': 0.5864373539527354, 'num_points': 20}, {'avg_silhouette': 0.385447404069944, 'num_points': 11}, {'avg_silhouette': 0.5349810776846918, 'num_points': 15}, {'avg_silhouette': 0.5121819703005677, 'num_points': 21}, {'avg_silhouette': 0.522173259783555, 'num_points': 12}, {'avg_silhouette': 0.6371850035579816, 'num_points': 8}, {'avg_silhouette': 0.7139103971220893, 'num_points': 5}, {'avg_silhouette': 0.5028163649314912, 'num_points': 16}, {'avg_silhouette': 0.582296020491932, 'num_points': 8}, {'avg_silhouette': 0.5702651285826282, 'num_points': 5}, {'avg_silhouette': 0.9019704936678176, 'num_points': 6}, {'avg_silhouette': 0.7973265441141263, 'num_points': 15}, {'avg_silhouette': 0.7598141324032088, 'num_points': 5}, {'avg_silhouette': 0.44154226933707574, 'num_points': 10}, {'avg_silhouette': 0.46735170353955285, 'num_points': 6}, {'avg_silhouette': 0.4631219030355225, 'num_points': 6}, {'avg_silhouette': 0.6559635558150557, 'num_points': 6}, {'avg_silhouette': 0.6948494980314539, 'num_points': 7}]",5.0,48,0.09272679047132751,,2,0.6289535869561811
DBSCAN,,0.3223301886760994,"[{'avg_silhouette': 0.4706896260337279, 'num_points': 35}, {'avg_silhouette': 0.45696991480349525, 'num_points': 135}, {'avg_silhouette': 0.40235593161976213, 'num_points': 34}, {'avg_silhouette': 0.45236659776956717, 'num_points': 67}, {'avg_silhouette': 0.6546230296719284, 'num_points': 21}, {'avg_silhouette': 0.5427950391376692, 'num_points': 125}, {'avg_silhouette': 0.437299223546039, 'num_points': 61}, {'avg_silhouette': 0.42604277752004915, 'num_points': 14}, {'avg_silhouette': 0.3553179642016925, 'num_points': 35}, {'avg_silhouette': 0.3629894795820302, 'num_points': 27}, {'avg_silhouette': 0.6828786568008747, 'num_points': 86}, {'avg_silhouette': 0.38805311119668295, 'num_points': 29}, {'avg_silhouette': 0.511357653181615, 'num_points': 19}, {'avg_silhouette': 0.434768524428216, 'num_points': 87}, {'avg_silhouette': 0.45022292164548966, 'num_points': 16}, {'avg_silhouette': 0.4000567372466827, 'num_points': 75}, {'avg_silhouette': 0.4068319248009418, 'num_points': 10}, {'avg_silhouette': 0.4340591838040602, 'num_points': 20}, {'avg_silhouette': 0.5093575550565249, 'num_points': 11}, {'avg_silhouette': 0.41638961209150066, 'num_points': 13}, {'avg_silhouette': 0.5297674990869732, 'num_points': 10}, {'avg_silhouette': 0.5222982706697671, 'num_points': 23}, {'avg_silhouette': 0.37826541076340336, 'num_points': 12}, {'avg_silhouette': 0.4669666517790488, 'num_points': 17}, {'avg_silhouette': 0.5329612655555285, 'num_points': 21}, {'avg_silhouette': 0.5007032061136288, 'num_points': 22}, {'avg_silhouette': 0.5305686349319572, 'num_points': 10}, {'avg_silhouette': 0.47392854528603634, 'num_points': 13}, {'avg_silhouette': 0.9356878619445834, 'num_points': 15}, {'avg_silhouette': 0.4165280131148195, 'num_points': 11}]",10.0,30,0.09063150727562633,,2,0.49988247697058225
HDBSCAN,,,"[{'avg_silhouette': 0.42819833347330455, 'num_points': 112}, {'avg_silhouette': 0.47670250770561995, 'num_points': 128}, {'avg_silhouette': 0.6348237663994214, 'num_points': 99}, {'avg_silhouette': 0.36609929037291306, 'num_points': 223}, {'avg_silhouette': 0.5842128834915479, 'num_points': 94}, {'avg_silhouette': 0.6402225847818356, 'num_points': 111}, {'avg_silhouette': 0.6042408763255503, 'num_points': 112}]",,7,0.08943909093121687,63.0,7,0.5335000346500275
DBSCAN,,0.3123301886760994,"[{'avg_silhouette': 0.4706896260337279, 'num_points': 35}, {'avg_silhouette': 0.4616382253808556, 'num_points': 134}, {'avg_silhouette': 0.40235593161976213, 'num_points': 34}, {'avg_silhouette': 0.49725546822015587, 'num_points': 64}, {'avg_silhouette': 0.6522270971682772, 'num_points': 21}, {'avg_silhouette': 0.5637570627739974, 'num_points': 123}, {'avg_silhouette': 0.4614898115089708, 'num_points': 59}, {'avg_silhouette': 0.42581138467420454, 'num_points': 14}, {'avg_silhouette': 0.3823810514312186, 'num_points': 33}, {'avg_silhouette': 0.3779349012193185, 'num_points': 26}, {'avg_silhouette': 0.6828786568008747, 'num_points': 86}, {'avg_silhouette': 0.38805311119668295, 'num_points': 29}, {'avg_silhouette': 0.5013786523582207, 'num_points': 19}, {'avg_silhouette': 0.434768524428216, 'num_points': 87}, {'avg_silhouette': 0.4928699384255411, 'num_points': 15}, {'avg_silhouette': 0.4000567372466827, 'num_points': 75}, {'avg_silhouette': 0.4340591838040602, 'num_points': 20}, {'avg_silhouette': 0.5034425689611453, 'num_points': 11}, {'avg_silhouette': 0.40680405705674005, 'num_points': 13}, {'avg_silhouette': 0.5297674990869732, 'num_points': 10}, {'avg_silhouette': 0.5701732827271964, 'num_points': 21}, {'avg_silhouette': 0.36721443639622886, 'num_points': 12}, {'avg_silhouette': 0.4635643236988103, 'num_points': 17}, {'avg_silhouette': 0.5329612655555285, 'num_points': 21}, {'avg_silhouette': 0.4068319248009418, 'num_points': 10}, {'avg_silhouette': 0.5007032061136288, 'num_points': 22}, {'avg_silhouette': 0.5298611505331636, 'num_points': 10}, {'avg_silhouette': 0.47392854528603634, 'num_points': 13}, {'avg_silhouette': 0.9354395497103966, 'num_points': 15}, {'avg_silhouette': 0.41205721404717716, 'num_points': 11}]",10.0,30,0.0879899490052816,,2,0.5126976440774265
HDBSCAN,,,"[{'avg_silhouette': 0.3871952759004702, 'num_points': 6}, {'avg_silhouette': 0.5280897197030132, 'num_points': 8}, {'avg_silhouette': 0.45150303777135614, 'num_points': 8}, {'avg_silhouette': 0.25591263174948803, 'num_points': 4}, {'avg_silhouette': 0.4062836233585244, 'num_points': 5}, {'avg_silhouette': 0.3827191169173225, 'num_points': 9}, {'avg_silhouette': 0.4450669888832254, 'num_points': 14}, {'avg_silhouette': 0.21842351146341754, 'num_points': 8}, {'avg_silhouette': 0.3053159033345882, 'num_points': 9}, {'avg_silhouette': 0.16587102927021793, 'num_points': 11}, {'avg_silhouette': 0.4200229265581099, 'num_points': 9}, {'avg_silhouette': 0.5591590578769192, 'num_points': 13}, {'avg_silhouette': 0.35990348158245017, 'num_points': 5}, {'avg_silhouette': 0.5533831229397504, 'num_points': 6}, {'avg_silhouette': 0.4193670876298965, 'num_points': 8}, {'avg_silhouette': 0.6780995306071745, 'num_points': 10}, {'avg_silhouette': 0.38079868616249024, 'num_points': 5}, {'avg_silhouette': 0.7569318067655503, 'num_points': 7}, {'avg_silhouette': 0.37379175868188924, 'num_points': 4}, {'avg_silhouette': 0.6577841228696435, 'num_points': 7}, {'avg_silhouette': 0.5120095735564927, 'num_points': 5}, {'avg_silhouette': 0.41205721404717716, 'num_points': 11}, {'avg_silhouette': 0.3779349012193185, 'num_points': 26}, {'avg_silhouette': 0.42760586965930647, 'num_points': 4}, {'avg_silhouette': 0.5717647264840544, 'num_points': 8}, {'avg_silhouette': 0.39255674677597424, 'num_points': 10}, {'avg_silhouette': 0.5158085303686786, 'num_points': 8}, {'avg_silhouette': 0.5234446074948513, 'num_points': 21}, {'avg_silhouette': 0.47392854528603634, 'num_points': 13}, {'avg_silhouette': 0.4367691922798809, 'num_points': 15}, {'avg_silhouette': 0.4537657272764013, 'num_points': 4}, {'avg_silhouette': 0.39667885807663666, 'num_points': 5}, {'avg_silhouette': 0.23304764614712165, 'num_points': 5}, {'avg_silhouette': 0.40963491190775736, 'num_points': 28}, {'avg_silhouette': 0.49336596871068183, 'num_points': 4}, {'avg_silhouette': 0.43272940453953657, 'num_points': 16}, {'avg_silhouette': 0.3785374467553826, 'num_points': 12}, {'avg_silhouette': 0.3619741205484001, 'num_points': 6}, {'avg_silhouette': 0.24543261716118614, 'num_points': 11}, {'avg_silhouette': 0.5315007342307534, 'num_points': 4}, {'avg_silhouette': 0.3646072961608655, 'num_points': 8}, {'avg_silhouette': 0.34923826528736185, 'num_points': 14}, {'avg_silhouette': 0.4568179046739876, 'num_points': 6}, {'avg_silhouette': 0.665824484428442, 'num_points': 7}, {'avg_silhouette': 0.4614981754174842, 'num_points': 4}, {'avg_silhouette': 0.5842993728137339, 'num_points': 7}, {'avg_silhouette': 0.3365676201891737, 'num_points': 17}, {'avg_silhouette': 0.44528969125301154, 'num_points': 7}, {'avg_silhouette': 0.3457209623810977, 'num_points': 10}, {'avg_silhouette': 0.36071819289115975, 'num_points': 7}, {'avg_silhouette': 0.28492553207170956, 'num_points': 8}, {'avg_silhouette': 0.37981422471714715, 'num_points': 11}, {'avg_silhouette': 0.23897055827367336, 'num_points': 11}, {'avg_silhouette': 0.39971529343023393, 'num_points': 8}, {'avg_silhouette': 0.43011789172190534, 'num_points': 11}, {'avg_silhouette': 0.5877177444278271, 'num_points': 6}, {'avg_silhouette': 0.4436104147677, 'num_points': 12}, {'avg_silhouette': 0.3474609873110465, 'num_points': 35}, {'avg_silhouette': 0.46951275883186877, 'num_points': 6}, {'avg_silhouette': 0.47507471755650693, 'num_points': 19}, {'avg_silhouette': 0.5013786523582207, 'num_points': 19}, {'avg_silhouette': 0.49725546822015587, 'num_points': 64}, {'avg_silhouette': 0.366460166142659, 'num_points': 14}, {'avg_silhouette': 0.7841613401226585, 'num_points': 4}, {'avg_silhouette': 0.43137359895303456, 'num_points': 4}, {'avg_silhouette': 0.4855882586588604, 'num_points': 16}, {'avg_silhouette': 0.3366675299157936, 'num_points': 10}, {'avg_silhouette': 0.48470634994872686, 'num_points': 18}, {'avg_silhouette': 0.5506242870222193, 'num_points': 8}, {'avg_silhouette': 0.37090987957942395, 'num_points': 18}, {'avg_silhouette': 0.5110851316172589, 'num_points': 12}, {'avg_silhouette': 0.39679043553567134, 'num_points': 38}, {'avg_silhouette': 0.45895643179858686, 'num_points': 27}, {'avg_silhouette': 0.19923344678253993, 'num_points': 15}, {'avg_silhouette': 0.3833733731732426, 'num_points': 20}, {'avg_silhouette': 0.37303375805922623, 'num_points': 20}, {'avg_silhouette': 0.4036830126336587, 'num_points': 34}, {'avg_silhouette': 0.30647443292880755, 'num_points': 76}, {'avg_silhouette': 0.3195850819186875, 'num_points': 8}, {'avg_silhouette': 0.6682255774102298, 'num_points': 14}, {'avg_silhouette': 0.7558366712674, 'num_points': 10}, {'avg_silhouette': 0.6069478191088383, 'num_points': 5}, {'avg_silhouette': 0.6127764270873244, 'num_points': 9}, {'avg_silhouette': 0.225117671349338, 'num_points': 15}, {'avg_silhouette': 0.5994233063489663, 'num_points': 6}, {'avg_silhouette': 0.4029734963140397, 'num_points': 24}, {'avg_silhouette': 0.46526590747080904, 'num_points': 4}, {'avg_silhouette': 0.31749399460967154, 'num_points': 11}, {'avg_silhouette': 0.3268192218310387, 'num_points': 7}, {'avg_silhouette': 0.587862631813814, 'num_points': 5}, {'avg_silhouette': 0.6281229440697876, 'num_points': 4}, {'avg_silhouette': 0.5286947948643032, 'num_points': 9}, {'avg_silhouette': 0.6969696969695552, 'num_points': 4}, {'avg_silhouette': 1.0, 'num_points': 7}, {'avg_silhouette': 1.0, 'num_points': 6}, {'avg_silhouette': 1.0, 'num_points': 4}, {'avg_silhouette': 0.42398870738104016, 'num_points': 5}, {'avg_silhouette': 0.4404314551727145, 'num_points': 9}, {'avg_silhouette': 0.6136363636360929, 'num_points': 5}, {'avg_silhouette': 1.0, 'num_points': 4}, {'avg_silhouette': 0.6571428571427061, 'num_points': 5}, {'avg_silhouette': 0.6724700116578876, 'num_points': 14}, {'avg_silhouette': 0.5986283890386681, 'num_points': 9}]",,103,0.08663630565691385,4.0,0,
HDBSCAN,,,"[{'avg_silhouette': 0.4341923109217332, 'num_points': 110}, {'avg_silhouette': 0.4765627022599539, 'num_points': 128}, {'avg_silhouette': 0.6409708197050105, 'num_points': 98}, {'avg_silhouette': 0.36981347764300626, 'num_points': 220}, {'avg_silhouette': 0.5919084197901574, 'num_points': 92}, {'avg_silhouette': 0.6476628193028194, 'num_points': 110}, {'avg_silhouette': 0.6110174395171796, 'num_points': 111}]",,7,0.08622249137936952,68.0,6,0.5300365948916171
DBSCAN,,0.3023301886760994,"[{'avg_silhouette': 0.4706896260337279, 'num_points': 35}, {'avg_silhouette': 0.4722059797884602, 'num_points': 133}, {'avg_silhouette': 0.40077566700914824, 'num_points': 34}, {'avg_silhouette': 0.49725546822015587, 'num_points': 64}, {'avg_silhouette': 0.6522270971682772, 'num_points': 21}, {'avg_silhouette': 0.5626000593471491, 'num_points': 123}, {'avg_silhouette': 0.4614898115089708, 'num_points': 59}, {'avg_silhouette': 0.4255116261658846, 'num_points': 14}, {'avg_silhouette': 0.3823810514312186, 'num_points': 33}, {'avg_silhouette': 0.3651769461011456, 'num_points': 26}, {'avg_silhouette': 0.6926370732595001, 'num_points': 85}, {'avg_silhouette': 0.38805311119668295, 'num_points': 29}, {'avg_silhouette': 0.5013786523582207, 'num_points': 19}, {'avg_silhouette': 0.4334848663627775, 'num_points': 87}, {'avg_silhouette': 0.4928699384255411, 'num_points': 15}, {'avg_silhouette': 0.410701096052849, 'num_points': 74}, {'avg_silhouette': 0.4340591838040602, 'num_points': 20}, {'avg_silhouette': 0.5034425689611453, 'num_points': 11}, {'avg_silhouette': 0.40680405705674005, 'num_points': 13}, {'avg_silhouette': 0.5297674990869732, 'num_points': 10}, {'avg_silhouette': 0.5701732827271964, 'num_points': 21}, {'avg_silhouette': 0.36721443639622886, 'num_points': 12}, {'avg_silhouette': 0.4635643236988103, 'num_points': 17}, {'avg_silhouette': 0.523159851114621, 'num_points': 21}, {'avg_silhouette': 0.39512573134350903, 'num_points': 10}, {'avg_silhouette': 0.5277006403334868, 'num_points': 21}, {'avg_silhouette': 0.5283046378724509, 'num_points': 10}, {'avg_silhouette': 0.5255085613103334, 'num_points': 12}, {'avg_silhouette': 0.9354395497103966, 'num_points': 15}, {'avg_silhouette': 0.4516415416368427, 'num_points': 10}]",10.0,30,0.08618666001193222,,2,0.5174030195678047
HDBSCAN,,,"[{'avg_silhouette': 0.43425010841675366, 'num_points': 110}, {'avg_silhouette': 0.47650853242736707, 'num_points': 128}, {'avg_silhouette': 0.6408222340336647, 'num_points': 98}, {'avg_silhouette': 0.3719228040408341, 'num_points': 219}, {'avg_silhouette': 0.582631262663368, 'num_points': 92}, {'avg_silhouette': 0.6467870730865378, 'num_points': 110}, {'avg_silhouette': 0.6190511591717486, 'num_points': 110}]",,7,0.08528951394631062,72.0,6,0.5315569851961509
DBSCAN,,0.21233018867609932,"[{'avg_silhouette': 0.4813061163891866, 'num_points': 33}, {'avg_silhouette': 0.6316307868846878, 'num_points': 107}, {'avg_silhouette': 0.4316011410021646, 'num_points': 30}, {'avg_silhouette': 0.5687420787355961, 'num_points': 56}, {'avg_silhouette': 0.5054801822184559, 'num_points': 18}, {'avg_silhouette': 0.6365908814467615, 'num_points': 108}, {'avg_silhouette': 0.41788575249468857, 'num_points': 35}, {'avg_silhouette': 0.4448502924305079, 'num_points': 13}, {'avg_silhouette': 0.3514468797047404, 'num_points': 14}, {'avg_silhouette': 0.42516310262403373, 'num_points': 28}, {'avg_silhouette': 0.4658868113074871, 'num_points': 18}, {'avg_silhouette': 0.4107941419812189, 'num_points': 23}, {'avg_silhouette': 0.5025834121624116, 'num_points': 24}, {'avg_silhouette': 0.6727042386156531, 'num_points': 14}, {'avg_silhouette': 0.9060196244213486, 'num_points': 5}, {'avg_silhouette': 0.42986899776820403, 'num_points': 84}, {'avg_silhouette': 0.5555519058138444, 'num_points': 13}, {'avg_silhouette': 0.7478842795692193, 'num_points': 7}, {'avg_silhouette': 0.7041601817953059, 'num_points': 9}, {'avg_silhouette': 0.49098063949468024, 'num_points': 65}, {'avg_silhouette': 0.5859526293567927, 'num_points': 81}, {'avg_silhouette': 0.5192094887889086, 'num_points': 7}, {'avg_silhouette': 0.513043844072519, 'num_points': 16}, {'avg_silhouette': 0.49032875421643723, 'num_points': 9}, {'avg_silhouette': 0.5423854476468548, 'num_points': 6}, {'avg_silhouette': 0.5069196101472144, 'num_points': 10}, {'avg_silhouette': 0.535467181688696, 'num_points': 5}, {'avg_silhouette': 0.5997632866571783, 'num_points': 7}, {'avg_silhouette': 0.8209138451541905, 'num_points': 9}, {'avg_silhouette': 0.5864373539527354, 'num_points': 20}, {'avg_silhouette': 0.45152053654900026, 'num_points': 8}, {'avg_silhouette': 0.5815290130655252, 'num_points': 14}, {'avg_silhouette': 0.5082529820858267, 'num_points': 21}, {'avg_silhouette': 0.5594269802908894, 'num_points': 11}, {'avg_silhouette': 0.6371850035579816, 'num_points': 8}, {'avg_silhouette': 0.7139103971220893, 'num_points': 5}, {'avg_silhouette': 0.5028163649314912, 'num_points': 16}, {'avg_silhouette': 0.582296020491932, 'num_points': 8}, {'avg_silhouette': 0.9018371780414741, 'num_points': 6}, {'avg_silhouette': 0.7973265441141263, 'num_points': 15}, {'avg_silhouette': 0.7598141324032088, 'num_points': 5}, {'avg_silhouette': 0.47807100724403423, 'num_points': 9}, {'avg_silhouette': 0.5033403485659518, 'num_points': 5}, {'avg_silhouette': 0.5086855215043371, 'num_points': 5}, {'avg_silhouette': 0.6559635558150557, 'num_points': 6}, {'avg_silhouette': 0.5690261186748173, 'num_points': 5}, {'avg_silhouette': 0.6948494980314539, 'num_points': 7}]",5.0,47,0.0815079000821616,,2,0.6341108341657247
DBSCAN,,0.5023301886760996,"[{'avg_silhouette': 0.04785350109674886, 'num_points': 1008}, {'avg_silhouette': 0.44646165748338074, 'num_points': 5}, {'avg_silhouette': 0.7149409301918501, 'num_points': 23}, {'avg_silhouette': 0.6553969520318919, 'num_points': 46}, {'avg_silhouette': 0.16811287230331326, 'num_points': 102}, {'avg_silhouette': 0.7011584895410189, 'num_points': 104}, {'avg_silhouette': 0.5223994807521992, 'num_points': 8}, {'avg_silhouette': 0.23355149157775476, 'num_points': 77}, {'avg_silhouette': 0.6860014853088213, 'num_points': 5}, {'avg_silhouette': 0.43307446486388146, 'num_points': 10}, {'avg_silhouette': 0.4592749742296675, 'num_points': 6}, {'avg_silhouette': 0.4378575157058813, 'num_points': 5}, {'avg_silhouette': 0.5550901352664045, 'num_points': 5}, {'avg_silhouette': 0.5374290709042311, 'num_points': 5}, {'avg_silhouette': 0.6322888158409512, 'num_points': 11}, {'avg_silhouette': 0.2924753520161726, 'num_points': 11}, {'avg_silhouette': 0.7378702137364282, 'num_points': 11}, {'avg_silhouette': 0.7692664276602508, 'num_points': 6}, {'avg_silhouette': 0.7552752157059993, 'num_points': 25}, {'avg_silhouette': 0.278293434064559, 'num_points': 5}, {'avg_silhouette': 0.4024886550444887, 'num_points': 5}]",5.0,21,0.07694380023220392,,3,0.305708287647027
DBSCAN,,0.2923301886760994,"[{'avg_silhouette': 0.4632685689407758, 'num_points': 35}, {'avg_silhouette': 0.47895948844034736, 'num_points': 132}, {'avg_silhouette': 0.3996669901865268, 'num_points': 34}, {'avg_silhouette': 0.5091085795619257, 'num_points': 63}, {'avg_silhouette': 0.6710136328308206, 'num_points': 20}, {'avg_silhouette': 0.5556577870238046, 'num_points': 123}, {'avg_silhouette': 0.461206080127191, 'num_points': 59}, {'avg_silhouette': 0.4164183526513896, 'num_points': 14}, {'avg_silhouette': 0.37168321061946585, 'num_points': 33}, {'avg_silhouette': 0.38207553611647815, 'num_points': 25}, {'avg_silhouette': 0.6926370732595001, 'num_points': 85}, {'avg_silhouette': 0.414103611019812, 'num_points': 28}, {'avg_silhouette': 0.49904342485990133, 'num_points': 19}, {'avg_silhouette': 0.4324213376374677, 'num_points': 87}, {'avg_silhouette': 0.4928699384255411, 'num_points': 15}, {'avg_silhouette': 0.4196324846554227, 'num_points': 73}, {'avg_silhouette': 0.4340591838040602, 'num_points': 20}, {'avg_silhouette': 0.5019512278325092, 'num_points': 11}, {'avg_silhouette': 0.4420415742558665, 'num_points': 12}, {'avg_silhouette': 0.5701732827271964, 'num_points': 21}, {'avg_silhouette': 0.36721443639622886, 'num_points': 12}, {'avg_silhouette': 0.5185799805763822, 'num_points': 16}, {'avg_silhouette': 0.523159851114621, 'num_points': 21}, {'avg_silhouette': 0.5277006403334868, 'num_points': 21}, {'avg_silhouette': 0.5275692977195497, 'num_points': 10}, {'avg_silhouette': 0.5268446665152317, 'num_points': 12}, {'avg_silhouette': 0.9354395497103966, 'num_points': 15}, {'avg_silhouette': 0.4478581771888475, 'num_points': 10}]",10.0,28,0.07321189987598103,,2,0.517308637732076
DBSCAN,,0.2023301886760993,"[{'avg_silhouette': 0.4789404026358009, 'num_points': 33}, {'avg_silhouette': 0.6310188983828258, 'num_points': 107}, {'avg_silhouette': 0.4316011410021646, 'num_points': 30}, {'avg_silhouette': 0.5966520047306874, 'num_points': 53}, {'avg_silhouette': 0.710536110980963, 'num_points': 17}, {'avg_silhouette': 0.6541641074133916, 'num_points': 106}, {'avg_silhouette': 0.3847972296028213, 'num_points': 35}, {'avg_silhouette': 0.4448502924305079, 'num_points': 13}, {'avg_silhouette': 0.5043257065389608, 'num_points': 9}, {'avg_silhouette': 0.4235089857709455, 'num_points': 28}, {'avg_silhouette': 0.5437818449487086, 'num_points': 16}, {'avg_silhouette': 0.4107941419812189, 'num_points': 23}, {'avg_silhouette': 0.5154842065697627, 'num_points': 23}, {'avg_silhouette': 0.6699687926708638, 'num_points': 14}, {'avg_silhouette': 0.9060196244213486, 'num_points': 5}, {'avg_silhouette': 0.44326992560289435, 'num_points': 82}, {'avg_silhouette': 0.6029100689328083, 'num_points': 12}, {'avg_silhouette': 0.7478842795692193, 'num_points': 7}, {'avg_silhouette': 0.704970275956716, 'num_points': 9}, {'avg_silhouette': 0.48956921594437214, 'num_points': 65}, {'avg_silhouette': 0.5859526293567927, 'num_points': 81}, {'avg_silhouette': 0.5192094887889086, 'num_points': 7}, {'avg_silhouette': 0.5112880360645082, 'num_points': 16}, {'avg_silhouette': 0.5364578297418372, 'num_points': 8}, {'avg_silhouette': 0.5459032455742325, 'num_points': 9}, {'avg_silhouette': 0.6731850197161082, 'num_points': 5}, {'avg_silhouette': 0.5987248569735067, 'num_points': 7}, {'avg_silhouette': 0.8209138451541905, 'num_points': 9}, {'avg_silhouette': 0.5834755158101121, 'num_points': 20}, {'avg_silhouette': 0.49702826391757987, 'num_points': 7}, {'avg_silhouette': 0.5805403883720751, 'num_points': 14}, {'avg_silhouette': 0.5339743543418722, 'num_points': 20}, {'avg_silhouette': 0.5563913211017413, 'num_points': 11}, {'avg_silhouette': 0.6371850035579816, 'num_points': 8}, {'avg_silhouette': 0.7062489146935534, 'num_points': 5}, {'avg_silhouette': 0.5028163649314912, 'num_points': 16}, {'avg_silhouette': 0.582296020491932, 'num_points': 8}, {'avg_silhouette': 0.9018371780414741, 'num_points': 6}, {'avg_silhouette': 0.7973265441141263, 'num_points': 15}, {'avg_silhouette': 0.7598141324032088, 'num_points': 5}, {'avg_silhouette': 0.47807100724403423, 'num_points': 9}, {'avg_silhouette': 0.5939429279846503, 'num_points': 5}, {'avg_silhouette': 0.7120025142581147, 'num_points': 6}, {'avg_silhouette': 0.6948494980314539, 'num_points': 7}]",5.0,44,0.06747088702356471,,2,0.6425915028981086
DBSCAN,,0.2823301886760994,"[{'avg_silhouette': 0.4561667290159326, 'num_points': 35}, {'avg_silhouette': 0.47895948844034736, 'num_points': 132}, {'avg_silhouette': 0.396560956470656, 'num_points': 34}, {'avg_silhouette': 0.5270507526229414, 'num_points': 61}, {'avg_silhouette': 0.6904747261471015, 'num_points': 19}, {'avg_silhouette': 0.5556577870238046, 'num_points': 123}, {'avg_silhouette': 0.4608627236537582, 'num_points': 59}, {'avg_silhouette': 0.4164183526513896, 'num_points': 14}, {'avg_silhouette': 0.3811046966421606, 'num_points': 32}, {'avg_silhouette': 0.38207553611647815, 'num_points': 25}, {'avg_silhouette': 0.6926370732595001, 'num_points': 85}, {'avg_silhouette': 0.4461019996217872, 'num_points': 27}, {'avg_silhouette': 0.5234039404244009, 'num_points': 18}, {'avg_silhouette': 0.4292995872058606, 'num_points': 87}, {'avg_silhouette': 0.4928699384255411, 'num_points': 15}, {'avg_silhouette': 0.44368514685947624, 'num_points': 71}, {'avg_silhouette': 0.4340591838040602, 'num_points': 20}, {'avg_silhouette': 0.5345255336351035, 'num_points': 10}, {'avg_silhouette': 0.4399677788835407, 'num_points': 12}, {'avg_silhouette': 0.5911348378174675, 'num_points': 20}, {'avg_silhouette': 0.36721443639622886, 'num_points': 12}, {'avg_silhouette': 0.5185799805763822, 'num_points': 16}, {'avg_silhouette': 0.523159851114621, 'num_points': 21}, {'avg_silhouette': 0.5277006403334868, 'num_points': 21}, {'avg_silhouette': 0.5268446665152317, 'num_points': 12}, {'avg_silhouette': 0.9354395497103966, 'num_points': 15}, {'avg_silhouette': 0.4478581771888475, 'num_points': 10}]",10.0,27,0.06562160862068149,,2,0.517308637732076
DBSCAN,,0.27233018867609937,"[{'avg_silhouette': 0.47436396462585373, 'num_points': 34}, {'avg_silhouette': 0.4774331825497739, 'num_points': 132}, {'avg_silhouette': 0.42109659079101236, 'num_points': 32}, {'avg_silhouette': 0.5365569854974698, 'num_points': 60}, {'avg_silhouette': 0.6904747261471015, 'num_points': 19}, {'avg_silhouette': 0.5556577870238046, 'num_points': 123}, {'avg_silhouette': 0.45949225982945563, 'num_points': 59}, {'avg_silhouette': 0.4585352576522955, 'num_points': 13}, {'avg_silhouette': 0.37748793369427847, 'num_points': 31}, {'avg_silhouette': 0.4016530200081601, 'num_points': 24}, {'avg_silhouette': 0.6922608900934533, 'num_points': 85}, {'avg_silhouette': 0.4583783658989003, 'num_points': 26}, {'avg_silhouette': 0.5220803228185213, 'num_points': 18}, {'avg_silhouette': 0.4331434000691447, 'num_points': 86}, {'avg_silhouette': 0.49051306548068413, 'num_points': 15}, {'avg_silhouette': 0.43996786778423, 'num_points': 71}, {'avg_silhouette': 0.4504907322006997, 'num_points': 19}, {'avg_silhouette': 0.5334385494039284, 'num_points': 10}, {'avg_silhouette': 0.5911348378174675, 'num_points': 20}, {'avg_silhouette': 0.5157224920739064, 'num_points': 16}, {'avg_silhouette': 0.523159851114621, 'num_points': 21}, {'avg_silhouette': 0.5268446665152317, 'num_points': 12}, {'avg_silhouette': 0.5196243234707237, 'num_points': 10}, {'avg_silhouette': 0.5818369472815303, 'num_points': 18}, {'avg_silhouette': 0.9354395497103966, 'num_points': 15}, {'avg_silhouette': 0.41848575207164973, 'num_points': 10}, {'avg_silhouette': 0.44310198930179084, 'num_points': 10}]",10.0,27,0.058192023849850845,,2,0.5165454847867893
DBSCAN,,0.1923301886760993,"[{'avg_silhouette': 0.47694472780643876, 'num_points': 33}, {'avg_silhouette': 0.6304448063748956, 'num_points': 107}, {'avg_silhouette': 0.4250729515984853, 'num_points': 30}, {'avg_silhouette': 0.5966520047306874, 'num_points': 53}, {'avg_silhouette': 0.7097116320670366, 'num_points': 17}, {'avg_silhouette': 0.6613237143892781, 'num_points': 105}, {'avg_silhouette': 0.4211682576633589, 'num_points': 33}, {'avg_silhouette': 0.4636768114215701, 'num_points': 12}, {'avg_silhouette': 0.49415606776642496, 'num_points': 9}, {'avg_silhouette': 0.4241248819786184, 'num_points': 28}, {'avg_silhouette': 0.5715693045633723, 'num_points': 15}, {'avg_silhouette': 0.5296806830882997, 'num_points': 22}, {'avg_silhouette': 0.39631337312052317, 'num_points': 23}, {'avg_silhouette': 0.6699687926708638, 'num_points': 14}, {'avg_silhouette': 0.9060196244213486, 'num_points': 5}, {'avg_silhouette': 0.6897773518598022, 'num_points': 9}, {'avg_silhouette': 0.6029100689328083, 'num_points': 12}, {'avg_silhouette': 0.7478842795692193, 'num_points': 7}, {'avg_silhouette': 0.7955390312200983, 'num_points': 8}, {'avg_silhouette': 0.5013864963580673, 'num_points': 64}, {'avg_silhouette': 0.48824973637251434, 'num_points': 74}, {'avg_silhouette': 0.5192094887889086, 'num_points': 7}, {'avg_silhouette': 0.5514739442814522, 'num_points': 15}, {'avg_silhouette': 0.5364578297418372, 'num_points': 8}, {'avg_silhouette': 0.24357859588838474, 'num_points': 71}, {'avg_silhouette': 0.5835910968777884, 'num_points': 8}, {'avg_silhouette': 0.6729508445728999, 'num_points': 5}, {'avg_silhouette': 0.676560350534559, 'num_points': 7}, {'avg_silhouette': 0.5987248569735067, 'num_points': 7}, {'avg_silhouette': 0.8209138451541905, 'num_points': 9}, {'avg_silhouette': 0.5834755158101121, 'num_points': 20}, {'avg_silhouette': 0.49702826391757987, 'num_points': 7}, {'avg_silhouette': 0.5804904703929592, 'num_points': 14}, {'avg_silhouette': 0.5339743543418722, 'num_points': 20}, {'avg_silhouette': 0.5563913211017413, 'num_points': 11}, {'avg_silhouette': 0.6371850035579816, 'num_points': 8}, {'avg_silhouette': 0.7062489146935534, 'num_points': 5}, {'avg_silhouette': 0.5526667667961234, 'num_points': 14}, {'avg_silhouette': 0.5639941659625418, 'num_points': 8}, {'avg_silhouette': 0.901722251452738, 'num_points': 6}, {'avg_silhouette': 0.7973265441141263, 'num_points': 15}, {'avg_silhouette': 0.7598141324032088, 'num_points': 5}, {'avg_silhouette': 0.5397193738158874, 'num_points': 8}, {'avg_silhouette': 0.7111722123770878, 'num_points': 6}, {'avg_silhouette': 0.6889687291529265, 'num_points': 7}]",5.0,45,0.04777969788320065,,2,0.6458842603820869
DBSCAN,,0.26233018867609936,"[{'avg_silhouette': 0.4841132366915398, 'num_points': 33}, {'avg_silhouette': 0.4762087582443807, 'num_points': 132}, {'avg_silhouette': 0.43832558333231536, 'num_points': 31}, {'avg_silhouette': 0.5337920960428124, 'num_points': 60}, {'avg_silhouette': 0.7141742211767483, 'num_points': 18}, {'avg_silhouette': 0.5635402100257665, 'num_points': 122}, {'avg_silhouette': 0.46800892797491916, 'num_points': 57}, {'avg_silhouette': 0.4585352576522955, 'num_points': 13}, {'avg_silhouette': 0.39979959367362194, 'num_points': 30}, {'avg_silhouette': 0.6922608900934533, 'num_points': 85}, {'avg_silhouette': 0.4803842654965447, 'num_points': 25}, {'avg_silhouette': 0.7718261511127379, 'num_points': 24}, {'avg_silhouette': 0.5530123711840442, 'num_points': 17}, {'avg_silhouette': 0.4315940357048342, 'num_points': 86}, {'avg_silhouette': 0.6232458832321545, 'num_points': 15}, {'avg_silhouette': 0.45013284081294586, 'num_points': 70}, {'avg_silhouette': 0.4491946590135618, 'num_points': 19}, {'avg_silhouette': 0.5911348378174675, 'num_points': 20}, {'avg_silhouette': 0.5147996880641887, 'num_points': 16}, {'avg_silhouette': 0.523159851114621, 'num_points': 21}, {'avg_silhouette': 0.5268446665152317, 'num_points': 12}, {'avg_silhouette': 0.512576160924312, 'num_points': 10}, {'avg_silhouette': 0.6205617930105338, 'num_points': 16}, {'avg_silhouette': 0.9354058036439347, 'num_points': 15}]",10.0,24,0.04341223216028743,,2,0.5198744841350735
DBSCAN,,0.25233018867609935,"[{'avg_silhouette': 0.4841132366915398, 'num_points': 33}, {'avg_silhouette': 0.48459445003955404, 'num_points': 131}, {'avg_silhouette': 0.4619472687787336, 'num_points': 29}, {'avg_silhouette': 0.5553135463883487, 'num_points': 58}, {'avg_silhouette': 0.710113111898403, 'num_points': 18}, {'avg_silhouette': 0.563409192886333, 'num_points': 122}, {'avg_silhouette': 0.5016171913442293, 'num_points': 53}, {'avg_silhouette': 0.4585352576522955, 'num_points': 13}, {'avg_silhouette': 0.4183635968991583, 'num_points': 29}, {'avg_silhouette': 0.4803842654965447, 'num_points': 25}, {'avg_silhouette': 0.7705709281719622, 'num_points': 24}, {'avg_silhouette': 0.5504384863347308, 'num_points': 17}, {'avg_silhouette': 0.4354558862731372, 'num_points': 85}, {'avg_silhouette': 0.6232458832321545, 'num_points': 15}, {'avg_silhouette': 0.6919757145594094, 'num_points': 85}, {'avg_silhouette': 0.45398797607068136, 'num_points': 69}, {'avg_silhouette': 0.44672293844275485, 'num_points': 19}, {'avg_silhouette': 0.5911348378174675, 'num_points': 20}, {'avg_silhouette': 0.5147996880641887, 'num_points': 16}, {'avg_silhouette': 0.523159851114621, 'num_points': 21}, {'avg_silhouette': 0.5268446665152317, 'num_points': 12}, {'avg_silhouette': 0.5080762938396478, 'num_points': 10}, {'avg_silhouette': 0.6425810796521627, 'num_points': 15}, {'avg_silhouette': 0.9350574509197123, 'num_points': 15}]",10.0,24,0.03868428014364014,,2,0.5240018214629435
DBSCAN,,0.24233018867609935,"[{'avg_silhouette': 0.4841132366915398, 'num_points': 33}, {'avg_silhouette': 0.6150446238684673, 'num_points': 109}, {'avg_silhouette': 0.4558675050207253, 'num_points': 29}, {'avg_silhouette': 0.5553135463883487, 'num_points': 58}, {'avg_silhouette': 0.699867211067115, 'num_points': 18}, {'avg_silhouette': 0.6397508402042448, 'num_points': 109}, {'avg_silhouette': 0.44189552316224623, 'num_points': 36}, {'avg_silhouette': 0.45104328393580617, 'num_points': 13}, {'avg_silhouette': 0.2776637598779088, 'num_points': 16}, {'avg_silhouette': 0.4183635968991583, 'num_points': 29}, {'avg_silhouette': 0.41789739302050083, 'num_points': 20}, {'avg_silhouette': 0.4803842654965447, 'num_points': 25}, {'avg_silhouette': 0.7676146428216035, 'num_points': 24}, {'avg_silhouette': 0.5504384863347308, 'num_points': 17}, {'avg_silhouette': 0.43207929678619855, 'num_points': 84}, {'avg_silhouette': 0.6870348427929998, 'num_points': 13}, {'avg_silhouette': 0.4713985031577085, 'num_points': 67}, {'avg_silhouette': 0.7122021390638896, 'num_points': 81}, {'avg_silhouette': 0.49305247022139426, 'num_points': 17}, {'avg_silhouette': 0.5267373215781009, 'num_points': 12}, {'avg_silhouette': 0.6040378579644807, 'num_points': 19}, {'avg_silhouette': 0.5042990206153005, 'num_points': 16}, {'avg_silhouette': 0.523159851114621, 'num_points': 21}, {'avg_silhouette': 0.5268446665152317, 'num_points': 12}, {'avg_silhouette': 0.5080762938396478, 'num_points': 10}, {'avg_silhouette': 0.6425810796521627, 'num_points': 15}, {'avg_silhouette': 0.934184357804815, 'num_points': 15}]",10.0,27,0.035578085058872215,,2,0.627397732036356
DBSCAN,,0.1823301886760993,"[{'avg_silhouette': 0.47694472780643876, 'num_points': 33}, {'avg_silhouette': 0.6365940021639049, 'num_points': 106}, {'avg_silhouette': 0.4219445260390875, 'num_points': 30}, {'avg_silhouette': 0.5966520047306874, 'num_points': 53}, {'avg_silhouette': 0.45502372130534907, 'num_points': 13}, {'avg_silhouette': 0.6668705759774775, 'num_points': 104}, {'avg_silhouette': 0.41680786699697725, 'num_points': 33}, {'avg_silhouette': 0.4605832917994386, 'num_points': 12}, {'avg_silhouette': 0.4241248819786184, 'num_points': 28}, {'avg_silhouette': 0.6394278256917427, 'num_points': 13}, {'avg_silhouette': 0.5296806830882997, 'num_points': 22}, {'avg_silhouette': 0.39631337312052317, 'num_points': 23}, {'avg_silhouette': 0.6699687926708638, 'num_points': 14}, {'avg_silhouette': 0.9058698838674646, 'num_points': 5}, {'avg_silhouette': 0.6873308200693609, 'num_points': 9}, {'avg_silhouette': 0.6029100689328083, 'num_points': 12}, {'avg_silhouette': 0.7478842795692193, 'num_points': 7}, {'avg_silhouette': 0.7952736399037046, 'num_points': 8}, {'avg_silhouette': 0.514700234019192, 'num_points': 62}, {'avg_silhouette': 0.48824973637251434, 'num_points': 74}, {'avg_silhouette': 0.5192094887889086, 'num_points': 7}, {'avg_silhouette': 0.5794964897886963, 'num_points': 14}, {'avg_silhouette': 0.5556882029621666, 'num_points': 8}, {'avg_silhouette': 0.5364578297418372, 'num_points': 8}, {'avg_silhouette': 0.26095530698593805, 'num_points': 69}, {'avg_silhouette': 0.5835910968777884, 'num_points': 8}, {'avg_silhouette': 0.676560350534559, 'num_points': 7}, {'avg_silhouette': 0.5981986665816054, 'num_points': 7}, {'avg_silhouette': 0.8209138451541905, 'num_points': 9}, {'avg_silhouette': 0.6131113602903812, 'num_points': 18}, {'avg_silhouette': 0.49702826391757987, 'num_points': 7}, {'avg_silhouette': 0.6400397018292645, 'num_points': 13}, {'avg_silhouette': 0.5514470134986265, 'num_points': 19}, {'avg_silhouette': 0.5544344281789452, 'num_points': 11}, {'avg_silhouette': 0.6545489587757966, 'num_points': 7}, {'avg_silhouette': 0.7062489146935534, 'num_points': 5}, {'avg_silhouette': 0.5953283922639464, 'num_points': 12}, {'avg_silhouette': 0.5505276289825467, 'num_points': 8}, {'avg_silhouette': 0.901722251452738, 'num_points': 6}, {'avg_silhouette': 0.7973265441141263, 'num_points': 15}, {'avg_silhouette': 0.7598141324032088, 'num_points': 5}, {'avg_silhouette': 0.5397193738158874, 'num_points': 8}, {'avg_silhouette': 0.24147705638054198, 'num_points': 4}, {'avg_silhouette': 0.7111722123770878, 'num_points': 6}, {'avg_silhouette': 0.6889687291529265, 'num_points': 7}]",5.0,45,0.03510953197853929,,2,0.6517322890706911
DBSCAN,,0.23233018867609934,"[{'avg_silhouette': 0.4841132366915398, 'num_points': 33}, {'avg_silhouette': 0.6229816435922493, 'num_points': 108}, {'avg_silhouette': 0.45469674576792657, 'num_points': 29}, {'avg_silhouette': 0.5570248483087678, 'num_points': 57}, {'avg_silhouette': 0.699867211067115, 'num_points': 18}, {'avg_silhouette': 0.62980304102513, 'num_points': 109}, {'avg_silhouette': 0.40093508276772083, 'num_points': 36}, {'avg_silhouette': 0.4183635968991583, 'num_points': 29}, {'avg_silhouette': 0.44956999947060616, 'num_points': 19}, {'avg_silhouette': 0.4803842654965447, 'num_points': 25}, {'avg_silhouette': 0.7720845723241966, 'num_points': 23}, {'avg_silhouette': 0.6745768120092585, 'num_points': 14}, {'avg_silhouette': 0.4382315403106808, 'num_points': 83}, {'avg_silhouette': 0.6870348427929998, 'num_points': 13}, {'avg_silhouette': 0.48262046392642627, 'num_points': 66}, {'avg_silhouette': 0.7116644183011347, 'num_points': 81}, {'avg_silhouette': 0.4923133974447959, 'num_points': 17}, {'avg_silhouette': 0.28470633734033163, 'num_points': 12}, {'avg_silhouette': 0.6040378579644807, 'num_points': 19}, {'avg_silhouette': 0.5363412994590973, 'num_points': 15}, {'avg_silhouette': 0.523159851114621, 'num_points': 21}, {'avg_silhouette': 0.5268446665152317, 'num_points': 12}, {'avg_silhouette': 0.5080762938396478, 'num_points': 10}, {'avg_silhouette': 0.6425810796521627, 'num_points': 15}, {'avg_silhouette': 0.934184357804815, 'num_points': 15}, {'avg_silhouette': 0.6161568667371872, 'num_points': 10}, {'avg_silhouette': 0.44747068484093766, 'num_points': 13}, {'avg_silhouette': 0.23332174740951128, 'num_points': 3}]",10.0,28,0.028480543124362268,,2,0.6263923423086897
DBSCAN,,0.17233018867609928,"[{'avg_silhouette': 0.4882702443034976, 'num_points': 32}, {'avg_silhouette': 0.6405506279268145, 'num_points': 105}, {'avg_silhouette': 0.4441237381227145, 'num_points': 28}, {'avg_silhouette': 0.624629376474797, 'num_points': 51}, {'avg_silhouette': 0.7861317589009242, 'num_points': 13}, {'avg_silhouette': 0.6668705759774775, 'num_points': 104}, {'avg_silhouette': 0.41169836613293354, 'num_points': 33}, {'avg_silhouette': 0.4605252855241908, 'num_points': 12}, {'avg_silhouette': 0.4298750289471503, 'num_points': 27}, {'avg_silhouette': 0.6393635104272496, 'num_points': 13}, {'avg_silhouette': 0.5531983809156925, 'num_points': 20}, {'avg_silhouette': 0.4031374803553272, 'num_points': 22}, {'avg_silhouette': 0.6661916248066625, 'num_points': 14}, {'avg_silhouette': 0.905804023015091, 'num_points': 5}, {'avg_silhouette': 0.7911577273779071, 'num_points': 8}, {'avg_silhouette': 0.6029100689328083, 'num_points': 12}, {'avg_silhouette': 0.7478842795692193, 'num_points': 7}, {'avg_silhouette': 0.7952736399037046, 'num_points': 8}, {'avg_silhouette': 0.5131564440690127, 'num_points': 62}, {'avg_silhouette': 0.5012128059969964, 'num_points': 73}, {'avg_silhouette': 0.5708712026206517, 'num_points': 6}, {'avg_silhouette': 0.5794964897886963, 'num_points': 14}, {'avg_silhouette': 0.5364578297418372, 'num_points': 8}, {'avg_silhouette': 0.23783325337730069, 'num_points': 69}, {'avg_silhouette': 0.676484153084431, 'num_points': 7}, {'avg_silhouette': 0.6032638882802487, 'num_points': 7}, {'avg_silhouette': 0.5966059953890045, 'num_points': 7}, {'avg_silhouette': 0.8209138451541905, 'num_points': 9}, {'avg_silhouette': 0.6386183747046024, 'num_points': 16}, {'avg_silhouette': 0.49702826391757987, 'num_points': 7}, {'avg_silhouette': 0.6400397018292645, 'num_points': 13}, {'avg_silhouette': 0.5514470134986265, 'num_points': 19}, {'avg_silhouette': 0.6126184756568778, 'num_points': 7}, {'avg_silhouette': 0.5528813169243524, 'num_points': 11}, {'avg_silhouette': 0.7062489146935534, 'num_points': 5}, {'avg_silhouette': 0.5953283922639464, 'num_points': 12}, {'avg_silhouette': 0.6947373848104631, 'num_points': 6}, {'avg_silhouette': 0.5505276289825467, 'num_points': 8}, {'avg_silhouette': 0.901722251452738, 'num_points': 6}, {'avg_silhouette': 0.7973265441141263, 'num_points': 15}, {'avg_silhouette': 0.7598141324032088, 'num_points': 5}, {'avg_silhouette': 0.6002903944385505, 'num_points': 6}, {'avg_silhouette': 0.7872677249716057, 'num_points': 5}, {'avg_silhouette': 0.6880241518352512, 'num_points': 7}]",5.0,44,0.024250006479414696,,2,0.6537106019521459
DBSCAN,,0.22233018867609933,"[{'avg_silhouette': 0.4813061163891866, 'num_points': 33}, {'avg_silhouette': 0.6213162924656008, 'num_points': 108}, {'avg_silhouette': 0.4532374832443836, 'num_points': 29}, {'avg_silhouette': 0.5692464079736148, 'num_points': 56}, {'avg_silhouette': 0.6989347870098783, 'num_points': 18}, {'avg_silhouette': 0.6605058656061419, 'num_points': 108}, {'avg_silhouette': 0.4290745721343339, 'num_points': 34}, {'avg_silhouette': 0.4183635968991583, 'num_points': 29}, {'avg_silhouette': 0.4778939744638035, 'num_points': 18}, {'avg_silhouette': 0.5025834121624116, 'num_points': 24}, {'avg_silhouette': 0.7718481739358064, 'num_points': 23}, {'avg_silhouette': 0.6727042386156531, 'num_points': 14}, {'avg_silhouette': 0.4370020656156249, 'num_points': 83}, {'avg_silhouette': 0.6870348427929998, 'num_points': 13}, {'avg_silhouette': 0.49286265778215826, 'num_points': 65}, {'avg_silhouette': 0.7116644183011347, 'num_points': 81}, {'avg_silhouette': 0.4923133974447959, 'num_points': 17}, {'avg_silhouette': 0.3971050956790751, 'num_points': 11}, {'avg_silhouette': 0.6040378579644807, 'num_points': 19}, {'avg_silhouette': 0.6417986933788524, 'num_points': 13}, {'avg_silhouette': 0.523159851114621, 'num_points': 21}, {'avg_silhouette': 0.5268446665152317, 'num_points': 12}, {'avg_silhouette': 0.5080762938396478, 'num_points': 10}, {'avg_silhouette': 0.6425810796521627, 'num_points': 15}, {'avg_silhouette': 0.9340796877372975, 'num_points': 15}, {'avg_silhouette': 0.4425875866918366, 'num_points': 13}]",10.0,26,0.020303706998684064,,2,0.6409110790358714
DBSCAN,,0.16233018867609927,"[{'avg_silhouette': 0.4882702443034976, 'num_points': 32}, {'avg_silhouette': 0.6393145384577011, 'num_points': 105}, {'avg_silhouette': 0.44374548503454486, 'num_points': 28}, {'avg_silhouette': 0.624629376474797, 'num_points': 51}, {'avg_silhouette': 0.7857699897733696, 'num_points': 13}, {'avg_silhouette': 0.6756371723418828, 'num_points': 103}, {'avg_silhouette': 0.43225317535691554, 'num_points': 32}, {'avg_silhouette': 0.4298750289471503, 'num_points': 27}, {'avg_silhouette': 0.6393635104272496, 'num_points': 13}, {'avg_silhouette': 0.5531983809156925, 'num_points': 20}, {'avg_silhouette': 0.4263902229664494, 'num_points': 12}, {'avg_silhouette': 0.6661916248066625, 'num_points': 14}, {'avg_silhouette': 0.905804023015091, 'num_points': 5}, {'avg_silhouette': 0.7911577273779071, 'num_points': 8}, {'avg_silhouette': 0.5864793010727084, 'num_points': 12}, {'avg_silhouette': 0.7478842795692193, 'num_points': 7}, {'avg_silhouette': 0.7948726101162582, 'num_points': 8}, {'avg_silhouette': 0.517019168585188, 'num_points': 61}, {'avg_silhouette': 0.5129491143214017, 'num_points': 72}, {'avg_silhouette': 0.6487088219958412, 'num_points': 5}, {'avg_silhouette': 0.5364578297418372, 'num_points': 8}, {'avg_silhouette': 0.23783325337730069, 'num_points': 69}, {'avg_silhouette': 0.6750648868764901, 'num_points': 7}, {'avg_silhouette': 0.5976443215385141, 'num_points': 7}, {'avg_silhouette': 0.5976774390307533, 'num_points': 7}, {'avg_silhouette': 0.2899901810693726, 'num_points': 9}, {'avg_silhouette': 0.8209138451541905, 'num_points': 9}, {'avg_silhouette': 0.6651750593983632, 'num_points': 14}, {'avg_silhouette': 0.6370344295423419, 'num_points': 13}, {'avg_silhouette': 0.5514470134986265, 'num_points': 19}, {'avg_silhouette': 0.6126184756568778, 'num_points': 7}, {'avg_silhouette': 0.7062489146935534, 'num_points': 5}, {'avg_silhouette': 0.5914211019419178, 'num_points': 12}, {'avg_silhouette': 0.746320531746002, 'num_points': 5}, {'avg_silhouette': 0.5794964897886963, 'num_points': 14}, {'avg_silhouette': 0.9016247189455361, 'num_points': 6}, {'avg_silhouette': 0.7973265441141263, 'num_points': 15}, {'avg_silhouette': 0.5479972913263023, 'num_points': 11}, {'avg_silhouette': 0.7598141324032088, 'num_points': 5}, {'avg_silhouette': 0.5744826541559425, 'num_points': 5}, {'avg_silhouette': 0.6394744673457823, 'num_points': 5}, {'avg_silhouette': 0.5687961697860767, 'num_points': 8}, {'avg_silhouette': 0.7873891671981762, 'num_points': 5}, {'avg_silhouette': 0.5813133899822628, 'num_points': 6}, {'avg_silhouette': 0.6874839946957184, 'num_points': 7}]",5.0,45,0.013449448054408201,,2,0.6574758553997919
DBSCAN,,0.21233018867609932,"[{'avg_silhouette': 0.4813061163891866, 'num_points': 33}, {'avg_silhouette': 0.6309725218199485, 'num_points': 107}, {'avg_silhouette': 0.4512922677760055, 'num_points': 29}, {'avg_silhouette': 0.58812782525932, 'num_points': 54}, {'avg_silhouette': 0.6989347870098783, 'num_points': 18}, {'avg_silhouette': 0.659954131161229, 'num_points': 108}, {'avg_silhouette': 0.6442394978537996, 'num_points': 34}, {'avg_silhouette': 0.6561014594516231, 'num_points': 28}, {'avg_silhouette': 0.5353643604572127, 'num_points': 16}, {'avg_silhouette': 0.5025834121624116, 'num_points': 24}, {'avg_silhouette': 0.6706249808029264, 'num_points': 14}, {'avg_silhouette': 0.43552808275143645, 'num_points': 83}, {'avg_silhouette': 0.6870348427929998, 'num_points': 13}, {'avg_silhouette': 0.5030955473762317, 'num_points': 64}, {'avg_silhouette': 0.7116644183011347, 'num_points': 81}, {'avg_silhouette': 0.5107025555992051, 'num_points': 16}, {'avg_silhouette': 0.7718481739358064, 'num_points': 23}, {'avg_silhouette': 0.6040378579644807, 'num_points': 19}, {'avg_silhouette': 0.6410547598393119, 'num_points': 13}, {'avg_silhouette': 0.5175037103972874, 'num_points': 21}, {'avg_silhouette': 0.5621125622959827, 'num_points': 11}, {'avg_silhouette': 0.6400594898348508, 'num_points': 15}, {'avg_silhouette': 0.9340796877372975, 'num_points': 15}, {'avg_silhouette': 0.5076792778014686, 'num_points': 10}]",10.0,24,0.01316394370739214,,2,0.6454633264905887
DBSCAN,,0.2023301886760993,"[{'avg_silhouette': 0.47694472780643876, 'num_points': 33}, {'avg_silhouette': 0.6302322732615124, 'num_points': 107}, {'avg_silhouette': 0.44610733943577524, 'num_points': 29}, {'avg_silhouette': 0.5970757859080402, 'num_points': 53}, {'avg_silhouette': 0.7655579291854127, 'num_points': 14}, {'avg_silhouette': 0.6717811823230468, 'num_points': 106}, {'avg_silhouette': 0.6439387848353189, 'num_points': 34}, {'avg_silhouette': 0.6561014594516231, 'num_points': 28}, {'avg_silhouette': 0.5830603435630838, 'num_points': 15}, {'avg_silhouette': 0.5296806830882997, 'num_points': 22}, {'avg_silhouette': 0.6699687926708638, 'num_points': 14}, {'avg_silhouette': 0.7235806618770074, 'num_points': 12}, {'avg_silhouette': 0.5025678987026766, 'num_points': 64}, {'avg_silhouette': 0.7319433922768724, 'num_points': 77}, {'avg_silhouette': 0.5555510219545777, 'num_points': 15}, {'avg_silhouette': 0.43729920601444, 'num_points': 82}, {'avg_silhouette': 0.7718481739358064, 'num_points': 23}, {'avg_silhouette': 0.6008499281635885, 'num_points': 19}, {'avg_silhouette': 0.6401790457319242, 'num_points': 13}, {'avg_silhouette': 0.5594756878350452, 'num_points': 19}, {'avg_silhouette': 0.555839284750937, 'num_points': 11}, {'avg_silhouette': 0.6773498805700224, 'num_points': 13}, {'avg_silhouette': 0.9340796877372975, 'num_points': 15}, {'avg_silhouette': 0.5076792778014686, 'num_points': 10}]",10.0,24,0.0019173280829472572,,2,0.6510067277922796
DBSCAN,,0.15233018867609927,"[{'avg_silhouette': 0.4882702443034976, 'num_points': 32}, {'avg_silhouette': 0.6535872204208872, 'num_points': 103}, {'avg_silhouette': 0.4431106469364667, 'num_points': 28}, {'avg_silhouette': 0.6353024010887734, 'num_points': 50}, {'avg_silhouette': 0.8150411071229078, 'num_points': 12}, {'avg_silhouette': 0.67565770452895, 'num_points': 103}, {'avg_silhouette': 0.45104370516368314, 'num_points': 31}, {'avg_silhouette': 0.44118675891629494, 'num_points': 26}, {'avg_silhouette': 0.639024758716209, 'num_points': 13}, {'avg_silhouette': 0.5531983809156925, 'num_points': 20}, {'avg_silhouette': 0.3028355812640775, 'num_points': 11}, {'avg_silhouette': 0.6650177010144669, 'num_points': 14}, {'avg_silhouette': 0.9054109855660014, 'num_points': 5}, {'avg_silhouette': 0.7911577273779071, 'num_points': 8}, {'avg_silhouette': 0.6012079764062112, 'num_points': 11}, {'avg_silhouette': 0.7478842795692193, 'num_points': 7}, {'avg_silhouette': 0.7948726101162582, 'num_points': 8}, {'avg_silhouette': 0.5306870443350797, 'num_points': 59}, {'avg_silhouette': 0.5284724574239784, 'num_points': 71}, {'avg_silhouette': 0.5909097646969637, 'num_points': 7}, {'avg_silhouette': 0.23783325337730069, 'num_points': 69}, {'avg_silhouette': 0.6747157929837547, 'num_points': 7}, {'avg_silhouette': 0.5935073362466737, 'num_points': 7}, {'avg_silhouette': 0.5985226171375463, 'num_points': 7}, {'avg_silhouette': 0.8209138451541905, 'num_points': 9}, {'avg_silhouette': 0.6647589566049467, 'num_points': 14}, {'avg_silhouette': 0.7154977558461859, 'num_points': 11}, {'avg_silhouette': 0.5651961716759026, 'num_points': 18}, {'avg_silhouette': 0.610099680493611, 'num_points': 7}, {'avg_silhouette': 0.6796323750420424, 'num_points': 9}, {'avg_silhouette': 0.2482206416065471, 'num_points': 4}, {'avg_silhouette': 0.6968462862758793, 'num_points': 5}, {'avg_silhouette': 0.5884054203679379, 'num_points': 13}, {'avg_silhouette': 0.9016057343362757, 'num_points': 6}, {'avg_silhouette': 0.7973265441141263, 'num_points': 15}, {'avg_silhouette': 0.573208065195764, 'num_points': 10}, {'avg_silhouette': 0.7598141324032088, 'num_points': 5}, {'avg_silhouette': 0.5725768990506859, 'num_points': 5}, {'avg_silhouette': 0.6326676260690186, 'num_points': 5}, {'avg_silhouette': 0.5652509433998363, 'num_points': 8}, {'avg_silhouette': 0.746320531746002, 'num_points': 5}, {'avg_silhouette': 0.7873885466688821, 'num_points': 5}, {'avg_silhouette': 0.5901747711542042, 'num_points': 5}, {'avg_silhouette': 0.7931274454959514, 'num_points': 6}]",5.0,44,-0.004758138106768165,,2,0.6646224624749186
HDBSCAN,,,"[{'avg_silhouette': 0.5904014622190507, 'num_points': 287}, {'avg_silhouette': 0.5420740313820404, 'num_points': 200}]",,2,-0.00695587981035978,121.0,2,0.5662377468005455
HDBSCAN,,,"[{'avg_silhouette': 0.5949067126991129, 'num_points': 284}, {'avg_silhouette': 0.5401205673309285, 'num_points': 199}]",,2,-0.008848440754164544,123.0,2,0.5675136400150207
HDBSCAN,,,"[{'avg_silhouette': 0.5945106076827936, 'num_points': 284}, {'avg_silhouette': 0.5421207721849018, 'num_points': 197}]",,2,-0.009796437181742907,125.0,2,0.5683156899338477
HDBSCAN,,,"[{'avg_silhouette': 0.591723171872633, 'num_points': 285}, {'avg_silhouette': 0.5493492531469197, 'num_points': 193}]",,2,-0.011389852296780342,127.0,2,0.5705362125097764
HDBSCAN,,,"[{'avg_silhouette': 0.5939487211598504, 'num_points': 284}, {'avg_silhouette': 0.5470014590836901, 'num_points': 192}]",,2,-0.012460468324585269,129.0,2,0.5704750901217703
HDBSCAN,,,"[{'avg_silhouette': 0.5952609386547272, 'num_points': 283}, {'avg_silhouette': 0.5477939506561292, 'num_points': 191}]",,2,-0.01335666473987233,131.0,2,0.5715274446554282
DBSCAN,,0.1923301886760993,"[{'avg_silhouette': 0.47694472780643876, 'num_points': 33}, {'avg_silhouette': 0.6298903385834937, 'num_points': 107}, {'avg_silhouette': 0.44589608864882085, 'num_points': 29}, {'avg_silhouette': 0.6159112419948716, 'num_points': 52}, {'avg_silhouette': 0.7859498966796408, 'num_points': 13}, {'avg_silhouette': 0.6770114094123382, 'num_points': 105}, {'avg_silhouette': 0.6669770352795487, 'num_points': 32}, {'avg_silhouette': 0.6649921942977952, 'num_points': 27}, {'avg_silhouette': 0.6206235685133626, 'num_points': 14}, {'avg_silhouette': 0.5296806830882997, 'num_points': 22}, {'avg_silhouette': 0.6670553805016152, 'num_points': 14}, {'avg_silhouette': 0.7207132975116576, 'num_points': 12}, {'avg_silhouette': 0.5093287008796209, 'num_points': 63}, {'avg_silhouette': 0.7468138655076574, 'num_points': 74}, {'avg_silhouette': 0.473043588019531, 'num_points': 71}, {'avg_silhouette': 0.6266111198349344, 'num_points': 17}, {'avg_silhouette': 0.6398048779323731, 'num_points': 13}, {'avg_silhouette': 0.5564010931316603, 'num_points': 19}, {'avg_silhouette': 0.798986500203982, 'num_points': 20}, {'avg_silhouette': 0.6973575308137591, 'num_points': 12}, {'avg_silhouette': 0.5512340842291008, 'num_points': 15}, {'avg_silhouette': 0.9339915370113423, 'num_points': 15}, {'avg_silhouette': 0.5749214695245223, 'num_points': 10}, {'avg_silhouette': 0.5076792778014686, 'num_points': 10}]",10.0,24,-0.013728608384656277,,2,0.6534508739979159
HDBSCAN,,,"[{'avg_silhouette': 0.5968446959225038, 'num_points': 282}, {'avg_silhouette': 0.5476786732654769, 'num_points': 191}]",,2,-0.013756764767953188,132.0,2,0.5722616845939903
HDBSCAN,,,"[{'avg_silhouette': 0.5967002067467735, 'num_points': 282}, {'avg_silhouette': 0.5497199351727156, 'num_points': 189}]",,2,-0.014819065355034727,133.0,2,0.5732100709597445
HDBSCAN,,,"[{'avg_silhouette': 0.597178401128615, 'num_points': 281}, {'avg_silhouette': 0.5541373253766796, 'num_points': 188}]",,2,-0.015646396531900836,134.0,2,0.5756578632526472
HDBSCAN,,,"[{'avg_silhouette': 0.5970001198924056, 'num_points': 281}, {'avg_silhouette': 0.5555383255703306, 'num_points': 187}]",,2,-0.016134028631394192,135.0,2,0.5762692227313682
HDBSCAN,,,"[{'avg_silhouette': 0.5969196687911925, 'num_points': 281}, {'avg_silhouette': 0.5566429468170763, 'num_points': 186}]",,2,-0.016652386181621504,136.0,2,0.5767813078041344
HDBSCAN,,,"[{'avg_silhouette': 0.5966992728525607, 'num_points': 281}, {'avg_silhouette': 0.5577448916803864, 'num_points': 185}]",,2,-0.01715827341245516,137.0,2,0.5772220822664735
HDBSCAN,,,"[{'avg_silhouette': 0.5992123034751561, 'num_points': 280}, {'avg_silhouette': 0.552965767984881, 'num_points': 186}]",,2,-0.017178044587329463,138.0,2,0.5760890357300186
DBSCAN,,0.1823301886760993,"[{'avg_silhouette': 0.4747438603665993, 'num_points': 33}, {'avg_silhouette': 0.6372495042781128, 'num_points': 106}, {'avg_silhouette': 0.4556739170997143, 'num_points': 28}, {'avg_silhouette': 0.6159112419948716, 'num_points': 52}, {'avg_silhouette': 0.7855693106454917, 'num_points': 13}, {'avg_silhouette': 0.6906870802787473, 'num_points': 103}, {'avg_silhouette': 0.6845426937990655, 'num_points': 31}, {'avg_silhouette': 0.688350408949641, 'num_points': 25}, {'avg_silhouette': 0.6527825928340476, 'num_points': 13}, {'avg_silhouette': 0.5521942815961484, 'num_points': 21}, {'avg_silhouette': 0.6670553805016152, 'num_points': 14}, {'avg_silhouette': 0.7193831516643051, 'num_points': 12}, {'avg_silhouette': 0.5122088382138971, 'num_points': 62}, {'avg_silhouette': 0.7459432476254104, 'num_points': 74}, {'avg_silhouette': 0.48521834518016754, 'num_points': 69}, {'avg_silhouette': 0.6407848068424937, 'num_points': 13}, {'avg_silhouette': 0.5564010931316603, 'num_points': 19}, {'avg_silhouette': 0.6430572361040009, 'num_points': 16}, {'avg_silhouette': 0.6973575308137591, 'num_points': 12}, {'avg_silhouette': 0.5793260342572542, 'num_points': 14}, {'avg_silhouette': 0.933920844940295, 'num_points': 15}, {'avg_silhouette': 0.5749214695245223, 'num_points': 10}, {'avg_silhouette': 0.8322688168644164, 'num_points': 15}]",10.0,23,-0.029540047055710006,,2,0.66396829227843
DBSCAN,,0.14233018867609926,"[{'avg_silhouette': 0.4942864025257094, 'num_points': 29}, {'avg_silhouette': 0.6531802729535763, 'num_points': 103}, {'avg_silhouette': 0.4149813746279538, 'num_points': 8}, {'avg_silhouette': 0.6471520986520855, 'num_points': 49}, {'avg_silhouette': 0.8419972689867516, 'num_points': 11}, {'avg_silhouette': 0.6820616768935002, 'num_points': 102}, {'avg_silhouette': 0.3428464206747261, 'num_points': 27}, {'avg_silhouette': 0.5175939091215748, 'num_points': 20}, {'avg_silhouette': 0.639024758716209, 'num_points': 13}, {'avg_silhouette': 0.5763254581301672, 'num_points': 18}, {'avg_silhouette': 0.8943898190827128, 'num_points': 8}, {'avg_silhouette': 0.664171375232515, 'num_points': 14}, {'avg_silhouette': 0.9054109855660014, 'num_points': 5}, {'avg_silhouette': 0.7887356268907671, 'num_points': 8}, {'avg_silhouette': 0.7510591248531879, 'num_points': 10}, {'avg_silhouette': 0.7478842795692193, 'num_points': 7}, {'avg_silhouette': 0.794680301631558, 'num_points': 8}, {'avg_silhouette': 0.5239322169749401, 'num_points': 58}, {'avg_silhouette': 0.5284724574239784, 'num_points': 71}, {'avg_silhouette': 0.6326697922961254, 'num_points': 6}, {'avg_silhouette': 0.2551830021439983, 'num_points': 66}, {'avg_silhouette': 0.6747157929837547, 'num_points': 7}, {'avg_silhouette': 0.5845318034310905, 'num_points': 7}, {'avg_silhouette': 0.6635363581724215, 'num_points': 6}, {'avg_silhouette': 0.8209138451541905, 'num_points': 9}, {'avg_silhouette': 0.7151216664938234, 'num_points': 11}, {'avg_silhouette': 0.5607856345853309, 'num_points': 18}, {'avg_silhouette': 0.3179620783480537, 'num_points': 19}, {'avg_silhouette': 0.7631539983372382, 'num_points': 9}, {'avg_silhouette': 0.7130322744671846, 'num_points': 8}, {'avg_silhouette': 0.5961509464624789, 'num_points': 12}, {'avg_silhouette': 0.9012829898283568, 'num_points': 6}, {'avg_silhouette': 0.7973265441141263, 'num_points': 15}, {'avg_silhouette': 0.6062879606542506, 'num_points': 8}, {'avg_silhouette': 0.6098042352618008, 'num_points': 6}, {'avg_silhouette': 0.7598141324032088, 'num_points': 5}, {'avg_silhouette': 0.4235186031063911, 'num_points': 4}, {'avg_silhouette': 0.5652509433998363, 'num_points': 8}, {'avg_silhouette': 0.6913713789953257, 'num_points': 5}, {'avg_silhouette': 0.9000318173930786, 'num_points': 5}]",5.0,40,-0.040478858837094324,,2,0.6676209749235382
DBSCAN,,0.17233018867609928,"[{'avg_silhouette': 0.49374885489240833, 'num_points': 31}, {'avg_silhouette': 0.6412253986852222, 'num_points': 105}, {'avg_silhouette': 0.624629376474797, 'num_points': 51}, {'avg_silhouette': 0.8439061638377923, 'num_points': 11}, {'avg_silhouette': 0.6905367851036442, 'num_points': 103}, {'avg_silhouette': 0.6845426937990655, 'num_points': 31}, {'avg_silhouette': 0.7042634094184098, 'num_points': 23}, {'avg_silhouette': 0.6524619565238273, 'num_points': 13}, {'avg_silhouette': 0.6099592043504372, 'num_points': 17}, {'avg_silhouette': 0.6661916248066625, 'num_points': 14}, {'avg_silhouette': 0.7473257229144075, 'num_points': 10}, {'avg_silhouette': 0.5109172825327865, 'num_points': 62}, {'avg_silhouette': 0.7523332852387179, 'num_points': 73}, {'avg_silhouette': 0.48521834518016754, 'num_points': 69}, {'avg_silhouette': 0.6407848068424937, 'num_points': 13}, {'avg_silhouette': 0.5564010931316603, 'num_points': 19}, {'avg_silhouette': 0.6560817550314197, 'num_points': 14}, {'avg_silhouette': 0.4673101790282494, 'num_points': 27}, {'avg_silhouette': 0.7055337227355497, 'num_points': 11}, {'avg_silhouette': 0.5791447454568527, 'num_points': 14}, {'avg_silhouette': 0.933920844940295, 'num_points': 15}, {'avg_silhouette': 0.5749214695245223, 'num_points': 10}, {'avg_silhouette': 0.8322688168644164, 'num_points': 15}]",10.0,23,-0.04106343609803844,,2,0.6658810918944332
DBSCAN,,0.15233018867609927,"[{'avg_silhouette': 0.6628933325860871, 'num_points': 102}, {'avg_silhouette': 0.6353024010887734, 'num_points': 50}, {'avg_silhouette': 0.8439399332181788, 'num_points': 11}, {'avg_silhouette': 0.684937081659591, 'num_points': 103}, {'avg_silhouette': 0.720322199802238, 'num_points': 27}, {'avg_silhouette': 0.7409858617798216, 'num_points': 18}, {'avg_silhouette': 0.5992671081585956, 'num_points': 17}, {'avg_silhouette': 0.6650177010144669, 'num_points': 14}, {'avg_silhouette': 0.5151292301356875, 'num_points': 59}, {'avg_silhouette': 0.7656108968590349, 'num_points': 71}, {'avg_silhouette': 0.5575777552273009, 'num_points': 26}, {'avg_silhouette': 0.5189080453214174, 'num_points': 63}, {'avg_silhouette': 0.7616787845256614, 'num_points': 10}, {'avg_silhouette': 0.6505008811921643, 'num_points': 13}, {'avg_silhouette': 0.8574391709451463, 'num_points': 17}, {'avg_silhouette': 0.6084602729513697, 'num_points': 10}, {'avg_silhouette': 0.9338893986649356, 'num_points': 15}, {'avg_silhouette': 0.5863230215457673, 'num_points': 10}]",10.0,18,-0.061049425190186746,,2,0.673915207122839
DBSCAN,,0.13233018867609925,"[{'avg_silhouette': 0.5906378647369174, 'num_points': 21}, {'avg_silhouette': 0.6603609894386356, 'num_points': 102}, {'avg_silhouette': 0.6471520986520855, 'num_points': 49}, {'avg_silhouette': 0.8669767169623507, 'num_points': 10}, {'avg_silhouette': 0.6821175995175672, 'num_points': 102}, {'avg_silhouette': 0.5203095593759174, 'num_points': 26}, {'avg_silhouette': 0.5387531903139144, 'num_points': 18}, {'avg_silhouette': 0.6387577509514466, 'num_points': 13}, {'avg_silhouette': 0.6250635045194045, 'num_points': 15}, {'avg_silhouette': 0.8947599680938715, 'num_points': 8}, {'avg_silhouette': 0.664171375232515, 'num_points': 14}, {'avg_silhouette': 0.9051885204423643, 'num_points': 5}, {'avg_silhouette': 0.7871680585357851, 'num_points': 8}, {'avg_silhouette': 0.8683059039134375, 'num_points': 10}, {'avg_silhouette': 0.7478842795692193, 'num_points': 7}, {'avg_silhouette': 0.794680301631558, 'num_points': 8}, {'avg_silhouette': 0.5375152539526454, 'num_points': 54}, {'avg_silhouette': 0.5284724574239784, 'num_points': 71}, {'avg_silhouette': 0.6326697922961254, 'num_points': 6}, {'avg_silhouette': 0.29388958422482203, 'num_points': 61}, {'avg_silhouette': 0.6747157929837547, 'num_points': 7}, {'avg_silhouette': 0.582420770110681, 'num_points': 7}, {'avg_silhouette': 0.8209138451541905, 'num_points': 9}, {'avg_silhouette': 0.6690723769089373, 'num_points': 6}, {'avg_silhouette': 0.7613110551785762, 'num_points': 10}, {'avg_silhouette': 0.7850148882091914, 'num_points': 8}, {'avg_silhouette': 0.6237180841333033, 'num_points': 13}, {'avg_silhouette': 0.5949122866217728, 'num_points': 12}, {'avg_silhouette': 0.5424219556947293, 'num_points': 19}, {'avg_silhouette': 0.9016368006171128, 'num_points': 6}, {'avg_silhouette': 0.7973265441141263, 'num_points': 15}, {'avg_silhouette': 0.6012902757860271, 'num_points': 8}, {'avg_silhouette': 0.6233026008365895, 'num_points': 5}, {'avg_silhouette': 0.7598141324032088, 'num_points': 5}, {'avg_silhouette': 0.6913713789953257, 'num_points': 5}, {'avg_silhouette': 0.5872210374847601, 'num_points': 6}, {'avg_silhouette': 0.9000318173930786, 'num_points': 5}]",5.0,37,-0.06114197263255152,,2,0.6712392944781014
DBSCAN,,0.16233018867609927,"[{'avg_silhouette': 0.6412253986852222, 'num_points': 105}, {'avg_silhouette': 0.4971005926994343, 'num_points': 30}, {'avg_silhouette': 0.624629376474797, 'num_points': 51}, {'avg_silhouette': 0.8438488636076881, 'num_points': 11}, {'avg_silhouette': 0.689446677134063, 'num_points': 103}, {'avg_silhouette': 0.7042805429788677, 'num_points': 29}, {'avg_silhouette': 0.7054058986809911, 'num_points': 23}, {'avg_silhouette': 0.6524619565238273, 'num_points': 13}, {'avg_silhouette': 0.6097265650948946, 'num_points': 17}, {'avg_silhouette': 0.6661916248066625, 'num_points': 14}, {'avg_silhouette': 0.508123998839026, 'num_points': 61}, {'avg_silhouette': 0.7577234413082852, 'num_points': 72}, {'avg_silhouette': 0.5166417829305884, 'num_points': 64}, {'avg_silhouette': 0.6778632835946555, 'num_points': 12}, {'avg_silhouette': 0.5091073742067405, 'num_points': 24}, {'avg_silhouette': 0.751557864882184, 'num_points': 11}, {'avg_silhouette': 0.7522323922545004, 'num_points': 17}, {'avg_silhouette': 0.5859594501638826, 'num_points': 13}, {'avg_silhouette': 0.933884039514855, 'num_points': 15}, {'avg_silhouette': 0.8681016913165992, 'num_points': 10}, {'avg_silhouette': 0.8648305191742566, 'num_points': 10}]",10.0,21,-0.06462358134524412,,2,0.6653360379096427
DBSCAN,,0.14233018867609926,"[{'avg_silhouette': 0.6624873936070672, 'num_points': 102}, {'avg_silhouette': 0.6471520986520855, 'num_points': 49}, {'avg_silhouette': 0.8439399332181788, 'num_points': 11}, {'avg_silhouette': 0.6908855093750822, 'num_points': 102}, {'avg_silhouette': 0.7198551401427238, 'num_points': 27}, {'avg_silhouette': 0.6135551801206329, 'num_points': 16}, {'avg_silhouette': 0.664171375232515, 'num_points': 14}, {'avg_silhouette': 0.541363444339835, 'num_points': 54}, {'avg_silhouette': 0.7651147294845619, 'num_points': 71}, {'avg_silhouette': 0.5652876291713894, 'num_points': 54}, {'avg_silhouette': 0.7613110551785762, 'num_points': 10}, {'avg_silhouette': 0.5744526845309442, 'num_points': 23}, {'avg_silhouette': 0.7634075888505604, 'num_points': 15}, {'avg_silhouette': 0.6759293913560424, 'num_points': 12}, {'avg_silhouette': 0.8682592681403352, 'num_points': 14}, {'avg_silhouette': 0.9338893986649356, 'num_points': 15}]",10.0,16,-0.08508139738081598,,2,0.6766864514910746
DBSCAN,,0.13233018867609925,"[{'avg_silhouette': 0.6622307442832713, 'num_points': 102}, {'avg_silhouette': 0.6469050366233512, 'num_points': 49}, {'avg_silhouette': 0.8669767169623507, 'num_points': 10}, {'avg_silhouette': 0.6956850832596898, 'num_points': 101}, {'avg_silhouette': 0.7322909873249188, 'num_points': 26}, {'avg_silhouette': 0.6410762799039175, 'num_points': 14}, {'avg_silhouette': 0.6891890481686977, 'num_points': 13}, {'avg_silhouette': 0.5419041539114496, 'num_points': 53}, {'avg_silhouette': 0.7698513031546781, 'num_points': 70}, {'avg_silhouette': 0.6184649719591323, 'num_points': 45}, {'avg_silhouette': 0.7610371518315309, 'num_points': 10}, {'avg_silhouette': 0.6065033335304423, 'num_points': 19}, {'avg_silhouette': 0.6759293913560424, 'num_points': 12}, {'avg_silhouette': 0.7721112390395142, 'num_points': 14}, {'avg_silhouette': 0.9338824797109955, 'num_points': 15}, {'avg_silhouette': 0.8866892646932539, 'num_points': 10}]",10.0,16,-0.10180132352897393,,2,0.6789579137714805
DBSCAN,,0.12233018867609924,"[{'avg_silhouette': 0.5975124018777691, 'num_points': 20}, {'avg_silhouette': 0.4347350998954077, 'num_points': 92}, {'avg_silhouette': 0.6469050366233512, 'num_points': 49}, {'avg_silhouette': 0.8669767169623507, 'num_points': 10}, {'avg_silhouette': 0.6970416500099607, 'num_points': 98}, {'avg_silhouette': 0.520738208081191, 'num_points': 26}, {'avg_silhouette': 0.7677263095609008, 'num_points': 14}, {'avg_silhouette': 0.6245939975422199, 'num_points': 15}, {'avg_silhouette': 0.9030980379403921, 'num_points': 7}, {'avg_silhouette': 0.4354054481906204, 'num_points': 8}, {'avg_silhouette': 0.6891890481686977, 'num_points': 13}, {'avg_silhouette': 0.9043226131317483, 'num_points': 5}, {'avg_silhouette': 0.7684134724021716, 'num_points': 8}, {'avg_silhouette': 0.8683059039134375, 'num_points': 10}, {'avg_silhouette': 0.7478842795692193, 'num_points': 7}, {'avg_silhouette': 0.8659330747494229, 'num_points': 7}, {'avg_silhouette': 0.5055586202640651, 'num_points': 53}, {'avg_silhouette': 0.39574691000823625, 'num_points': 12}, {'avg_silhouette': 0.38722867854667037, 'num_points': 59}, {'avg_silhouette': 0.29916396892229863, 'num_points': 42}, {'avg_silhouette': 0.24509272411107244, 'num_points': 10}, {'avg_silhouette': 0.6668227498854711, 'num_points': 7}, {'avg_silhouette': 0.7335620818554753, 'num_points': 5}, {'avg_silhouette': 0.8209138451541905, 'num_points': 9}, {'avg_silhouette': 0.6690723769089373, 'num_points': 6}, {'avg_silhouette': 0.7600048079083939, 'num_points': 10}, {'avg_silhouette': 0.7840908141765008, 'num_points': 8}, {'avg_silhouette': 0.6464965154590524, 'num_points': 12}, {'avg_silhouette': 0.6221514646758212, 'num_points': 13}, {'avg_silhouette': 0.4177515995357718, 'num_points': 5}, {'avg_silhouette': 0.9016368006171128, 'num_points': 6}, {'avg_silhouette': 0.7973265441141263, 'num_points': 15}, {'avg_silhouette': 0.659413230592583, 'num_points': 9}, {'avg_silhouette': 0.6384444819056443, 'num_points': 7}, {'avg_silhouette': 0.4045235751550511, 'num_points': 9}, {'avg_silhouette': 0.7598141324032088, 'num_points': 5}, {'avg_silhouette': 0.4750178230762547, 'num_points': 7}, {'avg_silhouette': 0.6027126976167584, 'num_points': 5}, {'avg_silhouette': 0.8991064276646913, 'num_points': 5}]",5.0,39,-0.10740063810939775,,1,
DBSCAN,,0.12233018867609924,"[{'avg_silhouette': 0.7034449448130787, 'num_points': 92}, {'avg_silhouette': 0.658671651536462, 'num_points': 48}, {'avg_silhouette': 0.866300553979318, 'num_points': 10}, {'avg_silhouette': 0.7138260860807035, 'num_points': 97}, {'avg_silhouette': 0.7516635473530812, 'num_points': 25}, {'avg_silhouette': 0.6558486422634711, 'num_points': 13}, {'avg_silhouette': 0.6877071159220616, 'num_points': 13}, {'avg_silhouette': 0.5569272108288331, 'num_points': 49}, {'avg_silhouette': 0.3720623660845838, 'num_points': 59}, {'avg_silhouette': 0.6448689948316024, 'num_points': 41}, {'avg_silhouette': 0.7600964486336725, 'num_points': 10}, {'avg_silhouette': 0.622946480818432, 'num_points': 17}, {'avg_silhouette': 0.6872561085456566, 'num_points': 11}, {'avg_silhouette': 0.9337573711390095, 'num_points': 15}, {'avg_silhouette': 0.4820344661413223, 'num_points': 11}]",10.0,15,-0.10823708289431176,,1,
DBSCAN,,0.11233018867609923,"[{'avg_silhouette': 0.7028866057376237, 'num_points': 92}, {'avg_silhouette': 0.6623194916136057, 'num_points': 47}, {'avg_silhouette': 0.7217278323385635, 'num_points': 96}, {'avg_silhouette': 0.6682255774102298, 'num_points': 14}, {'avg_silhouette': 0.7558366712674, 'num_points': 10}, {'avg_silhouette': 0.669341717188181, 'num_points': 12}, {'avg_silhouette': 0.7033407200709392, 'num_points': 12}, {'avg_silhouette': 0.5928376817392398, 'num_points': 42}, {'avg_silhouette': 0.3720623660845838, 'num_points': 59}, {'avg_silhouette': 0.6952459879143716, 'num_points': 34}, {'avg_silhouette': 0.7596514589256085, 'num_points': 10}, {'avg_silhouette': 0.9332816256600284, 'num_points': 15}, {'avg_silhouette': 0.7013823524048554, 'num_points': 13}, {'avg_silhouette': 0.8637756458554569, 'num_points': 10}, {'avg_silhouette': 0.4820344661413223, 'num_points': 11}]",10.0,15,-0.13113203625660202,,1,
DBSCAN,,0.11233018867609923,"[{'avg_silhouette': 0.5975124018777691, 'num_points': 20}, {'avg_silhouette': 0.4347350998954077, 'num_points': 92}, {'avg_silhouette': 0.6625712684244783, 'num_points': 47}, {'avg_silhouette': 0.8637756458554569, 'num_points': 10}, {'avg_silhouette': 0.7049900720066248, 'num_points': 97}, {'avg_silhouette': 0.6682255774102298, 'num_points': 14}, {'avg_silhouette': 0.7558366712674, 'num_points': 10}, {'avg_silhouette': 0.8100081040411794, 'num_points': 9}, {'avg_silhouette': 0.6245939975422199, 'num_points': 15}, {'avg_silhouette': 0.9022624066955443, 'num_points': 7}, {'avg_silhouette': 0.4354054481906204, 'num_points': 8}, {'avg_silhouette': 0.6873658669715088, 'num_points': 13}, {'avg_silhouette': 0.9043226131317483, 'num_points': 5}, {'avg_silhouette': 0.7638466078041997, 'num_points': 8}, {'avg_silhouette': 0.8656638114662345, 'num_points': 7}, {'avg_silhouette': 0.5193427168925079, 'num_points': 49}, {'avg_silhouette': 0.4820344661413223, 'num_points': 11}, {'avg_silhouette': 0.746046284932992, 'num_points': 7}, {'avg_silhouette': 0.36429761000327787, 'num_points': 59}, {'avg_silhouette': 0.32579279945963624, 'num_points': 36}, {'avg_silhouette': 0.6080596669887143, 'num_points': 5}, {'avg_silhouette': 0.6668227498854711, 'num_points': 7}, {'avg_silhouette': 0.7006421848182741, 'num_points': 5}, {'avg_silhouette': 0.8789400661112419, 'num_points': 8}, {'avg_silhouette': 0.7600465488040132, 'num_points': 10}, {'avg_silhouette': 0.6685839868914761, 'num_points': 10}, {'avg_silhouette': 0.7840908141765008, 'num_points': 8}, {'avg_silhouette': 0.6273132656306207, 'num_points': 12}, {'avg_silhouette': 0.923767544296385, 'num_points': 5}, {'avg_silhouette': 0.7973265441141263, 'num_points': 15}, {'avg_silhouette': 0.6569670096254594, 'num_points': 9}, {'avg_silhouette': 0.6370696548929674, 'num_points': 7}, {'avg_silhouette': 0.7385396017948701, 'num_points': 7}, {'avg_silhouette': 0.7598141324032088, 'num_points': 5}, {'avg_silhouette': 0.8704381144927883, 'num_points': 9}, {'avg_silhouette': 0.5872097852171658, 'num_points': 5}, {'avg_silhouette': 0.4703603762528409, 'num_points': 5}, {'avg_silhouette': 0.8991064276646913, 'num_points': 5}]",5.0,38,-0.13276538557778786,,1,
DBSCAN,,0.10233018867609922,"[{'avg_silhouette': 0.7288757114726461, 'num_points': 12}, {'avg_silhouette': 0.43597550063334684, 'num_points': 91}, {'avg_silhouette': 0.6707254110129071, 'num_points': 45}, {'avg_silhouette': 0.8637756458554569, 'num_points': 10}, {'avg_silhouette': 0.7176249344097303, 'num_points': 95}, {'avg_silhouette': 0.6682255774102298, 'num_points': 14}, {'avg_silhouette': 0.7558366712674, 'num_points': 10}, {'avg_silhouette': 0.8405718177097532, 'num_points': 7}, {'avg_silhouette': 0.6908975831958044, 'num_points': 11}, {'avg_silhouette': 0.9332716154195321, 'num_points': 5}, {'avg_silhouette': 0.7028199615958498, 'num_points': 12}, {'avg_silhouette': 0.9041306548718844, 'num_points': 5}, {'avg_silhouette': 0.7638466078041997, 'num_points': 8}, {'avg_silhouette': 0.8653018889645807, 'num_points': 7}, {'avg_silhouette': 0.4758860308386316, 'num_points': 7}, {'avg_silhouette': 0.2162066363742567, 'num_points': 40}, {'avg_silhouette': 0.4820344661413223, 'num_points': 11}, {'avg_silhouette': 0.746046284932992, 'num_points': 7}, {'avg_silhouette': 0.36429761000327787, 'num_points': 59}, {'avg_silhouette': 0.387412953979992, 'num_points': 36}, {'avg_silhouette': 0.6273750902778258, 'num_points': 5}, {'avg_silhouette': 0.6668227498854711, 'num_points': 7}, {'avg_silhouette': 0.7006421848182741, 'num_points': 5}, {'avg_silhouette': 0.8789400661112419, 'num_points': 8}, {'avg_silhouette': 0.7594738772855896, 'num_points': 10}, {'avg_silhouette': 0.6679223253893627, 'num_points': 10}, {'avg_silhouette': 0.8273923045816366, 'num_points': 7}, {'avg_silhouette': 0.8067617349407327, 'num_points': 9}, {'avg_silhouette': 0.923767544296385, 'num_points': 5}, {'avg_silhouette': 0.9332816256600284, 'num_points': 15}, {'avg_silhouette': 0.6775626696368985, 'num_points': 8}, {'avg_silhouette': 0.7371445563408201, 'num_points': 7}, {'avg_silhouette': 0.5022743347886574, 'num_points': 5}, {'avg_silhouette': 0.8991064276646913, 'num_points': 5}, {'avg_silhouette': 0.5872097852171658, 'num_points': 5}]",5.0,35,-0.14610111847737992,,1,
DBSCAN,,0.0823301886760992,"[{'avg_silhouette': 0.7632296534669367, 'num_points': 10}, {'avg_silhouette': 0.46677616070732203, 'num_points': 85}, {'avg_silhouette': 0.6893516372584338, 'num_points': 41}, {'avg_silhouette': 0.8634643577223985, 'num_points': 10}, {'avg_silhouette': 0.3797624009383246, 'num_points': 86}, {'avg_silhouette': 0.816570703904146, 'num_points': 11}, {'avg_silhouette': 0.7546882888040733, 'num_points': 10}, {'avg_silhouette': 0.7340819445206133, 'num_points': 10}, {'avg_silhouette': 0.9036426451645815, 'num_points': 5}, {'avg_silhouette': 0.7605918844078884, 'num_points': 8}, {'avg_silhouette': 0.8643432279293205, 'num_points': 7}, {'avg_silhouette': 0.6515982303826406, 'num_points': 31}, {'avg_silhouette': 0.3846125813832576, 'num_points': 58}, {'avg_silhouette': 0.5140542266983704, 'num_points': 29}, {'avg_silhouette': 0.7179090319277549, 'num_points': 5}, {'avg_silhouette': 0.8780612712743306, 'num_points': 8}, {'avg_silhouette': 0.7583133031347021, 'num_points': 10}, {'avg_silhouette': 0.8081788660416966, 'num_points': 5}, {'avg_silhouette': 0.5279312401918517, 'num_points': 6}, {'avg_silhouette': 0.7637977898636241, 'num_points': 8}, {'avg_silhouette': 0.732529193631252, 'num_points': 8}, {'avg_silhouette': 0.9448618274912433, 'num_points': 14}, {'avg_silhouette': 0.8040170138026596, 'num_points': 6}, {'avg_silhouette': 0.5366847523509921, 'num_points': 5}, {'avg_silhouette': 0.8988308141618878, 'num_points': 5}, {'avg_silhouette': 0.5240191962127977, 'num_points': 10}]",5.0,26,-0.15986936078931152,,0,
DBSCAN,,0.09233018867609921,"[{'avg_silhouette': 0.7272595495660275, 'num_points': 12}, {'avg_silhouette': 0.4593145805148408, 'num_points': 87}, {'avg_silhouette': 0.6782801743270743, 'num_points': 42}, {'avg_silhouette': 0.8636084047383601, 'num_points': 10}, {'avg_silhouette': 0.7280809131836609, 'num_points': 93}, {'avg_silhouette': 0.7644601026865732, 'num_points': 12}, {'avg_silhouette': 0.7574469547259722, 'num_points': 10}, {'avg_silhouette': 0.7139878472727845, 'num_points': 10}, {'avg_silhouette': 0.9332433399934963, 'num_points': 5}, {'avg_silhouette': 0.71445228864713, 'num_points': 11}, {'avg_silhouette': 0.9039151310151061, 'num_points': 5}, {'avg_silhouette': 0.7605627335517557, 'num_points': 8}, {'avg_silhouette': 0.8649000873366549, 'num_points': 7}, {'avg_silhouette': 0.584526788958014, 'num_points': 37}, {'avg_silhouette': 0.4820344661413223, 'num_points': 11}, {'avg_silhouette': 0.3644539334472193, 'num_points': 59}, {'avg_silhouette': 0.34163855364150353, 'num_points': 29}, {'avg_silhouette': 0.7179090319277549, 'num_points': 5}, {'avg_silhouette': 0.6857231682719565, 'num_points': 5}, {'avg_silhouette': 0.8784563261809855, 'num_points': 8}, {'avg_silhouette': 0.7589692727276633, 'num_points': 10}, {'avg_silhouette': 0.7770801377759508, 'num_points': 6}, {'avg_silhouette': 0.7331660294643934, 'num_points': 8}, {'avg_silhouette': 0.933260034765471, 'num_points': 15}, {'avg_silhouette': 0.765733895382914, 'num_points': 5}, {'avg_silhouette': 0.9205487632634688, 'num_points': 5}, {'avg_silhouette': 0.7834988809626706, 'num_points': 6}, {'avg_silhouette': 0.426942041116232, 'num_points': 5}, {'avg_silhouette': 0.4730009039019197, 'num_points': 7}, {'avg_silhouette': 0.8991064276646913, 'num_points': 5}]",5.0,30,-0.1631748596040629,,1,
DBSCAN,,0.09233018867609921,"[{'avg_silhouette': 0.7426554332431371, 'num_points': 84}, {'avg_silhouette': 0.8294338861629724, 'num_points': 40}, {'avg_silhouette': 0.76117997787551, 'num_points': 87}, {'avg_silhouette': 0.7644601026865732, 'num_points': 12}, {'avg_silhouette': 0.7574469547259722, 'num_points': 10}, {'avg_silhouette': 0.7411537531723749, 'num_points': 24}, {'avg_silhouette': 0.7957982952316415, 'num_points': 59}, {'avg_silhouette': 0.7348376102741188, 'num_points': 29}, {'avg_silhouette': 0.933260034765471, 'num_points': 15}]",10.0,9,-0.16486275995749938,,0,
DBSCAN,,0.10233018867609922,"[{'avg_silhouette': 0.7289344925240621, 'num_points': 88}, {'avg_silhouette': 0.812815624636619, 'num_points': 45}, {'avg_silhouette': 0.7355750435690349, 'num_points': 94}, {'avg_silhouette': 0.6682255774102298, 'num_points': 14}, {'avg_silhouette': 0.7558366712674, 'num_points': 10}, {'avg_silhouette': 0.7248068743015404, 'num_points': 26}, {'avg_silhouette': 0.37171320537693464, 'num_points': 59}, {'avg_silhouette': 0.7237488014401785, 'num_points': 31}, {'avg_silhouette': 0.9332816256600284, 'num_points': 15}, {'avg_silhouette': 0.8581501360281253, 'num_points': 10}, {'avg_silhouette': 0.5279055606974233, 'num_points': 10}]",10.0,11,-0.16545281079210566,,1,
DBSCAN,,0.0823301886760992,"[{'avg_silhouette': 0.7530331665732427, 'num_points': 82}, {'avg_silhouette': 0.8372233066752459, 'num_points': 38}, {'avg_silhouette': 0.7738248444453621, 'num_points': 83}, {'avg_silhouette': 0.816570703904146, 'num_points': 11}, {'avg_silhouette': 0.7833650380729408, 'num_points': 21}, {'avg_silhouette': 0.8015543636779434, 'num_points': 58}, {'avg_silhouette': 0.7546882888040733, 'num_points': 10}, {'avg_silhouette': 0.7376362074611486, 'num_points': 29}, {'avg_silhouette': 0.9526563198665163, 'num_points': 13}]",10.0,9,-0.17506132189809495,,0,
