algo,linkage,eps,clusters,min_samples,num_clusters,silhouette_score,min_cluster_size,num_representative_clusters,silhouette_score_representative_clusters
DBSCAN,,1.3799158227686106,"[{'avg_silhouette': 0.4012218709610325, 'num_points': 2636}, {'avg_silhouette': 0.6953328564811053, 'num_points': 5}]",5.0,2,0.3975404246929316,,1,
DBSCAN,,1.3699158227686106,"[{'avg_silhouette': 0.4012218709610325, 'num_points': 2636}, {'avg_silhouette': 0.6953328564811053, 'num_points': 5}]",5.0,2,0.3975404246929316,,1,
DBSCAN,,1.4099158227686106,"[{'avg_silhouette': 0.40094861820514766, 'num_points': 2637}, {'avg_silhouette': 0.6953772385795621, 'num_points': 5}]",5.0,2,0.39750066718806665,,1,
DBSCAN,,1.3999158227686106,"[{'avg_silhouette': 0.40094861820514766, 'num_points': 2637}, {'avg_silhouette': 0.6953772385795621, 'num_points': 5}]",5.0,2,0.39750066718806665,,1,
DBSCAN,,1.3899158227686106,"[{'avg_silhouette': 0.40094861820514766, 'num_points': 2637}, {'avg_silhouette': 0.6953772385795621, 'num_points': 5}]",5.0,2,0.39750066718806665,,1,
DBSCAN,,1.4199158227686106,"[{'avg_silhouette': 0.4004658743164415, 'num_points': 2639}, {'avg_silhouette': 0.6954273291022995, 'num_points': 5}]",5.0,2,0.39749086167529657,,1,
DBSCAN,,1.3599158227686106,"[{'avg_silhouette': 0.40134496600511793, 'num_points': 2635}, {'avg_silhouette': 0.6952989220240633, 'num_points': 5}]",5.0,2,0.39745216629059765,,1,
DBSCAN,,1.3499158227686106,"[{'avg_silhouette': 0.40134496600511793, 'num_points': 2635}, {'avg_silhouette': 0.6952989220240633, 'num_points': 5}]",5.0,2,0.39745216629059765,,1,
DBSCAN,,1.3299158227686105,"[{'avg_silhouette': 0.4017286897324386, 'num_points': 2633}, {'avg_silhouette': 0.6952117071764429, 'num_points': 5}]",5.0,2,0.39744687466771617,,1,
DBSCAN,,1.2999158227686105,"[{'avg_silhouette': 0.40236499158465133, 'num_points': 2630}, {'avg_silhouette': 0.6951316120345347, 'num_points': 5}]",5.0,2,0.39742492811262664,,1,
DBSCAN,,1.2899158227686105,"[{'avg_silhouette': 0.40236499158465133, 'num_points': 2630}, {'avg_silhouette': 0.6951316120345347, 'num_points': 5}]",5.0,2,0.39742492811262664,,1,
DBSCAN,,1.3399158227686105,"[{'avg_silhouette': 0.4015236174277642, 'num_points': 2634}, {'avg_silhouette': 0.6952580536601862, 'num_points': 5}]",5.0,2,0.39742330632192324,,1,
DBSCAN,,1.3099158227686105,"[{'avg_silhouette': 0.40213934695448766, 'num_points': 2631}, {'avg_silhouette': 0.6951712065995401, 'num_points': 5}]",5.0,2,0.39741170723494196,,1,
DBSCAN,,1.3199158227686105,"[{'avg_silhouette': 0.401903466265805, 'num_points': 2632}, {'avg_silhouette': 0.695176263007919, 'num_points': 5}]",5.0,2,0.39739884621108806,,1,
DBSCAN,,1.2799158227686105,"[{'avg_silhouette': 0.40247232702502467, 'num_points': 2629}, {'avg_silhouette': 0.6950999625699712, 'num_points': 5}]",5.0,2,0.3972988271090447,,1,
DBSCAN,,1.2699158227686105,"[{'avg_silhouette': 0.40247232702502467, 'num_points': 2629}, {'avg_silhouette': 0.6950999625699712, 'num_points': 5}]",5.0,2,0.3972988271090447,,1,
DBSCAN,,1.2599158227686105,"[{'avg_silhouette': 0.40247232702502467, 'num_points': 2629}, {'avg_silhouette': 0.6950999625699712, 'num_points': 5}]",5.0,2,0.3972988271090447,,1,
DBSCAN,,1.2499158227686105,"[{'avg_silhouette': 0.40247232702502467, 'num_points': 2629}, {'avg_silhouette': 0.6950999625699712, 'num_points': 5}]",5.0,2,0.3972988271090447,,1,
DBSCAN,,1.2399158227686105,"[{'avg_silhouette': 0.40247232702502467, 'num_points': 2629}, {'avg_silhouette': 0.6950999625699712, 'num_points': 5}]",5.0,2,0.3972988271090447,,1,
DBSCAN,,1.2299158227686104,"[{'avg_silhouette': 0.4026509615956076, 'num_points': 2627}, {'avg_silhouette': 0.6950361513221743, 'num_points': 5}]",5.0,2,0.39707308969579463,,1,
DBSCAN,,1.2199158227686104,"[{'avg_silhouette': 0.4033743587339395, 'num_points': 2623}, {'avg_silhouette': 0.6949074843665682, 'num_points': 5}]",5.0,2,0.3969108349013317,,1,
DBSCAN,,1.2099158227686104,"[{'avg_silhouette': 0.40323428378988324, 'num_points': 2621}, {'avg_silhouette': 0.6948615726780425, 'num_points': 5}]",5.0,2,0.39632674942978546,,1,
DBSCAN,,1.1999158227686104,"[{'avg_silhouette': 0.4033922325206761, 'num_points': 2616}, {'avg_silhouette': 0.6947386531757571, 'num_points': 5}]",5.0,2,0.39535977283548934,,1,
DBSCAN,,1.1899158227686104,"[{'avg_silhouette': 0.4033922325206761, 'num_points': 2616}, {'avg_silhouette': 0.6947386531757571, 'num_points': 5}]",5.0,2,0.39535977283548934,,1,
DBSCAN,,1.1799158227686104,"[{'avg_silhouette': 0.40352399784849324, 'num_points': 2614}, {'avg_silhouette': 0.6946709356424955, 'num_points': 5}]",5.0,2,0.3950858580829784,,1,
DBSCAN,,1.1699158227686104,"[{'avg_silhouette': 0.4033973938350214, 'num_points': 2612}, {'avg_silhouette': 0.6946213629481258, 'num_points': 5}]",5.0,2,0.3944638096490937,,1,
DBSCAN,,1.1599158227686104,"[{'avg_silhouette': 0.4029449410437128, 'num_points': 2609}, {'avg_silhouette': 0.694599598948334, 'num_points': 5}]",5.0,2,0.393333211563331,,1,
DBSCAN,,1.1499158227686104,"[{'avg_silhouette': 0.402453370006943, 'num_points': 2608}, {'avg_silhouette': 0.6945842289706523, 'num_points': 5}]",5.0,2,0.3926273815983649,,1,
DBSCAN,,1.1399158227686104,"[{'avg_silhouette': 0.4021033350258717, 'num_points': 2607}, {'avg_silhouette': 0.6945742883416166, 'num_points': 5}]",5.0,2,0.3920384751549202,,1,
DBSCAN,,1.1299158227686104,"[{'avg_silhouette': 0.4017607410099098, 'num_points': 2604}, {'avg_silhouette': 0.6945059324573876, 'num_points': 5}]",5.0,2,0.39105926729706136,,1,
DBSCAN,,1.1199158227686103,"[{'avg_silhouette': 0.40135200836843576, 'num_points': 2603}, {'avg_silhouette': 0.6944859048880133, 'num_points': 5}]",5.0,2,0.39042299845256145,,1,
DBSCAN,,1.1099158227686103,"[{'avg_silhouette': 0.4006613903805448, 'num_points': 2602}, {'avg_silhouette': 0.6944770099843948, 'num_points': 5}]",5.0,2,0.3894981325666798,,1,
DBSCAN,,1.0999158227686103,"[{'avg_silhouette': 0.4006613903805448, 'num_points': 2602}, {'avg_silhouette': 0.6944770099843948, 'num_points': 5}]",5.0,2,0.3894981325666798,,1,
DBSCAN,,1.0899158227686103,"[{'avg_silhouette': 0.39991116335743143, 'num_points': 2600}, {'avg_silhouette': 0.6944312071096961, 'num_points': 5}]",5.0,2,0.3883500088969193,,1,
DBSCAN,,1.0799158227686103,"[{'avg_silhouette': 0.3972713562973769, 'num_points': 2593}, {'avg_silhouette': 0.6942638909099303, 'num_points': 5}]",5.0,2,0.3841964835588865,,1,
DBSCAN,,1.0699158227686103,"[{'avg_silhouette': 0.3953972926941349, 'num_points': 2588}, {'avg_silhouette': 0.6941816188848291, 'num_points': 5}]",5.0,2,0.3812287595082911,,1,
DBSCAN,,1.0599158227686103,"[{'avg_silhouette': 0.3915626044775176, 'num_points': 2578}, {'avg_silhouette': 0.693939166767412, 'num_points': 5}]",5.0,2,0.3755368422161332,,1,
DBSCAN,,1.0499158227686103,"[{'avg_silhouette': 0.3895056510187594, 'num_points': 2575}, {'avg_silhouette': 0.6938804035742199, 'num_points': 5}]",5.0,2,0.37290373053341164,,1,
DBSCAN,,1.0399158227686103,"[{'avg_silhouette': 0.3895274835184603, 'num_points': 2573}, {'avg_silhouette': 0.6938222605341823, 'num_points': 5}]",5.0,2,0.3725015944019908,,1,
DBSCAN,,1.0299158227686103,"[{'avg_silhouette': 0.387728330921333, 'num_points': 2569}, {'avg_silhouette': 0.6937351570037047, 'num_points': 5}]",5.0,2,0.3698902816640153,,1,
DBSCAN,,1.0199158227686103,"[{'avg_silhouette': 0.3843619059559333, 'num_points': 2562}, {'avg_silhouette': 0.6935939775284772, 'num_points': 5}]",5.0,2,0.36517631710428095,,1,
AGGLC,ward,,"[{'avg_silhouette': 0.44653545899464164, 'num_points': 305}, {'avg_silhouette': 0.357132411883258, 'num_points': 167}, {'avg_silhouette': -0.002519300850671174, 'num_points': 98}, {'avg_silhouette': 0.1758099978213528, 'num_points': 71}, {'avg_silhouette': 0.4853333770431584, 'num_points': 290}, {'avg_silhouette': 0.05222665465227548, 'num_points': 13}, {'avg_silhouette': 0.3610187208399455, 'num_points': 214}, {'avg_silhouette': 0.7183127315084429, 'num_points': 176}, {'avg_silhouette': 0.08839306077943786, 'num_points': 131}, {'avg_silhouette': -0.21024790460346282, 'num_points': 26}, {'avg_silhouette': 0.33709697281553147, 'num_points': 38}, {'avg_silhouette': 0.09652900840798685, 'num_points': 29}, {'avg_silhouette': 0.4530364729546188, 'num_points': 129}, {'avg_silhouette': 0.1596165371058039, 'num_points': 6}, {'avg_silhouette': 0.25294812216017637, 'num_points': 219}, {'avg_silhouette': 0.06623610132376742, 'num_points': 43}, {'avg_silhouette': 0.02923203288798933, 'num_points': 29}, {'avg_silhouette': 0.408108278430708, 'num_points': 19}, {'avg_silhouette': 0.43400190231029984, 'num_points': 58}, {'avg_silhouette': 0.6785998955644194, 'num_points': 17}, {'avg_silhouette': -0.054252317570535766, 'num_points': 19}, {'avg_silhouette': 0.34624034556060074, 'num_points': 14}, {'avg_silhouette': 0.24572297813534494, 'num_points': 15}, {'avg_silhouette': 0.4938075105413828, 'num_points': 12}, {'avg_silhouette': 0.3755169164045032, 'num_points': 66}, {'avg_silhouette': 0.16527772937062352, 'num_points': 65}, {'avg_silhouette': 0.19521335967088232, 'num_points': 74}, {'avg_silhouette': 0.40466046889109625, 'num_points': 23}, {'avg_silhouette': -0.019367748556767598, 'num_points': 11}, {'avg_silhouette': -0.05361519694048887, 'num_points': 10}, {'avg_silhouette': 0.28430486232615604, 'num_points': 93}, {'avg_silhouette': 0.38435889062836504, 'num_points': 21}, {'avg_silhouette': 0.258531060995144, 'num_points': 36}, {'avg_silhouette': 0.6547920552166276, 'num_points': 5}, {'avg_silhouette': -0.007571308599160798, 'num_points': 35}, {'avg_silhouette': 0.40152569392589194, 'num_points': 7}, {'avg_silhouette': 0.2699207615309202, 'num_points': 6}, {'avg_silhouette': 0.4838189521998537, 'num_points': 72}]",,38,0.3365530721427697,,6,0.4368801370716038
AGGLC,ward,,"[{'avg_silhouette': 0.01455519920766716, 'num_points': 144}, {'avg_silhouette': 0.357132411883258, 'num_points': 167}, {'avg_silhouette': 0.4486258191812153, 'num_points': 305}, {'avg_silhouette': 0.1758099978213528, 'num_points': 71}, {'avg_silhouette': 0.48606508723687314, 'num_points': 290}, {'avg_silhouette': -0.0023953476211470313, 'num_points': 98}, {'avg_silhouette': 0.3610187208399455, 'num_points': 214}, {'avg_silhouette': 0.7188848012788284, 'num_points': 176}, {'avg_silhouette': 0.4347063107402793, 'num_points': 58}, {'avg_silhouette': -0.2094754609435849, 'num_points': 26}, {'avg_silhouette': 0.3384091101922696, 'num_points': 38}, {'avg_silhouette': 0.09719000934584536, 'num_points': 29}, {'avg_silhouette': 0.4543092714789926, 'num_points': 129}, {'avg_silhouette': 0.1596165371058039, 'num_points': 6}, {'avg_silhouette': 0.2566659721861543, 'num_points': 219}, {'avg_silhouette': 0.06623610132376742, 'num_points': 43}, {'avg_silhouette': 0.02966304232973424, 'num_points': 29}, {'avg_silhouette': 0.4097257911352461, 'num_points': 19}, {'avg_silhouette': 0.4891061386177621, 'num_points': 72}, {'avg_silhouette': 0.6810956403667977, 'num_points': 17}, {'avg_silhouette': -0.054252317570535766, 'num_points': 19}, {'avg_silhouette': 0.3465105828474734, 'num_points': 14}, {'avg_silhouette': 0.2500261313765254, 'num_points': 15}, {'avg_silhouette': 0.4944986781744012, 'num_points': 12}, {'avg_silhouette': 0.3755169164045032, 'num_points': 66}, {'avg_silhouette': 0.16527772937062352, 'num_points': 65}, {'avg_silhouette': 0.19521335967088232, 'num_points': 74}, {'avg_silhouette': 0.4048285584632953, 'num_points': 23}, {'avg_silhouette': -0.014512740442463893, 'num_points': 11}, {'avg_silhouette': -0.05361519694048887, 'num_points': 10}, {'avg_silhouette': 0.2848324291793819, 'num_points': 93}, {'avg_silhouette': 0.38435889062836504, 'num_points': 21}, {'avg_silhouette': 0.258531060995144, 'num_points': 36}, {'avg_silhouette': 0.6547920552166276, 'num_points': 5}, {'avg_silhouette': -0.007571308599160798, 'num_points': 35}, {'avg_silhouette': 0.40241969545486983, 'num_points': 7}, {'avg_silhouette': 0.2699207615309202, 'num_points': 6}]",,37,0.3337596923411364,,7,0.37756400168770593
AGGLC,ward,,"[{'avg_silhouette': -0.06434379414788294, 'num_points': 41}, {'avg_silhouette': 0.01455519920766716, 'num_points': 144}, {'avg_silhouette': 0.4486258191812153, 'num_points': 305}, {'avg_silhouette': 0.357132411883258, 'num_points': 167}, {'avg_silhouette': 0.48606508723687314, 'num_points': 290}, {'avg_silhouette': -0.0018876285077771627, 'num_points': 98}, {'avg_silhouette': 0.3610187208399455, 'num_points': 214}, {'avg_silhouette': 0.1758099978213528, 'num_points': 71}, {'avg_silhouette': 0.4347063107402793, 'num_points': 58}, {'avg_silhouette': -0.2094754609435849, 'num_points': 26}, {'avg_silhouette': 0.3384091101922696, 'num_points': 38}, {'avg_silhouette': 0.09781796758647746, 'num_points': 29}, {'avg_silhouette': 0.4543092714789926, 'num_points': 129}, {'avg_silhouette': 0.17079264603864555, 'num_points': 6}, {'avg_silhouette': 0.25844952174876684, 'num_points': 219}, {'avg_silhouette': 0.06623610132376742, 'num_points': 43}, {'avg_silhouette': 0.7188848012788284, 'num_points': 176}, {'avg_silhouette': 0.4097257911352461, 'num_points': 19}, {'avg_silhouette': 0.4891061386177621, 'num_points': 72}, {'avg_silhouette': 0.6810956403667977, 'num_points': 17}, {'avg_silhouette': -0.054252317570535766, 'num_points': 19}, {'avg_silhouette': 0.3465105828474734, 'num_points': 14}, {'avg_silhouette': 0.2500261313765254, 'num_points': 15}, {'avg_silhouette': 0.4944986781744012, 'num_points': 12}, {'avg_silhouette': 0.3755169164045032, 'num_points': 66}, {'avg_silhouette': 0.16527772937062352, 'num_points': 65}, {'avg_silhouette': 0.19521335967088232, 'num_points': 74}, {'avg_silhouette': 0.4048285584632953, 'num_points': 23}, {'avg_silhouette': -0.014512740442463893, 'num_points': 11}, {'avg_silhouette': -0.05361519694048887, 'num_points': 10}, {'avg_silhouette': 0.28501523593898304, 'num_points': 93}, {'avg_silhouette': 0.38435889062836504, 'num_points': 21}, {'avg_silhouette': 0.258531060995144, 'num_points': 36}, {'avg_silhouette': 0.6547920552166276, 'num_points': 5}, {'avg_silhouette': 0.02966304232973424, 'num_points': 29}, {'avg_silhouette': 0.40241969545486983, 'num_points': 7}]",,36,0.33246367354709533,,7,0.3778187944823649
AGGLC,ward,,"[{'avg_silhouette': -0.01711999453248638, 'num_points': 151}, {'avg_silhouette': -0.06434379414788294, 'num_points': 41}, {'avg_silhouette': 0.4486844475538964, 'num_points': 305}, {'avg_silhouette': 0.357132411883258, 'num_points': 167}, {'avg_silhouette': 0.48616603327854907, 'num_points': 290}, {'avg_silhouette': -0.0018876285077771627, 'num_points': 98}, {'avg_silhouette': 0.3610187208399455, 'num_points': 214}, {'avg_silhouette': 0.1758099978213528, 'num_points': 71}, {'avg_silhouette': 0.43487329532601576, 'num_points': 58}, {'avg_silhouette': -0.20611048227782397, 'num_points': 26}, {'avg_silhouette': 0.33862340926891804, 'num_points': 38}, {'avg_silhouette': 0.09781796758647746, 'num_points': 29}, {'avg_silhouette': 0.4544498246087465, 'num_points': 129}, {'avg_silhouette': 0.17079264603864555, 'num_points': 6}, {'avg_silhouette': 0.25880946867649984, 'num_points': 219}, {'avg_silhouette': 0.06623610132376742, 'num_points': 43}, {'avg_silhouette': 0.7189121436849468, 'num_points': 176}, {'avg_silhouette': 0.41007884567367464, 'num_points': 19}, {'avg_silhouette': 0.49002807156595224, 'num_points': 72}, {'avg_silhouette': 0.681480355256641, 'num_points': 17}, {'avg_silhouette': -0.054252317570535766, 'num_points': 19}, {'avg_silhouette': 0.3465105828474734, 'num_points': 14}, {'avg_silhouette': 0.25068503167791045, 'num_points': 15}, {'avg_silhouette': 0.4944986781744012, 'num_points': 12}, {'avg_silhouette': 0.3755169164045032, 'num_points': 66}, {'avg_silhouette': 0.16527772937062352, 'num_points': 65}, {'avg_silhouette': 0.19521335967088232, 'num_points': 74}, {'avg_silhouette': 0.4048285584632953, 'num_points': 23}, {'avg_silhouette': 0.002647753097140521, 'num_points': 11}, {'avg_silhouette': -0.05361519694048887, 'num_points': 10}, {'avg_silhouette': 0.28511731445278865, 'num_points': 93}, {'avg_silhouette': 0.38435889062836504, 'num_points': 21}, {'avg_silhouette': 0.258531060995144, 'num_points': 36}, {'avg_silhouette': 0.6547920552166276, 'num_points': 5}, {'avg_silhouette': 0.02966304232973424, 'num_points': 29}]",,35,0.32985060434525887,,7,0.37337189019780137
AGGLC,ward,,"[{'avg_silhouette': -0.05400619501462109, 'num_points': 65}, {'avg_silhouette': -0.01708785509698949, 'num_points': 151}, {'avg_silhouette': 0.4487216465902103, 'num_points': 305}, {'avg_silhouette': -0.06434379414788294, 'num_points': 41}, {'avg_silhouette': 0.48616603327854907, 'num_points': 290}, {'avg_silhouette': -0.0018876285077771627, 'num_points': 98}, {'avg_silhouette': 0.36819649697272344, 'num_points': 214}, {'avg_silhouette': 0.357132411883258, 'num_points': 167}, {'avg_silhouette': 0.43544456732176523, 'num_points': 58}, {'avg_silhouette': -0.20611048227782397, 'num_points': 26}, {'avg_silhouette': 0.3392662348968519, 'num_points': 38}, {'avg_silhouette': 0.09781796758647746, 'num_points': 29}, {'avg_silhouette': 0.45549241884293423, 'num_points': 129}, {'avg_silhouette': 0.17079264603864555, 'num_points': 6}, {'avg_silhouette': 0.25895769879596925, 'num_points': 219}, {'avg_silhouette': 0.17664851127382206, 'num_points': 71}, {'avg_silhouette': 0.7190220220000111, 'num_points': 176}, {'avg_silhouette': 0.41007884567367464, 'num_points': 19}, {'avg_silhouette': 0.49002807156595224, 'num_points': 72}, {'avg_silhouette': 0.681480355256641, 'num_points': 17}, {'avg_silhouette': -0.054252317570535766, 'num_points': 19}, {'avg_silhouette': 0.3465105828474734, 'num_points': 14}, {'avg_silhouette': 0.2510659412556927, 'num_points': 15}, {'avg_silhouette': 0.4976628699206893, 'num_points': 12}, {'avg_silhouette': 0.3755169164045032, 'num_points': 66}, {'avg_silhouette': 0.16939989966776695, 'num_points': 65}, {'avg_silhouette': 0.20315490431769798, 'num_points': 74}, {'avg_silhouette': 0.40696934551798114, 'num_points': 23}, {'avg_silhouette': 0.002647753097140521, 'num_points': 11}, {'avg_silhouette': -0.05361519694048887, 'num_points': 10}, {'avg_silhouette': 0.2861330761468072, 'num_points': 93}, {'avg_silhouette': 0.38435889062836504, 'num_points': 21}, {'avg_silhouette': 0.06638937761691262, 'num_points': 43}, {'avg_silhouette': 0.6547920552166276, 'num_points': 5}]",,34,0.32580382715994166,,7,0.37444406491767596
AGGLC,ward,,"[{'avg_silhouette': 0.24120086857973808, 'num_points': 265}, {'avg_silhouette': -0.10394365050013238, 'num_points': 24}, {'avg_silhouette': -0.17858472136451106, 'num_points': 69}, {'avg_silhouette': -0.05070243626907225, 'num_points': 41}, {'avg_silhouette': -0.05400619501462109, 'num_points': 65}, {'avg_silhouette': 0.4606645309634117, 'num_points': 305}, {'avg_silhouette': 0.36819649697272344, 'num_points': 214}, {'avg_silhouette': 0.17664851127382206, 'num_points': 71}, {'avg_silhouette': 0.43811484366099307, 'num_points': 58}, {'avg_silhouette': -0.016516760157279348, 'num_points': 151}, {'avg_silhouette': 0.3401143231556031, 'num_points': 38}, {'avg_silhouette': 0.09912917504005964, 'num_points': 29}, {'avg_silhouette': 0.4561632000149077, 'num_points': 129}, {'avg_silhouette': 0.17079264603864555, 'num_points': 6}, {'avg_silhouette': 0.2589668594592475, 'num_points': 219}, {'avg_silhouette': 0.3859860482185821, 'num_points': 21}, {'avg_silhouette': 0.7190220220000111, 'num_points': 176}, {'avg_silhouette': 0.4114405201891513, 'num_points': 19}, {'avg_silhouette': 0.4912272031801166, 'num_points': 72}, {'avg_silhouette': 0.681480355256641, 'num_points': 17}, {'avg_silhouette': 0.486525711535215, 'num_points': 290}, {'avg_silhouette': 0.3504697792764332, 'num_points': 14}, {'avg_silhouette': 0.25221993068288856, 'num_points': 15}, {'avg_silhouette': 0.4976628699206893, 'num_points': 12}, {'avg_silhouette': 0.3755169164045032, 'num_points': 66}, {'avg_silhouette': 0.21225995310343468, 'num_points': 65}, {'avg_silhouette': 0.2297454969042965, 'num_points': 74}, {'avg_silhouette': 0.40818894183966986, 'num_points': 23}, {'avg_silhouette': 0.002647753097140521, 'num_points': 11}, {'avg_silhouette': -0.050704420009665165, 'num_points': 10}, {'avg_silhouette': 0.2882374740469329, 'num_points': 93}]",,31,0.3257428769174345,,7,0.35972281847900967
AGGLC,ward,,"[{'avg_silhouette': -0.1048092395800681, 'num_points': 24}, {'avg_silhouette': -0.05400619501462109, 'num_points': 65}, {'avg_silhouette': 0.4487216465902103, 'num_points': 305}, {'avg_silhouette': -0.06434379414788294, 'num_points': 41}, {'avg_silhouette': -0.01708785509698949, 'num_points': 151}, {'avg_silhouette': -0.0013987485666915255, 'num_points': 98}, {'avg_silhouette': 0.36819649697272344, 'num_points': 214}, {'avg_silhouette': 0.357132411883258, 'num_points': 167}, {'avg_silhouette': 0.43544456732176523, 'num_points': 58}, {'avg_silhouette': 0.48616603327854907, 'num_points': 290}, {'avg_silhouette': 0.3392662348968519, 'num_points': 38}, {'avg_silhouette': 0.09781796758647746, 'num_points': 29}, {'avg_silhouette': 0.45573596211949513, 'num_points': 129}, {'avg_silhouette': 0.17079264603864555, 'num_points': 6}, {'avg_silhouette': 0.25895769879596925, 'num_points': 219}, {'avg_silhouette': 0.17664851127382206, 'num_points': 71}, {'avg_silhouette': 0.7190220220000111, 'num_points': 176}, {'avg_silhouette': 0.41016026447463444, 'num_points': 19}, {'avg_silhouette': 0.49002807156595224, 'num_points': 72}, {'avg_silhouette': 0.681480355256641, 'num_points': 17}, {'avg_silhouette': -0.20611048227782397, 'num_points': 26}, {'avg_silhouette': 0.3504697792764332, 'num_points': 14}, {'avg_silhouette': 0.25221993068288856, 'num_points': 15}, {'avg_silhouette': 0.4976628699206893, 'num_points': 12}, {'avg_silhouette': 0.3755169164045032, 'num_points': 66}, {'avg_silhouette': 0.16939989966776695, 'num_points': 65}, {'avg_silhouette': 0.20315490431769798, 'num_points': 74}, {'avg_silhouette': 0.4080082844715967, 'num_points': 23}, {'avg_silhouette': 0.002647753097140521, 'num_points': 11}, {'avg_silhouette': -0.05361519694048887, 'num_points': 10}, {'avg_silhouette': 0.2868700595386141, 'num_points': 93}, {'avg_silhouette': 0.38435889062836504, 'num_points': 21}, {'avg_silhouette': 0.06638937761691262, 'num_points': 43}]",,33,0.32410865808583983,,7,0.37444406491767596
AGGLC,ward,,"[{'avg_silhouette': 0.035227206448171046, 'num_points': 83}, {'avg_silhouette': 0.3383381963195546, 'num_points': 345}, {'avg_silhouette': -0.09348869867556181, 'num_points': 47}, {'avg_silhouette': 0.24567604177524036, 'num_points': 330}, {'avg_silhouette': -0.08074283794560279, 'num_points': 143}, {'avg_silhouette': 0.47887729200369067, 'num_points': 305}, {'avg_silhouette': 0.26135732200135126, 'num_points': 219}, {'avg_silhouette': -0.17414873069023684, 'num_points': 34}, {'avg_silhouette': 0.44247291978383624, 'num_points': 58}, {'avg_silhouette': -0.07544852368524461, 'num_points': 162}, {'avg_silhouette': 0.34625892993732543, 'num_points': 38}, {'avg_silhouette': 0.10092955994294467, 'num_points': 29}, {'avg_silhouette': 0.4602387233523426, 'num_points': 129}, {'avg_silhouette': 0.41573813041485647, 'num_points': 23}, {'avg_silhouette': 0.2962463473759461, 'num_points': 93}, {'avg_silhouette': 0.3900925202026703, 'num_points': 21}, {'avg_silhouette': 0.7197726475276102, 'num_points': 176}, {'avg_silhouette': 0.41352077387492026, 'num_points': 19}, {'avg_silhouette': 0.49197014392065835, 'num_points': 72}, {'avg_silhouette': 0.681480355256641, 'num_points': 17}, {'avg_silhouette': 0.5358874363605282, 'num_points': 290}, {'avg_silhouette': 0.36078312409010094, 'num_points': 14}, {'avg_silhouette': 0.26258085701563716, 'num_points': 15}]",,23,0.32392912342564495,,8,0.302964696794641
AGGLC,ward,,"[{'avg_silhouette': -0.17877283977893255, 'num_points': 69}, {'avg_silhouette': -0.10423339905155123, 'num_points': 24}, {'avg_silhouette': 0.4583638172146675, 'num_points': 305}, {'avg_silhouette': -0.06434379414788294, 'num_points': 41}, {'avg_silhouette': -0.05400619501462109, 'num_points': 65}, {'avg_silhouette': -0.0013987485666915255, 'num_points': 98}, {'avg_silhouette': 0.36819649697272344, 'num_points': 214}, {'avg_silhouette': 0.357132411883258, 'num_points': 167}, {'avg_silhouette': 0.43544456732176523, 'num_points': 58}, {'avg_silhouette': -0.01708785509698949, 'num_points': 151}, {'avg_silhouette': 0.3392662348968519, 'num_points': 38}, {'avg_silhouette': 0.09781796758647746, 'num_points': 29}, {'avg_silhouette': 0.45573596211949513, 'num_points': 129}, {'avg_silhouette': 0.17079264603864555, 'num_points': 6}, {'avg_silhouette': 0.25895769879596925, 'num_points': 219}, {'avg_silhouette': 0.17664851127382206, 'num_points': 71}, {'avg_silhouette': 0.7190220220000111, 'num_points': 176}, {'avg_silhouette': 0.41016026447463444, 'num_points': 19}, {'avg_silhouette': 0.49002807156595224, 'num_points': 72}, {'avg_silhouette': 0.681480355256641, 'num_points': 17}, {'avg_silhouette': 0.48616603327854907, 'num_points': 290}, {'avg_silhouette': 0.3504697792764332, 'num_points': 14}, {'avg_silhouette': 0.25221993068288856, 'num_points': 15}, {'avg_silhouette': 0.4976628699206893, 'num_points': 12}, {'avg_silhouette': 0.3755169164045032, 'num_points': 66}, {'avg_silhouette': 0.16939989966776695, 'num_points': 65}, {'avg_silhouette': 0.2297454969042965, 'num_points': 74}, {'avg_silhouette': 0.4080082844715967, 'num_points': 23}, {'avg_silhouette': 0.002647753097140521, 'num_points': 11}, {'avg_silhouette': -0.05361519694048887, 'num_points': 10}, {'avg_silhouette': 0.28690121820167885, 'num_points': 93}, {'avg_silhouette': 0.3856486580917511, 'num_points': 21}]",,32,0.32227589035251836,,7,0.37582151786402695
AGGLC,ward,,"[{'avg_silhouette': 0.3189410787067, 'num_points': 345}, {'avg_silhouette': 0.24504183334500923, 'num_points': 330}, {'avg_silhouette': -0.09348869867556181, 'num_points': 47}, {'avg_silhouette': -0.17709190434884559, 'num_points': 34}, {'avg_silhouette': -0.08174550024424, 'num_points': 143}, {'avg_silhouette': 0.47887729200369067, 'num_points': 305}, {'avg_silhouette': 0.26135732200135126, 'num_points': 219}, {'avg_silhouette': 0.18289761872085833, 'num_points': 71}, {'avg_silhouette': 0.44247291978383624, 'num_points': 58}, {'avg_silhouette': -0.07544852368524461, 'num_points': 162}, {'avg_silhouette': 0.34418596406313534, 'num_points': 38}, {'avg_silhouette': 0.10092955994294467, 'num_points': 29}, {'avg_silhouette': 0.45927816335507865, 'num_points': 129}, {'avg_silhouette': 0.4119731851690873, 'num_points': 23}, {'avg_silhouette': 0.2960590290747264, 'num_points': 93}, {'avg_silhouette': 0.3900925202026703, 'num_points': 21}, {'avg_silhouette': 0.7194764006568252, 'num_points': 176}, {'avg_silhouette': 0.4134901066592606, 'num_points': 19}, {'avg_silhouette': 0.49197014392065835, 'num_points': 72}, {'avg_silhouette': 0.681480355256641, 'num_points': 17}, {'avg_silhouette': 0.4866896244808172, 'num_points': 290}, {'avg_silhouette': 0.3606664705638568, 'num_points': 14}, {'avg_silhouette': 0.26105054128235783, 'num_points': 15}, {'avg_silhouette': 0.5020932937010286, 'num_points': 12}]",,24,0.32178444822072955,,8,0.2941486909081136
AGGLC,ward,,"[{'avg_silhouette': 0.2039162424659568, 'num_points': 279}, {'avg_silhouette': 0.24130207871112416, 'num_points': 265}, {'avg_silhouette': -0.1741360063948703, 'num_points': 69}, {'avg_silhouette': -0.05070243626907225, 'num_points': 41}, {'avg_silhouette': -0.09321367224601469, 'num_points': 24}, {'avg_silhouette': 0.4606645309634117, 'num_points': 305}, {'avg_silhouette': 0.2589668594592475, 'num_points': 219}, {'avg_silhouette': 0.1779615244928693, 'num_points': 71}, {'avg_silhouette': 0.43883956234386856, 'num_points': 58}, {'avg_silhouette': -0.016395278894247522, 'num_points': 151}, {'avg_silhouette': 0.3427316117495134, 'num_points': 38}, {'avg_silhouette': 0.09912917504005964, 'num_points': 29}, {'avg_silhouette': 0.4576757254824709, 'num_points': 129}, {'avg_silhouette': 0.17079264603864555, 'num_points': 6}, {'avg_silhouette': 0.2921141578053201, 'num_points': 93}, {'avg_silhouette': 0.3859860482185821, 'num_points': 21}, {'avg_silhouette': 0.719199768687576, 'num_points': 176}, {'avg_silhouette': 0.41264520283640277, 'num_points': 19}, {'avg_silhouette': 0.4912272031801166, 'num_points': 72}, {'avg_silhouette': 0.681480355256641, 'num_points': 17}, {'avg_silhouette': 0.486525711535215, 'num_points': 290}, {'avg_silhouette': 0.3582504700559957, 'num_points': 14}, {'avg_silhouette': 0.25444730156880874, 'num_points': 15}, {'avg_silhouette': 0.49897454522026347, 'num_points': 12}, {'avg_silhouette': 0.4126753745705321, 'num_points': 66}, {'avg_silhouette': 0.2132878915988855, 'num_points': 65}, {'avg_silhouette': 0.23019162392137354, 'num_points': 74}, {'avg_silhouette': 0.40943693434562295, 'num_points': 23}, {'avg_silhouette': 0.002647753097140521, 'num_points': 11}, {'avg_silhouette': -0.04794740211547911, 'num_points': 10}]",,30,0.3204197384779204,,7,0.336311416132612
AGGLC,ward,,"[{'avg_silhouette': -0.11020027227014338, 'num_points': 177}, {'avg_silhouette': 0.035227206448171046, 'num_points': 83}, {'avg_silhouette': -0.09348869867556181, 'num_points': 47}, {'avg_silhouette': 0.24567604177524036, 'num_points': 330}, {'avg_silhouette': 0.3383381963195546, 'num_points': 345}, {'avg_silhouette': 0.47887729200369067, 'num_points': 305}, {'avg_silhouette': 0.26135732200135126, 'num_points': 219}, {'avg_silhouette': -0.17414873069023684, 'num_points': 34}, {'avg_silhouette': 0.44247291978383624, 'num_points': 58}, {'avg_silhouette': -0.08074283794560279, 'num_points': 143}, {'avg_silhouette': 0.34625892993732543, 'num_points': 38}, {'avg_silhouette': 0.10092955994294467, 'num_points': 29}, {'avg_silhouette': 0.4602387233523426, 'num_points': 129}, {'avg_silhouette': 0.41573813041485647, 'num_points': 23}, {'avg_silhouette': 0.2962463473759461, 'num_points': 93}, {'avg_silhouette': 0.3900925202026703, 'num_points': 21}, {'avg_silhouette': 0.7197726475276102, 'num_points': 176}, {'avg_silhouette': 0.41352077387492026, 'num_points': 19}, {'avg_silhouette': 0.49197014392065835, 'num_points': 72}, {'avg_silhouette': 0.681480355256641, 'num_points': 17}, {'avg_silhouette': 0.5359403763647075, 'num_points': 290}, {'avg_silhouette': 0.36078312409010094, 'num_points': 14}]",,22,0.3197194511458446,,8,0.298627345722051
AGGLC,ward,,"[{'avg_silhouette': -0.19060317935488832, 'num_points': 34}, {'avg_silhouette': 0.2039162424659568, 'num_points': 279}, {'avg_silhouette': -0.1741360063948703, 'num_points': 69}, {'avg_silhouette': -0.05070243626907225, 'num_points': 41}, {'avg_silhouette': 0.2413935610068037, 'num_points': 265}, {'avg_silhouette': 0.4606645309634117, 'num_points': 305}, {'avg_silhouette': 0.2589668594592475, 'num_points': 219}, {'avg_silhouette': 0.1779615244928693, 'num_points': 71}, {'avg_silhouette': 0.43883956234386856, 'num_points': 58}, {'avg_silhouette': -0.016395278894247522, 'num_points': 151}, {'avg_silhouette': 0.3427316117495134, 'num_points': 38}, {'avg_silhouette': 0.09912917504005964, 'num_points': 29}, {'avg_silhouette': 0.4576757254824709, 'num_points': 129}, {'avg_silhouette': 0.17079264603864555, 'num_points': 6}, {'avg_silhouette': 0.2921141578053201, 'num_points': 93}, {'avg_silhouette': 0.3859860482185821, 'num_points': 21}, {'avg_silhouette': 0.719199768687576, 'num_points': 176}, {'avg_silhouette': 0.41264520283640277, 'num_points': 19}, {'avg_silhouette': 0.4912272031801166, 'num_points': 72}, {'avg_silhouette': 0.681480355256641, 'num_points': 17}, {'avg_silhouette': 0.486525711535215, 'num_points': 290}, {'avg_silhouette': 0.3582504700559957, 'num_points': 14}, {'avg_silhouette': 0.25444730156880874, 'num_points': 15}, {'avg_silhouette': 0.49897454522026347, 'num_points': 12}, {'avg_silhouette': 0.4126753745705321, 'num_points': 66}, {'avg_silhouette': 0.2132878915988855, 'num_points': 65}, {'avg_silhouette': 0.23019162392137354, 'num_points': 74}, {'avg_silhouette': 0.40943693434562295, 'num_points': 23}, {'avg_silhouette': 0.002647753097140521, 'num_points': 11}]",,29,0.31901490634619545,,7,0.33632448503199475
K-means,,,"[{'avg_silhouette': 0.4230477905865996, 'num_points': 367}, {'avg_silhouette': 0.012176385077329441, 'num_points': 138}, {'avg_silhouette': -0.12658423661834234, 'num_points': 54}, {'avg_silhouette': 0.3366703574092186, 'num_points': 353}, {'avg_silhouette': 0.4009544195572638, 'num_points': 336}, {'avg_silhouette': 0.3164818722753712, 'num_points': 173}, {'avg_silhouette': 0.6982759908966562, 'num_points': 180}, {'avg_silhouette': 0.45557696803274284, 'num_points': 78}, {'avg_silhouette': 0.35852905368585436, 'num_points': 192}, {'avg_silhouette': 0.4509727342936462, 'num_points': 131}, {'avg_silhouette': -0.014437445165400875, 'num_points': 178}, {'avg_silhouette': 0.27940375827532093, 'num_points': 95}, {'avg_silhouette': -0.07942662581332739, 'num_points': 36}, {'avg_silhouette': 0.34640671670808487, 'num_points': 26}, {'avg_silhouette': 0.04458016352488595, 'num_points': 159}, {'avg_silhouette': 0.41981508728232564, 'num_points': 19}, {'avg_silhouette': 0.07507070374412389, 'num_points': 32}, {'avg_silhouette': 0.6893255150895624, 'num_points': 17}, {'avg_silhouette': 0.4251830675197709, 'num_points': 59}, {'avg_silhouette': 0.33859057439887014, 'num_points': 39}]",,20,0.3174893971221726,,9,0.2862531764275309
AGGLC,ward,,"[{'avg_silhouette': 0.3610187208399455, 'num_points': 214}, {'avg_silhouette': 0.1758099978213528, 'num_points': 71}, {'avg_silhouette': 0.2459316461145627, 'num_points': 219}, {'avg_silhouette': 0.047352723966370525, 'num_points': 131}, {'avg_silhouette': 0.4850420827230731, 'num_points': 290}, {'avg_silhouette': 0.44898592886801686, 'num_points': 129}, {'avg_silhouette': 0.2793442592046379, 'num_points': 93}, {'avg_silhouette': 0.7170469304111724, 'num_points': 176}, {'avg_silhouette': 0.4293837098067901, 'num_points': 58}, {'avg_silhouette': -0.22902126360829847, 'num_points': 26}, {'avg_silhouette': 0.3330003202287593, 'num_points': 38}, {'avg_silhouette': 0.08766860357327476, 'num_points': 29}, {'avg_silhouette': 0.007412387282577292, 'num_points': 142}, {'avg_silhouette': 0.15937454673826598, 'num_points': 6}, {'avg_silhouette': 0.06014401032902114, 'num_points': 92}, {'avg_silhouette': 0.0267763628357761, 'num_points': 43}, {'avg_silhouette': 0.010530004003812947, 'num_points': 29}, {'avg_silhouette': 0.4069095508121525, 'num_points': 19}, {'avg_silhouette': 0.5178323578858554, 'num_points': 163}, {'avg_silhouette': -0.09325779862568213, 'num_points': 6}, {'avg_silhouette': -0.05972710477610041, 'num_points': 19}, {'avg_silhouette': 0.3448927991299516, 'num_points': 14}, {'avg_silhouette': 0.2379973012434575, 'num_points': 15}, {'avg_silhouette': 0.493526547494673, 'num_points': 12}, {'avg_silhouette': 0.3755169164045032, 'num_points': 66}, {'avg_silhouette': 0.1349798475826544, 'num_points': 65}, {'avg_silhouette': 0.17125677493609676, 'num_points': 74}, {'avg_silhouette': 0.40373392259010604, 'num_points': 23}, {'avg_silhouette': -0.020276018534190126, 'num_points': 11}, {'avg_silhouette': -0.06338933230626, 'num_points': 10}, {'avg_silhouette': 0.3771576320109453, 'num_points': 145}, {'avg_silhouette': 0.3729780832312316, 'num_points': 21}, {'avg_silhouette': 0.258531060995144, 'num_points': 36}, {'avg_silhouette': 0.6543510087365247, 'num_points': 5}, {'avg_silhouette': -0.024129773023721723, 'num_points': 35}, {'avg_silhouette': 0.3922977363462472, 'num_points': 7}, {'avg_silhouette': 0.2699207615309202, 'num_points': 6}, {'avg_silhouette': 0.4734350672599862, 'num_points': 72}, {'avg_silhouette': 0.48439768817234313, 'num_points': 7}, {'avg_silhouette': 0.6766823441990067, 'num_points': 17}, {'avg_silhouette': 0.4139638304061997, 'num_points': 6}, {'avg_silhouette': 0.5194144308031222, 'num_points': 22}]",,42,0.3172972976041822,,7,0.3873488224668759
AGGLC,ward,,"[{'avg_silhouette': -0.13299967547225755, 'num_points': 191}, {'avg_silhouette': 0.035227206448171046, 'num_points': 83}, {'avg_silhouette': -0.09348869867556181, 'num_points': 47}, {'avg_silhouette': 0.24567604177524036, 'num_points': 330}, {'avg_silhouette': 0.3383381963195546, 'num_points': 345}, {'avg_silhouette': 0.47887729200369067, 'num_points': 305}, {'avg_silhouette': 0.26135732200135126, 'num_points': 219}, {'avg_silhouette': -0.17414873069023684, 'num_points': 34}, {'avg_silhouette': 0.44247291978383624, 'num_points': 58}, {'avg_silhouette': -0.08074283794560279, 'num_points': 143}, {'avg_silhouette': 0.34625892993732543, 'num_points': 38}, {'avg_silhouette': 0.10092955994294467, 'num_points': 29}, {'avg_silhouette': 0.4602387233523426, 'num_points': 129}, {'avg_silhouette': 0.41573813041485647, 'num_points': 23}, {'avg_silhouette': 0.2962463473759461, 'num_points': 93}, {'avg_silhouette': 0.3900925202026703, 'num_points': 21}, {'avg_silhouette': 0.7197726475276102, 'num_points': 176}, {'avg_silhouette': 0.41352077387492026, 'num_points': 19}, {'avg_silhouette': 0.49197014392065835, 'num_points': 72}, {'avg_silhouette': 0.681480355256641, 'num_points': 17}, {'avg_silhouette': 0.5359403763647075, 'num_points': 290}]",,21,0.31560658354229576,,8,0.2957774203217868
AGGLC,ward,,"[{'avg_silhouette': -0.07669846486200142, 'num_points': 162}, {'avg_silhouette': -0.19060317935488832, 'num_points': 34}, {'avg_silhouette': -0.1741360063948703, 'num_points': 69}, {'avg_silhouette': -0.05070243626907225, 'num_points': 41}, {'avg_silhouette': 0.2039162424659568, 'num_points': 279}, {'avg_silhouette': 0.460695362758646, 'num_points': 305}, {'avg_silhouette': 0.25910718780000713, 'num_points': 219}, {'avg_silhouette': 0.1779615244928693, 'num_points': 71}, {'avg_silhouette': 0.43893693568802916, 'num_points': 58}, {'avg_silhouette': 0.2413935610068037, 'num_points': 265}, {'avg_silhouette': 0.3427316117495134, 'num_points': 38}, {'avg_silhouette': 0.09912917504005964, 'num_points': 29}, {'avg_silhouette': 0.4576757254824709, 'num_points': 129}, {'avg_silhouette': 0.17079264603864555, 'num_points': 6}, {'avg_silhouette': 0.2922093980443583, 'num_points': 93}, {'avg_silhouette': 0.3859860482185821, 'num_points': 21}, {'avg_silhouette': 0.719199768687576, 'num_points': 176}, {'avg_silhouette': 0.41264520283640277, 'num_points': 19}, {'avg_silhouette': 0.49152791045483823, 'num_points': 72}, {'avg_silhouette': 0.681480355256641, 'num_points': 17}, {'avg_silhouette': 0.4865367850498191, 'num_points': 290}, {'avg_silhouette': 0.3582504700559957, 'num_points': 14}, {'avg_silhouette': 0.2545734377919285, 'num_points': 15}, {'avg_silhouette': 0.49897454522026347, 'num_points': 12}, {'avg_silhouette': 0.4126753745705321, 'num_points': 66}, {'avg_silhouette': 0.2132878915988855, 'num_points': 65}, {'avg_silhouette': 0.23019162392137354, 'num_points': 74}, {'avg_silhouette': 0.40943693434562295, 'num_points': 23}]",,28,0.3152969519540261,,7,0.32773577755811534
AGGLC,ward,,"[{'avg_silhouette': 0.4407582589905062, 'num_points': 129}, {'avg_silhouette': 0.4364176504307562, 'num_points': 290}, {'avg_silhouette': 0.26932904059070323, 'num_points': 93}, {'avg_silhouette': -0.1923838609506635, 'num_points': 60}, {'avg_silhouette': -0.23279277241938104, 'num_points': 26}, {'avg_silhouette': 0.007412387282577292, 'num_points': 142}, {'avg_silhouette': 0.056661582856663256, 'num_points': 92}, {'avg_silhouette': 0.7127794686700176, 'num_points': 176}, {'avg_silhouette': 0.42137198761066974, 'num_points': 58}, {'avg_silhouette': -0.09802933426868375, 'num_points': 6}, {'avg_silhouette': 0.3190302119009666, 'num_points': 38}, {'avg_silhouette': 0.08350710132880672, 'num_points': 29}, {'avg_silhouette': 0.16917358562509957, 'num_points': 74}, {'avg_silhouette': 0.15937454673826598, 'num_points': 6}, {'avg_silhouette': -0.02077707605674401, 'num_points': 76}, {'avg_silhouette': 0.02066066732200303, 'num_points': 43}, {'avg_silhouette': -0.008492522131050636, 'num_points': 29}, {'avg_silhouette': 0.3942195480565108, 'num_points': 19}, {'avg_silhouette': 0.5178323578858554, 'num_points': 163}, {'avg_silhouette': 0.17546426301948662, 'num_points': 24}, {'avg_silhouette': -0.08706471984602702, 'num_points': 19}, {'avg_silhouette': 0.4170844468249333, 'num_points': 159}, {'avg_silhouette': -0.21205227117542524, 'num_points': 4}, {'avg_silhouette': 0.4859538600231783, 'num_points': 12}, {'avg_silhouette': 0.3178307483224498, 'num_points': 66}, {'avg_silhouette': 0.13456853095543012, 'num_points': 65}, {'avg_silhouette': 0.029069287983006672, 'num_points': 90}, {'avg_silhouette': 0.3989187621725284, 'num_points': 23}, {'avg_silhouette': -0.04379028660540676, 'num_points': 11}, {'avg_silhouette': -0.06482341701546172, 'num_points': 10}, {'avg_silhouette': 0.3771576320109453, 'num_points': 145}, {'avg_silhouette': 0.3729780832312316, 'num_points': 21}, {'avg_silhouette': 0.20745511116798446, 'num_points': 36}, {'avg_silhouette': 0.6543510087365247, 'num_points': 5}, {'avg_silhouette': -0.03039568050482235, 'num_points': 35}, {'avg_silhouette': 0.3902152699084734, 'num_points': 7}, {'avg_silhouette': 0.26220157238909947, 'num_points': 6}, {'avg_silhouette': 0.45226683603367956, 'num_points': 72}, {'avg_silhouette': 0.47564541403691596, 'num_points': 7}, {'avg_silhouette': 0.6661937833310493, 'num_points': 17}, {'avg_silhouette': 0.40248744009114384, 'num_points': 6}, {'avg_silhouette': 0.5194144308031222, 'num_points': 22}, {'avg_silhouette': 0.5729753177102336, 'num_points': 124}, {'avg_silhouette': 0.3360820416646666, 'num_points': 14}, {'avg_silhouette': 0.4194879802019924, 'num_points': 47}, {'avg_silhouette': 0.22409622102162838, 'num_points': 15}, {'avg_silhouette': 0.453450455985176, 'num_points': 51}]",,47,0.3152432275012472,,6,0.41144732385084754
AGGLC,ward,,"[{'avg_silhouette': 0.30714191676193264, 'num_points': 167}, {'avg_silhouette': 0.1758099978213528, 'num_points': 71}, {'avg_silhouette': 0.3610187208399455, 'num_points': 214}, {'avg_silhouette': 0.047352723966370525, 'num_points': 131}, {'avg_silhouette': 0.48518944530894814, 'num_points': 290}, {'avg_silhouette': 0.4514287694600527, 'num_points': 129}, {'avg_silhouette': 0.2486477870069406, 'num_points': 219}, {'avg_silhouette': 0.7173571368773731, 'num_points': 176}, {'avg_silhouette': 0.43252283587081125, 'num_points': 58}, {'avg_silhouette': -0.22853961470441733, 'num_points': 26}, {'avg_silhouette': 0.3355973889657494, 'num_points': 38}, {'avg_silhouette': 0.0879837024693296, 'num_points': 29}, {'avg_silhouette': 0.007412387282577292, 'num_points': 142}, {'avg_silhouette': 0.1596165371058039, 'num_points': 6}, {'avg_silhouette': 0.2820761869886249, 'num_points': 93}, {'avg_silhouette': 0.0267763628357761, 'num_points': 43}, {'avg_silhouette': 0.027474297451677666, 'num_points': 29}, {'avg_silhouette': 0.4077787831713277, 'num_points': 19}, {'avg_silhouette': 0.5178323578858554, 'num_points': 163}, {'avg_silhouette': -0.09121324038203459, 'num_points': 6}, {'avg_silhouette': -0.05904352042957206, 'num_points': 19}, {'avg_silhouette': 0.3448927991299516, 'num_points': 14}, {'avg_silhouette': 0.24240919490721774, 'num_points': 15}, {'avg_silhouette': 0.4938075105413828, 'num_points': 12}, {'avg_silhouette': 0.3755169164045032, 'num_points': 66}, {'avg_silhouette': 0.15699202305157373, 'num_points': 65}, {'avg_silhouette': 0.17125677493609676, 'num_points': 74}, {'avg_silhouette': 0.40454560584229354, 'num_points': 23}, {'avg_silhouette': -0.020276018534190126, 'num_points': 11}, {'avg_silhouette': -0.05988030631141981, 'num_points': 10}, {'avg_silhouette': 0.08680922876185042, 'num_points': 92}, {'avg_silhouette': 0.3729780832312316, 'num_points': 21}, {'avg_silhouette': 0.258531060995144, 'num_points': 36}, {'avg_silhouette': 0.6543510087365247, 'num_points': 5}, {'avg_silhouette': -0.014609614469428553, 'num_points': 35}, {'avg_silhouette': 0.39541961609999504, 'num_points': 7}, {'avg_silhouette': 0.2699207615309202, 'num_points': 6}, {'avg_silhouette': 0.48271219570748536, 'num_points': 72}, {'avg_silhouette': 0.48439768817234313, 'num_points': 7}, {'avg_silhouette': 0.6766823441990067, 'num_points': 17}, {'avg_silhouette': 0.4152772430142986, 'num_points': 6}]",,41,0.31441011011170883,,7,0.37779996456622467
AGGLC,ward,,"[{'avg_silhouette': -0.09633422985283643, 'num_points': 80}, {'avg_silhouette': 0.4364176504307562, 'num_points': 290}, {'avg_silhouette': 0.4407582589905062, 'num_points': 129}, {'avg_silhouette': -0.1923838609506635, 'num_points': 60}, {'avg_silhouette': -0.23262742831588007, 'num_points': 26}, {'avg_silhouette': 0.007412387282577292, 'num_points': 142}, {'avg_silhouette': 0.26932904059070323, 'num_points': 93}, {'avg_silhouette': 0.7127916142409907, 'num_points': 176}, {'avg_silhouette': 0.42137198761066974, 'num_points': 58}, {'avg_silhouette': -0.09802933426868375, 'num_points': 6}, {'avg_silhouette': 0.3190302119009666, 'num_points': 38}, {'avg_silhouette': 0.08350710132880672, 'num_points': 29}, {'avg_silhouette': 0.16917358562509957, 'num_points': 74}, {'avg_silhouette': 0.15937454673826598, 'num_points': 6}, {'avg_silhouette': 0.056661582856663256, 'num_points': 92}, {'avg_silhouette': 0.02066066732200303, 'num_points': 43}, {'avg_silhouette': -0.008492522131050636, 'num_points': 29}, {'avg_silhouette': 0.39448228495821497, 'num_points': 19}, {'avg_silhouette': 0.5178323578858554, 'num_points': 163}, {'avg_silhouette': 0.17546426301948662, 'num_points': 24}, {'avg_silhouette': -0.08706471984602702, 'num_points': 19}, {'avg_silhouette': 0.42344499811576597, 'num_points': 159}, {'avg_silhouette': 0.46611385499548047, 'num_points': 51}, {'avg_silhouette': 0.4859538600231783, 'num_points': 12}, {'avg_silhouette': 0.3178307483224498, 'num_points': 66}, {'avg_silhouette': 0.13456853095543012, 'num_points': 65}, {'avg_silhouette': 0.029069287983006672, 'num_points': 90}, {'avg_silhouette': 0.3989187621725284, 'num_points': 23}, {'avg_silhouette': -0.04379028660540676, 'num_points': 11}, {'avg_silhouette': -0.06482341701546172, 'num_points': 10}, {'avg_silhouette': 0.3771576320109453, 'num_points': 145}, {'avg_silhouette': 0.3729780832312316, 'num_points': 21}, {'avg_silhouette': 0.20745511116798446, 'num_points': 36}, {'avg_silhouette': 0.6543510087365247, 'num_points': 5}, {'avg_silhouette': -0.03039568050482235, 'num_points': 35}, {'avg_silhouette': 0.3902152699084734, 'num_points': 7}, {'avg_silhouette': 0.26220157238909947, 'num_points': 6}, {'avg_silhouette': 0.45255827950160055, 'num_points': 72}, {'avg_silhouette': 0.47564541403691596, 'num_points': 7}, {'avg_silhouette': 0.6661937833310493, 'num_points': 17}, {'avg_silhouette': 0.40248744009114384, 'num_points': 6}, {'avg_silhouette': 0.5194144308031222, 'num_points': 22}, {'avg_silhouette': 0.5729753177102336, 'num_points': 124}, {'avg_silhouette': 0.3360820416646666, 'num_points': 14}, {'avg_silhouette': 0.4194879802019924, 'num_points': 47}, {'avg_silhouette': 0.22409622102162838, 'num_points': 15}]",,46,0.31389465574300535,,6,0.4125094399944818
AGGLC,ward,,"[{'avg_silhouette': 0.17453043185186462, 'num_points': 71}, {'avg_silhouette': 0.044430170585276846, 'num_points': 131}, {'avg_silhouette': 0.44643607559286086, 'num_points': 129}, {'avg_silhouette': -0.1923838609506635, 'num_points': 60}, {'avg_silhouette': 0.4850420827230731, 'num_points': 290}, {'avg_silhouette': 0.007412387282577292, 'num_points': 142}, {'avg_silhouette': 0.27188923982411134, 'num_points': 93}, {'avg_silhouette': 0.7168712238587848, 'num_points': 176}, {'avg_silhouette': 0.4280376477284168, 'num_points': 58}, {'avg_silhouette': -0.22902126360829847, 'num_points': 26}, {'avg_silhouette': 0.33033432482566305, 'num_points': 38}, {'avg_silhouette': 0.0846004342227085, 'num_points': 29}, {'avg_silhouette': 0.17125677493609676, 'num_points': 74}, {'avg_silhouette': 0.15937454673826598, 'num_points': 6}, {'avg_silhouette': 0.06014401032902114, 'num_points': 92}, {'avg_silhouette': 0.020793093891423056, 'num_points': 43}, {'avg_silhouette': -0.008492522131050636, 'num_points': 29}, {'avg_silhouette': 0.3999111891035555, 'num_points': 19}, {'avg_silhouette': 0.5178323578858554, 'num_points': 163}, {'avg_silhouette': -0.09802933426868375, 'num_points': 6}, {'avg_silhouette': -0.0781323273034626, 'num_points': 19}, {'avg_silhouette': 0.43338888624262417, 'num_points': 159}, {'avg_silhouette': 0.23703241004199765, 'num_points': 15}, {'avg_silhouette': 0.49204086929006213, 'num_points': 12}, {'avg_silhouette': 0.3194476962895037, 'num_points': 66}, {'avg_silhouette': 0.13472970222000907, 'num_points': 65}, {'avg_silhouette': 0.029069287983006672, 'num_points': 90}, {'avg_silhouette': 0.40147742526442204, 'num_points': 23}, {'avg_silhouette': -0.02558619521766512, 'num_points': 11}, {'avg_silhouette': -0.06482341701546172, 'num_points': 10}, {'avg_silhouette': 0.3771576320109453, 'num_points': 145}, {'avg_silhouette': 0.3729780832312316, 'num_points': 21}, {'avg_silhouette': 0.20943646560894463, 'num_points': 36}, {'avg_silhouette': 0.6543510087365247, 'num_points': 5}, {'avg_silhouette': -0.03039568050482235, 'num_points': 35}, {'avg_silhouette': 0.39217897677630376, 'num_points': 7}, {'avg_silhouette': 0.26220157238909947, 'num_points': 6}, {'avg_silhouette': 0.4734350672599862, 'num_points': 72}, {'avg_silhouette': 0.4823663939788307, 'num_points': 7}, {'avg_silhouette': 0.6766823441990067, 'num_points': 17}, {'avg_silhouette': 0.40509412888891866, 'num_points': 6}, {'avg_silhouette': 0.5194144308031222, 'num_points': 22}, {'avg_silhouette': 0.5729753177102336, 'num_points': 124}, {'avg_silhouette': 0.3389072615361795, 'num_points': 14}]",,44,0.3138185602932864,,6,0.42295076166731
AGGLC,ward,,"[{'avg_silhouette': 0.3835429599186721, 'num_points': 373}, {'avg_silhouette': -0.12153586518730129, 'num_points': 191}, {'avg_silhouette': -0.09326269630308043, 'num_points': 47}, {'avg_silhouette': 0.24839417279204645, 'num_points': 330}, {'avg_silhouette': 0.3435094690404428, 'num_points': 345}, {'avg_silhouette': 0.4832081464566052, 'num_points': 305}, {'avg_silhouette': 0.2671832251080545, 'num_points': 219}, {'avg_silhouette': -0.17218897194122995, 'num_points': 34}, {'avg_silhouette': 0.4438643937883205, 'num_points': 58}, {'avg_silhouette': -0.0805318641211424, 'num_points': 143}, {'avg_silhouette': 0.3490143051163156, 'num_points': 38}, {'avg_silhouette': 0.10241842108405085, 'num_points': 29}, {'avg_silhouette': 0.4628155662746532, 'num_points': 129}, {'avg_silhouette': 0.4193084428654726, 'num_points': 23}, {'avg_silhouette': 0.2966252671915888, 'num_points': 93}, {'avg_silhouette': 0.39338497502392816, 'num_points': 21}, {'avg_silhouette': 0.7219748154038458, 'num_points': 176}, {'avg_silhouette': 0.41646146000435447, 'num_points': 19}, {'avg_silhouette': 0.5148404579713396, 'num_points': 72}, {'avg_silhouette': 0.6854018625078809, 'num_points': 17}]",,20,0.3138012131324355,,8,0.28071813242640287
AGGLC,ward,,"[{'avg_silhouette': -0.11513942521035253, 'num_points': 47}, {'avg_silhouette': -0.07669846486200142, 'num_points': 162}, {'avg_silhouette': -0.1741360063948703, 'num_points': 69}, {'avg_silhouette': -0.19060317935488832, 'num_points': 34}, {'avg_silhouette': 0.2039162424659568, 'num_points': 279}, {'avg_silhouette': 0.460695362758646, 'num_points': 305}, {'avg_silhouette': 0.2603787596887401, 'num_points': 219}, {'avg_silhouette': 0.1779615244928693, 'num_points': 71}, {'avg_silhouette': 0.43893693568802916, 'num_points': 58}, {'avg_silhouette': 0.2416257531126731, 'num_points': 265}, {'avg_silhouette': 0.3427316117495134, 'num_points': 38}, {'avg_silhouette': 0.10002969652255721, 'num_points': 29}, {'avg_silhouette': 0.4576757254824709, 'num_points': 129}, {'avg_silhouette': 0.40943693434562295, 'num_points': 23}, {'avg_silhouette': 0.2922093980443583, 'num_points': 93}, {'avg_silhouette': 0.3859860482185821, 'num_points': 21}, {'avg_silhouette': 0.719199768687576, 'num_points': 176}, {'avg_silhouette': 0.41264520283640277, 'num_points': 19}, {'avg_silhouette': 0.49152791045483823, 'num_points': 72}, {'avg_silhouette': 0.681480355256641, 'num_points': 17}, {'avg_silhouette': 0.4865367850498191, 'num_points': 290}, {'avg_silhouette': 0.3582504700559957, 'num_points': 14}, {'avg_silhouette': 0.2545734377919285, 'num_points': 15}, {'avg_silhouette': 0.49897454522026347, 'num_points': 12}, {'avg_silhouette': 0.4126753745705321, 'num_points': 66}, {'avg_silhouette': 0.2132878915988855, 'num_points': 65}, {'avg_silhouette': 0.23019162392137354, 'num_points': 74}]",,27,0.31379755725101843,,7,0.32795060098591566
AGGLC,ward,,"[{'avg_silhouette': 0.044430170585276846, 'num_points': 131}, {'avg_silhouette': 0.4451041325340373, 'num_points': 290}, {'avg_silhouette': 0.44627282911368304, 'num_points': 129}, {'avg_silhouette': -0.1923838609506635, 'num_points': 60}, {'avg_silhouette': -0.22902126360829847, 'num_points': 26}, {'avg_silhouette': 0.007412387282577292, 'num_points': 142}, {'avg_silhouette': 0.27188923982411134, 'num_points': 93}, {'avg_silhouette': 0.7163199720547283, 'num_points': 176}, {'avg_silhouette': 0.4280376477284168, 'num_points': 58}, {'avg_silhouette': -0.09802933426868375, 'num_points': 6}, {'avg_silhouette': 0.3287850252765919, 'num_points': 38}, {'avg_silhouette': 0.0846004342227085, 'num_points': 29}, {'avg_silhouette': 0.16917358562509957, 'num_points': 74}, {'avg_silhouette': 0.15937454673826598, 'num_points': 6}, {'avg_silhouette': 0.06014401032902114, 'num_points': 92}, {'avg_silhouette': 0.02066066732200303, 'num_points': 43}, {'avg_silhouette': -0.008492522131050636, 'num_points': 29}, {'avg_silhouette': 0.3999111891035555, 'num_points': 19}, {'avg_silhouette': 0.5178323578858554, 'num_points': 163}, {'avg_silhouette': 0.17546426301948662, 'num_points': 24}, {'avg_silhouette': -0.08706471984602702, 'num_points': 19}, {'avg_silhouette': 0.43338888624262417, 'num_points': 159}, {'avg_silhouette': 0.23580031647256436, 'num_points': 15}, {'avg_silhouette': 0.48998625941201945, 'num_points': 12}, {'avg_silhouette': 0.3194476962895037, 'num_points': 66}, {'avg_silhouette': 0.13456853095543012, 'num_points': 65}, {'avg_silhouette': 0.029069287983006672, 'num_points': 90}, {'avg_silhouette': 0.4008065042394268, 'num_points': 23}, {'avg_silhouette': -0.02558619521766512, 'num_points': 11}, {'avg_silhouette': -0.06482341701546172, 'num_points': 10}, {'avg_silhouette': 0.3771576320109453, 'num_points': 145}, {'avg_silhouette': 0.3729780832312316, 'num_points': 21}, {'avg_silhouette': 0.20745511116798446, 'num_points': 36}, {'avg_silhouette': 0.6543510087365247, 'num_points': 5}, {'avg_silhouette': -0.03039568050482235, 'num_points': 35}, {'avg_silhouette': 0.39217897677630376, 'num_points': 7}, {'avg_silhouette': 0.26220157238909947, 'num_points': 6}, {'avg_silhouette': 0.4734350672599862, 'num_points': 72}, {'avg_silhouette': 0.4823663939788307, 'num_points': 7}, {'avg_silhouette': 0.6766823441990067, 'num_points': 17}, {'avg_silhouette': 0.40509412888891866, 'num_points': 6}, {'avg_silhouette': 0.5194144308031222, 'num_points': 22}, {'avg_silhouette': 0.5729753177102336, 'num_points': 124}, {'avg_silhouette': 0.3389072615361795, 'num_points': 14}, {'avg_silhouette': 0.4194879802019924, 'num_points': 47}]",,45,0.31355804942248755,,6,0.41620256133512795
AGGLC,ward,,"[{'avg_silhouette': 0.2459316461145627, 'num_points': 219}, {'avg_silhouette': 0.17453043185186462, 'num_points': 71}, {'avg_silhouette': 0.4475897117213208, 'num_points': 129}, {'avg_silhouette': 0.047352723966370525, 'num_points': 131}, {'avg_silhouette': 0.4850420827230731, 'num_points': 290}, {'avg_silhouette': 0.007412387282577292, 'num_points': 142}, {'avg_silhouette': 0.27662341608084057, 'num_points': 93}, {'avg_silhouette': 0.7168748830903365, 'num_points': 176}, {'avg_silhouette': 0.4286835876769299, 'num_points': 58}, {'avg_silhouette': -0.22902126360829847, 'num_points': 26}, {'avg_silhouette': 0.33033432482566305, 'num_points': 38}, {'avg_silhouette': 0.08766860357327476, 'num_points': 29}, {'avg_silhouette': 0.17125677493609676, 'num_points': 74}, {'avg_silhouette': 0.15937454673826598, 'num_points': 6}, {'avg_silhouette': 0.06014401032902114, 'num_points': 92}, {'avg_silhouette': 0.021139919056474856, 'num_points': 43}, {'avg_silhouette': -0.008492522131050636, 'num_points': 29}, {'avg_silhouette': 0.4054811777429231, 'num_points': 19}, {'avg_silhouette': 0.5178323578858554, 'num_points': 163}, {'avg_silhouette': -0.0933740602108966, 'num_points': 6}, {'avg_silhouette': -0.07297216446543936, 'num_points': 19}, {'avg_silhouette': 0.33931507242133624, 'num_points': 14}, {'avg_silhouette': 0.23703241004199765, 'num_points': 15}, {'avg_silhouette': 0.49204086929006213, 'num_points': 12}, {'avg_silhouette': 0.3194476962895037, 'num_points': 66}, {'avg_silhouette': 0.13472970222000907, 'num_points': 65}, {'avg_silhouette': 0.029069287983006672, 'num_points': 90}, {'avg_silhouette': 0.4023518690845888, 'num_points': 23}, {'avg_silhouette': -0.020276018534190126, 'num_points': 11}, {'avg_silhouette': -0.06482341701546172, 'num_points': 10}, {'avg_silhouette': 0.3771576320109453, 'num_points': 145}, {'avg_silhouette': 0.3729780832312316, 'num_points': 21}, {'avg_silhouette': 0.20943646560894463, 'num_points': 36}, {'avg_silhouette': 0.6543510087365247, 'num_points': 5}, {'avg_silhouette': -0.024129773023721723, 'num_points': 35}, {'avg_silhouette': 0.39217897677630376, 'num_points': 7}, {'avg_silhouette': 0.2699207615309202, 'num_points': 6}, {'avg_silhouette': 0.4734350672599862, 'num_points': 72}, {'avg_silhouette': 0.48439768817234313, 'num_points': 7}, {'avg_silhouette': 0.6766823441990067, 'num_points': 17}, {'avg_silhouette': 0.4139638304061997, 'num_points': 6}, {'avg_silhouette': 0.5194144308031222, 'num_points': 22}, {'avg_silhouette': 0.5729753177102336, 'num_points': 124}]",,43,0.3131635179624419,,6,0.3917084981845584
AGGLC,ward,,"[{'avg_silhouette': -0.002519300850671174, 'num_points': 98}, {'avg_silhouette': 0.357132411883258, 'num_points': 167}, {'avg_silhouette': 0.050850415393300825, 'num_points': 13}, {'avg_silhouette': 0.1758099978213528, 'num_points': 71}, {'avg_silhouette': 0.48518944530894814, 'num_points': 290}, {'avg_silhouette': 0.4514395158964267, 'num_points': 129}, {'avg_silhouette': 0.3610187208399455, 'num_points': 214}, {'avg_silhouette': 0.7173571368773731, 'num_points': 176}, {'avg_silhouette': 0.0483661702898278, 'num_points': 131}, {'avg_silhouette': -0.22853961470441733, 'num_points': 26}, {'avg_silhouette': 0.3355973889657494, 'num_points': 38}, {'avg_silhouette': 0.08951605744966805, 'num_points': 29}, {'avg_silhouette': 0.007412387282577292, 'num_points': 142}, {'avg_silhouette': 0.1596165371058039, 'num_points': 6}, {'avg_silhouette': 0.2486916020228812, 'num_points': 219}, {'avg_silhouette': 0.0267763628357761, 'num_points': 43}, {'avg_silhouette': 0.027474297451677666, 'num_points': 29}, {'avg_silhouette': 0.4077787831713277, 'num_points': 19}, {'avg_silhouette': 0.43276186932404365, 'num_points': 58}, {'avg_silhouette': 0.6766823441990067, 'num_points': 17}, {'avg_silhouette': -0.05881421323903054, 'num_points': 19}, {'avg_silhouette': 0.3448927991299516, 'num_points': 14}, {'avg_silhouette': 0.24240919490721774, 'num_points': 15}, {'avg_silhouette': 0.4938075105413828, 'num_points': 12}, {'avg_silhouette': 0.3755169164045032, 'num_points': 66}, {'avg_silhouette': 0.16527772937062352, 'num_points': 65}, {'avg_silhouette': 0.17125677493609676, 'num_points': 74}, {'avg_silhouette': 0.40466046889109625, 'num_points': 23}, {'avg_silhouette': -0.020276018534190126, 'num_points': 11}, {'avg_silhouette': -0.05622855656848626, 'num_points': 10}, {'avg_silhouette': 0.28208814366733237, 'num_points': 93}, {'avg_silhouette': 0.3743378223511802, 'num_points': 21}, {'avg_silhouette': 0.258531060995144, 'num_points': 36}, {'avg_silhouette': 0.6543510087365247, 'num_points': 5}, {'avg_silhouette': -0.007571308599160798, 'num_points': 35}, {'avg_silhouette': 0.39541961609999504, 'num_points': 7}, {'avg_silhouette': 0.2699207615309202, 'num_points': 6}, {'avg_silhouette': 0.48271219570748536, 'num_points': 72}, {'avg_silhouette': 0.5178323578858554, 'num_points': 163}]",,39,0.31309572224461646,,7,0.3849477231572627
K-means,,,"[{'avg_silhouette': 0.4032229015932853, 'num_points': 77}, {'avg_silhouette': 0.34829488021358457, 'num_points': 159}, {'avg_silhouette': 0.6821957416771444, 'num_points': 180}, {'avg_silhouette': 0.37525534807992844, 'num_points': 234}, {'avg_silhouette': 0.2974731784930432, 'num_points': 195}, {'avg_silhouette': 0.40993613013072766, 'num_points': 151}, {'avg_silhouette': 0.25087901782200306, 'num_points': 38}, {'avg_silhouette': 0.44175729858423574, 'num_points': 129}, {'avg_silhouette': -0.10432609908829349, 'num_points': 18}, {'avg_silhouette': 0.15373525921234155, 'num_points': 19}, {'avg_silhouette': 0.22750220684501712, 'num_points': 34}, {'avg_silhouette': 0.40416812670513547, 'num_points': 59}, {'avg_silhouette': 0.2783444644898225, 'num_points': 25}, {'avg_silhouette': 0.4814801976156647, 'num_points': 209}, {'avg_silhouette': 0.09501692218109396, 'num_points': 29}, {'avg_silhouette': 0.6500157511878837, 'num_points': 5}, {'avg_silhouette': 0.09168541010098333, 'num_points': 69}, {'avg_silhouette': 0.37272902407554137, 'num_points': 24}, {'avg_silhouette': -0.10750514973474025, 'num_points': 11}, {'avg_silhouette': 0.1791980737452782, 'num_points': 105}, {'avg_silhouette': 0.15155265333986842, 'num_points': 67}, {'avg_silhouette': 0.6688664885444594, 'num_points': 17}, {'avg_silhouette': 0.41887745539968163, 'num_points': 34}, {'avg_silhouette': 0.020698842441426467, 'num_points': 12}, {'avg_silhouette': 0.2563713045350541, 'num_points': 47}, {'avg_silhouette': 0.12876528657668168, 'num_points': 25}, {'avg_silhouette': -0.1190694186163355, 'num_points': 40}, {'avg_silhouette': 0.1850017128954453, 'num_points': 16}, {'avg_silhouette': 0.42712489842582774, 'num_points': 20}, {'avg_silhouette': -0.06738773192631513, 'num_points': 3}, {'avg_silhouette': 0.18766739296090743, 'num_points': 34}, {'avg_silhouette': 0.26550703635459394, 'num_points': 49}, {'avg_silhouette': 0.1403783263849478, 'num_points': 80}, {'avg_silhouette': 0.40009012378849806, 'num_points': 19}, {'avg_silhouette': 0.0, 'num_points': 1}, {'avg_silhouette': 0.01570740965852204, 'num_points': 9}, {'avg_silhouette': 0.2325421564129524, 'num_points': 13}, {'avg_silhouette': 0.14679410763983855, 'num_points': 86}, {'avg_silhouette': 0.26930556770387604, 'num_points': 4}, {'avg_silhouette': 0.12540772691504615, 'num_points': 5}, {'avg_silhouette': 0.24243146701412943, 'num_points': 40}, {'avg_silhouette': -0.09508265622183344, 'num_points': 50}, {'avg_silhouette': 0.04279612041975429, 'num_points': 25}, {'avg_silhouette': 0.4862010201187234, 'num_points': 12}, {'avg_silhouette': 0.3856091253937976, 'num_points': 53}, {'avg_silhouette': 0.3380701820895247, 'num_points': 14}, {'avg_silhouette': -0.09152411744910643, 'num_points': 9}, {'avg_silhouette': 0.40620594354071415, 'num_points': 25}, {'avg_silhouette': 0.11840513774432672, 'num_points': 83}]",,49,0.3126580831576846,,6,0.4324392460350155
AGGLC,ward,,"[{'avg_silhouette': 0.0507703807697318, 'num_points': 13}, {'avg_silhouette': 0.30714191676193264, 'num_points': 167}, {'avg_silhouette': 0.3610187208399455, 'num_points': 214}, {'avg_silhouette': 0.1758099978213528, 'num_points': 71}, {'avg_silhouette': 0.48518944530894814, 'num_points': 290}, {'avg_silhouette': 0.4514287694600527, 'num_points': 129}, {'avg_silhouette': 0.2486477870069406, 'num_points': 219}, {'avg_silhouette': 0.7173571368773731, 'num_points': 176}, {'avg_silhouette': 0.047352723966370525, 'num_points': 131}, {'avg_silhouette': -0.22853961470441733, 'num_points': 26}, {'avg_silhouette': 0.3355973889657494, 'num_points': 38}, {'avg_silhouette': 0.0879837024693296, 'num_points': 29}, {'avg_silhouette': 0.007412387282577292, 'num_points': 142}, {'avg_silhouette': 0.1596165371058039, 'num_points': 6}, {'avg_silhouette': 0.2820761869886249, 'num_points': 93}, {'avg_silhouette': 0.0267763628357761, 'num_points': 43}, {'avg_silhouette': 0.027474297451677666, 'num_points': 29}, {'avg_silhouette': 0.4077787831713277, 'num_points': 19}, {'avg_silhouette': 0.43252283587081125, 'num_points': 58}, {'avg_silhouette': -0.09121324038203459, 'num_points': 6}, {'avg_silhouette': -0.05904352042957206, 'num_points': 19}, {'avg_silhouette': 0.3448927991299516, 'num_points': 14}, {'avg_silhouette': 0.24240919490721774, 'num_points': 15}, {'avg_silhouette': 0.4938075105413828, 'num_points': 12}, {'avg_silhouette': 0.3755169164045032, 'num_points': 66}, {'avg_silhouette': 0.15699202305157373, 'num_points': 65}, {'avg_silhouette': 0.17125677493609676, 'num_points': 74}, {'avg_silhouette': 0.40454560584229354, 'num_points': 23}, {'avg_silhouette': -0.020276018534190126, 'num_points': 11}, {'avg_silhouette': -0.05988030631141981, 'num_points': 10}, {'avg_silhouette': 0.08680922876185042, 'num_points': 92}, {'avg_silhouette': 0.3729780832312316, 'num_points': 21}, {'avg_silhouette': 0.258531060995144, 'num_points': 36}, {'avg_silhouette': 0.6543510087365247, 'num_points': 5}, {'avg_silhouette': -0.014609614469428553, 'num_points': 35}, {'avg_silhouette': 0.39541961609999504, 'num_points': 7}, {'avg_silhouette': 0.2699207615309202, 'num_points': 6}, {'avg_silhouette': 0.48271219570748536, 'num_points': 72}, {'avg_silhouette': 0.5178323578858554, 'num_points': 163}, {'avg_silhouette': 0.6766823441990067, 'num_points': 17}]",,40,0.3124482647603618,,7,0.37779996456622467
K-means,,,"[{'avg_silhouette': 0.4565366071344658, 'num_points': 78}, {'avg_silhouette': 0.4248433460754719, 'num_points': 365}, {'avg_silhouette': 0.08266652166895787, 'num_points': 59}, {'avg_silhouette': 0.11037850544663434, 'num_points': 138}, {'avg_silhouette': 0.6916160909876217, 'num_points': 181}, {'avg_silhouette': 0.42692969583453444, 'num_points': 135}, {'avg_silhouette': 0.2898128672977092, 'num_points': 222}, {'avg_silhouette': 0.2928240617172448, 'num_points': 319}, {'avg_silhouette': 0.321158631706151, 'num_points': 211}, {'avg_silhouette': 0.4318536525865049, 'num_points': 59}, {'avg_silhouette': 0.30113539962735625, 'num_points': 25}, {'avg_silhouette': 0.12734862837530456, 'num_points': 30}, {'avg_silhouette': 0.3710851276329573, 'num_points': 372}, {'avg_silhouette': 0.41943281398112303, 'num_points': 19}, {'avg_silhouette': 0.6890874952023951, 'num_points': 17}, {'avg_silhouette': 0.01778250458577328, 'num_points': 167}, {'avg_silhouette': 0.05584739202317989, 'num_points': 73}, {'avg_silhouette': 0.6640724041078399, 'num_points': 5}, {'avg_silhouette': -0.13557488316895433, 'num_points': 75}, {'avg_silhouette': 0.0961292477188796, 'num_points': 100}, {'avg_silhouette': 0.5103648398591681, 'num_points': 12}]",,21,0.31164941185316397,,9,0.32738120347601085
AGGLC,ward,,"[{'avg_silhouette': 0.24038932310597605, 'num_points': 330}, {'avg_silhouette': -0.08293552843029346, 'num_points': 143}, {'avg_silhouette': -0.09348869867556181, 'num_points': 47}, {'avg_silhouette': -0.17987356317157008, 'num_points': 34}, {'avg_silhouette': -0.07605683429347296, 'num_points': 162}, {'avg_silhouette': 0.4772254926100695, 'num_points': 305}, {'avg_silhouette': 0.26081531984536616, 'num_points': 219}, {'avg_silhouette': 0.1818447564993682, 'num_points': 71}, {'avg_silhouette': 0.4399406057191274, 'num_points': 58}, {'avg_silhouette': 0.20486070698682532, 'num_points': 279}, {'avg_silhouette': 0.34321826617793844, 'num_points': 38}, {'avg_silhouette': 0.10092955994294467, 'num_points': 29}, {'avg_silhouette': 0.458731470926431, 'num_points': 129}, {'avg_silhouette': 0.4108774655526906, 'num_points': 23}, {'avg_silhouette': 0.2935942040352421, 'num_points': 93}, {'avg_silhouette': 0.3900925202026703, 'num_points': 21}, {'avg_silhouette': 0.7192134389367799, 'num_points': 176}, {'avg_silhouette': 0.4131505986553786, 'num_points': 19}, {'avg_silhouette': 0.49152791045483823, 'num_points': 72}, {'avg_silhouette': 0.681480355256641, 'num_points': 17}, {'avg_silhouette': 0.4866896244808172, 'num_points': 290}, {'avg_silhouette': 0.3582504700559957, 'num_points': 14}, {'avg_silhouette': 0.2598576665979447, 'num_points': 15}, {'avg_silhouette': 0.5017611602675441, 'num_points': 12}, {'avg_silhouette': 0.4126753745705321, 'num_points': 66}]",,25,0.3109329412307898,,8,0.2787751929052585
AGGLC,ward,,"[{'avg_silhouette': 0.4364176504307562, 'num_points': 290}, {'avg_silhouette': -0.1923838609506635, 'num_points': 60}, {'avg_silhouette': 0.2688477850885212, 'num_points': 93}, {'avg_silhouette': 0.42137198761066974, 'num_points': 58}, {'avg_silhouette': -0.2335464290392276, 'num_points': 26}, {'avg_silhouette': 0.007412387282577292, 'num_points': 142}, {'avg_silhouette': 0.056661582856663256, 'num_points': 92}, {'avg_silhouette': 0.7127794686700176, 'num_points': 176}, {'avg_silhouette': 0.3916746963138983, 'num_points': 106}, {'avg_silhouette': -0.09802933426868375, 'num_points': 6}, {'avg_silhouette': 0.3190302119009666, 'num_points': 38}, {'avg_silhouette': 0.08350710132880672, 'num_points': 29}, {'avg_silhouette': 0.16917358562509957, 'num_points': 74}, {'avg_silhouette': 0.15828109037194796, 'num_points': 6}, {'avg_silhouette': -0.02077707605674401, 'num_points': 76}, {'avg_silhouette': 0.02066066732200303, 'num_points': 43}, {'avg_silhouette': -0.008492522131050636, 'num_points': 29}, {'avg_silhouette': 0.3942195480565108, 'num_points': 19}, {'avg_silhouette': 0.5178323578858554, 'num_points': 163}, {'avg_silhouette': 0.17546426301948662, 'num_points': 24}, {'avg_silhouette': -0.08706471984602702, 'num_points': 19}, {'avg_silhouette': 0.4170844468249333, 'num_points': 159}, {'avg_silhouette': -0.21205227117542524, 'num_points': 4}, {'avg_silhouette': 0.08982797643445328, 'num_points': 23}, {'avg_silhouette': 0.3178307483224498, 'num_points': 66}, {'avg_silhouette': 0.13456853095543012, 'num_points': 65}, {'avg_silhouette': 0.029069287983006672, 'num_points': 90}, {'avg_silhouette': 0.3983305644754553, 'num_points': 23}, {'avg_silhouette': -0.04533393302785867, 'num_points': 11}, {'avg_silhouette': -0.06482341701546172, 'num_points': 10}, {'avg_silhouette': 0.3771576320109453, 'num_points': 145}, {'avg_silhouette': 0.3729780832312316, 'num_points': 21}, {'avg_silhouette': 0.20745511116798446, 'num_points': 36}, {'avg_silhouette': 0.6543510087365247, 'num_points': 5}, {'avg_silhouette': -0.03039568050482235, 'num_points': 35}, {'avg_silhouette': 0.3902152699084734, 'num_points': 7}, {'avg_silhouette': 0.26220157238909947, 'num_points': 6}, {'avg_silhouette': 0.45226683603367956, 'num_points': 72}, {'avg_silhouette': 0.47564541403691596, 'num_points': 7}, {'avg_silhouette': 0.6661937833310493, 'num_points': 17}, {'avg_silhouette': 0.40248744009114384, 'num_points': 6}, {'avg_silhouette': 0.5194144308031222, 'num_points': 22}, {'avg_silhouette': 0.5729753177102336, 'num_points': 124}, {'avg_silhouette': 0.3360820416646666, 'num_points': 14}, {'avg_silhouette': 0.4194879802019924, 'num_points': 47}, {'avg_silhouette': 0.22409622102162838, 'num_points': 15}, {'avg_silhouette': 0.453450455985176, 'num_points': 51}, {'avg_silhouette': 0.4859538600231783, 'num_points': 12}]",,48,0.3102185560616506,,6,0.41144732385084754
AGGLC,ward,,"[{'avg_silhouette': -0.0833309448638592, 'num_points': 143}, {'avg_silhouette': -0.07644862207316643, 'num_points': 162}, {'avg_silhouette': -0.11513942521035253, 'num_points': 47}, {'avg_silhouette': -0.18209937367794354, 'num_points': 34}, {'avg_silhouette': 0.20483978199715455, 'num_points': 279}, {'avg_silhouette': 0.47711837494939946, 'num_points': 305}, {'avg_silhouette': 0.2605550754118208, 'num_points': 219}, {'avg_silhouette': 0.18060183656104645, 'num_points': 71}, {'avg_silhouette': 0.43893693568802916, 'num_points': 58}, {'avg_silhouette': 0.2416257531126731, 'num_points': 265}, {'avg_silhouette': 0.34321826617793844, 'num_points': 38}, {'avg_silhouette': 0.10002969652255721, 'num_points': 29}, {'avg_silhouette': 0.4583861326013422, 'num_points': 129}, {'avg_silhouette': 0.41066816257034744, 'num_points': 23}, {'avg_silhouette': 0.2933603916126558, 'num_points': 93}, {'avg_silhouette': 0.3896614018454971, 'num_points': 21}, {'avg_silhouette': 0.719199768687576, 'num_points': 176}, {'avg_silhouette': 0.41264520283640277, 'num_points': 19}, {'avg_silhouette': 0.49152791045483823, 'num_points': 72}, {'avg_silhouette': 0.681480355256641, 'num_points': 17}, {'avg_silhouette': 0.4865367850498191, 'num_points': 290}, {'avg_silhouette': 0.3582504700559957, 'num_points': 14}, {'avg_silhouette': 0.2589933303189044, 'num_points': 15}, {'avg_silhouette': 0.5015060297892603, 'num_points': 12}, {'avg_silhouette': 0.4126753745705321, 'num_points': 66}, {'avg_silhouette': 0.21679643964939982, 'num_points': 65}]",,26,0.30986617292259444,,8,0.2787619965339272
K-means,,,"[{'avg_silhouette': 0.2544631979080564, 'num_points': 15}, {'avg_silhouette': 0.5159667425559505, 'num_points': 291}, {'avg_silhouette': 0.47924057215524496, 'num_points': 148}, {'avg_silhouette': 0.45371694359561426, 'num_points': 129}, {'avg_silhouette': 0.6901430325288863, 'num_points': 180}, {'avg_silhouette': 0.3560837116188825, 'num_points': 320}, {'avg_silhouette': -0.10876115052703292, 'num_points': 26}, {'avg_silhouette': 0.4163520443888986, 'num_points': 59}, {'avg_silhouette': -0.08692482693383882, 'num_points': 18}, {'avg_silhouette': 0.06599007518273145, 'num_points': 73}, {'avg_silhouette': -0.09604640278265443, 'num_points': 59}, {'avg_silhouette': 0.07717411306919533, 'num_points': 141}, {'avg_silhouette': 0.1624924781310847, 'num_points': 8}, {'avg_silhouette': 0.6807302165834773, 'num_points': 17}, {'avg_silhouette': 0.3153103009669503, 'num_points': 201}, {'avg_silhouette': 0.017505824768261617, 'num_points': 96}, {'avg_silhouette': 0.03753851871887535, 'num_points': 61}, {'avg_silhouette': 0.11730062994121718, 'num_points': 29}, {'avg_silhouette': 0.32604010892447355, 'num_points': 26}, {'avg_silhouette': 0.09839638630779872, 'num_points': 103}, {'avg_silhouette': 0.49362933351798016, 'num_points': 12}, {'avg_silhouette': 0.29318742347241855, 'num_points': 25}, {'avg_silhouette': 0.4440646672220625, 'num_points': 20}, {'avg_silhouette': 0.31707961008658625, 'num_points': 39}, {'avg_silhouette': 0.40767079085969876, 'num_points': 19}, {'avg_silhouette': 0.3083625063648766, 'num_points': 138}, {'avg_silhouette': 0.055087443947372264, 'num_points': 27}, {'avg_silhouette': 0.16699550814694775, 'num_points': 27}, {'avg_silhouette': 0.1247847080837866, 'num_points': 62}, {'avg_silhouette': 0.23612586310011308, 'num_points': 51}, {'avg_silhouette': 0.030336683156405853, 'num_points': 95}, {'avg_silhouette': 0.6529754850113967, 'num_points': 5}, {'avg_silhouette': 0.31021764965888016, 'num_points': 70}, {'avg_silhouette': 0.0011790746553822567, 'num_points': 9}, {'avg_silhouette': 0.467728450792015, 'num_points': 63}]",,35,0.30877023153906186,,7,0.39175442560856943
K-means,,,"[{'avg_silhouette': 0.10303390891946226, 'num_points': 29}, {'avg_silhouette': 0.2296552393392321, 'num_points': 62}, {'avg_silhouette': -0.08199781908156197, 'num_points': 34}, {'avg_silhouette': 0.40903334575548445, 'num_points': 177}, {'avg_silhouette': 0.4456843796035088, 'num_points': 343}, {'avg_silhouette': 0.44835613876889335, 'num_points': 130}, {'avg_silhouette': 0.051067990316398484, 'num_points': 111}, {'avg_silhouette': 0.692182955237976, 'num_points': 180}, {'avg_silhouette': 0.41603620327068846, 'num_points': 59}, {'avg_silhouette': 0.0365255926984897, 'num_points': 99}, {'avg_silhouette': 0.25289582869247085, 'num_points': 97}, {'avg_silhouette': 0.32233235362262475, 'num_points': 39}, {'avg_silhouette': 0.0830243216624936, 'num_points': 98}, {'avg_silhouette': 0.3246340013919917, 'num_points': 189}, {'avg_silhouette': 0.4116641021649551, 'num_points': 19}, {'avg_silhouette': 0.2644490464620791, 'num_points': 80}, {'avg_silhouette': -0.0014760408506084672, 'num_points': 26}, {'avg_silhouette': 0.6806738728076352, 'num_points': 17}, {'avg_silhouette': 0.1430732700567122, 'num_points': 12}, {'avg_silhouette': 0.05742451236613133, 'num_points': 70}, {'avg_silhouette': 0.4388781635423175, 'num_points': 20}, {'avg_silhouette': 0.14028333160851547, 'num_points': 43}, {'avg_silhouette': -0.04340419876090155, 'num_points': 40}, {'avg_silhouette': 0.3468293244925315, 'num_points': 189}, {'avg_silhouette': 0.6574281486903697, 'num_points': 5}, {'avg_silhouette': 0.3537273393859976, 'num_points': 191}, {'avg_silhouette': 0.3510608588878435, 'num_points': 14}, {'avg_silhouette': 0.2776191597221874, 'num_points': 28}, {'avg_silhouette': 0.06906319805914916, 'num_points': 132}, {'avg_silhouette': 0.0016986384481283176, 'num_points': 9}, {'avg_silhouette': 0.4406309541338602, 'num_points': 77}, {'avg_silhouette': 0.33200333656398406, 'num_points': 26}, {'avg_silhouette': -0.12240210844479404, 'num_points': 17}]",,33,0.30842659356382857,,6,0.42868189097791504
AGGLC,ward,,"[{'avg_silhouette': -0.13264851939413227, 'num_points': 208}, {'avg_silhouette': 0.3835429599186721, 'num_points': 373}, {'avg_silhouette': -0.09326269630308043, 'num_points': 47}, {'avg_silhouette': 0.24839417279204645, 'num_points': 330}, {'avg_silhouette': 0.3435094690404428, 'num_points': 345}, {'avg_silhouette': 0.4832081464566052, 'num_points': 305}, {'avg_silhouette': 0.2671832251080545, 'num_points': 219}, {'avg_silhouette': -0.17218897194122995, 'num_points': 34}, {'avg_silhouette': 0.4438643937883205, 'num_points': 58}, {'avg_silhouette': -0.0805318641211424, 'num_points': 143}, {'avg_silhouette': 0.3490143051163156, 'num_points': 38}, {'avg_silhouette': 0.10241842108405085, 'num_points': 29}, {'avg_silhouette': 0.4628155662746532, 'num_points': 129}, {'avg_silhouette': 0.4193084428654726, 'num_points': 23}, {'avg_silhouette': 0.2966252671915888, 'num_points': 93}, {'avg_silhouette': 0.39338497502392816, 'num_points': 21}, {'avg_silhouette': 0.7219748154038458, 'num_points': 176}, {'avg_silhouette': 0.41646146000435447, 'num_points': 19}, {'avg_silhouette': 0.5148404579713396, 'num_points': 72}]",,19,0.30777966037291676,,8,0.279329050650549
K-means,,,"[{'avg_silhouette': 0.39599466784047455, 'num_points': 4}, {'avg_silhouette': 0.32983477341467127, 'num_points': 202}, {'avg_silhouette': 0.34387632513954886, 'num_points': 360}, {'avg_silhouette': 0.43133197286530395, 'num_points': 154}, {'avg_silhouette': 0.4383277430675386, 'num_points': 132}, {'avg_silhouette': 0.15764400228280737, 'num_points': 71}, {'avg_silhouette': 0.7070564909229526, 'num_points': 178}, {'avg_silhouette': 0.2695555454611379, 'num_points': 97}, {'avg_silhouette': 0.43033878357152466, 'num_points': 59}, {'avg_silhouette': 0.3553479043810583, 'num_points': 14}, {'avg_silhouette': -0.08249668712219345, 'num_points': 142}, {'avg_silhouette': 0.2762670746870814, 'num_points': 275}, {'avg_silhouette': -0.019559322544026918, 'num_points': 85}, {'avg_silhouette': 0.09779045728379195, 'num_points': 96}, {'avg_silhouette': 0.18264932986348914, 'num_points': 6}, {'avg_silhouette': 0.08803561018621583, 'num_points': 82}, {'avg_silhouette': 0.3556373792326864, 'num_points': 38}, {'avg_silhouette': 0.4491021104238729, 'num_points': 78}, {'avg_silhouette': 0.43824947351227567, 'num_points': 350}, {'avg_silhouette': 0.25029320545709927, 'num_points': 79}, {'avg_silhouette': -0.12751929322036878, 'num_points': 73}, {'avg_silhouette': 0.30752283286460735, 'num_points': 27}, {'avg_silhouette': 0.11094319072664528, 'num_points': 60}]",,23,0.3071020019462438,,7,0.34915991763137716
K-means,,,"[{'avg_silhouette': -0.09637297060045696, 'num_points': 51}, {'avg_silhouette': 0.4224098460496089, 'num_points': 365}, {'avg_silhouette': 0.362541226489327, 'num_points': 357}, {'avg_silhouette': -0.06237645177626059, 'num_points': 15}, {'avg_silhouette': 0.4479308511507237, 'num_points': 131}, {'avg_silhouette': 0.36025294833805827, 'num_points': 176}, {'avg_silhouette': -0.09284636764782513, 'num_points': 18}, {'avg_silhouette': 0.11036874717489932, 'num_points': 29}, {'avg_silhouette': 0.4222733107776791, 'num_points': 59}, {'avg_silhouette': -0.07980921050897316, 'num_points': 15}, {'avg_silhouette': 0.6173025247261572, 'num_points': 166}, {'avg_silhouette': 0.3386350803578223, 'num_points': 320}, {'avg_silhouette': 0.06815429264967879, 'num_points': 77}, {'avg_silhouette': 0.6859355266115834, 'num_points': 17}, {'avg_silhouette': 0.08492689335319142, 'num_points': 228}, {'avg_silhouette': 0.13506392984305648, 'num_points': 28}, {'avg_silhouette': 0.12110153104326811, 'num_points': 23}, {'avg_silhouette': 0.06661103254594984, 'num_points': 109}, {'avg_silhouette': 0.021816046274252814, 'num_points': 97}, {'avg_silhouette': 0.20541026732280857, 'num_points': 9}, {'avg_silhouette': 0.2737728453577132, 'num_points': 15}, {'avg_silhouette': 0.16855185223482058, 'num_points': 6}, {'avg_silhouette': 0.30207460510819273, 'num_points': 79}, {'avg_silhouette': 0.3558517871181525, 'num_points': 38}, {'avg_silhouette': 0.26606486351696884, 'num_points': 6}, {'avg_silhouette': 0.33920295525750516, 'num_points': 183}, {'avg_silhouette': 0.34311982139288805, 'num_points': 26}, {'avg_silhouette': 0.4164562242042916, 'num_points': 19}]",,28,0.30540746311915035,,7,0.3607530677959529
AGGLC,ward,,"[{'avg_silhouette': -0.08150148659416949, 'num_points': 280}, {'avg_silhouette': 0.4072899312571606, 'num_points': 373}, {'avg_silhouette': -0.09326269630308043, 'num_points': 47}, {'avg_silhouette': 0.25865068170991756, 'num_points': 330}, {'avg_silhouette': 0.3489389309598131, 'num_points': 345}, {'avg_silhouette': 0.4918526043325864, 'num_points': 305}, {'avg_silhouette': 0.2813904081820066, 'num_points': 219}, {'avg_silhouette': -0.17218897194122995, 'num_points': 34}, {'avg_silhouette': 0.44906369864306755, 'num_points': 58}, {'avg_silhouette': -0.07523654203923447, 'num_points': 143}, {'avg_silhouette': 0.3546840717036248, 'num_points': 38}, {'avg_silhouette': 0.10313613358801585, 'num_points': 29}, {'avg_silhouette': 0.4685098539896085, 'num_points': 129}, {'avg_silhouette': 0.4249402111715671, 'num_points': 23}, {'avg_silhouette': 0.2986192023305487, 'num_points': 93}, {'avg_silhouette': 0.40076212503000147, 'num_points': 21}, {'avg_silhouette': 0.7263578479359833, 'num_points': 176}, {'avg_silhouette': 0.4208860084444496, 'num_points': 19}]",,18,0.3043688090415647,,8,0.294717796968008
K-means,,,"[{'avg_silhouette': 0.6830355445288271, 'num_points': 181}, {'avg_silhouette': 0.45553423601699466, 'num_points': 295}, {'avg_silhouette': 0.06297920101019637, 'num_points': 107}, {'avg_silhouette': -0.050305179110401624, 'num_points': 61}, {'avg_silhouette': -0.03214642221892206, 'num_points': 51}, {'avg_silhouette': 0.34867883301229835, 'num_points': 9}, {'avg_silhouette': 0.24485577112638274, 'num_points': 98}, {'avg_silhouette': 0.04704624777460693, 'num_points': 88}, {'avg_silhouette': 0.24553885285610072, 'num_points': 79}, {'avg_silhouette': 0.43084378919054117, 'num_points': 153}, {'avg_silhouette': 0.3786534596777608, 'num_points': 250}, {'avg_silhouette': 0.40593035119749193, 'num_points': 19}, {'avg_silhouette': 0.10259453046624396, 'num_points': 29}, {'avg_silhouette': 0.40054873721610207, 'num_points': 35}, {'avg_silhouette': 0.345669646129134, 'num_points': 123}, {'avg_silhouette': -0.12211579380179141, 'num_points': 2}, {'avg_silhouette': 0.08184083143942769, 'num_points': 24}, {'avg_silhouette': 0.39163493598255616, 'num_points': 142}, {'avg_silhouette': -0.02033631881493646, 'num_points': 11}, {'avg_silhouette': 0.49502386168429124, 'num_points': 12}, {'avg_silhouette': 0.1073695864501546, 'num_points': 94}, {'avg_silhouette': 0.2936610639282737, 'num_points': 14}, {'avg_silhouette': 0.1599024012570414, 'num_points': 6}, {'avg_silhouette': 0.2958144828415739, 'num_points': 146}, {'avg_silhouette': 0.18936096870990968, 'num_points': 93}, {'avg_silhouette': 0.06369130708542699, 'num_points': 19}, {'avg_silhouette': 0.42644089048187456, 'num_points': 57}, {'avg_silhouette': 0.4318061146333557, 'num_points': 77}, {'avg_silhouette': 0.6577157223456251, 'num_points': 5}, {'avg_silhouette': 0.3292064764752026, 'num_points': 26}, {'avg_silhouette': 0.3544968809875091, 'num_points': 25}, {'avg_silhouette': 0.004064382110042443, 'num_points': 33}, {'avg_silhouette': 0.4403445645951917, 'num_points': 20}, {'avg_silhouette': 0.47927353867578965, 'num_points': 7}, {'avg_silhouette': 0.14922265141971153, 'num_points': 83}, {'avg_silhouette': 0.18711480319119517, 'num_points': 51}, {'avg_silhouette': 0.29505814174393685, 'num_points': 64}, {'avg_silhouette': 0.3463473217992269, 'num_points': 14}, {'avg_silhouette': -0.13333332112842847, 'num_points': 24}, {'avg_silhouette': -0.058175791931320324, 'num_points': 35}]",,40,0.30418117464372324,,6,0.43925274137304227
AGGLC,ward,,"[{'avg_silhouette': 0.2688477850885212, 'num_points': 93}, {'avg_silhouette': -0.19251199516281353, 'num_points': 60}, {'avg_silhouette': 0.007412387282577292, 'num_points': 142}, {'avg_silhouette': 0.42062678349599797, 'num_points': 58}, {'avg_silhouette': -0.2335464290392276, 'num_points': 26}, {'avg_silhouette': 0.16917358562509957, 'num_points': 74}, {'avg_silhouette': 0.056422317443086574, 'num_points': 92}, {'avg_silhouette': 0.7115058368396128, 'num_points': 176}, {'avg_silhouette': 0.3916647365904905, 'num_points': 106}, {'avg_silhouette': -0.09802933426868375, 'num_points': 6}, {'avg_silhouette': 0.31799090974272115, 'num_points': 38}, {'avg_silhouette': 0.08225049357171133, 'num_points': 29}, {'avg_silhouette': 0.39439616679358785, 'num_points': 240}, {'avg_silhouette': 0.15825548893845567, 'num_points': 6}, {'avg_silhouette': -0.02511002310267957, 'num_points': 76}, {'avg_silhouette': 0.02066066732200303, 'num_points': 43}, {'avg_silhouette': -0.008492522131050636, 'num_points': 29}, {'avg_silhouette': 0.39277247206378396, 'num_points': 19}, {'avg_silhouette': 0.5178323578858554, 'num_points': 163}, {'avg_silhouette': 0.1684208735660245, 'num_points': 24}, {'avg_silhouette': -0.08792552342101374, 'num_points': 19}, {'avg_silhouette': 0.4142248628586229, 'num_points': 159}, {'avg_silhouette': -0.21205227117542524, 'num_points': 4}, {'avg_silhouette': 0.08982797643445328, 'num_points': 23}, {'avg_silhouette': 0.3178307483224498, 'num_points': 66}, {'avg_silhouette': 0.13456853095543012, 'num_points': 65}, {'avg_silhouette': 0.029069287983006672, 'num_points': 90}, {'avg_silhouette': 0.3968028573705368, 'num_points': 23}, {'avg_silhouette': -0.048472347521587356, 'num_points': 11}, {'avg_silhouette': -0.06520521749386152, 'num_points': 10}, {'avg_silhouette': 0.3771576320109453, 'num_points': 145}, {'avg_silhouette': 0.37218636789012616, 'num_points': 21}, {'avg_silhouette': 0.20745511116798446, 'num_points': 36}, {'avg_silhouette': 0.6543510087365247, 'num_points': 5}, {'avg_silhouette': -0.03039568050482235, 'num_points': 35}, {'avg_silhouette': 0.3902152699084734, 'num_points': 7}, {'avg_silhouette': 0.26220157238909947, 'num_points': 6}, {'avg_silhouette': 0.4479544807711545, 'num_points': 72}, {'avg_silhouette': 0.4735141840865697, 'num_points': 7}, {'avg_silhouette': 0.6655691395822513, 'num_points': 17}, {'avg_silhouette': 0.40153218771242827, 'num_points': 6}, {'avg_silhouette': 0.5194144308031222, 'num_points': 22}, {'avg_silhouette': 0.5729753177102336, 'num_points': 124}, {'avg_silhouette': 0.3352300057927864, 'num_points': 14}, {'avg_silhouette': 0.398747233627435, 'num_points': 47}, {'avg_silhouette': 0.22409622102162838, 'num_points': 15}, {'avg_silhouette': 0.42752996372072116, 'num_points': 51}, {'avg_silhouette': 0.48475854387414613, 'num_points': 12}, {'avg_silhouette': 0.2997607806661976, 'num_points': 50}]",,49,0.3023132257120572,,6,0.4037548739452002
DBSCAN,,0.9899158227686102,"[{'avg_silhouette': 0.2518745766733755, 'num_points': 1907}, {'avg_silhouette': 0.4631616699653218, 'num_points': 6}, {'avg_silhouette': 0.3730062631273029, 'num_points': 88}, {'avg_silhouette': 0.7805672352461694, 'num_points': 16}, {'avg_silhouette': 0.4359544839785449, 'num_points': 7}, {'avg_silhouette': 0.5386035198553322, 'num_points': 122}, {'avg_silhouette': 0.3717587571092925, 'num_points': 13}, {'avg_silhouette': 0.7386448905125161, 'num_points': 176}, {'avg_silhouette': 0.4322027893597594, 'num_points': 13}, {'avg_silhouette': 0.4895190729580178, 'num_points': 56}, {'avg_silhouette': 0.540231587189598, 'num_points': 32}, {'avg_silhouette': 0.49462556973690336, 'num_points': 18}, {'avg_silhouette': 0.34565109428523244, 'num_points': 22}, {'avg_silhouette': 0.5332674602882658, 'num_points': 21}, {'avg_silhouette': 0.684167262003425, 'num_points': 5}, {'avg_silhouette': 0.5235285192495004, 'num_points': 7}, {'avg_silhouette': 0.5338628575741664, 'num_points': 12}, {'avg_silhouette': 0.5329124856201224, 'num_points': 20}, {'avg_silhouette': 0.36555199733775395, 'num_points': 5}]",5.0,19,0.3015510306357159,,2,0.49525973359294584
DBSCAN,,0.9999158227686102,"[{'avg_silhouette': 0.2515268292079464, 'num_points': 1908}, {'avg_silhouette': 0.46324735663822425, 'num_points': 6}, {'avg_silhouette': 0.37310378920707665, 'num_points': 88}, {'avg_silhouette': 0.7806191030850027, 'num_points': 16}, {'avg_silhouette': 0.4360561270892462, 'num_points': 7}, {'avg_silhouette': 0.5386939258039551, 'num_points': 122}, {'avg_silhouette': 0.37187921822811487, 'num_points': 13}, {'avg_silhouette': 0.7387027941624414, 'num_points': 176}, {'avg_silhouette': 0.43231948269947396, 'num_points': 13}, {'avg_silhouette': 0.4896088453299678, 'num_points': 56}, {'avg_silhouette': 0.540327193020677, 'num_points': 32}, {'avg_silhouette': 0.49471283890493034, 'num_points': 18}, {'avg_silhouette': 0.34573536427084284, 'num_points': 22}, {'avg_silhouette': 0.5333560819465549, 'num_points': 21}, {'avg_silhouette': 0.6842070183038496, 'num_points': 5}, {'avg_silhouette': 0.5236016933071789, 'num_points': 7}, {'avg_silhouette': 0.5339575287727952, 'num_points': 12}, {'avg_silhouette': 0.5330184081861733, 'num_points': 20}, {'avg_silhouette': 0.36565784895008835, 'num_points': 5}]",5.0,19,0.3014771465465393,,2,0.4951148116851939
DBSCAN,,0.9799158227686102,"[{'avg_silhouette': 0.25177244969870993, 'num_points': 1907}, {'avg_silhouette': 0.3730062631273029, 'num_points': 88}, {'avg_silhouette': 0.7805672352461694, 'num_points': 16}, {'avg_silhouette': 0.4359544839785449, 'num_points': 7}, {'avg_silhouette': 0.5386035198553322, 'num_points': 122}, {'avg_silhouette': 0.3717587571092925, 'num_points': 13}, {'avg_silhouette': 0.7386448905125161, 'num_points': 176}, {'avg_silhouette': 0.4322027893597594, 'num_points': 13}, {'avg_silhouette': 0.4895190729580178, 'num_points': 56}, {'avg_silhouette': 0.540231587189598, 'num_points': 32}, {'avg_silhouette': 0.49462556973690336, 'num_points': 18}, {'avg_silhouette': 0.34565109428523244, 'num_points': 22}, {'avg_silhouette': 0.5332674602882658, 'num_points': 21}, {'avg_silhouette': 0.684167262003425, 'num_points': 5}, {'avg_silhouette': 0.4631616699653218, 'num_points': 6}, {'avg_silhouette': 0.6533984149990644, 'num_points': 6}, {'avg_silhouette': 0.5338628575741664, 'num_points': 12}, {'avg_silhouette': 0.5329124856201224, 'num_points': 20}, {'avg_silhouette': 0.36555199733775395, 'num_points': 5}]",5.0,19,0.30142901156130203,,2,0.49520867010561304
DBSCAN,,0.9699158227686102,"[{'avg_silhouette': 0.25177244969870993, 'num_points': 1907}, {'avg_silhouette': 0.3730062631273029, 'num_points': 88}, {'avg_silhouette': 0.7805672352461694, 'num_points': 16}, {'avg_silhouette': 0.4359544839785449, 'num_points': 7}, {'avg_silhouette': 0.5448083403240376, 'num_points': 121}, {'avg_silhouette': 0.3717587571092925, 'num_points': 13}, {'avg_silhouette': 0.7386448905125161, 'num_points': 176}, {'avg_silhouette': 0.4322027893597594, 'num_points': 13}, {'avg_silhouette': 0.4895190729580178, 'num_points': 56}, {'avg_silhouette': 0.540231587189598, 'num_points': 32}, {'avg_silhouette': 0.49462556973690336, 'num_points': 18}, {'avg_silhouette': 0.34565109428523244, 'num_points': 22}, {'avg_silhouette': 0.5332674602882658, 'num_points': 21}, {'avg_silhouette': 0.684167262003425, 'num_points': 5}, {'avg_silhouette': 0.4631616699653218, 'num_points': 6}, {'avg_silhouette': 0.6533984149990644, 'num_points': 6}, {'avg_silhouette': 0.5338628575741664, 'num_points': 12}, {'avg_silhouette': 0.5329124856201224, 'num_points': 20}, {'avg_silhouette': 0.36555199733775395, 'num_points': 5}]",5.0,19,0.30138495256455994,,2,0.49520867010561304
K-means,,,"[{'avg_silhouette': 0.030895074754853338, 'num_points': 4}, {'avg_silhouette': 0.44095282768913857, 'num_points': 352}, {'avg_silhouette': 0.7150945572284642, 'num_points': 177}, {'avg_silhouette': 0.12138379929512644, 'num_points': 7}, {'avg_silhouette': -0.06511702977375051, 'num_points': 104}, {'avg_silhouette': 0.10991297794240004, 'num_points': 30}, {'avg_silhouette': 0.4445823521718499, 'num_points': 131}, {'avg_silhouette': 0.3318733522528107, 'num_points': 348}, {'avg_silhouette': 0.07340874829360806, 'num_points': 42}, {'avg_silhouette': 0.29637191760819476, 'num_points': 41}, {'avg_silhouette': 0.31669027413914524, 'num_points': 131}, {'avg_silhouette': 0.049939745306139, 'num_points': 152}, {'avg_silhouette': 0.2678186640463563, 'num_points': 97}, {'avg_silhouette': -0.027331815319568267, 'num_points': 55}, {'avg_silhouette': 0.42016466840459826, 'num_points': 59}, {'avg_silhouette': 0.09500507938621161, 'num_points': 112}, {'avg_silhouette': 0.4522650159133421, 'num_points': 77}, {'avg_silhouette': 0.2535513088836932, 'num_points': 225}, {'avg_silhouette': 0.2598659438351018, 'num_points': 15}, {'avg_silhouette': 0.1326170219507082, 'num_points': 71}, {'avg_silhouette': 0.3583757040755778, 'num_points': 228}, {'avg_silhouette': 0.4445501077594277, 'num_points': 20}, {'avg_silhouette': 0.049733921347941315, 'num_points': 89}, {'avg_silhouette': 0.19252852301973014, 'num_points': 66}, {'avg_silhouette': -0.03132802637783642, 'num_points': 12}, {'avg_silhouette': 0.6833368105758165, 'num_points': 17}]",,26,0.3010506619397437,,6,0.35829791590597054
K-means,,,"[{'avg_silhouette': 0.6801263590541229, 'num_points': 181}, {'avg_silhouette': 0.3610259142713051, 'num_points': 116}, {'avg_silhouette': 0.40021512569828277, 'num_points': 358}, {'avg_silhouette': 0.3320850959117927, 'num_points': 221}, {'avg_silhouette': 0.4358075538339466, 'num_points': 131}, {'avg_silhouette': 0.1554390649624987, 'num_points': 6}, {'avg_silhouette': -0.1271993004101727, 'num_points': 69}, {'avg_silhouette': 0.17701626797887982, 'num_points': 16}, {'avg_silhouette': 0.0745057993557508, 'num_points': 93}, {'avg_silhouette': 0.431154248258247, 'num_points': 34}, {'avg_silhouette': 0.4109558998023926, 'num_points': 59}, {'avg_silhouette': 0.11605579506980765, 'num_points': 86}, {'avg_silhouette': -0.08041004327865403, 'num_points': 32}, {'avg_silhouette': 0.1220295402414536, 'num_points': 28}, {'avg_silhouette': 0.2834443419372665, 'num_points': 79}, {'avg_silhouette': 0.17894268946003503, 'num_points': 10}, {'avg_silhouette': 0.38265019789850935, 'num_points': 241}, {'avg_silhouette': 0.5023571769907055, 'num_points': 12}, {'avg_silhouette': 0.18640002282077334, 'num_points': 51}, {'avg_silhouette': 0.3716615895778636, 'num_points': 152}, {'avg_silhouette': 0.3497109958562748, 'num_points': 14}, {'avg_silhouette': 0.041575112787724494, 'num_points': 82}, {'avg_silhouette': 0.33224096588622576, 'num_points': 26}, {'avg_silhouette': -0.06325842830217476, 'num_points': 38}, {'avg_silhouette': 0.16469580249534194, 'num_points': 121}, {'avg_silhouette': 0.13487096220475417, 'num_points': 66}, {'avg_silhouette': -0.02911502832333651, 'num_points': 15}, {'avg_silhouette': 0.4162796283330074, 'num_points': 73}, {'avg_silhouette': 0.4042268508764551, 'num_points': 19}, {'avg_silhouette': 0.2052493904243487, 'num_points': 16}, {'avg_silhouette': 0.08826177165640843, 'num_points': 42}, {'avg_silhouette': 0.6584106906417887, 'num_points': 5}, {'avg_silhouette': 0.1789712468242101, 'num_points': 68}, {'avg_silhouette': 0.17655294716969117, 'num_points': 9}, {'avg_silhouette': 0.6753494786920983, 'num_points': 17}, {'avg_silhouette': 0.26519852459688065, 'num_points': 6}, {'avg_silhouette': 0.060395013021222556, 'num_points': 70}]",,37,0.30096106953217117,,5,0.4333476736281142
AGGLC,ward,,"[{'avg_silhouette': -0.19251199516281353, 'num_points': 60}, {'avg_silhouette': -0.2335464290392276, 'num_points': 26}, {'avg_silhouette': 0.007412387282577292, 'num_points': 142}, {'avg_silhouette': 0.42062678349599797, 'num_points': 58}, {'avg_silhouette': 0.31799090974272115, 'num_points': 38}, {'avg_silhouette': 0.16917358562509957, 'num_points': 74}, {'avg_silhouette': 0.056422317443086574, 'num_points': 92}, {'avg_silhouette': 0.7115058368396128, 'num_points': 176}, {'avg_silhouette': 0.3916647365904905, 'num_points': 106}, {'avg_silhouette': -0.10184910349832683, 'num_points': 6}, {'avg_silhouette': 0.24485079108809632, 'num_points': 77}, {'avg_silhouette': 0.08101189303876753, 'num_points': 29}, {'avg_silhouette': 0.39439616679358785, 'num_points': 240}, {'avg_silhouette': 0.15816240834440842, 'num_points': 6}, {'avg_silhouette': -0.02511002310267957, 'num_points': 76}, {'avg_silhouette': 0.02066066732200303, 'num_points': 43}, {'avg_silhouette': -0.008492522131050636, 'num_points': 29}, {'avg_silhouette': 0.39277247206378396, 'num_points': 19}, {'avg_silhouette': 0.5178323578858554, 'num_points': 163}, {'avg_silhouette': 0.1684208735660245, 'num_points': 24}, {'avg_silhouette': -0.08792552342101374, 'num_points': 19}, {'avg_silhouette': 0.4142248628586229, 'num_points': 159}, {'avg_silhouette': -0.21471776876486964, 'num_points': 4}, {'avg_silhouette': 0.08982797643445328, 'num_points': 23}, {'avg_silhouette': 0.10981139415079674, 'num_points': 16}, {'avg_silhouette': 0.13456853095543012, 'num_points': 65}, {'avg_silhouette': 0.029069287983006672, 'num_points': 90}, {'avg_silhouette': 0.3968028573705368, 'num_points': 23}, {'avg_silhouette': -0.048472347521587356, 'num_points': 11}, {'avg_silhouette': -0.0664858426907636, 'num_points': 10}, {'avg_silhouette': 0.3771576320109453, 'num_points': 145}, {'avg_silhouette': 0.37218636789012616, 'num_points': 21}, {'avg_silhouette': 0.20745511116798446, 'num_points': 36}, {'avg_silhouette': 0.6543510087365247, 'num_points': 5}, {'avg_silhouette': -0.03039568050482235, 'num_points': 35}, {'avg_silhouette': 0.3902152699084734, 'num_points': 7}, {'avg_silhouette': 0.26220157238909947, 'num_points': 6}, {'avg_silhouette': 0.4479544807711545, 'num_points': 72}, {'avg_silhouette': 0.4735141840865697, 'num_points': 7}, {'avg_silhouette': 0.6655691395822513, 'num_points': 17}, {'avg_silhouette': 0.40153218771242827, 'num_points': 6}, {'avg_silhouette': 0.5194144308031222, 'num_points': 22}, {'avg_silhouette': 0.5729753177102336, 'num_points': 124}, {'avg_silhouette': 0.3352300057927864, 'num_points': 14}, {'avg_silhouette': 0.398747233627435, 'num_points': 47}, {'avg_silhouette': 0.22409622102162838, 'num_points': 15}, {'avg_silhouette': 0.42752996372072116, 'num_points': 51}, {'avg_silhouette': 0.48475854387414613, 'num_points': 12}, {'avg_silhouette': 0.2997607806661976, 'num_points': 50}, {'avg_silhouette': 0.3178307483224498, 'num_points': 66}]",,50,0.3006320778721772,,6,0.4037548739452002
DBSCAN,,0.8899158227686101,"[{'avg_silhouette': 0.25461525677393493, 'num_points': 1898}, {'avg_silhouette': 0.3722266209954988, 'num_points': 88}, {'avg_silhouette': 0.7801482570876515, 'num_points': 16}, {'avg_silhouette': 0.4351888022721589, 'num_points': 7}, {'avg_silhouette': 0.5440417303024582, 'num_points': 121}, {'avg_silhouette': 0.7381531966113729, 'num_points': 176}, {'avg_silhouette': 0.4312771597699467, 'num_points': 13}, {'avg_silhouette': 0.5008893811079141, 'num_points': 55}, {'avg_silhouette': 0.5394070022664007, 'num_points': 32}, {'avg_silhouette': 0.524862691492712, 'num_points': 17}, {'avg_silhouette': 0.3702424975576992, 'num_points': 21}, {'avg_silhouette': 0.5325021078133757, 'num_points': 21}, {'avg_silhouette': 0.683897436059857, 'num_points': 5}, {'avg_silhouette': 0.46244939912637634, 'num_points': 6}, {'avg_silhouette': 0.3708294529590045, 'num_points': 13}, {'avg_silhouette': 0.6528476022549365, 'num_points': 6}, {'avg_silhouette': 0.5330419706205256, 'num_points': 12}, {'avg_silhouette': 0.5320459997191475, 'num_points': 20}]",5.0,18,0.30061545543487084,,2,0.4963842266926539
DBSCAN,,0.9599158227686102,"[{'avg_silhouette': 0.2518814929111388, 'num_points': 1907}, {'avg_silhouette': 0.3730062631273029, 'num_points': 88}, {'avg_silhouette': 0.7805672352461694, 'num_points': 16}, {'avg_silhouette': 0.4359544839785449, 'num_points': 7}, {'avg_silhouette': 0.5448083403240376, 'num_points': 121}, {'avg_silhouette': 0.3717587571092925, 'num_points': 13}, {'avg_silhouette': 0.7386448905125161, 'num_points': 176}, {'avg_silhouette': 0.4322027893597594, 'num_points': 13}, {'avg_silhouette': 0.4895190729580178, 'num_points': 56}, {'avg_silhouette': 0.540231587189598, 'num_points': 32}, {'avg_silhouette': 0.49462556973690336, 'num_points': 18}, {'avg_silhouette': 0.34565109428523244, 'num_points': 22}, {'avg_silhouette': 0.5332674602882658, 'num_points': 21}, {'avg_silhouette': 0.684167262003425, 'num_points': 5}, {'avg_silhouette': 0.4631616699653218, 'num_points': 6}, {'avg_silhouette': 0.6533984149990644, 'num_points': 6}, {'avg_silhouette': 0.5338628575741664, 'num_points': 12}, {'avg_silhouette': 0.5329124856201224, 'num_points': 20}]",5.0,18,0.30050048947999825,,2,0.4952631917118275
DBSCAN,,0.8999158227686102,"[{'avg_silhouette': 0.25384640381198215, 'num_points': 1900}, {'avg_silhouette': 0.3724367958810676, 'num_points': 88}, {'avg_silhouette': 0.7802525020734532, 'num_points': 16}, {'avg_silhouette': 0.43539014449441915, 'num_points': 7}, {'avg_silhouette': 0.5442441085634878, 'num_points': 121}, {'avg_silhouette': 0.7382800082353266, 'num_points': 176}, {'avg_silhouette': 0.4315290352591197, 'num_points': 13}, {'avg_silhouette': 0.5010863341128075, 'num_points': 55}, {'avg_silhouette': 0.5396258652362746, 'num_points': 32}, {'avg_silhouette': 0.5250558574801794, 'num_points': 17}, {'avg_silhouette': 0.37044093885400964, 'num_points': 21}, {'avg_silhouette': 0.5327091929114268, 'num_points': 21}, {'avg_silhouette': 0.6839852133782984, 'num_points': 5}, {'avg_silhouette': 0.46264491058885565, 'num_points': 6}, {'avg_silhouette': 0.371081410027701, 'num_points': 13}, {'avg_silhouette': 0.6530012128448793, 'num_points': 6}, {'avg_silhouette': 0.5332581893500937, 'num_points': 12}, {'avg_silhouette': 0.5322641435399507, 'num_points': 20}]",5.0,18,0.30042593200987217,,2,0.4960632060236544
DBSCAN,,0.9099158227686102,"[{'avg_silhouette': 0.25358864258798575, 'num_points': 1901}, {'avg_silhouette': 0.3724882528865624, 'num_points': 88}, {'avg_silhouette': 0.7802824018573716, 'num_points': 16}, {'avg_silhouette': 0.43543438383109645, 'num_points': 7}, {'avg_silhouette': 0.5443022764850796, 'num_points': 121}, {'avg_silhouette': 0.7383191541337598, 'num_points': 176}, {'avg_silhouette': 0.4316026244506732, 'num_points': 13}, {'avg_silhouette': 0.5011299895664695, 'num_points': 55}, {'avg_silhouette': 0.5396892646454496, 'num_points': 32}, {'avg_silhouette': 0.5251084843633417, 'num_points': 17}, {'avg_silhouette': 0.37047898438808, 'num_points': 21}, {'avg_silhouette': 0.5327714032485994, 'num_points': 21}, {'avg_silhouette': 0.6840147505214147, 'num_points': 5}, {'avg_silhouette': 0.4626964159669416, 'num_points': 6}, {'avg_silhouette': 0.3711419133852906, 'num_points': 13}, {'avg_silhouette': 0.6530348539525098, 'num_points': 6}, {'avg_silhouette': 0.5333252036096108, 'num_points': 12}, {'avg_silhouette': 0.5323341057534685, 'num_points': 20}]",5.0,18,0.30039897785332836,,2,0.4959538983608728
K-means,,,"[{'avg_silhouette': 0.07815814354392656, 'num_points': 5}, {'avg_silhouette': 0.4343222219334788, 'num_points': 351}, {'avg_silhouette': 0.6951543104526877, 'num_points': 180}, {'avg_silhouette': 0.4014130644123625, 'num_points': 240}, {'avg_silhouette': -0.032335584807464485, 'num_points': 14}, {'avg_silhouette': 0.06698213713546262, 'num_points': 27}, {'avg_silhouette': 0.44287989584803594, 'num_points': 131}, {'avg_silhouette': 0.31631941622164517, 'num_points': 204}, {'avg_silhouette': 0.02248142921614029, 'num_points': 126}, {'avg_silhouette': 0.4221815672071898, 'num_points': 59}, {'avg_silhouette': 0.34745335268468497, 'num_points': 38}, {'avg_silhouette': 0.31305227930173923, 'num_points': 204}, {'avg_silhouette': 0.17025762962775828, 'num_points': 84}, {'avg_silhouette': 0.3332865994516831, 'num_points': 71}, {'avg_silhouette': 0.058634184206869853, 'num_points': 77}, {'avg_silhouette': 0.3524961654592245, 'num_points': 178}, {'avg_silhouette': -0.007484933363644874, 'num_points': 168}, {'avg_silhouette': 0.04402590923339908, 'num_points': 95}, {'avg_silhouette': 0.22240094784471245, 'num_points': 16}, {'avg_silhouette': 0.4566106056674465, 'num_points': 77}, {'avg_silhouette': 0.2510793174883163, 'num_points': 83}, {'avg_silhouette': -0.09268530617633164, 'num_points': 63}, {'avg_silhouette': 0.3354192033988753, 'num_points': 26}, {'avg_silhouette': 0.09031904033587501, 'num_points': 46}, {'avg_silhouette': 0.11960873336219625, 'num_points': 29}, {'avg_silhouette': 0.17655761560734473, 'num_points': 6}, {'avg_silhouette': 0.10048291306327917, 'num_points': 38}, {'avg_silhouette': 0.2024771423682872, 'num_points': 9}, {'avg_silhouette': 0.6856587657988288, 'num_points': 17}]",,29,0.30036878448033977,,7,0.3578960749167847
DBSCAN,,0.9499158227686102,"[{'avg_silhouette': 0.25237933540962787, 'num_points': 1905}, {'avg_silhouette': 0.3728255271795714, 'num_points': 88}, {'avg_silhouette': 0.7804630429683497, 'num_points': 16}, {'avg_silhouette': 0.43576381219877264, 'num_points': 7}, {'avg_silhouette': 0.5446279552771431, 'num_points': 121}, {'avg_silhouette': 0.37153145534231835, 'num_points': 13}, {'avg_silhouette': 0.7385287562950622, 'num_points': 176}, {'avg_silhouette': 0.4319760428758014, 'num_points': 13}, {'avg_silhouette': 0.48935123616093795, 'num_points': 56}, {'avg_silhouette': 0.5400378162395394, 'num_points': 32}, {'avg_silhouette': 0.5254082778698123, 'num_points': 17}, {'avg_silhouette': 0.3455019420971791, 'num_points': 22}, {'avg_silhouette': 0.533090970719955, 'num_points': 21}, {'avg_silhouette': 0.6840889639310828, 'num_points': 5}, {'avg_silhouette': 0.4630027509844267, 'num_points': 6}, {'avg_silhouette': 0.6532690529540274, 'num_points': 6}, {'avg_silhouette': 0.5336728298957402, 'num_points': 12}, {'avg_silhouette': 0.5327069339405794, 'num_points': 20}]",5.0,18,0.3003510059413417,,2,0.49545404585234504
DBSCAN,,0.9299158227686102,"[{'avg_silhouette': 0.25328623708099895, 'num_points': 1902}, {'avg_silhouette': 0.3725561703527174, 'num_points': 88}, {'avg_silhouette': 0.7803262295648428, 'num_points': 16}, {'avg_silhouette': 0.43549753824304716, 'num_points': 7}, {'avg_silhouette': 0.5443763663106513, 'num_points': 121}, {'avg_silhouette': 0.7383682805080342, 'num_points': 176}, {'avg_silhouette': 0.43169695648468137, 'num_points': 13}, {'avg_silhouette': 0.5011920775349856, 'num_points': 55}, {'avg_silhouette': 0.5397695184239005, 'num_points': 32}, {'avg_silhouette': 0.525176746672749, 'num_points': 17}, {'avg_silhouette': 0.3705363460333444, 'num_points': 21}, {'avg_silhouette': 0.5328443574756973, 'num_points': 21}, {'avg_silhouette': 0.6840480674171515, 'num_points': 5}, {'avg_silhouette': 0.4627641637040572, 'num_points': 6}, {'avg_silhouette': 0.3712428698454652, 'num_points': 13}, {'avg_silhouette': 0.6530896974453149, 'num_points': 6}, {'avg_silhouette': 0.5334071486391782, 'num_points': 12}, {'avg_silhouette': 0.5324231890476574, 'num_points': 20}]",5.0,18,0.30034425148307586,,2,0.49582725879451656
DBSCAN,,0.9199158227686102,"[{'avg_silhouette': 0.25328623708099895, 'num_points': 1902}, {'avg_silhouette': 0.3725561703527174, 'num_points': 88}, {'avg_silhouette': 0.7803262295648428, 'num_points': 16}, {'avg_silhouette': 0.43549753824304716, 'num_points': 7}, {'avg_silhouette': 0.5443763663106513, 'num_points': 121}, {'avg_silhouette': 0.7383682805080342, 'num_points': 176}, {'avg_silhouette': 0.43169695648468137, 'num_points': 13}, {'avg_silhouette': 0.5011920775349856, 'num_points': 55}, {'avg_silhouette': 0.5397695184239005, 'num_points': 32}, {'avg_silhouette': 0.525176746672749, 'num_points': 17}, {'avg_silhouette': 0.3705363460333444, 'num_points': 21}, {'avg_silhouette': 0.5328443574756973, 'num_points': 21}, {'avg_silhouette': 0.6840480674171515, 'num_points': 5}, {'avg_silhouette': 0.4627641637040572, 'num_points': 6}, {'avg_silhouette': 0.3712428698454652, 'num_points': 13}, {'avg_silhouette': 0.6530896974453149, 'num_points': 6}, {'avg_silhouette': 0.5334071486391782, 'num_points': 12}, {'avg_silhouette': 0.5324231890476574, 'num_points': 20}]",5.0,18,0.30034425148307586,,2,0.49582725879451656
DBSCAN,,0.9399158227686102,"[{'avg_silhouette': 0.25303453720957525, 'num_points': 1903}, {'avg_silhouette': 0.3726138729060427, 'num_points': 88}, {'avg_silhouette': 0.7803609596198408, 'num_points': 16}, {'avg_silhouette': 0.4355611123897548, 'num_points': 7}, {'avg_silhouette': 0.5444377775378387, 'num_points': 121}, {'avg_silhouette': 0.3713120151169994, 'num_points': 13}, {'avg_silhouette': 0.738408748052765, 'num_points': 176}, {'avg_silhouette': 0.4317636780514927, 'num_points': 13}, {'avg_silhouette': 0.50124406251661, 'num_points': 55}, {'avg_silhouette': 0.5398357651981506, 'num_points': 32}, {'avg_silhouette': 0.5252294962246562, 'num_points': 17}, {'avg_silhouette': 0.37058989844224155, 'num_points': 21}, {'avg_silhouette': 0.5329060574657353, 'num_points': 21}, {'avg_silhouette': 0.6840528608434729, 'num_points': 5}, {'avg_silhouette': 0.4628079798517764, 'num_points': 6}, {'avg_silhouette': 0.6531290100264296, 'num_points': 6}, {'avg_silhouette': 0.533477067899217, 'num_points': 12}, {'avg_silhouette': 0.5324974377493955, 'num_points': 20}]",5.0,18,0.3003226642631719,,2,0.49572164263117013
DBSCAN,,0.8799158227686101,"[{'avg_silhouette': 0.25422132121336083, 'num_points': 1898}, {'avg_silhouette': 0.3761410326013357, 'num_points': 87}, {'avg_silhouette': 0.7801482570876515, 'num_points': 16}, {'avg_silhouette': 0.4351888022721589, 'num_points': 7}, {'avg_silhouette': 0.5440417303024582, 'num_points': 121}, {'avg_silhouette': 0.7444398733332196, 'num_points': 175}, {'avg_silhouette': 0.4312771597699467, 'num_points': 13}, {'avg_silhouette': 0.5008893811079141, 'num_points': 55}, {'avg_silhouette': 0.5394070022664007, 'num_points': 32}, {'avg_silhouette': 0.524862691492712, 'num_points': 17}, {'avg_silhouette': 0.3702424975576992, 'num_points': 21}, {'avg_silhouette': 0.5325021078133757, 'num_points': 21}, {'avg_silhouette': 0.683897436059857, 'num_points': 5}, {'avg_silhouette': 0.46244939912637634, 'num_points': 6}, {'avg_silhouette': 0.3708294529590045, 'num_points': 13}, {'avg_silhouette': 0.6528476022549365, 'num_points': 6}, {'avg_silhouette': 0.5330419706205256, 'num_points': 12}, {'avg_silhouette': 0.5320459997191475, 'num_points': 20}]",5.0,18,0.3001693132663274,,2,0.4993305972732902
K-means,,,"[{'avg_silhouette': 0.05741095254838961, 'num_points': 112}, {'avg_silhouette': 0.43992842325418846, 'num_points': 299}, {'avg_silhouette': 0.39997505615297907, 'num_points': 154}, {'avg_silhouette': 0.6859099496444694, 'num_points': 181}, {'avg_silhouette': -0.12055918642435054, 'num_points': 8}, {'avg_silhouette': -0.04855202884228599, 'num_points': 14}, {'avg_silhouette': 0.2321871062349205, 'num_points': 52}, {'avg_silhouette': 0.459285469821042, 'num_points': 128}, {'avg_silhouette': 0.09303177257107746, 'num_points': 102}, {'avg_silhouette': 0.40834821232084173, 'num_points': 59}, {'avg_silhouette': 0.12388199587111348, 'num_points': 22}, {'avg_silhouette': -0.11881655876445157, 'num_points': 36}, {'avg_silhouette': -0.11365500317404592, 'num_points': 57}, {'avg_silhouette': 0.026963381021432066, 'num_points': 19}, {'avg_silhouette': 0.30556648156152655, 'num_points': 64}, {'avg_silhouette': 0.0909318612525271, 'num_points': 137}, {'avg_silhouette': 0.3437836538884409, 'num_points': 261}, {'avg_silhouette': 0.2808493546862222, 'num_points': 22}, {'avg_silhouette': -0.07486097776877984, 'num_points': 47}, {'avg_silhouette': 0.10681405110735426, 'num_points': 29}, {'avg_silhouette': 0.32827893474124736, 'num_points': 26}, {'avg_silhouette': 0.21448180876989453, 'num_points': 16}, {'avg_silhouette': 0.1802180269653178, 'num_points': 9}, {'avg_silhouette': 0.33527912935575066, 'num_points': 38}, {'avg_silhouette': 0.6565388249498855, 'num_points': 5}, {'avg_silhouette': 0.37815759854936587, 'num_points': 153}, {'avg_silhouette': 0.05670700319556373, 'num_points': 27}, {'avg_silhouette': 0.14654404922905492, 'num_points': 37}, {'avg_silhouette': 0.25987762389356195, 'num_points': 77}, {'avg_silhouette': -0.038445505748302425, 'num_points': 27}, {'avg_silhouette': 0.13019244137413855, 'num_points': 50}, {'avg_silhouette': 0.3492923819369547, 'num_points': 14}, {'avg_silhouette': 0.42492941058433786, 'num_points': 78}, {'avg_silhouette': 0.49622526970550035, 'num_points': 12}, {'avg_silhouette': 0.4075183390701229, 'num_points': 19}, {'avg_silhouette': 0.16830154438998343, 'num_points': 51}, {'avg_silhouette': 0.21381915374187505, 'num_points': 41}, {'avg_silhouette': 0.46715703266396014, 'num_points': 112}, {'avg_silhouette': 0.1603806939038869, 'num_points': 67}]",,39,0.2999814121938178,,6,0.38978109045699516
DBSCAN,,0.8599158227686101,"[{'avg_silhouette': 0.25407347380136025, 'num_points': 1897}, {'avg_silhouette': 0.38166318698219526, 'num_points': 86}, {'avg_silhouette': 0.780111813300371, 'num_points': 16}, {'avg_silhouette': 0.4351099503001287, 'num_points': 7}, {'avg_silhouette': 0.5439730052415443, 'num_points': 121}, {'avg_silhouette': 0.7443996447218374, 'num_points': 175}, {'avg_silhouette': 0.4311848259050495, 'num_points': 13}, {'avg_silhouette': 0.5008156552783355, 'num_points': 55}, {'avg_silhouette': 0.5393350443704408, 'num_points': 32}, {'avg_silhouette': 0.553091575885083, 'num_points': 16}, {'avg_silhouette': 0.3831502941802438, 'num_points': 20}, {'avg_silhouette': 0.5324317863590701, 'num_points': 21}, {'avg_silhouette': 0.6838793127967561, 'num_points': 5}, {'avg_silhouette': 0.462369504963112, 'num_points': 6}, {'avg_silhouette': 0.40076223562543234, 'num_points': 12}, {'avg_silhouette': 0.6528071573636403, 'num_points': 6}, {'avg_silhouette': 0.5329812260115214, 'num_points': 12}, {'avg_silhouette': 0.5319863778181321, 'num_points': 20}]",5.0,18,0.29925139174403476,,2,0.4992365592615988
DBSCAN,,0.8699158227686101,"[{'avg_silhouette': 0.2537904677559155, 'num_points': 1898}, {'avg_silhouette': 0.38174396515064796, 'num_points': 86}, {'avg_silhouette': 0.7801482570876515, 'num_points': 16}, {'avg_silhouette': 0.4351888022721589, 'num_points': 7}, {'avg_silhouette': 0.5440417303024582, 'num_points': 121}, {'avg_silhouette': 0.7444398733332196, 'num_points': 175}, {'avg_silhouette': 0.4312771597699467, 'num_points': 13}, {'avg_silhouette': 0.5008893811079141, 'num_points': 55}, {'avg_silhouette': 0.5394070022664007, 'num_points': 32}, {'avg_silhouette': 0.553159596798696, 'num_points': 16}, {'avg_silhouette': 0.38321519220983913, 'num_points': 20}, {'avg_silhouette': 0.5325021078133757, 'num_points': 21}, {'avg_silhouette': 0.683897436059857, 'num_points': 5}, {'avg_silhouette': 0.46244939912637634, 'num_points': 6}, {'avg_silhouette': 0.400817687872067, 'num_points': 12}, {'avg_silhouette': 0.6528476022549365, 'num_points': 6}, {'avg_silhouette': 0.5330419706205256, 'num_points': 12}, {'avg_silhouette': 0.5320459997191475, 'num_points': 20}]",5.0,18,0.2992283203239919,,2,0.49911517054456755
DBSCAN,,0.8499158227686101,"[{'avg_silhouette': 0.2542788234005529, 'num_points': 1896}, {'avg_silhouette': 0.3860150667010029, 'num_points': 85}, {'avg_silhouette': 0.780077775414572, 'num_points': 16}, {'avg_silhouette': 0.43505028772014614, 'num_points': 7}, {'avg_silhouette': 0.5439050785554495, 'num_points': 121}, {'avg_silhouette': 0.7443572707077828, 'num_points': 175}, {'avg_silhouette': 0.4310997968826734, 'num_points': 13}, {'avg_silhouette': 0.5007500166722848, 'num_points': 55}, {'avg_silhouette': 0.5392610958560997, 'num_points': 32}, {'avg_silhouette': 0.5530334966483134, 'num_points': 16}, {'avg_silhouette': 0.4000709725534534, 'num_points': 19}, {'avg_silhouette': 0.5323602128883194, 'num_points': 21}, {'avg_silhouette': 0.6838572193234644, 'num_points': 5}, {'avg_silhouette': 0.46230600891582796, 'num_points': 6}, {'avg_silhouette': 0.40068876089419514, 'num_points': 12}, {'avg_silhouette': 0.6527570488149853, 'num_points': 6}, {'avg_silhouette': 0.5329066906605106, 'num_points': 12}, {'avg_silhouette': 0.5319349606930251, 'num_points': 20}]",5.0,18,0.2989491311179582,,2,0.4993180470541678
DBSCAN,,0.8399158227686101,"[{'avg_silhouette': 0.25530839415426415, 'num_points': 1892}, {'avg_silhouette': 0.38577056229737067, 'num_points': 85}, {'avg_silhouette': 0.7799404851290271, 'num_points': 16}, {'avg_silhouette': 0.434808134938259, 'num_points': 7}, {'avg_silhouette': 0.5436547598338115, 'num_points': 121}, {'avg_silhouette': 0.7442011143588417, 'num_points': 175}, {'avg_silhouette': 0.4543169192884398, 'num_points': 12}, {'avg_silhouette': 0.5005260647514063, 'num_points': 55}, {'avg_silhouette': 0.5389944980674595, 'num_points': 32}, {'avg_silhouette': 0.5528157049098728, 'num_points': 16}, {'avg_silhouette': 0.39984757044703945, 'num_points': 19}, {'avg_silhouette': 0.532117237085305, 'num_points': 21}, {'avg_silhouette': 0.6837553680996798, 'num_points': 5}, {'avg_silhouette': 0.46208771238046525, 'num_points': 6}, {'avg_silhouette': 0.4003922570233501, 'num_points': 12}, {'avg_silhouette': 0.6525736671721242, 'num_points': 6}, {'avg_silhouette': 0.5326582193873566, 'num_points': 12}, {'avg_silhouette': 0.5316535720515094, 'num_points': 20}]",5.0,18,0.29875582432556996,,2,0.4997547542565529
AGGLC,ward,,"[{'avg_silhouette': -0.10051994042407139, 'num_points': 299}, {'avg_silhouette': 0.4072899312571606, 'num_points': 373}, {'avg_silhouette': -0.09326269630308043, 'num_points': 47}, {'avg_silhouette': 0.25865068170991756, 'num_points': 330}, {'avg_silhouette': 0.3489389309598131, 'num_points': 345}, {'avg_silhouette': 0.4918526043325864, 'num_points': 305}, {'avg_silhouette': 0.2813904081820066, 'num_points': 219}, {'avg_silhouette': -0.17218897194122995, 'num_points': 34}, {'avg_silhouette': 0.44906369864306755, 'num_points': 58}, {'avg_silhouette': -0.07523654203923447, 'num_points': 143}, {'avg_silhouette': 0.3546840717036248, 'num_points': 38}, {'avg_silhouette': 0.10313613358801585, 'num_points': 29}, {'avg_silhouette': 0.4685098539896085, 'num_points': 129}, {'avg_silhouette': 0.4249402111715671, 'num_points': 23}, {'avg_silhouette': 0.2986192023305487, 'num_points': 93}, {'avg_silhouette': 0.40076212503000147, 'num_points': 21}, {'avg_silhouette': 0.7263578479359833, 'num_points': 176}]",,17,0.2986468405588921,,8,0.2923404902392702
DBSCAN,,0.8299158227686101,"[{'avg_silhouette': 0.2565445958193838, 'num_points': 1887}, {'avg_silhouette': 0.38540855043781136, 'num_points': 85}, {'avg_silhouette': 0.7797507516217658, 'num_points': 16}, {'avg_silhouette': 0.4344451529164378, 'num_points': 7}, {'avg_silhouette': 0.5433293981916457, 'num_points': 121}, {'avg_silhouette': 0.7439995398872153, 'num_points': 175}, {'avg_silhouette': 0.45392289509564926, 'num_points': 12}, {'avg_silhouette': 0.5002054808214769, 'num_points': 55}, {'avg_silhouette': 0.538646399903115, 'num_points': 32}, {'avg_silhouette': 0.552529903329294, 'num_points': 16}, {'avg_silhouette': 0.42467189705913055, 'num_points': 17}, {'avg_silhouette': 0.5318222137857799, 'num_points': 21}, {'avg_silhouette': 0.6836659888816687, 'num_points': 5}, {'avg_silhouette': 0.4617726932846042, 'num_points': 6}, {'avg_silhouette': 0.4000292988820055, 'num_points': 12}, {'avg_silhouette': 0.652339355111769, 'num_points': 6}, {'avg_silhouette': 0.5323538735475514, 'num_points': 12}, {'avg_silhouette': 0.531284291807334, 'num_points': 20}]",5.0,18,0.2983560923786832,,2,0.5002720678532996
DBSCAN,,0.8199158227686101,"[{'avg_silhouette': 0.2569665560031785, 'num_points': 1885}, {'avg_silhouette': 0.385276826090776, 'num_points': 85}, {'avg_silhouette': 0.7796790568036789, 'num_points': 16}, {'avg_silhouette': 0.4343089482056893, 'num_points': 7}, {'avg_silhouette': 0.5431993833499437, 'num_points': 121}, {'avg_silhouette': 0.7439174566739756, 'num_points': 175}, {'avg_silhouette': 0.45377069681004006, 'num_points': 12}, {'avg_silhouette': 0.5000859015850798, 'num_points': 55}, {'avg_silhouette': 0.5385063227466798, 'num_points': 32}, {'avg_silhouette': 0.5524147677364895, 'num_points': 16}, {'avg_silhouette': 0.4392308411054786, 'num_points': 16}, {'avg_silhouette': 0.5316945267806992, 'num_points': 21}, {'avg_silhouette': 0.6836338377042077, 'num_points': 5}, {'avg_silhouette': 0.4616635554533182, 'num_points': 6}, {'avg_silhouette': 0.3998660586124898, 'num_points': 12}, {'avg_silhouette': 0.6522431166999206, 'num_points': 6}, {'avg_silhouette': 0.5322112741459301, 'num_points': 12}, {'avg_silhouette': 0.5311307921075725, 'num_points': 20}]",5.0,18,0.29812332325226126,,2,0.500442006338577
AGGLC,ward,,"[{'avg_silhouette': 0.4353582957744091, 'num_points': 326}, {'avg_silhouette': -0.08418239294918285, 'num_points': 299}, {'avg_silhouette': -0.15415188130806262, 'num_points': 177}, {'avg_silhouette': 0.2715242038519448, 'num_points': 330}, {'avg_silhouette': 0.4208731391847777, 'num_points': 373}, {'avg_silhouette': -0.09326269630308043, 'num_points': 47}, {'avg_silhouette': 0.2937188268100587, 'num_points': 219}, {'avg_silhouette': 0.7275199210004275, 'num_points': 176}, {'avg_silhouette': 0.45301862502131296, 'num_points': 58}, {'avg_silhouette': 0.35876353465136823, 'num_points': 345}, {'avg_silhouette': 0.3578415625296709, 'num_points': 38}, {'avg_silhouette': 0.11144312971936252, 'num_points': 29}, {'avg_silhouette': 0.4714184842395113, 'num_points': 129}, {'avg_silhouette': 0.42648186094107565, 'num_points': 23}, {'avg_silhouette': 0.3036700814889656, 'num_points': 93}]",,15,0.2966890876252383,,8,0.2836779558769676
AGGLC,ward,,"[{'avg_silhouette': -0.17906524133270152, 'num_points': 177}, {'avg_silhouette': -0.10044981765344885, 'num_points': 299}, {'avg_silhouette': -0.09326269630308043, 'num_points': 47}, {'avg_silhouette': 0.2589342813685832, 'num_points': 330}, {'avg_silhouette': 0.40751242766895024, 'num_points': 373}, {'avg_silhouette': 0.5093250038729645, 'num_points': 305}, {'avg_silhouette': 0.2813904081820066, 'num_points': 219}, {'avg_silhouette': 0.7263578479359833, 'num_points': 176}, {'avg_silhouette': 0.44906369864306755, 'num_points': 58}, {'avg_silhouette': 0.3520932107391895, 'num_points': 345}, {'avg_silhouette': 0.3546840717036248, 'num_points': 38}, {'avg_silhouette': 0.10313613358801585, 'num_points': 29}, {'avg_silhouette': 0.4686622417725501, 'num_points': 129}, {'avg_silhouette': 0.4249402111715671, 'num_points': 23}, {'avg_silhouette': 0.2986192023305487, 'num_points': 93}, {'avg_silhouette': 0.4013648513410208, 'num_points': 21}]",,16,0.2954784980567616,,8,0.2820122650976909
DBSCAN,,0.8099158227686101,"[{'avg_silhouette': 0.25365425345861514, 'num_points': 1883}, {'avg_silhouette': 0.38515012943873916, 'num_points': 85}, {'avg_silhouette': 0.7796190910803342, 'num_points': 16}, {'avg_silhouette': 0.4341967294339035, 'num_points': 7}, {'avg_silhouette': 0.5492173607704997, 'num_points': 120}, {'avg_silhouette': 0.7438457639271858, 'num_points': 175}, {'avg_silhouette': 0.4536287964908699, 'num_points': 12}, {'avg_silhouette': 0.4999701957787185, 'num_points': 55}, {'avg_silhouette': 0.5383832368440331, 'num_points': 32}, {'avg_silhouette': 0.5523095440842547, 'num_points': 16}, {'avg_silhouette': 0.45481404621772853, 'num_points': 15}, {'avg_silhouette': 0.5315697510042741, 'num_points': 21}, {'avg_silhouette': 0.6835899174761937, 'num_points': 5}, {'avg_silhouette': 0.5014504971518744, 'num_points': 5}, {'avg_silhouette': 0.39972910117099375, 'num_points': 12}, {'avg_silhouette': 0.8253406550146144, 'num_points': 5}, {'avg_silhouette': 0.5320839797450599, 'num_points': 12}, {'avg_silhouette': 0.5310171115935352, 'num_points': 20}]",5.0,18,0.2947989662628908,,2,0.4987500086929005
DBSCAN,,0.9599158227686102,"[{'avg_silhouette': 0.253375993350221, 'num_points': 1905}, {'avg_silhouette': 0.3727951603293686, 'num_points': 88}, {'avg_silhouette': 0.7804654677350779, 'num_points': 16}, {'avg_silhouette': 0.5446187085348444, 'num_points': 121}, {'avg_silhouette': 0.7385252383662937, 'num_points': 176}, {'avg_silhouette': 0.43199106375287877, 'num_points': 13}, {'avg_silhouette': 0.48932350497499716, 'num_points': 56}, {'avg_silhouette': 0.540030122987776, 'num_points': 32}, {'avg_silhouette': 0.49443648982929767, 'num_points': 18}, {'avg_silhouette': 0.34544630315218583, 'num_points': 22}, {'avg_silhouette': 0.5330830708265625, 'num_points': 21}, {'avg_silhouette': 0.37153995195947187, 'num_points': 13}, {'avg_silhouette': 0.5336676628062719, 'num_points': 12}, {'avg_silhouette': 0.5327036124147063, 'num_points': 20}]",10.0,14,0.29442581008690255,,2,0.49595061585825734
DBSCAN,,0.9899158227686102,"[{'avg_silhouette': 0.25265575923420475, 'num_points': 1907}, {'avg_silhouette': 0.3730062631273029, 'num_points': 88}, {'avg_silhouette': 0.7805672352461694, 'num_points': 16}, {'avg_silhouette': 0.5386035198553322, 'num_points': 122}, {'avg_silhouette': 0.7386448905125161, 'num_points': 176}, {'avg_silhouette': 0.4322027893597594, 'num_points': 13}, {'avg_silhouette': 0.4895190729580178, 'num_points': 56}, {'avg_silhouette': 0.540231587189598, 'num_points': 32}, {'avg_silhouette': 0.49462556973690336, 'num_points': 18}, {'avg_silhouette': 0.34565109428523244, 'num_points': 22}, {'avg_silhouette': 0.5332674602882658, 'num_points': 21}, {'avg_silhouette': 0.3717587571092925, 'num_points': 13}, {'avg_silhouette': 0.5338628575741664, 'num_points': 12}, {'avg_silhouette': 0.5329124856201224, 'num_points': 20}]",10.0,14,0.2943194521999182,,2,0.49565032487336047
DBSCAN,,0.9799158227686102,"[{'avg_silhouette': 0.25265575923420475, 'num_points': 1907}, {'avg_silhouette': 0.3730062631273029, 'num_points': 88}, {'avg_silhouette': 0.7805672352461694, 'num_points': 16}, {'avg_silhouette': 0.5386035198553322, 'num_points': 122}, {'avg_silhouette': 0.7386448905125161, 'num_points': 176}, {'avg_silhouette': 0.4322027893597594, 'num_points': 13}, {'avg_silhouette': 0.4895190729580178, 'num_points': 56}, {'avg_silhouette': 0.540231587189598, 'num_points': 32}, {'avg_silhouette': 0.49462556973690336, 'num_points': 18}, {'avg_silhouette': 0.34565109428523244, 'num_points': 22}, {'avg_silhouette': 0.5332674602882658, 'num_points': 21}, {'avg_silhouette': 0.3717587571092925, 'num_points': 13}, {'avg_silhouette': 0.5338628575741664, 'num_points': 12}, {'avg_silhouette': 0.5329124856201224, 'num_points': 20}]",10.0,14,0.2943194521999182,,2,0.49565032487336047
K-means,,,"[{'avg_silhouette': 0.16271929122191595, 'num_points': 63}, {'avg_silhouette': 0.1390816473863047, 'num_points': 99}, {'avg_silhouette': 0.31006855632147967, 'num_points': 71}, {'avg_silhouette': 0.3089629529747964, 'num_points': 261}, {'avg_silhouette': 0.10487677398721074, 'num_points': 19}, {'avg_silhouette': 0.7159250146375815, 'num_points': 176}, {'avg_silhouette': -0.10199238431143334, 'num_points': 14}, {'avg_silhouette': 0.40911980321201474, 'num_points': 59}, {'avg_silhouette': 0.06832010936968899, 'num_points': 24}, {'avg_silhouette': 0.40667322242729737, 'num_points': 195}, {'avg_silhouette': -0.0716558209851355, 'num_points': 36}, {'avg_silhouette': 0.4001664737651515, 'num_points': 142}, {'avg_silhouette': 0.18381751652493875, 'num_points': 26}, {'avg_silhouette': 0.47250867744860225, 'num_points': 115}, {'avg_silhouette': 0.10150195774012125, 'num_points': 124}, {'avg_silhouette': 0.3574574081167686, 'num_points': 37}, {'avg_silhouette': 0.43033610142126344, 'num_points': 77}, {'avg_silhouette': 0.029433712469131134, 'num_points': 25}, {'avg_silhouette': 0.11049204370716523, 'num_points': 28}, {'avg_silhouette': -0.08366220706844728, 'num_points': 6}, {'avg_silhouette': 0.43996977170049806, 'num_points': 144}, {'avg_silhouette': 0.48332481946410805, 'num_points': 7}, {'avg_silhouette': -0.1218761320019102, 'num_points': 62}, {'avg_silhouette': 0.6756413147902954, 'num_points': 17}, {'avg_silhouette': 0.14114180054261943, 'num_points': 35}, {'avg_silhouette': 0.5412249698461057, 'num_points': 6}, {'avg_silhouette': 0.3298497503045942, 'num_points': 32}, {'avg_silhouette': 0.6527449789542801, 'num_points': 5}, {'avg_silhouette': 0.12234135067752398, 'num_points': 76}, {'avg_silhouette': 0.491016622095973, 'num_points': 12}, {'avg_silhouette': 0.4044507674012934, 'num_points': 19}, {'avg_silhouette': -0.0785431382406915, 'num_points': 28}, {'avg_silhouette': 0.0654106471944389, 'num_points': 20}, {'avg_silhouette': 0.20351270497901155, 'num_points': 16}, {'avg_silhouette': 0.15172610069015277, 'num_points': 6}, {'avg_silhouette': 0.146179254625274, 'num_points': 83}, {'avg_silhouette': 0.37927386038481903, 'num_points': 21}, {'avg_silhouette': 0.12942317352825838, 'num_points': 67}, {'avg_silhouette': 0.28664468236624824, 'num_points': 48}, {'avg_silhouette': 0.34476531572964886, 'num_points': 14}, {'avg_silhouette': 0.37659071724713655, 'num_points': 124}, {'avg_silhouette': 0.24057901875323617, 'num_points': 75}, {'avg_silhouette': 0.06672963401758797, 'num_points': 64}, {'avg_silhouette': 0.03870052783198841, 'num_points': 13}, {'avg_silhouette': 0.2861220087368974, 'num_points': 22}, {'avg_silhouette': 0.39345347757869675, 'num_points': 4}, {'avg_silhouette': 0.26152082255231074, 'num_points': 6}, {'avg_silhouette': 0.11242946824188461, 'num_points': 39}]",,48,0.29431824454606664,,5,0.454339487101065
DBSCAN,,0.9699158227686102,"[{'avg_silhouette': 0.25265575923420475, 'num_points': 1907}, {'avg_silhouette': 0.3730062631273029, 'num_points': 88}, {'avg_silhouette': 0.7805672352461694, 'num_points': 16}, {'avg_silhouette': 0.5448083403240376, 'num_points': 121}, {'avg_silhouette': 0.7386448905125161, 'num_points': 176}, {'avg_silhouette': 0.4322027893597594, 'num_points': 13}, {'avg_silhouette': 0.4895190729580178, 'num_points': 56}, {'avg_silhouette': 0.540231587189598, 'num_points': 32}, {'avg_silhouette': 0.49462556973690336, 'num_points': 18}, {'avg_silhouette': 0.34565109428523244, 'num_points': 22}, {'avg_silhouette': 0.5332674602882658, 'num_points': 21}, {'avg_silhouette': 0.3717587571092925, 'num_points': 13}, {'avg_silhouette': 0.5338628575741664, 'num_points': 12}, {'avg_silhouette': 0.5329124856201224, 'num_points': 20}]",10.0,14,0.2942692153812381,,2,0.49565032487336047
DBSCAN,,0.9999158227686102,"[{'avg_silhouette': 0.2523099856937648, 'num_points': 1908}, {'avg_silhouette': 0.37310378920707665, 'num_points': 88}, {'avg_silhouette': 0.7806191030850027, 'num_points': 16}, {'avg_silhouette': 0.5386939258039551, 'num_points': 122}, {'avg_silhouette': 0.7387027941624414, 'num_points': 176}, {'avg_silhouette': 0.43231948269947396, 'num_points': 13}, {'avg_silhouette': 0.4896088453299678, 'num_points': 56}, {'avg_silhouette': 0.540327193020677, 'num_points': 32}, {'avg_silhouette': 0.49471283890493034, 'num_points': 18}, {'avg_silhouette': 0.34573536427084284, 'num_points': 22}, {'avg_silhouette': 0.5333560819465549, 'num_points': 21}, {'avg_silhouette': 0.37187921822811487, 'num_points': 13}, {'avg_silhouette': 0.5339575287727952, 'num_points': 12}, {'avg_silhouette': 0.5330184081861733, 'num_points': 20}]",10.0,14,0.29424958915793975,,2,0.49550638992810314
DBSCAN,,0.9499158227686102,"[{'avg_silhouette': 0.25375055465316954, 'num_points': 1903}, {'avg_silhouette': 0.3726138729060427, 'num_points': 88}, {'avg_silhouette': 0.7803609596198408, 'num_points': 16}, {'avg_silhouette': 0.5444377775378387, 'num_points': 121}, {'avg_silhouette': 0.738408748052765, 'num_points': 176}, {'avg_silhouette': 0.4317636780514927, 'num_points': 13}, {'avg_silhouette': 0.48915514572044566, 'num_points': 56}, {'avg_silhouette': 0.5398357651981506, 'num_points': 32}, {'avg_silhouette': 0.5252294962246562, 'num_points': 17}, {'avg_silhouette': 0.34529665465179443, 'num_points': 22}, {'avg_silhouette': 0.5329060574657353, 'num_points': 21}, {'avg_silhouette': 0.3713120151169994, 'num_points': 13}, {'avg_silhouette': 0.533477067899217, 'num_points': 12}, {'avg_silhouette': 0.5324974377493955, 'num_points': 20}]",10.0,14,0.2941827821039906,,2,0.4960796513529673
K-means,,,"[{'avg_silhouette': 0.3029594621863652, 'num_points': 197}, {'avg_silhouette': 0.04813285144055805, 'num_points': 53}, {'avg_silhouette': 0.4428569655044264, 'num_points': 78}, {'avg_silhouette': 0.07262392517720305, 'num_points': 94}, {'avg_silhouette': 0.6953605880679701, 'num_points': 180}, {'avg_silhouette': 0.46713074738756105, 'num_points': 128}, {'avg_silhouette': 0.00683637613979679, 'num_points': 160}, {'avg_silhouette': 0.43786410609974885, 'num_points': 350}, {'avg_silhouette': -0.03805399337634972, 'num_points': 9}, {'avg_silhouette': 0.13382920861618167, 'num_points': 96}, {'avg_silhouette': 0.0698018285009244, 'num_points': 104}, {'avg_silhouette': 0.03404731024665391, 'num_points': 26}, {'avg_silhouette': -0.10429685767178407, 'num_points': 46}, {'avg_silhouette': 0.6546812054478904, 'num_points': 5}, {'avg_silhouette': 0.3167886013618496, 'num_points': 180}, {'avg_silhouette': 0.4199865752055513, 'num_points': 59}, {'avg_silhouette': 0.27078136393031155, 'num_points': 79}, {'avg_silhouette': 0.32739719996146643, 'num_points': 39}, {'avg_silhouette': 0.05163446218508255, 'num_points': 68}, {'avg_silhouette': 0.33168796251579236, 'num_points': 26}, {'avg_silhouette': 0.09120634915047858, 'num_points': 39}, {'avg_silhouette': 0.3804069530563243, 'num_points': 169}, {'avg_silhouette': 0.10732186150371846, 'num_points': 29}, {'avg_silhouette': 0.49923273600857154, 'num_points': 12}, {'avg_silhouette': 0.41389332439251436, 'num_points': 19}, {'avg_silhouette': -0.14275481005695018, 'num_points': 38}, {'avg_silhouette': 0.3395579793218633, 'num_points': 22}, {'avg_silhouette': 0.31223855013738394, 'num_points': 48}, {'avg_silhouette': 0.16774658918194343, 'num_points': 67}, {'avg_silhouette': 0.6858611963635115, 'num_points': 17}, {'avg_silhouette': 0.11935204597613391, 'num_points': 74}, {'avg_silhouette': 0.3932415519807992, 'num_points': 151}]",,32,0.2941718609172881,,7,0.3619225198418362
DBSCAN,,0.8999158227686102,"[{'avg_silhouette': 0.25441706509513684, 'num_points': 1900}, {'avg_silhouette': 0.3724367958810676, 'num_points': 88}, {'avg_silhouette': 0.7802525020734532, 'num_points': 16}, {'avg_silhouette': 0.5442441085634878, 'num_points': 121}, {'avg_silhouette': 0.7382800082353266, 'num_points': 176}, {'avg_silhouette': 0.5010863341128075, 'num_points': 55}, {'avg_silhouette': 0.4315290352591197, 'num_points': 13}, {'avg_silhouette': 0.5396258652362746, 'num_points': 32}, {'avg_silhouette': 0.5250558574801794, 'num_points': 17}, {'avg_silhouette': 0.37044093885400964, 'num_points': 21}, {'avg_silhouette': 0.5327091929114268, 'num_points': 21}, {'avg_silhouette': 0.5332581893500937, 'num_points': 12}, {'avg_silhouette': 0.371081410027701, 'num_points': 13}, {'avg_silhouette': 0.5322641435399507, 'num_points': 20}]",10.0,14,0.29402986947803245,,2,0.4963485366652317
DBSCAN,,0.9099158227686102,"[{'avg_silhouette': 0.25415905308059306, 'num_points': 1901}, {'avg_silhouette': 0.3724882528865624, 'num_points': 88}, {'avg_silhouette': 0.7802824018573716, 'num_points': 16}, {'avg_silhouette': 0.5443022764850796, 'num_points': 121}, {'avg_silhouette': 0.7383191541337598, 'num_points': 176}, {'avg_silhouette': 0.5011299895664695, 'num_points': 55}, {'avg_silhouette': 0.4316026244506732, 'num_points': 13}, {'avg_silhouette': 0.5396892646454496, 'num_points': 32}, {'avg_silhouette': 0.5251084843633417, 'num_points': 17}, {'avg_silhouette': 0.37047898438808, 'num_points': 21}, {'avg_silhouette': 0.5327714032485994, 'num_points': 21}, {'avg_silhouette': 0.5333252036096108, 'num_points': 12}, {'avg_silhouette': 0.3711419133852906, 'num_points': 13}, {'avg_silhouette': 0.5323341057534685, 'num_points': 20}]",10.0,14,0.29400348276615423,,2,0.49623910360717643
DBSCAN,,0.9299158227686102,"[{'avg_silhouette': 0.2538564119837638, 'num_points': 1902}, {'avg_silhouette': 0.3725561703527174, 'num_points': 88}, {'avg_silhouette': 0.7803262295648428, 'num_points': 16}, {'avg_silhouette': 0.5443763663106513, 'num_points': 121}, {'avg_silhouette': 0.7383682805080342, 'num_points': 176}, {'avg_silhouette': 0.43169695648468137, 'num_points': 13}, {'avg_silhouette': 0.5011920775349856, 'num_points': 55}, {'avg_silhouette': 0.5397695184239005, 'num_points': 32}, {'avg_silhouette': 0.525176746672749, 'num_points': 17}, {'avg_silhouette': 0.3705363460333444, 'num_points': 21}, {'avg_silhouette': 0.5328443574756973, 'num_points': 21}, {'avg_silhouette': 0.5334071486391782, 'num_points': 12}, {'avg_silhouette': 0.3712428698454652, 'num_points': 13}, {'avg_silhouette': 0.5324231890476574, 'num_points': 20}]",10.0,14,0.2939509101778682,,2,0.49611234624589895
DBSCAN,,0.9199158227686102,"[{'avg_silhouette': 0.2538564119837638, 'num_points': 1902}, {'avg_silhouette': 0.3725561703527174, 'num_points': 88}, {'avg_silhouette': 0.7803262295648428, 'num_points': 16}, {'avg_silhouette': 0.5443763663106513, 'num_points': 121}, {'avg_silhouette': 0.7383682805080342, 'num_points': 176}, {'avg_silhouette': 0.43169695648468137, 'num_points': 13}, {'avg_silhouette': 0.5011920775349856, 'num_points': 55}, {'avg_silhouette': 0.5397695184239005, 'num_points': 32}, {'avg_silhouette': 0.525176746672749, 'num_points': 17}, {'avg_silhouette': 0.3705363460333444, 'num_points': 21}, {'avg_silhouette': 0.5328443574756973, 'num_points': 21}, {'avg_silhouette': 0.5334071486391782, 'num_points': 12}, {'avg_silhouette': 0.3712428698454652, 'num_points': 13}, {'avg_silhouette': 0.5324231890476574, 'num_points': 20}]",10.0,14,0.2939509101778682,,2,0.49611234624589895
DBSCAN,,0.9399158227686102,"[{'avg_silhouette': 0.25361687960155, 'num_points': 1903}, {'avg_silhouette': 0.3726138729060427, 'num_points': 88}, {'avg_silhouette': 0.7803609596198408, 'num_points': 16}, {'avg_silhouette': 0.5444377775378387, 'num_points': 121}, {'avg_silhouette': 0.738408748052765, 'num_points': 176}, {'avg_silhouette': 0.4317636780514927, 'num_points': 13}, {'avg_silhouette': 0.50124406251661, 'num_points': 55}, {'avg_silhouette': 0.5398357651981506, 'num_points': 32}, {'avg_silhouette': 0.5252294962246562, 'num_points': 17}, {'avg_silhouette': 0.37058989844224155, 'num_points': 21}, {'avg_silhouette': 0.5329060574657353, 'num_points': 21}, {'avg_silhouette': 0.3713120151169994, 'num_points': 13}, {'avg_silhouette': 0.533477067899217, 'num_points': 12}, {'avg_silhouette': 0.5324974377493955, 'num_points': 20}]",10.0,14,0.2939373620644696,,2,0.4960128138271575
DBSCAN,,0.8899158227686101,"[{'avg_silhouette': 0.25513147967016675, 'num_points': 1898}, {'avg_silhouette': 0.3722266209954988, 'num_points': 88}, {'avg_silhouette': 0.7801482570876515, 'num_points': 16}, {'avg_silhouette': 0.5440417303024582, 'num_points': 121}, {'avg_silhouette': 0.7381531966113729, 'num_points': 176}, {'avg_silhouette': 0.5008893811079141, 'num_points': 55}, {'avg_silhouette': 0.4312771597699467, 'num_points': 13}, {'avg_silhouette': 0.5394070022664007, 'num_points': 32}, {'avg_silhouette': 0.524862691492712, 'num_points': 17}, {'avg_silhouette': 0.3946387556122537, 'num_points': 19}, {'avg_silhouette': 0.5325021078133757, 'num_points': 21}, {'avg_silhouette': 0.5330419706205256, 'num_points': 12}, {'avg_silhouette': 0.3708294529590045, 'num_points': 13}, {'avg_silhouette': 0.5320459997191475, 'num_points': 20}]",10.0,14,0.29378842471133587,,2,0.49664233814076986
DBSCAN,,0.7999158227686101,"[{'avg_silhouette': 0.25359807341590995, 'num_points': 1883}, {'avg_silhouette': 0.3990974962764895, 'num_points': 81}, {'avg_silhouette': 0.7796190910803342, 'num_points': 16}, {'avg_silhouette': 0.5492173607704997, 'num_points': 120}, {'avg_silhouette': 0.7438457639271858, 'num_points': 175}, {'avg_silhouette': 0.4536287964908699, 'num_points': 12}, {'avg_silhouette': 0.4999701957787185, 'num_points': 55}, {'avg_silhouette': 0.5383832368440331, 'num_points': 32}, {'avg_silhouette': 0.5523095440842547, 'num_points': 16}, {'avg_silhouette': 0.45481404621772853, 'num_points': 15}, {'avg_silhouette': 0.5315697510042741, 'num_points': 21}, {'avg_silhouette': 0.6835899174761937, 'num_points': 5}, {'avg_silhouette': 0.5014504971518744, 'num_points': 5}, {'avg_silhouette': 0.39972910117099375, 'num_points': 12}, {'avg_silhouette': 0.8253406550146144, 'num_points': 5}, {'avg_silhouette': 0.4787334124981335, 'num_points': 6}, {'avg_silhouette': 0.5320839797450599, 'num_points': 12}, {'avg_silhouette': 0.5310171115935352, 'num_points': 20}]",5.0,18,0.2937258368977467,,2,0.4987219186715479
K-means,,,"[{'avg_silhouette': 0.06593941281446933, 'num_points': 43}, {'avg_silhouette': 0.05527095452333524, 'num_points': 46}, {'avg_silhouette': 0.46460594452517284, 'num_points': 353}, {'avg_silhouette': 0.12307523582097306, 'num_points': 30}, {'avg_silhouette': 0.3979337416745466, 'num_points': 335}, {'avg_silhouette': 0.4176146422213069, 'num_points': 136}, {'avg_silhouette': 0.7006785069229001, 'num_points': 180}, {'avg_silhouette': -0.01020770640574323, 'num_points': 273}, {'avg_silhouette': 0.13347028434595948, 'num_points': 87}, {'avg_silhouette': -0.04982072258784962, 'num_points': 25}, {'avg_silhouette': 0.6883978666764198, 'num_points': 17}, {'avg_silhouette': 0.09935985307004216, 'num_points': 123}, {'avg_silhouette': 0.3245405113598422, 'num_points': 210}, {'avg_silhouette': -0.14291483600101393, 'num_points': 75}, {'avg_silhouette': 0.29286409217089493, 'num_points': 319}, {'avg_silhouette': 0.30410910592263074, 'num_points': 204}, {'avg_silhouette': -0.016526139601552813, 'num_points': 74}, {'avg_silhouette': 0.3163107526704897, 'num_points': 73}, {'avg_silhouette': 0.432197755478807, 'num_points': 59}]",,19,0.29341452838841314,,8,0.3615173547989438
DBSCAN,,0.78991582276861,"[{'avg_silhouette': 0.2539460811420485, 'num_points': 1881}, {'avg_silhouette': 0.3989685991745626, 'num_points': 81}, {'avg_silhouette': 0.7795451819015357, 'num_points': 16}, {'avg_silhouette': 0.5490804161716859, 'num_points': 120}, {'avg_silhouette': 0.7437527781711674, 'num_points': 175}, {'avg_silhouette': 0.49983333771777516, 'num_points': 55}, {'avg_silhouette': 0.45346622219282384, 'num_points': 12}, {'avg_silhouette': 0.5382346275726755, 'num_points': 32}, {'avg_silhouette': 0.5521753007377186, 'num_points': 16}, {'avg_silhouette': 0.45469234390853275, 'num_points': 15}, {'avg_silhouette': 0.5314262932921839, 'num_points': 21}, {'avg_silhouette': 0.6835397947770459, 'num_points': 5}, {'avg_silhouette': 0.5012965000308862, 'num_points': 5}, {'avg_silhouette': 0.8252767439747999, 'num_points': 5}, {'avg_silhouette': 0.42139846655979485, 'num_points': 11}, {'avg_silhouette': 0.4786082945331806, 'num_points': 6}, {'avg_silhouette': 0.5319389658013993, 'num_points': 12}, {'avg_silhouette': 0.5308893473394185, 'num_points': 20}]",5.0,18,0.2933973518536515,,2,0.49884942965660795
DBSCAN,,0.8799158227686101,"[{'avg_silhouette': 0.25504037732926266, 'num_points': 1897}, {'avg_silhouette': 0.3760547766193006, 'num_points': 87}, {'avg_silhouette': 0.7801048886380081, 'num_points': 16}, {'avg_silhouette': 0.5439621176722969, 'num_points': 121}, {'avg_silhouette': 0.7443908834232543, 'num_points': 175}, {'avg_silhouette': 0.5008142089326598, 'num_points': 55}, {'avg_silhouette': 0.4311786298806653, 'num_points': 13}, {'avg_silhouette': 0.5393216623719544, 'num_points': 32}, {'avg_silhouette': 0.524795542001798, 'num_points': 17}, {'avg_silhouette': 0.39456276672889695, 'num_points': 19}, {'avg_silhouette': 0.5324262607758868, 'num_points': 21}, {'avg_silhouette': 0.5329589323447579, 'num_points': 12}, {'avg_silhouette': 0.37072461212461744, 'num_points': 13}, {'avg_silhouette': 0.5319552899882704, 'num_points': 20}]",10.0,14,0.2933802588242243,,2,0.4997156303762585
K-means,,,"[{'avg_silhouette': 0.4120372076691642, 'num_points': 179}, {'avg_silhouette': 0.45304598582238215, 'num_points': 294}, {'avg_silhouette': 0.3047501497202824, 'num_points': 9}, {'avg_silhouette': 0.3160204879419199, 'num_points': 225}, {'avg_silhouette': 0.5744884578649438, 'num_points': 164}, {'avg_silhouette': 0.37910769374011205, 'num_points': 155}, {'avg_silhouette': 0.0, 'num_points': 1}, {'avg_silhouette': 0.19986008731100205, 'num_points': 41}, {'avg_silhouette': 0.33884546671259175, 'num_points': 188}, {'avg_silhouette': 0.3471212309998113, 'num_points': 37}, {'avg_silhouette': 0.4281647054354457, 'num_points': 77}, {'avg_silhouette': 0.6747506160534517, 'num_points': 17}, {'avg_silhouette': 0.13704823606231187, 'num_points': 11}, {'avg_silhouette': 0.05997187960795298, 'num_points': 42}, {'avg_silhouette': 0.32619567101766944, 'num_points': 26}, {'avg_silhouette': 0.24297291441275226, 'num_points': 58}, {'avg_silhouette': 0.04532491573292408, 'num_points': 77}, {'avg_silhouette': -0.08419696703381754, 'num_points': 36}, {'avg_silhouette': -0.11652335913899171, 'num_points': 39}, {'avg_silhouette': 0.22131820054110243, 'num_points': 39}, {'avg_silhouette': 0.17891595510868769, 'num_points': 9}, {'avg_silhouette': 0.08738764999095615, 'num_points': 87}, {'avg_silhouette': 0.48477345266870364, 'num_points': 7}, {'avg_silhouette': 0.3903361044956738, 'num_points': 58}, {'avg_silhouette': 0.4276833092858934, 'num_points': 20}, {'avg_silhouette': -0.11174659106365037, 'num_points': 7}, {'avg_silhouette': -0.044367630214460774, 'num_points': 38}, {'avg_silhouette': 0.12947622443340137, 'num_points': 85}, {'avg_silhouette': 0.10542813388618694, 'num_points': 70}, {'avg_silhouette': 0.3492971361872343, 'num_points': 14}, {'avg_silhouette': 0.09708526276256288, 'num_points': 29}, {'avg_silhouette': 0.08496468699248626, 'num_points': 109}, {'avg_silhouette': 0.07447832275292737, 'num_points': 23}, {'avg_silhouette': 0.46617090520439214, 'num_points': 99}, {'avg_silhouette': 0.24490022809925432, 'num_points': 15}, {'avg_silhouette': 0.0, 'num_points': 1}, {'avg_silhouette': -0.07648351356614409, 'num_points': 17}, {'avg_silhouette': 0.18064546165962347, 'num_points': 51}, {'avg_silhouette': -0.12619602765331914, 'num_points': 21}, {'avg_silhouette': 0.20832017902889122, 'num_points': 62}, {'avg_silhouette': 0.6562119339330466, 'num_points': 5}, {'avg_silhouette': 0.03421802477707038, 'num_points': 16}, {'avg_silhouette': 0.33255870066912113, 'num_points': 61}, {'avg_silhouette': 0.32704009327329925, 'num_points': 24}, {'avg_silhouette': 0.40597055282524375, 'num_points': 19}]",,45,0.2930795423099274,,6,0.412257549958519
DBSCAN,,0.77991582276861,"[{'avg_silhouette': 0.2547386107426562, 'num_points': 1878}, {'avg_silhouette': 0.4023621148640034, 'num_points': 80}, {'avg_silhouette': 0.7794378188252866, 'num_points': 16}, {'avg_silhouette': 0.5541974232011047, 'num_points': 119}, {'avg_silhouette': 0.7436312819996169, 'num_points': 175}, {'avg_silhouette': 0.510764818067582, 'num_points': 54}, {'avg_silhouette': 0.45322019346350856, 'num_points': 12}, {'avg_silhouette': 0.5380278868521907, 'num_points': 32}, {'avg_silhouette': 0.5519973381176216, 'num_points': 16}, {'avg_silhouette': 0.45447221435630314, 'num_points': 15}, {'avg_silhouette': 0.5312432570104628, 'num_points': 21}, {'avg_silhouette': 0.6834658465782515, 'num_points': 5}, {'avg_silhouette': 0.5010930547622655, 'num_points': 5}, {'avg_silhouette': 0.8251933459180518, 'num_points': 5}, {'avg_silhouette': 0.42117716834577057, 'num_points': 11}, {'avg_silhouette': 0.47839406910330107, 'num_points': 6}, {'avg_silhouette': 0.5317632559750566, 'num_points': 12}, {'avg_silhouette': 0.530670005743428, 'num_points': 20}]",5.0,18,0.293008196465582,,2,0.49918494637113653
DBSCAN,,0.8599158227686101,"[{'avg_silhouette': 0.25474421917426354, 'num_points': 1896}, {'avg_silhouette': 0.3815764578422853, 'num_points': 86}, {'avg_silhouette': 0.7800683877198662, 'num_points': 16}, {'avg_silhouette': 0.543893289294264, 'num_points': 121}, {'avg_silhouette': 0.7443505920323209, 'num_points': 175}, {'avg_silhouette': 0.5007403811667195, 'num_points': 55}, {'avg_silhouette': 0.4310861623014298, 'num_points': 13}, {'avg_silhouette': 0.5392495945868119, 'num_points': 32}, {'avg_silhouette': 0.5530282393715334, 'num_points': 16}, {'avg_silhouette': 0.4121906418532216, 'num_points': 18}, {'avg_silhouette': 0.5323558389867331, 'num_points': 21}, {'avg_silhouette': 0.5328980894884381, 'num_points': 12}, {'avg_silhouette': 0.418491567285082, 'num_points': 11}, {'avg_silhouette': 0.5318955653175512, 'num_points': 20}]",10.0,14,0.2921072179782475,,2,0.49954740560329225
DBSCAN,,0.8699158227686101,"[{'avg_silhouette': 0.2544662951345042, 'num_points': 1897}, {'avg_silhouette': 0.38165734917784294, 'num_points': 86}, {'avg_silhouette': 0.7801048886380081, 'num_points': 16}, {'avg_silhouette': 0.5439621176722969, 'num_points': 121}, {'avg_silhouette': 0.7443908834232543, 'num_points': 175}, {'avg_silhouette': 0.5008142089326598, 'num_points': 55}, {'avg_silhouette': 0.4311786298806653, 'num_points': 13}, {'avg_silhouette': 0.5393216623719544, 'num_points': 32}, {'avg_silhouette': 0.5530963503958208, 'num_points': 16}, {'avg_silhouette': 0.4122561610702051, 'num_points': 18}, {'avg_silhouette': 0.5324262607758868, 'num_points': 21}, {'avg_silhouette': 0.5329589323447579, 'num_points': 12}, {'avg_silhouette': 0.4185530627522334, 'num_points': 11}, {'avg_silhouette': 0.5319552899882704, 'num_points': 20}]",10.0,14,0.2920874153815298,,2,0.49942858927887923
DBSCAN,,0.8499158227686101,"[{'avg_silhouette': 0.25518680625350215, 'num_points': 1894}, {'avg_silhouette': 0.3858429818769619, 'num_points': 85}, {'avg_silhouette': 0.7799893054795781, 'num_points': 16}, {'avg_silhouette': 0.5437470467134107, 'num_points': 121}, {'avg_silhouette': 0.7442594266595435, 'num_points': 175}, {'avg_silhouette': 0.5005898477050841, 'num_points': 55}, {'avg_silhouette': 0.4309225642799979, 'num_points': 13}, {'avg_silhouette': 0.5390930604792294, 'num_points': 32}, {'avg_silhouette': 0.552892877198577, 'num_points': 16}, {'avg_silhouette': 0.4250822326145822, 'num_points': 17}, {'avg_silhouette': 0.5322171358613312, 'num_points': 21}, {'avg_silhouette': 0.5327595387743919, 'num_points': 12}, {'avg_silhouette': 0.4183453366285569, 'num_points': 11}, {'avg_silhouette': 0.5317794307712465, 'num_points': 20}]",10.0,14,0.291726894923636,,2,0.4997231164565228
DBSCAN,,0.76991582276861,"[{'avg_silhouette': 0.25470390656795705, 'num_points': 1874}, {'avg_silhouette': 0.4020684911817745, 'num_points': 80}, {'avg_silhouette': 0.7792910918806671, 'num_points': 16}, {'avg_silhouette': 0.5591941101874528, 'num_points': 118}, {'avg_silhouette': 0.7434503361075866, 'num_points': 175}, {'avg_silhouette': 0.5104996308000148, 'num_points': 54}, {'avg_silhouette': 0.4528687310501081, 'num_points': 12}, {'avg_silhouette': 0.5377177345452562, 'num_points': 32}, {'avg_silhouette': 0.5785269600182456, 'num_points': 15}, {'avg_silhouette': 0.45420844357352547, 'num_points': 15}, {'avg_silhouette': 0.5309403528393479, 'num_points': 21}, {'avg_silhouette': 0.6833493863284534, 'num_points': 5}, {'avg_silhouette': 0.5008111510360473, 'num_points': 5}, {'avg_silhouette': 0.8250670360917542, 'num_points': 5}, {'avg_silhouette': 0.42085310398093406, 'num_points': 11}, {'avg_silhouette': 0.4781467888958031, 'num_points': 6}, {'avg_silhouette': 0.5314453410867351, 'num_points': 12}, {'avg_silhouette': 0.5517779134836058, 'num_points': 19}]",5.0,18,0.2916967747367484,,2,0.4990771213377718
K-means,,,"[{'avg_silhouette': 0.41913554869804104, 'num_points': 59}, {'avg_silhouette': 0.09763699709896641, 'num_points': 42}, {'avg_silhouette': -0.055628451139616605, 'num_points': 80}, {'avg_silhouette': 0.6914131724702388, 'num_points': 180}, {'avg_silhouette': 0.30889141270212994, 'num_points': 66}, {'avg_silhouette': 0.42178419716037324, 'num_points': 133}, {'avg_silhouette': 0.34159254401992234, 'num_points': 207}, {'avg_silhouette': 0.1275164334327589, 'num_points': 7}, {'avg_silhouette': 0.40010870042744434, 'num_points': 324}, {'avg_silhouette': -0.018458122671864717, 'num_points': 105}, {'avg_silhouette': 0.12880425269035956, 'num_points': 95}, {'avg_silhouette': 0.03995215416438213, 'num_points': 28}, {'avg_silhouette': 0.3546676283264679, 'num_points': 25}, {'avg_silhouette': 0.1604855853856772, 'num_points': 70}, {'avg_silhouette': 0.07952183776016548, 'num_points': 90}, {'avg_silhouette': 0.27229236924602, 'num_points': 203}, {'avg_silhouette': 0.20403768495825303, 'num_points': 70}, {'avg_silhouette': 0.2177372558139551, 'num_points': 16}, {'avg_silhouette': 0.35431289681801004, 'num_points': 187}, {'avg_silhouette': 0.44418193593034816, 'num_points': 76}, {'avg_silhouette': 0.4364365156699257, 'num_points': 34}, {'avg_silhouette': 0.33414291534897783, 'num_points': 235}, {'avg_silhouette': 0.10871115005924459, 'num_points': 120}, {'avg_silhouette': 0.0670320166460845, 'num_points': 32}, {'avg_silhouette': 0.3961203145719325, 'num_points': 21}, {'avg_silhouette': -0.11636139594098695, 'num_points': 36}, {'avg_silhouette': 0.045478635875090906, 'num_points': 8}, {'avg_silhouette': 0.2752426077175134, 'num_points': 6}, {'avg_silhouette': 0.40957337757404555, 'num_points': 19}, {'avg_silhouette': 0.17307222188315874, 'num_points': 88}]",,30,0.29150865536164516,,6,0.3989770997217689
K-means,,,"[{'avg_silhouette': 0.12891309591848615, 'num_points': 69}, {'avg_silhouette': 0.2652798714717326, 'num_points': 79}, {'avg_silhouette': 0.09300576943546748, 'num_points': 88}, {'avg_silhouette': -0.05223396827167653, 'num_points': 28}, {'avg_silhouette': 0.3166632455708085, 'num_points': 65}, {'avg_silhouette': 0.31519137892879223, 'num_points': 196}, {'avg_silhouette': -0.06797617688663013, 'num_points': 18}, {'avg_silhouette': -0.04179294671626147, 'num_points': 14}, {'avg_silhouette': 0.3704651020382949, 'num_points': 25}, {'avg_silhouette': 0.3998470618722212, 'num_points': 176}, {'avg_silhouette': -0.10980851168209224, 'num_points': 13}, {'avg_silhouette': 0.3529767084469101, 'num_points': 37}, {'avg_silhouette': 0.36869175487669376, 'num_points': 44}, {'avg_silhouette': 0.41963783747080247, 'num_points': 228}, {'avg_silhouette': 0.04793191663903631, 'num_points': 92}, {'avg_silhouette': 0.3840952724449849, 'num_points': 157}, {'avg_silhouette': 0.07093119312335569, 'num_points': 10}, {'avg_silhouette': 0.27477073375875627, 'num_points': 64}, {'avg_silhouette': -0.11602288652835017, 'num_points': 61}, {'avg_silhouette': 0.10513495033345031, 'num_points': 96}, {'avg_silhouette': 0.18037559408251866, 'num_points': 35}, {'avg_silhouette': 0.4032763023145803, 'num_points': 19}, {'avg_silhouette': 0.23168125260172184, 'num_points': 64}, {'avg_silhouette': 0.308940263590717, 'num_points': 71}, {'avg_silhouette': 0.6021624955919174, 'num_points': 163}, {'avg_silhouette': 0.6728846034389655, 'num_points': 17}, {'avg_silhouette': 0.3238177151951413, 'num_points': 26}, {'avg_silhouette': 0.10843747896282915, 'num_points': 29}, {'avg_silhouette': 0.4298012096434167, 'num_points': 20}, {'avg_silhouette': 0.34732109759671115, 'num_points': 14}, {'avg_silhouette': 0.19806412534664597, 'num_points': 16}, {'avg_silhouette': 0.06988047043825177, 'num_points': 10}, {'avg_silhouette': 0.4052692061175949, 'num_points': 103}, {'avg_silhouette': 0.3505784174177811, 'num_points': 231}, {'avg_silhouette': 0.4172911235782417, 'num_points': 77}, {'avg_silhouette': 0.6525838169610428, 'num_points': 5}, {'avg_silhouette': 0.18130006039079444, 'num_points': 2}, {'avg_silhouette': 0.14660416004170038, 'num_points': 51}, {'avg_silhouette': 0.4094560532715728, 'num_points': 6}, {'avg_silhouette': 0.011774065716391526, 'num_points': 15}, {'avg_silhouette': 0.27970480800280023, 'num_points': 37}, {'avg_silhouette': 0.005048721650549683, 'num_points': 85}, {'avg_silhouette': 0.15304387539394507, 'num_points': 6}]",,43,0.29144463212254124,,6,0.4119187439544165
DBSCAN,,0.75991582276861,"[{'avg_silhouette': 0.25558339330045615, 'num_points': 1870}, {'avg_silhouette': 0.4018237282042424, 'num_points': 80}, {'avg_silhouette': 0.7791507407731595, 'num_points': 16}, {'avg_silhouette': 0.5642040702550059, 'num_points': 117}, {'avg_silhouette': 0.7484542829473247, 'num_points': 174}, {'avg_silhouette': 0.5102637918367964, 'num_points': 54}, {'avg_silhouette': 0.4525790757946548, 'num_points': 12}, {'avg_silhouette': 0.5374571160936925, 'num_points': 32}, {'avg_silhouette': 0.578318662158331, 'num_points': 15}, {'avg_silhouette': 0.45398138134199056, 'num_points': 15}, {'avg_silhouette': 0.5307119691821858, 'num_points': 21}, {'avg_silhouette': 0.6833020655180619, 'num_points': 5}, {'avg_silhouette': 0.5005636550293725, 'num_points': 5}, {'avg_silhouette': 0.8249589257542149, 'num_points': 5}, {'avg_silhouette': 0.47789621213780026, 'num_points': 6}, {'avg_silhouette': 0.5312097349875977, 'num_points': 12}, {'avg_silhouette': 0.4425594045709656, 'num_points': 10}, {'avg_silhouette': 0.5515460868035831, 'num_points': 19}]",5.0,18,0.2911180019875549,,2,0.5020188381238905
DBSCAN,,0.8399158227686101,"[{'avg_silhouette': 0.25596133526205167, 'num_points': 1890}, {'avg_silhouette': 0.38559770037500557, 'num_points': 85}, {'avg_silhouette': 0.7798515682722125, 'num_points': 16}, {'avg_silhouette': 0.5434959461088519, 'num_points': 121}, {'avg_silhouette': 0.744102775534967, 'num_points': 175}, {'avg_silhouette': 0.5003651616384085, 'num_points': 55}, {'avg_silhouette': 0.45413738092907896, 'num_points': 12}, {'avg_silhouette': 0.5388256278962748, 'num_points': 32}, {'avg_silhouette': 0.5526744108498345, 'num_points': 16}, {'avg_silhouette': 0.4248505008194501, 'num_points': 17}, {'avg_silhouette': 0.531973444307597, 'num_points': 21}, {'avg_silhouette': 0.5325103297099705, 'num_points': 12}, {'avg_silhouette': 0.44399578322473704, 'num_points': 10}, {'avg_silhouette': 0.5314972239705138, 'num_points': 20}]",10.0,14,0.2911107917515558,,2,0.5000320553985094
DBSCAN,,0.74991582276861,"[{'avg_silhouette': 0.25596643517066225, 'num_points': 1869}, {'avg_silhouette': 0.4017212477514934, 'num_points': 80}, {'avg_silhouette': 0.7790946656488952, 'num_points': 16}, {'avg_silhouette': 0.5686959509476436, 'num_points': 116}, {'avg_silhouette': 0.7483987012754905, 'num_points': 174}, {'avg_silhouette': 0.5101724890926748, 'num_points': 54}, {'avg_silhouette': 0.45246459668474914, 'num_points': 12}, {'avg_silhouette': 0.5373573113473085, 'num_points': 32}, {'avg_silhouette': 0.5782441940068629, 'num_points': 15}, {'avg_silhouette': 0.4538767937666533, 'num_points': 15}, {'avg_silhouette': 0.530623314957583, 'num_points': 21}, {'avg_silhouette': 0.6832637824509631, 'num_points': 5}, {'avg_silhouette': 0.5004793160086202, 'num_points': 5}, {'avg_silhouette': 0.8249208450302495, 'num_points': 5}, {'avg_silhouette': 0.47778837789053963, 'num_points': 6}, {'avg_silhouette': 0.5311153583845681, 'num_points': 12}, {'avg_silhouette': 0.4424339148811159, 'num_points': 10}, {'avg_silhouette': 0.5514385894302216, 'num_points': 19}]",5.0,18,0.29102067892904204,,2,0.5021825682230764
DBSCAN,,0.8299158227686101,"[{'avg_silhouette': 0.25696010506197725, 'num_points': 1886}, {'avg_silhouette': 0.385335959957638, 'num_points': 85}, {'avg_silhouette': 0.779707552286566, 'num_points': 16}, {'avg_silhouette': 0.5432458802261574, 'num_points': 121}, {'avg_silhouette': 0.743944921649316, 'num_points': 175}, {'avg_silhouette': 0.5001336062813951, 'num_points': 55}, {'avg_silhouette': 0.4538205399534394, 'num_points': 12}, {'avg_silhouette': 0.5385557026989001, 'num_points': 32}, {'avg_silhouette': 0.5524565180081509, 'num_points': 16}, {'avg_silhouette': 0.4352884045874565, 'num_points': 16}, {'avg_silhouette': 0.5317358871843186, 'num_points': 21}, {'avg_silhouette': 0.5322599601029845, 'num_points': 12}, {'avg_silhouette': 0.4437013157243608, 'num_points': 10}, {'avg_silhouette': 0.5311924666701372, 'num_points': 20}]",10.0,14,0.29093176071881804,,2,0.5004525133556467
K-means,,,"[{'avg_silhouette': 0.06733562635391181, 'num_points': 24}, {'avg_silhouette': 0.3858610839924002, 'num_points': 174}, {'avg_silhouette': 0.0663007220285387, 'num_points': 138}, {'avg_silhouette': 0.4558205834490827, 'num_points': 192}, {'avg_silhouette': 0.4181203781429047, 'num_points': 133}, {'avg_silhouette': 0.46368880843252813, 'num_points': 18}, {'avg_silhouette': 0.37520997574296877, 'num_points': 264}, {'avg_silhouette': 0.6874499407478029, 'num_points': 180}, {'avg_silhouette': 0.14853540000327747, 'num_points': 65}, {'avg_silhouette': 0.29318742347241855, 'num_points': 25}, {'avg_silhouette': 0.40400731678230245, 'num_points': 59}, {'avg_silhouette': 0.14060783705617833, 'num_points': 72}, {'avg_silhouette': -0.14598711002786297, 'num_points': 38}, {'avg_silhouette': 0.42217638688225617, 'num_points': 20}, {'avg_silhouette': 0.3918404724527283, 'num_points': 142}, {'avg_silhouette': 0.08741723313848505, 'num_points': 96}, {'avg_silhouette': 0.16561316845400084, 'num_points': 35}, {'avg_silhouette': 0.11995016474361918, 'num_points': 96}, {'avg_silhouette': 0.4430247195399043, 'num_points': 34}, {'avg_silhouette': 0.2604493193976894, 'num_points': 6}, {'avg_silhouette': 0.2434541327445182, 'num_points': 15}, {'avg_silhouette': -0.05551769561209022, 'num_points': 33}, {'avg_silhouette': 0.4301924443041005, 'num_points': 77}, {'avg_silhouette': 0.2582527876272252, 'num_points': 37}, {'avg_silhouette': 0.32256662171310946, 'num_points': 16}, {'avg_silhouette': 0.06414536863631666, 'num_points': 73}, {'avg_silhouette': 0.403631442858629, 'num_points': 19}, {'avg_silhouette': 0.5412249698461057, 'num_points': 6}, {'avg_silhouette': 0.057157070861764234, 'num_points': 29}, {'avg_silhouette': 0.3929642361670996, 'num_points': 7}, {'avg_silhouette': 0.6505831293108042, 'num_points': 5}, {'avg_silhouette': 0.36814177247956426, 'num_points': 123}, {'avg_silhouette': 0.06363866582654716, 'num_points': 20}, {'avg_silhouette': 0.6778011459786265, 'num_points': 17}, {'avg_silhouette': -0.05301282421235045, 'num_points': 49}, {'avg_silhouette': -0.1667838528635162, 'num_points': 15}, {'avg_silhouette': 0.4313500500808939, 'num_points': 50}, {'avg_silhouette': -0.12005130558104359, 'num_points': 63}, {'avg_silhouette': 0.15004897875172998, 'num_points': 6}, {'avg_silhouette': 0.491674044889995, 'num_points': 12}, {'avg_silhouette': 0.19559880356353848, 'num_points': 38}, {'avg_silhouette': -0.07247345555677229, 'num_points': 12}, {'avg_silhouette': 0.18923746366214578, 'num_points': 50}, {'avg_silhouette': 0.09612396178544347, 'num_points': 79}]",,44,0.2908749297949515,,6,0.39374712973558695
K-means,,,"[{'avg_silhouette': 0.16844429459574178, 'num_points': 9}, {'avg_silhouette': 0.36611917990576515, 'num_points': 153}, {'avg_silhouette': -0.06587554458939797, 'num_points': 36}, {'avg_silhouette': 0.4714974647692446, 'num_points': 186}, {'avg_silhouette': 0.4501771927134846, 'num_points': 292}, {'avg_silhouette': 0.10785789256048896, 'num_points': 12}, {'avg_silhouette': 0.679529966321794, 'num_points': 180}, {'avg_silhouette': 0.3929951199586921, 'num_points': 77}, {'avg_silhouette': 0.07959973593326108, 'num_points': 83}, {'avg_silhouette': 0.008599223508363845, 'num_points': 110}, {'avg_silhouette': 0.15723332719530264, 'num_points': 6}, {'avg_silhouette': 0.27961938575824574, 'num_points': 197}, {'avg_silhouette': 0.3958119044445274, 'num_points': 19}, {'avg_silhouette': 0.3893193886027358, 'num_points': 35}, {'avg_silhouette': 0.20283310722523423, 'num_points': 50}, {'avg_silhouette': -0.17285221968555592, 'num_points': 8}, {'avg_silhouette': 0.1609174084439934, 'num_points': 60}, {'avg_silhouette': 0.6657461035996028, 'num_points': 17}, {'avg_silhouette': 0.527662272578079, 'num_points': 6}, {'avg_silhouette': 0.40208631833511005, 'num_points': 59}, {'avg_silhouette': 0.0017836779229235575, 'num_points': 18}, {'avg_silhouette': 0.0, 'num_points': 1}, {'avg_silhouette': 0.48849726854620074, 'num_points': 12}, {'avg_silhouette': 0.10203222501700339, 'num_points': 29}, {'avg_silhouette': 0.1489561083059861, 'num_points': 67}, {'avg_silhouette': 0.10196680340712186, 'num_points': 19}, {'avg_silhouette': 0.3698459051630333, 'num_points': 123}, {'avg_silhouette': 0.3779697464361882, 'num_points': 21}, {'avg_silhouette': 0.2335775145255822, 'num_points': 55}, {'avg_silhouette': 0.2793342299227741, 'num_points': 14}, {'avg_silhouette': 0.05990497770033781, 'num_points': 23}, {'avg_silhouette': -0.09259046108952039, 'num_points': 11}, {'avg_silhouette': 0.4734827079963568, 'num_points': 7}, {'avg_silhouette': 0.25074529143812346, 'num_points': 52}, {'avg_silhouette': -0.10008583427923605, 'num_points': 96}, {'avg_silhouette': 0.33633366415224725, 'num_points': 14}, {'avg_silhouette': 0.23252918461730365, 'num_points': 24}, {'avg_silhouette': 0.18412790006961124, 'num_points': 51}, {'avg_silhouette': 0.26287832826155355, 'num_points': 75}, {'avg_silhouette': -0.09044130867130848, 'num_points': 23}, {'avg_silhouette': -0.09070603490680244, 'num_points': 52}, {'avg_silhouette': 0.3085155854872395, 'num_points': 63}, {'avg_silhouette': 0.0022342102963058223, 'num_points': 44}, {'avg_silhouette': -0.030390209780973575, 'num_points': 10}, {'avg_silhouette': 0.3738300186054033, 'num_points': 79}, {'avg_silhouette': 0.31591721207760803, 'num_points': 26}, {'avg_silhouette': 0.28142811054556427, 'num_points': 58}]",,47,0.2905669372974714,,5,0.4493886378937068
DBSCAN,,0.73991582276861,"[{'avg_silhouette': 0.2554834605776228, 'num_points': 1866}, {'avg_silhouette': 0.4035736608043775, 'num_points': 79}, {'avg_silhouette': 0.8397108706199898, 'num_points': 15}, {'avg_silhouette': 0.5685193428785096, 'num_points': 116}, {'avg_silhouette': 0.7482827932540401, 'num_points': 174}, {'avg_silhouette': 0.5100067047229528, 'num_points': 54}, {'avg_silhouette': 0.4797864624497097, 'num_points': 11}, {'avg_silhouette': 0.5371616967604553, 'num_points': 32}, {'avg_silhouette': 0.5780990921043415, 'num_points': 15}, {'avg_silhouette': 0.45370676567769674, 'num_points': 15}, {'avg_silhouette': 0.5304656282068135, 'num_points': 21}, {'avg_silhouette': 0.5003045841725104, 'num_points': 5}, {'avg_silhouette': 0.8248374342532235, 'num_points': 5}, {'avg_silhouette': 0.4776109906489199, 'num_points': 6}, {'avg_silhouette': 0.5309380405744916, 'num_points': 12}, {'avg_silhouette': 0.44221213926710307, 'num_points': 10}, {'avg_silhouette': 0.5512412767457411, 'num_points': 19}, {'avg_silhouette': 0.6832299128675658, 'num_points': 5}]",5.0,18,0.2895632612728494,,2,0.5018831269158315
K-means,,,"[{'avg_silhouette': 0.44152954058814486, 'num_points': 353}, {'avg_silhouette': 0.31676149213173016, 'num_points': 275}, {'avg_silhouette': 0.24985036562378807, 'num_points': 100}, {'avg_silhouette': -0.02810201069190446, 'num_points': 187}, {'avg_silhouette': 0.07834511173706647, 'num_points': 138}, {'avg_silhouette': 0.3456119637641996, 'num_points': 211}, {'avg_silhouette': 0.03515960989734736, 'num_points': 28}, {'avg_silhouette': 0.6864238224558475, 'num_points': 182}, {'avg_silhouette': 0.3351477385204912, 'num_points': 194}, {'avg_silhouette': 0.4395576628477938, 'num_points': 133}, {'avg_silhouette': 0.4039885496404639, 'num_points': 308}, {'avg_silhouette': 0.04786813944193029, 'num_points': 84}, {'avg_silhouette': -0.11276124511702876, 'num_points': 141}, {'avg_silhouette': 0.43302215432720964, 'num_points': 59}, {'avg_silhouette': 0.41842649009714217, 'num_points': 19}, {'avg_silhouette': 0.45343077066549853, 'num_points': 78}, {'avg_silhouette': -0.15144801340901035, 'num_points': 71}, {'avg_silhouette': 0.03810105454479687, 'num_points': 101}]",,18,0.2893839042913393,,9,0.2741049958921123
K-means,,,"[{'avg_silhouette': 0.4435331257898608, 'num_points': 167}, {'avg_silhouette': 0.0821351942283063, 'num_points': 86}, {'avg_silhouette': 0.34628838547260704, 'num_points': 232}, {'avg_silhouette': 0.6812751061828174, 'num_points': 180}, {'avg_silhouette': 0.11230510861396399, 'num_points': 28}, {'avg_silhouette': -0.1369860279492069, 'num_points': 49}, {'avg_silhouette': 0.32250853652318373, 'num_points': 176}, {'avg_silhouette': 0.12093010146181839, 'num_points': 56}, {'avg_silhouette': 0.40492690620631816, 'num_points': 59}, {'avg_silhouette': 0.11023251045560363, 'num_points': 11}, {'avg_silhouette': 0.27974938967804214, 'num_points': 196}, {'avg_silhouette': 0.3182443395201575, 'num_points': 26}, {'avg_silhouette': -0.05869799949868238, 'num_points': 14}, {'avg_silhouette': 0.6642590060288973, 'num_points': 17}, {'avg_silhouette': 0.4523638307506647, 'num_points': 176}, {'avg_silhouette': 0.3206970458298329, 'num_points': 38}, {'avg_silhouette': 0.058679660384391895, 'num_points': 32}, {'avg_silhouette': 0.4146316554782932, 'num_points': 81}, {'avg_silhouette': -0.06748983985636113, 'num_points': 43}, {'avg_silhouette': -0.1323150387784929, 'num_points': 36}, {'avg_silhouette': 0.0944764226632755, 'num_points': 88}, {'avg_silhouette': 0.3975756187338048, 'num_points': 19}, {'avg_silhouette': 0.06739191047489884, 'num_points': 103}, {'avg_silhouette': 0.24654012788087165, 'num_points': 80}, {'avg_silhouette': 0.0, 'num_points': 1}, {'avg_silhouette': 0.23469297091780336, 'num_points': 38}, {'avg_silhouette': 0.4885267412701575, 'num_points': 12}, {'avg_silhouette': 0.19820212430641915, 'num_points': 47}, {'avg_silhouette': 0.5293277561944405, 'num_points': 2}, {'avg_silhouette': 0.06203487019848201, 'num_points': 23}, {'avg_silhouette': 0.6518025846461732, 'num_points': 5}, {'avg_silhouette': 0.42511424047614765, 'num_points': 20}, {'avg_silhouette': 0.19392635330935687, 'num_points': 16}, {'avg_silhouette': 0.23715155572092253, 'num_points': 77}, {'avg_silhouette': 0.24197798011664196, 'num_points': 12}, {'avg_silhouette': 0.0697644108600963, 'num_points': 18}, {'avg_silhouette': 0.20040694202964235, 'num_points': 50}, {'avg_silhouette': 0.29024447295220784, 'num_points': 23}, {'avg_silhouette': 0.1570107135791652, 'num_points': 6}, {'avg_silhouette': 0.25239381565052654, 'num_points': 65}, {'avg_silhouette': 0.40377261193949704, 'num_points': 77}, {'avg_silhouette': 0.08664641421314004, 'num_points': 37}, {'avg_silhouette': 0.26523375502078417, 'num_points': 6}, {'avg_silhouette': 0.15330010904890187, 'num_points': 60}, {'avg_silhouette': 0.16101171113207918, 'num_points': 9}, {'avg_silhouette': 0.3181472329248275, 'num_points': 65}]",,46,0.2892575127305293,,6,0.4209530623995293
DBSCAN,,0.8199158227686101,"[{'avg_silhouette': 0.25731978117958487, 'num_points': 1885}, {'avg_silhouette': 0.3889219866003537, 'num_points': 84}, {'avg_silhouette': 0.7796790568036789, 'num_points': 16}, {'avg_silhouette': 0.5431993833499437, 'num_points': 121}, {'avg_silhouette': 0.7439174566739756, 'num_points': 175}, {'avg_silhouette': 0.5000859015850798, 'num_points': 55}, {'avg_silhouette': 0.45377069681004006, 'num_points': 12}, {'avg_silhouette': 0.5385063227466798, 'num_points': 32}, {'avg_silhouette': 0.5524147677364895, 'num_points': 16}, {'avg_silhouette': 0.45492045704622114, 'num_points': 15}, {'avg_silhouette': 0.5316945267806992, 'num_points': 21}, {'avg_silhouette': 0.5322112741459301, 'num_points': 12}, {'avg_silhouette': 0.5311307921075725, 'num_points': 20}]",10.0,13,0.2886544546696895,,2,0.5006186189267803
AGGLC,ward,,"[{'avg_silhouette': 0.13848640259136463, 'num_points': 266}, {'avg_silhouette': -0.08262446454773145, 'num_points': 299}, {'avg_silhouette': 0.43577330932299196, 'num_points': 326}, {'avg_silhouette': 0.27185493710232456, 'num_points': 330}, {'avg_silhouette': 0.42089222223079686, 'num_points': 373}, {'avg_silhouette': -0.15352772282178215, 'num_points': 177}, {'avg_silhouette': 0.30876388425118684, 'num_points': 93}, {'avg_silhouette': 0.7275199210004275, 'num_points': 176}, {'avg_silhouette': 0.4535435127897921, 'num_points': 58}, {'avg_silhouette': 0.3587895300745196, 'num_points': 345}, {'avg_silhouette': 0.3578415625296709, 'num_points': 38}, {'avg_silhouette': 0.11680011208914078, 'num_points': 29}, {'avg_silhouette': 0.47258976081202897, 'num_points': 129}, {'avg_silhouette': 0.4268679951099582, 'num_points': 23}]",,14,0.2886322211995386,,8,0.2646455168691139
DBSCAN,,0.8099158227686101,"[{'avg_silhouette': 0.2578220315482916, 'num_points': 1883}, {'avg_silhouette': 0.3934276349472193, 'num_points': 83}, {'avg_silhouette': 0.7796190910803342, 'num_points': 16}, {'avg_silhouette': 0.5492173607704997, 'num_points': 120}, {'avg_silhouette': 0.7438457639271858, 'num_points': 175}, {'avg_silhouette': 0.4999701957787185, 'num_points': 55}, {'avg_silhouette': 0.5383832368440331, 'num_points': 32}, {'avg_silhouette': 0.4536287964908699, 'num_points': 12}, {'avg_silhouette': 0.5523095440842547, 'num_points': 16}, {'avg_silhouette': 0.45481404621772853, 'num_points': 15}, {'avg_silhouette': 0.5315697510042741, 'num_points': 21}, {'avg_silhouette': 0.5320839797450599, 'num_points': 12}, {'avg_silhouette': 0.5310171115935352, 'num_points': 20}]",10.0,13,0.28843776535822413,,2,0.5008338977377387
DBSCAN,,0.7999158227686101,"[{'avg_silhouette': 0.25832742388819746, 'num_points': 1881}, {'avg_silhouette': 0.3989485437448321, 'num_points': 81}, {'avg_silhouette': 0.779530781992973, 'num_points': 16}, {'avg_silhouette': 0.549071321835099, 'num_points': 120}, {'avg_silhouette': 0.743751703705224, 'num_points': 175}, {'avg_silhouette': 0.5109603330598801, 'num_points': 54}, {'avg_silhouette': 0.5382275405196737, 'num_points': 32}, {'avg_silhouette': 0.45344061738273767, 'num_points': 12}, {'avg_silhouette': 0.552173436427639, 'num_points': 16}, {'avg_silhouette': 0.45464704649811855, 'num_points': 15}, {'avg_silhouette': 0.5314288251269466, 'num_points': 21}, {'avg_silhouette': 0.5319475645255863, 'num_points': 12}, {'avg_silhouette': 0.5308401528859398, 'num_points': 20}]",10.0,13,0.2879008253089204,,2,0.5010395637967108
DBSCAN,,0.72991582276861,"[{'avg_silhouette': 0.2560714889655559, 'num_points': 1862}, {'avg_silhouette': 0.40807389752945444, 'num_points': 78}, {'avg_silhouette': 0.8396049030116698, 'num_points': 15}, {'avg_silhouette': 0.5732007149073496, 'num_points': 115}, {'avg_silhouette': 0.7537918401714786, 'num_points': 173}, {'avg_silhouette': 0.5305179431606492, 'num_points': 52}, {'avg_silhouette': 0.47949725177366603, 'num_points': 11}, {'avg_silhouette': 0.5368994702753416, 'num_points': 32}, {'avg_silhouette': 0.5778951368414379, 'num_points': 15}, {'avg_silhouette': 0.45346904692758466, 'num_points': 15}, {'avg_silhouette': 0.5478349821769014, 'num_points': 20}, {'avg_silhouette': 0.5000871662153749, 'num_points': 5}, {'avg_silhouette': 0.824721983569624, 'num_points': 5}, {'avg_silhouette': 0.53068781670016, 'num_points': 12}, {'avg_silhouette': 0.5172876621687854, 'num_points': 5}, {'avg_silhouette': 0.4596184332810353, 'num_points': 9}, {'avg_silhouette': 0.5509708073573031, 'num_points': 19}, {'avg_silhouette': 0.6831282135322334, 'num_points': 5}]",5.0,18,0.2877440967106793,,2,0.5049316645685172
DBSCAN,,0.78991582276861,"[{'avg_silhouette': 0.25883631204394436, 'num_points': 1879}, {'avg_silhouette': 0.3988192793364982, 'num_points': 81}, {'avg_silhouette': 0.7794566366397203, 'num_points': 16}, {'avg_silhouette': 0.5489339796017886, 'num_points': 120}, {'avg_silhouette': 0.7436584479747829, 'num_points': 175}, {'avg_silhouette': 0.5108231768809043, 'num_points': 54}, {'avg_silhouette': 0.5380785038848142, 'num_points': 32}, {'avg_silhouette': 0.5520388183467588, 'num_points': 16}, {'avg_silhouette': 0.45452495624295125, 'num_points': 15}, {'avg_silhouette': 0.5312849729325888, 'num_points': 21}, {'avg_silhouette': 0.5318021601863461, 'num_points': 12}, {'avg_silhouette': 0.53071196313089, 'num_points': 20}, {'avg_silhouette': 0.4807840458225938, 'num_points': 11}]",10.0,13,0.2876814732262293,,2,0.5012473800093636
DBSCAN,,0.77991582276861,"[{'avg_silhouette': 0.25963437369350517, 'num_points': 1876}, {'avg_silhouette': 0.4022126307265384, 'num_points': 80}, {'avg_silhouette': 0.779348927440605, 'num_points': 16}, {'avg_silhouette': 0.5540504251319016, 'num_points': 119}, {'avg_silhouette': 0.7435365792230875, 'num_points': 175}, {'avg_silhouette': 0.5106211975878459, 'num_points': 54}, {'avg_silhouette': 0.5378711494611121, 'num_points': 32}, {'avg_silhouette': 0.5518603320910848, 'num_points': 16}, {'avg_silhouette': 0.454304179379853, 'num_points': 15}, {'avg_silhouette': 0.5311013983569735, 'num_points': 21}, {'avg_silhouette': 0.531625934929456, 'num_points': 12}, {'avg_silhouette': 0.5304919323747832, 'num_points': 20}, {'avg_silhouette': 0.48054498603892865, 'num_points': 11}]",10.0,13,0.28739765094377717,,2,0.5015854764582963
K-means,,,"[{'avg_silhouette': 0.08901099030273224, 'num_points': 8}, {'avg_silhouette': -0.06496464704198797, 'num_points': 185}, {'avg_silhouette': 0.696417351869558, 'num_points': 180}, {'avg_silhouette': -0.016408977895241057, 'num_points': 28}, {'avg_silhouette': 0.0766173791346759, 'num_points': 40}, {'avg_silhouette': 0.33068459937626454, 'num_points': 336}, {'avg_silhouette': 0.19467351777073594, 'num_points': 243}, {'avg_silhouette': 0.4298850223314583, 'num_points': 360}, {'avg_silhouette': -0.13820183397494307, 'num_points': 28}, {'avg_silhouette': 0.42085435410163086, 'num_points': 35}, {'avg_silhouette': 0.3329618620016019, 'num_points': 248}, {'avg_silhouette': 0.04879053828959264, 'num_points': 137}, {'avg_silhouette': 0.4238568745597946, 'num_points': 59}, {'avg_silhouette': 0.09501591787770788, 'num_points': 19}, {'avg_silhouette': 0.22646543174980605, 'num_points': 80}, {'avg_silhouette': 0.18005987929373976, 'num_points': 50}, {'avg_silhouette': 0.33979301087884767, 'num_points': 26}, {'avg_silhouette': -0.1200688729108713, 'num_points': 31}, {'avg_silhouette': 0.11450171760486091, 'num_points': 29}, {'avg_silhouette': 0.37786814768441773, 'num_points': 21}, {'avg_silhouette': 0.060489108261038926, 'num_points': 81}, {'avg_silhouette': -0.02916753659966401, 'num_points': 81}, {'avg_silhouette': 0.45549776459454244, 'num_points': 77}, {'avg_silhouette': 0.4173266400594524, 'num_points': 104}, {'avg_silhouette': 0.45607189566900286, 'num_points': 176}]",,25,0.28607428257439704,,8,0.3030650175332783
K-means,,,"[{'avg_silhouette': 0.17718670749623391, 'num_points': 6}, {'avg_silhouette': 0.03336331091574546, 'num_points': 96}, {'avg_silhouette': 0.12941936226258405, 'num_points': 95}, {'avg_silhouette': 0.6818940629949004, 'num_points': 181}, {'avg_silhouette': 0.2619528311308116, 'num_points': 51}, {'avg_silhouette': 0.3384491934401484, 'num_points': 110}, {'avg_silhouette': -0.06971215561263172, 'num_points': 180}, {'avg_silhouette': 0.2977459443717446, 'num_points': 207}, {'avg_silhouette': 0.26639277471739137, 'num_points': 96}, {'avg_silhouette': 0.42710345509285375, 'num_points': 233}, {'avg_silhouette': 0.2534628606831675, 'num_points': 181}, {'avg_silhouette': 0.12776185343642843, 'num_points': 79}, {'avg_silhouette': 0.4172322629018823, 'num_points': 59}, {'avg_silhouette': 0.1672907962243741, 'num_points': 87}, {'avg_silhouette': 0.3960932502780282, 'num_points': 154}, {'avg_silhouette': 0.43243934159560543, 'num_points': 20}, {'avg_silhouette': 0.32720111106209815, 'num_points': 26}, {'avg_silhouette': 0.382913802073651, 'num_points': 36}, {'avg_silhouette': -0.006346309086385187, 'num_points': 16}, {'avg_silhouette': 0.40397544983377826, 'num_points': 243}, {'avg_silhouette': 0.49205853532333216, 'num_points': 12}, {'avg_silhouette': 0.6563674148383338, 'num_points': 5}, {'avg_silhouette': 0.407630334212949, 'num_points': 19}, {'avg_silhouette': -0.130839878724398, 'num_points': 58}, {'avg_silhouette': -0.12463773543775274, 'num_points': 21}, {'avg_silhouette': 0.1377806117891911, 'num_points': 27}, {'avg_silhouette': 0.1386744161144053, 'num_points': 23}, {'avg_silhouette': 0.2675831426993981, 'num_points': 78}, {'avg_silhouette': 0.2588944229831143, 'num_points': 55}, {'avg_silhouette': 0.2222843942139027, 'num_points': 39}, {'avg_silhouette': 0.4325595658083556, 'num_points': 77}, {'avg_silhouette': 0.2121295835336441, 'num_points': 58}, {'avg_silhouette': 0.35477684133327037, 'num_points': 25}, {'avg_silhouette': -0.04713248252190398, 'num_points': 9}]",,34,0.28601128300071726,,7,0.3415089810916916
K-means,,,"[{'avg_silhouette': 0.38729205417479995, 'num_points': 4}, {'avg_silhouette': 0.3338878444662617, 'num_points': 126}, {'avg_silhouette': 0.44435959508269135, 'num_points': 164}, {'avg_silhouette': 0.08649544359556322, 'num_points': 93}, {'avg_silhouette': -0.030120612207658663, 'num_points': 17}, {'avg_silhouette': 0.3599446421790772, 'num_points': 250}, {'avg_silhouette': -0.186615494002561, 'num_points': 29}, {'avg_silhouette': 0.32445766300572026, 'num_points': 144}, {'avg_silhouette': -0.046038686029878165, 'num_points': 17}, {'avg_silhouette': -0.09513188513789633, 'num_points': 5}, {'avg_silhouette': 0.09565431363682592, 'num_points': 131}, {'avg_silhouette': 0.6224189605142915, 'num_points': 160}, {'avg_silhouette': 0.4060750603752954, 'num_points': 233}, {'avg_silhouette': 0.2849290049167226, 'num_points': 37}, {'avg_silhouette': 0.1932494473069914, 'num_points': 14}, {'avg_silhouette': 0.30908095515901435, 'num_points': 50}, {'avg_silhouette': -0.14602852501077057, 'num_points': 21}, {'avg_silhouette': 0.353355168414005, 'num_points': 37}, {'avg_silhouette': 0.4248732014329838, 'num_points': 77}, {'avg_silhouette': 0.24806972175417963, 'num_points': 80}, {'avg_silhouette': 0.160443065365555, 'num_points': 36}, {'avg_silhouette': 0.6514169374151993, 'num_points': 5}, {'avg_silhouette': -0.039031313110801685, 'num_points': 50}, {'avg_silhouette': -0.05099214315092049, 'num_points': 15}, {'avg_silhouette': 0.3560316410288472, 'num_points': 25}, {'avg_silhouette': 0.42956020657819716, 'num_points': 20}, {'avg_silhouette': 0.1999438407619918, 'num_points': 16}, {'avg_silhouette': 0.07662506574270193, 'num_points': 104}, {'avg_silhouette': 0.4892272496809867, 'num_points': 12}, {'avg_silhouette': 0.408142582727114, 'num_points': 42}, {'avg_silhouette': 0.40221541550237994, 'num_points': 19}, {'avg_silhouette': -9.862044734792314e-05, 'num_points': 38}, {'avg_silhouette': 0.21212880778196538, 'num_points': 17}, {'avg_silhouette': 0.4069745087840693, 'num_points': 6}, {'avg_silhouette': 0.6740050959756163, 'num_points': 17}, {'avg_silhouette': 0.20749111566951786, 'num_points': 41}, {'avg_silhouette': 0.22552191347014722, 'num_points': 39}, {'avg_silhouette': 0.23610052594491507, 'num_points': 6}, {'avg_silhouette': 0.153592068500104, 'num_points': 72}, {'avg_silhouette': 0.4974878485608647, 'num_points': 102}, {'avg_silhouette': 0.3462346257604333, 'num_points': 14}, {'avg_silhouette': -0.03862664263322205, 'num_points': 29}, {'avg_silhouette': 0.14238467530369245, 'num_points': 6}, {'avg_silhouette': 0.2510931699571269, 'num_points': 67}, {'avg_silhouette': 0.2031481153546913, 'num_points': 63}, {'avg_silhouette': 0.13604514490452277, 'num_points': 13}, {'avg_silhouette': -0.12503711073002674, 'num_points': 6}, {'avg_silhouette': 0.04422773130257545, 'num_points': 23}, {'avg_silhouette': 0.1517712658898018, 'num_points': 59}, {'avg_silhouette': 0.028839744060604803, 'num_points': 11}]",,50,0.2859628613065432,,5,0.43145118423141515
DBSCAN,,0.76991582276861,"[{'avg_silhouette': 0.25942062213885897, 'num_points': 1872}, {'avg_silhouette': 0.4019182067956427, 'num_points': 80}, {'avg_silhouette': 0.7792017281890447, 'num_points': 16}, {'avg_silhouette': 0.5590470454313338, 'num_points': 118}, {'avg_silhouette': 0.7433551002054123, 'num_points': 175}, {'avg_silhouette': 0.5103552504794115, 'num_points': 54}, {'avg_silhouette': 0.5375601163039121, 'num_points': 32}, {'avg_silhouette': 0.5783963734269247, 'num_points': 15}, {'avg_silhouette': 0.4540395917335707, 'num_points': 15}, {'avg_silhouette': 0.530797678954213, 'num_points': 21}, {'avg_silhouette': 0.5313071935679704, 'num_points': 12}, {'avg_silhouette': 0.5516024102435676, 'num_points': 19}, {'avg_silhouette': 0.480206858116785, 'num_points': 11}]",10.0,13,0.28595294514575614,,2,0.5013878611721356
K-means,,,"[{'avg_silhouette': 0.4546921231762406, 'num_points': 130}, {'avg_silhouette': 0.4636907080451131, 'num_points': 348}, {'avg_silhouette': 0.3621249606511537, 'num_points': 14}, {'avg_silhouette': 0.6967173469095439, 'num_points': 180}, {'avg_silhouette': 0.34333229296451145, 'num_points': 213}, {'avg_silhouette': -0.11221406469020602, 'num_points': 45}, {'avg_silhouette': 0.12217140777122486, 'num_points': 41}, {'avg_silhouette': 0.13121646995586012, 'num_points': 183}, {'avg_silhouette': 0.23699861999704194, 'num_points': 234}, {'avg_silhouette': 0.07328818978044653, 'num_points': 139}, {'avg_silhouette': 0.371370477820788, 'num_points': 355}, {'avg_silhouette': 0.4203880385056779, 'num_points': 19}, {'avg_silhouette': 0.43092909899278165, 'num_points': 59}, {'avg_silhouette': 0.11405071804351524, 'num_points': 52}, {'avg_silhouette': 0.04994310301599179, 'num_points': 231}, {'avg_silhouette': 0.07987200829790961, 'num_points': 33}, {'avg_silhouette': 0.015755119441406822, 'num_points': 95}, {'avg_silhouette': 0.2232812253218927, 'num_points': 111}, {'avg_silhouette': 0.09400551225343039, 'num_points': 79}, {'avg_silhouette': 0.33560407935481273, 'num_points': 39}, {'avg_silhouette': 0.6873964970922439, 'num_points': 17}, {'avg_silhouette': 0.07616881750391777, 'num_points': 45}]",,22,0.28586063138289836,,8,0.2958196510611621
DBSCAN,,0.75991582276861,"[{'avg_silhouette': 0.2600092308705303, 'num_points': 1868}, {'avg_silhouette': 0.4016948077543093, 'num_points': 80}, {'avg_silhouette': 0.7790769667610656, 'num_points': 16}, {'avg_silhouette': 0.5640879884664528, 'num_points': 117}, {'avg_silhouette': 0.7483802225365439, 'num_points': 174}, {'avg_silhouette': 0.5101453806721545, 'num_points': 54}, {'avg_silhouette': 0.5373303273604926, 'num_points': 32}, {'avg_silhouette': 0.5782193550767823, 'num_points': 15}, {'avg_silhouette': 0.4538639667717511, 'num_points': 15}, {'avg_silhouette': 0.5306112096357066, 'num_points': 21}, {'avg_silhouette': 0.5311040956013088, 'num_points': 12}, {'avg_silhouette': 0.5514254702926668, 'num_points': 19}, {'avg_silhouette': 0.47996389646011656, 'num_points': 11}]",10.0,13,0.28542202183034393,,2,0.5041947267035372
DBSCAN,,0.74991582276861,"[{'avg_silhouette': 0.2598006219700022, 'num_points': 1867}, {'avg_silhouette': 0.4015920957383884, 'num_points': 80}, {'avg_silhouette': 0.7790207538535816, 'num_points': 16}, {'avg_silhouette': 0.5685805081718239, 'num_points': 116}, {'avg_silhouette': 0.7483245081904001, 'num_points': 174}, {'avg_silhouette': 0.5100538690561849, 'num_points': 54}, {'avg_silhouette': 0.5372302921806866, 'num_points': 32}, {'avg_silhouette': 0.5781447164407231, 'num_points': 15}, {'avg_silhouette': 0.45375915426582336, 'num_points': 15}, {'avg_silhouette': 0.5305223668114335, 'num_points': 21}, {'avg_silhouette': 0.5655729505852546, 'num_points': 11}, {'avg_silhouette': 0.551317734349993, 'num_points': 19}, {'avg_silhouette': 0.47985284562327474, 'num_points': 11}]",10.0,13,0.2846693947275459,,2,0.5040625650802011
K-means,,,"[{'avg_silhouette': 0.4043533343937066, 'num_points': 35}, {'avg_silhouette': 0.2677505769821139, 'num_points': 78}, {'avg_silhouette': 0.3271044564868299, 'num_points': 240}, {'avg_silhouette': 0.4346307034051854, 'num_points': 131}, {'avg_silhouette': 0.34864823603855116, 'num_points': 161}, {'avg_silhouette': 0.2487773946354495, 'num_points': 16}, {'avg_silhouette': 0.3241994197768569, 'num_points': 195}, {'avg_silhouette': -0.10046083600373665, 'num_points': 16}, {'avg_silhouette': -0.07141707689859879, 'num_points': 41}, {'avg_silhouette': 0.4324108470838374, 'num_points': 171}, {'avg_silhouette': -0.12211579380179141, 'num_points': 2}, {'avg_silhouette': 0.2812492730587959, 'num_points': 49}, {'avg_silhouette': -0.10145346634386883, 'num_points': 59}, {'avg_silhouette': 0.07873262265331617, 'num_points': 18}, {'avg_silhouette': 0.10475791543913945, 'num_points': 29}, {'avg_silhouette': -0.011361106656693192, 'num_points': 130}, {'avg_silhouette': 0.29924291826654054, 'num_points': 23}, {'avg_silhouette': 0.323780127901958, 'num_points': 26}, {'avg_silhouette': 0.42278064214052835, 'num_points': 77}, {'avg_silhouette': 0.42693074032932654, 'num_points': 57}, {'avg_silhouette': 0.1065693953560737, 'num_points': 74}, {'avg_silhouette': 0.11133786514647391, 'num_points': 83}, {'avg_silhouette': 0.40575991622267354, 'num_points': 19}, {'avg_silhouette': 0.6781694565182637, 'num_points': 149}, {'avg_silhouette': 0.13631308534001454, 'num_points': 38}, {'avg_silhouette': -0.12810882973803303, 'num_points': 27}, {'avg_silhouette': 0.3266915174844194, 'num_points': 26}, {'avg_silhouette': 0.6769274569900638, 'num_points': 17}, {'avg_silhouette': 0.4500499154092257, 'num_points': 215}, {'avg_silhouette': 0.0794660384709733, 'num_points': 97}, {'avg_silhouette': 0.1500443539149768, 'num_points': 107}, {'avg_silhouette': -0.13130962725421594, 'num_points': 26}, {'avg_silhouette': 0.09859702085737207, 'num_points': 58}, {'avg_silhouette': 0.43619168185076457, 'num_points': 20}, {'avg_silhouette': 0.15986588677408822, 'num_points': 6}, {'avg_silhouette': 0.29192004311291314, 'num_points': 62}, {'avg_silhouette': 0.11742831131824708, 'num_points': 70}, {'avg_silhouette': 0.3478677958492961, 'num_points': 14}]",,38,0.28446415950404963,,6,0.42676372188559414
AGGLC,ward,,"[{'avg_silhouette': 0.1862893974656734, 'num_points': 503}, {'avg_silhouette': 0.14793332251485117, 'num_points': 266}, {'avg_silhouette': -0.08709995950059692, 'num_points': 322}, {'avg_silhouette': 0.28887401873591784, 'num_points': 330}, {'avg_silhouette': 0.4453007652745043, 'num_points': 373}, {'avg_silhouette': 0.4746846667480428, 'num_points': 129}, {'avg_silhouette': 0.3138755653678499, 'num_points': 93}, {'avg_silhouette': 0.729220708316864, 'num_points': 176}, {'avg_silhouette': 0.4553558705741435, 'num_points': 58}, {'avg_silhouette': 0.36470056173744564, 'num_points': 345}, {'avg_silhouette': 0.3598540337784954, 'num_points': 38}, {'avg_silhouette': 0.1465963006382087, 'num_points': 29}]",,12,0.28375617202611586,,7,0.29645983064923703
DBSCAN,,0.73991582276861,"[{'avg_silhouette': 0.25871686617965683, 'num_points': 1866}, {'avg_silhouette': 0.4035736608043775, 'num_points': 79}, {'avg_silhouette': 0.8397108706199898, 'num_points': 15}, {'avg_silhouette': 0.5685193428785096, 'num_points': 116}, {'avg_silhouette': 0.7482827932540401, 'num_points': 174}, {'avg_silhouette': 0.5100067047229528, 'num_points': 54}, {'avg_silhouette': 0.5371616967604553, 'num_points': 32}, {'avg_silhouette': 0.5780990921043415, 'num_points': 15}, {'avg_silhouette': 0.45370676567769674, 'num_points': 15}, {'avg_silhouette': 0.5304656282068135, 'num_points': 21}, {'avg_silhouette': 0.5655057891202439, 'num_points': 11}, {'avg_silhouette': 0.5512412767457411, 'num_points': 19}, {'avg_silhouette': 0.4797864624497097, 'num_points': 11}]",10.0,13,0.28335776933726753,,2,0.5034998297168485
K-means,,,"[{'avg_silhouette': -0.01698300009066069, 'num_points': 95}, {'avg_silhouette': 0.3503741056291872, 'num_points': 255}, {'avg_silhouette': 0.6896149108371074, 'num_points': 182}, {'avg_silhouette': 0.13390810674584372, 'num_points': 271}, {'avg_silhouette': 0.4490119374175223, 'num_points': 370}, {'avg_silhouette': -0.05309705364282047, 'num_points': 314}, {'avg_silhouette': 0.34415866409363494, 'num_points': 385}, {'avg_silhouette': 0.16260948290940797, 'num_points': 23}, {'avg_silhouette': 0.3728215325974263, 'num_points': 338}, {'avg_silhouette': 0.27523749005835296, 'num_points': 98}, {'avg_silhouette': 0.436758323327108, 'num_points': 59}, {'avg_silhouette': 0.29824760838562564, 'num_points': 113}, {'avg_silhouette': 0.03133222215903074, 'num_points': 111}, {'avg_silhouette': 0.023348450933860527, 'num_points': 48}]",,14,0.28260343485458755,,7,0.3266846005254145
AGGLC,ward,,"[{'avg_silhouette': -0.10168640433036054, 'num_points': 322}, {'avg_silhouette': 0.13848640259136463, 'num_points': 266}, {'avg_silhouette': 0.43577330932299196, 'num_points': 326}, {'avg_silhouette': 0.27185493710232456, 'num_points': 330}, {'avg_silhouette': 0.42089222223079686, 'num_points': 373}, {'avg_silhouette': -0.1523923132648355, 'num_points': 177}, {'avg_silhouette': 0.30876388425118684, 'num_points': 93}, {'avg_silhouette': 0.7275199210004275, 'num_points': 176}, {'avg_silhouette': 0.4535435127897921, 'num_points': 58}, {'avg_silhouette': 0.3587895300745196, 'num_points': 345}, {'avg_silhouette': 0.3578415625296709, 'num_points': 38}, {'avg_silhouette': 0.12584027006013718, 'num_points': 29}, {'avg_silhouette': 0.47258976081202897, 'num_points': 129}]",,13,0.2820983597760243,,8,0.26240470059090365
K-means,,,"[{'avg_silhouette': 0.2979575912928976, 'num_points': 2}, {'avg_silhouette': 0.44355421348545926, 'num_points': 77}, {'avg_silhouette': 0.3204134055955635, 'num_points': 199}, {'avg_silhouette': 0.675960438025824, 'num_points': 182}, {'avg_silhouette': 0.0509326074432341, 'num_points': 98}, {'avg_silhouette': 0.2643175325348261, 'num_points': 79}, {'avg_silhouette': 0.0861531926067895, 'num_points': 98}, {'avg_silhouette': 0.4459141631206866, 'num_points': 20}, {'avg_silhouette': 0.2715977384255297, 'num_points': 66}, {'avg_silhouette': 0.29208852321484186, 'num_points': 4}, {'avg_silhouette': -0.1564392359405627, 'num_points': 23}, {'avg_silhouette': -0.007114522633245915, 'num_points': 38}, {'avg_silhouette': 0.07597627733681679, 'num_points': 84}, {'avg_silhouette': 0.4808786222639976, 'num_points': 238}, {'avg_silhouette': -0.05997486884902075, 'num_points': 125}, {'avg_silhouette': 0.3549887715555346, 'num_points': 267}, {'avg_silhouette': 0.4194171594416426, 'num_points': 59}, {'avg_silhouette': 0.014373702065326134, 'num_points': 9}, {'avg_silhouette': 0.11691359296211166, 'num_points': 29}, {'avg_silhouette': 0.4137023273495144, 'num_points': 35}, {'avg_silhouette': 0.3318589131232024, 'num_points': 26}, {'avg_silhouette': 0.41436225966354057, 'num_points': 175}, {'avg_silhouette': 0.45041723282633245, 'num_points': 111}, {'avg_silhouette': -0.036979843761628314, 'num_points': 127}, {'avg_silhouette': 0.08722100766746248, 'num_points': 95}, {'avg_silhouette': 0.1437446215223788, 'num_points': 70}, {'avg_silhouette': 0.32282767957716196, 'num_points': 180}, {'avg_silhouette': 0.5004981466610233, 'num_points': 12}, {'avg_silhouette': -0.10914081537814056, 'num_points': 61}, {'avg_silhouette': 0.17739608499013737, 'num_points': 59}, {'avg_silhouette': 0.3519555410056348, 'num_points': 14}]",,31,0.2811787883342029,,6,0.428238529446937
DBSCAN,,0.72991582276861,"[{'avg_silhouette': 0.258968301579786, 'num_points': 1859}, {'avg_silhouette': 0.40788859856245335, 'num_points': 78}, {'avg_silhouette': 0.8395381226192627, 'num_points': 15}, {'avg_silhouette': 0.5730505598418737, 'num_points': 115}, {'avg_silhouette': 0.7536917498659131, 'num_points': 173}, {'avg_silhouette': 0.5303507989993312, 'num_points': 52}, {'avg_silhouette': 0.5367390928306255, 'num_points': 32}, {'avg_silhouette': 0.5777352608364801, 'num_points': 15}, {'avg_silhouette': 0.5476953356208846, 'num_points': 20}, {'avg_silhouette': 0.4899268864924324, 'num_points': 13}, {'avg_silhouette': 0.5651434564556816, 'num_points': 11}, {'avg_silhouette': 0.5508031487273229, 'num_points': 19}, {'avg_silhouette': 0.4793362176335015, 'num_points': 11}]",10.0,13,0.2808590942925697,,2,0.5063300257228496
K-means,,,"[{'avg_silhouette': 0.05946931251317277, 'num_points': 19}, {'avg_silhouette': 0.45429428031663904, 'num_points': 294}, {'avg_silhouette': 0.288760316203614, 'num_points': 142}, {'avg_silhouette': 0.1100350867322082, 'num_points': 118}, {'avg_silhouette': 0.6875448913664794, 'num_points': 180}, {'avg_silhouette': 0.30231582253589884, 'num_points': 96}, {'avg_silhouette': -0.09164862546351238, 'num_points': 51}, {'avg_silhouette': 0.24111000082696854, 'num_points': 39}, {'avg_silhouette': 0.3793552202396326, 'num_points': 220}, {'avg_silhouette': 0.11457582288056851, 'num_points': 37}, {'avg_silhouette': 0.42480878376767395, 'num_points': 77}, {'avg_silhouette': 0.3994675714023553, 'num_points': 35}, {'avg_silhouette': 0.027864327895632552, 'num_points': 13}, {'avg_silhouette': 0.32329019858111485, 'num_points': 26}, {'avg_silhouette': 0.6534617006141742, 'num_points': 5}, {'avg_silhouette': 0.34197609534928913, 'num_points': 170}, {'avg_silhouette': 0.2494997957313053, 'num_points': 63}, {'avg_silhouette': 0.40428165080765693, 'num_points': 19}, {'avg_silhouette': 0.15257765735563616, 'num_points': 6}, {'avg_silhouette': -0.06989194278056433, 'num_points': 59}, {'avg_silhouette': 0.04306276290366626, 'num_points': 36}, {'avg_silhouette': 0.6729953926805596, 'num_points': 17}, {'avg_silhouette': 0.103937591460734, 'num_points': 102}, {'avg_silhouette': -0.0024432907001466497, 'num_points': 10}, {'avg_silhouette': 0.49149780521923053, 'num_points': 12}, {'avg_silhouette': 0.051665816112234884, 'num_points': 92}, {'avg_silhouette': -0.06675623949170015, 'num_points': 42}, {'avg_silhouette': 0.2920202733881568, 'num_points': 8}, {'avg_silhouette': 0.3528326977616376, 'num_points': 12}, {'avg_silhouette': 0.4310498277792859, 'num_points': 20}, {'avg_silhouette': 0.17327110426046863, 'num_points': 42}, {'avg_silhouette': 0.21269293208559215, 'num_points': 19}, {'avg_silhouette': 0.02577936809694713, 'num_points': 93}, {'avg_silhouette': 0.34865251828281746, 'num_points': 14}, {'avg_silhouette': 0.3576404821154523, 'num_points': 199}, {'avg_silhouette': 0.24192776619878856, 'num_points': 15}, {'avg_silhouette': 0.07905144750170995, 'num_points': 64}, {'avg_silhouette': 0.36415980281333266, 'num_points': 46}, {'avg_silhouette': 0.07671110326185383, 'num_points': 2}, {'avg_silhouette': 0.07432685096130583, 'num_points': 58}, {'avg_silhouette': -0.04623649128318216, 'num_points': 38}, {'avg_silhouette': 0.18327114894561725, 'num_points': 52}]",,42,0.2798623699535377,,6,0.41826188093185107
DBSCAN,,0.71991582276861,"[{'avg_silhouette': 0.25956492062395087, 'num_points': 1853}, {'avg_silhouette': 0.40764577735616964, 'num_points': 78}, {'avg_silhouette': 0.8394390732981664, 'num_points': 15}, {'avg_silhouette': 0.5840853418757399, 'num_points': 113}, {'avg_silhouette': 0.7535531081675425, 'num_points': 173}, {'avg_silhouette': 0.5301404670615675, 'num_points': 52}, {'avg_silhouette': 0.5365144296745352, 'num_points': 32}, {'avg_silhouette': 0.5775423275193191, 'num_points': 15}, {'avg_silhouette': 0.5475048644120476, 'num_points': 20}, {'avg_silhouette': 0.5030265321360358, 'num_points': 12}, {'avg_silhouette': 0.5649486813443503, 'num_points': 11}, {'avg_silhouette': 0.5505410127642127, 'num_points': 19}, {'avg_silhouette': 0.479104586375208, 'num_points': 11}]",10.0,13,0.27957395872844165,,2,0.5065590143957467
K-means,,,"[{'avg_silhouette': 0.3401270803023699, 'num_points': 191}, {'avg_silhouette': 0.32107890511178006, 'num_points': 194}, {'avg_silhouette': 0.4429936244310742, 'num_points': 351}, {'avg_silhouette': 0.05495853193273369, 'num_points': 121}, {'avg_silhouette': 0.45810117338133166, 'num_points': 130}, {'avg_silhouette': 0.7103630239085623, 'num_points': 178}, {'avg_silhouette': 0.12142286929745459, 'num_points': 138}, {'avg_silhouette': 0.07241388298982179, 'num_points': 72}, {'avg_silhouette': 0.27268539780801576, 'num_points': 224}, {'avg_silhouette': 0.31913943963179214, 'num_points': 268}, {'avg_silhouette': 0.021333207810464702, 'num_points': 93}, {'avg_silhouette': 0.4259193246446358, 'num_points': 59}, {'avg_silhouette': 0.29075862894577126, 'num_points': 25}, {'avg_silhouette': 0.015422194663795475, 'num_points': 27}, {'avg_silhouette': -0.01655630671777406, 'num_points': 181}, {'avg_silhouette': 0.34354729555100544, 'num_points': 26}, {'avg_silhouette': -0.11322411679768726, 'num_points': 57}, {'avg_silhouette': 0.28298772258613464, 'num_points': 42}, {'avg_silhouette': -0.13055846764690612, 'num_points': 28}, {'avg_silhouette': 0.4482986312213093, 'num_points': 20}, {'avg_silhouette': 0.4609615718147811, 'num_points': 77}, {'avg_silhouette': 0.019411921454109648, 'num_points': 135}, {'avg_silhouette': 0.17796758594350037, 'num_points': 6}, {'avg_silhouette': 0.41559995021755747, 'num_points': 19}]",,24,0.2789362064531244,,9,0.2811851061363761
AGGLC,ward,,"[{'avg_silhouette': 0.06933292824362375, 'num_points': 295}, {'avg_silhouette': 0.18704321913972274, 'num_points': 503}, {'avg_silhouette': -0.08630415989193943, 'num_points': 322}, {'avg_silhouette': 0.28929972851070906, 'num_points': 330}, {'avg_silhouette': 0.4453007652745043, 'num_points': 373}, {'avg_silhouette': 0.47598413507901444, 'num_points': 129}, {'avg_silhouette': 0.31740359753377523, 'num_points': 93}, {'avg_silhouette': 0.729220708316864, 'num_points': 176}, {'avg_silhouette': 0.45914303934542333, 'num_points': 58}, {'avg_silhouette': 0.3647614115504376, 'num_points': 345}, {'avg_silhouette': 0.3598540337784954, 'num_points': 38}]",,11,0.2756284292411681,,7,0.28552208587770317
DBSCAN,,0.70991582276861,"[{'avg_silhouette': 0.26141186483904216, 'num_points': 1846}, {'avg_silhouette': 0.4093216197933836, 'num_points': 77}, {'avg_silhouette': 0.8393116760782768, 'num_points': 15}, {'avg_silhouette': 0.5889168445744376, 'num_points': 112}, {'avg_silhouette': 0.7586794248086857, 'num_points': 172}, {'avg_silhouette': 0.5298793648125137, 'num_points': 52}, {'avg_silhouette': 0.5362079452272682, 'num_points': 32}, {'avg_silhouette': 0.5772994205799047, 'num_points': 15}, {'avg_silhouette': 0.5472235590240727, 'num_points': 20}, {'avg_silhouette': 0.5027519602661772, 'num_points': 12}, {'avg_silhouette': 0.5711116587483978, 'num_points': 18}, {'avg_silhouette': 0.4787716335909123, 'num_points': 11}]",10.0,12,0.27561832473606335,,2,0.5100456448238639
K-means,,,"[{'avg_silhouette': 0.25473359412215524, 'num_points': 100}, {'avg_silhouette': -0.05420639463118749, 'num_points': 317}, {'avg_silhouette': 0.44942086728650005, 'num_points': 364}, {'avg_silhouette': 0.047502518509427785, 'num_points': 16}, {'avg_silhouette': 0.009603568255731732, 'num_points': 126}, {'avg_silhouette': 0.30958544776292807, 'num_points': 205}, {'avg_silhouette': 0.44453471597259364, 'num_points': 133}, {'avg_silhouette': 0.3605524457860894, 'num_points': 375}, {'avg_silhouette': 0.32567499536565087, 'num_points': 359}, {'avg_silhouette': 0.4217230830100438, 'num_points': 19}, {'avg_silhouette': -0.15214642295294387, 'num_points': 78}, {'avg_silhouette': 0.4315914005420831, 'num_points': 59}, {'avg_silhouette': 0.3297085241507989, 'num_points': 210}, {'avg_silhouette': 0.013323354834883549, 'num_points': 135}, {'avg_silhouette': 0.551650695590621, 'num_points': 166}]",,15,0.27527517321031547,,8,0.28571374201828553
DBSCAN,,0.6199158227686099,"[{'avg_silhouette': 0.2557074887703853, 'num_points': 1829}, {'avg_silhouette': 0.44029151274678746, 'num_points': 67}, {'avg_silhouette': 0.8389989923849843, 'num_points': 15}, {'avg_silhouette': 0.58826006370596, 'num_points': 112}, {'avg_silhouette': 0.7582526078165754, 'num_points': 172}, {'avg_silhouette': 0.5539838064320605, 'num_points': 49}, {'avg_silhouette': 0.5354660893157317, 'num_points': 32}, {'avg_silhouette': 0.494068011767322, 'num_points': 10}, {'avg_silhouette': 0.6348259222014456, 'num_points': 13}, {'avg_silhouette': 0.4886303387847971, 'num_points': 13}, {'avg_silhouette': 0.5465995068998293, 'num_points': 20}, {'avg_silhouette': 0.8241005964103932, 'num_points': 5}, {'avg_silhouette': 0.6009700853761373, 'num_points': 10}, {'avg_silhouette': 0.5158673743510837, 'num_points': 5}, {'avg_silhouette': 0.5742141223817864, 'num_points': 5}, {'avg_silhouette': 0.6283449613020967, 'num_points': 16}]",5.0,16,0.27073675545714027,,2,0.5069800482934803
DBSCAN,,0.69991582276861,"[{'avg_silhouette': 0.25965111234300753, 'num_points': 1842}, {'avg_silhouette': 0.4111210961095881, 'num_points': 76}, {'avg_silhouette': 0.8392346048307431, 'num_points': 15}, {'avg_silhouette': 0.5887433894570461, 'num_points': 112}, {'avg_silhouette': 0.7585703339950104, 'num_points': 172}, {'avg_silhouette': 0.5475002161326885, 'num_points': 50}, {'avg_silhouette': 0.5360076804493208, 'num_points': 32}, {'avg_silhouette': 0.5771364366243136, 'num_points': 15}, {'avg_silhouette': 0.5470239392851236, 'num_points': 20}, {'avg_silhouette': 0.5025855593199602, 'num_points': 12}, {'avg_silhouette': 0.628795421690491, 'num_points': 16}]",10.0,11,0.2699716184726071,,2,0.509110723169009
K-means,,,"[{'avg_silhouette': 0.1204002177430555, 'num_points': 285}, {'avg_silhouette': 0.28589763875921076, 'num_points': 98}, {'avg_silhouette': -0.08102593050703152, 'num_points': 390}, {'avg_silhouette': 0.6914585361953783, 'num_points': 182}, {'avg_silhouette': 0.4600208658007093, 'num_points': 374}, {'avg_silhouette': 0.27322900779390635, 'num_points': 471}, {'avg_silhouette': 0.2834795174219484, 'num_points': 384}, {'avg_silhouette': 0.26875958235992764, 'num_points': 342}, {'avg_silhouette': 0.42963986664597037, 'num_points': 136}]",,9,0.2691656542247786,,8,0.30574520793173304
K-means,,,"[{'avg_silhouette': 0.3166820753797757, 'num_points': 419}, {'avg_silhouette': 0.279985973819475, 'num_points': 98}, {'avg_silhouette': -0.09308608584455243, 'num_points': 390}, {'avg_silhouette': 0.35594211085459615, 'num_points': 326}, {'avg_silhouette': 0.42389329681987553, 'num_points': 136}, {'avg_silhouette': 0.11598078673990334, 'num_points': 283}, {'avg_silhouette': 0.477965978465541, 'num_points': 357}, {'avg_silhouette': -0.002178374192206163, 'num_points': 138}, {'avg_silhouette': 0.6889702435516228, 'num_points': 182}, {'avg_silhouette': 0.26808367217501516, 'num_points': 333}]",,10,0.2687196493339227,,9,0.28358374488328564
DBSCAN,,0.68991582276861,"[{'avg_silhouette': 0.2593157725718112, 'num_points': 1841}, {'avg_silhouette': 0.41105791205945497, 'num_points': 76}, {'avg_silhouette': 0.8392008449723227, 'num_points': 15}, {'avg_silhouette': 0.5886783546559323, 'num_points': 112}, {'avg_silhouette': 0.7585250272929789, 'num_points': 172}, {'avg_silhouette': 0.55444324674389, 'num_points': 49}, {'avg_silhouette': 0.5359344769224428, 'num_points': 32}, {'avg_silhouette': 0.6061111642825731, 'num_points': 14}, {'avg_silhouette': 0.5469681620702671, 'num_points': 20}, {'avg_silhouette': 0.5338549636676846, 'num_points': 10}, {'avg_silhouette': 0.628731519772808, 'num_points': 16}]",10.0,11,0.26838361104253916,,2,0.508920399932395
DBSCAN,,0.67991582276861,"[{'avg_silhouette': 0.25958835445198486, 'num_points': 1840}, {'avg_silhouette': 0.41097769558948455, 'num_points': 76}, {'avg_silhouette': 0.8391716814215425, 'num_points': 15}, {'avg_silhouette': 0.5886111657031545, 'num_points': 112}, {'avg_silhouette': 0.7584810514403236, 'num_points': 172}, {'avg_silhouette': 0.554373730853451, 'num_points': 49}, {'avg_silhouette': 0.5358612541094712, 'num_points': 32}, {'avg_silhouette': 0.6060454815504565, 'num_points': 14}, {'avg_silhouette': 0.5469005630989872, 'num_points': 20}, {'avg_silhouette': 0.5337832291737611, 'num_points': 10}, {'avg_silhouette': 0.628672430415685, 'num_points': 16}]",10.0,11,0.26837147727219224,,2,0.5090347029461543
DBSCAN,,0.66991582276861,"[{'avg_silhouette': 0.25985027486333495, 'num_points': 1839}, {'avg_silhouette': 0.4170368134283274, 'num_points': 74}, {'avg_silhouette': 0.8391402384857967, 'num_points': 15}, {'avg_silhouette': 0.5885469459411288, 'num_points': 112}, {'avg_silhouette': 0.7584382867935485, 'num_points': 172}, {'avg_silhouette': 0.5543058988961809, 'num_points': 49}, {'avg_silhouette': 0.5357885040266641, 'num_points': 32}, {'avg_silhouette': 0.6059850609662263, 'num_points': 14}, {'avg_silhouette': 0.5468450098495163, 'num_points': 20}, {'avg_silhouette': 0.5337405636215553, 'num_points': 10}, {'avg_silhouette': 0.6286441824875912, 'num_points': 16}]",10.0,11,0.26791644884760873,,2,0.5091442808284418
DBSCAN,,0.6599158227686099,"[{'avg_silhouette': 0.2603554893114767, 'num_points': 1836}, {'avg_silhouette': 0.4258462532291587, 'num_points': 71}, {'avg_silhouette': 0.8390896249361541, 'num_points': 15}, {'avg_silhouette': 0.588443353789914, 'num_points': 112}, {'avg_silhouette': 0.7583724839396835, 'num_points': 172}, {'avg_silhouette': 0.5541827823348537, 'num_points': 49}, {'avg_silhouette': 0.5356789754608938, 'num_points': 32}, {'avg_silhouette': 0.6058739571091355, 'num_points': 14}, {'avg_silhouette': 0.5467671404832137, 'num_points': 20}, {'avg_silhouette': 0.5335907929656823, 'num_points': 10}, {'avg_silhouette': 0.6285380689293791, 'num_points': 16}]",10.0,11,0.2669557639937388,,2,0.5093639866255801
DBSCAN,,0.5899158227686099,"[{'avg_silhouette': 0.2575088062796699, 'num_points': 1818}, {'avg_silhouette': 0.4689038029735249, 'num_points': 60}, {'avg_silhouette': 0.8387939161880734, 'num_points': 15}, {'avg_silhouette': 0.5878533112502227, 'num_points': 112}, {'avg_silhouette': 0.757992780624734, 'num_points': 172}, {'avg_silhouette': 0.553597486709774, 'num_points': 49}, {'avg_silhouette': 0.5350086729467058, 'num_points': 32}, {'avg_silhouette': 0.5139499816847597, 'num_points': 9}, {'avg_silhouette': 0.6344828914318784, 'num_points': 13}, {'avg_silhouette': 0.49911476724226, 'num_points': 12}, {'avg_silhouette': 0.5462078648192914, 'num_points': 20}, {'avg_silhouette': 0.8239146533389696, 'num_points': 5}, {'avg_silhouette': 0.600593060329629, 'num_points': 10}, {'avg_silhouette': 0.5737241714838023, 'num_points': 5}, {'avg_silhouette': 0.6279092898562812, 'num_points': 16}]",5.0,15,0.2668786621341032,,2,0.5077507934522019
AGGLC,ward,,"[{'avg_silhouette': -0.11013438160276247, 'num_points': 360}, {'avg_silhouette': 0.18704321913972274, 'num_points': 503}, {'avg_silhouette': 0.06933292824362375, 'num_points': 295}, {'avg_silhouette': 0.28929972851070906, 'num_points': 330}, {'avg_silhouette': 0.44536244040508505, 'num_points': 373}, {'avg_silhouette': 0.4806872100995859, 'num_points': 129}, {'avg_silhouette': 0.31740359753377523, 'num_points': 93}, {'avg_silhouette': 0.729220708316864, 'num_points': 176}, {'avg_silhouette': 0.45914303934542333, 'num_points': 58}, {'avg_silhouette': 0.3647614115504376, 'num_points': 345}]",,10,0.2662733617452957,,7,0.2821265792233828
DBSCAN,,0.6499158227686099,"[{'avg_silhouette': 0.26028031712549204, 'num_points': 1833}, {'avg_silhouette': 0.44242392042250483, 'num_points': 66}, {'avg_silhouette': 0.8390278083156869, 'num_points': 15}, {'avg_silhouette': 0.5883364825779321, 'num_points': 112}, {'avg_silhouette': 0.7582995248143859, 'num_points': 172}, {'avg_silhouette': 0.5540750693826959, 'num_points': 49}, {'avg_silhouette': 0.5355586586564627, 'num_points': 32}, {'avg_silhouette': 0.6348907423163115, 'num_points': 13}, {'avg_silhouette': 0.5466810313190249, 'num_points': 20}, {'avg_silhouette': 0.5334653773000213, 'num_points': 10}, {'avg_silhouette': 0.6284225826802968, 'num_points': 16}]",10.0,11,0.26490583792895966,,2,0.509289920969939
DBSCAN,,0.6399158227686099,"[{'avg_silhouette': 0.26021661937532153, 'num_points': 1832}, {'avg_silhouette': 0.46896701932167406, 'num_points': 61}, {'avg_silhouette': 0.8390171493936589, 'num_points': 15}, {'avg_silhouette': 0.5883103946894869, 'num_points': 112}, {'avg_silhouette': 0.7582827618429568, 'num_points': 172}, {'avg_silhouette': 0.5540501797185258, 'num_points': 49}, {'avg_silhouette': 0.5355267590698789, 'num_points': 32}, {'avg_silhouette': 0.6348715424961034, 'num_points': 13}, {'avg_silhouette': 0.5466503768951362, 'num_points': 20}, {'avg_silhouette': 0.533443573760619, 'num_points': 10}, {'avg_silhouette': 0.6283974585409795, 'num_points': 16}]",10.0,11,0.26375158223449985,,2,0.5092496906091392
K-means,,,"[{'avg_silhouette': -0.08685838496910656, 'num_points': 144}, {'avg_silhouette': 0.010022761425990285, 'num_points': 424}, {'avg_silhouette': 0.26224935459347576, 'num_points': 100}, {'avg_silhouette': 0.33274172017348885, 'num_points': 385}, {'avg_silhouette': 0.27113345299152036, 'num_points': 325}, {'avg_silhouette': 0.6858392337659948, 'num_points': 17}, {'avg_silhouette': 0.283117711131524, 'num_points': 16}, {'avg_silhouette': 0.24604907965413564, 'num_points': 80}, {'avg_silhouette': 0.5051685047645251, 'num_points': 305}, {'avg_silhouette': 0.43393051680473294, 'num_points': 133}, {'avg_silhouette': 0.43243308353213267, 'num_points': 59}, {'avg_silhouette': 0.060024050489221444, 'num_points': 117}, {'avg_silhouette': 0.04347650003118538, 'num_points': 85}, {'avg_silhouette': 0.575076188596524, 'num_points': 165}, {'avg_silhouette': 0.420809648018077, 'num_points': 35}, {'avg_silhouette': 0.4700252032121435, 'num_points': 154}, {'avg_silhouette': 0.013156815681644965, 'num_points': 118}]",,17,0.26357524622560824,,7,0.2967584923135837
K-means,,,"[{'avg_silhouette': 0.04010295621806323, 'num_points': 24}, {'avg_silhouette': -0.012100976612254033, 'num_points': 160}, {'avg_silhouette': 0.28357691761688864, 'num_points': 267}, {'avg_silhouette': 0.12131547110712877, 'num_points': 101}, {'avg_silhouette': 0.3100864055613018, 'num_points': 126}, {'avg_silhouette': -0.10225448387597243, 'num_points': 35}, {'avg_silhouette': -0.03366107139799709, 'num_points': 28}, {'avg_silhouette': 0.4498358590402908, 'num_points': 299}, {'avg_silhouette': 0.29626030308490825, 'num_points': 25}, {'avg_silhouette': 0.08824951774679941, 'num_points': 23}, {'avg_silhouette': 0.21389823482323964, 'num_points': 3}, {'avg_silhouette': 0.45571564512010265, 'num_points': 93}, {'avg_silhouette': 0.15508256780755417, 'num_points': 42}, {'avg_silhouette': 0.4451827194658643, 'num_points': 77}, {'avg_silhouette': 0.30690377866500873, 'num_points': 80}, {'avg_silhouette': -0.09342835736909315, 'num_points': 35}, {'avg_silhouette': 0.3649972690709082, 'num_points': 174}, {'avg_silhouette': 0.060995392785963914, 'num_points': 73}, {'avg_silhouette': 0.5412249698461057, 'num_points': 6}, {'avg_silhouette': 0.4091405935033525, 'num_points': 19}, {'avg_silhouette': -0.11530030640281858, 'num_points': 23}, {'avg_silhouette': 0.4143639844060894, 'num_points': 35}, {'avg_silhouette': 0.28422805822376196, 'num_points': 66}, {'avg_silhouette': 0.0017386846371267525, 'num_points': 98}, {'avg_silhouette': 0.3579809535563739, 'num_points': 223}, {'avg_silhouette': 0.058443561353824745, 'num_points': 80}, {'avg_silhouette': 0.09858986187048063, 'num_points': 65}, {'avg_silhouette': 0.07788081170959177, 'num_points': 30}, {'avg_silhouette': 0.43726858616995, 'num_points': 20}, {'avg_silhouette': 0.10087882343904284, 'num_points': 70}, {'avg_silhouette': -0.1185074153662678, 'num_points': 16}, {'avg_silhouette': 0.06521360158129427, 'num_points': 20}, {'avg_silhouette': 0.2583743698294601, 'num_points': 41}, {'avg_silhouette': 0.0033274392676935272, 'num_points': 15}, {'avg_silhouette': 0.7619147306142697, 'num_points': 16}, {'avg_silhouette': 0.5840509472172529, 'num_points': 154}]",,36,0.263555680853772,,6,0.3380568283149101
DBSCAN,,0.6299158227686099,"[{'avg_silhouette': 0.2607293876793245, 'num_points': 1829}, {'avg_silhouette': 0.47137405600652554, 'num_points': 60}, {'avg_silhouette': 0.838959203661642, 'num_points': 15}, {'avg_silhouette': 0.588174683696434, 'num_points': 112}, {'avg_silhouette': 0.758195841121089, 'num_points': 172}, {'avg_silhouette': 0.5539043563301734, 'num_points': 49}, {'avg_silhouette': 0.5353759025719051, 'num_points': 32}, {'avg_silhouette': 0.6347497126727977, 'num_points': 13}, {'avg_silhouette': 0.5465138735307462, 'num_points': 20}, {'avg_silhouette': 0.5332924513733699, 'num_points': 10}, {'avg_silhouette': 0.6282728181761935, 'num_points': 16}]",10.0,11,0.2632451427930105,,2,0.5094626144002068
DBSCAN,,0.6099158227686099,"[{'avg_silhouette': 0.25346282234725426, 'num_points': 1827}, {'avg_silhouette': 0.23748322103434238, 'num_points': 61}, {'avg_silhouette': 0.8389636943713599, 'num_points': 15}, {'avg_silhouette': 0.5882011615994542, 'num_points': 112}, {'avg_silhouette': 0.7582112716808481, 'num_points': 172}, {'avg_silhouette': 0.5539260724490063, 'num_points': 49}, {'avg_silhouette': 0.5353979875823666, 'num_points': 32}, {'avg_silhouette': 0.4939891353389987, 'num_points': 10}, {'avg_silhouette': 0.6347815037882663, 'num_points': 13}, {'avg_silhouette': 0.4885538184260817, 'num_points': 13}, {'avg_silhouette': 0.5465463416820555, 'num_points': 20}, {'avg_silhouette': 0.8240722285494995, 'num_points': 5}, {'avg_silhouette': 0.34752587445867067, 'num_points': 5}, {'avg_silhouette': 0.6009093951105259, 'num_points': 10}, {'avg_silhouette': 0.51579585318504, 'num_points': 5}, {'avg_silhouette': 0.5741372681829907, 'num_points': 5}, {'avg_silhouette': 0.6282714621189521, 'num_points': 16}]",5.0,17,0.2630224291791585,,2,0.5058370470140512
DBSCAN,,0.5999158227686099,"[{'avg_silhouette': 0.2551625309819763, 'num_points': 1820}, {'avg_silhouette': 0.23748322103434238, 'num_points': 61}, {'avg_silhouette': 0.8388177415374531, 'num_points': 15}, {'avg_silhouette': 0.587893849728949, 'num_points': 112}, {'avg_silhouette': 0.7580219643020122, 'num_points': 172}, {'avg_silhouette': 0.5536302017655409, 'num_points': 49}, {'avg_silhouette': 0.5350527339742623, 'num_points': 32}, {'avg_silhouette': 0.4936012680525817, 'num_points': 10}, {'avg_silhouette': 0.634512560757202, 'num_points': 13}, {'avg_silhouette': 0.48819138115139243, 'num_points': 13}, {'avg_silhouette': 0.5462417927300078, 'num_points': 20}, {'avg_silhouette': 0.8239368010140646, 'num_points': 5}, {'avg_silhouette': 0.34752587445867067, 'num_points': 5}, {'avg_silhouette': 0.6006305153506464, 'num_points': 10}, {'avg_silhouette': 0.5154305602482347, 'num_points': 5}, {'avg_silhouette': 0.5737707819018152, 'num_points': 5}, {'avg_silhouette': 0.6279597998705553, 'num_points': 16}]",5.0,17,0.2629608834310013,,2,0.5065922476419942
DBSCAN,,0.6199158227686099,"[{'avg_silhouette': 0.26124779865631537, 'num_points': 1825}, {'avg_silhouette': 0.47647601206925533, 'num_points': 59}, {'avg_silhouette': 0.8389046461848102, 'num_points': 15}, {'avg_silhouette': 0.588060696291779, 'num_points': 112}, {'avg_silhouette': 0.7581225416478343, 'num_points': 172}, {'avg_silhouette': 0.5538087740352522, 'num_points': 49}, {'avg_silhouette': 0.5352443281084305, 'num_points': 32}, {'avg_silhouette': 0.6346619036094387, 'num_points': 13}, {'avg_silhouette': 0.5463943903147904, 'num_points': 20}, {'avg_silhouette': 0.5331800163488893, 'num_points': 10}, {'avg_silhouette': 0.6281409367579855, 'num_points': 16}]",10.0,11,0.2627077025482595,,2,0.5096851701520748
K-means,,,"[{'avg_silhouette': 0.16437673360776786, 'num_points': 53}, {'avg_silhouette': 0.27685466247720847, 'num_points': 256}, {'avg_silhouette': 0.26631520330352604, 'num_points': 269}, {'avg_silhouette': 0.009693509709104974, 'num_points': 112}, {'avg_silhouette': 0.6772699375947896, 'num_points': 182}, {'avg_silhouette': -0.09772421331586091, 'num_points': 46}, {'avg_silhouette': 0.4202209257228119, 'num_points': 134}, {'avg_silhouette': -0.12941890114794308, 'num_points': 2}, {'avg_silhouette': -0.11097848809868838, 'num_points': 211}, {'avg_silhouette': -0.02698669175622892, 'num_points': 14}, {'avg_silhouette': 0.30238816760665366, 'num_points': 203}, {'avg_silhouette': 0.39169341940889374, 'num_points': 250}, {'avg_silhouette': 0.40995979111974384, 'num_points': 19}, {'avg_silhouette': 0.09103064873545161, 'num_points': 49}, {'avg_silhouette': 0.22864973395272065, 'num_points': 84}, {'avg_silhouette': 0.33510040624955373, 'num_points': 26}, {'avg_silhouette': 0.017827944980063765, 'num_points': 98}, {'avg_silhouette': 0.31107105139564356, 'num_points': 80}, {'avg_silhouette': 0.20943053223480126, 'num_points': 67}, {'avg_silhouette': 0.23382452711365653, 'num_points': 66}, {'avg_silhouette': 0.42071777060651483, 'num_points': 78}, {'avg_silhouette': 0.6642088220963838, 'num_points': 5}, {'avg_silhouette': -0.1586576431626523, 'num_points': 48}, {'avg_silhouette': 0.27396129419830084, 'num_points': 10}, {'avg_silhouette': 0.3236442379526642, 'num_points': 56}, {'avg_silhouette': 0.4225573625893919, 'num_points': 197}, {'avg_silhouette': 0.09798611718174902, 'num_points': 47}]",,27,0.2615116443585347,,8,0.33079014882557334
DBSCAN,,0.6099158227686099,"[{'avg_silhouette': 0.2640630195482937, 'num_points': 1815}, {'avg_silhouette': 0.48741025751027917, 'num_points': 56}, {'avg_silhouette': 0.8387078797561204, 'num_points': 15}, {'avg_silhouette': 0.5876787085883066, 'num_points': 112}, {'avg_silhouette': 0.7578692169599229, 'num_points': 172}, {'avg_silhouette': 0.5534906179508093, 'num_points': 49}, {'avg_silhouette': 0.5348088908822031, 'num_points': 32}, {'avg_silhouette': 0.6343664230251054, 'num_points': 13}, {'avg_silhouette': 0.5549241260772957, 'num_points': 19}, {'avg_silhouette': 0.6277186849010049, 'num_points': 16}]",10.0,10,0.2610088490840684,,2,0.5109661182541083
DBSCAN,,0.5999158227686099,"[{'avg_silhouette': 0.26536324298332403, 'num_points': 1808}, {'avg_silhouette': 0.4870850677721795, 'num_points': 56}, {'avg_silhouette': 0.8385747114579426, 'num_points': 15}, {'avg_silhouette': 0.5874077806410537, 'num_points': 112}, {'avg_silhouette': 0.757699236720014, 'num_points': 172}, {'avg_silhouette': 0.5532396694577149, 'num_points': 49}, {'avg_silhouette': 0.5345033968225248, 'num_points': 32}, {'avg_silhouette': 0.6341420883704155, 'num_points': 13}, {'avg_silhouette': 0.5546566292784337, 'num_points': 19}, {'avg_silhouette': 0.6274360984623333, 'num_points': 16}]",10.0,10,0.26070553785709816,,2,0.511531239851669
DBSCAN,,0.5899158227686099,"[{'avg_silhouette': 0.2659273647385814, 'num_points': 1804}, {'avg_silhouette': 0.4869730418639064, 'num_points': 56}, {'avg_silhouette': 0.838509294384931, 'num_points': 15}, {'avg_silhouette': 0.5872816303810772, 'num_points': 112}, {'avg_silhouette': 0.7576133176612903, 'num_points': 172}, {'avg_silhouette': 0.5531440000280977, 'num_points': 49}, {'avg_silhouette': 0.5419730065277831, 'num_points': 31}, {'avg_silhouette': 0.6340436303730344, 'num_points': 13}, {'avg_silhouette': 0.5545331150638318, 'num_points': 19}, {'avg_silhouette': 0.6273236436460702, 'num_points': 16}]",10.0,10,0.26012980929528023,,2,0.5117703411999358
K-means,,,"[{'avg_silhouette': -0.049313152614079855, 'num_points': 105}, {'avg_silhouette': -0.10552164934696585, 'num_points': 35}, {'avg_silhouette': 0.015216633248899419, 'num_points': 148}, {'avg_silhouette': 0.3758295925609337, 'num_points': 336}, {'avg_silhouette': 0.1060625321782258, 'num_points': 283}, {'avg_silhouette': -0.043439844813173326, 'num_points': 180}, {'avg_silhouette': 0.5373812908643386, 'num_points': 308}, {'avg_silhouette': 0.6855684492089865, 'num_points': 182}, {'avg_silhouette': 0.24645703605879402, 'num_points': 340}, {'avg_silhouette': 0.0991119995028477, 'num_points': 125}, {'avg_silhouette': 0.30095687064251636, 'num_points': 23}, {'avg_silhouette': 0.4351565577986412, 'num_points': 59}, {'avg_silhouette': 0.02457802843271948, 'num_points': 19}, {'avg_silhouette': 0.43207015836220647, 'num_points': 134}, {'avg_silhouette': 0.20482642513571306, 'num_points': 327}, {'avg_silhouette': 0.09904395885900895, 'num_points': 58}]",,16,0.2599590148304691,,9,0.28444136364499156
AGGLC,ward,,"[{'avg_silhouette': 0.08340971860269022, 'num_points': 733}, {'avg_silhouette': 0.20890765212247656, 'num_points': 503}, {'avg_silhouette': 0.10165809668457843, 'num_points': 295}, {'avg_silhouette': 0.3219265753077246, 'num_points': 330}, {'avg_silhouette': 0.3978895697118775, 'num_points': 345}, {'avg_silhouette': 0.4951018271509931, 'num_points': 129}, {'avg_silhouette': 0.3195592448021486, 'num_points': 93}, {'avg_silhouette': 0.741082715823095, 'num_points': 176}, {'avg_silhouette': 0.4671427880103219, 'num_points': 58}]",,9,0.2595149015161594,,6,0.309145721375407
DBSCAN,,0.5799158227686099,"[{'avg_silhouette': 0.2648890267769757, 'num_points': 1800}, {'avg_silhouette': 0.4920603157101154, 'num_points': 55}, {'avg_silhouette': 0.8384288097814144, 'num_points': 15}, {'avg_silhouette': 0.5941376196208473, 'num_points': 110}, {'avg_silhouette': 0.7574985861283043, 'num_points': 172}, {'avg_silhouette': 0.5601554680846998, 'num_points': 48}, {'avg_silhouette': 0.5492970872052197, 'num_points': 30}, {'avg_silhouette': 0.6338796240090842, 'num_points': 13}, {'avg_silhouette': 0.5543570011436877, 'num_points': 19}, {'avg_silhouette': 0.6807269115094445, 'num_points': 14}]",10.0,10,0.2566438006389219,,2,0.51119380645264
K-means,,,"[{'avg_silhouette': -0.02766700329037694, 'num_points': 468}, {'avg_silhouette': 0.35276710108551396, 'num_points': 349}, {'avg_silhouette': 0.6972261533468175, 'num_points': 181}, {'avg_silhouette': 0.4695373822135236, 'num_points': 356}, {'avg_silhouette': 0.30323040110385874, 'num_points': 95}, {'avg_silhouette': 0.037797821953176075, 'num_points': 124}, {'avg_silhouette': 0.25653496181533764, 'num_points': 304}, {'avg_silhouette': 0.41739838596629325, 'num_points': 137}, {'avg_silhouette': 0.06573507692561846, 'num_points': 37}, {'avg_silhouette': -0.007402684767746938, 'num_points': 105}, {'avg_silhouette': 0.2107061051887739, 'num_points': 506}]",,11,0.2556187201465799,,7,0.3395004409036975
DBSCAN,,0.5699158227686099,"[{'avg_silhouette': 0.2646181482861326, 'num_points': 1798}, {'avg_silhouette': 0.49889948802221157, 'num_points': 53}, {'avg_silhouette': 0.8384029767756715, 'num_points': 15}, {'avg_silhouette': 0.6013408077780207, 'num_points': 108}, {'avg_silhouette': 0.7574647506634308, 'num_points': 172}, {'avg_silhouette': 0.560106940261949, 'num_points': 48}, {'avg_silhouette': 0.559372734046956, 'num_points': 29}, {'avg_silhouette': 0.6338292764319186, 'num_points': 13}, {'avg_silhouette': 0.5653244216532494, 'num_points': 18}, {'avg_silhouette': 0.7070450771432625, 'num_points': 13}]",10.0,10,0.2539178051950405,,2,0.5110414494747817
K-means,,,"[{'avg_silhouette': -0.03366107139799709, 'num_points': 28}, {'avg_silhouette': 0.2722045504951462, 'num_points': 259}, {'avg_silhouette': 0.3229748856655014, 'num_points': 172}, {'avg_silhouette': -0.0207550923741145, 'num_points': 11}, {'avg_silhouette': 0.05468126592325951, 'num_points': 25}, {'avg_silhouette': -0.13521706678702675, 'num_points': 72}, {'avg_silhouette': 0.11827051121256704, 'num_points': 96}, {'avg_silhouette': 0.04775589658493884, 'num_points': 106}, {'avg_silhouette': 0.04528091384709766, 'num_points': 145}, {'avg_silhouette': 0.14758763995724944, 'num_points': 84}, {'avg_silhouette': -0.1032649194492531, 'num_points': 6}, {'avg_silhouette': 0.32795007644691904, 'num_points': 26}, {'avg_silhouette': 0.16519482246562367, 'num_points': 101}, {'avg_silhouette': 0.11617563287978161, 'num_points': 46}, {'avg_silhouette': 0.08599040545408529, 'num_points': 35}, {'avg_silhouette': 0.40589866961060833, 'num_points': 35}, {'avg_silhouette': 0.15914375881362003, 'num_points': 14}, {'avg_silhouette': 0.0759896239818195, 'num_points': 16}, {'avg_silhouette': 0.6586455866462029, 'num_points': 5}, {'avg_silhouette': 0.10872137702352373, 'num_points': 29}, {'avg_silhouette': 0.46370328456799126, 'num_points': 195}, {'avg_silhouette': 0.40420930565043417, 'num_points': 19}, {'avg_silhouette': 0.13375961164024638, 'num_points': 6}, {'avg_silhouette': 0.43180429511032126, 'num_points': 77}, {'avg_silhouette': 0.2717501618587751, 'num_points': 64}, {'avg_silhouette': 0.7595586806324665, 'num_points': 16}, {'avg_silhouette': 0.5840509472172529, 'num_points': 154}, {'avg_silhouette': 0.17872776617944708, 'num_points': 107}, {'avg_silhouette': 0.4962422309249975, 'num_points': 12}, {'avg_silhouette': 0.08333185747940895, 'num_points': 18}, {'avg_silhouette': 0.2575140388695428, 'num_points': 15}, {'avg_silhouette': 0.4119645826349494, 'num_points': 149}, {'avg_silhouette': -0.09355052278667862, 'num_points': 40}, {'avg_silhouette': 0.2621775778890835, 'num_points': 79}, {'avg_silhouette': 0.44164879708441224, 'num_points': 20}, {'avg_silhouette': 0.3820464499357701, 'num_points': 157}, {'avg_silhouette': 0.20294613003277712, 'num_points': 37}, {'avg_silhouette': 0.19075158278129692, 'num_points': 37}, {'avg_silhouette': 0.188388711434675, 'num_points': 47}, {'avg_silhouette': 0.4839754830445381, 'num_points': 7}, {'avg_silhouette': 0.07511798328265624, 'num_points': 95}]",,41,0.2524907581487129,,7,0.35460365919481557
DBSCAN,,0.5399158227686098,"[{'avg_silhouette': 0.26002198547108424, 'num_points': 1770}, {'avg_silhouette': 0.5110990451896251, 'num_points': 50}, {'avg_silhouette': 0.8380070799497946, 'num_points': 15}, {'avg_silhouette': 0.6077065506818811, 'num_points': 106}, {'avg_silhouette': 0.7609074770499443, 'num_points': 171}, {'avg_silhouette': 0.5697803244030094, 'num_points': 46}, {'avg_silhouette': 0.5464151935943131, 'num_points': 8}, {'avg_silhouette': 0.5720318748191913, 'num_points': 28}, {'avg_silhouette': 0.6331217898292827, 'num_points': 13}, {'avg_silhouette': 0.36021820571532176, 'num_points': 15}, {'avg_silhouette': 0.5914809179294624, 'num_points': 8}, {'avg_silhouette': 0.8231436191120498, 'num_points': 5}, {'avg_silhouette': 0.5326256587942021, 'num_points': 5}, {'avg_silhouette': 0.5991050515509737, 'num_points': 10}, {'avg_silhouette': 0.5722464309268249, 'num_points': 5}, {'avg_silhouette': 0.6541283063581045, 'num_points': 15}]",5.0,16,0.2507268559255425,,2,0.5104647312605143
DBSCAN,,0.5599158227686098,"[{'avg_silhouette': 0.2666523293441131, 'num_points': 1784}, {'avg_silhouette': 0.5063548427087952, 'num_points': 51}, {'avg_silhouette': 0.8381937341150404, 'num_points': 15}, {'avg_silhouette': 0.6124957699592424, 'num_points': 105}, {'avg_silhouette': 0.7611436220656936, 'num_points': 171}, {'avg_silhouette': 0.5596410018128231, 'num_points': 48}, {'avg_silhouette': 0.5716832102140893, 'num_points': 28}, {'avg_silhouette': 0.6334181175345994, 'num_points': 13}, {'avg_silhouette': 0.6382510656444548, 'num_points': 14}, {'avg_silhouette': 0.7067125299701575, 'num_points': 13}]",10.0,10,0.24948432236394225,,2,0.5138979757049034
DBSCAN,,0.5299158227686098,"[{'avg_silhouette': 0.26055351253462417, 'num_points': 1763}, {'avg_silhouette': 0.5141265525528897, 'num_points': 49}, {'avg_silhouette': 0.8378932966322109, 'num_points': 15}, {'avg_silhouette': 0.6074925838083542, 'num_points': 106}, {'avg_silhouette': 0.7607566993800001, 'num_points': 171}, {'avg_silhouette': 0.5695622370948833, 'num_points': 46}, {'avg_silhouette': 0.5461558738350503, 'num_points': 8}, {'avg_silhouette': 0.5717979370694792, 'num_points': 28}, {'avg_silhouette': 0.6566987039898958, 'num_points': 12}, {'avg_silhouette': 0.39994466658176997, 'num_points': 14}, {'avg_silhouette': 0.5913406112996712, 'num_points': 8}, {'avg_silhouette': 0.8230336349822164, 'num_points': 5}, {'avg_silhouette': 0.5377600325262836, 'num_points': 5}, {'avg_silhouette': 0.5988906974573295, 'num_points': 10}, {'avg_silhouette': 0.5720540531967376, 'num_points': 5}, {'avg_silhouette': 0.653963277853055, 'num_points': 15}]",5.0,16,0.24903015548596402,,2,0.5106551059573121
DBSCAN,,0.5199158227686098,"[{'avg_silhouette': 0.2623105571024177, 'num_points': 1756}, {'avg_silhouette': 0.5194003122872121, 'num_points': 48}, {'avg_silhouette': 0.8378353973017454, 'num_points': 15}, {'avg_silhouette': 0.6073667104544115, 'num_points': 106}, {'avg_silhouette': 0.7606689305851673, 'num_points': 171}, {'avg_silhouette': 0.5915840860537425, 'num_points': 43}, {'avg_silhouette': 0.5459983641178161, 'num_points': 8}, {'avg_silhouette': 0.571662475139558, 'num_points': 28}, {'avg_silhouette': 0.6801829056966089, 'num_points': 11}, {'avg_silhouette': 0.39994466658176997, 'num_points': 14}, {'avg_silhouette': 0.5911910054612497, 'num_points': 8}, {'avg_silhouette': 0.8229682093666828, 'num_points': 5}, {'avg_silhouette': 0.5377600325262836, 'num_points': 5}, {'avg_silhouette': 0.598769042794887, 'num_points': 10}, {'avg_silhouette': 0.6537945337478008, 'num_points': 15}]",5.0,15,0.2469353794176059,,2,0.5114897438437924
DBSCAN,,0.71991582276861,"[{'avg_silhouette': 0.20169279252351907, 'num_points': 1853}, {'avg_silhouette': 0.40764577735616964, 'num_points': 78}, {'avg_silhouette': 0.8394390732981664, 'num_points': 15}, {'avg_silhouette': 0.5840853418757399, 'num_points': 113}, {'avg_silhouette': 0.7052917143425733, 'num_points': 5}, {'avg_silhouette': 0.7535531081675425, 'num_points': 173}, {'avg_silhouette': 0.5301404670615675, 'num_points': 52}, {'avg_silhouette': 0.479104586375208, 'num_points': 11}, {'avg_silhouette': 0.5365144296745352, 'num_points': 32}, {'avg_silhouette': 0.5775423275193191, 'num_points': 15}, {'avg_silhouette': 0.4716414694415941, 'num_points': 14}, {'avg_silhouette': 0.5475048644120476, 'num_points': 20}, {'avg_silhouette': 0.49967824727875004, 'num_points': 5}, {'avg_silhouette': 0.82454732405865, 'num_points': 5}, {'avg_silhouette': 0.530332405373131, 'num_points': 12}, {'avg_silhouette': 0.5168536115995612, 'num_points': 5}, {'avg_silhouette': 0.4591397709429022, 'num_points': 9}, {'avg_silhouette': 0.5505410127642127, 'num_points': 19}]",5.0,18,0.2469227162989186,,2,0.4776229503455308
DBSCAN,,0.5499158227686098,"[{'avg_silhouette': 0.2675782667010938, 'num_points': 1774}, {'avg_silhouette': 0.5200782586509681, 'num_points': 49}, {'avg_silhouette': 0.8380635447285465, 'num_points': 15}, {'avg_silhouette': 0.6360013489993661, 'num_points': 100}, {'avg_silhouette': 0.7609799370143128, 'num_points': 171}, {'avg_silhouette': 0.5654224447512952, 'num_points': 47}, {'avg_silhouette': 0.5824799114555946, 'num_points': 27}, {'avg_silhouette': 0.63321822342976, 'num_points': 13}, {'avg_silhouette': 0.6380538794043985, 'num_points': 14}, {'avg_silhouette': 0.7065028699332684, 'num_points': 13}]",10.0,10,0.2459605343305856,,2,0.5142791018577033
DBSCAN,,0.70991582276861,"[{'avg_silhouette': 0.20223855944824137, 'num_points': 1847}, {'avg_silhouette': 0.40937472747746273, 'num_points': 77}, {'avg_silhouette': 0.8393375650066286, 'num_points': 15}, {'avg_silhouette': 0.5889657758040963, 'num_points': 112}, {'avg_silhouette': 0.7052221009083517, 'num_points': 5}, {'avg_silhouette': 0.758711218386706, 'num_points': 172}, {'avg_silhouette': 0.5299286511010636, 'num_points': 52}, {'avg_silhouette': 0.47882999663133546, 'num_points': 11}, {'avg_silhouette': 0.5362610783374848, 'num_points': 32}, {'avg_silhouette': 0.5773384388411945, 'num_points': 15}, {'avg_silhouette': 0.47141930336918153, 'num_points': 14}, {'avg_silhouette': 0.5472651458629605, 'num_points': 20}, {'avg_silhouette': 0.4994553529081947, 'num_points': 5}, {'avg_silhouette': 0.8244484844947436, 'num_points': 5}, {'avg_silhouette': 0.5300658073318801, 'num_points': 12}, {'avg_silhouette': 0.5166250914040307, 'num_points': 5}, {'avg_silhouette': 0.45883625832806235, 'num_points': 9}, {'avg_silhouette': 0.57117307346623, 'num_points': 18}]",5.0,18,0.24547783093808392,,2,0.4804748889174737
DBSCAN,,0.5399158227686098,"[{'avg_silhouette': 0.26878997515638847, 'num_points': 1766}, {'avg_silhouette': 0.5197981927480703, 'num_points': 49}, {'avg_silhouette': 0.8379397238869977, 'num_points': 15}, {'avg_silhouette': 0.6357585142805938, 'num_points': 100}, {'avg_silhouette': 0.7608137894307334, 'num_points': 171}, {'avg_silhouette': 0.5696274489405806, 'num_points': 46}, {'avg_silhouette': 0.582208247864169, 'num_points': 27}, {'avg_silhouette': 0.6329864280390516, 'num_points': 13}, {'avg_silhouette': 0.637837355085727, 'num_points': 14}, {'avg_silhouette': 0.7063070731258715, 'num_points': 13}]",10.0,10,0.24495992668343686,,2,0.5148018822935609
K-means,,,"[{'avg_silhouette': 0.46345935091543183, 'num_points': 375}, {'avg_silhouette': 0.4227952028355549, 'num_points': 137}, {'avg_silhouette': 0.27665845167394243, 'num_points': 471}, {'avg_silhouette': 0.2894147805679061, 'num_points': 98}, {'avg_silhouette': 0.7000582255202251, 'num_points': 181}, {'avg_silhouette': 0.26682968365783216, 'num_points': 394}, {'avg_silhouette': -0.011864209862458551, 'num_points': 718}, {'avg_silhouette': 0.12381266325629954, 'num_points': 288}]",,8,0.24394063002733102,,7,0.32024990971383244
DBSCAN,,0.69991582276861,"[{'avg_silhouette': 0.20039452590070722, 'num_points': 1845}, {'avg_silhouette': 0.4112891213838872, 'num_points': 76}, {'avg_silhouette': 0.839313473577452, 'num_points': 15}, {'avg_silhouette': 0.5889091908833711, 'num_points': 112}, {'avg_silhouette': 0.7052073275358679, 'num_points': 5}, {'avg_silhouette': 0.758676756188207, 'num_points': 172}, {'avg_silhouette': 0.5476576854894197, 'num_points': 50}, {'avg_silhouette': 0.47875742704025287, 'num_points': 11}, {'avg_silhouette': 0.536192988213051, 'num_points': 32}, {'avg_silhouette': 0.5772838777229341, 'num_points': 15}, {'avg_silhouette': 0.4713694080595769, 'num_points': 14}, {'avg_silhouette': 0.5471967372486513, 'num_points': 20}, {'avg_silhouette': 0.49939188552971164, 'num_points': 5}, {'avg_silhouette': 0.8244227105957508, 'num_points': 5}, {'avg_silhouette': 0.5299953421732856, 'num_points': 12}, {'avg_silhouette': 0.5165670291094578, 'num_points': 5}, {'avg_silhouette': 0.458779767809626, 'num_points': 9}, {'avg_silhouette': 0.6289586497628763, 'num_points': 16}]",5.0,18,0.2426997103390211,,2,0.4795356410444571
DBSCAN,,0.5299158227686098,"[{'avg_silhouette': 0.2700359401116273, 'num_points': 1754}, {'avg_silhouette': 0.5229853857861563, 'num_points': 48}, {'avg_silhouette': 0.8377340517121432, 'num_points': 15}, {'avg_silhouette': 0.6395571960435056, 'num_points': 99}, {'avg_silhouette': 0.7605478436310694, 'num_points': 171}, {'avg_silhouette': 0.5692104470884126, 'num_points': 46}, {'avg_silhouette': 0.5817792134400077, 'num_points': 27}, {'avg_silhouette': 0.656417002443221, 'num_points': 12}, {'avg_silhouette': 0.6581565512362537, 'num_points': 13}, {'avg_silhouette': 0.7059893086523386, 'num_points': 13}]",10.0,10,0.2423796971462168,,2,0.5152918918713484
AGGLC,ward,,"[{'avg_silhouette': 0.029051238485301254, 'num_points': 353}, {'avg_silhouette': 0.2091651087177419, 'num_points': 503}, {'avg_silhouette': 0.08397048566947891, 'num_points': 733}, {'avg_silhouette': 0.3223310735650201, 'num_points': 330}, {'avg_silhouette': 0.3979720302285574, 'num_points': 345}, {'avg_silhouette': 0.49588133868745043, 'num_points': 129}, {'avg_silhouette': 0.3233994259664149, 'num_points': 93}, {'avg_silhouette': 0.741082715823095, 'num_points': 176}]",,8,0.24235931812990047,,6,0.2972621087481991
DBSCAN,,0.67991582276861,"[{'avg_silhouette': 0.20109280987847095, 'num_points': 1842}, {'avg_silhouette': 0.4110917407681855, 'num_points': 76}, {'avg_silhouette': 0.8392234597767558, 'num_points': 15}, {'avg_silhouette': 0.5887200535903696, 'num_points': 112}, {'avg_silhouette': 0.7051242024464822, 'num_points': 5}, {'avg_silhouette': 0.7585510532194027, 'num_points': 172}, {'avg_silhouette': 0.5544750198125742, 'num_points': 49}, {'avg_silhouette': 0.47853870169707113, 'num_points': 11}, {'avg_silhouette': 0.5359794674867668, 'num_points': 32}, {'avg_silhouette': 0.6061411437390658, 'num_points': 14}, {'avg_silhouette': 0.48919298861132093, 'num_points': 13}, {'avg_silhouette': 0.5470120901266333, 'num_points': 20}, {'avg_silhouette': 0.49919568111110435, 'num_points': 5}, {'avg_silhouette': 0.8243276686675088, 'num_points': 5}, {'avg_silhouette': 0.5297906906781361, 'num_points': 12}, {'avg_silhouette': 0.5163756826482329, 'num_points': 5}, {'avg_silhouette': 0.4585558793155882, 'num_points': 9}, {'avg_silhouette': 0.6287828687290828, 'num_points': 16}]",5.0,18,0.24199603252717808,,2,0.4798219315489368
DBSCAN,,0.68991582276861,"[{'avg_silhouette': 0.20049422627261962, 'num_points': 1844}, {'avg_silhouette': 0.4112261743415308, 'num_points': 76}, {'avg_silhouette': 0.8392798445315873, 'num_points': 15}, {'avg_silhouette': 0.5888444059592638, 'num_points': 112}, {'avg_silhouette': 0.7051822708763364, 'num_points': 5}, {'avg_silhouette': 0.7586316212902509, 'num_points': 172}, {'avg_silhouette': 0.5546014153646799, 'num_points': 49}, {'avg_silhouette': 0.47868319631195216, 'num_points': 11}, {'avg_silhouette': 0.5361200635236099, 'num_points': 32}, {'avg_silhouette': 0.606254661902123, 'num_points': 14}, {'avg_silhouette': 0.4893329208811737, 'num_points': 13}, {'avg_silhouette': 0.5471411901410155, 'num_points': 20}, {'avg_silhouette': 0.4993321219791067, 'num_points': 5}, {'avg_silhouette': 0.8243887104558733, 'num_points': 5}, {'avg_silhouette': 0.5299272386212632, 'num_points': 12}, {'avg_silhouette': 0.5165043256004433, 'num_points': 5}, {'avg_silhouette': 0.45869643265180887, 'num_points': 9}, {'avg_silhouette': 0.6288949983865824, 'num_points': 16}]",5.0,18,0.241908501065404,,2,0.4795629237814352
K-means,,,"[{'avg_silhouette': 0.10796893107122549, 'num_points': 143}, {'avg_silhouette': 0.3258166287133447, 'num_points': 404}, {'avg_silhouette': 0.11213411118001425, 'num_points': 579}, {'avg_silhouette': 0.6881938265615998, 'num_points': 182}, {'avg_silhouette': 0.07929050435237461, 'num_points': 299}, {'avg_silhouette': 0.3064602166202101, 'num_points': 25}, {'avg_silhouette': 0.03324543145649477, 'num_points': 117}, {'avg_silhouette': 0.48407987863005647, 'num_points': 78}, {'avg_silhouette': 0.43517492052316653, 'num_points': 134}, {'avg_silhouette': 0.4373982266075767, 'num_points': 59}, {'avg_silhouette': 0.25768220465332825, 'num_points': 232}, {'avg_silhouette': 0.25429306839841637, 'num_points': 335}, {'avg_silhouette': 0.04300666732447706, 'num_points': 75}]",,13,0.24138978149645535,,8,0.2825692744316838
DBSCAN,,0.4999158227686098,"[{'avg_silhouette': 0.492258207757249, 'num_points': 40}, {'avg_silhouette': 0.38903886629481754, 'num_points': 196}, {'avg_silhouette': 0.4107764439476879, 'num_points': 14}, {'avg_silhouette': 0.34034519862368723, 'num_points': 7}, {'avg_silhouette': 0.2845319743940011, 'num_points': 108}, {'avg_silhouette': 0.3562704118868727, 'num_points': 64}, {'avg_silhouette': 0.27662335942411354, 'num_points': 214}, {'avg_silhouette': 0.4429950577334774, 'num_points': 277}, {'avg_silhouette': 0.5696031097986572, 'num_points': 21}, {'avg_silhouette': 0.8719257062212579, 'num_points': 14}, {'avg_silhouette': 0.4193302557297289, 'num_points': 82}, {'avg_silhouette': 0.341648660661901, 'num_points': 31}, {'avg_silhouette': 0.40456015629062575, 'num_points': 63}, {'avg_silhouette': 0.37301562375183944, 'num_points': 289}, {'avg_silhouette': 0.3132005142125471, 'num_points': 8}, {'avg_silhouette': 0.6234245764267343, 'num_points': 154}, {'avg_silhouette': 0.30812274975025866, 'num_points': 151}, {'avg_silhouette': 0.5707088219528749, 'num_points': 41}, {'avg_silhouette': 0.4825054635138509, 'num_points': 6}, {'avg_silhouette': 0.48272427623632286, 'num_points': 9}, {'avg_silhouette': 0.618053484882062, 'num_points': 20}, {'avg_silhouette': 0.6573939060794731, 'num_points': 11}, {'avg_silhouette': 0.3286465917326092, 'num_points': 7}, {'avg_silhouette': 0.29414847290209245, 'num_points': 7}, {'avg_silhouette': 0.5158415212003643, 'num_points': 12}, {'avg_silhouette': 0.5213416914301858, 'num_points': 8}, {'avg_silhouette': 0.4509533504897401, 'num_points': 12}, {'avg_silhouette': 0.32775705467778715, 'num_points': 14}, {'avg_silhouette': 0.33700382501585874, 'num_points': 31}, {'avg_silhouette': 0.3450106520611291, 'num_points': 11}, {'avg_silhouette': 0.7062729652617347, 'num_points': 5}, {'avg_silhouette': 0.2959295853192713, 'num_points': 46}, {'avg_silhouette': 0.5459004568723924, 'num_points': 11}, {'avg_silhouette': 0.8049691801329265, 'num_points': 5}, {'avg_silhouette': 0.37763116502647953, 'num_points': 36}, {'avg_silhouette': 0.5549361429195677, 'num_points': 5}, {'avg_silhouette': 0.5266422343020772, 'num_points': 13}, {'avg_silhouette': 0.29510165563719637, 'num_points': 28}, {'avg_silhouette': 0.42998841672193727, 'num_points': 28}, {'avg_silhouette': 0.5952908321024584, 'num_points': 6}, {'avg_silhouette': 0.34518731347352744, 'num_points': 6}, {'avg_silhouette': 0.2637134278274727, 'num_points': 6}, {'avg_silhouette': 0.7303285355003143, 'num_points': 11}]",5.0,43,0.24091140017596657,,6,0.4022033722302068
DBSCAN,,0.4899158227686098,"[{'avg_silhouette': 0.492258207757249, 'num_points': 40}, {'avg_silhouette': 0.38903886629481754, 'num_points': 196}, {'avg_silhouette': 0.4107764439476879, 'num_points': 14}, {'avg_silhouette': 0.3380513580868678, 'num_points': 7}, {'avg_silhouette': 0.2937481939246014, 'num_points': 107}, {'avg_silhouette': 0.3562704118868727, 'num_points': 64}, {'avg_silhouette': 0.2844556099978291, 'num_points': 211}, {'avg_silhouette': 0.44283883682078623, 'num_points': 277}, {'avg_silhouette': 0.5679209213201195, 'num_points': 21}, {'avg_silhouette': 0.8714416845745447, 'num_points': 14}, {'avg_silhouette': 0.43326349159349714, 'num_points': 81}, {'avg_silhouette': 0.341648660661901, 'num_points': 31}, {'avg_silhouette': 0.4042521157282626, 'num_points': 63}, {'avg_silhouette': 0.3728480289493898, 'num_points': 289}, {'avg_silhouette': 0.3132005142125471, 'num_points': 8}, {'avg_silhouette': 0.6234245764267343, 'num_points': 154}, {'avg_silhouette': 0.3078860984134466, 'num_points': 151}, {'avg_silhouette': 0.5695546482446315, 'num_points': 41}, {'avg_silhouette': 0.4825054635138509, 'num_points': 6}, {'avg_silhouette': 0.4801960654926946, 'num_points': 9}, {'avg_silhouette': 0.6168787419735587, 'num_points': 20}, {'avg_silhouette': 0.6562894133321784, 'num_points': 11}, {'avg_silhouette': 0.29414847290209245, 'num_points': 7}, {'avg_silhouette': 0.5158415212003643, 'num_points': 12}, {'avg_silhouette': 0.5213416914301858, 'num_points': 8}, {'avg_silhouette': 0.4509533504897401, 'num_points': 12}, {'avg_silhouette': 0.32775705467778715, 'num_points': 14}, {'avg_silhouette': 0.33256538733343205, 'num_points': 31}, {'avg_silhouette': 0.32526258862456353, 'num_points': 7}, {'avg_silhouette': 0.3450106520611291, 'num_points': 11}, {'avg_silhouette': 0.7062729652617347, 'num_points': 5}, {'avg_silhouette': 0.29430409738023133, 'num_points': 46}, {'avg_silhouette': 0.5459004568723924, 'num_points': 11}, {'avg_silhouette': 0.8043768687188504, 'num_points': 5}, {'avg_silhouette': 0.4011124995883485, 'num_points': 35}, {'avg_silhouette': 0.5549361429195677, 'num_points': 5}, {'avg_silhouette': 0.5266422343020772, 'num_points': 13}, {'avg_silhouette': 0.2915520811267848, 'num_points': 28}, {'avg_silhouette': 0.42998841672193727, 'num_points': 28}, {'avg_silhouette': 0.5952908321024584, 'num_points': 6}, {'avg_silhouette': 0.34518731347352744, 'num_points': 6}, {'avg_silhouette': 0.2637134278274727, 'num_points': 6}, {'avg_silhouette': 0.7303285355003143, 'num_points': 11}]",5.0,43,0.24068350405333858,,6,0.4034153361505006
DBSCAN,,0.66991582276861,"[{'avg_silhouette': 0.201726941939954, 'num_points': 1840}, {'avg_silhouette': 0.4170973051976883, 'num_points': 74}, {'avg_silhouette': 0.8391659999369819, 'num_points': 15}, {'avg_silhouette': 0.5886066624287504, 'num_points': 112}, {'avg_silhouette': 0.7584763367458751, 'num_points': 172}, {'avg_silhouette': 0.5543570667800862, 'num_points': 49}, {'avg_silhouette': 0.4784011220465849, 'num_points': 11}, {'avg_silhouette': 0.5358533162659745, 'num_points': 32}, {'avg_silhouette': 0.6060427418911989, 'num_points': 14}, {'avg_silhouette': 0.4890792502680335, 'num_points': 13}, {'avg_silhouette': 0.5469147352769607, 'num_points': 20}, {'avg_silhouette': 0.7050627506347531, 'num_points': 5}, {'avg_silhouette': 0.8242711141996322, 'num_points': 5}, {'avg_silhouette': 0.5592799201335212, 'num_points': 11}, {'avg_silhouette': 0.5162484822768196, 'num_points': 5}, {'avg_silhouette': 0.4584285224624409, 'num_points': 9}, {'avg_silhouette': 0.6287016939025227, 'num_points': 16}]",5.0,17,0.24018352016406794,,2,0.48010163934291455
DBSCAN,,1.0099158227686102,"[{'avg_silhouette': 0.250255949808007, 'num_points': 2470}, {'avg_silhouette': 0.3986816068688002, 'num_points': 88}, {'avg_silhouette': 0.692300158276326, 'num_points': 5}]",5.0,3,0.23946694023458473,,1,
DBSCAN,,0.5199158227686098,"[{'avg_silhouette': 0.2712425798172123, 'num_points': 1741}, {'avg_silhouette': 0.5325239681876589, 'num_points': 46}, {'avg_silhouette': 0.8376060312430308, 'num_points': 15}, {'avg_silhouette': 0.6393077492883674, 'num_points': 99}, {'avg_silhouette': 0.7603637821984027, 'num_points': 171}, {'avg_silhouette': 0.5910998685164937, 'num_points': 43}, {'avg_silhouette': 0.5814932795324432, 'num_points': 27}, {'avg_silhouette': 0.6798056885901762, 'num_points': 11}, {'avg_silhouette': 0.6579253470091879, 'num_points': 13}, {'avg_silhouette': 0.7057381286614283, 'num_points': 13}]",10.0,10,0.23890580167273034,,2,0.5158031810078075
DBSCAN,,0.6599158227686099,"[{'avg_silhouette': 0.202170761542169, 'num_points': 1837}, {'avg_silhouette': 0.41852698129842986, 'num_points': 73}, {'avg_silhouette': 0.8391154725523307, 'num_points': 15}, {'avg_silhouette': 0.5885032552373435, 'num_points': 112}, {'avg_silhouette': 0.7584106532104253, 'num_points': 172}, {'avg_silhouette': 0.554234130697192, 'num_points': 49}, {'avg_silhouette': 0.4782642166357741, 'num_points': 11}, {'avg_silhouette': 0.5357439832738713, 'num_points': 32}, {'avg_silhouette': 0.605931825639159, 'num_points': 14}, {'avg_silhouette': 0.48891940673366424, 'num_points': 13}, {'avg_silhouette': 0.5468370465145936, 'num_points': 20}, {'avg_silhouette': 0.7050137764844588, 'num_points': 5}, {'avg_silhouette': 0.8242189248968016, 'num_points': 5}, {'avg_silhouette': 0.5592199416727414, 'num_points': 11}, {'avg_silhouette': 0.5161147078636374, 'num_points': 5}, {'avg_silhouette': 0.5173151756634448, 'num_points': 6}, {'avg_silhouette': 0.628595766223138, 'num_points': 16}]",5.0,17,0.2386705268997151,,2,0.4802907073762972
DBSCAN,,1.0099158227686102,"[{'avg_silhouette': 0.2516558825155762, 'num_points': 2463}, {'avg_silhouette': 0.39826223632593094, 'num_points': 88}]",10.0,2,0.23784226605359304,,1,
DBSCAN,,0.6499158227686099,"[{'avg_silhouette': 0.20159818613229816, 'num_points': 1836}, {'avg_silhouette': 0.4229754482272928, 'num_points': 72}, {'avg_silhouette': 0.8390999074131594, 'num_points': 15}, {'avg_silhouette': 0.5884781608293819, 'num_points': 112}, {'avg_silhouette': 0.7583929869902537, 'num_points': 172}, {'avg_silhouette': 0.5542149425378422, 'num_points': 49}, {'avg_silhouette': 0.4782261514374737, 'num_points': 11}, {'avg_silhouette': 0.5357136943091702, 'num_points': 32}, {'avg_silhouette': 0.635011983260629, 'num_points': 13}, {'avg_silhouette': 0.48889904874225487, 'num_points': 13}, {'avg_silhouette': 0.5468125995200563, 'num_points': 20}, {'avg_silhouette': 0.7049823218897433, 'num_points': 5}, {'avg_silhouette': 0.82420659451017, 'num_points': 5}, {'avg_silhouette': 0.5591898848175519, 'num_points': 11}, {'avg_silhouette': 0.5160979794786826, 'num_points': 5}, {'avg_silhouette': 0.574397551816928, 'num_points': 5}, {'avg_silhouette': 0.6285650608952043, 'num_points': 16}]",5.0,17,0.2373429461973825,,2,0.47999558656127594
DBSCAN,,0.6399158227686099,"[{'avg_silhouette': 0.20166329511035908, 'num_points': 1835}, {'avg_silhouette': 0.42295309435507783, 'num_points': 72}, {'avg_silhouette': 0.8390893147401892, 'num_points': 15}, {'avg_silhouette': 0.5884522109799849, 'num_points': 112}, {'avg_silhouette': 0.7583763153776879, 'num_points': 172}, {'avg_silhouette': 0.5541901859922782, 'num_points': 49}, {'avg_silhouette': 0.5356819525101288, 'num_points': 32}, {'avg_silhouette': 0.49431214899664955, 'num_points': 10}, {'avg_silhouette': 0.6349928947023706, 'num_points': 13}, {'avg_silhouette': 0.48887503961715323, 'num_points': 13}, {'avg_silhouette': 0.5467820848766336, 'num_points': 20}, {'avg_silhouette': 0.7049522153402747, 'num_points': 5}, {'avg_silhouette': 0.8241932444263205, 'num_points': 5}, {'avg_silhouette': 0.5591562222924733, 'num_points': 11}, {'avg_silhouette': 0.5160820342785345, 'num_points': 5}, {'avg_silhouette': 0.5743792692695305, 'num_points': 5}, {'avg_silhouette': 0.6285400751600205, 'num_points': 16}]",5.0,17,0.2369147824159013,,2,0.4800198052440235
DBSCAN,,0.6299158227686099,"[{'avg_silhouette': 0.20207531143869953, 'num_points': 1832}, {'avg_silhouette': 0.43460792857456226, 'num_points': 68}, {'avg_silhouette': 0.8390316342990375, 'num_points': 15}, {'avg_silhouette': 0.5883170528232219, 'num_points': 112}, {'avg_silhouette': 0.7582897592359603, 'num_points': 172}, {'avg_silhouette': 0.5540449260502943, 'num_points': 49}, {'avg_silhouette': 0.5355317016455284, 'num_points': 32}, {'avg_silhouette': 0.4941442563856713, 'num_points': 10}, {'avg_silhouette': 0.6348715468607367, 'num_points': 13}, {'avg_silhouette': 0.4887105094162108, 'num_points': 13}, {'avg_silhouette': 0.5466461076435525, 'num_points': 20}, {'avg_silhouette': 0.8241273509395155, 'num_points': 5}, {'avg_silhouette': 0.6010110781892504, 'num_points': 10}, {'avg_silhouette': 0.5159376713624655, 'num_points': 5}, {'avg_silhouette': 0.5742662461071131, 'num_points': 5}, {'avg_silhouette': 0.6284159740850258, 'num_points': 16}, {'avg_silhouette': 0.7048615886483081, 'num_points': 5}]",5.0,17,0.23546832671882362,,2,0.4801825353373299
DBSCAN,,0.5099158227686098,"[{'avg_silhouette': 0.2629002397283004, 'num_points': 1736}, {'avg_silhouette': 0.5283998559560644, 'num_points': 47}, {'avg_silhouette': 0.8375827061501177, 'num_points': 15}, {'avg_silhouette': 0.43993905183135645, 'num_points': 100}, {'avg_silhouette': 0.7603146309231761, 'num_points': 171}, {'avg_silhouette': 0.5909803576788726, 'num_points': 43}, {'avg_silhouette': 0.5529634441398186, 'num_points': 7}, {'avg_silhouette': 0.5838012655833543, 'num_points': 27}, {'avg_silhouette': 0.6796975857057442, 'num_points': 11}, {'avg_silhouette': 0.45455138689179997, 'num_points': 13}, {'avg_silhouette': 0.5906923045297605, 'num_points': 8}, {'avg_silhouette': 0.8226855291996426, 'num_points': 5}, {'avg_silhouette': 0.5448505770715254, 'num_points': 5}, {'avg_silhouette': 0.5983878108822582, 'num_points': 10}, {'avg_silhouette': 0.6855665608971204, 'num_points': 6}, {'avg_silhouette': 0.738316765007356, 'num_points': 12}]",5.0,16,0.2351690121583761,,2,0.5116074353257383
DBSCAN,,0.4799158227686098,"[{'avg_silhouette': 0.492258207757249, 'num_points': 40}, {'avg_silhouette': 0.37131359494735017, 'num_points': 196}, {'avg_silhouette': 0.4107764439476879, 'num_points': 14}, {'avg_silhouette': 0.3371068730991839, 'num_points': 7}, {'avg_silhouette': 0.2936983515821016, 'num_points': 107}, {'avg_silhouette': 0.3562704118868727, 'num_points': 64}, {'avg_silhouette': 0.28699229063648646, 'num_points': 210}, {'avg_silhouette': 0.44283883682078623, 'num_points': 277}, {'avg_silhouette': 0.5672641019998025, 'num_points': 21}, {'avg_silhouette': 0.8714416845745447, 'num_points': 14}, {'avg_silhouette': 0.42032331010403506, 'num_points': 81}, {'avg_silhouette': 0.341648660661901, 'num_points': 31}, {'avg_silhouette': 0.4042521157282626, 'num_points': 63}, {'avg_silhouette': 0.36629413287451484, 'num_points': 289}, {'avg_silhouette': 0.6234245764267343, 'num_points': 154}, {'avg_silhouette': 0.31047847109340077, 'num_points': 150}, {'avg_silhouette': 0.5695277181495184, 'num_points': 41}, {'avg_silhouette': 0.48182861612564426, 'num_points': 6}, {'avg_silhouette': 0.5651938220977836, 'num_points': 8}, {'avg_silhouette': 0.6168596714534801, 'num_points': 20}, {'avg_silhouette': 0.6562741608651801, 'num_points': 11}, {'avg_silhouette': 0.38561009672887797, 'num_points': 5}, {'avg_silhouette': 0.5158415212003643, 'num_points': 12}, {'avg_silhouette': 0.5213416914301858, 'num_points': 8}, {'avg_silhouette': 0.4509533504897401, 'num_points': 12}, {'avg_silhouette': 0.3269421465533274, 'num_points': 14}, {'avg_silhouette': 0.3651605011604545, 'num_points': 29}, {'avg_silhouette': 0.3450106520611291, 'num_points': 11}, {'avg_silhouette': 0.7062729652617347, 'num_points': 5}, {'avg_silhouette': 0.28765099537360816, 'num_points': 46}, {'avg_silhouette': 0.3132005142125471, 'num_points': 8}, {'avg_silhouette': 0.5459004568723924, 'num_points': 11}, {'avg_silhouette': 0.39136408175681264, 'num_points': 35}, {'avg_silhouette': 0.5549361429195677, 'num_points': 5}, {'avg_silhouette': 0.5266422343020772, 'num_points': 13}, {'avg_silhouette': 0.2915520811267848, 'num_points': 28}, {'avg_silhouette': 0.42992303762853595, 'num_points': 28}, {'avg_silhouette': 0.5826378997553778, 'num_points': 6}, {'avg_silhouette': 0.32526258862456353, 'num_points': 7}, {'avg_silhouette': 0.2637134278274727, 'num_points': 6}, {'avg_silhouette': 0.43666953946648, 'num_points': 5}, {'avg_silhouette': 0.7303285355003143, 'num_points': 11}]",5.0,42,0.2347742101713062,,6,0.4002236504665455
K-means,,,"[{'avg_silhouette': 0.41963166885375736, 'num_points': 136}, {'avg_silhouette': 0.13592975169597898, 'num_points': 179}, {'avg_silhouette': 0.1339891209195012, 'num_points': 273}, {'avg_silhouette': 0.29231524035675305, 'num_points': 95}, {'avg_silhouette': 0.25857529404302765, 'num_points': 334}, {'avg_silhouette': -0.10092881821977115, 'num_points': 372}, {'avg_silhouette': 0.3549560837560951, 'num_points': 348}, {'avg_silhouette': 0.10584223990741227, 'num_points': 239}, {'avg_silhouette': 0.6856642649680569, 'num_points': 182}, {'avg_silhouette': 0.5384850481410287, 'num_points': 308}, {'avg_silhouette': 0.0827205916954737, 'num_points': 35}, {'avg_silhouette': -0.09281511608139013, 'num_points': 161}]",,12,0.23365372980919483,,10,0.2439329537983697
DBSCAN,,0.46991582276860977,"[{'avg_silhouette': 0.492258207757249, 'num_points': 40}, {'avg_silhouette': 0.38958436885962694, 'num_points': 196}, {'avg_silhouette': 0.4107764439476879, 'num_points': 14}, {'avg_silhouette': 0.33656918514251627, 'num_points': 7}, {'avg_silhouette': 0.3562704118868727, 'num_points': 64}, {'avg_silhouette': 0.44283883682078623, 'num_points': 277}, {'avg_silhouette': 0.5668390886026137, 'num_points': 21}, {'avg_silhouette': 0.8714416845745447, 'num_points': 14}, {'avg_silhouette': 0.2936983515821016, 'num_points': 107}, {'avg_silhouette': 0.28875135880307534, 'num_points': 209}, {'avg_silhouette': 0.4196242053097988, 'num_points': 81}, {'avg_silhouette': 0.341648660661901, 'num_points': 31}, {'avg_silhouette': 0.4042521157282626, 'num_points': 63}, {'avg_silhouette': 0.36629413287451484, 'num_points': 289}, {'avg_silhouette': 0.6234245764267343, 'num_points': 154}, {'avg_silhouette': 0.3089586807304611, 'num_points': 150}, {'avg_silhouette': 0.56950638152201, 'num_points': 41}, {'avg_silhouette': 0.48182861612564426, 'num_points': 6}, {'avg_silhouette': 0.5651938220977836, 'num_points': 8}, {'avg_silhouette': 0.6168455536584033, 'num_points': 20}, {'avg_silhouette': 0.6562741608651801, 'num_points': 11}, {'avg_silhouette': 0.5158415212003643, 'num_points': 12}, {'avg_silhouette': 0.5661170600513824, 'num_points': 6}, {'avg_silhouette': 0.4509533504897401, 'num_points': 12}, {'avg_silhouette': 0.3558900150743548, 'num_points': 13}, {'avg_silhouette': 0.3651605011604545, 'num_points': 29}, {'avg_silhouette': 0.3450106520611291, 'num_points': 11}, {'avg_silhouette': 0.7062729652617347, 'num_points': 5}, {'avg_silhouette': 0.2871898413075181, 'num_points': 46}, {'avg_silhouette': 0.3132005142125471, 'num_points': 8}, {'avg_silhouette': 0.5459004568723924, 'num_points': 11}, {'avg_silhouette': 0.39136408175681264, 'num_points': 35}, {'avg_silhouette': 0.5549361429195677, 'num_points': 5}, {'avg_silhouette': 0.5266422343020772, 'num_points': 13}, {'avg_silhouette': 0.2915520811267848, 'num_points': 28}, {'avg_silhouette': 0.42992303762853595, 'num_points': 28}, {'avg_silhouette': 0.5826378997553778, 'num_points': 6}, {'avg_silhouette': 0.3620442216041071, 'num_points': 6}, {'avg_silhouette': 0.2637134278274727, 'num_points': 6}, {'avg_silhouette': 0.43666953946648, 'num_points': 5}, {'avg_silhouette': 0.7303285355003143, 'num_points': 11}]",5.0,41,0.23308240807248343,,6,0.4033086590858665
DBSCAN,,0.5099158227686098,"[{'avg_silhouette': 0.27411705009359094, 'num_points': 1712}, {'avg_silhouette': 0.53173489472604, 'num_points': 46}, {'avg_silhouette': 0.8372286689810979, 'num_points': 15}, {'avg_silhouette': 0.6436140772918101, 'num_points': 98}, {'avg_silhouette': 0.7598470793100278, 'num_points': 171}, {'avg_silhouette': 0.5947039674811885, 'num_points': 42}, {'avg_silhouette': 0.6791230118344532, 'num_points': 11}, {'avg_silhouette': 0.7197016954140222, 'num_points': 11}, {'avg_silhouette': 0.6164843876244404, 'num_points': 23}, {'avg_silhouette': 0.7377014794482356, 'num_points': 12}]",10.0,10,0.2322980949113648,,2,0.5169820647018094
DBSCAN,,0.45991582276860976,"[{'avg_silhouette': 0.492258207757249, 'num_points': 40}, {'avg_silhouette': 0.39559044463574783, 'num_points': 195}, {'avg_silhouette': 0.4107764439476879, 'num_points': 14}, {'avg_silhouette': 0.3546598751047597, 'num_points': 64}, {'avg_silhouette': 0.44283883682078623, 'num_points': 277}, {'avg_silhouette': 0.5658365778720238, 'num_points': 21}, {'avg_silhouette': 0.8714416845745447, 'num_points': 14}, {'avg_silhouette': 0.2935488505801384, 'num_points': 107}, {'avg_silhouette': 0.2818470980360925, 'num_points': 208}, {'avg_silhouette': 0.4196242053097988, 'num_points': 81}, {'avg_silhouette': 0.341648660661901, 'num_points': 31}, {'avg_silhouette': 0.4042521157282626, 'num_points': 63}, {'avg_silhouette': 0.36629413287451484, 'num_points': 289}, {'avg_silhouette': 0.6234245764267343, 'num_points': 154}, {'avg_silhouette': 0.31568353637312097, 'num_points': 149}, {'avg_silhouette': 0.5694024405234681, 'num_points': 41}, {'avg_silhouette': 0.4793258285565676, 'num_points': 6}, {'avg_silhouette': 0.5651938220977836, 'num_points': 8}, {'avg_silhouette': 0.6168056610043913, 'num_points': 20}, {'avg_silhouette': 0.6769816251138531, 'num_points': 10}, {'avg_silhouette': 0.5562736820031388, 'num_points': 11}, {'avg_silhouette': 0.4504960203909048, 'num_points': 12}, {'avg_silhouette': 0.35311864223093037, 'num_points': 13}, {'avg_silhouette': 0.3651605011604545, 'num_points': 29}, {'avg_silhouette': 0.3450106520611291, 'num_points': 11}, {'avg_silhouette': 0.7062729652617347, 'num_points': 5}, {'avg_silhouette': 0.28611489063009954, 'num_points': 46}, {'avg_silhouette': 0.3132005142125471, 'num_points': 8}, {'avg_silhouette': 0.4623775107349647, 'num_points': 5}, {'avg_silhouette': 0.5459004568723924, 'num_points': 11}, {'avg_silhouette': 0.39136408175681264, 'num_points': 35}, {'avg_silhouette': 0.5486735672780025, 'num_points': 5}, {'avg_silhouette': 0.5266422343020772, 'num_points': 13}, {'avg_silhouette': 0.2915520811267848, 'num_points': 28}, {'avg_silhouette': 0.42836913557438255, 'num_points': 28}, {'avg_silhouette': 0.5826378997553778, 'num_points': 6}, {'avg_silhouette': 0.3620442216041071, 'num_points': 6}, {'avg_silhouette': 0.2637134278274727, 'num_points': 6}, {'avg_silhouette': 0.573265855569649, 'num_points': 5}, {'avg_silhouette': 0.43666953946648, 'num_points': 5}, {'avg_silhouette': 0.7303285355003143, 'num_points': 11}]",5.0,41,0.230910040665892,,6,0.4042797708611661
AGGLC,ward,,"[{'avg_silhouette': 0.17397746730076255, 'num_points': 2357}, {'avg_silhouette': 0.7526604939382515, 'num_points': 176}, {'avg_silhouette': 0.5211273974657161, 'num_points': 129}]",,3,0.2290603199226548,,2,0.46331898061950705
DBSCAN,,0.44991582276860975,"[{'avg_silhouette': 0.492258207757249, 'num_points': 40}, {'avg_silhouette': 0.4001551617078484, 'num_points': 194}, {'avg_silhouette': 0.4107764439476879, 'num_points': 14}, {'avg_silhouette': 0.35940472906469634, 'num_points': 63}, {'avg_silhouette': 0.44283883682078623, 'num_points': 277}, {'avg_silhouette': 0.5650776352784285, 'num_points': 21}, {'avg_silhouette': 0.8714416845745447, 'num_points': 14}, {'avg_silhouette': 0.2933279615230117, 'num_points': 107}, {'avg_silhouette': 0.28492759293607084, 'num_points': 207}, {'avg_silhouette': 0.4047966071769758, 'num_points': 81}, {'avg_silhouette': 0.341648660661901, 'num_points': 31}, {'avg_silhouette': 0.4042521157282626, 'num_points': 63}, {'avg_silhouette': 0.36413452875361035, 'num_points': 289}, {'avg_silhouette': 0.6234245764267343, 'num_points': 154}, {'avg_silhouette': 0.30212705159439573, 'num_points': 147}, {'avg_silhouette': 0.5754442640336116, 'num_points': 40}, {'avg_silhouette': 0.6191761005469293, 'num_points': 5}, {'avg_silhouette': 0.6652181777948384, 'num_points': 7}, {'avg_silhouette': 0.6329775063460225, 'num_points': 19}, {'avg_silhouette': 0.676953204440953, 'num_points': 10}, {'avg_silhouette': 0.5562736820031388, 'num_points': 11}, {'avg_silhouette': 0.4499293458770586, 'num_points': 12}, {'avg_silhouette': 0.3504237980060425, 'num_points': 13}, {'avg_silhouette': 0.3651605011604545, 'num_points': 29}, {'avg_silhouette': 0.37502489046058846, 'num_points': 10}, {'avg_silhouette': 0.7062729652617347, 'num_points': 5}, {'avg_silhouette': 0.28529209061580696, 'num_points': 46}, {'avg_silhouette': 0.3123122662378783, 'num_points': 8}, {'avg_silhouette': 0.4621166380433962, 'num_points': 5}, {'avg_silhouette': 0.5459004568723924, 'num_points': 11}, {'avg_silhouette': 0.39136408175681264, 'num_points': 35}, {'avg_silhouette': 0.5486735672780025, 'num_points': 5}, {'avg_silhouette': 0.5266422343020772, 'num_points': 13}, {'avg_silhouette': 0.2915520811267848, 'num_points': 28}, {'avg_silhouette': 0.4270600229541186, 'num_points': 28}, {'avg_silhouette': 0.570566923366151, 'num_points': 6}, {'avg_silhouette': 0.3620442216041071, 'num_points': 6}, {'avg_silhouette': 0.2637134278274727, 'num_points': 6}, {'avg_silhouette': 0.43666953946648, 'num_points': 5}, {'avg_silhouette': 0.7303285355003143, 'num_points': 11}]",5.0,40,0.2274035640582129,,6,0.4029346247065743
AGGLC,ward,,"[{'avg_silhouette': 0.06483710912560621, 'num_points': 683}, {'avg_silhouette': 0.22851961896337986, 'num_points': 503}, {'avg_silhouette': 0.09863061787971751, 'num_points': 733}, {'avg_silhouette': 0.7416348192758169, 'num_points': 176}, {'avg_silhouette': 0.4093475640430197, 'num_points': 345}, {'avg_silhouette': 0.500083853537722, 'num_points': 129}, {'avg_silhouette': 0.33525527296193885, 'num_points': 93}]",,7,0.2250065935598851,,5,0.30859394585750805
DBSCAN,,0.4999158227686098,"[{'avg_silhouette': 0.49207162636325047, 'num_points': 40}, {'avg_silhouette': 0.3932329115748118, 'num_points': 195}, {'avg_silhouette': 0.44979421867133057, 'num_points': 13}, {'avg_silhouette': 0.28373261976160025, 'num_points': 108}, {'avg_silhouette': 0.3745568191087675, 'num_points': 63}, {'avg_silhouette': 0.4467690915083793, 'num_points': 276}, {'avg_silhouette': 0.5682219273082777, 'num_points': 21}, {'avg_silhouette': 0.8719257062212579, 'num_points': 14}, {'avg_silhouette': 0.29179113341278107, 'num_points': 212}, {'avg_silhouette': 0.6755237785791138, 'num_points': 82}, {'avg_silhouette': 0.3364708436604082, 'num_points': 31}, {'avg_silhouette': 0.512953199935207, 'num_points': 63}, {'avg_silhouette': 0.37777537324825716, 'num_points': 289}, {'avg_silhouette': 0.6234245764267343, 'num_points': 154}, {'avg_silhouette': 0.3367040675958382, 'num_points': 150}, {'avg_silhouette': 0.5705645082794738, 'num_points': 41}, {'avg_silhouette': 0.6573278687328543, 'num_points': 11}, {'avg_silhouette': 0.737945208261203, 'num_points': 10}, {'avg_silhouette': 0.4715392529501463, 'num_points': 12}, {'avg_silhouette': 0.35393085113279715, 'num_points': 13}, {'avg_silhouette': 0.35195335950469925, 'num_points': 30}, {'avg_silhouette': 0.32150346039241223, 'num_points': 46}, {'avg_silhouette': 0.6179998589285466, 'num_points': 20}, {'avg_silhouette': 0.5459004568723924, 'num_points': 11}, {'avg_silhouette': 0.37257500436020774, 'num_points': 36}, {'avg_silhouette': 0.5266422343020772, 'num_points': 13}, {'avg_silhouette': 0.29510165563719637, 'num_points': 28}, {'avg_silhouette': 0.42841598157418975, 'num_points': 28}, {'avg_silhouette': 0.7303285355003143, 'num_points': 11}]",10.0,29,0.22472004311751212,,6,0.411616192294467
DBSCAN,,0.4899158227686098,"[{'avg_silhouette': 0.49207162636325047, 'num_points': 40}, {'avg_silhouette': 0.3932329115748118, 'num_points': 195}, {'avg_silhouette': 0.44979421867133057, 'num_points': 13}, {'avg_silhouette': 0.37444880448724166, 'num_points': 63}, {'avg_silhouette': 0.44660463347224766, 'num_points': 276}, {'avg_silhouette': 0.5672641019998025, 'num_points': 21}, {'avg_silhouette': 0.8714416845745447, 'num_points': 14}, {'avg_silhouette': 0.29295179187740955, 'num_points': 107}, {'avg_silhouette': 0.2961020773752625, 'num_points': 210}, {'avg_silhouette': 0.6838580684567425, 'num_points': 81}, {'avg_silhouette': 0.3364708436604082, 'num_points': 31}, {'avg_silhouette': 0.5095661049808078, 'num_points': 63}, {'avg_silhouette': 0.37765795051165435, 'num_points': 289}, {'avg_silhouette': 0.6234245764267343, 'num_points': 154}, {'avg_silhouette': 0.33632417436834267, 'num_points': 150}, {'avg_silhouette': 0.5695062484882373, 'num_points': 41}, {'avg_silhouette': 0.73705315888985, 'num_points': 10}, {'avg_silhouette': 0.4715392529501463, 'num_points': 12}, {'avg_silhouette': 0.3474135731685985, 'num_points': 30}, {'avg_silhouette': 0.35393085113279715, 'num_points': 13}, {'avg_silhouette': 0.3203188083666444, 'num_points': 46}, {'avg_silhouette': 0.6168596714534801, 'num_points': 20}, {'avg_silhouette': 0.5459004568723924, 'num_points': 11}, {'avg_silhouette': 0.39600628501365603, 'num_points': 35}, {'avg_silhouette': 0.6562233759855597, 'num_points': 11}, {'avg_silhouette': 0.5266422343020772, 'num_points': 13}, {'avg_silhouette': 0.2915520811267848, 'num_points': 28}, {'avg_silhouette': 0.42841598157418975, 'num_points': 28}, {'avg_silhouette': 0.7303285355003143, 'num_points': 11}]",10.0,29,0.22410204999714214,,6,0.4122243872881755
DBSCAN,,0.43991582276860974,"[{'avg_silhouette': 0.49171492587934473, 'num_points': 40}, {'avg_silhouette': 0.39772577241361845, 'num_points': 194}, {'avg_silhouette': 0.4107764439476879, 'num_points': 14}, {'avg_silhouette': 0.3708741629814154, 'num_points': 62}, {'avg_silhouette': 0.45705633573652543, 'num_points': 272}, {'avg_silhouette': 0.5650776352784285, 'num_points': 21}, {'avg_silhouette': 0.8714416845745447, 'num_points': 14}, {'avg_silhouette': 0.2913720536995655, 'num_points': 107}, {'avg_silhouette': 0.28492759293607084, 'num_points': 207}, {'avg_silhouette': 0.4076580857452993, 'num_points': 81}, {'avg_silhouette': 0.341648660661901, 'num_points': 31}, {'avg_silhouette': 0.4042521157282626, 'num_points': 63}, {'avg_silhouette': 0.3614715632536546, 'num_points': 289}, {'avg_silhouette': 0.6234245764267343, 'num_points': 154}, {'avg_silhouette': 0.30212705159439573, 'num_points': 147}, {'avg_silhouette': 0.5875732846282604, 'num_points': 38}, {'avg_silhouette': 0.6191761005469293, 'num_points': 5}, {'avg_silhouette': 0.6652181777948384, 'num_points': 7}, {'avg_silhouette': 0.6329775063460225, 'num_points': 19}, {'avg_silhouette': 0.7058212632208796, 'num_points': 9}, {'avg_silhouette': 0.5562736820031388, 'num_points': 11}, {'avg_silhouette': 0.4499293458770586, 'num_points': 12}, {'avg_silhouette': 0.3504237980060425, 'num_points': 13}, {'avg_silhouette': 0.3775718055734232, 'num_points': 28}, {'avg_silhouette': 0.37502489046058846, 'num_points': 10}, {'avg_silhouette': 0.7062729652617347, 'num_points': 5}, {'avg_silhouette': 0.28529209061580696, 'num_points': 46}, {'avg_silhouette': 0.31026095690963196, 'num_points': 8}, {'avg_silhouette': 0.4621166380433962, 'num_points': 5}, {'avg_silhouette': 0.5459004568723924, 'num_points': 11}, {'avg_silhouette': 0.3888443172287171, 'num_points': 35}, {'avg_silhouette': 0.5486735672780025, 'num_points': 5}, {'avg_silhouette': 0.5266422343020772, 'num_points': 13}, {'avg_silhouette': 0.2915520811267848, 'num_points': 28}, {'avg_silhouette': 0.4270600229541186, 'num_points': 28}, {'avg_silhouette': 0.570566923366151, 'num_points': 6}, {'avg_silhouette': 0.2625327865009713, 'num_points': 6}, {'avg_silhouette': 0.43666953946648, 'num_points': 5}, {'avg_silhouette': 0.7303285355003143, 'num_points': 11}]",5.0,39,0.2233671016989703,,6,0.4044554820601666
DBSCAN,,0.4799158227686098,"[{'avg_silhouette': 0.49207162636325047, 'num_points': 40}, {'avg_silhouette': 0.3932329115748118, 'num_points': 195}, {'avg_silhouette': 0.44979421867133057, 'num_points': 13}, {'avg_silhouette': 0.37444880448724166, 'num_points': 63}, {'avg_silhouette': 0.44660463347224766, 'num_points': 276}, {'avg_silhouette': 0.5672641019998025, 'num_points': 21}, {'avg_silhouette': 0.8714416845745447, 'num_points': 14}, {'avg_silhouette': 0.29290034199850257, 'num_points': 107}, {'avg_silhouette': 0.2961020773752625, 'num_points': 210}, {'avg_silhouette': 0.6838580684567425, 'num_points': 81}, {'avg_silhouette': 0.3364708436604082, 'num_points': 31}, {'avg_silhouette': 0.5095661049808078, 'num_points': 63}, {'avg_silhouette': 0.3746445641570336, 'num_points': 289}, {'avg_silhouette': 0.6234245764267343, 'num_points': 154}, {'avg_silhouette': 0.3307765890804163, 'num_points': 149}, {'avg_silhouette': 0.5695017114962327, 'num_points': 41}, {'avg_silhouette': 0.7370455761266045, 'num_points': 10}, {'avg_silhouette': 0.4715392529501463, 'num_points': 12}, {'avg_silhouette': 0.3651605011604545, 'num_points': 29}, {'avg_silhouette': 0.3203188083666444, 'num_points': 46}, {'avg_silhouette': 0.6168596714534801, 'num_points': 20}, {'avg_silhouette': 0.3769248068313653, 'num_points': 12}, {'avg_silhouette': 0.5459004568723924, 'num_points': 11}, {'avg_silhouette': 0.39136408175681264, 'num_points': 35}, {'avg_silhouette': 0.6756596588333424, 'num_points': 10}, {'avg_silhouette': 0.5266422343020772, 'num_points': 13}, {'avg_silhouette': 0.2915520811267848, 'num_points': 28}, {'avg_silhouette': 0.42841598157418975, 'num_points': 28}, {'avg_silhouette': 0.7303285355003143, 'num_points': 11}]",10.0,29,0.2223323916163966,,6,0.41079755868108436
K-means,,,"[{'avg_silhouette': 0.23319669479567287, 'num_points': 383}, {'avg_silhouette': -0.00037511426770416717, 'num_points': 627}, {'avg_silhouette': 0.2586993198399024, 'num_points': 547}, {'avg_silhouette': 0.3055570909286163, 'num_points': 397}, {'avg_silhouette': 0.44342715795634086, 'num_points': 137}, {'avg_silhouette': 0.30349101477178514, 'num_points': 98}, {'avg_silhouette': 0.3132224930453124, 'num_points': 473}]",,7,0.22184061225021254,,6,0.25895460704969014
DBSCAN,,0.46991582276860977,"[{'avg_silhouette': 0.49207162636325047, 'num_points': 40}, {'avg_silhouette': 0.3932329115748118, 'num_points': 195}, {'avg_silhouette': 0.44979421867133057, 'num_points': 13}, {'avg_silhouette': 0.37444880448724166, 'num_points': 63}, {'avg_silhouette': 0.44660463347224766, 'num_points': 276}, {'avg_silhouette': 0.5653535879258941, 'num_points': 21}, {'avg_silhouette': 0.8714416845745447, 'num_points': 14}, {'avg_silhouette': 0.29269465335869577, 'num_points': 107}, {'avg_silhouette': 0.30471515677313965, 'num_points': 207}, {'avg_silhouette': 0.6838580684567425, 'num_points': 81}, {'avg_silhouette': 0.3364708436604082, 'num_points': 31}, {'avg_silhouette': 0.5095441075555905, 'num_points': 63}, {'avg_silhouette': 0.3769419963327394, 'num_points': 288}, {'avg_silhouette': 0.6234245764267343, 'num_points': 154}, {'avg_silhouette': 0.3307765890804163, 'num_points': 149}, {'avg_silhouette': 0.5754953466300592, 'num_points': 40}, {'avg_silhouette': 0.7370455761266045, 'num_points': 10}, {'avg_silhouette': 0.4715392529501463, 'num_points': 12}, {'avg_silhouette': 0.36487010499716993, 'num_points': 29}, {'avg_silhouette': 0.31779306632768356, 'num_points': 46}, {'avg_silhouette': 0.6167936543977187, 'num_points': 20}, {'avg_silhouette': 0.3769248068313653, 'num_points': 12}, {'avg_silhouette': 0.5459004568723924, 'num_points': 11}, {'avg_silhouette': 0.39136408175681264, 'num_points': 35}, {'avg_silhouette': 0.6756596588333424, 'num_points': 10}, {'avg_silhouette': 0.5266422343020772, 'num_points': 13}, {'avg_silhouette': 0.2911560282822819, 'num_points': 28}, {'avg_silhouette': 0.42841598157418975, 'num_points': 28}, {'avg_silhouette': 0.7302253518437835, 'num_points': 11}]",10.0,29,0.2217790326397103,,6,0.4126159772766815
DBSCAN,,0.42991582276860973,"[{'avg_silhouette': 0.49171492587934473, 'num_points': 40}, {'avg_silhouette': 0.4027891228787488, 'num_points': 193}, {'avg_silhouette': 0.40719725511072674, 'num_points': 14}, {'avg_silhouette': 0.3696232920387106, 'num_points': 62}, {'avg_silhouette': 0.4566238496322131, 'num_points': 272}, {'avg_silhouette': 0.5645870791249299, 'num_points': 21}, {'avg_silhouette': 0.8714416845745447, 'num_points': 14}, {'avg_silhouette': 0.29058807386416247, 'num_points': 107}, {'avg_silhouette': 0.2876029278245218, 'num_points': 206}, {'avg_silhouette': 0.4076580857452993, 'num_points': 81}, {'avg_silhouette': 0.3485853000646714, 'num_points': 30}, {'avg_silhouette': 0.4311432476805953, 'num_points': 61}, {'avg_silhouette': 0.3561177627427612, 'num_points': 287}, {'avg_silhouette': 0.6234245764267343, 'num_points': 154}, {'avg_silhouette': 0.30212705159439573, 'num_points': 147}, {'avg_silhouette': 0.5875552271230862, 'num_points': 38}, {'avg_silhouette': 0.6191761005469293, 'num_points': 5}, {'avg_silhouette': 0.6652181777948384, 'num_points': 7}, {'avg_silhouette': 0.6329650241929327, 'num_points': 19}, {'avg_silhouette': 0.7058212632208796, 'num_points': 9}, {'avg_silhouette': 0.5562736820031388, 'num_points': 11}, {'avg_silhouette': 0.44944515198904383, 'num_points': 12}, {'avg_silhouette': 0.3504237980060425, 'num_points': 13}, {'avg_silhouette': 0.3997277665662762, 'num_points': 27}, {'avg_silhouette': 0.7022460854491931, 'num_points': 5}, {'avg_silhouette': 0.316843554321942, 'num_points': 46}, {'avg_silhouette': 0.453680407795361, 'num_points': 8}, {'avg_silhouette': 0.46144447769710134, 'num_points': 5}, {'avg_silhouette': 0.5459004568723924, 'num_points': 11}, {'avg_silhouette': 0.38297687644566075, 'num_points': 35}, {'avg_silhouette': 0.5486735672780025, 'num_points': 5}, {'avg_silhouette': 0.5266422343020772, 'num_points': 13}, {'avg_silhouette': 0.30314455642640864, 'num_points': 27}, {'avg_silhouette': 0.4257304015034323, 'num_points': 28}, {'avg_silhouette': 0.570566923366151, 'num_points': 6}, {'avg_silhouette': 0.3080261470579543, 'num_points': 5}, {'avg_silhouette': 0.31026095690963196, 'num_points': 8}, {'avg_silhouette': 0.7299259286934674, 'num_points': 11}]",5.0,38,0.22009675036185447,,6,0.40478088184989586
DBSCAN,,0.45991582276860976,"[{'avg_silhouette': 0.49207162636325047, 'num_points': 40}, {'avg_silhouette': 0.3932329115748118, 'num_points': 195}, {'avg_silhouette': 0.44979421867133057, 'num_points': 13}, {'avg_silhouette': 0.37444880448724166, 'num_points': 63}, {'avg_silhouette': 0.44660463347224766, 'num_points': 276}, {'avg_silhouette': 0.5653535879258941, 'num_points': 21}, {'avg_silhouette': 0.8714416845745447, 'num_points': 14}, {'avg_silhouette': 0.29253656674063644, 'num_points': 107}, {'avg_silhouette': 0.30471515677313965, 'num_points': 207}, {'avg_silhouette': 0.6892138916612842, 'num_points': 80}, {'avg_silhouette': 0.3364708436604082, 'num_points': 31}, {'avg_silhouette': 0.5095441075555905, 'num_points': 63}, {'avg_silhouette': 0.3788033717318097, 'num_points': 287}, {'avg_silhouette': 0.6124764604684945, 'num_points': 154}, {'avg_silhouette': 0.3307765890804163, 'num_points': 149}, {'avg_silhouette': 0.5754953466300592, 'num_points': 40}, {'avg_silhouette': 0.4715392529501463, 'num_points': 12}, {'avg_silhouette': 0.36465313449981224, 'num_points': 29}, {'avg_silhouette': 0.31779306632768356, 'num_points': 46}, {'avg_silhouette': 0.6167936543977187, 'num_points': 20}, {'avg_silhouette': 0.3769248068313653, 'num_points': 12}, {'avg_silhouette': 0.630840537352187, 'num_points': 10}, {'avg_silhouette': 0.39136408175681264, 'num_points': 35}, {'avg_silhouette': 0.5266422343020772, 'num_points': 13}, {'avg_silhouette': 0.2907898440138504, 'num_points': 28}, {'avg_silhouette': 0.42841598157418975, 'num_points': 28}, {'avg_silhouette': 0.7370455761266045, 'num_points': 10}, {'avg_silhouette': 0.730164582985613, 'num_points': 11}]",10.0,28,0.21803116435195333,,6,0.41110152051681986
DBSCAN,,0.44991582276860975,"[{'avg_silhouette': 0.49207162636325047, 'num_points': 40}, {'avg_silhouette': 0.39772577241361845, 'num_points': 194}, {'avg_silhouette': 0.44979421867133057, 'num_points': 13}, {'avg_silhouette': 0.37959244483994187, 'num_points': 62}, {'avg_silhouette': 0.44660463347224766, 'num_points': 276}, {'avg_silhouette': 0.5645870791249299, 'num_points': 21}, {'avg_silhouette': 0.8714416845745447, 'num_points': 14}, {'avg_silhouette': 0.2923277663406424, 'num_points': 107}, {'avg_silhouette': 0.3074017181487652, 'num_points': 206}, {'avg_silhouette': 0.6892129734986133, 'num_points': 80}, {'avg_silhouette': 0.3364708436604082, 'num_points': 31}, {'avg_silhouette': 0.5095310430486342, 'num_points': 63}, {'avg_silhouette': 0.3788033717318097, 'num_points': 287}, {'avg_silhouette': 0.6124764604684945, 'num_points': 154}, {'avg_silhouette': 0.33979744017133656, 'num_points': 147}, {'avg_silhouette': 0.5754171320746471, 'num_points': 40}, {'avg_silhouette': 0.47032572323707833, 'num_points': 12}, {'avg_silhouette': 0.36465313449981224, 'num_points': 29}, {'avg_silhouette': 0.316843554321942, 'num_points': 46}, {'avg_silhouette': 0.6610217219010625, 'num_points': 17}, {'avg_silhouette': 0.37419371071054797, 'num_points': 12}, {'avg_silhouette': 0.630840537352187, 'num_points': 10}, {'avg_silhouette': 0.39136408175681264, 'num_points': 35}, {'avg_silhouette': 0.5266422343020772, 'num_points': 13}, {'avg_silhouette': 0.2907898440138504, 'num_points': 28}, {'avg_silhouette': 0.4270981731877949, 'num_points': 28}, {'avg_silhouette': 0.7369971601164259, 'num_points': 10}, {'avg_silhouette': 0.730164582985613, 'num_points': 11}]",10.0,28,0.21653350938658047,,6,0.41380156606771196
DBSCAN,,0.4199158227686097,"[{'avg_silhouette': 0.5114303641472597, 'num_points': 39}, {'avg_silhouette': 0.34414559652645704, 'num_points': 192}, {'avg_silhouette': 0.4013247455232814, 'num_points': 14}, {'avg_silhouette': 0.36860508710506956, 'num_points': 62}, {'avg_silhouette': 0.45216830807740743, 'num_points': 272}, {'avg_silhouette': 0.5645870791249299, 'num_points': 21}, {'avg_silhouette': 0.8714416845745447, 'num_points': 14}, {'avg_silhouette': 0.2897117141043604, 'num_points': 107}, {'avg_silhouette': 0.2876076804263352, 'num_points': 206}, {'avg_silhouette': 0.4156161305290835, 'num_points': 80}, {'avg_silhouette': 0.36602270994533986, 'num_points': 28}, {'avg_silhouette': 0.4311432476805953, 'num_points': 61}, {'avg_silhouette': 0.3553842427047374, 'num_points': 286}, {'avg_silhouette': 0.6294664741535888, 'num_points': 153}, {'avg_silhouette': 0.32449725403722707, 'num_points': 143}, {'avg_silhouette': 0.5916820609737865, 'num_points': 37}, {'avg_silhouette': 0.6136265217569828, 'num_points': 5}, {'avg_silhouette': 0.6643556782230806, 'num_points': 7}, {'avg_silhouette': 0.6329650241929327, 'num_points': 19}, {'avg_silhouette': 0.7056743151450058, 'num_points': 9}, {'avg_silhouette': 0.5562736820031388, 'num_points': 11}, {'avg_silhouette': 0.44906209758246, 'num_points': 12}, {'avg_silhouette': 0.3433790643032013, 'num_points': 13}, {'avg_silhouette': 0.39941635896622285, 'num_points': 27}, {'avg_silhouette': 0.7022460854491931, 'num_points': 5}, {'avg_silhouette': 0.32109779897688057, 'num_points': 45}, {'avg_silhouette': 0.5097837997251048, 'num_points': 7}, {'avg_silhouette': 0.46144447769710134, 'num_points': 5}, {'avg_silhouette': 0.5448396898454297, 'num_points': 11}, {'avg_silhouette': 0.38279077846108267, 'num_points': 35}, {'avg_silhouette': 0.5486735672780025, 'num_points': 5}, {'avg_silhouette': 0.5225622628425518, 'num_points': 13}, {'avg_silhouette': 0.3166900712228425, 'num_points': 26}, {'avg_silhouette': 0.786074146995452, 'num_points': 9}, {'avg_silhouette': 0.5480383400527341, 'num_points': 19}, {'avg_silhouette': 0.570566923366151, 'num_points': 6}, {'avg_silhouette': 0.3080261470579543, 'num_points': 5}, {'avg_silhouette': 0.31026095690963196, 'num_points': 8}, {'avg_silhouette': 0.7297247197513049, 'num_points': 11}]",5.0,39,0.2146773590166676,,6,0.3988782593209588
DBSCAN,,0.5799158227686099,"[{'avg_silhouette': 0.1879375725080504, 'num_points': 1805}, {'avg_silhouette': 0.4729368848780931, 'num_points': 59}, {'avg_silhouette': 0.8385256620645204, 'num_points': 15}, {'avg_silhouette': 0.5943471920714448, 'num_points': 110}, {'avg_silhouette': 0.7576359627388212, 'num_points': 172}, {'avg_silhouette': 0.5531370139554393, 'num_points': 49}, {'avg_silhouette': 0.5414252204472935, 'num_points': 31}, {'avg_silhouette': 0.5133100907110302, 'num_points': 9}, {'avg_silhouette': 0.6340589022536751, 'num_points': 13}, {'avg_silhouette': 0.4976504607691264, 'num_points': 12}, {'avg_silhouette': 0.5456784518954826, 'num_points': 20}, {'avg_silhouette': 0.4480936618663141, 'num_points': 9}, {'avg_silhouette': 0.8236479329281211, 'num_points': 5}, {'avg_silhouette': 0.6000458559423371, 'num_points': 10}, {'avg_silhouette': 0.5731803326457902, 'num_points': 5}, {'avg_silhouette': 0.6273773981080424, 'num_points': 16}]",5.0,16,0.21445864331044634,,2,0.4727867676234358
DBSCAN,,0.43991582276860974,"[{'avg_silhouette': 0.49171492587934473, 'num_points': 40}, {'avg_silhouette': 0.39772577241361845, 'num_points': 194}, {'avg_silhouette': 0.44828410057503165, 'num_points': 13}, {'avg_silhouette': 0.37959244483994187, 'num_points': 62}, {'avg_silhouette': 0.4572654152733642, 'num_points': 272}, {'avg_silhouette': 0.5645870791249299, 'num_points': 21}, {'avg_silhouette': 0.8714416845745447, 'num_points': 14}, {'avg_silhouette': 0.2904881573944633, 'num_points': 107}, {'avg_silhouette': 0.3074017181487652, 'num_points': 206}, {'avg_silhouette': 0.6892129734986133, 'num_points': 80}, {'avg_silhouette': 0.37502234639861126, 'num_points': 28}, {'avg_silhouette': 0.5095310430486342, 'num_points': 63}, {'avg_silhouette': 0.38127411582048387, 'num_points': 285}, {'avg_silhouette': 0.6124764604684945, 'num_points': 154}, {'avg_silhouette': 0.33979744017133656, 'num_points': 147}, {'avg_silhouette': 0.5875580608552119, 'num_points': 38}, {'avg_silhouette': 0.47032572323707833, 'num_points': 12}, {'avg_silhouette': 0.3765486859297086, 'num_points': 28}, {'avg_silhouette': 0.316843554321942, 'num_points': 46}, {'avg_silhouette': 0.6610217219010625, 'num_points': 17}, {'avg_silhouette': 0.37419371071054797, 'num_points': 12}, {'avg_silhouette': 0.630840537352187, 'num_points': 10}, {'avg_silhouette': 0.3888443172287171, 'num_points': 35}, {'avg_silhouette': 0.5266422343020772, 'num_points': 13}, {'avg_silhouette': 0.2900286644561909, 'num_points': 28}, {'avg_silhouette': 0.4270981731877949, 'num_points': 28}, {'avg_silhouette': 0.7369971601164259, 'num_points': 10}, {'avg_silhouette': 0.7297691521031265, 'num_points': 11}]",10.0,28,0.21424992382639188,,6,0.41599015371601045
DBSCAN,,0.42991582276860973,"[{'avg_silhouette': 0.49171492587934473, 'num_points': 40}, {'avg_silhouette': 0.4027891228787488, 'num_points': 193}, {'avg_silhouette': 0.4441969523713724, 'num_points': 13}, {'avg_silhouette': 0.4572654152733642, 'num_points': 272}, {'avg_silhouette': 0.37813324889257877, 'num_points': 62}, {'avg_silhouette': 0.5643155954905777, 'num_points': 21}, {'avg_silhouette': 0.8714416845745447, 'num_points': 14}, {'avg_silhouette': 0.2897277555336066, 'num_points': 107}, {'avg_silhouette': 0.3096741712337661, 'num_points': 205}, {'avg_silhouette': 0.689207945216656, 'num_points': 80}, {'avg_silhouette': 0.3850540165248648, 'num_points': 27}, {'avg_silhouette': 0.5353116906959196, 'num_points': 61}, {'avg_silhouette': 0.3791291227640537, 'num_points': 283}, {'avg_silhouette': 0.6124764604684945, 'num_points': 154}, {'avg_silhouette': 0.3496605430719021, 'num_points': 145}, {'avg_silhouette': 0.5916877634438793, 'num_points': 37}, {'avg_silhouette': 0.4690743016996306, 'num_points': 12}, {'avg_silhouette': 0.3988484452584874, 'num_points': 27}, {'avg_silhouette': 0.3202934645730094, 'num_points': 45}, {'avg_silhouette': 0.6609954276354881, 'num_points': 17}, {'avg_silhouette': 0.3711831953910835, 'num_points': 12}, {'avg_silhouette': 0.630840537352187, 'num_points': 10}, {'avg_silhouette': 0.38297687644566075, 'num_points': 35}, {'avg_silhouette': 0.5266422343020772, 'num_points': 13}, {'avg_silhouette': 0.3017005802476401, 'num_points': 27}, {'avg_silhouette': 0.4257304015034323, 'num_points': 28}, {'avg_silhouette': 0.736961042992818, 'num_points': 10}, {'avg_silhouette': 0.7295300607679607, 'num_points': 11}]",10.0,28,0.2118668343207841,,6,0.4184991392817216
HDBSCAN,,,"[{'avg_silhouette': 0.2687693916161257, 'num_points': 1932}, {'avg_silhouette': 0.7497466805419384, 'num_points': 174}]",,2,0.20777247888580955,112.0,2,0.509258036079032
HDBSCAN,,,"[{'avg_silhouette': 0.2873029803871456, 'num_points': 1839}, {'avg_silhouette': 0.7476700380032881, 'num_points': 174}]",,2,0.20737686484901222,118.0,2,0.5174865091952169
HDBSCAN,,,"[{'avg_silhouette': 0.2875571472924665, 'num_points': 1838}, {'avg_silhouette': 0.7476421556796985, 'num_points': 174}]",,2,0.20735322529434558,129.0,2,0.5175996514860826
HDBSCAN,,,"[{'avg_silhouette': 0.2875571472924665, 'num_points': 1838}, {'avg_silhouette': 0.7476421556796985, 'num_points': 174}]",,2,0.20735322529434558,124.0,2,0.5175996514860826
HDBSCAN,,,"[{'avg_silhouette': 0.28777427873757283, 'num_points': 1837}, {'avg_silhouette': 0.7476052465183696, 'num_points': 174}]",,2,0.20731080443005928,134.0,2,0.5176897626279712
HDBSCAN,,,"[{'avg_silhouette': 0.2880238798956398, 'num_points': 1836}, {'avg_silhouette': 0.7475608504764861, 'num_points': 174}]",,2,0.20727498833772712,139.0,2,0.517792365186063
HDBSCAN,,,"[{'avg_silhouette': 0.2885100895809936, 'num_points': 1834}, {'avg_silhouette': 0.7474698351936947, 'num_points': 174}]",,2,0.2071399897739741,144.0,2,0.5179899623873442
HDBSCAN,,,"[{'avg_silhouette': 0.2880329383389377, 'num_points': 1833}, {'avg_silhouette': 0.7526641624768321, 'num_points': 173}]",,2,0.20648002339146015,149.0,2,0.5203485504078849
HDBSCAN,,,"[{'avg_silhouette': 0.2885047658280552, 'num_points': 1831}, {'avg_silhouette': 0.752593735493981, 'num_points': 173}]",,2,0.2064078887783845,153.0,2,0.5205492506610181
HDBSCAN,,,"[{'avg_silhouette': 0.2881452208889156, 'num_points': 1830}, {'avg_silhouette': 0.7579597677473122, 'num_points': 172}]",,2,0.20583803615325383,157.0,2,0.5230524943181138
HDBSCAN,,,"[{'avg_silhouette': 0.288301642550185, 'num_points': 1829}, {'avg_silhouette': 0.7579385550208065, 'num_points': 172}]",,2,0.20574528923395316,161.0,2,0.5231200987854958
HDBSCAN,,,"[{'avg_silhouette': 0.288301642550185, 'num_points': 1829}, {'avg_silhouette': 0.7579385550208065, 'num_points': 172}]",,2,0.20574528923395316,165.0,2,0.5231200987854958
HDBSCAN,,,"[{'avg_silhouette': 0.28847007367880995, 'num_points': 1828}, {'avg_silhouette': 0.7579132412422794, 'num_points': 172}]",,2,0.2056658718328888,169.0,2,0.5231916574605446
DBSCAN,,0.5699158227686099,"[{'avg_silhouette': 0.179332868333659, 'num_points': 1800}, {'avg_silhouette': 0.4883203804285246, 'num_points': 55}, {'avg_silhouette': 0.8384388450477919, 'num_points': 15}, {'avg_silhouette': 0.5972863516625749, 'num_points': 109}, {'avg_silhouette': 0.7575164099624974, 'num_points': 172}, {'avg_silhouette': 0.5529834647212742, 'num_points': 49}, {'avg_silhouette': 0.5507771355287596, 'num_points': 30}, {'avg_silhouette': 0.5130828656649626, 'num_points': 9}, {'avg_silhouette': 0.6338999530967503, 'num_points': 13}, {'avg_silhouette': 0.5454791669407378, 'num_points': 20}, {'avg_silhouette': 0.5476684066609674, 'num_points': 9}, {'avg_silhouette': 0.4504851417840627, 'num_points': 8}, {'avg_silhouette': 0.8235632375558106, 'num_points': 5}, {'avg_silhouette': 0.5998404786615671, 'num_points': 10}, {'avg_silhouette': 0.5730207599936381, 'num_points': 5}, {'avg_silhouette': 0.6271836225157323, 'num_points': 16}]",5.0,16,0.20460703407606043,,2,0.4684246391480782
DBSCAN,,0.4099158227686097,"[{'avg_silhouette': 0.5111615714626722, 'num_points': 39}, {'avg_silhouette': 0.3409778155682129, 'num_points': 192}, {'avg_silhouette': 0.43981852492827844, 'num_points': 13}, {'avg_silhouette': 0.360649840203372, 'num_points': 62}, {'avg_silhouette': 0.45711249283109945, 'num_points': 271}, {'avg_silhouette': 0.5629878640057728, 'num_points': 21}, {'avg_silhouette': 0.8714416845745447, 'num_points': 14}, {'avg_silhouette': 0.2884729829324626, 'num_points': 107}, {'avg_silhouette': 0.2917632393863244, 'num_points': 203}, {'avg_silhouette': 0.4374156136721569, 'num_points': 78}, {'avg_silhouette': 0.36006693211660357, 'num_points': 28}, {'avg_silhouette': 0.4311432476805953, 'num_points': 61}, {'avg_silhouette': 0.36244420807108685, 'num_points': 283}, {'avg_silhouette': 0.6186820343727907, 'num_points': 153}, {'avg_silhouette': 0.3270451216158496, 'num_points': 142}, {'avg_silhouette': 0.20223844506439087, 'num_points': 31}, {'avg_silhouette': 0.660980800395486, 'num_points': 7}, {'avg_silhouette': 0.697953298994458, 'num_points': 15}, {'avg_silhouette': 0.7056523185708297, 'num_points': 9}, {'avg_silhouette': 0.6130046731615901, 'num_points': 5}, {'avg_silhouette': 0.5562736820031388, 'num_points': 11}, {'avg_silhouette': 0.4862843616173787, 'num_points': 11}, {'avg_silhouette': 0.3428258982375165, 'num_points': 13}, {'avg_silhouette': 0.3986851663047477, 'num_points': 27}, {'avg_silhouette': 0.4254506672550061, 'num_points': 6}, {'avg_silhouette': 0.7022460854491931, 'num_points': 5}, {'avg_silhouette': 0.3194563927225371, 'num_points': 45}, {'avg_silhouette': 0.5091449489479561, 'num_points': 7}, {'avg_silhouette': 0.45982613242821974, 'num_points': 5}, {'avg_silhouette': 0.6299328620008599, 'num_points': 10}, {'avg_silhouette': 0.38279077846108267, 'num_points': 35}, {'avg_silhouette': 0.5486735672780025, 'num_points': 5}, {'avg_silhouette': 0.5225622628425518, 'num_points': 13}, {'avg_silhouette': 0.31557161024751235, 'num_points': 26}, {'avg_silhouette': 0.786074146995452, 'num_points': 9}, {'avg_silhouette': 0.5480383400527341, 'num_points': 19}, {'avg_silhouette': 0.570566923366151, 'num_points': 6}, {'avg_silhouette': 0.43824461186057634, 'num_points': 5}, {'avg_silhouette': 0.7293174733387556, 'num_points': 11}]",5.0,39,0.20352367795622558,,6,0.39967081864089393
AGGLC,ward,,"[{'avg_silhouette': 0.01891312810899939, 'num_points': 776}, {'avg_silhouette': 0.2295659848409179, 'num_points': 503}, {'avg_silhouette': 0.09934459626299799, 'num_points': 733}, {'avg_silhouette': 0.7416348192758169, 'num_points': 176}, {'avg_silhouette': 0.4093804300336628, 'num_points': 345}, {'avg_silhouette': 0.5006440367123658, 'num_points': 129}]",,6,0.202597642426144,,5,0.299767791704479
DBSCAN,,0.4199158227686097,"[{'avg_silhouette': 0.5114303641472597, 'num_points': 39}, {'avg_silhouette': 0.39570249038611727, 'num_points': 192}, {'avg_silhouette': 0.4527067656162848, 'num_points': 272}, {'avg_silhouette': 0.3859663798015942, 'num_points': 61}, {'avg_silhouette': 0.5643155954905777, 'num_points': 21}, {'avg_silhouette': 0.8713088970911887, 'num_points': 14}, {'avg_silhouette': 0.29135571694970835, 'num_points': 106}, {'avg_silhouette': 0.30606961031845265, 'num_points': 205}, {'avg_silhouette': 0.6937902882814853, 'num_points': 79}, {'avg_silhouette': 0.488576829822287, 'num_points': 21}, {'avg_silhouette': 0.5342140046434783, 'num_points': 61}, {'avg_silhouette': 0.38567791001178864, 'num_points': 280}, {'avg_silhouette': 0.4364804008474631, 'num_points': 13}, {'avg_silhouette': 0.6186820343727907, 'num_points': 153}, {'avg_silhouette': 0.3675111264276461, 'num_points': 142}, {'avg_silhouette': 0.6047575209372608, 'num_points': 33}, {'avg_silhouette': 0.4655206164463235, 'num_points': 12}, {'avg_silhouette': 0.39794357289423665, 'num_points': 27}, {'avg_silhouette': 0.3570045847602672, 'num_points': 38}, {'avg_silhouette': 0.6606498287186992, 'num_points': 17}, {'avg_silhouette': 0.36540817994993335, 'num_points': 12}, {'avg_silhouette': 0.6299328620008599, 'num_points': 10}, {'avg_silhouette': 0.38279077846108267, 'num_points': 35}, {'avg_silhouette': 0.5225622628425518, 'num_points': 13}, {'avg_silhouette': 0.31430454751999626, 'num_points': 26}, {'avg_silhouette': 0.6474348900271066, 'num_points': 19}, {'avg_silhouette': 0.7365345597103268, 'num_points': 10}, {'avg_silhouette': 0.7290373496994585, 'num_points': 11}]",10.0,28,0.20256956806225423,,6,0.42105832285551337
DBSCAN,,0.5599158227686098,"[{'avg_silhouette': 0.18082552190000864, 'num_points': 1788}, {'avg_silhouette': 0.4913382123988343, 'num_points': 54}, {'avg_silhouette': 0.8382682174577283, 'num_points': 15}, {'avg_silhouette': 0.6082058903904299, 'num_points': 106}, {'avg_silhouette': 0.7612422130276163, 'num_points': 171}, {'avg_silhouette': 0.5526007369865195, 'num_points': 49}, {'avg_silhouette': 0.5623928523067043, 'num_points': 29}, {'avg_silhouette': 0.5126247122913514, 'num_points': 9}, {'avg_silhouette': 0.6335609828218658, 'num_points': 13}, {'avg_silhouette': 0.5451391292904532, 'num_points': 20}, {'avg_silhouette': 0.5473508246145813, 'num_points': 9}, {'avg_silhouette': 0.45013543004823986, 'num_points': 8}, {'avg_silhouette': 0.8233939817460112, 'num_points': 5}, {'avg_silhouette': 0.5995724360137974, 'num_points': 10}, {'avg_silhouette': 0.5726972599867738, 'num_points': 5}, {'avg_silhouette': 0.6545201712724512, 'num_points': 15}]",5.0,16,0.20169400461843243,,2,0.4710338674638125
DBSCAN,,0.5499158227686098,"[{'avg_silhouette': 0.18651113838974898, 'num_points': 1776}, {'avg_silhouette': 0.506800199336367, 'num_points': 51}, {'avg_silhouette': 0.8380985584396493, 'num_points': 15}, {'avg_silhouette': 0.6078887764562619, 'num_points': 106}, {'avg_silhouette': 0.7610274857347101, 'num_points': 171}, {'avg_silhouette': 0.5654945573516297, 'num_points': 47}, {'avg_silhouette': 0.5722249995375275, 'num_points': 28}, {'avg_silhouette': 0.5466335173243246, 'num_points': 8}, {'avg_silhouette': 0.6332781416337389, 'num_points': 13}, {'avg_silhouette': 0.5448382407715167, 'num_points': 20}, {'avg_silhouette': 0.5895647531699701, 'num_points': 8}, {'avg_silhouette': 0.4745338524897331, 'num_points': 7}, {'avg_silhouette': 0.8232315193143735, 'num_points': 5}, {'avg_silhouette': 0.5992877942162204, 'num_points': 10}, {'avg_silhouette': 0.5724491012147613, 'num_points': 5}, {'avg_silhouette': 0.65427561755126, 'num_points': 15}]",5.0,16,0.20115276916301897,,2,0.47376931206222955
AGGLC,ward,,"[{'avg_silhouette': 0.1613278115136286, 'num_points': 2486}, {'avg_silhouette': 0.7544492906567509, 'num_points': 176}]",,2,0.20054245476276067,,2,0.4578885510851898
DBSCAN,,0.4099158227686097,"[{'avg_silhouette': 0.5111615714626722, 'num_points': 39}, {'avg_silhouette': 0.39255313739000275, 'num_points': 191}, {'avg_silhouette': 0.4570350962271868, 'num_points': 271}, {'avg_silhouette': 0.3946880031884513, 'num_points': 60}, {'avg_silhouette': 0.5627025788802174, 'num_points': 21}, {'avg_silhouette': 0.8707617552899037, 'num_points': 14}, {'avg_silhouette': 0.3009656012369246, 'num_points': 103}, {'avg_silhouette': 0.30954610415133355, 'num_points': 202}, {'avg_silhouette': 0.706551566211439, 'num_points': 77}, {'avg_silhouette': 0.4860657389654575, 'num_points': 21}, {'avg_silhouette': 0.5299945297112646, 'num_points': 61}, {'avg_silhouette': 0.3907232787946639, 'num_points': 278}, {'avg_silhouette': 0.48293599427624406, 'num_points': 11}, {'avg_silhouette': 0.6186820343727907, 'num_points': 153}, {'avg_silhouette': 0.36978047859812513, 'num_points': 141}, {'avg_silhouette': 0.6137083189793938, 'num_points': 31}, {'avg_silhouette': 0.39721394971813667, 'num_points': 27}, {'avg_silhouette': 0.36128241369427433, 'num_points': 37}, {'avg_silhouette': 0.3648445865800832, 'num_points': 12}, {'avg_silhouette': 0.696224107811549, 'num_points': 15}, {'avg_silhouette': 0.3821820928038801, 'num_points': 35}, {'avg_silhouette': 0.5225622628425518, 'num_points': 13}, {'avg_silhouette': 0.32066786559812466, 'num_points': 25}, {'avg_silhouette': 0.6473136743906062, 'num_points': 19}, {'avg_silhouette': 0.6299328620008599, 'num_points': 10}, {'avg_silhouette': 0.7353422993715135, 'num_points': 10}, {'avg_silhouette': 0.507041989609939, 'num_points': 11}, {'avg_silhouette': 0.7287699874178251, 'num_points': 11}]",10.0,28,0.1969548670613273,,6,0.4230533549223505
DBSCAN,,0.3999158227686097,"[{'avg_silhouette': 0.5109046991716867, 'num_points': 39}, {'avg_silhouette': 0.3388877278895524, 'num_points': 192}, {'avg_silhouette': 0.43981852492827844, 'num_points': 13}, {'avg_silhouette': 0.3606106135949061, 'num_points': 62}, {'avg_silhouette': 0.4597962079319634, 'num_points': 269}, {'avg_silhouette': 0.5629878640057728, 'num_points': 21}, {'avg_silhouette': 0.9131160041114695, 'num_points': 13}, {'avg_silhouette': 0.19902029114874442, 'num_points': 102}, {'avg_silhouette': 0.31019985595414484, 'num_points': 203}, {'avg_silhouette': 0.4374156136721569, 'num_points': 78}, {'avg_silhouette': 0.36006693211660357, 'num_points': 28}, {'avg_silhouette': 0.4306325919505166, 'num_points': 61}, {'avg_silhouette': 0.3702861130691539, 'num_points': 279}, {'avg_silhouette': 0.6125739604784474, 'num_points': 153}, {'avg_silhouette': 0.441969661093634, 'num_points': 5}, {'avg_silhouette': 0.32646740171451805, 'num_points': 142}, {'avg_silhouette': 0.20223844506439087, 'num_points': 31}, {'avg_silhouette': 0.660980800395486, 'num_points': 7}, {'avg_silhouette': 0.6958302672199548, 'num_points': 15}, {'avg_silhouette': 0.7036619532992688, 'num_points': 9}, {'avg_silhouette': 0.6130046731615901, 'num_points': 5}, {'avg_silhouette': 0.5877380829265009, 'num_points': 10}, {'avg_silhouette': 0.5257475737642112, 'num_points': 10}, {'avg_silhouette': 0.3666633449524382, 'num_points': 12}, {'avg_silhouette': 0.3933650959150847, 'num_points': 27}, {'avg_silhouette': 0.4254506672550061, 'num_points': 6}, {'avg_silhouette': 0.7022460854491931, 'num_points': 5}, {'avg_silhouette': 0.32795665201180757, 'num_points': 43}, {'avg_silhouette': 0.5075044820235782, 'num_points': 7}, {'avg_silhouette': 0.7150219048910235, 'num_points': 9}, {'avg_silhouette': 0.40478916777217383, 'num_points': 34}, {'avg_silhouette': 0.5462408697428158, 'num_points': 5}, {'avg_silhouette': 0.5225622628425518, 'num_points': 13}, {'avg_silhouette': 0.3106811513090317, 'num_points': 26}, {'avg_silhouette': 0.786074146995452, 'num_points': 9}, {'avg_silhouette': 0.5480383400527341, 'num_points': 19}, {'avg_silhouette': 0.570566923366151, 'num_points': 6}, {'avg_silhouette': 0.4305105796024951, 'num_points': 5}, {'avg_silhouette': 0.728910923320095, 'num_points': 11}]",5.0,39,0.19620555946132567,,6,0.40303521117296337
DBSCAN,,0.3999158227686097,"[{'avg_silhouette': 0.527842315476439, 'num_points': 38}, {'avg_silhouette': 0.3906030393639758, 'num_points': 191}, {'avg_silhouette': 0.45954322875213893, 'num_points': 269}, {'avg_silhouette': 0.39465798718374423, 'num_points': 60}, {'avg_silhouette': 0.9131160041114695, 'num_points': 13}, {'avg_silhouette': 0.3016729903635502, 'num_points': 102}, {'avg_silhouette': 0.30667132592493096, 'num_points': 200}, {'avg_silhouette': 0.7061378490283563, 'num_points': 77}, {'avg_silhouette': 0.7098679859532864, 'num_points': 19}, {'avg_silhouette': 0.5606314314306831, 'num_points': 58}, {'avg_silhouette': 0.40238292335467163, 'num_points': 272}, {'avg_silhouette': 0.7989695889123833, 'num_points': 153}, {'avg_silhouette': 0.5933054901001424, 'num_points': 20}, {'avg_silhouette': 0.36337300048721055, 'num_points': 141}, {'avg_silhouette': 0.6244047392777194, 'num_points': 30}, {'avg_silhouette': 0.3917828283480702, 'num_points': 27}, {'avg_silhouette': 0.39943739185529625, 'num_points': 32}, {'avg_silhouette': 0.3896656502250605, 'num_points': 10}, {'avg_silhouette': 0.6958053383394613, 'num_points': 15}, {'avg_silhouette': 0.4041570203770138, 'num_points': 34}, {'avg_silhouette': 0.5193133109273325, 'num_points': 13}, {'avg_silhouette': 0.6473136743906062, 'num_points': 19}, {'avg_silhouette': 0.31997967205716926, 'num_points': 24}, {'avg_silhouette': 0.5469762639262037, 'num_points': 10}, {'avg_silhouette': 0.7283013801951128, 'num_points': 11}]",10.0,25,0.19090049473944787,,6,0.4535905177992185
DBSCAN,,0.3899158227686097,"[{'avg_silhouette': 0.5109046991716867, 'num_points': 39}, {'avg_silhouette': 0.3388877278895524, 'num_points': 192}, {'avg_silhouette': 0.4596842324766266, 'num_points': 12}, {'avg_silhouette': 0.36054922867792605, 'num_points': 62}, {'avg_silhouette': 0.45974336665674104, 'num_points': 269}, {'avg_silhouette': 0.5629878640057728, 'num_points': 21}, {'avg_silhouette': 0.9129090517711121, 'num_points': 13}, {'avg_silhouette': 0.21624073064614704, 'num_points': 100}, {'avg_silhouette': 0.28226187383514045, 'num_points': 203}, {'avg_silhouette': 0.4374156136721569, 'num_points': 78}, {'avg_silhouette': 0.371642776626562, 'num_points': 27}, {'avg_silhouette': 0.4303794470924323, 'num_points': 61}, {'avg_silhouette': 0.38346825320359035, 'num_points': 272}, {'avg_silhouette': 0.6185659127011164, 'num_points': 152}, {'avg_silhouette': 0.461031106792456, 'num_points': 6}, {'avg_silhouette': 0.32206059687510696, 'num_points': 142}, {'avg_silhouette': 0.20223844506439087, 'num_points': 31}, {'avg_silhouette': 0.660980800395486, 'num_points': 7}, {'avg_silhouette': 0.6952472452177118, 'num_points': 15}, {'avg_silhouette': 0.7031738812097502, 'num_points': 9}, {'avg_silhouette': 0.6130046731615901, 'num_points': 5}, {'avg_silhouette': 0.7129928601440695, 'num_points': 10}, {'avg_silhouette': 0.5257475737642112, 'num_points': 10}, {'avg_silhouette': 0.39199566824681586, 'num_points': 27}, {'avg_silhouette': 0.4254506672550061, 'num_points': 6}, {'avg_silhouette': 0.40997406824776855, 'num_points': 10}, {'avg_silhouette': 0.7022460854491931, 'num_points': 5}, {'avg_silhouette': 0.24908600618131238, 'num_points': 34}, {'avg_silhouette': 0.5057911503487001, 'num_points': 7}, {'avg_silhouette': 0.3979340775380221, 'num_points': 8}, {'avg_silhouette': 0.7144129371708237, 'num_points': 9}, {'avg_silhouette': 0.40478916777217383, 'num_points': 34}, {'avg_silhouette': 0.5225622628425518, 'num_points': 13}, {'avg_silhouette': 0.3086728545970502, 'num_points': 26}, {'avg_silhouette': 0.786074146995452, 'num_points': 9}, {'avg_silhouette': 0.5480383400527341, 'num_points': 19}, {'avg_silhouette': 0.570566923366151, 'num_points': 6}, {'avg_silhouette': 0.4305105796024951, 'num_points': 5}, {'avg_silhouette': 0.7283931971615503, 'num_points': 11}]",5.0,39,0.18899122830568438,,6,0.4008312885268746
DBSCAN,,0.3799158227686097,"[{'avg_silhouette': 0.5109046991716867, 'num_points': 39}, {'avg_silhouette': 0.3388877278895524, 'num_points': 192}, {'avg_silhouette': 0.45757770551233795, 'num_points': 12}, {'avg_silhouette': 0.3637515469392946, 'num_points': 61}, {'avg_silhouette': 0.45966326996643386, 'num_points': 269}, {'avg_silhouette': 0.5629878640057728, 'num_points': 21}, {'avg_silhouette': 0.9127189352953164, 'num_points': 13}, {'avg_silhouette': 0.22657863880125986, 'num_points': 98}, {'avg_silhouette': 0.2823008193548086, 'num_points': 203}, {'avg_silhouette': 0.4430753370356617, 'num_points': 77}, {'avg_silhouette': 0.3898369680761346, 'num_points': 26}, {'avg_silhouette': 0.43021567715698433, 'num_points': 61}, {'avg_silhouette': 0.3854193738711547, 'num_points': 271}, {'avg_silhouette': 0.6185659127011164, 'num_points': 152}, {'avg_silhouette': 0.4851299753364537, 'num_points': 5}, {'avg_silhouette': 0.31937059855042593, 'num_points': 142}, {'avg_silhouette': 0.20223844506439087, 'num_points': 31}, {'avg_silhouette': 0.660387108292978, 'num_points': 7}, {'avg_silhouette': 0.6946862229077212, 'num_points': 15}, {'avg_silhouette': 0.7463960357518541, 'num_points': 8}, {'avg_silhouette': 0.6130046731615901, 'num_points': 5}, {'avg_silhouette': 0.7125463108385649, 'num_points': 10}, {'avg_silhouette': 0.5257475737642112, 'num_points': 10}, {'avg_silhouette': 0.39180151192225177, 'num_points': 27}, {'avg_silhouette': 0.4254506672550061, 'num_points': 6}, {'avg_silhouette': 0.44195860608271054, 'num_points': 9}, {'avg_silhouette': 0.7022460854491931, 'num_points': 5}, {'avg_silhouette': 0.24908600618131238, 'num_points': 34}, {'avg_silhouette': 0.5052610690749462, 'num_points': 7}, {'avg_silhouette': 0.3979340775380221, 'num_points': 8}, {'avg_silhouette': 0.7144129371708237, 'num_points': 9}, {'avg_silhouette': 0.40478916777217383, 'num_points': 34}, {'avg_silhouette': 0.5225622628425518, 'num_points': 13}, {'avg_silhouette': 0.3084044953275233, 'num_points': 26}, {'avg_silhouette': 0.786074146995452, 'num_points': 9}, {'avg_silhouette': 0.5480383400527341, 'num_points': 19}, {'avg_silhouette': 0.570566923366151, 'num_points': 6}, {'avg_silhouette': 0.4305105796024951, 'num_points': 5}, {'avg_silhouette': 0.728262071125144, 'num_points': 11}]",5.0,39,0.18685528081557315,,6,0.4007012837222486
DBSCAN,,0.3699158227686097,"[{'avg_silhouette': 0.5107767478401555, 'num_points': 39}, {'avg_silhouette': 0.3411561168264084, 'num_points': 191}, {'avg_silhouette': 0.5601170080811506, 'num_points': 8}, {'avg_silhouette': 0.3632947061585936, 'num_points': 61}, {'avg_silhouette': 0.4664022585582844, 'num_points': 267}, {'avg_silhouette': 0.5627025788802174, 'num_points': 21}, {'avg_silhouette': 0.9127189352953164, 'num_points': 13}, {'avg_silhouette': 0.3172199725886822, 'num_points': 98}, {'avg_silhouette': 0.28326034579288445, 'num_points': 202}, {'avg_silhouette': 0.4430753370356617, 'num_points': 77}, {'avg_silhouette': 0.39378627942400174, 'num_points': 26}, {'avg_silhouette': 0.43044167526936533, 'num_points': 61}, {'avg_silhouette': 0.39035925803499083, 'num_points': 269}, {'avg_silhouette': 0.6185659127011164, 'num_points': 152}, {'avg_silhouette': 0.35343919816870095, 'num_points': 140}, {'avg_silhouette': 0.20223844506439087, 'num_points': 31}, {'avg_silhouette': 0.660387108292978, 'num_points': 7}, {'avg_silhouette': 0.6946706790756573, 'num_points': 15}, {'avg_silhouette': 0.7463960357518541, 'num_points': 8}, {'avg_silhouette': 0.7660847733202736, 'num_points': 9}, {'avg_silhouette': 0.5256242984386049, 'num_points': 10}, {'avg_silhouette': 0.39130978684570006, 'num_points': 27}, {'avg_silhouette': 0.4254506672550061, 'num_points': 6}, {'avg_silhouette': 0.4849949456746556, 'num_points': 8}, {'avg_silhouette': 0.7022460854491931, 'num_points': 5}, {'avg_silhouette': 0.26636105908009816, 'num_points': 33}, {'avg_silhouette': 0.5039319510620814, 'num_points': 7}, {'avg_silhouette': 0.3993308916168043, 'num_points': 8}, {'avg_silhouette': 0.7144129371708237, 'num_points': 9}, {'avg_silhouette': 0.40478916777217383, 'num_points': 34}, {'avg_silhouette': 0.5225622628425518, 'num_points': 13}, {'avg_silhouette': 0.30773091563666266, 'num_points': 26}, {'avg_silhouette': 0.786074146995452, 'num_points': 9}, {'avg_silhouette': 0.5480383400527341, 'num_points': 19}, {'avg_silhouette': 0.570566923366151, 'num_points': 6}, {'avg_silhouette': 0.4305105796024951, 'num_points': 5}, {'avg_silhouette': 0.7279320950146073, 'num_points': 11}]",5.0,37,0.1861298108195558,,6,0.4088638483470642
DBSCAN,,0.3899158227686097,"[{'avg_silhouette': 0.527842315476439, 'num_points': 38}, {'avg_silhouette': 0.40817134331410454, 'num_points': 191}, {'avg_silhouette': 0.45914780967607877, 'num_points': 269}, {'avg_silhouette': 0.39446098191420514, 'num_points': 60}, {'avg_silhouette': 0.9126898314853624, 'num_points': 13}, {'avg_silhouette': 0.3212501836556345, 'num_points': 98}, {'avg_silhouette': 0.3056789428722006, 'num_points': 198}, {'avg_silhouette': 0.7052332347988433, 'num_points': 77}, {'avg_silhouette': 0.7219905683843918, 'num_points': 18}, {'avg_silhouette': 0.5572344202476449, 'num_points': 58}, {'avg_silhouette': 0.3943927866293218, 'num_points': 271}, {'avg_silhouette': 0.8019199690501589, 'num_points': 152}, {'avg_silhouette': 0.6272817851374864, 'num_points': 19}, {'avg_silhouette': 0.45435232852733975, 'num_points': 138}, {'avg_silhouette': 0.6235442036294643, 'num_points': 30}, {'avg_silhouette': 0.3916551465839596, 'num_points': 27}, {'avg_silhouette': 0.4090418579879643, 'num_points': 31}, {'avg_silhouette': 0.6949365156772054, 'num_points': 15}, {'avg_silhouette': 0.3870738126664846, 'num_points': 34}, {'avg_silhouette': 0.5193133109273325, 'num_points': 13}, {'avg_silhouette': 0.6473136743906062, 'num_points': 19}, {'avg_silhouette': 0.47633061347857647, 'num_points': 14}, {'avg_silhouette': 0.7282280428102461, 'num_points': 11}]",10.0,23,0.18443169537785079,,6,0.470610530011534
DBSCAN,,0.3599158227686097,"[{'avg_silhouette': 0.5103650783799404, 'num_points': 39}, {'avg_silhouette': 0.33858773044924, 'num_points': 191}, {'avg_silhouette': 0.5991550572777898, 'num_points': 7}, {'avg_silhouette': 0.3632579247889755, 'num_points': 61}, {'avg_silhouette': 0.4812692873073027, 'num_points': 262}, {'avg_silhouette': 0.5616425678400688, 'num_points': 21}, {'avg_silhouette': 0.9126076681828607, 'num_points': 13}, {'avg_silhouette': 0.3202878429390072, 'num_points': 96}, {'avg_silhouette': 0.29287376270544735, 'num_points': 197}, {'avg_silhouette': 0.4430753370356617, 'num_points': 77}, {'avg_silhouette': 0.44272836742434496, 'num_points': 60}, {'avg_silhouette': 0.3903205010602845, 'num_points': 269}, {'avg_silhouette': 0.6185659127011164, 'num_points': 152}, {'avg_silhouette': 0.3445491280362019, 'num_points': 140}, {'avg_silhouette': 0.23351056905772646, 'num_points': 28}, {'avg_silhouette': 0.660387108292978, 'num_points': 7}, {'avg_silhouette': 0.6944917208529916, 'num_points': 15}, {'avg_silhouette': 0.5370635881747426, 'num_points': 14}, {'avg_silhouette': 0.7462043776592333, 'num_points': 8}, {'avg_silhouette': 0.23204588867583809, 'num_points': 12}, {'avg_silhouette': 0.7658287257317875, 'num_points': 9}, {'avg_silhouette': 0.5873592758089247, 'num_points': 9}, {'avg_silhouette': 0.39130978684570006, 'num_points': 27}, {'avg_silhouette': 0.4801422424629207, 'num_points': 5}, {'avg_silhouette': 0.7007658154132246, 'num_points': 5}, {'avg_silhouette': 0.2661098338942103, 'num_points': 33}, {'avg_silhouette': 0.5183951043960024, 'num_points': 7}, {'avg_silhouette': 0.5039319510620814, 'num_points': 7}, {'avg_silhouette': 0.3993308916168043, 'num_points': 8}, {'avg_silhouette': 0.7144129371708237, 'num_points': 9}, {'avg_silhouette': 0.40478916777217383, 'num_points': 34}, {'avg_silhouette': 0.5225622628425518, 'num_points': 13}, {'avg_silhouette': 0.30773091563666266, 'num_points': 26}, {'avg_silhouette': 0.786074146995452, 'num_points': 9}, {'avg_silhouette': 0.5480383400527341, 'num_points': 19}, {'avg_silhouette': 0.570566923366151, 'num_points': 6}, {'avg_silhouette': 0.42150435290966015, 'num_points': 5}, {'avg_silhouette': 0.7279320950146073, 'num_points': 11}]",5.0,38,0.18178809371079166,,6,0.4110277203765988
DBSCAN,,0.3799158227686097,"[{'avg_silhouette': 0.527749861983205, 'num_points': 38}, {'avg_silhouette': 0.4065342924821553, 'num_points': 191}, {'avg_silhouette': 0.4627264976849537, 'num_points': 268}, {'avg_silhouette': 0.4060853790275927, 'num_points': 58}, {'avg_silhouette': 0.912441619906812, 'num_points': 13}, {'avg_silhouette': 0.3329773819856619, 'num_points': 95}, {'avg_silhouette': 0.307764362839442, 'num_points': 197}, {'avg_silhouette': 0.7083861077377649, 'num_points': 76}, {'avg_silhouette': 0.7216759801043556, 'num_points': 18}, {'avg_silhouette': 0.5552075717522807, 'num_points': 58}, {'avg_silhouette': 0.3964483008876064, 'num_points': 270}, {'avg_silhouette': 0.801559924951093, 'num_points': 152}, {'avg_silhouette': 0.6271350465521137, 'num_points': 19}, {'avg_silhouette': 0.46484397853333115, 'num_points': 135}, {'avg_silhouette': 0.6509848388040522, 'num_points': 27}, {'avg_silhouette': 0.3914446292804407, 'num_points': 27}, {'avg_silhouette': 0.40857198980935816, 'num_points': 31}, {'avg_silhouette': 0.6943850283615263, 'num_points': 15}, {'avg_silhouette': 0.3870738126664846, 'num_points': 34}, {'avg_silhouette': 0.5193133109273325, 'num_points': 13}, {'avg_silhouette': 0.6473136743906062, 'num_points': 19}, {'avg_silhouette': 0.4760241354407998, 'num_points': 14}, {'avg_silhouette': 0.728095656788136, 'num_points': 11}]",10.0,23,0.18120820388884132,,6,0.47331289289643025
DBSCAN,,0.34991582276860966,"[{'avg_silhouette': 0.5221779337730834, 'num_points': 38}, {'avg_silhouette': 0.3422499696047223, 'num_points': 190}, {'avg_silhouette': 0.5943853031566196, 'num_points': 7}, {'avg_silhouette': 0.36254651925764547, 'num_points': 61}, {'avg_silhouette': 0.48145859961110216, 'num_points': 261}, {'avg_silhouette': 0.6028335646777964, 'num_points': 19}, {'avg_silhouette': 0.9125998146111662, 'num_points': 13}, {'avg_silhouette': 0.3220964179045433, 'num_points': 95}, {'avg_silhouette': 0.29320633719214867, 'num_points': 194}, {'avg_silhouette': 0.4516748558503519, 'num_points': 76}, {'avg_silhouette': 0.3881093023574053, 'num_points': 268}, {'avg_silhouette': 0.6185659127011164, 'num_points': 152}, {'avg_silhouette': 0.3495708598196313, 'num_points': 138}, {'avg_silhouette': 0.6663938369867587, 'num_points': 25}, {'avg_silhouette': 0.4426677876061429, 'num_points': 60}, {'avg_silhouette': 0.6591719264943672, 'num_points': 7}, {'avg_silhouette': 0.52225951508818, 'num_points': 14}, {'avg_silhouette': 0.7806828567393518, 'num_points': 7}, {'avg_silhouette': 0.24336620803900422, 'num_points': 11}, {'avg_silhouette': 0.7657950574438576, 'num_points': 9}, {'avg_silhouette': 0.5873226211492314, 'num_points': 9}, {'avg_silhouette': 0.39093395931700026, 'num_points': 27}, {'avg_silhouette': 0.7007658154132246, 'num_points': 5}, {'avg_silhouette': 0.31798281986047455, 'num_points': 30}, {'avg_silhouette': 0.6945408742851875, 'num_points': 15}, {'avg_silhouette': 0.5174459389009686, 'num_points': 7}, {'avg_silhouette': 0.40826276797593763, 'num_points': 8}, {'avg_silhouette': 0.7144129371708237, 'num_points': 9}, {'avg_silhouette': 0.6302493821452002, 'num_points': 5}, {'avg_silhouette': 0.40478916777217383, 'num_points': 34}, {'avg_silhouette': 0.5733520046368906, 'num_points': 12}, {'avg_silhouette': 0.30729059270818193, 'num_points': 26}, {'avg_silhouette': 0.786074146995452, 'num_points': 9}, {'avg_silhouette': 0.5480383400527341, 'num_points': 19}, {'avg_silhouette': 0.570566923366151, 'num_points': 6}, {'avg_silhouette': 0.42150435290966015, 'num_points': 5}, {'avg_silhouette': 0.7277627915359542, 'num_points': 11}]",5.0,37,0.17766954864038825,,6,0.412193496881021
DBSCAN,,0.3699158227686097,"[{'avg_silhouette': 0.5275657029470947, 'num_points': 38}, {'avg_silhouette': 0.4031278397349986, 'num_points': 191}, {'avg_silhouette': 0.4707976473920854, 'num_points': 265}, {'avg_silhouette': 0.42816844175435403, 'num_points': 55}, {'avg_silhouette': 0.9123395020621701, 'num_points': 13}, {'avg_silhouette': 0.3375055919489226, 'num_points': 94}, {'avg_silhouette': 0.30653260324671755, 'num_points': 196}, {'avg_silhouette': 0.7143502669727759, 'num_points': 75}, {'avg_silhouette': 0.4016981529377159, 'num_points': 268}, {'avg_silhouette': 0.8013665118733689, 'num_points': 152}, {'avg_silhouette': 0.6270856408966845, 'num_points': 19}, {'avg_silhouette': 0.4684748225722524, 'num_points': 134}, {'avg_silhouette': 0.656569891763856, 'num_points': 26}, {'avg_silhouette': 0.5781613529708782, 'num_points': 56}, {'avg_silhouette': 0.7477322593300493, 'num_points': 16}, {'avg_silhouette': 0.39093395931700026, 'num_points': 27}, {'avg_silhouette': 0.4213168427250588, 'num_points': 30}, {'avg_silhouette': 0.6941788442381905, 'num_points': 15}, {'avg_silhouette': 0.3870738126664846, 'num_points': 34}, {'avg_silhouette': 0.5193133109273325, 'num_points': 13}, {'avg_silhouette': 0.6473136743906062, 'num_points': 19}, {'avg_silhouette': 0.47525786476147364, 'num_points': 14}, {'avg_silhouette': 0.7277627915359542, 'num_points': 11}]",10.0,23,0.17724699534764543,,6,0.47533292962618984
DBSCAN,,0.32991582276860965,"[{'avg_silhouette': 0.38523485091892623, 'num_points': 8}, {'avg_silhouette': 0.5542266976072261, 'num_points': 119}, {'avg_silhouette': 0.5976730006050595, 'num_points': 7}, {'avg_silhouette': 0.3489457588980772, 'num_points': 7}, {'avg_silhouette': 0.6352665447296753, 'num_points': 154}, {'avg_silhouette': 0.42689359318360415, 'num_points': 23}, {'avg_silhouette': 0.6707530223471667, 'num_points': 9}, {'avg_silhouette': 0.2459962116686733, 'num_points': 64}, {'avg_silhouette': 0.48176135981204365, 'num_points': 8}, {'avg_silhouette': 0.5507862564894904, 'num_points': 30}, {'avg_silhouette': 0.9519230338349997, 'num_points': 12}, {'avg_silhouette': 0.5939632420931873, 'num_points': 42}, {'avg_silhouette': 0.4177647882775798, 'num_points': 40}, {'avg_silhouette': 0.45438784439209035, 'num_points': 88}, {'avg_silhouette': 0.5173721646945839, 'num_points': 50}, {'avg_silhouette': 0.5508177943245633, 'num_points': 28}, {'avg_silhouette': 0.46331755051092255, 'num_points': 156}, {'avg_silhouette': 0.2922155194838505, 'num_points': 26}, {'avg_silhouette': 0.46498851548744463, 'num_points': 31}, {'avg_silhouette': 0.197630743061405, 'num_points': 10}, {'avg_silhouette': 0.3586655536774051, 'num_points': 18}, {'avg_silhouette': 0.35083060100833197, 'num_points': 17}, {'avg_silhouette': 0.5182452113174951, 'num_points': 32}, {'avg_silhouette': 0.7800793201353086, 'num_points': 13}, {'avg_silhouette': 0.2984092533721911, 'num_points': 14}, {'avg_silhouette': 0.5053601095755768, 'num_points': 30}, {'avg_silhouette': 0.3851402978305101, 'num_points': 6}, {'avg_silhouette': 0.2903877816058522, 'num_points': 108}, {'avg_silhouette': 0.7472267859291909, 'num_points': 123}, {'avg_silhouette': 0.415938172619064, 'num_points': 12}, {'avg_silhouette': 0.5803554501016134, 'num_points': 39}, {'avg_silhouette': 0.14235681039360742, 'num_points': 40}, {'avg_silhouette': 0.5264193072127273, 'num_points': 29}, {'avg_silhouette': 0.37156834961115387, 'num_points': 47}, {'avg_silhouette': 0.6364533222008244, 'num_points': 7}, {'avg_silhouette': 0.5897148109728293, 'num_points': 7}, {'avg_silhouette': 0.46343925760957494, 'num_points': 9}, {'avg_silhouette': 0.30880029766902817, 'num_points': 18}, {'avg_silhouette': 0.470693526990903, 'num_points': 14}, {'avg_silhouette': 0.7607910985999232, 'num_points': 7}, {'avg_silhouette': 0.3584994902541826, 'num_points': 7}, {'avg_silhouette': 0.559407650245956, 'num_points': 8}, {'avg_silhouette': 0.7433157102492621, 'num_points': 9}, {'avg_silhouette': 0.5715473925321523, 'num_points': 9}, {'avg_silhouette': 0.39206001039103666, 'num_points': 15}, {'avg_silhouette': 0.4336656474472429, 'num_points': 6}, {'avg_silhouette': 0.6747406647097821, 'num_points': 5}, {'avg_silhouette': 0.43259041928637654, 'num_points': 32}, {'avg_silhouette': 0.21624564104430982, 'num_points': 15}, {'avg_silhouette': 0.6653006661996294, 'num_points': 7}, {'avg_silhouette': 0.49897907818738885, 'num_points': 7}, {'avg_silhouette': 0.463055121267918, 'num_points': 6}, {'avg_silhouette': 0.45259914793352735, 'num_points': 15}, {'avg_silhouette': 0.3904927889390464, 'num_points': 12}, {'avg_silhouette': 0.34144039152456984, 'num_points': 6}, {'avg_silhouette': 0.43601183046574127, 'num_points': 6}, {'avg_silhouette': 0.6996596013097934, 'num_points': 9}, {'avg_silhouette': 0.408941112643511, 'num_points': 12}, {'avg_silhouette': 0.4435330605440526, 'num_points': 22}, {'avg_silhouette': 0.5539218095338111, 'num_points': 12}, {'avg_silhouette': 0.4778482490860341, 'num_points': 6}, {'avg_silhouette': 0.21265827686972014, 'num_points': 10}, {'avg_silhouette': 0.7700508719122823, 'num_points': 9}, {'avg_silhouette': 0.6990872080169005, 'num_points': 8}, {'avg_silhouette': 0.5475065128187815, 'num_points': 19}, {'avg_silhouette': 0.570566923366151, 'num_points': 6}, {'avg_silhouette': 0.4532858267186885, 'num_points': 6}, {'avg_silhouette': 0.696436787883097, 'num_points': 5}, {'avg_silhouette': 0.41728477025241056, 'num_points': 5}, {'avg_silhouette': 0.7979800828465446, 'num_points': 7}]",5.0,70,0.17620126456552876,,2,0.5492920476202989
HDBSCAN,,,"[{'avg_silhouette': 0.6166883399365874, 'num_points': 5}, {'avg_silhouette': 0.3325874471190634, 'num_points': 2}, {'avg_silhouette': 0.3205756093472518, 'num_points': 2}, {'avg_silhouette': 0.532517865491408, 'num_points': 2}, {'avg_silhouette': 0.3109861509139624, 'num_points': 4}, {'avg_silhouette': 0.21455277053593874, 'num_points': 2}, {'avg_silhouette': 0.43554775193192596, 'num_points': 2}, {'avg_silhouette': 0.15274721422663534, 'num_points': 2}, {'avg_silhouette': 0.14428538007752076, 'num_points': 3}, {'avg_silhouette': 0.21316743287171394, 'num_points': 13}, {'avg_silhouette': 0.318064028096943, 'num_points': 7}, {'avg_silhouette': 0.14997087830323758, 'num_points': 2}, {'avg_silhouette': 0.21148797044136824, 'num_points': 2}, {'avg_silhouette': 0.3383553664402705, 'num_points': 6}, {'avg_silhouette': 0.38063106514001815, 'num_points': 18}, {'avg_silhouette': 0.1762680918547998, 'num_points': 2}, {'avg_silhouette': 0.11806753735599179, 'num_points': 2}, {'avg_silhouette': 0.35466815503309546, 'num_points': 3}, {'avg_silhouette': 0.28457423392517817, 'num_points': 3}, {'avg_silhouette': 0.43625274836472827, 'num_points': 2}, {'avg_silhouette': 0.17538090096490508, 'num_points': 5}, {'avg_silhouette': 0.7723498155053886, 'num_points': 5}, {'avg_silhouette': 0.3605519744678496, 'num_points': 2}, {'avg_silhouette': 0.4290176562230165, 'num_points': 4}, {'avg_silhouette': 0.9339185108957654, 'num_points': 3}, {'avg_silhouette': 0.6321472041021754, 'num_points': 2}, {'avg_silhouette': 0.2707980977376199, 'num_points': 6}, {'avg_silhouette': 0.3052018393714258, 'num_points': 3}, {'avg_silhouette': 0.14383850995845407, 'num_points': 3}, {'avg_silhouette': 0.43368910951304124, 'num_points': 2}, {'avg_silhouette': 0.5051140491592777, 'num_points': 5}, {'avg_silhouette': 0.3293594339879291, 'num_points': 13}, {'avg_silhouette': 0.7029152966841843, 'num_points': 2}, {'avg_silhouette': 0.2357453162143869, 'num_points': 3}, {'avg_silhouette': 0.8118770206944599, 'num_points': 2}, {'avg_silhouette': 0.8823668677438432, 'num_points': 3}, {'avg_silhouette': 0.38414587735063477, 'num_points': 2}, {'avg_silhouette': 0.3068444726604256, 'num_points': 3}, {'avg_silhouette': 0.20086966490686886, 'num_points': 3}, {'avg_silhouette': 0.9796899964868584, 'num_points': 2}, {'avg_silhouette': 0.24218029654963263, 'num_points': 2}, {'avg_silhouette': 0.6672528336368133, 'num_points': 3}, {'avg_silhouette': 0.15141579334362934, 'num_points': 3}, {'avg_silhouette': 0.08863572993223442, 'num_points': 2}, {'avg_silhouette': 0.5162229535221214, 'num_points': 2}, {'avg_silhouette': 0.3599795998753327, 'num_points': 2}, {'avg_silhouette': 0.26227283359698866, 'num_points': 2}, {'avg_silhouette': 0.34867933268072837, 'num_points': 2}, {'avg_silhouette': 0.34427179326164126, 'num_points': 4}, {'avg_silhouette': 0.6060490859285277, 'num_points': 4}, {'avg_silhouette': 0.3265253582909772, 'num_points': 2}, {'avg_silhouette': 1.0, 'num_points': 3}, {'avg_silhouette': 0.7836876320862748, 'num_points': 4}, {'avg_silhouette': 0.13644889442467506, 'num_points': 2}, {'avg_silhouette': 0.2374963456235275, 'num_points': 3}, {'avg_silhouette': 0.7204000846719719, 'num_points': 2}, {'avg_silhouette': 0.01935589341169771, 'num_points': 2}, {'avg_silhouette': 0.336712887705944, 'num_points': 3}, {'avg_silhouette': 0.18061092304695828, 'num_points': 3}, {'avg_silhouette': 0.7189703194885552, 'num_points': 2}, {'avg_silhouette': 0.4759713719933947, 'num_points': 3}, {'avg_silhouette': 0.8819806271455061, 'num_points': 3}, {'avg_silhouette': 1.0, 'num_points': 2}, {'avg_silhouette': 1.0, 'num_points': 3}, {'avg_silhouette': 0.46187820871498986, 'num_points': 2}, {'avg_silhouette': 0.4819096928948321, 'num_points': 4}, {'avg_silhouette': 0.3665055902015987, 'num_points': 2}, {'avg_silhouette': 0.3087745742081697, 'num_points': 6}, {'avg_silhouette': 0.3182028916635192, 'num_points': 2}, {'avg_silhouette': 0.6464663900831138, 'num_points': 2}, {'avg_silhouette': 0.16285599518741373, 'num_points': 2}, {'avg_silhouette': 0.46392129559182294, 'num_points': 4}, {'avg_silhouette': 0.5017917728531653, 'num_points': 3}, {'avg_silhouette': 0.34181802602048655, 'num_points': 7}, {'avg_silhouette': 0.7643916605566096, 'num_points': 3}, {'avg_silhouette': 0.4941687524264548, 'num_points': 7}, {'avg_silhouette': 0.6367723929177587, 'num_points': 2}, {'avg_silhouette': 0.38183540766848045, 'num_points': 3}, {'avg_silhouette': 0.2771325796905063, 'num_points': 2}, {'avg_silhouette': 0.29380661465907687, 'num_points': 13}, {'avg_silhouette': 0.11699042544661797, 'num_points': 2}, {'avg_silhouette': 0.294739076922502, 'num_points': 3}, {'avg_silhouette': 0.1845538466050939, 'num_points': 2}, {'avg_silhouette': 0.20764511863067098, 'num_points': 2}, {'avg_silhouette': 0.4150391603884191, 'num_points': 3}, {'avg_silhouette': 0.44572928797434397, 'num_points': 2}, {'avg_silhouette': 0.2537512942130812, 'num_points': 2}, {'avg_silhouette': 0.7873676106803827, 'num_points': 2}, {'avg_silhouette': 0.23756172536107667, 'num_points': 3}, {'avg_silhouette': 0.7382660388361745, 'num_points': 5}, {'avg_silhouette': 0.7291026187335735, 'num_points': 4}, {'avg_silhouette': 0.17443605138108165, 'num_points': 2}, {'avg_silhouette': 0.5298111563081457, 'num_points': 4}, {'avg_silhouette': 0.3997334647720798, 'num_points': 2}, {'avg_silhouette': 0.3633583659737318, 'num_points': 7}, {'avg_silhouette': 0.7695216397839122, 'num_points': 2}, {'avg_silhouette': 0.5952908321024584, 'num_points': 6}, {'avg_silhouette': 0.15305420500449496, 'num_points': 2}, {'avg_silhouette': 1.0, 'num_points': 2}, {'avg_silhouette': 0.3189422391160956, 'num_points': 3}, {'avg_silhouette': 1.0, 'num_points': 2}, {'avg_silhouette': 0.23565685615543044, 'num_points': 2}, {'avg_silhouette': 0.39772243300436716, 'num_points': 9}, {'avg_silhouette': 0.784514986538884, 'num_points': 3}, {'avg_silhouette': 0.35493424450866023, 'num_points': 2}, {'avg_silhouette': 0.4809995025356479, 'num_points': 2}, {'avg_silhouette': 0.7801069843011671, 'num_points': 3}, {'avg_silhouette': 0.2563615786676552, 'num_points': 2}, {'avg_silhouette': 0.2718874883157523, 'num_points': 2}, {'avg_silhouette': 0.25372442588954713, 'num_points': 2}, {'avg_silhouette': 0.3887340098478367, 'num_points': 2}, {'avg_silhouette': 0.3810055375358717, 'num_points': 6}, {'avg_silhouette': 0.5446941832290862, 'num_points': 2}, {'avg_silhouette': 0.09321487898538952, 'num_points': 2}, {'avg_silhouette': 0.68312897444688, 'num_points': 2}, {'avg_silhouette': 0.8475218658980816, 'num_points': 3}, {'avg_silhouette': 0.18996884384869928, 'num_points': 3}, {'avg_silhouette': 0.42789398728045525, 'num_points': 5}, {'avg_silhouette': 0.1957584564278553, 'num_points': 2}, {'avg_silhouette': 1.0, 'num_points': 2}, {'avg_silhouette': 1.0, 'num_points': 3}, {'avg_silhouette': 0.4773294108361581, 'num_points': 8}, {'avg_silhouette': 0.3520597472791247, 'num_points': 10}, {'avg_silhouette': 0.7360106202164922, 'num_points': 2}, {'avg_silhouette': 1.0, 'num_points': 2}, {'avg_silhouette': 0.9625831485588271, 'num_points': 44}, {'avg_silhouette': 1.0, 'num_points': 11}, {'avg_silhouette': 1.0, 'num_points': 2}, {'avg_silhouette': 1.0, 'num_points': 3}, {'avg_silhouette': 1.0, 'num_points': 5}, {'avg_silhouette': 1.0, 'num_points': 3}, {'avg_silhouette': 0.384793860597608, 'num_points': 3}, {'avg_silhouette': 0.2121453430462343, 'num_points': 2}, {'avg_silhouette': 1.0, 'num_points': 2}, {'avg_silhouette': 0.5171682780462186, 'num_points': 5}, {'avg_silhouette': 0.5882347451294507, 'num_points': 4}, {'avg_silhouette': 0.4406526751847896, 'num_points': 5}, {'avg_silhouette': 0.3453206724606601, 'num_points': 7}, {'avg_silhouette': 0.3346950339763482, 'num_points': 2}, {'avg_silhouette': 0.3164643723022553, 'num_points': 3}, {'avg_silhouette': 0.3817899641606608, 'num_points': 2}, {'avg_silhouette': 0.48494192714135526, 'num_points': 3}, {'avg_silhouette': 1.0, 'num_points': 6}, {'avg_silhouette': 0.2500000000005599, 'num_points': 2}, {'avg_silhouette': 0.2357148018214979, 'num_points': 2}, {'avg_silhouette': 0.2827505319880519, 'num_points': 3}, {'avg_silhouette': 0.20852320670018284, 'num_points': 2}, {'avg_silhouette': 0.18205933002112412, 'num_points': 2}, {'avg_silhouette': 0.14614851500842663, 'num_points': 4}, {'avg_silhouette': 0.21257938734703188, 'num_points': 3}, {'avg_silhouette': 0.11223041414765314, 'num_points': 2}, {'avg_silhouette': 0.12680306130598945, 'num_points': 2}, {'avg_silhouette': 0.26547892556610053, 'num_points': 2}, {'avg_silhouette': 0.12083087019947418, 'num_points': 2}, {'avg_silhouette': 0.3692437346878761, 'num_points': 2}, {'avg_silhouette': 0.1489782638185623, 'num_points': 2}, {'avg_silhouette': 0.198959015633078, 'num_points': 2}, {'avg_silhouette': 0.27672734721597836, 'num_points': 2}, {'avg_silhouette': 0.394523900469687, 'num_points': 2}, {'avg_silhouette': 0.3640232385766118, 'num_points': 2}, {'avg_silhouette': 0.45535458664450923, 'num_points': 3}, {'avg_silhouette': 0.6719957739897648, 'num_points': 2}, {'avg_silhouette': 0.21358473550886808, 'num_points': 2}, {'avg_silhouette': 0.6925333687273407, 'num_points': 3}, {'avg_silhouette': 0.6170611962409582, 'num_points': 2}, {'avg_silhouette': 0.3513624189519684, 'num_points': 6}, {'avg_silhouette': 0.6309203560777457, 'num_points': 3}, {'avg_silhouette': 0.26374534975369224, 'num_points': 5}, {'avg_silhouette': 0.16267181082933235, 'num_points': 2}, {'avg_silhouette': 0.22782556643815352, 'num_points': 3}, {'avg_silhouette': 0.14457993914562253, 'num_points': 6}, {'avg_silhouette': 0.4060862471320145, 'num_points': 2}, {'avg_silhouette': 0.8346505010389078, 'num_points': 2}, {'avg_silhouette': 0.41333549996853836, 'num_points': 9}, {'avg_silhouette': 0.7718643024648177, 'num_points': 2}, {'avg_silhouette': 0.4126711063970509, 'num_points': 3}, {'avg_silhouette': 0.278081231040246, 'num_points': 5}, {'avg_silhouette': 0.2531045055606862, 'num_points': 3}, {'avg_silhouette': 0.17927010520528572, 'num_points': 4}, {'avg_silhouette': 0.7998624833185519, 'num_points': 2}, {'avg_silhouette': 0.07134936204846307, 'num_points': 2}, {'avg_silhouette': 0.36701633651966864, 'num_points': 4}, {'avg_silhouette': 0.0962821821297639, 'num_points': 3}, {'avg_silhouette': 0.5241607167571418, 'num_points': 4}, {'avg_silhouette': 0.827322941168009, 'num_points': 2}, {'avg_silhouette': 0.654517759825956, 'num_points': 5}, {'avg_silhouette': 0.5069605637976093, 'num_points': 4}, {'avg_silhouette': 0.6660101033082997, 'num_points': 2}, {'avg_silhouette': 0.5733796089541505, 'num_points': 2}, {'avg_silhouette': 0.43415340718518836, 'num_points': 5}, {'avg_silhouette': 0.7777638752609607, 'num_points': 2}, {'avg_silhouette': 0.9757176084301842, 'num_points': 2}, {'avg_silhouette': 0.23651612225717594, 'num_points': 2}, {'avg_silhouette': 1.0, 'num_points': 2}, {'avg_silhouette': 0.458962166756138, 'num_points': 2}, {'avg_silhouette': 0.5929104111063607, 'num_points': 2}, {'avg_silhouette': 0.5416355624164887, 'num_points': 2}, {'avg_silhouette': 0.4423612045192705, 'num_points': 2}, {'avg_silhouette': 0.7054284628496589, 'num_points': 2}, {'avg_silhouette': 0.28962435175410645, 'num_points': 4}, {'avg_silhouette': 0.48936813875291824, 'num_points': 4}, {'avg_silhouette': 0.5702983332267961, 'num_points': 4}, {'avg_silhouette': 0.3863931073282129, 'num_points': 4}, {'avg_silhouette': 0.38207763544258616, 'num_points': 3}, {'avg_silhouette': 0.3346056672595393, 'num_points': 3}, {'avg_silhouette': 0.3165094937778925, 'num_points': 2}, {'avg_silhouette': 0.27296104984047814, 'num_points': 2}, {'avg_silhouette': 0.24801403296256616, 'num_points': 8}, {'avg_silhouette': 0.20395556815202906, 'num_points': 2}, {'avg_silhouette': 0.4547147958844593, 'num_points': 2}, {'avg_silhouette': 0.650779493584412, 'num_points': 3}, {'avg_silhouette': 0.3307146468774436, 'num_points': 2}, {'avg_silhouette': 0.3753321276199733, 'num_points': 3}, {'avg_silhouette': 0.42232719004550345, 'num_points': 2}, {'avg_silhouette': 0.7950430539464355, 'num_points': 3}, {'avg_silhouette': 0.170162704328205, 'num_points': 3}, {'avg_silhouette': 0.21552343707009192, 'num_points': 2}, {'avg_silhouette': 0.5653692897382673, 'num_points': 4}, {'avg_silhouette': 0.22527682514967026, 'num_points': 3}, {'avg_silhouette': 0.3932531229634172, 'num_points': 2}, {'avg_silhouette': 0.7230903768128814, 'num_points': 9}, {'avg_silhouette': 0.5719045692462434, 'num_points': 4}, {'avg_silhouette': 0.3923227396113646, 'num_points': 4}, {'avg_silhouette': 0.6868339682653837, 'num_points': 2}, {'avg_silhouette': 0.4734547651607225, 'num_points': 2}, {'avg_silhouette': 0.39068744277666445, 'num_points': 12}, {'avg_silhouette': 0.5958942422276118, 'num_points': 5}, {'avg_silhouette': 0.31159652147877953, 'num_points': 4}, {'avg_silhouette': 0.7803203874896227, 'num_points': 2}, {'avg_silhouette': 0.36288693588688703, 'num_points': 2}, {'avg_silhouette': 0.4166790600763105, 'num_points': 4}, {'avg_silhouette': 0.23981238608250063, 'num_points': 3}, {'avg_silhouette': 0.7766361365055565, 'num_points': 2}, {'avg_silhouette': 0.7576879353257201, 'num_points': 3}, {'avg_silhouette': 0.28810154985733144, 'num_points': 2}, {'avg_silhouette': 0.31857188705330547, 'num_points': 8}, {'avg_silhouette': 0.11542462606190364, 'num_points': 6}, {'avg_silhouette': 0.7247139361056734, 'num_points': 2}, {'avg_silhouette': 0.3287325835363005, 'num_points': 2}, {'avg_silhouette': 0.12659641199022573, 'num_points': 3}, {'avg_silhouette': 0.498358284683613, 'num_points': 2}, {'avg_silhouette': 0.1880573254871471, 'num_points': 4}, {'avg_silhouette': 0.4305680902727925, 'num_points': 8}, {'avg_silhouette': 0.19064450996958, 'num_points': 5}, {'avg_silhouette': 0.2798172491821151, 'num_points': 2}, {'avg_silhouette': 0.3543299617253506, 'num_points': 2}, {'avg_silhouette': 0.43115880975614757, 'num_points': 2}, {'avg_silhouette': 0.18965751749556148, 'num_points': 2}, {'avg_silhouette': 0.4918107252211557, 'num_points': 3}, {'avg_silhouette': 0.7076166928645947, 'num_points': 5}, {'avg_silhouette': 0.25153754465952816, 'num_points': 2}, {'avg_silhouette': 0.2837104957390684, 'num_points': 2}, {'avg_silhouette': 0.9469675280316153, 'num_points': 3}, {'avg_silhouette': 0.157562538520433, 'num_points': 2}, {'avg_silhouette': 0.3486369283271538, 'num_points': 3}, {'avg_silhouette': 0.292474075047825, 'num_points': 3}, {'avg_silhouette': 0.4845088360992528, 'num_points': 6}, {'avg_silhouette': 0.3495073908637552, 'num_points': 6}, {'avg_silhouette': 0.5018088891247832, 'num_points': 4}, {'avg_silhouette': 0.39719010670677735, 'num_points': 2}, {'avg_silhouette': 0.8126386538923098, 'num_points': 2}, {'avg_silhouette': 0.6673159483476931, 'num_points': 2}, {'avg_silhouette': 0.6241358415739464, 'num_points': 6}, {'avg_silhouette': 0.47210886376525807, 'num_points': 4}, {'avg_silhouette': 0.32421950971862407, 'num_points': 3}, {'avg_silhouette': 0.7005672429725354, 'num_points': 2}, {'avg_silhouette': 0.4782165084078656, 'num_points': 3}, {'avg_silhouette': 0.4586130429337054, 'num_points': 2}, {'avg_silhouette': 0.5831849411809905, 'num_points': 2}, {'avg_silhouette': 0.5211654095592617, 'num_points': 2}, {'avg_silhouette': 0.5267782662298914, 'num_points': 2}, {'avg_silhouette': 0.1936921553736412, 'num_points': 4}, {'avg_silhouette': 0.14868209267220653, 'num_points': 2}, {'avg_silhouette': 0.38098006226530573, 'num_points': 5}, {'avg_silhouette': 0.3045906962298561, 'num_points': 3}, {'avg_silhouette': 0.13127839735501826, 'num_points': 5}, {'avg_silhouette': 0.1768621605180495, 'num_points': 2}, {'avg_silhouette': 0.37442217881804923, 'num_points': 2}, {'avg_silhouette': 0.747250269613316, 'num_points': 2}, {'avg_silhouette': 0.599906640731291, 'num_points': 2}, {'avg_silhouette': 0.5307334685285816, 'num_points': 5}, {'avg_silhouette': 0.5428359796196449, 'num_points': 2}, {'avg_silhouette': 0.22567193667630536, 'num_points': 2}, {'avg_silhouette': 0.4287872655662216, 'num_points': 4}, {'avg_silhouette': 0.7223004125585213, 'num_points': 2}, {'avg_silhouette': 0.23770053871427602, 'num_points': 3}, {'avg_silhouette': 0.2712356936574714, 'num_points': 2}, {'avg_silhouette': 0.4506011347843986, 'num_points': 3}, {'avg_silhouette': 0.799876841778426, 'num_points': 2}, {'avg_silhouette': 0.45955033890986335, 'num_points': 4}, {'avg_silhouette': 0.9239210443184489, 'num_points': 2}, {'avg_silhouette': 0.2883562742533992, 'num_points': 3}, {'avg_silhouette': 0.2943601947479304, 'num_points': 2}, {'avg_silhouette': 1.0, 'num_points': 2}, {'avg_silhouette': 0.13879700787798238, 'num_points': 10}, {'avg_silhouette': 0.47707757169330745, 'num_points': 4}, {'avg_silhouette': 0.3124496102856572, 'num_points': 2}, {'avg_silhouette': 0.8249225250026031, 'num_points': 2}, {'avg_silhouette': 0.29974352581964475, 'num_points': 4}, {'avg_silhouette': 0.46138253994078776, 'num_points': 3}, {'avg_silhouette': 0.3129837214905895, 'num_points': 6}, {'avg_silhouette': 0.3166420146336119, 'num_points': 3}, {'avg_silhouette': 0.43980472401774207, 'num_points': 2}, {'avg_silhouette': 0.6988282820150589, 'num_points': 2}, {'avg_silhouette': 0.7466762294458138, 'num_points': 2}, {'avg_silhouette': 0.5740390228974876, 'num_points': 4}, {'avg_silhouette': 0.6409719744852815, 'num_points': 2}, {'avg_silhouette': 0.7621663993277868, 'num_points': 5}, {'avg_silhouette': 1.0, 'num_points': 5}, {'avg_silhouette': 0.08701348381087096, 'num_points': 2}, {'avg_silhouette': 0.38871245229445844, 'num_points': 7}, {'avg_silhouette': 0.35914520880367523, 'num_points': 3}, {'avg_silhouette': 0.5390073672149713, 'num_points': 2}, {'avg_silhouette': 0.5715387189858537, 'num_points': 9}, {'avg_silhouette': 0.34741161342877663, 'num_points': 2}, {'avg_silhouette': 0.30472236641233647, 'num_points': 3}, {'avg_silhouette': 0.36786689998996003, 'num_points': 4}, {'avg_silhouette': 0.3320538186070887, 'num_points': 2}, {'avg_silhouette': 0.35320088912197367, 'num_points': 2}, {'avg_silhouette': 0.5648853734954675, 'num_points': 2}, {'avg_silhouette': 0.43035757276318165, 'num_points': 3}, {'avg_silhouette': 0.6548981114426392, 'num_points': 2}, {'avg_silhouette': 0.08406079737470358, 'num_points': 2}, {'avg_silhouette': 0.8349782746307541, 'num_points': 2}, {'avg_silhouette': 0.2731361160072055, 'num_points': 3}, {'avg_silhouette': 0.48886409509702683, 'num_points': 10}, {'avg_silhouette': 0.6914034308725714, 'num_points': 2}, {'avg_silhouette': 0.30386723506129965, 'num_points': 3}, {'avg_silhouette': 0.3312247791633554, 'num_points': 23}, {'avg_silhouette': 0.8873795891875595, 'num_points': 2}, {'avg_silhouette': 0.5784208381506794, 'num_points': 3}, {'avg_silhouette': 0.34455627227023616, 'num_points': 2}, {'avg_silhouette': 0.38838996553436406, 'num_points': 2}, {'avg_silhouette': 0.5002795911651357, 'num_points': 4}, {'avg_silhouette': 0.6141932661510133, 'num_points': 4}, {'avg_silhouette': 0.6116256805247839, 'num_points': 2}, {'avg_silhouette': 0.23878124258986685, 'num_points': 2}, {'avg_silhouette': 0.2890704611946671, 'num_points': 11}, {'avg_silhouette': 0.3385044378541585, 'num_points': 2}, {'avg_silhouette': 0.4832119507021061, 'num_points': 2}, {'avg_silhouette': 0.4133196215228763, 'num_points': 4}, {'avg_silhouette': 0.5530808518330315, 'num_points': 2}, {'avg_silhouette': 0.6877270519010908, 'num_points': 3}, {'avg_silhouette': 0.10423014121109868, 'num_points': 3}, {'avg_silhouette': 0.20374431595198367, 'num_points': 2}, {'avg_silhouette': 0.754429395383736, 'num_points': 2}, {'avg_silhouette': 0.12916041423623548, 'num_points': 2}, {'avg_silhouette': 0.37660357510473835, 'num_points': 4}, {'avg_silhouette': 0.7960310887388362, 'num_points': 2}, {'avg_silhouette': 0.4076501514339098, 'num_points': 4}, {'avg_silhouette': 0.4514265368094474, 'num_points': 2}, {'avg_silhouette': 0.7157381400955192, 'num_points': 5}, {'avg_silhouette': 0.9084338416907412, 'num_points': 2}, {'avg_silhouette': 0.7585426330624812, 'num_points': 4}, {'avg_silhouette': 0.767057335611078, 'num_points': 4}, {'avg_silhouette': 0.3846864327787149, 'num_points': 3}, {'avg_silhouette': 0.8993828140186199, 'num_points': 4}, {'avg_silhouette': 1.0, 'num_points': 2}, {'avg_silhouette': 0.3235067990263944, 'num_points': 2}, {'avg_silhouette': 0.4423479898760754, 'num_points': 2}, {'avg_silhouette': 0.13713474836002795, 'num_points': 3}, {'avg_silhouette': 0.48749644379822465, 'num_points': 2}, {'avg_silhouette': 0.42500758695088076, 'num_points': 2}, {'avg_silhouette': 0.7875515726948749, 'num_points': 2}, {'avg_silhouette': 0.5211314832701615, 'num_points': 2}, {'avg_silhouette': 0.5498252174617397, 'num_points': 2}, {'avg_silhouette': 0.3462140780265581, 'num_points': 4}, {'avg_silhouette': 0.13884048896451834, 'num_points': 10}, {'avg_silhouette': 0.6692434954527192, 'num_points': 3}, {'avg_silhouette': 0.561732588098268, 'num_points': 6}, {'avg_silhouette': 0.1647982964713069, 'num_points': 5}, {'avg_silhouette': 1.0, 'num_points': 2}, {'avg_silhouette': 0.4391658964291003, 'num_points': 3}, {'avg_silhouette': 0.35295747479724904, 'num_points': 4}, {'avg_silhouette': 0.4248131527633759, 'num_points': 3}, {'avg_silhouette': 0.5856664037561998, 'num_points': 2}, {'avg_silhouette': 0.3421914757401792, 'num_points': 2}, {'avg_silhouette': 1.0, 'num_points': 2}, {'avg_silhouette': 0.2567402841566421, 'num_points': 2}, {'avg_silhouette': 0.0773126666928957, 'num_points': 4}, {'avg_silhouette': 0.33406676364229204, 'num_points': 2}, {'avg_silhouette': 0.7006928895632413, 'num_points': 5}, {'avg_silhouette': 0.06666758967055063, 'num_points': 2}, {'avg_silhouette': 0.20723477563036202, 'num_points': 2}, {'avg_silhouette': 0.5150471862662811, 'num_points': 3}, {'avg_silhouette': 0.1977210197710667, 'num_points': 3}, {'avg_silhouette': 0.7882161557884978, 'num_points': 3}, {'avg_silhouette': 1.0, 'num_points': 5}, {'avg_silhouette': 1.0, 'num_points': 2}, {'avg_silhouette': 0.26468308108347594, 'num_points': 4}, {'avg_silhouette': 0.45051935523200326, 'num_points': 4}, {'avg_silhouette': 0.13353246860074497, 'num_points': 4}, {'avg_silhouette': 0.6289391168280654, 'num_points': 2}, {'avg_silhouette': 0.8732244278781214, 'num_points': 2}, {'avg_silhouette': 0.8787182112913938, 'num_points': 2}, {'avg_silhouette': 0.45648569177791704, 'num_points': 3}, {'avg_silhouette': 0.13943622124893645, 'num_points': 4}, {'avg_silhouette': 0.29093421081844273, 'num_points': 2}, {'avg_silhouette': 0.44559006434926873, 'num_points': 5}, {'avg_silhouette': 0.4306914976060119, 'num_points': 3}, {'avg_silhouette': 0.41507603414941774, 'num_points': 2}, {'avg_silhouette': 0.46270845538887695, 'num_points': 5}, {'avg_silhouette': 0.8242495870750284, 'num_points': 2}, {'avg_silhouette': 0.35365853658573465, 'num_points': 2}, {'avg_silhouette': 0.6827461607530081, 'num_points': 3}, {'avg_silhouette': 0.23735841027108137, 'num_points': 5}, {'avg_silhouette': 0.6768292682927017, 'num_points': 2}, {'avg_silhouette': 0.5887327687258185, 'num_points': 3}, {'avg_silhouette': 0.412396967376259, 'num_points': 9}, {'avg_silhouette': 0.5796761723693128, 'num_points': 2}, {'avg_silhouette': 0.29368346783561633, 'num_points': 2}, {'avg_silhouette': 1.0, 'num_points': 2}, {'avg_silhouette': 1.0, 'num_points': 2}, {'avg_silhouette': 0.28140104182869824, 'num_points': 3}, {'avg_silhouette': 0.2218222546830687, 'num_points': 2}, {'avg_silhouette': 0.4933879982628137, 'num_points': 3}, {'avg_silhouette': 0.8197717015931143, 'num_points': 2}, {'avg_silhouette': 0.41733552876012037, 'num_points': 2}, {'avg_silhouette': 0.39674480804508316, 'num_points': 4}, {'avg_silhouette': 0.623762581531715, 'num_points': 3}, {'avg_silhouette': 1.0, 'num_points': 3}, {'avg_silhouette': 0.7369439081982757, 'num_points': 2}, {'avg_silhouette': 0.374003240862057, 'num_points': 2}, {'avg_silhouette': 0.804670427311707, 'num_points': 3}, {'avg_silhouette': 0.8219448219411832, 'num_points': 2}, {'avg_silhouette': 0.623688418143509, 'num_points': 2}, {'avg_silhouette': 0.10983093489134728, 'num_points': 2}, {'avg_silhouette': 0.3791677098491102, 'num_points': 3}, {'avg_silhouette': 0.29207746212571317, 'num_points': 2}, {'avg_silhouette': 1.0, 'num_points': 5}, {'avg_silhouette': 1.0, 'num_points': 2}, {'avg_silhouette': 0.5511321396326868, 'num_points': 3}, {'avg_silhouette': 0.6165145480110339, 'num_points': 4}, {'avg_silhouette': 0.5215391428851615, 'num_points': 2}, {'avg_silhouette': 0.47534613971218065, 'num_points': 4}, {'avg_silhouette': 0.6226831813370868, 'num_points': 4}, {'avg_silhouette': 1.0, 'num_points': 2}, {'avg_silhouette': 1.0, 'num_points': 3}, {'avg_silhouette': 1.0, 'num_points': 4}, {'avg_silhouette': 1.0, 'num_points': 2}, {'avg_silhouette': 0.8127046879377078, 'num_points': 2}, {'avg_silhouette': 0.3925577369495049, 'num_points': 4}, {'avg_silhouette': 0.016881244708870646, 'num_points': 2}, {'avg_silhouette': 0.3341395440109895, 'num_points': 3}, {'avg_silhouette': 0.27272331502721664, 'num_points': 5}, {'avg_silhouette': 1.0, 'num_points': 2}, {'avg_silhouette': 1.0, 'num_points': 3}, {'avg_silhouette': 0.18283053071488642, 'num_points': 3}, {'avg_silhouette': 0.4030911348631353, 'num_points': 2}, {'avg_silhouette': 0.17371949850890367, 'num_points': 2}, {'avg_silhouette': 0.3732395789084793, 'num_points': 4}, {'avg_silhouette': 0.7694219320898062, 'num_points': 3}, {'avg_silhouette': 1.0, 'num_points': 2}, {'avg_silhouette': 0.20209078768306257, 'num_points': 5}, {'avg_silhouette': 0.12109829961805434, 'num_points': 5}, {'avg_silhouette': 0.7217306398975519, 'num_points': 4}, {'avg_silhouette': 0.3002597384119886, 'num_points': 5}, {'avg_silhouette': 0.8590059469215588, 'num_points': 3}, {'avg_silhouette': 0.6487453631628853, 'num_points': 3}, {'avg_silhouette': 0.18695284514651578, 'num_points': 3}, {'avg_silhouette': 0.3343517779860892, 'num_points': 2}, {'avg_silhouette': 0.3545196021335976, 'num_points': 3}, {'avg_silhouette': 0.35365853658565527, 'num_points': 2}, {'avg_silhouette': 0.4260152336868141, 'num_points': 2}, {'avg_silhouette': 0.29027478258255324, 'num_points': 6}, {'avg_silhouette': 0.6346041095737533, 'num_points': 3}, {'avg_silhouette': 1.0, 'num_points': 2}, {'avg_silhouette': 0.26258859097881915, 'num_points': 5}, {'avg_silhouette': 1.0, 'num_points': 2}, {'avg_silhouette': 1.0, 'num_points': 2}, {'avg_silhouette': 0.7925925925925926, 'num_points': 6}, {'avg_silhouette': 0.6703296703296704, 'num_points': 4}, {'avg_silhouette': 0.31114459922938226, 'num_points': 2}, {'avg_silhouette': 0.3733275019009353, 'num_points': 3}, {'avg_silhouette': 0.6266137470405446, 'num_points': 9}, {'avg_silhouette': 0.6268786655512648, 'num_points': 4}, {'avg_silhouette': 0.739642916716809, 'num_points': 2}, {'avg_silhouette': 0.8975756916789772, 'num_points': 8}, {'avg_silhouette': 1.0, 'num_points': 3}, {'avg_silhouette': 0.21958391991526255, 'num_points': 2}, {'avg_silhouette': 1.0, 'num_points': 2}, {'avg_silhouette': 1.0, 'num_points': 3}, {'avg_silhouette': 0.6552837837826984, 'num_points': 5}, {'avg_silhouette': 0.5488674267879926, 'num_points': 3}, {'avg_silhouette': 0.724909459509878, 'num_points': 2}, {'avg_silhouette': 0.3264435987360822, 'num_points': 3}, {'avg_silhouette': 0.48315311928455307, 'num_points': 4}, {'avg_silhouette': 0.33449335827884397, 'num_points': 4}, {'avg_silhouette': 0.06844392489046104, 'num_points': 4}, {'avg_silhouette': 0.5191814637715544, 'num_points': 3}, {'avg_silhouette': 0.3989897459147316, 'num_points': 2}, {'avg_silhouette': 0.32372582723244314, 'num_points': 4}, {'avg_silhouette': 0.32627745010373244, 'num_points': 2}, {'avg_silhouette': 1.0, 'num_points': 2}, {'avg_silhouette': 0.5454233439054372, 'num_points': 5}, {'avg_silhouette': 0.40504071359967386, 'num_points': 2}, {'avg_silhouette': 0.600681556266489, 'num_points': 3}, {'avg_silhouette': 1.0, 'num_points': 3}, {'avg_silhouette': 1.0, 'num_points': 3}, {'avg_silhouette': 0.5971345159108217, 'num_points': 8}, {'avg_silhouette': 0.3766256103020126, 'num_points': 2}, {'avg_silhouette': 0.24318806609310684, 'num_points': 2}, {'avg_silhouette': 0.25917941681163426, 'num_points': 8}, {'avg_silhouette': 1.0, 'num_points': 6}, {'avg_silhouette': 1.0, 'num_points': 6}, {'avg_silhouette': 0.39853485622589224, 'num_points': 4}, {'avg_silhouette': 0.35846802131453415, 'num_points': 2}, {'avg_silhouette': 1.0, 'num_points': 2}, {'avg_silhouette': 0.4054159983187623, 'num_points': 2}, {'avg_silhouette': 0.49862716175979704, 'num_points': 3}, {'avg_silhouette': 0.33862303843042063, 'num_points': 2}, {'avg_silhouette': 0.5614609838266406, 'num_points': 3}, {'avg_silhouette': 1.0, 'num_points': 2}, {'avg_silhouette': 0.5308475596274159, 'num_points': 2}, {'avg_silhouette': 1.0, 'num_points': 3}, {'avg_silhouette': 0.5804979327184893, 'num_points': 3}, {'avg_silhouette': 0.7441600795680097, 'num_points': 2}, {'avg_silhouette': 0.5146961150165896, 'num_points': 2}, {'avg_silhouette': 0.5691056910571565, 'num_points': 3}, {'avg_silhouette': 1.0, 'num_points': 2}, {'avg_silhouette': 1.0, 'num_points': 2}, {'avg_silhouette': 0.2594822779228006, 'num_points': 3}, {'avg_silhouette': 0.7839258233544996, 'num_points': 5}, {'avg_silhouette': 1.0, 'num_points': 4}, {'avg_silhouette': 1.0, 'num_points': 2}, {'avg_silhouette': 0.7682926829268365, 'num_points': 2}, {'avg_silhouette': 0.40134550424172116, 'num_points': 5}, {'avg_silhouette': 1.0, 'num_points': 8}, {'avg_silhouette': 1.0, 'num_points': 2}, {'avg_silhouette': 0.5691056910569692, 'num_points': 3}, {'avg_silhouette': 1.0, 'num_points': 7}, {'avg_silhouette': 1.0, 'num_points': 9}, {'avg_silhouette': 1.0, 'num_points': 5}, {'avg_silhouette': 1.0, 'num_points': 3}, {'avg_silhouette': 1.0, 'num_points': 25}, {'avg_silhouette': 1.0, 'num_points': 3}, {'avg_silhouette': 1.0, 'num_points': 7}, {'avg_silhouette': 0.3730269825704387, 'num_points': 3}, {'avg_silhouette': 0.5169254075578144, 'num_points': 2}, {'avg_silhouette': 1.0, 'num_points': 7}, {'avg_silhouette': 1.0, 'num_points': 10}, {'avg_silhouette': 0.7865271219914199, 'num_points': 2}, {'avg_silhouette': 0.2532404181631893, 'num_points': 2}, {'avg_silhouette': 0.6314455992539569, 'num_points': 5}, {'avg_silhouette': 0.27132215299120555, 'num_points': 3}, {'avg_silhouette': 0.40911597317048587, 'num_points': 5}, {'avg_silhouette': 0.5590266312081129, 'num_points': 2}, {'avg_silhouette': 0.46870841850402034, 'num_points': 5}, {'avg_silhouette': 0.3626696934444373, 'num_points': 4}, {'avg_silhouette': 1.0, 'num_points': 2}, {'avg_silhouette': 1.0, 'num_points': 2}]",,551,0.17616030883889833,2.0,0,
DBSCAN,,0.3599158227686097,"[{'avg_silhouette': 0.5273368436612756, 'num_points': 38}, {'avg_silhouette': 0.4031278397349986, 'num_points': 191}, {'avg_silhouette': 0.47832359391907897, 'num_points': 262}, {'avg_silhouette': 0.9121638096185962, 'num_points': 13}, {'avg_silhouette': 0.3462577960592071, 'num_points': 91}, {'avg_silhouette': 0.31255634522817316, 'num_points': 192}, {'avg_silhouette': 0.7140628941590592, 'num_points': 75}, {'avg_silhouette': 0.40075775393848206, 'num_points': 268}, {'avg_silhouette': 0.8011174802550541, 'num_points': 152}, {'avg_silhouette': 0.428029319767941, 'num_points': 55}, {'avg_silhouette': 0.6263536886492008, 'num_points': 19}, {'avg_silhouette': 0.4737397130333886, 'num_points': 132}, {'avg_silhouette': 0.6564209936921971, 'num_points': 26}, {'avg_silhouette': 0.6106848591712849, 'num_points': 53}, {'avg_silhouette': 0.7840912461824666, 'num_points': 14}, {'avg_silhouette': 0.6940158614558171, 'num_points': 15}, {'avg_silhouette': 0.39093395931700026, 'num_points': 27}, {'avg_silhouette': 0.43172616950069537, 'num_points': 29}, {'avg_silhouette': 0.38569583253012013, 'num_points': 34}, {'avg_silhouette': 0.5193133109273325, 'num_points': 13}, {'avg_silhouette': 0.6473136743906062, 'num_points': 19}, {'avg_silhouette': 0.47491087391305775, 'num_points': 13}, {'avg_silhouette': 0.7277627915359542, 'num_points': 11}]",10.0,23,0.17308479087768752,,5,0.47917660261515743
DBSCAN,,0.31991582276860964,"[{'avg_silhouette': 0.38523485091892623, 'num_points': 8}, {'avg_silhouette': 0.5542266976072261, 'num_points': 119}, {'avg_silhouette': 0.5976730006050595, 'num_points': 7}, {'avg_silhouette': 0.3495492289195757, 'num_points': 7}, {'avg_silhouette': 0.6352665447296753, 'num_points': 154}, {'avg_silhouette': 0.42689359318360415, 'num_points': 23}, {'avg_silhouette': 0.6707530223471667, 'num_points': 9}, {'avg_silhouette': 0.2459962116686733, 'num_points': 64}, {'avg_silhouette': 0.48176135981204365, 'num_points': 8}, {'avg_silhouette': 0.5507862564894904, 'num_points': 30}, {'avg_silhouette': 0.9518488248859462, 'num_points': 12}, {'avg_silhouette': 0.5939632420931873, 'num_points': 42}, {'avg_silhouette': 0.4134019863677317, 'num_points': 40}, {'avg_silhouette': 0.45438784439209035, 'num_points': 88}, {'avg_silhouette': 0.5173721646945839, 'num_points': 50}, {'avg_silhouette': 0.5508177943245633, 'num_points': 28}, {'avg_silhouette': 0.4585710440038051, 'num_points': 156}, {'avg_silhouette': 0.2922155194838505, 'num_points': 26}, {'avg_silhouette': 0.47510098643123333, 'num_points': 30}, {'avg_silhouette': 0.22920233227555178, 'num_points': 8}, {'avg_silhouette': 0.38883448314645563, 'num_points': 17}, {'avg_silhouette': 0.35083060100833197, 'num_points': 17}, {'avg_silhouette': 0.5182452113174951, 'num_points': 32}, {'avg_silhouette': 0.7800793201353086, 'num_points': 13}, {'avg_silhouette': 0.5514748058005668, 'num_points': 29}, {'avg_silhouette': 0.3851402978305101, 'num_points': 6}, {'avg_silhouette': 0.2731430378750807, 'num_points': 108}, {'avg_silhouette': 0.7454594141685287, 'num_points': 123}, {'avg_silhouette': 0.46862646907389355, 'num_points': 11}, {'avg_silhouette': 0.5803554501016134, 'num_points': 39}, {'avg_silhouette': 0.153119019977436, 'num_points': 39}, {'avg_silhouette': 0.5264193072127273, 'num_points': 29}, {'avg_silhouette': 0.3700809239756579, 'num_points': 47}, {'avg_silhouette': 0.6364533222008244, 'num_points': 7}, {'avg_silhouette': 0.5897148109728293, 'num_points': 7}, {'avg_silhouette': 0.46343925760957494, 'num_points': 9}, {'avg_silhouette': 0.38524931574039967, 'num_points': 15}, {'avg_silhouette': 0.470693526990903, 'num_points': 14}, {'avg_silhouette': 0.7607910985999232, 'num_points': 7}, {'avg_silhouette': 0.3584994902541826, 'num_points': 7}, {'avg_silhouette': 0.5514501311979696, 'num_points': 8}, {'avg_silhouette': 0.7433157102492621, 'num_points': 9}, {'avg_silhouette': 0.5716210170620205, 'num_points': 9}, {'avg_silhouette': 0.39206001039103666, 'num_points': 15}, {'avg_silhouette': 0.6747406647097821, 'num_points': 5}, {'avg_silhouette': 0.43259041928637654, 'num_points': 32}, {'avg_silhouette': 0.2649817155407522, 'num_points': 14}, {'avg_silhouette': 0.6653006661996294, 'num_points': 7}, {'avg_silhouette': 0.5150121037741792, 'num_points': 6}, {'avg_silhouette': 0.46600493170524415, 'num_points': 6}, {'avg_silhouette': 0.44295271000915964, 'num_points': 15}, {'avg_silhouette': 0.3904927889390464, 'num_points': 12}, {'avg_silhouette': 0.34144039152456984, 'num_points': 6}, {'avg_silhouette': 0.43601183046574127, 'num_points': 6}, {'avg_silhouette': 0.2984092533721911, 'num_points': 14}, {'avg_silhouette': 0.6996596013097934, 'num_points': 9}, {'avg_silhouette': 0.4336656474472429, 'num_points': 6}, {'avg_silhouette': 0.408941112643511, 'num_points': 12}, {'avg_silhouette': 0.4435330605440526, 'num_points': 22}, {'avg_silhouette': 0.5539218095338111, 'num_points': 12}, {'avg_silhouette': 0.6300566701059616, 'num_points': 5}, {'avg_silhouette': 0.20314788878463602, 'num_points': 10}, {'avg_silhouette': 0.7700508719122823, 'num_points': 9}, {'avg_silhouette': 0.6969285972886741, 'num_points': 8}, {'avg_silhouette': 0.5475065128187815, 'num_points': 19}, {'avg_silhouette': 0.570566923366151, 'num_points': 6}, {'avg_silhouette': 0.696436787883097, 'num_points': 5}, {'avg_silhouette': 0.4535408782034341, 'num_points': 6}, {'avg_silhouette': 0.7979800828465446, 'num_points': 7}]",5.0,69,0.17102251574218028,,2,0.5469187943667402
AGGLC,ward,,"[{'avg_silhouette': -0.006264338854227044, 'num_points': 1509}, {'avg_silhouette': 0.23517001615085442, 'num_points': 503}, {'avg_silhouette': 0.5038520644964349, 'num_points': 129}, {'avg_silhouette': 0.744537764567598, 'num_points': 176}, {'avg_silhouette': 0.4199114773707494, 'num_points': 345}]",,5,0.16894915603670063,,4,0.3483387298087437
K-means,,,"[{'avg_silhouette': 0.2596445221589582, 'num_points': 397}, {'avg_silhouette': -0.04898878333227349, 'num_points': 637}, {'avg_silhouette': -0.05114518345261108, 'num_points': 433}, {'avg_silhouette': 0.46379512243224713, 'num_points': 373}, {'avg_silhouette': 0.26716184259025133, 'num_points': 349}, {'avg_silhouette': 0.27107526448744745, 'num_points': 473}]",,6,0.16685981206358233,,6,0.1935904641473366
K-means,,,"[{'avg_silhouette': 0.033472638534163976, 'num_points': 1772}, {'avg_silhouette': 0.718400747535741, 'num_points': 181}, {'avg_silhouette': 0.4642158852800834, 'num_points': 135}, {'avg_silhouette': 0.3333296255475708, 'num_points': 474}, {'avg_silhouette': 0.30377616681949304, 'num_points': 100}]",,5,0.16543540739700105,,4,0.3873547242243898
DBSCAN,,0.30991582276860963,"[{'avg_silhouette': 0.38523485091892623, 'num_points': 8}, {'avg_silhouette': 0.5542266976072261, 'num_points': 119}, {'avg_silhouette': 0.6509410163695116, 'num_points': 6}, {'avg_silhouette': 0.3535443011212888, 'num_points': 7}, {'avg_silhouette': 0.6346245152985918, 'num_points': 154}, {'avg_silhouette': 0.4545229154860131, 'num_points': 22}, {'avg_silhouette': 0.6707530223471667, 'num_points': 9}, {'avg_silhouette': 0.2459962116686733, 'num_points': 64}, {'avg_silhouette': 0.48176135981204365, 'num_points': 8}, {'avg_silhouette': 0.5507862564894904, 'num_points': 30}, {'avg_silhouette': 0.9518037993156853, 'num_points': 12}, {'avg_silhouette': 0.5939632420931873, 'num_points': 42}, {'avg_silhouette': 0.42889749195731053, 'num_points': 39}, {'avg_silhouette': 0.46475799326159123, 'num_points': 87}, {'avg_silhouette': 0.5366660670436693, 'num_points': 49}, {'avg_silhouette': 0.5809387151234654, 'num_points': 27}, {'avg_silhouette': 0.4650346246386012, 'num_points': 155}, {'avg_silhouette': 0.29010123752896183, 'num_points': 26}, {'avg_silhouette': 0.47510098643123333, 'num_points': 30}, {'avg_silhouette': 0.38711712401171305, 'num_points': 17}, {'avg_silhouette': 0.3475458478516991, 'num_points': 17}, {'avg_silhouette': 0.5182452113174951, 'num_points': 32}, {'avg_silhouette': 0.7785095232088637, 'num_points': 13}, {'avg_silhouette': 0.5511821595838284, 'num_points': 29}, {'avg_silhouette': 0.27540466192484164, 'num_points': 108}, {'avg_silhouette': 0.7548209293267726, 'num_points': 122}, {'avg_silhouette': 0.5292523832703908, 'num_points': 10}, {'avg_silhouette': 0.5803554501016134, 'num_points': 39}, {'avg_silhouette': 0.1577587913437284, 'num_points': 38}, {'avg_silhouette': 0.5264193072127273, 'num_points': 29}, {'avg_silhouette': 0.36936752344592627, 'num_points': 47}, {'avg_silhouette': 0.635149963704151, 'num_points': 7}, {'avg_silhouette': 0.5897148109728293, 'num_points': 7}, {'avg_silhouette': 0.4624407364973177, 'num_points': 9}, {'avg_silhouette': 0.38524931574039967, 'num_points': 15}, {'avg_silhouette': 0.470693526990903, 'num_points': 14}, {'avg_silhouette': 0.7607910985999232, 'num_points': 7}, {'avg_silhouette': 0.3584994902541826, 'num_points': 7}, {'avg_silhouette': 0.5403513116102089, 'num_points': 8}, {'avg_silhouette': 0.7433157102492621, 'num_points': 9}, {'avg_silhouette': 0.5716210170620205, 'num_points': 9}, {'avg_silhouette': 0.39206001039103666, 'num_points': 15}, {'avg_silhouette': 0.6747406647097821, 'num_points': 5}, {'avg_silhouette': 0.42828654020475093, 'num_points': 32}, {'avg_silhouette': 0.3162134208888412, 'num_points': 13}, {'avg_silhouette': 0.6653006661996294, 'num_points': 7}, {'avg_silhouette': 0.5150121037741792, 'num_points': 6}, {'avg_silhouette': 0.43309317006626125, 'num_points': 15}, {'avg_silhouette': 0.3904927889390464, 'num_points': 12}, {'avg_silhouette': 0.34144039152456984, 'num_points': 6}, {'avg_silhouette': 0.43247853689664356, 'num_points': 6}, {'avg_silhouette': 0.33881225442693197, 'num_points': 13}, {'avg_silhouette': 0.6992494746039893, 'num_points': 9}, {'avg_silhouette': 0.4336656474472429, 'num_points': 6}, {'avg_silhouette': 0.408941112643511, 'num_points': 12}, {'avg_silhouette': 0.5261561286171402, 'num_points': 5}, {'avg_silhouette': 0.4435330605440526, 'num_points': 22}, {'avg_silhouette': 0.5539218095338111, 'num_points': 12}, {'avg_silhouette': 0.6300566701059616, 'num_points': 5}, {'avg_silhouette': 0.7700508719122823, 'num_points': 9}, {'avg_silhouette': 0.6959234742684046, 'num_points': 8}, {'avg_silhouette': 0.5475065128187815, 'num_points': 19}, {'avg_silhouette': 0.20314788878463602, 'num_points': 10}, {'avg_silhouette': 0.696436787883097, 'num_points': 5}, {'avg_silhouette': 0.45356729223017167, 'num_points': 6}, {'avg_silhouette': 0.570566923366151, 'num_points': 6}, {'avg_silhouette': 0.7978339034533967, 'num_points': 7}]",5.0,67,0.1650815261476954,,2,0.5498295699685964
DBSCAN,,0.2999158227686096,"[{'avg_silhouette': 0.4458953416790023, 'num_points': 7}, {'avg_silhouette': 0.5542266976072261, 'num_points': 119}, {'avg_silhouette': 0.6509410163695116, 'num_points': 6}, {'avg_silhouette': 0.6346245152985918, 'num_points': 154}, {'avg_silhouette': 0.4545229154860131, 'num_points': 22}, {'avg_silhouette': 0.6707530223471667, 'num_points': 9}, {'avg_silhouette': 0.24598508318616985, 'num_points': 64}, {'avg_silhouette': 0.48176135981204365, 'num_points': 8}, {'avg_silhouette': 0.5507862564894904, 'num_points': 30}, {'avg_silhouette': 0.9518037993156853, 'num_points': 12}, {'avg_silhouette': 0.5939632420931873, 'num_points': 42}, {'avg_silhouette': 0.42889749195731053, 'num_points': 39}, {'avg_silhouette': 0.46475799326159123, 'num_points': 87}, {'avg_silhouette': 0.5366660670436693, 'num_points': 49}, {'avg_silhouette': 0.5809387151234654, 'num_points': 27}, {'avg_silhouette': 0.458560610141017, 'num_points': 155}, {'avg_silhouette': 0.29010123752896183, 'num_points': 26}, {'avg_silhouette': 0.4673553501558684, 'num_points': 30}, {'avg_silhouette': 0.38711712401171305, 'num_points': 17}, {'avg_silhouette': 0.3475458478516991, 'num_points': 17}, {'avg_silhouette': 0.5182452113174951, 'num_points': 32}, {'avg_silhouette': 0.7785095232088637, 'num_points': 13}, {'avg_silhouette': 0.6008889957543596, 'num_points': 28}, {'avg_silhouette': 0.27540466192484164, 'num_points': 108}, {'avg_silhouette': 0.7548209293267726, 'num_points': 122}, {'avg_silhouette': 0.5292523832703908, 'num_points': 10}, {'avg_silhouette': 0.5803554501016134, 'num_points': 39}, {'avg_silhouette': 0.1577587913437284, 'num_points': 38}, {'avg_silhouette': 0.5192734131504252, 'num_points': 29}, {'avg_silhouette': 0.3814161745280785, 'num_points': 46}, {'avg_silhouette': 0.635149963704151, 'num_points': 7}, {'avg_silhouette': 0.5897148109728293, 'num_points': 7}, {'avg_silhouette': 0.4624407364973177, 'num_points': 9}, {'avg_silhouette': 0.38524931574039967, 'num_points': 15}, {'avg_silhouette': 0.470693526990903, 'num_points': 14}, {'avg_silhouette': 0.7607910985999232, 'num_points': 7}, {'avg_silhouette': 0.5403513116102089, 'num_points': 8}, {'avg_silhouette': 0.7798484195364705, 'num_points': 8}, {'avg_silhouette': 0.3535443011212888, 'num_points': 7}, {'avg_silhouette': 0.6108153913247776, 'num_points': 8}, {'avg_silhouette': 0.4259496455984451, 'num_points': 14}, {'avg_silhouette': 0.6747406647097821, 'num_points': 5}, {'avg_silhouette': 0.42828654020475093, 'num_points': 32}, {'avg_silhouette': 0.35278053292292433, 'num_points': 12}, {'avg_silhouette': 0.6653006661996294, 'num_points': 7}, {'avg_silhouette': 0.5150121037741792, 'num_points': 6}, {'avg_silhouette': 0.43248820930765425, 'num_points': 15}, {'avg_silhouette': 0.38372134174227795, 'num_points': 12}, {'avg_silhouette': 0.34144039152456984, 'num_points': 6}, {'avg_silhouette': 0.43247853689664356, 'num_points': 6}, {'avg_silhouette': 0.33881225442693197, 'num_points': 13}, {'avg_silhouette': 0.6992494746039893, 'num_points': 9}, {'avg_silhouette': 0.4336656474472429, 'num_points': 6}, {'avg_silhouette': 0.408941112643511, 'num_points': 12}, {'avg_silhouette': 0.4435330605440526, 'num_points': 22}, {'avg_silhouette': 0.5539218095338111, 'num_points': 12}, {'avg_silhouette': 0.7700508719122823, 'num_points': 9}, {'avg_silhouette': 0.6959234742684046, 'num_points': 8}, {'avg_silhouette': 0.5475065128187815, 'num_points': 19}, {'avg_silhouette': 0.20314788878463602, 'num_points': 10}, {'avg_silhouette': 0.6293037352378649, 'num_points': 5}, {'avg_silhouette': 0.696436787883097, 'num_points': 5}, {'avg_silhouette': 0.5278967751827133, 'num_points': 5}, {'avg_silhouette': 0.3584994902541826, 'num_points': 7}, {'avg_silhouette': 0.45356729223017167, 'num_points': 6}, {'avg_silhouette': 0.570566923366151, 'num_points': 6}, {'avg_silhouette': 0.7978339034533967, 'num_points': 7}]",5.0,67,0.1630699486812152,,2,0.5465925627198044
HDBSCAN,,,"[{'avg_silhouette': 0.3678080720298594, 'num_points': 73}, {'avg_silhouette': 0.5021176501752879, 'num_points': 50}, {'avg_silhouette': 0.7079103841301339, 'num_points': 175}, {'avg_silhouette': 0.5168073093644545, 'num_points': 116}, {'avg_silhouette': 0.482379639053316, 'num_points': 127}, {'avg_silhouette': 0.44235029194506054, 'num_points': 179}, {'avg_silhouette': 0.5889213133653611, 'num_points': 54}, {'avg_silhouette': 0.5252261412204171, 'num_points': 44}, {'avg_silhouette': 0.45004806826722465, 'num_points': 183}, {'avg_silhouette': 0.5391474255937356, 'num_points': 259}, {'avg_silhouette': 0.41765840377826874, 'num_points': 74}, {'avg_silhouette': 0.45070492710809823, 'num_points': 267}]",,12,0.1621413114594443,43.0,5,0.5180322194088506
DBSCAN,,0.33991582276860965,"[{'avg_silhouette': 0.5371416402447673, 'num_points': 37}, {'avg_silhouette': 0.34351372023212134, 'num_points': 189}, {'avg_silhouette': 0.5943853031566196, 'num_points': 7}, {'avg_silhouette': 0.4688899185336551, 'num_points': 7}, {'avg_silhouette': 0.4859505828000109, 'num_points': 259}, {'avg_silhouette': 0.2966480478098097, 'num_points': 53}, {'avg_silhouette': 0.6022354366916561, 'num_points': 19}, {'avg_silhouette': 0.9125998146111662, 'num_points': 13}, {'avg_silhouette': 0.3005751190148532, 'num_points': 95}, {'avg_silhouette': 0.29627357497319035, 'num_points': 189}, {'avg_silhouette': 0.46540885919852926, 'num_points': 74}, {'avg_silhouette': 0.4120226972179639, 'num_points': 267}, {'avg_silhouette': 0.6185659127011164, 'num_points': 152}, {'avg_silhouette': 0.40472506859733975, 'num_points': 6}, {'avg_silhouette': 0.28058396319440526, 'num_points': 129}, {'avg_silhouette': 0.43155957383098276, 'num_points': 12}, {'avg_silhouette': 0.44996851291423634, 'num_points': 52}, {'avg_silhouette': 0.6571910204795256, 'num_points': 7}, {'avg_silhouette': 0.52225951508818, 'num_points': 14}, {'avg_silhouette': 0.7806828567393518, 'num_points': 7}, {'avg_silhouette': 0.24336620803900422, 'num_points': 11}, {'avg_silhouette': 0.48055248490787467, 'num_points': 9}, {'avg_silhouette': 0.7657944916256527, 'num_points': 9}, {'avg_silhouette': 0.5872857969020596, 'num_points': 9}, {'avg_silhouette': 0.3905294236535688, 'num_points': 27}, {'avg_silhouette': 0.6907025679296541, 'num_points': 5}, {'avg_silhouette': 0.31215981359264205, 'num_points': 30}, {'avg_silhouette': 0.7257979780883139, 'num_points': 13}, {'avg_silhouette': 0.5106908320339806, 'num_points': 7}, {'avg_silhouette': 0.49336413702199094, 'num_points': 6}, {'avg_silhouette': 0.7144129371708237, 'num_points': 9}, {'avg_silhouette': 0.40478916777217383, 'num_points': 34}, {'avg_silhouette': 0.5705891922347496, 'num_points': 12}, {'avg_silhouette': 0.30694107360132994, 'num_points': 26}, {'avg_silhouette': 0.786074146995452, 'num_points': 9}, {'avg_silhouette': 0.5480383400527341, 'num_points': 19}, {'avg_silhouette': 0.570566923366151, 'num_points': 6}, {'avg_silhouette': 0.42150435290966015, 'num_points': 5}, {'avg_silhouette': 0.5264400512607791, 'num_points': 5}, {'avg_silhouette': 0.7276639417195624, 'num_points': 11}]",5.0,40,0.16198679662088833,,5,0.43126529758488064
DBSCAN,,0.34991582276860966,"[{'avg_silhouette': 0.5221779337730834, 'num_points': 38}, {'avg_silhouette': 0.3951212417515514, 'num_points': 190}, {'avg_silhouette': 0.48052998467080144, 'num_points': 261}, {'avg_silhouette': 0.9120282780814524, 'num_points': 13}, {'avg_silhouette': 0.3542771420914179, 'num_points': 88}, {'avg_silhouette': 0.3158164688940768, 'num_points': 190}, {'avg_silhouette': 0.7137556250477567, 'num_points': 75}, {'avg_silhouette': 0.40005492884785887, 'num_points': 268}, {'avg_silhouette': 0.8008520705993687, 'num_points': 152}, {'avg_silhouette': 0.4953560456791209, 'num_points': 48}, {'avg_silhouette': 0.6855543377146489, 'num_points': 17}, {'avg_silhouette': 0.47803981607390755, 'num_points': 130}, {'avg_silhouette': 0.6826045676330195, 'num_points': 23}, {'avg_silhouette': 0.6274036412751504, 'num_points': 51}, {'avg_silhouette': 0.7840688179332315, 'num_points': 14}, {'avg_silhouette': 0.7670213198184788, 'num_points': 10}, {'avg_silhouette': 0.39093395931700026, 'num_points': 27}, {'avg_silhouette': 0.43036077914588705, 'num_points': 29}, {'avg_silhouette': 0.38457147771611805, 'num_points': 34}, {'avg_silhouette': 0.5733520046368906, 'num_points': 12}, {'avg_silhouette': 0.6474937870812806, 'num_points': 19}, {'avg_silhouette': 0.4741614852589233, 'num_points': 12}]",10.0,22,0.1599315723922083,,5,0.4784749389527315
DBSCAN,,0.2899158227686096,"[{'avg_silhouette': 0.4458953416790023, 'num_points': 7}, {'avg_silhouette': 0.5618873518856338, 'num_points': 118}, {'avg_silhouette': 0.7114796413907823, 'num_points': 5}, {'avg_silhouette': 0.6660993706651411, 'num_points': 151}, {'avg_silhouette': 0.4500120717178198, 'num_points': 22}, {'avg_silhouette': 0.6707530223471667, 'num_points': 9}, {'avg_silhouette': 0.2541650212452843, 'num_points': 63}, {'avg_silhouette': 0.48176135981204365, 'num_points': 8}, {'avg_silhouette': 0.5501779472491418, 'num_points': 30}, {'avg_silhouette': 0.951434799707482, 'num_points': 12}, {'avg_silhouette': 0.5918093124069334, 'num_points': 42}, {'avg_silhouette': 0.420247132642217, 'num_points': 39}, {'avg_silhouette': 0.46182045135211436, 'num_points': 87}, {'avg_silhouette': 0.5366660670436693, 'num_points': 49}, {'avg_silhouette': 0.6064591770960329, 'num_points': 26}, {'avg_silhouette': 0.458560610141017, 'num_points': 155}, {'avg_silhouette': 0.29010123752896183, 'num_points': 26}, {'avg_silhouette': 0.4673553501558684, 'num_points': 30}, {'avg_silhouette': 0.3859013316273214, 'num_points': 17}, {'avg_silhouette': 0.3475458478516991, 'num_points': 17}, {'avg_silhouette': 0.5182452113174951, 'num_points': 32}, {'avg_silhouette': 0.7774065176718763, 'num_points': 13}, {'avg_silhouette': 0.6008889957543596, 'num_points': 28}, {'avg_silhouette': 0.2754308116940482, 'num_points': 107}, {'avg_silhouette': 0.7657413403199029, 'num_points': 121}, {'avg_silhouette': 0.5161811524970048, 'num_points': 10}, {'avg_silhouette': 0.5803554501016134, 'num_points': 39}, {'avg_silhouette': 0.20787904640372595, 'num_points': 34}, {'avg_silhouette': 0.5192734131504252, 'num_points': 29}, {'avg_silhouette': 0.3814161745280785, 'num_points': 46}, {'avg_silhouette': 0.635149963704151, 'num_points': 7}, {'avg_silhouette': 0.5897148109728293, 'num_points': 7}, {'avg_silhouette': 0.4618032557015171, 'num_points': 9}, {'avg_silhouette': 0.4017536985004431, 'num_points': 14}, {'avg_silhouette': 0.470693526990903, 'num_points': 14}, {'avg_silhouette': 0.7607360887450412, 'num_points': 7}, {'avg_silhouette': 0.6851279005130222, 'num_points': 7}, {'avg_silhouette': 0.7798484195364705, 'num_points': 8}, {'avg_silhouette': 0.3535443011212888, 'num_points': 7}, {'avg_silhouette': 0.6688718131595398, 'num_points': 7}, {'avg_silhouette': 0.4259496455984451, 'num_points': 14}, {'avg_silhouette': 0.6747406647097821, 'num_points': 5}, {'avg_silhouette': 0.42851148820726265, 'num_points': 32}, {'avg_silhouette': 0.3334926081365362, 'num_points': 12}, {'avg_silhouette': 0.6501346504909021, 'num_points': 7}, {'avg_silhouette': 0.5438761886127307, 'num_points': 5}, {'avg_silhouette': 0.5151598226108856, 'num_points': 13}, {'avg_silhouette': 0.38372134174227795, 'num_points': 12}, {'avg_silhouette': 0.4099811055181891, 'num_points': 5}, {'avg_silhouette': 0.43247853689664356, 'num_points': 6}, {'avg_silhouette': 0.33881225442693197, 'num_points': 13}, {'avg_silhouette': 0.6985837968581347, 'num_points': 9}, {'avg_silhouette': 0.43265505456050785, 'num_points': 6}, {'avg_silhouette': 0.408941112643511, 'num_points': 12}, {'avg_silhouette': 0.5539218095338111, 'num_points': 12}, {'avg_silhouette': 0.7694695175268838, 'num_points': 9}, {'avg_silhouette': 0.6833241462004964, 'num_points': 8}, {'avg_silhouette': 0.4435330605440526, 'num_points': 22}, {'avg_silhouette': 0.5475640874711242, 'num_points': 19}, {'avg_silhouette': 0.20314788878463602, 'num_points': 10}, {'avg_silhouette': 0.6293037352378649, 'num_points': 5}, {'avg_silhouette': 0.696436787883097, 'num_points': 5}, {'avg_silhouette': 0.5278967751827133, 'num_points': 5}, {'avg_silhouette': 0.3584994902541826, 'num_points': 7}, {'avg_silhouette': 0.6535858877205369, 'num_points': 5}, {'avg_silhouette': 0.4881053405600829, 'num_points': 5}, {'avg_silhouette': 0.7978339034533967, 'num_points': 7}]",5.0,67,0.15901366928099894,,2,0.5623299904030791
DBSCAN,,0.2799158227686096,"[{'avg_silhouette': 0.4458953416790023, 'num_points': 7}, {'avg_silhouette': 0.5616753079515977, 'num_points': 118}, {'avg_silhouette': 0.7135875278457366, 'num_points': 5}, {'avg_silhouette': 0.6660993706651411, 'num_points': 151}, {'avg_silhouette': 0.4500120717178198, 'num_points': 22}, {'avg_silhouette': 0.6707530223471667, 'num_points': 9}, {'avg_silhouette': 0.271804496800892, 'num_points': 62}, {'avg_silhouette': 0.48176135981204365, 'num_points': 8}, {'avg_silhouette': 0.5501779472491418, 'num_points': 30}, {'avg_silhouette': 0.9513145852967954, 'num_points': 12}, {'avg_silhouette': 0.5918093124069334, 'num_points': 42}, {'avg_silhouette': 0.41546281860855006, 'num_points': 39}, {'avg_silhouette': 0.43580912888610734, 'num_points': 87}, {'avg_silhouette': 0.5366660670436693, 'num_points': 49}, {'avg_silhouette': 0.6064591770960329, 'num_points': 26}, {'avg_silhouette': 0.4580595545751911, 'num_points': 155}, {'avg_silhouette': 0.5167323932813819, 'num_points': 28}, {'avg_silhouette': 0.3827209461591498, 'num_points': 17}, {'avg_silhouette': 0.3475458478516991, 'num_points': 17}, {'avg_silhouette': 0.5182452113174951, 'num_points': 32}, {'avg_silhouette': 0.7774065176718763, 'num_points': 13}, {'avg_silhouette': 0.5929640545940834, 'num_points': 28}, {'avg_silhouette': 0.28181891185318153, 'num_points': 106}, {'avg_silhouette': 0.7795832220339991, 'num_points': 120}, {'avg_silhouette': 0.5161811524970048, 'num_points': 10}, {'avg_silhouette': 0.5803554501016134, 'num_points': 39}, {'avg_silhouette': 0.23328983283345903, 'num_points': 33}, {'avg_silhouette': 0.5192734131504252, 'num_points': 29}, {'avg_silhouette': 0.29863772527869503, 'num_points': 25}, {'avg_silhouette': 0.3778949341088715, 'num_points': 46}, {'avg_silhouette': 0.5897148109728293, 'num_points': 7}, {'avg_silhouette': 0.459658651647833, 'num_points': 9}, {'avg_silhouette': 0.39976354099945727, 'num_points': 14}, {'avg_silhouette': 0.5092804364741924, 'num_points': 13}, {'avg_silhouette': 0.7607360887450412, 'num_points': 7}, {'avg_silhouette': 0.6851279005130222, 'num_points': 7}, {'avg_silhouette': 0.635149963704151, 'num_points': 7}, {'avg_silhouette': 0.7798484195364705, 'num_points': 8}, {'avg_silhouette': 0.3535443011212888, 'num_points': 7}, {'avg_silhouette': 0.6658147027257962, 'num_points': 7}, {'avg_silhouette': 0.41786296071963286, 'num_points': 14}, {'avg_silhouette': 0.6747406647097821, 'num_points': 5}, {'avg_silhouette': 0.42714012480089697, 'num_points': 32}, {'avg_silhouette': 0.35595959199234367, 'num_points': 11}, {'avg_silhouette': 0.6501346504909021, 'num_points': 7}, {'avg_silhouette': 0.5167663403570286, 'num_points': 13}, {'avg_silhouette': 0.4099811055181891, 'num_points': 5}, {'avg_silhouette': 0.4286703653232479, 'num_points': 7}, {'avg_silhouette': 0.69752907003299, 'num_points': 9}, {'avg_silhouette': 0.4604782086184397, 'num_points': 10}, {'avg_silhouette': 0.43265505456050785, 'num_points': 6}, {'avg_silhouette': 0.4109055624304399, 'num_points': 12}, {'avg_silhouette': 0.5539218095338111, 'num_points': 12}, {'avg_silhouette': 0.7694695175268838, 'num_points': 9}, {'avg_silhouette': 0.43247853689664356, 'num_points': 6}, {'avg_silhouette': 0.6799176949268324, 'num_points': 8}, {'avg_silhouette': 0.48860127663551883, 'num_points': 20}, {'avg_silhouette': 0.5475211855738231, 'num_points': 19}, {'avg_silhouette': 0.3327866564116405, 'num_points': 6}, {'avg_silhouette': 0.6692155692421569, 'num_points': 5}, {'avg_silhouette': 0.5342945247204851, 'num_points': 5}, {'avg_silhouette': 0.3635888695002816, 'num_points': 6}, {'avg_silhouette': 0.3818685813317374, 'num_points': 5}, {'avg_silhouette': 0.6535858877205369, 'num_points': 5}, {'avg_silhouette': 0.4881053405600829, 'num_points': 5}, {'avg_silhouette': 0.7978339034533967, 'num_points': 7}]",5.0,66,0.15151973151897793,,2,0.5620794626201662
K-means,,,"[{'avg_silhouette': 0.15550269360987215, 'num_points': 583}, {'avg_silhouette': 0.02008849952885987, 'num_points': 871}, {'avg_silhouette': 0.7033845121799019, 'num_points': 182}, {'avg_silhouette': 0.1599823988720191, 'num_points': 1026}]",,4,0.1503805694679287,,4,0.25973952604766326
HDBSCAN,,,"[{'avg_silhouette': 0.35038096127237345, 'num_points': 78}, {'avg_silhouette': 0.4936862493652923, 'num_points': 51}, {'avg_silhouette': 0.709673784683244, 'num_points': 175}, {'avg_silhouette': 0.5190355336746755, 'num_points': 116}, {'avg_silhouette': 0.4848998731248961, 'num_points': 129}, {'avg_silhouette': 0.43640913819268884, 'num_points': 185}, {'avg_silhouette': 0.5958012605735493, 'num_points': 54}, {'avg_silhouette': 0.4982301980964141, 'num_points': 47}, {'avg_silhouette': 0.4482338170287948, 'num_points': 185}, {'avg_silhouette': 0.3261075203431226, 'num_points': 81}, {'avg_silhouette': 0.4490865663841218, 'num_points': 272}, {'avg_silhouette': 0.6923010648131243, 'num_points': 148}, {'avg_silhouette': 0.6589577146057439, 'num_points': 39}]",,13,0.14767604599583575,35.0,5,0.5471408742203947
HDBSCAN,,,"[{'avg_silhouette': 0.30423977915386075, 'num_points': 84}, {'avg_silhouette': 0.2850119692694496, 'num_points': 17}, {'avg_silhouette': 0.4502681731870606, 'num_points': 17}, {'avg_silhouette': 0.394918231210734, 'num_points': 11}, {'avg_silhouette': 0.4301070501893204, 'num_points': 55}, {'avg_silhouette': 0.46083009792877677, 'num_points': 21}, {'avg_silhouette': 0.4544569863467456, 'num_points': 12}, {'avg_silhouette': 0.4287711868660936, 'num_points': 33}, {'avg_silhouette': 0.7284315473967586, 'num_points': 16}, {'avg_silhouette': 0.3903688946374854, 'num_points': 20}, {'avg_silhouette': 0.6049793567637421, 'num_points': 10}, {'avg_silhouette': 0.573369184298996, 'num_points': 12}, {'avg_silhouette': 0.543195024433245, 'num_points': 49}, {'avg_silhouette': 0.4160345405613687, 'num_points': 15}, {'avg_silhouette': 0.6199892009229275, 'num_points': 19}, {'avg_silhouette': 0.9659090909091546, 'num_points': 44}, {'avg_silhouette': 1.0, 'num_points': 11}, {'avg_silhouette': 0.47214580011563684, 'num_points': 10}, {'avg_silhouette': 0.5329163487616181, 'num_points': 19}, {'avg_silhouette': 0.3013966507462689, 'num_points': 27}, {'avg_silhouette': 0.41533651421915846, 'num_points': 33}, {'avg_silhouette': 0.3971908908977455, 'num_points': 141}, {'avg_silhouette': 0.4777062714133409, 'num_points': 60}, {'avg_silhouette': 0.1740164097567203, 'num_points': 43}, {'avg_silhouette': 0.3277913818832024, 'num_points': 60}, {'avg_silhouette': 0.3487603237216761, 'num_points': 28}, {'avg_silhouette': 0.4817137636647227, 'num_points': 38}, {'avg_silhouette': 0.5733520046368906, 'num_points': 12}, {'avg_silhouette': 0.1825273795799652, 'num_points': 25}, {'avg_silhouette': 0.5953876655625312, 'num_points': 116}, {'avg_silhouette': 0.28830597422378024, 'num_points': 61}, {'avg_silhouette': 0.4213358101033575, 'num_points': 22}, {'avg_silhouette': 0.5701847479705753, 'num_points': 42}, {'avg_silhouette': 0.31047768820262306, 'num_points': 46}, {'avg_silhouette': 0.5167323932813819, 'num_points': 28}, {'avg_silhouette': 0.5538331947819582, 'num_points': 28}, {'avg_silhouette': 0.8895664033908374, 'num_points': 14}, {'avg_silhouette': 0.5116559040882739, 'num_points': 12}, {'avg_silhouette': 0.554866831526652, 'num_points': 27}, {'avg_silhouette': 0.2774257361009613, 'num_points': 20}, {'avg_silhouette': 0.5831188938182998, 'num_points': 11}, {'avg_silhouette': 0.48042167515671075, 'num_points': 17}, {'avg_silhouette': 0.5065219110678186, 'num_points': 66}, {'avg_silhouette': 0.7447851993386481, 'num_points': 17}, {'avg_silhouette': 0.45283029324247365, 'num_points': 14}, {'avg_silhouette': 0.6731834057252403, 'num_points': 12}, {'avg_silhouette': 0.5323868283345159, 'num_points': 45}, {'avg_silhouette': 0.5601655870139589, 'num_points': 71}, {'avg_silhouette': 0.4962683674693874, 'num_points': 26}, {'avg_silhouette': 0.4075441303788551, 'num_points': 37}, {'avg_silhouette': 0.5749438777320928, 'num_points': 11}, {'avg_silhouette': 0.6934117461705145, 'num_points': 44}, {'avg_silhouette': 0.7131409126326558, 'num_points': 16}, {'avg_silhouette': 0.5289871780297605, 'num_points': 24}]",,54,0.14495041755938248,10.0,1,
DBSCAN,,0.2699158227686096,"[{'avg_silhouette': 0.4411586243789842, 'num_points': 7}, {'avg_silhouette': 0.5711026437100357, 'num_points': 118}, {'avg_silhouette': 0.7179233254736919, 'num_points': 5}, {'avg_silhouette': 0.6639876343416354, 'num_points': 151}, {'avg_silhouette': 0.4500120717178198, 'num_points': 22}, {'avg_silhouette': 0.668935487429759, 'num_points': 9}, {'avg_silhouette': 0.2868943348087886, 'num_points': 60}, {'avg_silhouette': 0.47947916616012715, 'num_points': 8}, {'avg_silhouette': 0.5501779472491418, 'num_points': 30}, {'avg_silhouette': 0.9512475470720613, 'num_points': 12}, {'avg_silhouette': 0.6143293057457574, 'num_points': 41}, {'avg_silhouette': 0.41456728495487116, 'num_points': 39}, {'avg_silhouette': 0.4439498850031872, 'num_points': 86}, {'avg_silhouette': 0.5261173492621479, 'num_points': 49}, {'avg_silhouette': 0.6051332114227517, 'num_points': 26}, {'avg_silhouette': 0.4579350056640616, 'num_points': 155}, {'avg_silhouette': 0.5167323932813819, 'num_points': 28}, {'avg_silhouette': 0.3827209461591498, 'num_points': 17}, {'avg_silhouette': 0.3475458478516991, 'num_points': 17}, {'avg_silhouette': 0.5370414501155993, 'num_points': 31}, {'avg_silhouette': 0.7774065176718763, 'num_points': 13}, {'avg_silhouette': 0.5929640545940834, 'num_points': 28}, {'avg_silhouette': 0.2907921585383527, 'num_points': 103}, {'avg_silhouette': 0.7795832220339991, 'num_points': 120}, {'avg_silhouette': 0.5161811524970048, 'num_points': 10}, {'avg_silhouette': 0.5803554501016134, 'num_points': 39}, {'avg_silhouette': 0.24649316223551623, 'num_points': 32}, {'avg_silhouette': 0.5448355646866352, 'num_points': 28}, {'avg_silhouette': 0.3074108126914905, 'num_points': 24}, {'avg_silhouette': 0.3778949341088715, 'num_points': 46}, {'avg_silhouette': 0.5897148109728293, 'num_points': 7}, {'avg_silhouette': 0.459658651647833, 'num_points': 9}, {'avg_silhouette': 0.413418348129638, 'num_points': 13}, {'avg_silhouette': 0.6050071170779988, 'num_points': 11}, {'avg_silhouette': 0.6851279005130222, 'num_points': 7}, {'avg_silhouette': 0.635149963704151, 'num_points': 7}, {'avg_silhouette': 0.7798484195364705, 'num_points': 8}, {'avg_silhouette': 0.3535443011212888, 'num_points': 7}, {'avg_silhouette': 0.663444192774158, 'num_points': 7}, {'avg_silhouette': 0.42662060648771943, 'num_points': 14}, {'avg_silhouette': 0.6747406647097821, 'num_points': 5}, {'avg_silhouette': 0.4287270651106042, 'num_points': 32}, {'avg_silhouette': 0.49237129920609163, 'num_points': 8}, {'avg_silhouette': 0.6501346504909021, 'num_points': 7}, {'avg_silhouette': 0.6912568572464816, 'num_points': 9}, {'avg_silhouette': 0.4286703653232479, 'num_points': 7}, {'avg_silhouette': 0.69752907003299, 'num_points': 9}, {'avg_silhouette': 0.49794479581967377, 'num_points': 9}, {'avg_silhouette': 0.49322779695589214, 'num_points': 5}, {'avg_silhouette': 0.4567410875671125, 'num_points': 11}, {'avg_silhouette': 0.7607360887450412, 'num_points': 7}, {'avg_silhouette': 0.5513941481440257, 'num_points': 12}, {'avg_silhouette': 0.7694695175268838, 'num_points': 9}, {'avg_silhouette': 0.5086971938802927, 'num_points': 5}, {'avg_silhouette': 0.6777421806037609, 'num_points': 8}, {'avg_silhouette': 0.5589320535588653, 'num_points': 18}, {'avg_silhouette': 0.547557531153989, 'num_points': 19}, {'avg_silhouette': 0.4161497084516953, 'num_points': 5}, {'avg_silhouette': 0.6640125806824475, 'num_points': 5}, {'avg_silhouette': 0.45641888745628767, 'num_points': 5}, {'avg_silhouette': 0.3818685813317374, 'num_points': 5}, {'avg_silhouette': 0.4099811055181891, 'num_points': 5}, {'avg_silhouette': 0.4881053405600829, 'num_points': 5}, {'avg_silhouette': 0.7978339034533967, 'num_points': 7}]",5.0,64,0.1413301147590191,,2,0.5609613200028485
DBSCAN,,0.33991582276860965,"[{'avg_silhouette': 0.5371416402447673, 'num_points': 37}, {'avg_silhouette': 0.3964205680955496, 'num_points': 184}, {'avg_silhouette': 0.4853441506355849, 'num_points': 259}, {'avg_silhouette': 0.9120282780814524, 'num_points': 13}, {'avg_silhouette': 0.35066559583323215, 'num_points': 88}, {'avg_silhouette': 0.28427912808874, 'num_points': 188}, {'avg_silhouette': 0.7165880464572081, 'num_points': 74}, {'avg_silhouette': 0.39929420564075263, 'num_points': 267}, {'avg_silhouette': 0.8008520705993687, 'num_points': 152}, {'avg_silhouette': 0.5811436276996261, 'num_points': 38}, {'avg_silhouette': 0.685224183490757, 'num_points': 17}, {'avg_silhouette': 0.48379900564859657, 'num_points': 128}, {'avg_silhouette': 0.6959122845467607, 'num_points': 44}, {'avg_silhouette': 0.7840615291648426, 'num_points': 14}, {'avg_silhouette': 0.7881511581755607, 'num_points': 12}, {'avg_silhouette': 0.3541186438828707, 'num_points': 27}, {'avg_silhouette': 0.36586146466602104, 'num_points': 16}, {'avg_silhouette': 0.3441699145756066, 'num_points': 13}, {'avg_silhouette': 0.5705891922347496, 'num_points': 12}, {'avg_silhouette': 0.4492867877985389, 'num_points': 21}, {'avg_silhouette': 0.6459142609764981, 'num_points': 19}, {'avg_silhouette': 0.4514245257250704, 'num_points': 10}, {'avg_silhouette': 0.3447438653513348, 'num_points': 11}]",10.0,23,0.13956384445586975,,5,0.4732380246119991
HDBSCAN,,,"[{'avg_silhouette': 0.32284855211755514, 'num_points': 82}, {'avg_silhouette': 0.4676025773936886, 'num_points': 53}, {'avg_silhouette': 0.47410262916732926, 'num_points': 32}, {'avg_silhouette': 0.4934031670146779, 'num_points': 20}, {'avg_silhouette': 0.7105737168116735, 'num_points': 175}, {'avg_silhouette': 0.49698237452513594, 'num_points': 119}, {'avg_silhouette': 0.34527064657146256, 'num_points': 23}, {'avg_silhouette': 0.4573490816998134, 'num_points': 29}, {'avg_silhouette': 0.4617312241530611, 'num_points': 138}, {'avg_silhouette': 0.5902440936992879, 'num_points': 55}, {'avg_silhouette': 0.346548985694799, 'num_points': 28}, {'avg_silhouette': 0.35481522416592576, 'num_points': 57}, {'avg_silhouette': 0.4842843435423167, 'num_points': 38}, {'avg_silhouette': 0.23296874319866695, 'num_points': 97}, {'avg_silhouette': 0.574750298856015, 'num_points': 116}, {'avg_silhouette': 0.3530950513673405, 'num_points': 51}, {'avg_silhouette': 0.4247294010918672, 'num_points': 34}, {'avg_silhouette': 0.6222713315411292, 'num_points': 40}, {'avg_silhouette': 0.6078708522728822, 'num_points': 27}, {'avg_silhouette': 0.35995705302076497, 'num_points': 44}, {'avg_silhouette': 0.5338003330827297, 'num_points': 27}, {'avg_silhouette': 0.3669761733975973, 'num_points': 35}, {'avg_silhouette': 0.5795268056766969, 'num_points': 27}, {'avg_silhouette': 0.4828138070177706, 'num_points': 86}, {'avg_silhouette': 0.5323868283345159, 'num_points': 45}, {'avg_silhouette': 0.5601655870139589, 'num_points': 71}, {'avg_silhouette': 0.6167110459142268, 'num_points': 53}, {'avg_silhouette': 0.7149845515179831, 'num_points': 44}]",,28,0.13612218034896642,19.0,2,0.5861524704823673
HDBSCAN,,,"[{'avg_silhouette': 0.43287392774727373, 'num_points': 60}, {'avg_silhouette': 0.7283558565643613, 'num_points': 174}, {'avg_silhouette': 0.5343461732676629, 'num_points': 116}, {'avg_silhouette': 0.6281225336161188, 'num_points': 182}, {'avg_silhouette': 0.5568665212362098, 'num_points': 120}, {'avg_silhouette': 0.5090352784271065, 'num_points': 166}, {'avg_silhouette': 0.6128409640485796, 'num_points': 258}, {'avg_silhouette': 0.41512088004287145, 'num_points': 314}]",,8,0.13472559592295213,59.0,5,0.5786951025398075
DBSCAN,,0.2599158227686096,"[{'avg_silhouette': 0.4411586243789842, 'num_points': 7}, {'avg_silhouette': 0.5755915391133373, 'num_points': 118}, {'avg_silhouette': 0.7243677968410914, 'num_points': 5}, {'avg_silhouette': 0.6639876343416354, 'num_points': 151}, {'avg_silhouette': 0.4500120717178198, 'num_points': 22}, {'avg_silhouette': 0.668935487429759, 'num_points': 9}, {'avg_silhouette': 0.3074090387137119, 'num_points': 58}, {'avg_silhouette': 0.4770299177149607, 'num_points': 8}, {'avg_silhouette': 0.5501779472491418, 'num_points': 30}, {'avg_silhouette': 0.9510877678211651, 'num_points': 12}, {'avg_silhouette': 0.6143293057457574, 'num_points': 41}, {'avg_silhouette': 0.4160934089328824, 'num_points': 38}, {'avg_silhouette': 0.46270069396211244, 'num_points': 69}, {'avg_silhouette': 0.5261173492621479, 'num_points': 49}, {'avg_silhouette': 0.5911808171108432, 'num_points': 26}, {'avg_silhouette': 0.46495860549555934, 'num_points': 154}, {'avg_silhouette': 0.5167323932813819, 'num_points': 28}, {'avg_silhouette': 0.5401835420773315, 'num_points': 12}, {'avg_silhouette': 0.3570556618221546, 'num_points': 16}, {'avg_silhouette': 0.5576938140468458, 'num_points': 30}, {'avg_silhouette': 0.7774065176718763, 'num_points': 13}, {'avg_silhouette': 0.5926013930874253, 'num_points': 28}, {'avg_silhouette': 0.2708832927000464, 'num_points': 101}, {'avg_silhouette': 0.7644373621964382, 'num_points': 119}, {'avg_silhouette': 0.5161811524970048, 'num_points': 10}, {'avg_silhouette': 0.5803554501016134, 'num_points': 39}, {'avg_silhouette': 0.3042830896257235, 'num_points': 31}, {'avg_silhouette': 0.5448355646866352, 'num_points': 28}, {'avg_silhouette': 0.2841709225332883, 'num_points': 6}, {'avg_silhouette': 0.3768388151528866, 'num_points': 46}, {'avg_silhouette': 0.5897148109728293, 'num_points': 7}, {'avg_silhouette': 0.45891675623841066, 'num_points': 9}, {'avg_silhouette': 0.5708160668958309, 'num_points': 9}, {'avg_silhouette': 0.73015309105451, 'num_points': 11}, {'avg_silhouette': 0.6851279005130222, 'num_points': 7}, {'avg_silhouette': 0.717450406429952, 'num_points': 6}, {'avg_silhouette': 0.7798484195364705, 'num_points': 8}, {'avg_silhouette': 0.6601881465805937, 'num_points': 7}, {'avg_silhouette': 0.2716575638395423, 'num_points': 14}, {'avg_silhouette': 0.6747406647097821, 'num_points': 5}, {'avg_silhouette': 0.4187387292441791, 'num_points': 32}, {'avg_silhouette': 0.7485699434689357, 'num_points': 17}, {'avg_silhouette': 0.5833422175963914, 'num_points': 7}, {'avg_silhouette': 0.8622742734490545, 'num_points': 7}, {'avg_silhouette': 0.250166500667194, 'num_points': 10}, {'avg_silhouette': 0.6893005071480134, 'num_points': 9}, {'avg_silhouette': 0.7333335672495658, 'num_points': 5}, {'avg_silhouette': 0.5574760701633507, 'num_points': 6}, {'avg_silhouette': 0.6970878578826523, 'num_points': 9}, {'avg_silhouette': 0.55698320985596, 'num_points': 8}, {'avg_silhouette': 0.4531036221961208, 'num_points': 11}, {'avg_silhouette': 0.759273556983392, 'num_points': 6}, {'avg_silhouette': 0.5513941481440257, 'num_points': 12}, {'avg_silhouette': 0.5981249358366227, 'num_points': 4}, {'avg_silhouette': 0.7694695175268838, 'num_points': 9}, {'avg_silhouette': 0.6735782382873621, 'num_points': 8}, {'avg_silhouette': 0.5589320535588653, 'num_points': 18}, {'avg_silhouette': 0.5780867508119107, 'num_points': 18}, {'avg_silhouette': 0.7800596801198714, 'num_points': 5}, {'avg_silhouette': 0.45226986619757825, 'num_points': 5}, {'avg_silhouette': 0.5086971938802927, 'num_points': 5}, {'avg_silhouette': 0.37099483489555535, 'num_points': 5}, {'avg_silhouette': 0.7976827545044779, 'num_points': 7}]",5.0,63,0.12926992942357268,,2,0.5644731199185974
AGGLC,ward,,"[{'avg_silhouette': -0.003923170622099756, 'num_points': 2012}, {'avg_silhouette': 0.43954063979018065, 'num_points': 345}, {'avg_silhouette': 0.5042143638664672, 'num_points': 129}, {'avg_silhouette': 0.7454867312341249, 'num_points': 176}]",,4,0.1277225466085379,,3,0.3937014001340686
HDBSCAN,,,"[{'avg_silhouette': 0.39943641418289405, 'num_points': 66}, {'avg_silhouette': 0.7076084051589806, 'num_points': 175}, {'avg_silhouette': 0.5167251408648222, 'num_points': 116}, {'avg_silhouette': 0.4978987841127901, 'num_points': 123}, {'avg_silhouette': 0.5717255312970769, 'num_points': 188}, {'avg_silhouette': 0.44864523103454274, 'num_points': 177}, {'avg_silhouette': 0.5355699791810165, 'num_points': 259}, {'avg_silhouette': 0.5061685160076249, 'num_points': 58}, {'avg_silhouette': 0.4572266947680692, 'num_points': 263}]",,9,0.1227457820673892,51.0,5,0.5441551682879371
HDBSCAN,,,"[{'avg_silhouette': 0.7269587876894377, 'num_points': 174}, {'avg_silhouette': 0.5337570910019583, 'num_points': 116}, {'avg_silhouette': 0.6348045674709996, 'num_points': 180}, {'avg_silhouette': 0.5599622970215509, 'num_points': 118}, {'avg_silhouette': 0.5212004296442198, 'num_points': 162}, {'avg_silhouette': 0.47494533873014383, 'num_points': 307}, {'avg_silhouette': 0.5375544717074778, 'num_points': 262}]",,7,0.11957312611341674,66.0,5,0.5790927190484558
HDBSCAN,,,"[{'avg_silhouette': 0.7276302338271874, 'num_points': 174}, {'avg_silhouette': 0.5343361486718028, 'num_points': 116}, {'avg_silhouette': 0.6320011589035449, 'num_points': 181}, {'avg_silhouette': 0.5237773982494132, 'num_points': 159}, {'avg_silhouette': 0.5727704428358187, 'num_points': 114}, {'avg_silhouette': 0.560588097957545, 'num_points': 272}, {'avg_silhouette': 0.5442777756877961, 'num_points': 260}]",,7,0.11635105959893645,73.0,5,0.5976549329250973
HDBSCAN,,,"[{'avg_silhouette': 0.7284696376815194, 'num_points': 174}, {'avg_silhouette': 0.5512398556899454, 'num_points': 113}, {'avg_silhouette': 0.6422660749375401, 'num_points': 178}, {'avg_silhouette': 0.5463437037040557, 'num_points': 151}, {'avg_silhouette': 0.5779855119980953, 'num_points': 113}, {'avg_silhouette': 0.6157287906437199, 'num_points': 256}, {'avg_silhouette': 0.5522504234297112, 'num_points': 257}]",,7,0.11392504415644467,80.0,5,0.6170117260793092
HDBSCAN,,,"[{'avg_silhouette': 0.7282944749258732, 'num_points': 174}, {'avg_silhouette': 0.5562069330221485, 'num_points': 112}, {'avg_silhouette': 0.6527381225687353, 'num_points': 172}, {'avg_silhouette': 0.5551381009863051, 'num_points': 147}, {'avg_silhouette': 0.5521930873968418, 'num_points': 257}, {'avg_silhouette': 0.6264124527418945, 'num_points': 252}, {'avg_silhouette': 0.5814632098893453, 'num_points': 111}]",,7,0.10952224893093922,87.0,5,0.62295524772393
DBSCAN,,0.32991582276860965,"[{'avg_silhouette': 0.5875588980275795, 'num_points': 119}, {'avg_silhouette': 0.6352665447296753, 'num_points': 154}, {'avg_silhouette': 0.42689359318360415, 'num_points': 23}, {'avg_silhouette': 0.2459962116686733, 'num_points': 64}, {'avg_silhouette': 0.5647288519017651, 'num_points': 30}, {'avg_silhouette': 0.9510943688012882, 'num_points': 12}, {'avg_silhouette': 0.5986273674948929, 'num_points': 42}, {'avg_silhouette': 0.387426107488113, 'num_points': 40}, {'avg_silhouette': 0.44736175910428116, 'num_points': 88}, {'avg_silhouette': 0.5374310767686933, 'num_points': 50}, {'avg_silhouette': 0.5508177943245633, 'num_points': 28}, {'avg_silhouette': 0.46331755051092255, 'num_points': 156}, {'avg_silhouette': 0.2922155194838505, 'num_points': 26}, {'avg_silhouette': 0.46498851548744463, 'num_points': 31}, {'avg_silhouette': 0.3586655536774051, 'num_points': 18}, {'avg_silhouette': 0.35083060100833197, 'num_points': 17}, {'avg_silhouette': 0.6418140936161711, 'num_points': 32}, {'avg_silhouette': 0.7800793201353086, 'num_points': 13}, {'avg_silhouette': 0.5053601095755768, 'num_points': 30}, {'avg_silhouette': 0.2863961572934631, 'num_points': 107}, {'avg_silhouette': 0.7491782351859976, 'num_points': 123}, {'avg_silhouette': 0.7532884338796608, 'num_points': 39}, {'avg_silhouette': 0.3717628298902202, 'num_points': 33}, {'avg_silhouette': 0.6442957527880663, 'num_points': 29}, {'avg_silhouette': 0.37156834961115387, 'num_points': 47}, {'avg_silhouette': 0.3536704804187231, 'num_points': 16}, {'avg_silhouette': 0.7778033060335795, 'num_points': 14}, {'avg_silhouette': 0.7808463584551232, 'num_points': 12}, {'avg_silhouette': 0.43321666561803784, 'num_points': 32}, {'avg_silhouette': 0.3874605655166297, 'num_points': 15}, {'avg_silhouette': 0.4300983425687685, 'num_points': 15}, {'avg_silhouette': 0.5539218095338111, 'num_points': 12}, {'avg_silhouette': 0.4336569292200674, 'num_points': 11}, {'avg_silhouette': 0.4607662164270437, 'num_points': 22}, {'avg_silhouette': 0.6011489378949892, 'num_points': 19}, {'avg_silhouette': 0.5230130187891958, 'num_points': 10}, {'avg_silhouette': 0.36505781764250306, 'num_points': 11}, {'avg_silhouette': 0.3356111709005321, 'num_points': 12}]",10.0,38,0.10913814014125946,,2,0.5492920476202989
HDBSCAN,,,"[{'avg_silhouette': 0.3360689338869102, 'num_points': 80}, {'avg_silhouette': 0.4827519281643682, 'num_points': 52}, {'avg_silhouette': 0.47860033928161616, 'num_points': 32}, {'avg_silhouette': 0.7100448040358959, 'num_points': 175}, {'avg_silhouette': 0.49898117623016214, 'num_points': 119}, {'avg_silhouette': 0.4761650933378113, 'num_points': 133}, {'avg_silhouette': 0.5996865302503103, 'num_points': 54}, {'avg_silhouette': 0.38860734262878655, 'num_points': 203}, {'avg_silhouette': 0.4842843435423167, 'num_points': 38}, {'avg_silhouette': 0.4358047340015268, 'num_points': 49}, {'avg_silhouette': 0.2853770105457829, 'num_points': 86}, {'avg_silhouette': 0.5744869669666569, 'num_points': 115}, {'avg_silhouette': 0.36960416018491427, 'num_points': 45}, {'avg_silhouette': 0.2828272563027544, 'num_points': 58}, {'avg_silhouette': 0.5637094221623306, 'num_points': 29}, {'avg_silhouette': 0.6222713315411292, 'num_points': 40}, {'avg_silhouette': 0.5472304396834056, 'num_points': 44}, {'avg_silhouette': 0.5581008953571814, 'num_points': 71}, {'avg_silhouette': 0.6167110459142268, 'num_points': 53}, {'avg_silhouette': 0.7149845515179831, 'num_points': 44}]",,20,0.10662205450165392,27.0,2,0.5493260733323412
HDBSCAN,,,"[{'avg_silhouette': 0.7282316019494354, 'num_points': 174}, {'avg_silhouette': 0.5559390165727452, 'num_points': 112}, {'avg_silhouette': 0.662620870477528, 'num_points': 168}, {'avg_silhouette': 0.567440488307381, 'num_points': 142}, {'avg_silhouette': 0.553182307142208, 'num_points': 256}, {'avg_silhouette': 0.6250902782026974, 'num_points': 252}, {'avg_silhouette': 0.5937875565492831, 'num_points': 106}]",,7,0.10517329616253308,94.0,5,0.62731310921585
DBSCAN,,0.24991582276860957,"[{'avg_silhouette': 0.43103363319349036, 'num_points': 7}, {'avg_silhouette': 0.5746304263030156, 'num_points': 114}, {'avg_silhouette': 0.7237764277604384, 'num_points': 5}, {'avg_silhouette': 0.6638189296175385, 'num_points': 151}, {'avg_silhouette': 0.4672422601128985, 'num_points': 21}, {'avg_silhouette': 0.668935487429759, 'num_points': 9}, {'avg_silhouette': 0.2573555714972033, 'num_points': 44}, {'avg_silhouette': 0.5306120051081021, 'num_points': 7}, {'avg_silhouette': 0.5501779472491418, 'num_points': 30}, {'avg_silhouette': 0.9502328496210413, 'num_points': 12}, {'avg_silhouette': 0.6143293057457574, 'num_points': 41}, {'avg_silhouette': 0.44305862948702135, 'num_points': 33}, {'avg_silhouette': 0.490685278081108, 'num_points': 67}, {'avg_silhouette': 0.5484609724112283, 'num_points': 47}, {'avg_silhouette': 0.5860859076533776, 'num_points': 26}, {'avg_silhouette': 0.42114569009670266, 'num_points': 138}, {'avg_silhouette': 0.5040016577241869, 'num_points': 28}, {'avg_silhouette': 0.5401835420773315, 'num_points': 12}, {'avg_silhouette': 0.36724635637292474, 'num_points': 15}, {'avg_silhouette': 0.5500082312449318, 'num_points': 30}, {'avg_silhouette': 0.7774065176718763, 'num_points': 13}, {'avg_silhouette': 0.715752933447611, 'num_points': 24}, {'avg_silhouette': 0.2329001436805198, 'num_points': 84}, {'avg_silhouette': 0.7644373621964382, 'num_points': 119}, {'avg_silhouette': 0.5161811524970048, 'num_points': 10}, {'avg_silhouette': 0.598983363562056, 'num_points': 38}, {'avg_silhouette': 0.4417515608361778, 'num_points': 24}, {'avg_silhouette': 0.5923764635207663, 'num_points': 26}, {'avg_silhouette': 0.2674294166561094, 'num_points': 6}, {'avg_silhouette': 0.33002812586678215, 'num_points': 37}, {'avg_silhouette': 0.5882184976321262, 'num_points': 7}, {'avg_silhouette': 0.45891675623841066, 'num_points': 9}, {'avg_silhouette': 0.5519999141043431, 'num_points': 9}, {'avg_silhouette': 0.2697100668439831, 'num_points': 9}, {'avg_silhouette': 0.7726014287714336, 'num_points': 10}, {'avg_silhouette': 0.6851279005130222, 'num_points': 7}, {'avg_silhouette': 0.7163566173773139, 'num_points': 6}, {'avg_silhouette': 0.7798484195364705, 'num_points': 8}, {'avg_silhouette': 0.6519451152622472, 'num_points': 7}, {'avg_silhouette': 0.36599590433823836, 'num_points': 12}, {'avg_silhouette': 0.409409816042387, 'num_points': 15}, {'avg_silhouette': 0.745702849623366, 'num_points': 17}, {'avg_silhouette': 0.714086708909457, 'num_points': 6}, {'avg_silhouette': 0.8622742734490545, 'num_points': 7}, {'avg_silhouette': 0.6741986940614766, 'num_points': 5}, {'avg_silhouette': 0.6090211429334063, 'num_points': 13}, {'avg_silhouette': 0.4745100908061904, 'num_points': 10}, {'avg_silhouette': 0.6862046737219134, 'num_points': 9}, {'avg_silhouette': 0.5221520956835283, 'num_points': 12}, {'avg_silhouette': 0.7333335672495658, 'num_points': 5}, {'avg_silhouette': 0.6970878578826523, 'num_points': 9}, {'avg_silhouette': 0.55671642732065, 'num_points': 6}, {'avg_silhouette': 0.55698320985596, 'num_points': 8}, {'avg_silhouette': 0.759273556983392, 'num_points': 6}, {'avg_silhouette': 0.6754386669800009, 'num_points': 7}, {'avg_silhouette': 0.6398100804399905, 'num_points': 7}, {'avg_silhouette': 0.7680669444484113, 'num_points': 9}, {'avg_silhouette': 0.643598330109137, 'num_points': 8}, {'avg_silhouette': 0.4365839058704421, 'num_points': 9}, {'avg_silhouette': 0.5958942422276118, 'num_points': 5}, {'avg_silhouette': 0.40395043836677114, 'num_points': 12}, {'avg_silhouette': 0.4972597165610579, 'num_points': 14}, {'avg_silhouette': 0.35102255426468765, 'num_points': 6}, {'avg_silhouette': 0.8092039582616773, 'num_points': 8}, {'avg_silhouette': 0.7494267124995938, 'num_points': 5}, {'avg_silhouette': 0.42339947046188453, 'num_points': 5}, {'avg_silhouette': 0.4455164252955295, 'num_points': 5}, {'avg_silhouette': 0.5062600539626361, 'num_points': 5}, {'avg_silhouette': 0.4849693850585832, 'num_points': 5}, {'avg_silhouette': 0.37099483489555535, 'num_points': 5}, {'avg_silhouette': 0.796638809208714, 'num_points': 7}]",5.0,71,0.10424395337609371,,2,0.5424823098571205
DBSCAN,,0.31991582276860964,"[{'avg_silhouette': 0.5875588980275795, 'num_points': 119}, {'avg_silhouette': 0.6352665447296753, 'num_points': 154}, {'avg_silhouette': 0.42689359318360415, 'num_points': 23}, {'avg_silhouette': 0.2459962116686733, 'num_points': 64}, {'avg_silhouette': 0.5647288519017651, 'num_points': 30}, {'avg_silhouette': 0.9510943688012882, 'num_points': 12}, {'avg_silhouette': 0.5986273674948929, 'num_points': 42}, {'avg_silhouette': 0.387426107488113, 'num_points': 40}, {'avg_silhouette': 0.45676986697421923, 'num_points': 88}, {'avg_silhouette': 0.5374310767686933, 'num_points': 50}, {'avg_silhouette': 0.5508177943245633, 'num_points': 28}, {'avg_silhouette': 0.4585710440038051, 'num_points': 156}, {'avg_silhouette': 0.2922155194838505, 'num_points': 26}, {'avg_silhouette': 0.47510098643123333, 'num_points': 30}, {'avg_silhouette': 0.38883448314645563, 'num_points': 17}, {'avg_silhouette': 0.35083060100833197, 'num_points': 17}, {'avg_silhouette': 0.6418140936161711, 'num_points': 32}, {'avg_silhouette': 0.7800793201353086, 'num_points': 13}, {'avg_silhouette': 0.5514748058005668, 'num_points': 29}, {'avg_silhouette': 0.28617111310605486, 'num_points': 106}, {'avg_silhouette': 0.7473358253495621, 'num_points': 123}, {'avg_silhouette': 0.7532884338796608, 'num_points': 39}, {'avg_silhouette': 0.3717628298902202, 'num_points': 33}, {'avg_silhouette': 0.6442957527880663, 'num_points': 29}, {'avg_silhouette': 0.3700809239756579, 'num_points': 47}, {'avg_silhouette': 0.3817227820512187, 'num_points': 15}, {'avg_silhouette': 0.7965628432399358, 'num_points': 13}, {'avg_silhouette': 0.8041223690186613, 'num_points': 11}, {'avg_silhouette': 0.43321666561803784, 'num_points': 32}, {'avg_silhouette': 0.3874605655166297, 'num_points': 15}, {'avg_silhouette': 0.4300983425687685, 'num_points': 15}, {'avg_silhouette': 0.5539218095338111, 'num_points': 12}, {'avg_silhouette': 0.4336569292200674, 'num_points': 11}, {'avg_silhouette': 0.4607662164270437, 'num_points': 22}, {'avg_silhouette': 0.6011489378949892, 'num_points': 19}, {'avg_silhouette': 0.5230130187891958, 'num_points': 10}, {'avg_silhouette': 0.3356111709005321, 'num_points': 12}]",10.0,37,0.10341041339057991,,2,0.5469187943667402
HDBSCAN,,,"[{'avg_silhouette': 0.7281582293129372, 'num_points': 174}, {'avg_silhouette': 0.5651700027205547, 'num_points': 110}, {'avg_silhouette': 0.6601379960344249, 'num_points': 168}, {'avg_silhouette': 0.5764417045254504, 'num_points': 137}, {'avg_silhouette': 0.6012214546331525, 'num_points': 103}, {'avg_silhouette': 0.6240559135922247, 'num_points': 252}, {'avg_silhouette': 0.5600740463459828, 'num_points': 251}]",,7,0.10058395053547882,100.0,5,0.629773577962204
DBSCAN,,0.30991582276860963,"[{'avg_silhouette': 0.5875588980275795, 'num_points': 119}, {'avg_silhouette': 0.6346245152985918, 'num_points': 154}, {'avg_silhouette': 0.4545229154860131, 'num_points': 22}, {'avg_silhouette': 0.2459962116686733, 'num_points': 64}, {'avg_silhouette': 0.5647288519017651, 'num_points': 30}, {'avg_silhouette': 0.951015186153937, 'num_points': 12}, {'avg_silhouette': 0.5986273674948929, 'num_points': 42}, {'avg_silhouette': 0.4012301981435124, 'num_points': 39}, {'avg_silhouette': 0.46974710013164606, 'num_points': 87}, {'avg_silhouette': 0.5565188472638692, 'num_points': 49}, {'avg_silhouette': 0.5809387151234654, 'num_points': 27}, {'avg_silhouette': 0.4597543263469449, 'num_points': 155}, {'avg_silhouette': 0.46753808013265274, 'num_points': 30}, {'avg_silhouette': 0.5909652213154478, 'num_points': 12}, {'avg_silhouette': 0.3475458478516991, 'num_points': 17}, {'avg_silhouette': 0.6418140936161711, 'num_points': 32}, {'avg_silhouette': 0.7785095232088637, 'num_points': 13}, {'avg_silhouette': 0.6008889957543596, 'num_points': 28}, {'avg_silhouette': 0.28617111310605486, 'num_points': 106}, {'avg_silhouette': 0.7298141690678934, 'num_points': 122}, {'avg_silhouette': 0.752535709094919, 'num_points': 39}, {'avg_silhouette': 0.37881323771381814, 'num_points': 32}, {'avg_silhouette': 0.6442957527880663, 'num_points': 29}, {'avg_silhouette': 0.36936752344592627, 'num_points': 47}, {'avg_silhouette': 0.3817227820512187, 'num_points': 15}, {'avg_silhouette': 0.796399105551839, 'num_points': 13}, {'avg_silhouette': 0.8309515484155183, 'num_points': 10}, {'avg_silhouette': 0.29010123752896183, 'num_points': 26}, {'avg_silhouette': 0.43183767358440145, 'num_points': 32}, {'avg_silhouette': 0.3874605655166297, 'num_points': 15}, {'avg_silhouette': 0.46425118245998037, 'num_points': 14}, {'avg_silhouette': 0.5539218095338111, 'num_points': 12}, {'avg_silhouette': 0.4336569292200674, 'num_points': 11}, {'avg_silhouette': 0.4607662164270437, 'num_points': 22}, {'avg_silhouette': 0.6011489378949892, 'num_points': 19}, {'avg_silhouette': 0.5230130187891958, 'num_points': 10}, {'avg_silhouette': 0.3387402694679181, 'num_points': 11}]",10.0,37,0.09863034085690267,,2,0.5471894208227683
DBSCAN,,0.2999158227686096,"[{'avg_silhouette': 0.5875588980275795, 'num_points': 119}, {'avg_silhouette': 0.6566055941800352, 'num_points': 152}, {'avg_silhouette': 0.4509117894636032, 'num_points': 22}, {'avg_silhouette': 0.2459962116686733, 'num_points': 64}, {'avg_silhouette': 0.560826351296744, 'num_points': 30}, {'avg_silhouette': 0.951015186153937, 'num_points': 12}, {'avg_silhouette': 0.5949971328740146, 'num_points': 42}, {'avg_silhouette': 0.4012301981435124, 'num_points': 39}, {'avg_silhouette': 0.46974710013164606, 'num_points': 87}, {'avg_silhouette': 0.5565188472638692, 'num_points': 49}, {'avg_silhouette': 0.5809387151234654, 'num_points': 27}, {'avg_silhouette': 0.458560610141017, 'num_points': 155}, {'avg_silhouette': 0.4673553501558684, 'num_points': 30}, {'avg_silhouette': 0.5909652213154478, 'num_points': 12}, {'avg_silhouette': 0.3475458478516991, 'num_points': 17}, {'avg_silhouette': 0.6418140936161711, 'num_points': 32}, {'avg_silhouette': 0.7785095232088637, 'num_points': 13}, {'avg_silhouette': 0.6008889957543596, 'num_points': 28}, {'avg_silhouette': 0.28617111310605486, 'num_points': 106}, {'avg_silhouette': 0.7298141690678934, 'num_points': 122}, {'avg_silhouette': 0.752535709094919, 'num_points': 39}, {'avg_silhouette': 0.37881323771381814, 'num_points': 32}, {'avg_silhouette': 0.6432201928369726, 'num_points': 29}, {'avg_silhouette': 0.3814161745280785, 'num_points': 46}, {'avg_silhouette': 0.3817227820512187, 'num_points': 15}, {'avg_silhouette': 0.796399105551839, 'num_points': 13}, {'avg_silhouette': 0.8309515484155183, 'num_points': 10}, {'avg_silhouette': 0.29010123752896183, 'num_points': 26}, {'avg_silhouette': 0.43183767358440145, 'num_points': 32}, {'avg_silhouette': 0.4214309305738624, 'num_points': 14}, {'avg_silhouette': 0.574388302900158, 'num_points': 14}, {'avg_silhouette': 0.5722025702527005, 'num_points': 11}, {'avg_silhouette': 0.4649956786424833, 'num_points': 10}, {'avg_silhouette': 0.4607662164270437, 'num_points': 22}, {'avg_silhouette': 0.6011489378949892, 'num_points': 19}, {'avg_silhouette': 0.5230130187891958, 'num_points': 10}]",10.0,36,0.09528139004320828,,2,0.5575831021605261
K-means,,,"[{'avg_silhouette': 0.3422741270489316, 'num_points': 474}, {'avg_silhouette': -0.003859749855414486, 'num_points': 1599}, {'avg_silhouette': 0.16500647055614096, 'num_points': 589}]",,3,0.09513711771598528,,3,0.16780694924988604
DBSCAN,,0.23991582276860957,"[{'avg_silhouette': 0.43103363319349036, 'num_points': 7}, {'avg_silhouette': 0.5798117817170058, 'num_points': 113}, {'avg_silhouette': 0.6632421000550467, 'num_points': 151}, {'avg_silhouette': 0.4887135700066351, 'num_points': 20}, {'avg_silhouette': 0.6682029894544982, 'num_points': 9}, {'avg_silhouette': 0.24607240336882352, 'num_points': 44}, {'avg_silhouette': 0.5306120051081021, 'num_points': 7}, {'avg_silhouette': 0.5717856179076002, 'num_points': 29}, {'avg_silhouette': 0.9502328496210413, 'num_points': 12}, {'avg_silhouette': 0.6143293057457574, 'num_points': 41}, {'avg_silhouette': 0.44305862948702135, 'num_points': 33}, {'avg_silhouette': 0.490685278081108, 'num_points': 67}, {'avg_silhouette': 0.5627339022605397, 'num_points': 46}, {'avg_silhouette': 0.6078723659645161, 'num_points': 25}, {'avg_silhouette': 0.42114569009670266, 'num_points': 138}, {'avg_silhouette': 0.5040016577241869, 'num_points': 28}, {'avg_silhouette': 0.5401835420773315, 'num_points': 12}, {'avg_silhouette': 0.47496827314969003, 'num_points': 12}, {'avg_silhouette': 0.5500082312449318, 'num_points': 30}, {'avg_silhouette': 0.7765419685451286, 'num_points': 13}, {'avg_silhouette': 0.715752933447611, 'num_points': 24}, {'avg_silhouette': 0.23205148845567924, 'num_points': 82}, {'avg_silhouette': 0.7641446259575616, 'num_points': 119}, {'avg_silhouette': 0.5161811524970048, 'num_points': 10}, {'avg_silhouette': 0.6138732207279682, 'num_points': 37}, {'avg_silhouette': 0.4417515608361778, 'num_points': 24}, {'avg_silhouette': 0.5923764635207663, 'num_points': 26}, {'avg_silhouette': 0.25126278184754697, 'num_points': 6}, {'avg_silhouette': 0.4412196137036299, 'num_points': 37}, {'avg_silhouette': 0.5865737026250569, 'num_points': 7}, {'avg_silhouette': 0.5504303653875131, 'num_points': 9}, {'avg_silhouette': 0.3519517226282754, 'num_points': 8}, {'avg_silhouette': 0.846614157023253, 'num_points': 10}, {'avg_silhouette': 0.6851279005130222, 'num_points': 7}, {'avg_silhouette': 0.7159061744304104, 'num_points': 6}, {'avg_silhouette': 0.7798484195364705, 'num_points': 8}, {'avg_silhouette': 0.6519451152622472, 'num_points': 7}, {'avg_silhouette': 0.39695811485988275, 'num_points': 11}, {'avg_silhouette': 0.40907030214167367, 'num_points': 15}, {'avg_silhouette': 0.7464329640531288, 'num_points': 17}, {'avg_silhouette': 0.714086708909457, 'num_points': 6}, {'avg_silhouette': 0.8622742734490545, 'num_points': 7}, {'avg_silhouette': 0.6737454887592463, 'num_points': 5}, {'avg_silhouette': 0.6090211429334063, 'num_points': 13}, {'avg_silhouette': 0.4745100908061904, 'num_points': 10}, {'avg_silhouette': 0.6862046737219134, 'num_points': 9}, {'avg_silhouette': 0.5601265829560743, 'num_points': 11}, {'avg_silhouette': 0.7333335672495658, 'num_points': 5}, {'avg_silhouette': 0.6970878578826523, 'num_points': 9}, {'avg_silhouette': 0.6102957336446369, 'num_points': 6}, {'avg_silhouette': 0.55698320985596, 'num_points': 8}, {'avg_silhouette': 0.7768237113073042, 'num_points': 5}, {'avg_silhouette': 0.6754386669800009, 'num_points': 7}, {'avg_silhouette': 0.6398100804399905, 'num_points': 7}, {'avg_silhouette': 0.7678247473812951, 'num_points': 9}, {'avg_silhouette': 0.4984495454112532, 'num_points': 8}, {'avg_silhouette': 0.643598330109137, 'num_points': 8}, {'avg_silhouette': 0.4365839058704421, 'num_points': 9}, {'avg_silhouette': 0.5958942422276118, 'num_points': 5}, {'avg_silhouette': 0.40395043836677114, 'num_points': 12}, {'avg_silhouette': 0.498429357583395, 'num_points': 14}, {'avg_silhouette': 0.3531160761595789, 'num_points': 6}, {'avg_silhouette': 0.8092039582616773, 'num_points': 8}, {'avg_silhouette': 0.782165249595241, 'num_points': 5}, {'avg_silhouette': 0.42339947046188453, 'num_points': 5}, {'avg_silhouette': 0.4455164252955295, 'num_points': 5}, {'avg_silhouette': 0.796638809208714, 'num_points': 7}]",5.0,67,0.09389330583428437,,2,0.5421938950758747
DBSCAN,,0.2899158227686096,"[{'avg_silhouette': 0.5909995300976383, 'num_points': 118}, {'avg_silhouette': 0.6660993706651411, 'num_points': 151}, {'avg_silhouette': 0.4500120717178198, 'num_points': 22}, {'avg_silhouette': 0.2545260139641963, 'num_points': 63}, {'avg_silhouette': 0.5594029231966823, 'num_points': 30}, {'avg_silhouette': 0.9507975832906744, 'num_points': 12}, {'avg_silhouette': 0.5937726871218132, 'num_points': 42}, {'avg_silhouette': 0.39504613593499943, 'num_points': 39}, {'avg_silhouette': 0.46640901231840676, 'num_points': 87}, {'avg_silhouette': 0.5523670177742188, 'num_points': 49}, {'avg_silhouette': 0.6064591770960329, 'num_points': 26}, {'avg_silhouette': 0.458560610141017, 'num_points': 155}, {'avg_silhouette': 0.4911842959412862, 'num_points': 29}, {'avg_silhouette': 0.5898012673197804, 'num_points': 12}, {'avg_silhouette': 0.37494326586769844, 'num_points': 16}, {'avg_silhouette': 0.6410213383259225, 'num_points': 32}, {'avg_silhouette': 0.7774065176718763, 'num_points': 13}, {'avg_silhouette': 0.597271177721597, 'num_points': 28}, {'avg_silhouette': 0.264534661376358, 'num_points': 105}, {'avg_silhouette': 0.7410778603605364, 'num_points': 121}, {'avg_silhouette': 0.7502241330083197, 'num_points': 39}, {'avg_silhouette': 0.420468249354311, 'num_points': 30}, {'avg_silhouette': 0.6427893538788377, 'num_points': 29}, {'avg_silhouette': 0.3798643024261472, 'num_points': 46}, {'avg_silhouette': 0.4961737223607263, 'num_points': 11}, {'avg_silhouette': 0.796360311710101, 'num_points': 13}, {'avg_silhouette': 0.8308265947961949, 'num_points': 10}, {'avg_silhouette': 0.29411344748292423, 'num_points': 25}, {'avg_silhouette': 0.43195176535510116, 'num_points': 32}, {'avg_silhouette': 0.6149168681744279, 'num_points': 13}, {'avg_silhouette': 0.5722025702527005, 'num_points': 11}, {'avg_silhouette': 0.480678899902586, 'num_points': 21}, {'avg_silhouette': 0.600831823522975, 'num_points': 19}, {'avg_silhouette': 0.5234631499926922, 'num_points': 10}, {'avg_silhouette': 0.5258614030414152, 'num_points': 13}]",10.0,35,0.08725853599671068,,2,0.5623299904030791
DBSCAN,,0.2799158227686096,"[{'avg_silhouette': 0.5787412389234894, 'num_points': 118}, {'avg_silhouette': 0.6660993706651411, 'num_points': 151}, {'avg_silhouette': 0.4500120717178198, 'num_points': 22}, {'avg_silhouette': 0.2945487592401454, 'num_points': 60}, {'avg_silhouette': 0.5594029231966823, 'num_points': 30}, {'avg_silhouette': 0.9507975832906744, 'num_points': 12}, {'avg_silhouette': 0.5937726871218132, 'num_points': 42}, {'avg_silhouette': 0.4239261460601346, 'num_points': 37}, {'avg_silhouette': 0.4643228686130564, 'num_points': 87}, {'avg_silhouette': 0.5523670177742188, 'num_points': 49}, {'avg_silhouette': 0.6064591770960329, 'num_points': 26}, {'avg_silhouette': 0.458560610141017, 'num_points': 155}, {'avg_silhouette': 0.5167323932813819, 'num_points': 28}, {'avg_silhouette': 0.5873878690552569, 'num_points': 12}, {'avg_silhouette': 0.37494326586769844, 'num_points': 16}, {'avg_silhouette': 0.6410213383259225, 'num_points': 32}, {'avg_silhouette': 0.7774065176718763, 'num_points': 13}, {'avg_silhouette': 0.5929640545940834, 'num_points': 28}, {'avg_silhouette': 0.27079159646682077, 'num_points': 104}, {'avg_silhouette': 0.7560558496884068, 'num_points': 120}, {'avg_silhouette': 0.7502241330083197, 'num_points': 39}, {'avg_silhouette': 0.4124462412836812, 'num_points': 30}, {'avg_silhouette': 0.6431011342101464, 'num_points': 29}, {'avg_silhouette': 0.3778949341088715, 'num_points': 46}, {'avg_silhouette': 0.4937018430744083, 'num_points': 11}, {'avg_silhouette': 0.7962803299587549, 'num_points': 13}, {'avg_silhouette': 0.8307338857884888, 'num_points': 10}, {'avg_silhouette': 0.32537366985129007, 'num_points': 22}, {'avg_silhouette': 0.4424970092231022, 'num_points': 31}, {'avg_silhouette': 0.6607042668356482, 'num_points': 11}, {'avg_silhouette': 0.5828593299309662, 'num_points': 10}, {'avg_silhouette': 0.5302976646893571, 'num_points': 19}, {'avg_silhouette': 0.600341816850593, 'num_points': 19}, {'avg_silhouette': 0.5258614030414152, 'num_points': 13}, {'avg_silhouette': 0.5242657067637571, 'num_points': 10}]",10.0,35,0.08326510573032617,,2,0.5623299904030791
HDBSCAN,,,"[{'avg_silhouette': 0.72823086703589, 'num_points': 174}, {'avg_silhouette': 0.5783956721244746, 'num_points': 107}, {'avg_silhouette': 0.6611713632615323, 'num_points': 168}, {'avg_silhouette': 0.5984742841656703, 'num_points': 128}, {'avg_silhouette': 0.6338015921650284, 'num_points': 252}, {'avg_silhouette': 0.572550534751075, 'num_points': 244}]",,6,0.08207266694925956,106.0,4,0.6489385893033814
DBSCAN,,0.22991582276860956,"[{'avg_silhouette': 0.5781013504810327, 'num_points': 113}, {'avg_silhouette': 0.6591228390310397, 'num_points': 151}, {'avg_silhouette': 0.4887135700066351, 'num_points': 20}, {'avg_silhouette': 0.8892779242209848, 'num_points': 7}, {'avg_silhouette': 0.24164312842846086, 'num_points': 43}, {'avg_silhouette': 0.5279512134060941, 'num_points': 7}, {'avg_silhouette': 0.5652708218480311, 'num_points': 29}, {'avg_silhouette': 0.9501355764769843, 'num_points': 12}, {'avg_silhouette': 0.6506972233562588, 'num_points': 39}, {'avg_silhouette': 0.43865377033214104, 'num_points': 33}, {'avg_silhouette': 0.490685278081108, 'num_points': 67}, {'avg_silhouette': 0.558887758913383, 'num_points': 46}, {'avg_silhouette': 0.6078723659645161, 'num_points': 25}, {'avg_silhouette': 0.42114569009670266, 'num_points': 138}, {'avg_silhouette': 0.5040016577241869, 'num_points': 28}, {'avg_silhouette': 0.6500240028109837, 'num_points': 11}, {'avg_silhouette': 0.5053122566919229, 'num_points': 11}, {'avg_silhouette': 0.5650830545850529, 'num_points': 29}, {'avg_silhouette': 0.7765419685451286, 'num_points': 13}, {'avg_silhouette': 0.715752933447611, 'num_points': 24}, {'avg_silhouette': 0.23841398911578443, 'num_points': 80}, {'avg_silhouette': 0.7742246360830535, 'num_points': 117}, {'avg_silhouette': 0.5161811524970048, 'num_points': 10}, {'avg_silhouette': 0.628834500000577, 'num_points': 36}, {'avg_silhouette': 0.4684880661564422, 'num_points': 23}, {'avg_silhouette': 0.5923764635207663, 'num_points': 26}, {'avg_silhouette': 0.4412196137036299, 'num_points': 37}, {'avg_silhouette': 0.5848039955689304, 'num_points': 7}, {'avg_silhouette': 0.43103363319349036, 'num_points': 7}, {'avg_silhouette': 0.5490257840775713, 'num_points': 9}, {'avg_silhouette': 0.3519517226282754, 'num_points': 8}, {'avg_silhouette': 0.846614157023253, 'num_points': 10}, {'avg_silhouette': 0.6851279005130222, 'num_points': 7}, {'avg_silhouette': 0.8131220246502682, 'num_points': 5}, {'avg_silhouette': 0.6514692031453437, 'num_points': 7}, {'avg_silhouette': 0.4999910177231428, 'num_points': 11}, {'avg_silhouette': 0.3956241773060364, 'num_points': 15}, {'avg_silhouette': 0.7464329640531288, 'num_points': 17}, {'avg_silhouette': 0.714086708909457, 'num_points': 6}, {'avg_silhouette': 0.8622742734490545, 'num_points': 7}, {'avg_silhouette': 0.8187801623186287, 'num_points': 7}, {'avg_silhouette': 0.6811117825132159, 'num_points': 12}, {'avg_silhouette': 0.4745100908061904, 'num_points': 10}, {'avg_silhouette': 0.6862046737219134, 'num_points': 9}, {'avg_silhouette': 0.6107503980840513, 'num_points': 10}, {'avg_silhouette': 0.7408437004271178, 'num_points': 5}, {'avg_silhouette': 0.6966080092151756, 'num_points': 9}, {'avg_silhouette': 0.6102957336446369, 'num_points': 6}, {'avg_silhouette': 0.55698320985596, 'num_points': 8}, {'avg_silhouette': 0.7244877694168106, 'num_points': 6}, {'avg_silhouette': 0.767626934416796, 'num_points': 9}, {'avg_silhouette': 0.6820796645458799, 'num_points': 5}, {'avg_silhouette': 0.640900713550514, 'num_points': 8}, {'avg_silhouette': 0.4365839058704421, 'num_points': 9}, {'avg_silhouette': 0.5881721994668402, 'num_points': 5}, {'avg_silhouette': 0.456888956915603, 'num_points': 11}, {'avg_silhouette': 0.498429357583395, 'num_points': 14}, {'avg_silhouette': 0.3531160761595789, 'num_points': 6}, {'avg_silhouette': 0.8092039582616773, 'num_points': 8}, {'avg_silhouette': 0.782165249595241, 'num_points': 5}, {'avg_silhouette': 0.6570560262922119, 'num_points': 6}, {'avg_silhouette': 0.4233860331523129, 'num_points': 5}, {'avg_silhouette': 0.796638809208714, 'num_points': 7}]",5.0,63,0.08022769820895281,,2,0.5401342645638711
DBSCAN,,0.21991582276860955,"[{'avg_silhouette': 0.5901808380562561, 'num_points': 109}, {'avg_silhouette': 0.6591228390310397, 'num_points': 151}, {'avg_silhouette': 0.4887135700066351, 'num_points': 20}, {'avg_silhouette': 0.8892779242209848, 'num_points': 7}, {'avg_silhouette': 0.2429303764905283, 'num_points': 42}, {'avg_silhouette': 0.5279512134060941, 'num_points': 7}, {'avg_silhouette': 0.5652708218480311, 'num_points': 29}, {'avg_silhouette': 0.9495582381846068, 'num_points': 12}, {'avg_silhouette': 0.6506972233562588, 'num_points': 39}, {'avg_silhouette': 0.41855620885866335, 'num_points': 33}, {'avg_silhouette': 0.49986567065986426, 'num_points': 66}, {'avg_silhouette': 0.558887758913383, 'num_points': 46}, {'avg_silhouette': 0.6070980081214341, 'num_points': 25}, {'avg_silhouette': 0.41556943134529584, 'num_points': 138}, {'avg_silhouette': 0.5040016577241869, 'num_points': 28}, {'avg_silhouette': 0.6500240028109837, 'num_points': 11}, {'avg_silhouette': 0.5053122566919229, 'num_points': 11}, {'avg_silhouette': 0.5650830545850529, 'num_points': 29}, {'avg_silhouette': 0.7765419685451286, 'num_points': 13}, {'avg_silhouette': 0.715752933447611, 'num_points': 24}, {'avg_silhouette': 0.23577782071566544, 'num_points': 78}, {'avg_silhouette': 0.7745693136274832, 'num_points': 117}, {'avg_silhouette': 0.5161811524970048, 'num_points': 10}, {'avg_silhouette': 0.628834500000577, 'num_points': 36}, {'avg_silhouette': 0.6531294829087234, 'num_points': 18}, {'avg_silhouette': 0.5820209423062165, 'num_points': 26}, {'avg_silhouette': 0.4412196137036299, 'num_points': 37}, {'avg_silhouette': 0.5848039955689304, 'num_points': 7}, {'avg_silhouette': 0.48765528829721827, 'num_points': 6}, {'avg_silhouette': 0.5488003788509144, 'num_points': 9}, {'avg_silhouette': 0.332905893952852, 'num_points': 8}, {'avg_silhouette': 0.846037056192625, 'num_points': 10}, {'avg_silhouette': 0.6851279005130222, 'num_points': 7}, {'avg_silhouette': 0.8131220246502682, 'num_points': 5}, {'avg_silhouette': 0.6507757889365208, 'num_points': 7}, {'avg_silhouette': 0.4999910177231428, 'num_points': 11}, {'avg_silhouette': 0.3956241773060364, 'num_points': 15}, {'avg_silhouette': 0.7458865433824622, 'num_points': 17}, {'avg_silhouette': 0.714086708909457, 'num_points': 6}, {'avg_silhouette': 0.8615307342553533, 'num_points': 7}, {'avg_silhouette': 0.817924029268432, 'num_points': 7}, {'avg_silhouette': 0.6811117825132159, 'num_points': 12}, {'avg_silhouette': 0.5059534285353048, 'num_points': 9}, {'avg_silhouette': 0.6862046737219134, 'num_points': 9}, {'avg_silhouette': 0.6811080510527239, 'num_points': 9}, {'avg_silhouette': 0.7408437004271178, 'num_points': 5}, {'avg_silhouette': 0.7754761212970417, 'num_points': 7}, {'avg_silhouette': 0.6098759173669611, 'num_points': 6}, {'avg_silhouette': 0.5584147216579306, 'num_points': 8}, {'avg_silhouette': 0.7244877694168106, 'num_points': 6}, {'avg_silhouette': 0.7670553350132372, 'num_points': 9}, {'avg_silhouette': 0.7946940562575439, 'num_points': 6}, {'avg_silhouette': 0.4365839058704421, 'num_points': 9}, {'avg_silhouette': 0.5881721994668402, 'num_points': 5}, {'avg_silhouette': 0.456888956915603, 'num_points': 11}, {'avg_silhouette': 0.5375081864129683, 'num_points': 13}, {'avg_silhouette': 0.4163490511452732, 'num_points': 5}, {'avg_silhouette': 0.8092039582616773, 'num_points': 8}, {'avg_silhouette': 0.782165249595241, 'num_points': 5}, {'avg_silhouette': 0.7200834544625245, 'num_points': 5}, {'avg_silhouette': 0.3944045193032142, 'num_points': 5}, {'avg_silhouette': 0.796638809208714, 'num_points': 7}]",5.0,62,0.06997743244685671,,2,0.5373461351881678
DBSCAN,,0.2699158227686096,"[{'avg_silhouette': 0.578826230336924, 'num_points': 118}, {'avg_silhouette': 0.6639876343416354, 'num_points': 151}, {'avg_silhouette': 0.4500120717178198, 'num_points': 22}, {'avg_silhouette': 0.2973210985115477, 'num_points': 59}, {'avg_silhouette': 0.5594029231966823, 'num_points': 30}, {'avg_silhouette': 0.9502861443761276, 'num_points': 12}, {'avg_silhouette': 0.6162592544676262, 'num_points': 41}, {'avg_silhouette': 0.4138365244752007, 'num_points': 36}, {'avg_silhouette': 0.4662054496684355, 'num_points': 86}, {'avg_silhouette': 0.543195024433245, 'num_points': 49}, {'avg_silhouette': 0.6051332114227517, 'num_points': 26}, {'avg_silhouette': 0.458560610141017, 'num_points': 155}, {'avg_silhouette': 0.5167323932813819, 'num_points': 28}, {'avg_silhouette': 0.5873878690552569, 'num_points': 12}, {'avg_silhouette': 0.4160345405613687, 'num_points': 15}, {'avg_silhouette': 0.655696201464112, 'num_points': 31}, {'avg_silhouette': 0.7774065176718763, 'num_points': 13}, {'avg_silhouette': 0.5929640545940834, 'num_points': 28}, {'avg_silhouette': 0.28009415362835294, 'num_points': 100}, {'avg_silhouette': 0.7560558496884068, 'num_points': 120}, {'avg_silhouette': 0.7452302036314629, 'num_points': 39}, {'avg_silhouette': 0.5179539605694862, 'num_points': 25}, {'avg_silhouette': 0.6846621813347995, 'num_points': 27}, {'avg_silhouette': 0.3778949341088715, 'num_points': 46}, {'avg_silhouette': 0.8264532349352833, 'num_points': 11}, {'avg_silhouette': 0.830361899724176, 'num_points': 10}, {'avg_silhouette': 0.41016774892129854, 'num_points': 16}, {'avg_silhouette': 0.4322510337985792, 'num_points': 31}, {'avg_silhouette': 0.5272212168531232, 'num_points': 10}, {'avg_silhouette': 0.5791288048737708, 'num_points': 10}, {'avg_silhouette': 0.6971669906345683, 'num_points': 17}, {'avg_silhouette': 0.6062201528909963, 'num_points': 18}, {'avg_silhouette': 0.5375033789777546, 'num_points': 12}]",10.0,33,0.06876725862705702,,2,0.5612741222413262
DBSCAN,,0.20991582276860954,"[{'avg_silhouette': 0.5901808380562561, 'num_points': 109}, {'avg_silhouette': 0.655966196843831, 'num_points': 151}, {'avg_silhouette': 0.4887135700066351, 'num_points': 20}, {'avg_silhouette': 0.887913462630359, 'num_points': 7}, {'avg_silhouette': 0.2429303764905283, 'num_points': 42}, {'avg_silhouette': 0.5279512134060941, 'num_points': 7}, {'avg_silhouette': 0.5652708218480311, 'num_points': 29}, {'avg_silhouette': 0.9495582381846068, 'num_points': 12}, {'avg_silhouette': 0.6984808131774983, 'num_points': 36}, {'avg_silhouette': 0.28844832946440957, 'num_points': 24}, {'avg_silhouette': 0.49986567065986426, 'num_points': 66}, {'avg_silhouette': 0.5525685403365199, 'num_points': 46}, {'avg_silhouette': 0.6268393349122289, 'num_points': 24}, {'avg_silhouette': 0.4213195608689325, 'num_points': 137}, {'avg_silhouette': 0.5040016577241869, 'num_points': 28}, {'avg_silhouette': 0.7161582526120993, 'num_points': 10}, {'avg_silhouette': 0.5445160151686105, 'num_points': 10}, {'avg_silhouette': 0.5650830545850529, 'num_points': 29}, {'avg_silhouette': 0.7759185726207924, 'num_points': 13}, {'avg_silhouette': 0.715752933447611, 'num_points': 24}, {'avg_silhouette': 0.24266565325454292, 'num_points': 76}, {'avg_silhouette': 0.7957032841785121, 'num_points': 114}, {'avg_silhouette': 0.5161811524970048, 'num_points': 10}, {'avg_silhouette': 0.628834500000577, 'num_points': 36}, {'avg_silhouette': 0.6717231114331957, 'num_points': 18}, {'avg_silhouette': 0.5820209423062165, 'num_points': 26}, {'avg_silhouette': 0.44029640429031947, 'num_points': 37}, {'avg_silhouette': 0.5848039955689304, 'num_points': 7}, {'avg_silhouette': 0.48765528829721827, 'num_points': 6}, {'avg_silhouette': 0.5475861343938551, 'num_points': 9}, {'avg_silhouette': 0.332905893952852, 'num_points': 8}, {'avg_silhouette': 0.846037056192625, 'num_points': 10}, {'avg_silhouette': 0.6851279005130222, 'num_points': 7}, {'avg_silhouette': 0.8131220246502682, 'num_points': 5}, {'avg_silhouette': 0.5225144924109265, 'num_points': 10}, {'avg_silhouette': 0.45283029324247365, 'num_points': 14}, {'avg_silhouette': 0.7458865433824622, 'num_points': 17}, {'avg_silhouette': 0.714086708909457, 'num_points': 6}, {'avg_silhouette': 0.8615307342553533, 'num_points': 7}, {'avg_silhouette': 0.817924029268432, 'num_points': 7}, {'avg_silhouette': 0.6731834057252403, 'num_points': 12}, {'avg_silhouette': 0.5059534285353048, 'num_points': 9}, {'avg_silhouette': 0.6862046737219134, 'num_points': 9}, {'avg_silhouette': 0.6811080510527239, 'num_points': 9}, {'avg_silhouette': 0.7441416095175288, 'num_points': 5}, {'avg_silhouette': 0.774993963679598, 'num_points': 7}, {'avg_silhouette': 0.6098759173669611, 'num_points': 6}, {'avg_silhouette': 0.7168240629915288, 'num_points': 8}, {'avg_silhouette': 0.5584147216579306, 'num_points': 8}, {'avg_silhouette': 0.7028758314768734, 'num_points': 6}, {'avg_silhouette': 0.7244877694168106, 'num_points': 6}, {'avg_silhouette': 0.7670553350132372, 'num_points': 9}, {'avg_silhouette': 0.7946940562575439, 'num_points': 6}, {'avg_silhouette': 0.4365839058704421, 'num_points': 9}, {'avg_silhouette': 0.5881721994668402, 'num_points': 5}, {'avg_silhouette': 0.456888956915603, 'num_points': 11}, {'avg_silhouette': 0.5359270714547264, 'num_points': 13}, {'avg_silhouette': 0.4163490511452732, 'num_points': 5}, {'avg_silhouette': 0.8092039582616773, 'num_points': 8}, {'avg_silhouette': 0.782165249595241, 'num_points': 5}, {'avg_silhouette': 0.7200834544625245, 'num_points': 5}, {'avg_silhouette': 0.8046298812194604, 'num_points': 6}]",5.0,62,0.06306831144907933,,2,0.5386428788563817
DBSCAN,,0.2599158227686096,"[{'avg_silhouette': 0.5733213495886381, 'num_points': 118}, {'avg_silhouette': 0.6754260538316169, 'num_points': 150}, {'avg_silhouette': 0.4490324341815624, 'num_points': 22}, {'avg_silhouette': 0.3138905319981127, 'num_points': 57}, {'avg_silhouette': 0.5575666120961461, 'num_points': 30}, {'avg_silhouette': 0.9502861443761276, 'num_points': 12}, {'avg_silhouette': 0.6147147862016055, 'num_points': 41}, {'avg_silhouette': 0.4675814042381601, 'num_points': 33}, {'avg_silhouette': 0.46349486282522095, 'num_points': 69}, {'avg_silhouette': 0.539807209800078, 'num_points': 49}, {'avg_silhouette': 0.5911808171108432, 'num_points': 26}, {'avg_silhouette': 0.46145902873118455, 'num_points': 154}, {'avg_silhouette': 0.5127588678836401, 'num_points': 28}, {'avg_silhouette': 0.586426273074258, 'num_points': 12}, {'avg_silhouette': 0.433063439966816, 'num_points': 14}, {'avg_silhouette': 0.6717524112346507, 'num_points': 30}, {'avg_silhouette': 0.7774065176718763, 'num_points': 13}, {'avg_silhouette': 0.6201867457570744, 'num_points': 27}, {'avg_silhouette': 0.5727119026804632, 'num_points': 87}, {'avg_silhouette': 0.7653516475484065, 'num_points': 119}, {'avg_silhouette': 0.7452302036314629, 'num_points': 39}, {'avg_silhouette': 0.5028469929086544, 'num_points': 25}, {'avg_silhouette': 0.6844336131415246, 'num_points': 27}, {'avg_silhouette': 0.41935714992698647, 'num_points': 40}, {'avg_silhouette': 0.8259076938303341, 'num_points': 11}, {'avg_silhouette': 0.8300011775599359, 'num_points': 10}, {'avg_silhouette': 0.4555533084981163, 'num_points': 12}, {'avg_silhouette': 0.425133561116881, 'num_points': 31}, {'avg_silhouette': 0.749449556767442, 'num_points': 17}, {'avg_silhouette': 0.7291251974283052, 'num_points': 16}, {'avg_silhouette': 0.6359195307562282, 'num_points': 16}]",10.0,31,0.05841033340201419,,2,0.5684425412814007
DBSCAN,,0.19991582276860953,"[{'avg_silhouette': 0.5875726319281512, 'num_points': 109}, {'avg_silhouette': 0.6620724694621888, 'num_points': 150}, {'avg_silhouette': 0.5061206456949237, 'num_points': 19}, {'avg_silhouette': 0.887913462630359, 'num_points': 7}, {'avg_silhouette': 0.25275340114287287, 'num_points': 41}, {'avg_silhouette': 0.5950659869045052, 'num_points': 6}, {'avg_silhouette': 0.5652483877369722, 'num_points': 29}, {'avg_silhouette': 0.9495139890413226, 'num_points': 12}, {'avg_silhouette': 0.698447683731629, 'num_points': 36}, {'avg_silhouette': 0.3156159434096793, 'num_points': 23}, {'avg_silhouette': 0.49986567065986426, 'num_points': 66}, {'avg_silhouette': 0.5486507561587917, 'num_points': 46}, {'avg_silhouette': 0.6268393349122289, 'num_points': 24}, {'avg_silhouette': 0.42395558044558934, 'num_points': 136}, {'avg_silhouette': 0.5245849927638697, 'num_points': 27}, {'avg_silhouette': 0.7157970011038491, 'num_points': 10}, {'avg_silhouette': 0.5800873959917543, 'num_points': 9}, {'avg_silhouette': 0.5602351495036269, 'num_points': 29}, {'avg_silhouette': 0.7759185726207924, 'num_points': 13}, {'avg_silhouette': 0.7120850067509781, 'num_points': 24}, {'avg_silhouette': 0.2656041845176872, 'num_points': 68}, {'avg_silhouette': 0.802357030240855, 'num_points': 113}, {'avg_silhouette': 0.5161811524970048, 'num_points': 10}, {'avg_silhouette': 0.628834500000577, 'num_points': 36}, {'avg_silhouette': 0.7051895026744087, 'num_points': 17}, {'avg_silhouette': 0.5820209423062165, 'num_points': 26}, {'avg_silhouette': 0.437778761619397, 'num_points': 37}, {'avg_silhouette': 0.5848039955689304, 'num_points': 7}, {'avg_silhouette': 0.48765528829721827, 'num_points': 6}, {'avg_silhouette': 0.5431271723663124, 'num_points': 9}, {'avg_silhouette': 0.332905893952852, 'num_points': 8}, {'avg_silhouette': 0.846037056192625, 'num_points': 10}, {'avg_silhouette': 0.6851279005130222, 'num_points': 7}, {'avg_silhouette': 0.8131220246502682, 'num_points': 5}, {'avg_silhouette': 0.5225144924109265, 'num_points': 10}, {'avg_silhouette': 0.45283029324247365, 'num_points': 14}, {'avg_silhouette': 0.7458865433824622, 'num_points': 17}, {'avg_silhouette': 0.714086708909457, 'num_points': 6}, {'avg_silhouette': 0.8615307342553533, 'num_points': 7}, {'avg_silhouette': 0.6731834057252403, 'num_points': 12}, {'avg_silhouette': 0.5202015822197122, 'num_points': 8}, {'avg_silhouette': 0.6862046737219134, 'num_points': 9}, {'avg_silhouette': 0.6811339809800105, 'num_points': 9}, {'avg_silhouette': 0.7441416095175288, 'num_points': 5}, {'avg_silhouette': 0.848388915503501, 'num_points': 6}, {'avg_silhouette': 0.6098759173669611, 'num_points': 6}, {'avg_silhouette': 0.715742615601, 'num_points': 8}, {'avg_silhouette': 0.5640107812244274, 'num_points': 8}, {'avg_silhouette': 0.7026768402090268, 'num_points': 6}, {'avg_silhouette': 0.7244877694168106, 'num_points': 6}, {'avg_silhouette': 0.7670553350132372, 'num_points': 9}, {'avg_silhouette': 0.7932419177681672, 'num_points': 6}, {'avg_silhouette': 0.4365839058704421, 'num_points': 9}, {'avg_silhouette': 0.5881721994668402, 'num_points': 5}, {'avg_silhouette': 0.456888956915603, 'num_points': 11}, {'avg_silhouette': 0.5806264566247544, 'num_points': 12}, {'avg_silhouette': 0.4163490511452732, 'num_points': 5}, {'avg_silhouette': 0.8092039582616773, 'num_points': 8}, {'avg_silhouette': 0.782165249595241, 'num_points': 5}, {'avg_silhouette': 0.7200834544625245, 'num_points': 5}, {'avg_silhouette': 0.817924029268432, 'num_points': 7}, {'avg_silhouette': 0.8085415465953003, 'num_points': 5}]",5.0,62,0.05625417698555677,,2,0.5430140249538891
K-means,,,"[{'avg_silhouette': 0.3604155854411327, 'num_points': 476}, {'avg_silhouette': -0.015488458433356767, 'num_points': 2186}]",,2,0.051728042274478324,,2,0.17246356350388797
DBSCAN,,0.1799158227686095,"[{'avg_silhouette': 0.5489293923609855, 'num_points': 108}, {'avg_silhouette': 0.6739761267874332, 'num_points': 149}, {'avg_silhouette': 0.5052594431018073, 'num_points': 19}, {'avg_silhouette': 0.887913462630359, 'num_points': 7}, {'avg_silhouette': 0.26166905422554604, 'num_points': 10}, {'avg_silhouette': 0.3787667842466961, 'num_points': 16}, {'avg_silhouette': 0.5652031556726648, 'num_points': 29}, {'avg_silhouette': 0.9495139890413226, 'num_points': 12}, {'avg_silhouette': 0.6983640422661637, 'num_points': 36}, {'avg_silhouette': 0.3156159434096793, 'num_points': 23}, {'avg_silhouette': 0.49986567065986426, 'num_points': 66}, {'avg_silhouette': 0.5633365125365027, 'num_points': 45}, {'avg_silhouette': 0.6268393349122289, 'num_points': 24}, {'avg_silhouette': 0.5367964186147204, 'num_points': 45}, {'avg_silhouette': 0.7151878655941263, 'num_points': 10}, {'avg_silhouette': 0.5791009533600551, 'num_points': 9}, {'avg_silhouette': 0.8058205372627195, 'num_points': 12}, {'avg_silhouette': 0.5602351495036269, 'num_points': 29}, {'avg_silhouette': 0.5441818719055695, 'num_points': 72}, {'avg_silhouette': 0.726126512437215, 'num_points': 23}, {'avg_silhouette': 0.3093470698115077, 'num_points': 64}, {'avg_silhouette': 0.8117000972299646, 'num_points': 112}, {'avg_silhouette': 0.5399287207037653, 'num_points': 9}, {'avg_silhouette': 0.6158799471870856, 'num_points': 36}, {'avg_silhouette': 0.7051895026744087, 'num_points': 17}, {'avg_silhouette': 0.5761682976904873, 'num_points': 26}, {'avg_silhouette': 0.3120473821436209, 'num_points': 15}, {'avg_silhouette': 0.5143143676208037, 'num_points': 27}, {'avg_silhouette': 0.5950659869045052, 'num_points': 6}, {'avg_silhouette': 0.6669514527997915, 'num_points': 6}, {'avg_silhouette': 0.5456830256788321, 'num_points': 5}, {'avg_silhouette': 0.5560284714548411, 'num_points': 8}, {'avg_silhouette': 0.556477761803413, 'num_points': 5}, {'avg_silhouette': 0.846037056192625, 'num_points': 10}, {'avg_silhouette': 0.42595488086059485, 'num_points': 18}, {'avg_silhouette': 0.678555414195329, 'num_points': 7}, {'avg_silhouette': 0.8128580304383801, 'num_points': 5}, {'avg_silhouette': 0.41582065493099485, 'num_points': 9}, {'avg_silhouette': 0.5388823594173979, 'num_points': 18}, {'avg_silhouette': 0.4155375847389084, 'num_points': 8}, {'avg_silhouette': 0.5877126026615612, 'num_points': 11}, {'avg_silhouette': 0.7458865433824622, 'num_points': 17}, {'avg_silhouette': 0.7063407532008309, 'num_points': 6}, {'avg_silhouette': 0.5179266286448152, 'num_points': 10}, {'avg_silhouette': 0.8615307342553533, 'num_points': 7}, {'avg_silhouette': 0.6564801267532442, 'num_points': 12}, {'avg_silhouette': 0.746628112777573, 'num_points': 8}, {'avg_silhouette': 0.6212632936590885, 'num_points': 9}, {'avg_silhouette': 0.7441416095175288, 'num_points': 5}, {'avg_silhouette': 0.8481959262514112, 'num_points': 6}, {'avg_silhouette': 0.6098759173669611, 'num_points': 6}, {'avg_silhouette': 0.715742615601, 'num_points': 8}, {'avg_silhouette': 0.7355901561005643, 'num_points': 6}, {'avg_silhouette': 0.7305711711069702, 'num_points': 5}, {'avg_silhouette': 0.7980547378043025, 'num_points': 5}, {'avg_silhouette': 0.7669870787516202, 'num_points': 9}, {'avg_silhouette': 0.7932419177681672, 'num_points': 6}, {'avg_silhouette': 0.4365839058704421, 'num_points': 9}, {'avg_silhouette': 0.5881721994668402, 'num_points': 5}, {'avg_silhouette': 0.456888956915603, 'num_points': 11}, {'avg_silhouette': 0.5328286528828782, 'num_points': 12}, {'avg_silhouette': 0.8092039582616773, 'num_points': 8}, {'avg_silhouette': 0.7727900479840277, 'num_points': 5}, {'avg_silhouette': 0.8333149766751949, 'num_points': 6}, {'avg_silhouette': 0.7200834544625245, 'num_points': 5}]",5.0,65,0.04726819238403178,,1,
DBSCAN,,0.18991582276860952,"[{'avg_silhouette': 0.5453832854306274, 'num_points': 109}, {'avg_silhouette': 0.6739761267874332, 'num_points': 149}, {'avg_silhouette': 0.5052594431018073, 'num_points': 19}, {'avg_silhouette': 0.887913462630359, 'num_points': 7}, {'avg_silhouette': 0.26166905422554604, 'num_points': 10}, {'avg_silhouette': 0.3787667842466961, 'num_points': 16}, {'avg_silhouette': 0.5652031556726648, 'num_points': 29}, {'avg_silhouette': 0.9495139890413226, 'num_points': 12}, {'avg_silhouette': 0.6983640422661637, 'num_points': 36}, {'avg_silhouette': 0.3156159434096793, 'num_points': 23}, {'avg_silhouette': 0.49986567065986426, 'num_points': 66}, {'avg_silhouette': 0.5633365125365027, 'num_points': 45}, {'avg_silhouette': 0.6268393349122289, 'num_points': 24}, {'avg_silhouette': 0.39448282002876583, 'num_points': 117}, {'avg_silhouette': 0.5164446382965535, 'num_points': 27}, {'avg_silhouette': 0.7157970011038491, 'num_points': 10}, {'avg_silhouette': 0.5791009533600551, 'num_points': 9}, {'avg_silhouette': 0.7759185726207924, 'num_points': 13}, {'avg_silhouette': 0.5602351495036269, 'num_points': 29}, {'avg_silhouette': 0.6956740044636921, 'num_points': 24}, {'avg_silhouette': 0.25912743638024677, 'num_points': 67}, {'avg_silhouette': 0.802357030240855, 'num_points': 113}, {'avg_silhouette': 0.5161811524970048, 'num_points': 10}, {'avg_silhouette': 0.6158799471870856, 'num_points': 36}, {'avg_silhouette': 0.7051895026744087, 'num_points': 17}, {'avg_silhouette': 0.5761682976904873, 'num_points': 26}, {'avg_silhouette': 0.3120473821436209, 'num_points': 15}, {'avg_silhouette': 0.4034166476021635, 'num_points': 28}, {'avg_silhouette': 0.5950659869045052, 'num_points': 6}, {'avg_silhouette': 0.6669514527997915, 'num_points': 6}, {'avg_silhouette': 0.5456830256788321, 'num_points': 5}, {'avg_silhouette': 0.5608880995665344, 'num_points': 8}, {'avg_silhouette': 0.47518706156015983, 'num_points': 5}, {'avg_silhouette': 0.846037056192625, 'num_points': 10}, {'avg_silhouette': 0.4658853847157721, 'num_points': 19}, {'avg_silhouette': 0.6851279005130222, 'num_points': 7}, {'avg_silhouette': 0.8128580304383801, 'num_points': 5}, {'avg_silhouette': 0.4644644625969454, 'num_points': 9}, {'avg_silhouette': 0.5179266286448152, 'num_points': 10}, {'avg_silhouette': 0.5877126026615612, 'num_points': 11}, {'avg_silhouette': 0.7458865433824622, 'num_points': 17}, {'avg_silhouette': 0.714086708909457, 'num_points': 6}, {'avg_silhouette': 0.8615307342553533, 'num_points': 7}, {'avg_silhouette': 0.6564801267532442, 'num_points': 12}, {'avg_silhouette': 0.6862046737219134, 'num_points': 9}, {'avg_silhouette': 0.6212632936590885, 'num_points': 9}, {'avg_silhouette': 0.7441416095175288, 'num_points': 5}, {'avg_silhouette': 0.848388915503501, 'num_points': 6}, {'avg_silhouette': 0.6098759173669611, 'num_points': 6}, {'avg_silhouette': 0.715742615601, 'num_points': 8}, {'avg_silhouette': 0.7360348669637999, 'num_points': 6}, {'avg_silhouette': 0.7305711711069702, 'num_points': 5}, {'avg_silhouette': 0.7244877694168106, 'num_points': 6}, {'avg_silhouette': 0.7670553350132372, 'num_points': 9}, {'avg_silhouette': 0.7932419177681672, 'num_points': 6}, {'avg_silhouette': 0.4365839058704421, 'num_points': 9}, {'avg_silhouette': 0.5881721994668402, 'num_points': 5}, {'avg_silhouette': 0.456888956915603, 'num_points': 11}, {'avg_silhouette': 0.5656067953847302, 'num_points': 12}, {'avg_silhouette': 0.3913634073638858, 'num_points': 5}, {'avg_silhouette': 0.8092039582616773, 'num_points': 8}, {'avg_silhouette': 0.777906153068771, 'num_points': 5}, {'avg_silhouette': 0.7200834544625245, 'num_points': 5}, {'avg_silhouette': 0.817924029268432, 'num_points': 7}]",5.0,64,0.045546861306046765,,1,
DBSCAN,,0.1699158227686095,"[{'avg_silhouette': 0.5488359173541634, 'num_points': 108}, {'avg_silhouette': 0.6739761267874332, 'num_points': 149}, {'avg_silhouette': 0.5052594431018073, 'num_points': 19}, {'avg_silhouette': 0.887913462630359, 'num_points': 7}, {'avg_silhouette': 0.3273971604619686, 'num_points': 8}, {'avg_silhouette': 0.3669410952180572, 'num_points': 16}, {'avg_silhouette': 0.5652031556726648, 'num_points': 29}, {'avg_silhouette': 0.9493968181795752, 'num_points': 12}, {'avg_silhouette': 0.6983640422661637, 'num_points': 36}, {'avg_silhouette': 0.3156159434096793, 'num_points': 23}, {'avg_silhouette': 0.5002382407730754, 'num_points': 66}, {'avg_silhouette': 0.5744442335869029, 'num_points': 44}, {'avg_silhouette': 0.6268393349122289, 'num_points': 24}, {'avg_silhouette': 0.5367964186147204, 'num_points': 45}, {'avg_silhouette': 0.7146733058483732, 'num_points': 10}, {'avg_silhouette': 0.5786636297361976, 'num_points': 9}, {'avg_silhouette': 0.8058205372627195, 'num_points': 12}, {'avg_silhouette': 0.5895745825130513, 'num_points': 28}, {'avg_silhouette': 0.5441818719055695, 'num_points': 72}, {'avg_silhouette': 0.726126512437215, 'num_points': 23}, {'avg_silhouette': 0.32738619181312595, 'num_points': 55}, {'avg_silhouette': 0.8202979156780934, 'num_points': 111}, {'avg_silhouette': 0.5399287207037653, 'num_points': 9}, {'avg_silhouette': 0.6158799471870856, 'num_points': 36}, {'avg_silhouette': 0.7611022111432201, 'num_points': 16}, {'avg_silhouette': 0.6990761698543724, 'num_points': 26}, {'avg_silhouette': 0.29273247968760663, 'num_points': 15}, {'avg_silhouette': 0.5159186344701527, 'num_points': 26}, {'avg_silhouette': 0.5926702021413375, 'num_points': 6}, {'avg_silhouette': 0.6669514527997915, 'num_points': 6}, {'avg_silhouette': 0.6686742597416563, 'num_points': 6}, {'avg_silhouette': 0.846037056192625, 'num_points': 10}, {'avg_silhouette': 0.42595488086059485, 'num_points': 18}, {'avg_silhouette': 0.678555414195329, 'num_points': 7}, {'avg_silhouette': 0.8126199809348936, 'num_points': 5}, {'avg_silhouette': 0.516317840224183, 'num_points': 7}, {'avg_silhouette': 0.5388823594173979, 'num_points': 18}, {'avg_silhouette': 0.41044233501642036, 'num_points': 8}, {'avg_silhouette': 0.6540070630542175, 'num_points': 10}, {'avg_silhouette': 0.7458865433824622, 'num_points': 17}, {'avg_silhouette': 0.7063407532008309, 'num_points': 6}, {'avg_silhouette': 0.5178695132835062, 'num_points': 10}, {'avg_silhouette': 0.8615307342553533, 'num_points': 7}, {'avg_silhouette': 0.6506256235981119, 'num_points': 12}, {'avg_silhouette': 0.746628112777573, 'num_points': 8}, {'avg_silhouette': 0.6212632936590885, 'num_points': 9}, {'avg_silhouette': 0.7441416095175288, 'num_points': 5}, {'avg_silhouette': 0.8480372927957344, 'num_points': 6}, {'avg_silhouette': 0.715742615601, 'num_points': 8}, {'avg_silhouette': 0.7369963325084247, 'num_points': 6}, {'avg_silhouette': 0.7980547378043025, 'num_points': 5}, {'avg_silhouette': 0.5471449435793979, 'num_points': 7}, {'avg_silhouette': 0.7669870787516202, 'num_points': 9}, {'avg_silhouette': 0.7902354041759896, 'num_points': 6}, {'avg_silhouette': 0.5021712900973803, 'num_points': 8}, {'avg_silhouette': 0.5881721994668402, 'num_points': 5}, {'avg_silhouette': 0.456888956915603, 'num_points': 11}, {'avg_silhouette': 0.5328286528828782, 'num_points': 12}, {'avg_silhouette': 0.7982448118225874, 'num_points': 8}, {'avg_silhouette': 0.7727900479840277, 'num_points': 5}, {'avg_silhouette': 0.7305711711069702, 'num_points': 5}, {'avg_silhouette': 0.6889138296719055, 'num_points': 5}, {'avg_silhouette': 0.8333149766751949, 'num_points': 6}]",5.0,63,0.03799335930751152,,1,
DBSCAN,,0.24991582276860957,"[{'avg_silhouette': 0.5746304263030156, 'num_points': 114}, {'avg_silhouette': 0.6752499339036457, 'num_points': 150}, {'avg_silhouette': 0.4662470806431981, 'num_points': 21}, {'avg_silhouette': 0.24637946227971746, 'num_points': 44}, {'avg_silhouette': 0.5575666120961461, 'num_points': 30}, {'avg_silhouette': 0.9502328496210413, 'num_points': 12}, {'avg_silhouette': 0.6147147862016055, 'num_points': 41}, {'avg_silhouette': 0.5698683860248038, 'num_points': 27}, {'avg_silhouette': 0.4912997922105352, 'num_points': 67}, {'avg_silhouette': 0.5470442098998908, 'num_points': 47}, {'avg_silhouette': 0.5860859076533776, 'num_points': 26}, {'avg_silhouette': 0.42114569009670266, 'num_points': 138}, {'avg_silhouette': 0.5040016577241869, 'num_points': 28}, {'avg_silhouette': 0.586426273074258, 'num_points': 12}, {'avg_silhouette': 0.6699945476624387, 'num_points': 30}, {'avg_silhouette': 0.7774065176718763, 'num_points': 13}, {'avg_silhouette': 0.715752933447611, 'num_points': 24}, {'avg_silhouette': 0.5882496472521508, 'num_points': 83}, {'avg_silhouette': 0.7653516475484065, 'num_points': 119}, {'avg_silhouette': 0.7567459481779908, 'num_points': 38}, {'avg_silhouette': 0.499213110333915, 'num_points': 24}, {'avg_silhouette': 0.7026751032497714, 'num_points': 26}, {'avg_silhouette': 0.4412196137036299, 'num_points': 37}, {'avg_silhouette': 0.5081465893744748, 'num_points': 11}, {'avg_silhouette': 0.8529462148887547, 'num_points': 10}, {'avg_silhouette': 0.8299019791858949, 'num_points': 10}, {'avg_silhouette': 0.409409816042387, 'num_points': 15}, {'avg_silhouette': 0.7464329640531288, 'num_points': 17}, {'avg_silhouette': 0.4999910177231428, 'num_points': 11}, {'avg_silhouette': 0.6090211429334063, 'num_points': 13}, {'avg_silhouette': 0.5601265829560743, 'num_points': 11}, {'avg_silhouette': 0.665330716503072, 'num_points': 12}, {'avg_silhouette': 0.498429357583395, 'num_points': 14}]",10.0,33,0.036702075694923286,,2,0.5481978120001743
DBSCAN,,0.23991582276860957,"[{'avg_silhouette': 0.5758726660513193, 'num_points': 113}, {'avg_silhouette': 0.6747447066404421, 'num_points': 150}, {'avg_silhouette': 0.4877975321870611, 'num_points': 20}, {'avg_silhouette': 0.2616746479144439, 'num_points': 43}, {'avg_silhouette': 0.5792783130765223, 'num_points': 29}, {'avg_silhouette': 0.9502328496210413, 'num_points': 12}, {'avg_silhouette': 0.6147147862016055, 'num_points': 41}, {'avg_silhouette': 0.5698683860248038, 'num_points': 27}, {'avg_silhouette': 0.4912997922105352, 'num_points': 67}, {'avg_silhouette': 0.5574550084836906, 'num_points': 46}, {'avg_silhouette': 0.6078723659645161, 'num_points': 25}, {'avg_silhouette': 0.42114569009670266, 'num_points': 138}, {'avg_silhouette': 0.5040016577241869, 'num_points': 28}, {'avg_silhouette': 0.586426273074258, 'num_points': 12}, {'avg_silhouette': 0.669647550198732, 'num_points': 30}, {'avg_silhouette': 0.7765419685451286, 'num_points': 13}, {'avg_silhouette': 0.715752933447611, 'num_points': 24}, {'avg_silhouette': 0.310137177464762, 'num_points': 73}, {'avg_silhouette': 0.7653516475484065, 'num_points': 119}, {'avg_silhouette': 0.7666589856560776, 'num_points': 37}, {'avg_silhouette': 0.499213110333915, 'num_points': 24}, {'avg_silhouette': 0.7026751032497714, 'num_points': 26}, {'avg_silhouette': 0.4412196137036299, 'num_points': 37}, {'avg_silhouette': 0.5066890787709993, 'num_points': 11}, {'avg_silhouette': 0.8529462148887547, 'num_points': 10}, {'avg_silhouette': 0.40907030214167367, 'num_points': 15}, {'avg_silhouette': 0.7464329640531288, 'num_points': 17}, {'avg_silhouette': 0.4999910177231428, 'num_points': 11}, {'avg_silhouette': 0.6090211429334063, 'num_points': 13}, {'avg_silhouette': 0.5595614794675813, 'num_points': 11}, {'avg_silhouette': 0.4557276833128658, 'num_points': 9}, {'avg_silhouette': 0.665330716503072, 'num_points': 12}, {'avg_silhouette': 0.498429357583395, 'num_points': 14}]",10.0,33,0.027154365522842124,,2,0.5479451983685724
DBSCAN,,0.1599158227686095,"[{'avg_silhouette': 0.547372594993091, 'num_points': 108}, {'avg_silhouette': 0.6328393669902339, 'num_points': 141}, {'avg_silhouette': 0.502321314893242, 'num_points': 19}, {'avg_silhouette': 0.8876229299160636, 'num_points': 7}, {'avg_silhouette': 0.40162984031388477, 'num_points': 15}, {'avg_silhouette': 0.5389953325726954, 'num_points': 29}, {'avg_silhouette': 0.9493968181795752, 'num_points': 12}, {'avg_silhouette': 0.7104157274633149, 'num_points': 35}, {'avg_silhouette': 0.5162368865817945, 'num_points': 65}, {'avg_silhouette': 0.5763425986456001, 'num_points': 43}, {'avg_silhouette': 0.8492635656473698, 'num_points': 14}, {'avg_silhouette': 0.6244332096898989, 'num_points': 24}, {'avg_silhouette': 0.5367964186147204, 'num_points': 45}, {'avg_silhouette': 0.8514911905010092, 'num_points': 8}, {'avg_silhouette': 0.619411564867297, 'num_points': 8}, {'avg_silhouette': 0.8671843734607436, 'num_points': 11}, {'avg_silhouette': 0.738798671601789, 'num_points': 25}, {'avg_silhouette': 0.5441818719055695, 'num_points': 72}, {'avg_silhouette': 0.722620086915912, 'num_points': 23}, {'avg_silhouette': 0.3522911786409698, 'num_points': 53}, {'avg_silhouette': 0.817091451487075, 'num_points': 111}, {'avg_silhouette': 0.60712486922058, 'num_points': 8}, {'avg_silhouette': 0.6158799471870856, 'num_points': 36}, {'avg_silhouette': 0.7599685203263317, 'num_points': 16}, {'avg_silhouette': 0.6989809322377981, 'num_points': 26}, {'avg_silhouette': 0.2940001993351978, 'num_points': 15}, {'avg_silhouette': 0.6673016737811787, 'num_points': 7}, {'avg_silhouette': 0.5256409381960426, 'num_points': 25}, {'avg_silhouette': 0.6669514527997915, 'num_points': 6}, {'avg_silhouette': 0.6672323943728605, 'num_points': 6}, {'avg_silhouette': 0.853704371825085, 'num_points': 9}, {'avg_silhouette': 0.48042167515671075, 'num_points': 17}, {'avg_silhouette': 0.6726029650374539, 'num_points': 7}, {'avg_silhouette': 0.812438396106011, 'num_points': 5}, {'avg_silhouette': 0.516317840224183, 'num_points': 7}, {'avg_silhouette': 0.47333337685747645, 'num_points': 7}, {'avg_silhouette': 0.5388823594173979, 'num_points': 18}, {'avg_silhouette': 0.41044233501642036, 'num_points': 8}, {'avg_silhouette': 0.6540070630542175, 'num_points': 10}, {'avg_silhouette': 0.7441969866114645, 'num_points': 17}, {'avg_silhouette': 0.7063407532008309, 'num_points': 6}, {'avg_silhouette': 0.5178695132835062, 'num_points': 10}, {'avg_silhouette': 0.8615307342553533, 'num_points': 7}, {'avg_silhouette': 0.6506256235981119, 'num_points': 12}, {'avg_silhouette': 0.746628112777573, 'num_points': 8}, {'avg_silhouette': 0.6212632936590885, 'num_points': 9}, {'avg_silhouette': 0.8480372927957344, 'num_points': 6}, {'avg_silhouette': 0.6448423168635511, 'num_points': 8}, {'avg_silhouette': 0.7369963325084247, 'num_points': 6}, {'avg_silhouette': 0.7454291014091242, 'num_points': 5}, {'avg_silhouette': 0.7669870787516202, 'num_points': 9}, {'avg_silhouette': 0.7902354041759896, 'num_points': 6}, {'avg_silhouette': 0.5021712900973803, 'num_points': 8}, {'avg_silhouette': 0.5881721994668402, 'num_points': 5}, {'avg_silhouette': 0.456888956915603, 'num_points': 11}, {'avg_silhouette': 0.5328286528828782, 'num_points': 12}, {'avg_silhouette': 0.7982448118225874, 'num_points': 8}, {'avg_silhouette': 0.7727900479840277, 'num_points': 5}, {'avg_silhouette': 0.7305711711069702, 'num_points': 5}, {'avg_silhouette': 0.6881240877676353, 'num_points': 5}, {'avg_silhouette': 0.41988475048120044, 'num_points': 5}, {'avg_silhouette': 0.7980547378043025, 'num_points': 5}, {'avg_silhouette': 0.8335935263452783, 'num_points': 5}, {'avg_silhouette': 0.5998784447051125, 'num_points': 5}]",5.0,64,0.026798975063361624,,1,
DBSCAN,,0.14991582276860949,"[{'avg_silhouette': 0.5477236073685395, 'num_points': 108}, {'avg_silhouette': 0.6527368595951477, 'num_points': 139}, {'avg_silhouette': 0.5016652433154515, 'num_points': 19}, {'avg_silhouette': 0.8876229299160636, 'num_points': 7}, {'avg_silhouette': 0.4621475206963913, 'num_points': 15}, {'avg_silhouette': 0.5389179203461317, 'num_points': 29}, {'avg_silhouette': 0.9493968181795752, 'num_points': 12}, {'avg_silhouette': 0.71021129947487, 'num_points': 35}, {'avg_silhouette': 0.5162368865817945, 'num_points': 65}, {'avg_silhouette': 0.5763425986456001, 'num_points': 43}, {'avg_silhouette': 0.8492635656473698, 'num_points': 14}, {'avg_silhouette': 0.6244332096898989, 'num_points': 24}, {'avg_silhouette': 0.5323868283345159, 'num_points': 45}, {'avg_silhouette': 0.8514911905010092, 'num_points': 8}, {'avg_silhouette': 0.619411564867297, 'num_points': 8}, {'avg_silhouette': 0.8671843734607436, 'num_points': 11}, {'avg_silhouette': 0.7586354233018865, 'num_points': 24}, {'avg_silhouette': 0.5601655870139589, 'num_points': 71}, {'avg_silhouette': 0.722620086915912, 'num_points': 23}, {'avg_silhouette': 0.4638887908106708, 'num_points': 52}, {'avg_silhouette': 0.817091451487075, 'num_points': 111}, {'avg_silhouette': 0.6231465088898877, 'num_points': 35}, {'avg_silhouette': 0.7599685203263317, 'num_points': 16}, {'avg_silhouette': 0.6988950389042554, 'num_points': 26}, {'avg_silhouette': 0.4404333036072347, 'num_points': 13}, {'avg_silhouette': 0.6673016737811787, 'num_points': 7}, {'avg_silhouette': 0.5256409381960426, 'num_points': 25}, {'avg_silhouette': 0.6660731729361135, 'num_points': 6}, {'avg_silhouette': 0.6660946082821538, 'num_points': 6}, {'avg_silhouette': 0.853704371825085, 'num_points': 9}, {'avg_silhouette': 0.48042167515671075, 'num_points': 17}, {'avg_silhouette': 0.6616399547869898, 'num_points': 7}, {'avg_silhouette': 0.6737328597850638, 'num_points': 7}, {'avg_silhouette': 0.812438396106011, 'num_points': 5}, {'avg_silhouette': 0.516317840224183, 'num_points': 7}, {'avg_silhouette': 0.5388823594173979, 'num_points': 18}, {'avg_silhouette': 0.41044233501642036, 'num_points': 8}, {'avg_silhouette': 0.6540070630542175, 'num_points': 10}, {'avg_silhouette': 0.7441969866114645, 'num_points': 17}, {'avg_silhouette': 0.7063407532008309, 'num_points': 6}, {'avg_silhouette': 0.8615307342553533, 'num_points': 7}, {'avg_silhouette': 0.5677446420697572, 'num_points': 8}, {'avg_silhouette': 0.6506256235981119, 'num_points': 12}, {'avg_silhouette': 0.746628112777573, 'num_points': 8}, {'avg_silhouette': 0.6154340443913282, 'num_points': 9}, {'avg_silhouette': 0.8480372927957344, 'num_points': 6}, {'avg_silhouette': 0.6448423168635511, 'num_points': 8}, {'avg_silhouette': 0.7454291014091242, 'num_points': 5}, {'avg_silhouette': 0.765752438983164, 'num_points': 9}, {'avg_silhouette': 0.7902354041759896, 'num_points': 6}, {'avg_silhouette': 0.5232426710405791, 'num_points': 7}, {'avg_silhouette': 0.5750448136420563, 'num_points': 5}, {'avg_silhouette': 0.5271516810247511, 'num_points': 10}, {'avg_silhouette': 0.5319682819817608, 'num_points': 12}, {'avg_silhouette': 0.7973600359319494, 'num_points': 8}, {'avg_silhouette': 0.7727900479840277, 'num_points': 5}, {'avg_silhouette': 0.4694547506861153, 'num_points': 7}, {'avg_silhouette': 0.7298569060953921, 'num_points': 5}, {'avg_silhouette': 0.6881240877676353, 'num_points': 5}, {'avg_silhouette': 0.7536305754390018, 'num_points': 5}, {'avg_silhouette': 0.7980547378043025, 'num_points': 5}]",5.0,61,0.02422677795138236,,1,
DBSCAN,,0.22991582276860956,"[{'avg_silhouette': 0.573992233897744, 'num_points': 113}, {'avg_silhouette': 0.670714519985299, 'num_points': 150}, {'avg_silhouette': 0.4877975321870611, 'num_points': 20}, {'avg_silhouette': 0.25816238799232555, 'num_points': 42}, {'avg_silhouette': 0.5792783130765223, 'num_points': 29}, {'avg_silhouette': 0.9501355764769843, 'num_points': 12}, {'avg_silhouette': 0.6605774338247706, 'num_points': 39}, {'avg_silhouette': 0.565704904629934, 'num_points': 27}, {'avg_silhouette': 0.4912997922105352, 'num_points': 67}, {'avg_silhouette': 0.5525685403365199, 'num_points': 46}, {'avg_silhouette': 0.6078723659645161, 'num_points': 25}, {'avg_silhouette': 0.42114569009670266, 'num_points': 138}, {'avg_silhouette': 0.5040016577241869, 'num_points': 28}, {'avg_silhouette': 0.6578617458538335, 'num_points': 11}, {'avg_silhouette': 0.681635322392806, 'num_points': 29}, {'avg_silhouette': 0.7765419685451286, 'num_points': 13}, {'avg_silhouette': 0.715752933447611, 'num_points': 24}, {'avg_silhouette': 0.30200432620784384, 'num_points': 71}, {'avg_silhouette': 0.7745693136274832, 'num_points': 117}, {'avg_silhouette': 0.7759384194414864, 'num_points': 36}, {'avg_silhouette': 0.5192175974663149, 'num_points': 23}, {'avg_silhouette': 0.7026751032497714, 'num_points': 26}, {'avg_silhouette': 0.4412196137036299, 'num_points': 37}, {'avg_silhouette': 0.8529462148887547, 'num_points': 10}, {'avg_silhouette': 0.5445160151686105, 'num_points': 10}, {'avg_silhouette': 0.45283029324247365, 'num_points': 14}, {'avg_silhouette': 0.7464329640531288, 'num_points': 17}, {'avg_silhouette': 0.6731834057252403, 'num_points': 12}, {'avg_silhouette': 0.4976936137608126, 'num_points': 11}, {'avg_silhouette': 0.4742218565872193, 'num_points': 8}, {'avg_silhouette': 0.6970987977563721, 'num_points': 11}, {'avg_silhouette': 0.498429357583395, 'num_points': 14}, {'avg_silhouette': 0.6102269517584822, 'num_points': 10}]",10.0,33,0.021174355202807697,,2,0.5459301050410008
DBSCAN,,0.21991582276860955,"[{'avg_silhouette': 0.5901808380562561, 'num_points': 109}, {'avg_silhouette': 0.6696994858961037, 'num_points': 150}, {'avg_silhouette': 0.4877975321870611, 'num_points': 20}, {'avg_silhouette': 0.38643814961386497, 'num_points': 42}, {'avg_silhouette': 0.5792783130765223, 'num_points': 29}, {'avg_silhouette': 0.9495582381846068, 'num_points': 12}, {'avg_silhouette': 0.6745507897154941, 'num_points': 38}, {'avg_silhouette': 0.5467994073052767, 'num_points': 27}, {'avg_silhouette': 0.50048876399294, 'num_points': 66}, {'avg_silhouette': 0.5525685403365199, 'num_points': 46}, {'avg_silhouette': 0.6070980081214341, 'num_points': 25}, {'avg_silhouette': 0.41556943134529584, 'num_points': 138}, {'avg_silhouette': 0.5040016577241869, 'num_points': 28}, {'avg_silhouette': 0.6578617458538335, 'num_points': 11}, {'avg_silhouette': 0.7765419685451286, 'num_points': 13}, {'avg_silhouette': 0.6806180172404785, 'num_points': 29}, {'avg_silhouette': 0.715752933447611, 'num_points': 24}, {'avg_silhouette': 0.31155883294464776, 'num_points': 68}, {'avg_silhouette': 0.7745693136274832, 'num_points': 117}, {'avg_silhouette': 0.769847060855894, 'num_points': 36}, {'avg_silhouette': 0.7022680251730518, 'num_points': 18}, {'avg_silhouette': 0.7026751032497714, 'num_points': 26}, {'avg_silhouette': 0.4412196137036299, 'num_points': 37}, {'avg_silhouette': 0.8525621661131156, 'num_points': 10}, {'avg_silhouette': 0.5445160151686105, 'num_points': 10}, {'avg_silhouette': 0.45283029324247365, 'num_points': 14}, {'avg_silhouette': 0.7458865433824622, 'num_points': 17}, {'avg_silhouette': 0.6731834057252403, 'num_points': 12}, {'avg_silhouette': 0.4976936137608126, 'num_points': 11}, {'avg_silhouette': 0.4709129246573569, 'num_points': 8}, {'avg_silhouette': 0.7501122786870652, 'num_points': 11}, {'avg_silhouette': 0.5375081864129683, 'num_points': 13}]",10.0,32,0.01508834164814447,,2,0.5426344586206998
DBSCAN,,0.20991582276860954,"[{'avg_silhouette': 0.5901808380562561, 'num_points': 109}, {'avg_silhouette': 0.667622457522785, 'num_points': 150}, {'avg_silhouette': 0.4877975321870611, 'num_points': 20}, {'avg_silhouette': 0.38643814961386497, 'num_points': 42}, {'avg_silhouette': 0.5792783130765223, 'num_points': 29}, {'avg_silhouette': 0.9495582381846068, 'num_points': 12}, {'avg_silhouette': 0.7069781124648954, 'num_points': 36}, {'avg_silhouette': 0.7049058873985977, 'num_points': 18}, {'avg_silhouette': 0.50048876399294, 'num_points': 66}, {'avg_silhouette': 0.8443316456256051, 'num_points': 45}, {'avg_silhouette': 0.6268393349122289, 'num_points': 24}, {'avg_silhouette': 0.428350945484967, 'num_points': 136}, {'avg_silhouette': 0.5040016577241869, 'num_points': 28}, {'avg_silhouette': 0.7161582526120993, 'num_points': 10}, {'avg_silhouette': 0.7759185726207924, 'num_points': 13}, {'avg_silhouette': 0.6806180172404785, 'num_points': 29}, {'avg_silhouette': 0.715752933447611, 'num_points': 24}, {'avg_silhouette': 0.6395509213225292, 'num_points': 63}, {'avg_silhouette': 0.7957032841785121, 'num_points': 114}, {'avg_silhouette': 0.769847060855894, 'num_points': 36}, {'avg_silhouette': 0.6901749937099781, 'num_points': 18}, {'avg_silhouette': 0.7026751032497714, 'num_points': 26}, {'avg_silhouette': 0.4398899233068679, 'num_points': 37}, {'avg_silhouette': 0.8525621661131156, 'num_points': 10}, {'avg_silhouette': 0.45283029324247365, 'num_points': 14}, {'avg_silhouette': 0.7458865433824622, 'num_points': 17}, {'avg_silhouette': 0.6731834057252403, 'num_points': 12}, {'avg_silhouette': 0.5225144924109265, 'num_points': 10}, {'avg_silhouette': 0.7501122786870652, 'num_points': 11}, {'avg_silhouette': 0.5354780870499521, 'num_points': 13}]",10.0,30,0.014302659261651035,,2,0.547986701503876
DBSCAN,,0.13991582276860948,"[{'avg_silhouette': 0.5659746643609167, 'num_points': 104}, {'avg_silhouette': 0.7390684384313594, 'num_points': 138}, {'avg_silhouette': 0.5016220729547254, 'num_points': 19}, {'avg_silhouette': 0.8876229299160636, 'num_points': 7}, {'avg_silhouette': 0.45661704784853235, 'num_points': 15}, {'avg_silhouette': 0.5650153595848542, 'num_points': 29}, {'avg_silhouette': 0.9493968181795752, 'num_points': 12}, {'avg_silhouette': 0.7101753514547958, 'num_points': 35}, {'avg_silhouette': 0.5294796319587509, 'num_points': 64}, {'avg_silhouette': 0.6032256639378072, 'num_points': 41}, {'avg_silhouette': 0.8492635656473698, 'num_points': 14}, {'avg_silhouette': 0.6473720182208911, 'num_points': 23}, {'avg_silhouette': 0.5722327093332782, 'num_points': 42}, {'avg_silhouette': 0.8514911905010092, 'num_points': 8}, {'avg_silhouette': 0.6174242751304282, 'num_points': 8}, {'avg_silhouette': 0.8666581268023242, 'num_points': 11}, {'avg_silhouette': 0.7585140620207067, 'num_points': 24}, {'avg_silhouette': 0.5547197283511889, 'num_points': 71}, {'avg_silhouette': 0.7437097311925218, 'num_points': 22}, {'avg_silhouette': 0.35386333941766795, 'num_points': 35}, {'avg_silhouette': 0.817091451487075, 'num_points': 111}, {'avg_silhouette': 0.6231465088898877, 'num_points': 35}, {'avg_silhouette': 0.7599685203263317, 'num_points': 16}, {'avg_silhouette': 0.7129818296239578, 'num_points': 25}, {'avg_silhouette': 0.508707471521343, 'num_points': 11}, {'avg_silhouette': 0.6673016737811787, 'num_points': 7}, {'avg_silhouette': 0.6660731729361135, 'num_points': 6}, {'avg_silhouette': 0.6580547335722079, 'num_points': 6}, {'avg_silhouette': 0.8618185327762884, 'num_points': 8}, {'avg_silhouette': 0.4743307989091921, 'num_points': 17}, {'avg_silhouette': 0.6616399547869898, 'num_points': 7}, {'avg_silhouette': 0.6737328597850638, 'num_points': 7}, {'avg_silhouette': 0.8117768235773608, 'num_points': 5}, {'avg_silhouette': 0.516317840224183, 'num_points': 7}, {'avg_silhouette': 0.5563891484795906, 'num_points': 21}, {'avg_silhouette': 0.3725979095405879, 'num_points': 16}, {'avg_silhouette': 0.5388823594173979, 'num_points': 18}, {'avg_silhouette': 0.41044233501642036, 'num_points': 8}, {'avg_silhouette': 0.6540070630542175, 'num_points': 10}, {'avg_silhouette': 0.743305265156926, 'num_points': 17}, {'avg_silhouette': 0.85580280854671, 'num_points': 5}, {'avg_silhouette': 0.8615307342553533, 'num_points': 7}, {'avg_silhouette': 0.5854342396095239, 'num_points': 7}, {'avg_silhouette': 0.6506256235981119, 'num_points': 12}, {'avg_silhouette': 0.7523901303171534, 'num_points': 8}, {'avg_silhouette': 0.6045508784943943, 'num_points': 9}, {'avg_silhouette': 0.8480372927957344, 'num_points': 6}, {'avg_silhouette': 0.6448423168635511, 'num_points': 8}, {'avg_silhouette': 0.7454291014091242, 'num_points': 5}, {'avg_silhouette': 0.7961649595044848, 'num_points': 8}, {'avg_silhouette': 0.7902354041759896, 'num_points': 6}, {'avg_silhouette': 0.5232426710405791, 'num_points': 7}, {'avg_silhouette': 0.5750448136420563, 'num_points': 5}, {'avg_silhouette': 0.5271516810247511, 'num_points': 10}, {'avg_silhouette': 0.5319682819817608, 'num_points': 12}, {'avg_silhouette': 0.7973600359319494, 'num_points': 8}, {'avg_silhouette': 0.7306971478590027, 'num_points': 5}, {'avg_silhouette': 0.6880098971165645, 'num_points': 5}, {'avg_silhouette': 0.7529154367115412, 'num_points': 5}]",5.0,59,0.010189910149488451,,1,
DBSCAN,,0.19991582276860953,"[{'avg_silhouette': 0.5477390786074552, 'num_points': 109}, {'avg_silhouette': 0.6739761267874332, 'num_points': 149}, {'avg_silhouette': 0.5052594431018073, 'num_points': 19}, {'avg_silhouette': 0.39838524505532824, 'num_points': 17}, {'avg_silhouette': 0.5784632131486115, 'num_points': 29}, {'avg_silhouette': 0.9495139890413226, 'num_points': 12}, {'avg_silhouette': 0.7064059103751911, 'num_points': 36}, {'avg_silhouette': 0.7030775080859095, 'num_points': 18}, {'avg_silhouette': 0.8442002253875608, 'num_points': 45}, {'avg_silhouette': 0.6268393349122289, 'num_points': 24}, {'avg_silhouette': 0.42394411835752915, 'num_points': 136}, {'avg_silhouette': 0.5186212822184131, 'num_points': 27}, {'avg_silhouette': 0.7157970011038491, 'num_points': 10}, {'avg_silhouette': 0.7759185726207924, 'num_points': 13}, {'avg_silhouette': 0.6986594418191726, 'num_points': 28}, {'avg_silhouette': 0.7120850067509781, 'num_points': 24}, {'avg_silhouette': 0.651256127701908, 'num_points': 59}, {'avg_silhouette': 0.802357030240855, 'num_points': 113}, {'avg_silhouette': 0.769291926384111, 'num_points': 36}, {'avg_silhouette': 0.7223115689720362, 'num_points': 17}, {'avg_silhouette': 0.7024439753789053, 'num_points': 26}, {'avg_silhouette': 0.35019936373770016, 'num_points': 17}, {'avg_silhouette': 0.50048876399294, 'num_points': 66}, {'avg_silhouette': 0.8524904538061409, 'num_points': 10}, {'avg_silhouette': 0.4006296894904784, 'num_points': 10}, {'avg_silhouette': 0.44943123871330776, 'num_points': 26}, {'avg_silhouette': 0.45283029324247365, 'num_points': 14}, {'avg_silhouette': 0.7458865433824622, 'num_points': 17}, {'avg_silhouette': 0.6731834057252403, 'num_points': 12}, {'avg_silhouette': 0.7356695589382712, 'num_points': 11}, {'avg_silhouette': 0.5806264566247544, 'num_points': 12}]",10.0,31,0.00074169863597303,,2,0.5489601225724812
DBSCAN,,0.12991582276860947,"[{'avg_silhouette': 0.5702066562909884, 'num_points': 102}, {'avg_silhouette': 0.7527147171325134, 'num_points': 136}, {'avg_silhouette': 0.5794375806762813, 'num_points': 15}, {'avg_silhouette': 0.8841394529174861, 'num_points': 7}, {'avg_silhouette': 0.47094861115278797, 'num_points': 14}, {'avg_silhouette': 0.4952555875073871, 'num_points': 13}, {'avg_silhouette': 0.8274975121193985, 'num_points': 15}, {'avg_silhouette': 0.9493968181795752, 'num_points': 12}, {'avg_silhouette': 0.7099547666716804, 'num_points': 35}, {'avg_silhouette': 0.5294796319587509, 'num_points': 64}, {'avg_silhouette': 0.5987690557868598, 'num_points': 41}, {'avg_silhouette': 0.8492635656473698, 'num_points': 14}, {'avg_silhouette': 0.6674272678213824, 'num_points': 22}, {'avg_silhouette': 0.5720282924858374, 'num_points': 42}, {'avg_silhouette': 0.8514911905010092, 'num_points': 8}, {'avg_silhouette': 0.6554875016428857, 'num_points': 7}, {'avg_silhouette': 0.8665865165040468, 'num_points': 11}, {'avg_silhouette': 0.7584692020784223, 'num_points': 24}, {'avg_silhouette': 0.5547197283511889, 'num_points': 71}, {'avg_silhouette': 0.7415020065987377, 'num_points': 22}, {'avg_silhouette': 0.35386333941766795, 'num_points': 35}, {'avg_silhouette': 0.817091451487075, 'num_points': 111}, {'avg_silhouette': 0.6231465088898877, 'num_points': 35}, {'avg_silhouette': 0.7599685203263317, 'num_points': 16}, {'avg_silhouette': 0.7214310785020813, 'num_points': 24}, {'avg_silhouette': 0.5052064607789574, 'num_points': 11}, {'avg_silhouette': 0.7275786866209163, 'num_points': 6}, {'avg_silhouette': 0.6660731729361135, 'num_points': 6}, {'avg_silhouette': 0.7408633442116687, 'num_points': 5}, {'avg_silhouette': 0.8904710222121055, 'num_points': 5}, {'avg_silhouette': 0.5160026791420471, 'num_points': 16}, {'avg_silhouette': 0.6644271887440397, 'num_points': 7}, {'avg_silhouette': 0.731009170590617, 'num_points': 6}, {'avg_silhouette': 0.8117768235773608, 'num_points': 5}, {'avg_silhouette': 0.6123729454656869, 'num_points': 6}, {'avg_silhouette': 0.5720766057838556, 'num_points': 18}, {'avg_silhouette': 0.3725979095405879, 'num_points': 16}, {'avg_silhouette': 0.5388823594173979, 'num_points': 18}, {'avg_silhouette': 0.40543112600871484, 'num_points': 8}, {'avg_silhouette': 0.6540070630542175, 'num_points': 10}, {'avg_silhouette': 0.743305265156926, 'num_points': 17}, {'avg_silhouette': 0.8521214281538025, 'num_points': 5}, {'avg_silhouette': 0.8736322149379401, 'num_points': 6}, {'avg_silhouette': 0.6544679579290789, 'num_points': 5}, {'avg_silhouette': 0.6506256235981119, 'num_points': 12}, {'avg_silhouette': 0.8240128002562023, 'num_points': 7}, {'avg_silhouette': 0.8480372927957344, 'num_points': 6}, {'avg_silhouette': 0.6448423168635511, 'num_points': 8}, {'avg_silhouette': 0.6045508784943943, 'num_points': 9}, {'avg_silhouette': 0.7454291014091242, 'num_points': 5}, {'avg_silhouette': 0.7952832080857191, 'num_points': 8}, {'avg_silhouette': 0.7902354041759896, 'num_points': 6}, {'avg_silhouette': 0.5711631433102334, 'num_points': 5}, {'avg_silhouette': 0.5492121926427367, 'num_points': 9}, {'avg_silhouette': 0.5831188938182998, 'num_points': 11}, {'avg_silhouette': 0.5912318403855336, 'num_points': 6}, {'avg_silhouette': 0.7912293598166819, 'num_points': 8}, {'avg_silhouette': 0.6880098971165645, 'num_points': 5}]",5.0,58,-0.004008144624672576,,1,
DBSCAN,,0.18991582276860952,"[{'avg_silhouette': 0.545501874400026, 'num_points': 109}, {'avg_silhouette': 0.6739761267874332, 'num_points': 149}, {'avg_silhouette': 0.5052594431018073, 'num_points': 19}, {'avg_silhouette': 0.4529794922256179, 'num_points': 16}, {'avg_silhouette': 0.5784632131486115, 'num_points': 29}, {'avg_silhouette': 0.9495139890413226, 'num_points': 12}, {'avg_silhouette': 0.7064059103751911, 'num_points': 36}, {'avg_silhouette': 0.7030775080859095, 'num_points': 18}, {'avg_silhouette': 0.8442002253875608, 'num_points': 45}, {'avg_silhouette': 0.6268393349122289, 'num_points': 24}, {'avg_silhouette': 0.39448282002876583, 'num_points': 117}, {'avg_silhouette': 0.7759185726207924, 'num_points': 13}, {'avg_silhouette': 0.6986594418191726, 'num_points': 28}, {'avg_silhouette': 0.6956740044636921, 'num_points': 24}, {'avg_silhouette': 0.6573065986644748, 'num_points': 58}, {'avg_silhouette': 0.802357030240855, 'num_points': 113}, {'avg_silhouette': 0.769291926384111, 'num_points': 36}, {'avg_silhouette': 0.7223115689720362, 'num_points': 17}, {'avg_silhouette': 0.7024439753789053, 'num_points': 26}, {'avg_silhouette': 0.4275743844668517, 'num_points': 15}, {'avg_silhouette': 0.50048876399294, 'num_points': 66}, {'avg_silhouette': 0.5252631934730646, 'num_points': 27}, {'avg_silhouette': 0.7157970011038491, 'num_points': 10}, {'avg_silhouette': 0.4658853847157721, 'num_points': 19}, {'avg_silhouette': 0.8524904538061409, 'num_points': 10}, {'avg_silhouette': 0.7086535047028594, 'num_points': 19}, {'avg_silhouette': 0.5877126026615612, 'num_points': 11}, {'avg_silhouette': 0.7458865433824622, 'num_points': 17}, {'avg_silhouette': 0.6564801267532442, 'num_points': 12}, {'avg_silhouette': 0.7338219038415011, 'num_points': 11}, {'avg_silhouette': 0.5656067953847302, 'num_points': 12}]",10.0,31,-0.0074463235060507026,,1,
DBSCAN,,0.1799158227686095,"[{'avg_silhouette': 0.543078950554086, 'num_points': 108}, {'avg_silhouette': 0.6801837037863715, 'num_points': 148}, {'avg_silhouette': 0.5623822072374539, 'num_points': 16}, {'avg_silhouette': 0.500682701147582, 'num_points': 14}, {'avg_silhouette': 0.5780837253604386, 'num_points': 29}, {'avg_silhouette': 0.9495139890413226, 'num_points': 12}, {'avg_silhouette': 0.7059162375163959, 'num_points': 36}, {'avg_silhouette': 0.7030775080859095, 'num_points': 18}, {'avg_silhouette': 0.8442002253875608, 'num_points': 45}, {'avg_silhouette': 0.6244332096898989, 'num_points': 24}, {'avg_silhouette': 0.5367964186147204, 'num_points': 45}, {'avg_silhouette': 0.8058205372627195, 'num_points': 12}, {'avg_silhouette': 0.7361523289684845, 'num_points': 26}, {'avg_silhouette': 0.5441818719055695, 'num_points': 72}, {'avg_silhouette': 0.722620086915912, 'num_points': 23}, {'avg_silhouette': 0.6701013684527015, 'num_points': 55}, {'avg_silhouette': 0.8117000972299646, 'num_points': 112}, {'avg_silhouette': 0.791177572773198, 'num_points': 34}, {'avg_silhouette': 0.7223115689720362, 'num_points': 17}, {'avg_silhouette': 0.7022519248727552, 'num_points': 26}, {'avg_silhouette': 0.42556925149673075, 'num_points': 15}, {'avg_silhouette': 0.5162368865817945, 'num_points': 65}, {'avg_silhouette': 0.535620322597022, 'num_points': 26}, {'avg_silhouette': 0.48042167515671075, 'num_points': 17}, {'avg_silhouette': 0.7151878655941263, 'num_points': 10}, {'avg_silhouette': 0.8524756410541228, 'num_points': 10}, {'avg_silhouette': 0.7234632882488664, 'num_points': 18}, {'avg_silhouette': 0.5877126026615612, 'num_points': 11}, {'avg_silhouette': 0.7441969866114645, 'num_points': 17}, {'avg_silhouette': 0.6564801267532442, 'num_points': 12}, {'avg_silhouette': 0.7740254798263981, 'num_points': 10}, {'avg_silhouette': 0.5328286528828782, 'num_points': 12}]",10.0,32,-0.009520850496901457,,1,
DBSCAN,,0.1699158227686095,"[{'avg_silhouette': 0.543078950554086, 'num_points': 108}, {'avg_silhouette': 0.7185073380851348, 'num_points': 143}, {'avg_silhouette': 0.5817877505390985, 'num_points': 15}, {'avg_silhouette': 0.4893231411455535, 'num_points': 14}, {'avg_silhouette': 0.5740966594597674, 'num_points': 29}, {'avg_silhouette': 0.9493968181795752, 'num_points': 12}, {'avg_silhouette': 0.7030175660883669, 'num_points': 36}, {'avg_silhouette': 0.6983508710626128, 'num_points': 18}, {'avg_silhouette': 0.8553624342082758, 'num_points': 43}, {'avg_silhouette': 0.6244332096898989, 'num_points': 24}, {'avg_silhouette': 0.5367964186147204, 'num_points': 45}, {'avg_silhouette': 0.8058205372627195, 'num_points': 12}, {'avg_silhouette': 0.7361523289684845, 'num_points': 26}, {'avg_silhouette': 0.544242990577739, 'num_points': 72}, {'avg_silhouette': 0.722620086915912, 'num_points': 23}, {'avg_silhouette': 0.6812757219122381, 'num_points': 53}, {'avg_silhouette': 0.9402745163251026, 'num_points': 111}, {'avg_silhouette': 0.7901603542413793, 'num_points': 34}, {'avg_silhouette': 0.7747298158049066, 'num_points': 16}, {'avg_silhouette': 0.7014373809491949, 'num_points': 26}, {'avg_silhouette': 0.5196561083771739, 'num_points': 12}, {'avg_silhouette': 0.5162368865817945, 'num_points': 65}, {'avg_silhouette': 0.535620322597022, 'num_points': 26}, {'avg_silhouette': 0.48042167515671075, 'num_points': 17}, {'avg_silhouette': 0.8524072994279713, 'num_points': 10}, {'avg_silhouette': 0.7234632882488664, 'num_points': 18}, {'avg_silhouette': 0.6540070630542175, 'num_points': 10}, {'avg_silhouette': 0.7441969866114645, 'num_points': 17}, {'avg_silhouette': 0.6506256235981119, 'num_points': 12}, {'avg_silhouette': 0.7726062701587206, 'num_points': 10}, {'avg_silhouette': 0.5840736379429695, 'num_points': 11}]",10.0,31,-0.014503573098468416,,1,
DBSCAN,,0.1599158227686095,"[{'avg_silhouette': 0.5550850511027517, 'num_points': 107}, {'avg_silhouette': 0.746472216930432, 'num_points': 138}, {'avg_silhouette': 0.5796351689886018, 'num_points': 15}, {'avg_silhouette': 0.4967193887286651, 'num_points': 12}, {'avg_silhouette': 0.5735033468526611, 'num_points': 29}, {'avg_silhouette': 0.9493968181795752, 'num_points': 12}, {'avg_silhouette': 0.7137743222062829, 'num_points': 35}, {'avg_silhouette': 0.8587202532255427, 'num_points': 42}, {'avg_silhouette': 0.8995042183481392, 'num_points': 14}, {'avg_silhouette': 0.6226725171159355, 'num_points': 24}, {'avg_silhouette': 0.5367964186147204, 'num_points': 45}, {'avg_silhouette': 0.8671843734607436, 'num_points': 11}, {'avg_silhouette': 0.7492086699426892, 'num_points': 25}, {'avg_silhouette': 0.544242990577739, 'num_points': 72}, {'avg_silhouette': 0.722620086915912, 'num_points': 23}, {'avg_silhouette': 0.6833311304185989, 'num_points': 52}, {'avg_silhouette': 0.9402745163251026, 'num_points': 111}, {'avg_silhouette': 0.8019209888590383, 'num_points': 33}, {'avg_silhouette': 0.7653401810849377, 'num_points': 16}, {'avg_silhouette': 0.7005770018969861, 'num_points': 26}, {'avg_silhouette': 0.5355435133919043, 'num_points': 63}, {'avg_silhouette': 0.48042167515671075, 'num_points': 17}, {'avg_silhouette': 0.5663158728704076, 'num_points': 10}, {'avg_silhouette': 0.5689162726883957, 'num_points': 22}, {'avg_silhouette': 0.7234632882488664, 'num_points': 18}, {'avg_silhouette': 0.6540070630542175, 'num_points': 10}, {'avg_silhouette': 0.7413816545903109, 'num_points': 17}, {'avg_silhouette': 0.6506256235981119, 'num_points': 12}, {'avg_silhouette': 0.7715926804032324, 'num_points': 10}, {'avg_silhouette': 0.5840736379429695, 'num_points': 11}]",10.0,30,-0.017339919093581277,,1,
DBSCAN,,0.11991582276860946,"[{'avg_silhouette': 0.5810648577029333, 'num_points': 98}, {'avg_silhouette': 0.7652032908371939, 'num_points': 134}, {'avg_silhouette': 0.6087581328894693, 'num_points': 13}, {'avg_silhouette': 0.8841394529174861, 'num_points': 7}, {'avg_silhouette': 0.5217651653312206, 'num_points': 12}, {'avg_silhouette': 0.4952555875073871, 'num_points': 13}, {'avg_silhouette': 0.8274975121193985, 'num_points': 15}, {'avg_silhouette': 0.9493968181795752, 'num_points': 12}, {'avg_silhouette': 0.709832442919263, 'num_points': 35}, {'avg_silhouette': 0.5752334811187859, 'num_points': 5}, {'avg_silhouette': 0.6470227768443234, 'num_points': 38}, {'avg_silhouette': 0.8469175193655755, 'num_points': 14}, {'avg_silhouette': 0.6750904726315582, 'num_points': 21}, {'avg_silhouette': 0.5700049485732899, 'num_points': 42}, {'avg_silhouette': 0.8514911905010092, 'num_points': 8}, {'avg_silhouette': 0.8667186249904438, 'num_points': 11}, {'avg_silhouette': 0.774798057045945, 'num_points': 23}, {'avg_silhouette': 0.5594393185847419, 'num_points': 70}, {'avg_silhouette': 0.7415020065987377, 'num_points': 22}, {'avg_silhouette': 0.5439804241864109, 'num_points': 29}, {'avg_silhouette': 0.817091451487075, 'num_points': 111}, {'avg_silhouette': 0.5627773011393881, 'num_points': 30}, {'avg_silhouette': 0.7599685203263317, 'num_points': 16}, {'avg_silhouette': 0.7380126007031944, 'num_points': 23}, {'avg_silhouette': 0.5176264586687449, 'num_points': 10}, {'avg_silhouette': 0.5029802248010145, 'num_points': 58}, {'avg_silhouette': 0.6987763538642892, 'num_points': 5}, {'avg_silhouette': 0.8904710222121055, 'num_points': 5}, {'avg_silhouette': 0.5160026791420471, 'num_points': 16}, {'avg_silhouette': 0.6698768583971167, 'num_points': 6}, {'avg_silhouette': 0.7804465801825776, 'num_points': 5}, {'avg_silhouette': 0.6150661208486142, 'num_points': 6}, {'avg_silhouette': 0.5790072331624669, 'num_points': 17}, {'avg_silhouette': 0.3720086367648391, 'num_points': 16}, {'avg_silhouette': 0.5314819923310032, 'num_points': 18}, {'avg_silhouette': 0.6940050544833027, 'num_points': 5}, {'avg_silhouette': 0.4949335185603398, 'num_points': 7}, {'avg_silhouette': 0.6540070630542175, 'num_points': 10}, {'avg_silhouette': 0.7664397985211769, 'num_points': 16}, {'avg_silhouette': 0.8521214281538025, 'num_points': 5}, {'avg_silhouette': 0.74165730066318, 'num_points': 5}, {'avg_silhouette': 0.7021187235065041, 'num_points': 6}, {'avg_silhouette': 0.6506256235981119, 'num_points': 12}, {'avg_silhouette': 0.8240128002562023, 'num_points': 7}, {'avg_silhouette': 0.8480372927957344, 'num_points': 6}, {'avg_silhouette': 0.7151139599585482, 'num_points': 7}, {'avg_silhouette': 0.6026339956956398, 'num_points': 9}, {'avg_silhouette': 0.816025726400542, 'num_points': 7}, {'avg_silhouette': 0.7780545510268136, 'num_points': 7}, {'avg_silhouette': 0.5825545729947951, 'num_points': 11}, {'avg_silhouette': 0.9223238610316796, 'num_points': 8}, {'avg_silhouette': 0.7902354041759896, 'num_points': 6}, {'avg_silhouette': 0.8106715255709467, 'num_points': 5}]",5.0,53,-0.028507205365047632,,1,
DBSCAN,,0.14991582276860949,"[{'avg_silhouette': 0.5683563871950252, 'num_points': 105}, {'avg_silhouette': 0.7462670210543183, 'num_points': 138}, {'avg_silhouette': 0.6207967440542205, 'num_points': 10}, {'avg_silhouette': 0.5735033468526611, 'num_points': 29}, {'avg_silhouette': 0.9493968181795752, 'num_points': 12}, {'avg_silhouette': 0.7137743222062829, 'num_points': 35}, {'avg_silhouette': 0.8587202532255427, 'num_points': 42}, {'avg_silhouette': 0.8995042183481392, 'num_points': 14}, {'avg_silhouette': 0.6199869227872484, 'num_points': 24}, {'avg_silhouette': 0.5429970097488591, 'num_points': 44}, {'avg_silhouette': 0.8671843734607436, 'num_points': 11}, {'avg_silhouette': 0.7682275707959576, 'num_points': 24}, {'avg_silhouette': 0.5584731388978138, 'num_points': 71}, {'avg_silhouette': 0.722620086915912, 'num_points': 23}, {'avg_silhouette': 0.3996908075901589, 'num_points': 34}, {'avg_silhouette': 0.9402745163251026, 'num_points': 111}, {'avg_silhouette': 0.8082965718698628, 'num_points': 32}, {'avg_silhouette': 0.7653401810849377, 'num_points': 16}, {'avg_silhouette': 0.7005770018969861, 'num_points': 26}, {'avg_silhouette': 0.559798234107248, 'num_points': 61}, {'avg_silhouette': 0.47912378960469904, 'num_points': 17}, {'avg_silhouette': 0.5689162726883957, 'num_points': 22}, {'avg_silhouette': 0.37033000705835717, 'num_points': 16}, {'avg_silhouette': 0.7233567537897462, 'num_points': 18}, {'avg_silhouette': 0.6540070630542175, 'num_points': 10}, {'avg_silhouette': 0.7390197740254706, 'num_points': 17}, {'avg_silhouette': 0.6506256235981119, 'num_points': 12}, {'avg_silhouette': 0.5897963351195034, 'num_points': 14}, {'avg_silhouette': 0.627819571328754, 'num_points': 10}, {'avg_silhouette': 0.7983150234331016, 'num_points': 10}]",10.0,30,-0.032006526299963596,,1,
DBSCAN,,0.13991582276860948,"[{'avg_silhouette': 0.689429163046987, 'num_points': 103}, {'avg_silhouette': 0.7452109430077973, 'num_points': 137}, {'avg_silhouette': 0.4952555875073871, 'num_points': 13}, {'avg_silhouette': 0.8274975121193985, 'num_points': 15}, {'avg_silhouette': 0.9493968181795752, 'num_points': 12}, {'avg_silhouette': 0.7136412540418691, 'num_points': 35}, {'avg_silhouette': 0.8613253482328822, 'num_points': 41}, {'avg_silhouette': 0.8995042183481392, 'num_points': 14}, {'avg_silhouette': 0.6943164976978791, 'num_points': 21}, {'avg_silhouette': 0.5722327093332782, 'num_points': 42}, {'avg_silhouette': 0.8659310663473473, 'num_points': 11}, {'avg_silhouette': 0.7678689029993425, 'num_points': 24}, {'avg_silhouette': 0.5547197283511889, 'num_points': 71}, {'avg_silhouette': 0.7437097311925218, 'num_points': 22}, {'avg_silhouette': 0.405043635055271, 'num_points': 33}, {'avg_silhouette': 0.9402745163251026, 'num_points': 111}, {'avg_silhouette': 0.8082965718698628, 'num_points': 32}, {'avg_silhouette': 0.7653401810849377, 'num_points': 16}, {'avg_silhouette': 0.7127211128093843, 'num_points': 25}, {'avg_silhouette': 0.5706714205103139, 'num_points': 60}, {'avg_silhouette': 0.4743307989091921, 'num_points': 17}, {'avg_silhouette': 0.5859757992379956, 'num_points': 20}, {'avg_silhouette': 0.44028007485917015, 'num_points': 14}, {'avg_silhouette': 0.7233567537897462, 'num_points': 18}, {'avg_silhouette': 0.6540070630542175, 'num_points': 10}, {'avg_silhouette': 0.7375923631720775, 'num_points': 17}, {'avg_silhouette': 0.6506256235981119, 'num_points': 12}, {'avg_silhouette': 0.6507340746418712, 'num_points': 10}]",10.0,28,-0.042640853713921685,,1,
DBSCAN,,0.10991582276860945,"[{'avg_silhouette': 0.5697782193911074, 'num_points': 97}, {'avg_silhouette': 0.7730249425543445, 'num_points': 133}, {'avg_silhouette': 0.6653439497518415, 'num_points': 10}, {'avg_silhouette': 0.8841394529174861, 'num_points': 7}, {'avg_silhouette': 0.6430130658852963, 'num_points': 11}, {'avg_silhouette': 0.8369398683845554, 'num_points': 15}, {'avg_silhouette': 0.9493563189773103, 'num_points': 12}, {'avg_silhouette': 0.7235387793515615, 'num_points': 34}, {'avg_silhouette': 0.6475766742081079, 'num_points': 38}, {'avg_silhouette': 0.8469175193655755, 'num_points': 14}, {'avg_silhouette': 0.7079909220367485, 'num_points': 20}, {'avg_silhouette': 0.5700049485732899, 'num_points': 42}, {'avg_silhouette': 0.8514911905010092, 'num_points': 8}, {'avg_silhouette': 0.8660379714280118, 'num_points': 11}, {'avg_silhouette': 0.5594393185847419, 'num_points': 70}, {'avg_silhouette': 0.7412023421531153, 'num_points': 22}, {'avg_silhouette': 0.5681843363427522, 'num_points': 28}, {'avg_silhouette': 0.817091451487075, 'num_points': 111}, {'avg_silhouette': 0.5958721257311465, 'num_points': 29}, {'avg_silhouette': 0.7905320948517729, 'num_points': 15}, {'avg_silhouette': 0.7443240707295596, 'num_points': 22}, {'avg_silhouette': 0.575760496267027, 'num_points': 59}, {'avg_silhouette': 0.6382524653927995, 'num_points': 6}, {'avg_silhouette': 0.698619036464376, 'num_points': 5}, {'avg_silhouette': 0.7747812145839711, 'num_points': 23}, {'avg_silhouette': 0.6882289009357725, 'num_points': 5}, {'avg_silhouette': 0.8904710222121055, 'num_points': 5}, {'avg_silhouette': 0.5160026791420471, 'num_points': 16}, {'avg_silhouette': 0.6150661208486142, 'num_points': 6}, {'avg_silhouette': 0.6847321367290952, 'num_points': 13}, {'avg_silhouette': 0.3753567334193837, 'num_points': 16}, {'avg_silhouette': 0.6138134622723085, 'num_points': 16}, {'avg_silhouette': 0.6935394555764026, 'num_points': 5}, {'avg_silhouette': 0.49472671375093447, 'num_points': 7}, {'avg_silhouette': 0.6540070630542175, 'num_points': 10}, {'avg_silhouette': 0.7674820268110598, 'num_points': 16}, {'avg_silhouette': 0.8521214281538025, 'num_points': 5}, {'avg_silhouette': 0.7194129169522638, 'num_points': 5}, {'avg_silhouette': 0.6506256235981119, 'num_points': 12}, {'avg_silhouette': 0.8240128002562023, 'num_points': 7}, {'avg_silhouette': 0.8480372927957344, 'num_points': 6}, {'avg_silhouette': 0.7151139599585482, 'num_points': 7}, {'avg_silhouette': 0.6102319670160977, 'num_points': 9}, {'avg_silhouette': 0.8398010025807028, 'num_points': 6}, {'avg_silhouette': 0.7901509956737517, 'num_points': 6}, {'avg_silhouette': 0.7421445896640971, 'num_points': 5}, {'avg_silhouette': 0.6148553835695101, 'num_points': 10}, {'avg_silhouette': 0.9221932599138902, 'num_points': 8}, {'avg_silhouette': 0.7893515518019328, 'num_points': 6}, {'avg_silhouette': 0.7137120050984016, 'num_points': 5}, {'avg_silhouette': 0.8106715255709467, 'num_points': 5}, {'avg_silhouette': 0.7791086500928793, 'num_points': 5}]",5.0,52,-0.042782258761912675,,0,
HDBSCAN,,,"[{'avg_silhouette': 0.6576497109553997, 'num_points': 245}, {'avg_silhouette': 0.6149719233190793, 'num_points': 221}]",,2,-0.048971540881541195,172.0,2,0.6363108171372396
HDBSCAN,,,"[{'avg_silhouette': 0.6617202601336473, 'num_points': 243}, {'avg_silhouette': 0.6129679857161535, 'num_points': 220}]",,2,-0.04996984170963503,175.0,2,0.6373441229249004
HDBSCAN,,,"[{'avg_silhouette': 0.6589025210002835, 'num_points': 244}, {'avg_silhouette': 0.6181785466393712, 'num_points': 219}]",,2,-0.04997660013319771,178.0,2,0.6385405338198273
HDBSCAN,,,"[{'avg_silhouette': 0.6631990115079507, 'num_points': 242}, {'avg_silhouette': 0.6151147260235474, 'num_points': 218}]",,2,-0.05100426940411055,181.0,2,0.6391568687657491
HDBSCAN,,,"[{'avg_silhouette': 0.662149708304034, 'num_points': 242}, {'avg_silhouette': 0.6213255204911576, 'num_points': 216}]",,2,-0.05173071603793389,184.0,2,0.6417376143975958
HDBSCAN,,,"[{'avg_silhouette': 0.6630343340632683, 'num_points': 241}, {'avg_silhouette': 0.6231404030426837, 'num_points': 214}]",,2,-0.052775951210086984,186.0,2,0.643087368552976
HDBSCAN,,,"[{'avg_silhouette': 0.6676865354979561, 'num_points': 239}, {'avg_silhouette': 0.6194215230808358, 'num_points': 214}]",,2,-0.053411723448521076,188.0,2,0.643554029289396
DBSCAN,,0.12991582276860947,"[{'avg_silhouette': 0.6978533843959671, 'num_points': 100}, {'avg_silhouette': 0.7553073356439651, 'num_points': 136}, {'avg_silhouette': 0.5946803185925998, 'num_points': 12}, {'avg_silhouette': 0.7752289526812501, 'num_points': 16}, {'avg_silhouette': 0.9493563189773103, 'num_points': 12}, {'avg_silhouette': 0.7132693591965149, 'num_points': 35}, {'avg_silhouette': 0.8728960556034655, 'num_points': 39}, {'avg_silhouette': 0.8986906641591673, 'num_points': 14}, {'avg_silhouette': 0.6931505766438384, 'num_points': 21}, {'avg_silhouette': 0.5720282924858374, 'num_points': 42}, {'avg_silhouette': 0.8659310663473473, 'num_points': 11}, {'avg_silhouette': 0.7671967583276164, 'num_points': 24}, {'avg_silhouette': 0.5547197283511889, 'num_points': 71}, {'avg_silhouette': 0.7414486903264751, 'num_points': 22}, {'avg_silhouette': 0.49197830673978005, 'num_points': 30}, {'avg_silhouette': 0.9402499899879676, 'num_points': 111}, {'avg_silhouette': 0.8397337186280807, 'num_points': 29}, {'avg_silhouette': 0.7945196842154121, 'num_points': 15}, {'avg_silhouette': 0.7478779967438622, 'num_points': 22}, {'avg_silhouette': 0.5819677541668145, 'num_points': 59}, {'avg_silhouette': 0.5160026791420471, 'num_points': 16}, {'avg_silhouette': 0.7233567537897462, 'num_points': 18}, {'avg_silhouette': 0.6540070630542175, 'num_points': 10}, {'avg_silhouette': 0.7369818185961625, 'num_points': 17}, {'avg_silhouette': 0.45859552056629754, 'num_points': 13}, {'avg_silhouette': 0.6554275875265213, 'num_points': 15}, {'avg_silhouette': 0.6506256235981119, 'num_points': 12}]",10.0,27,-0.054756401781638285,,1,
HDBSCAN,,,"[{'avg_silhouette': 0.6749603416315924, 'num_points': 234}, {'avg_silhouette': 0.618842112129416, 'num_points': 214}]",,2,-0.05544723876269493,190.0,2,0.6469012268805041
HDBSCAN,,,"[{'avg_silhouette': 0.6762102758788036, 'num_points': 233}, {'avg_silhouette': 0.619886702180977, 'num_points': 213}]",,2,-0.056216714883499753,192.0,2,0.6480484890298903
HDBSCAN,,,"[{'avg_silhouette': 0.6860004162077805, 'num_points': 227}, {'avg_silhouette': 0.6204297264048817, 'num_points': 212}]",,2,-0.0589475934979448,194.0,2,0.6532150713063312
HDBSCAN,,,"[{'avg_silhouette': 0.6912183634888928, 'num_points': 224}, {'avg_silhouette': 0.6201009422949858, 'num_points': 212}]",,2,-0.060016543910858706,195.0,2,0.6556596528919393
HDBSCAN,,,"[{'avg_silhouette': 0.6875003353116615, 'num_points': 225}, {'avg_silhouette': 0.6301314013101786, 'num_points': 207}]",,2,-0.0614982981627579,196.0,2,0.6588158683109201
HDBSCAN,,,"[{'avg_silhouette': 0.6906615418411562, 'num_points': 224}, {'avg_silhouette': 0.6253006467290637, 'num_points': 207}]",,2,-0.06183925621174636,197.0,2,0.65798109428511
HDBSCAN,,,"[{'avg_silhouette': 0.6891232948941514, 'num_points': 224}, {'avg_silhouette': 0.6327149992154646, 'num_points': 205}]",,2,-0.0625238359008887,198.0,2,0.6609191470548079
HDBSCAN,,,"[{'avg_silhouette': 0.6911547417891826, 'num_points': 223}, {'avg_silhouette': 0.6362054562251551, 'num_points': 203}]",,2,-0.06347162769954724,199.0,2,0.6636800990071688
DBSCAN,,0.09991582276860944,"[{'avg_silhouette': 0.5883150166223006, 'num_points': 89}, {'avg_silhouette': 0.7860306573451916, 'num_points': 130}, {'avg_silhouette': 0.8841394529174861, 'num_points': 7}, {'avg_silhouette': 0.7209242515209442, 'num_points': 9}, {'avg_silhouette': 0.8341189938445709, 'num_points': 15}, {'avg_silhouette': 0.9493563189773103, 'num_points': 12}, {'avg_silhouette': 0.7234064512221334, 'num_points': 34}, {'avg_silhouette': 0.8795842353785344, 'num_points': 37}, {'avg_silhouette': 0.8439055526409264, 'num_points': 14}, {'avg_silhouette': 0.7079909220367485, 'num_points': 20}, {'avg_silhouette': 0.6182855342804373, 'num_points': 38}, {'avg_silhouette': 0.8513186434440958, 'num_points': 8}, {'avg_silhouette': 0.8959027821120769, 'num_points': 10}, {'avg_silhouette': 0.5583275158752206, 'num_points': 69}, {'avg_silhouette': 0.7407501226048481, 'num_points': 22}, {'avg_silhouette': 0.5273234148069502, 'num_points': 28}, {'avg_silhouette': 0.8234429198256088, 'num_points': 110}, {'avg_silhouette': 0.6211465805177092, 'num_points': 28}, {'avg_silhouette': 0.7905320948517729, 'num_points': 15}, {'avg_silhouette': 0.7551931104684124, 'num_points': 21}, {'avg_silhouette': 0.575760496267027, 'num_points': 59}, {'avg_silhouette': 0.7847162533625615, 'num_points': 5}, {'avg_silhouette': 0.7866201276322126, 'num_points': 22}, {'avg_silhouette': 0.5455223108475667, 'num_points': 15}, {'avg_silhouette': 0.6972794668087954, 'num_points': 5}, {'avg_silhouette': 0.7086418353890299, 'num_points': 12}, {'avg_silhouette': 0.6502554200361523, 'num_points': 15}, {'avg_silhouette': 0.6487886637889116, 'num_points': 10}, {'avg_silhouette': 0.4947940348406982, 'num_points': 10}, {'avg_silhouette': 0.7674820268110598, 'num_points': 16}, {'avg_silhouette': 0.7243801359540447, 'num_points': 10}, {'avg_silhouette': 0.8661293154386503, 'num_points': 7}, {'avg_silhouette': 0.5448046838495856, 'num_points': 6}, {'avg_silhouette': 0.8479699661555755, 'num_points': 6}, {'avg_silhouette': 0.8150122238399193, 'num_points': 6}, {'avg_silhouette': 0.7767669429785425, 'num_points': 6}, {'avg_silhouette': 0.6923278356508598, 'num_points': 5}, {'avg_silhouette': 0.8393977128744209, 'num_points': 6}, {'avg_silhouette': 0.6148180749555026, 'num_points': 10}, {'avg_silhouette': 0.9221932599138902, 'num_points': 8}, {'avg_silhouette': 0.7893515518019328, 'num_points': 6}, {'avg_silhouette': 0.7342295266846691, 'num_points': 6}, {'avg_silhouette': 0.9148386826008371, 'num_points': 5}]",5.0,43,-0.06418806195984338,,0,
DBSCAN,,0.11991582276860946,"[{'avg_silhouette': 0.716718543944153, 'num_points': 93}, {'avg_silhouette': 0.7827431393393032, 'num_points': 132}, {'avg_silhouette': 0.5991540686510598, 'num_points': 12}, {'avg_silhouette': 0.8330826046430537, 'num_points': 15}, {'avg_silhouette': 0.9493563189773103, 'num_points': 12}, {'avg_silhouette': 0.7253983307882829, 'num_points': 34}, {'avg_silhouette': 0.8857425640364288, 'num_points': 37}, {'avg_silhouette': 0.8986906641591673, 'num_points': 14}, {'avg_silhouette': 0.7078151060117575, 'num_points': 20}, {'avg_silhouette': 0.5682044548101524, 'num_points': 42}, {'avg_silhouette': 0.8660379714280118, 'num_points': 11}, {'avg_silhouette': 0.5594393185847419, 'num_points': 70}, {'avg_silhouette': 0.7391793877486652, 'num_points': 22}, {'avg_silhouette': 0.5207608882513741, 'num_points': 29}, {'avg_silhouette': 0.9402499899879676, 'num_points': 111}, {'avg_silhouette': 0.8669991183293477, 'num_points': 27}, {'avg_silhouette': 0.7945196842154121, 'num_points': 15}, {'avg_silhouette': 0.7474298641610947, 'num_points': 22}, {'avg_silhouette': 0.5851094077205433, 'num_points': 58}, {'avg_silhouette': 0.7820140520676375, 'num_points': 23}, {'avg_silhouette': 0.5613071239007841, 'num_points': 15}, {'avg_silhouette': 0.7231174610936831, 'num_points': 18}, {'avg_silhouette': 0.7664397985211769, 'num_points': 16}, {'avg_silhouette': 0.4611233672063946, 'num_points': 13}, {'avg_silhouette': 0.6675961602596878, 'num_points': 14}, {'avg_silhouette': 0.8159465396305339, 'num_points': 12}]",10.0,26,-0.06796322763102297,,0,
DBSCAN,,0.08991582276860943,"[{'avg_silhouette': 0.7413604916392053, 'num_points': 82}, {'avg_silhouette': 0.7851359156345755, 'num_points': 130}, {'avg_silhouette': 0.8835643446810737, 'num_points': 7}, {'avg_silhouette': 0.7543909696079993, 'num_points': 8}, {'avg_silhouette': 0.8945332209026364, 'num_points': 14}, {'avg_silhouette': 0.9493167482812385, 'num_points': 12}, {'avg_silhouette': 0.7471511120844487, 'num_points': 32}, {'avg_silhouette': 0.8838307728754421, 'num_points': 36}, {'avg_silhouette': 0.8439055526409264, 'num_points': 14}, {'avg_silhouette': 0.7168781696484374, 'num_points': 19}, {'avg_silhouette': 0.6163298890748902, 'num_points': 38}, {'avg_silhouette': 0.8511225538656778, 'num_points': 8}, {'avg_silhouette': 0.9173319735493409, 'num_points': 9}, {'avg_silhouette': 0.5583275158752206, 'num_points': 69}, {'avg_silhouette': 0.4932629074531955, 'num_points': 27}, {'avg_silhouette': 0.8296499705186923, 'num_points': 109}, {'avg_silhouette': 0.8243825306264437, 'num_points': 28}, {'avg_silhouette': 0.82385803872945, 'num_points': 14}, {'avg_silhouette': 0.7551931104684124, 'num_points': 21}, {'avg_silhouette': 0.7383413766455014, 'num_points': 22}, {'avg_silhouette': 0.5957573574517052, 'num_points': 14}, {'avg_silhouette': 0.7211164708614415, 'num_points': 5}, {'avg_silhouette': 0.5934332489960678, 'num_points': 56}, {'avg_silhouette': 0.7196155283708886, 'num_points': 15}, {'avg_silhouette': 0.6466699152234267, 'num_points': 10}, {'avg_silhouette': 0.5734555855922228, 'num_points': 7}, {'avg_silhouette': 0.765930794642452, 'num_points': 16}, {'avg_silhouette': 0.7247396945103307, 'num_points': 11}, {'avg_silhouette': 0.7563704159032487, 'num_points': 9}, {'avg_silhouette': 0.796021999054402, 'num_points': 21}, {'avg_silhouette': 0.8478931461433413, 'num_points': 6}, {'avg_silhouette': 0.8150122238399193, 'num_points': 6}, {'avg_silhouette': 0.8689703841731771, 'num_points': 5}, {'avg_silhouette': 0.901436000750417, 'num_points': 6}, {'avg_silhouette': 0.6590587483834004, 'num_points': 9}, {'avg_silhouette': 0.9220630397149356, 'num_points': 8}, {'avg_silhouette': 0.7885874761405738, 'num_points': 6}, {'avg_silhouette': 0.7693656627876321, 'num_points': 5}]",5.0,38,-0.07082266625474512,,0,
DBSCAN,,0.10991582276860945,"[{'avg_silhouette': 0.7226853174584298, 'num_points': 91}, {'avg_silhouette': 0.7827431393393032, 'num_points': 132}, {'avg_silhouette': 0.6430130658852963, 'num_points': 11}, {'avg_silhouette': 0.8369398683845554, 'num_points': 15}, {'avg_silhouette': 0.9493167482812385, 'num_points': 12}, {'avg_silhouette': 0.7253983307882829, 'num_points': 34}, {'avg_silhouette': 0.8857150971091103, 'num_points': 37}, {'avg_silhouette': 0.8978770410056772, 'num_points': 14}, {'avg_silhouette': 0.7158773385267976, 'num_points': 19}, {'avg_silhouette': 0.5762410016994052, 'num_points': 41}, {'avg_silhouette': 0.8957868544411347, 'num_points': 10}, {'avg_silhouette': 0.5585780654221265, 'num_points': 70}, {'avg_silhouette': 0.7384098746206988, 'num_points': 22}, {'avg_silhouette': 0.8167012298009312, 'num_points': 28}, {'avg_silhouette': 0.9402291899258604, 'num_points': 111}, {'avg_silhouette': 0.8667208100433886, 'num_points': 27}, {'avg_silhouette': 0.8263503846773084, 'num_points': 14}, {'avg_silhouette': 0.755238811781908, 'num_points': 21}, {'avg_silhouette': 0.5911598135902756, 'num_points': 57}, {'avg_silhouette': 0.7937525109391022, 'num_points': 22}, {'avg_silhouette': 0.6009655358795644, 'num_points': 14}, {'avg_silhouette': 0.7664305526665722, 'num_points': 16}, {'avg_silhouette': 0.7662799979400658, 'num_points': 16}, {'avg_silhouette': 0.7268105731878088, 'num_points': 12}, {'avg_silhouette': 0.8351460673570043, 'num_points': 11}]",10.0,25,-0.07466069337698071,,0,
DBSCAN,,0.09991582276860944,"[{'avg_silhouette': 0.7444624560260465, 'num_points': 83}, {'avg_silhouette': 0.7923724206143221, 'num_points': 129}, {'avg_silhouette': 0.8802920580388822, 'num_points': 15}, {'avg_silhouette': 0.9493167482812385, 'num_points': 12}, {'avg_silhouette': 0.7704097430312122, 'num_points': 30}, {'avg_silhouette': 0.8897465362034307, 'num_points': 36}, {'avg_silhouette': 0.8978770410056772, 'num_points': 14}, {'avg_silhouette': 0.6163298890748902, 'num_points': 38}, {'avg_silhouette': 0.8950624934620854, 'num_points': 10}, {'avg_silhouette': 0.5583275158752206, 'num_points': 69}, {'avg_silhouette': 0.7386745452979446, 'num_points': 22}, {'avg_silhouette': 0.8202436005225427, 'num_points': 27}, {'avg_silhouette': 0.9424297016162181, 'num_points': 110}, {'avg_silhouette': 0.8667208100433886, 'num_points': 27}, {'avg_silhouette': 0.8263503846773084, 'num_points': 14}, {'avg_silhouette': 0.7822627487643732, 'num_points': 18}, {'avg_silhouette': 0.7854114186361867, 'num_points': 14}, {'avg_silhouette': 0.5957573574517052, 'num_points': 14}, {'avg_silhouette': 0.591117971998418, 'num_points': 57}, {'avg_silhouette': 0.7662799979400658, 'num_points': 16}, {'avg_silhouette': 0.7916968496879971, 'num_points': 15}, {'avg_silhouette': 0.8020026716978206, 'num_points': 21}, {'avg_silhouette': 0.8615836383440397, 'num_points': 10}]",10.0,23,-0.09913181798777534,,0,
DBSCAN,,0.08991582276860943,"[{'avg_silhouette': 0.7990397913447546, 'num_points': 127}, {'avg_silhouette': 0.92503232090143, 'num_points': 14}, {'avg_silhouette': 0.9492848367241363, 'num_points': 12}, {'avg_silhouette': 0.8025769389854361, 'num_points': 28}, {'avg_silhouette': 0.8897386247102828, 'num_points': 36}, {'avg_silhouette': 0.7727033667361652, 'num_points': 72}, {'avg_silhouette': 0.8971865597033222, 'num_points': 14}, {'avg_silhouette': 0.6161729834053837, 'num_points': 38}, {'avg_silhouette': 0.5583275158752206, 'num_points': 69}, {'avg_silhouette': 0.8203968767990429, 'num_points': 27}, {'avg_silhouette': 0.9445826207344971, 'num_points': 109}, {'avg_silhouette': 0.8665353600399196, 'num_points': 27}, {'avg_silhouette': 0.860050507385118, 'num_points': 13}, {'avg_silhouette': 0.8020990065633847, 'num_points': 15}, {'avg_silhouette': 0.7377151705874163, 'num_points': 22}, {'avg_silhouette': 0.7977703582323801, 'num_points': 12}, {'avg_silhouette': 0.7044202541279988, 'num_points': 10}, {'avg_silhouette': 0.6253798478634655, 'num_points': 51}, {'avg_silhouette': 0.7640567570544858, 'num_points': 16}, {'avg_silhouette': 0.8081497858666733, 'num_points': 20}, {'avg_silhouette': 0.7916968496879971, 'num_points': 15}]",10.0,21,-0.12056159409240993,,0,
