algo,linkage,eps,clusters,min_samples,num_clusters,silhouette_score,min_cluster_size,num_representative_clusters,silhouette_score_representative_clusters
DBSCAN,,1.0183123951776993,"[{'avg_silhouette': 0.5610619724925656, 'num_points': 10008}, {'avg_silhouette': 0.39308427462265544, 'num_points': 15}]",10.0,2,0.5556404569264376,,1,
DBSCAN,,1.0383123951776994,"[{'avg_silhouette': 0.5602541421130383, 'num_points': 10017}, {'avg_silhouette': 0.3931676298925723, 'num_points': 15}]",10.0,2,0.5555656653814146,,1,
DBSCAN,,1.0283123951776993,"[{'avg_silhouette': 0.5603004659939799, 'num_points': 10016}, {'avg_silhouette': 0.39315676317969206, 'num_points': 15}]",10.0,2,0.555511625705701,,1,
DBSCAN,,1.0083123951776993,"[{'avg_silhouette': 0.561096025262138, 'num_points': 10006}, {'avg_silhouette': 0.3930970961474067, 'num_points': 15}]",5.0,2,0.5554736282063111,,1,
DBSCAN,,1.0483123951776994,"[{'avg_silhouette': 0.5595810014811491, 'num_points': 10024}, {'avg_silhouette': 0.3932264629173429, 'num_points': 15}]",10.0,2,0.5554379950982008,,1,
DBSCAN,,1.0183123951776993,"[{'avg_silhouette': 0.5576923014337332, 'num_points': 10012}, {'avg_silhouette': 0.3688796729340636, 'num_points': 16}]",5.0,2,0.5526562437272116,,1,
DBSCAN,,1.0283123951776993,"[{'avg_silhouette': 0.5571818120921463, 'num_points': 10018}, {'avg_silhouette': 0.36893048431908276, 'num_points': 16}]",5.0,2,0.5526160244627799,,1,
DBSCAN,,1.0383123951776994,"[{'avg_silhouette': 0.5570149819896819, 'num_points': 10020}, {'avg_silhouette': 0.3689612825469809, 'num_points': 16}]",5.0,2,0.5526140032083102,,1,
DBSCAN,,1.0483123951776994,"[{'avg_silhouette': 0.5563329889605906, 'num_points': 10027}, {'avg_silhouette': 0.3690209265719187, 'num_points': 16}]",5.0,2,0.5524617805003353,,1,
DBSCAN,,1.0083123951776993,"[{'avg_silhouette': 0.5555388829858927, 'num_points': 10001}, {'avg_silhouette': 0.41067195964517106, 'num_points': 14}]",10.0,2,0.5495505727400418,,1,
DBSCAN,,0.618312395177699,"[{'avg_silhouette': 0.4531424231559392, 'num_points': 9379}, {'avg_silhouette': 0.41031472217741344, 'num_points': 151}, {'avg_silhouette': 0.7327979027116936, 'num_points': 28}, {'avg_silhouette': 0.800458116495262, 'num_points': 52}, {'avg_silhouette': 0.6459019390698828, 'num_points': 18}]",10.0,5,0.4283116238778984,,1,
DBSCAN,,0.628312395177699,"[{'avg_silhouette': 0.4517082870096409, 'num_points': 9399}, {'avg_silhouette': 0.40796087308702395, 'num_points': 153}, {'avg_silhouette': 0.7068017135720622, 'num_points': 29}, {'avg_silhouette': 0.800597016419467, 'num_points': 52}, {'avg_silhouette': 0.6461060061317463, 'num_points': 18}]",10.0,5,0.4282937962832585,,1,
DBSCAN,,0.608312395177699,"[{'avg_silhouette': 0.4544683755864382, 'num_points': 9358}, {'avg_silhouette': 0.4147619685736348, 'num_points': 148}, {'avg_silhouette': 0.7326098524737966, 'num_points': 28}, {'avg_silhouette': 0.8003138802050417, 'num_points': 52}, {'avg_silhouette': 0.6456847912607743, 'num_points': 18}]",10.0,5,0.4280769010868369,,1,
DBSCAN,,0.648312395177699,"[{'avg_silhouette': 0.4484042396163359, 'num_points': 9441}, {'avg_silhouette': 0.4020607890827662, 'num_points': 158}, {'avg_silhouette': 0.7072909912108416, 'num_points': 29}, {'avg_silhouette': 0.8009485564759539, 'num_points': 52}, {'avg_silhouette': 0.6466414066090399, 'num_points': 18}]",10.0,5,0.42782002724243706,,1,
DBSCAN,,0.638312395177699,"[{'avg_silhouette': 0.44974812670507075, 'num_points': 9423}, {'avg_silhouette': 0.4047537316456472, 'num_points': 155}, {'avg_silhouette': 0.7071011896198178, 'num_points': 29}, {'avg_silhouette': 0.8008125740623898, 'num_points': 52}, {'avg_silhouette': 0.6464332493177687, 'num_points': 18}]",10.0,5,0.4278183862465517,,1,
DBSCAN,,0.598312395177699,"[{'avg_silhouette': 0.4553245964585729, 'num_points': 9332}, {'avg_silhouette': 0.41442344739550246, 'num_points': 148}, {'avg_silhouette': 0.7323593219527716, 'num_points': 28}, {'avg_silhouette': 0.8161054940436194, 'num_points': 51}, {'avg_silhouette': 0.6454015862129757, 'num_points': 18}]",10.0,5,0.4273445703082752,,1,
DBSCAN,,0.658312395177699,"[{'avg_silhouette': 0.44668423967834986, 'num_points': 9462}, {'avg_silhouette': 0.4023821067979661, 'num_points': 158}, {'avg_silhouette': 0.7075399650166505, 'num_points': 29}, {'avg_silhouette': 0.8011279119286312, 'num_points': 52}, {'avg_silhouette': 0.6469073997161219, 'num_points': 18}]",10.0,5,0.42734298119050296,,1,
DBSCAN,,0.588312395177699,"[{'avg_silhouette': 0.4568873513084238, 'num_points': 9308}, {'avg_silhouette': 0.4148970256810749, 'num_points': 147}, {'avg_silhouette': 0.7321343786909685, 'num_points': 28}, {'avg_silhouette': 0.8159459710741461, 'num_points': 51}, {'avg_silhouette': 0.6451387815273697, 'num_points': 18}]",10.0,5,0.4273136327238523,,1,
DBSCAN,,0.5683123951776989,"[{'avg_silhouette': 0.4601858508368019, 'num_points': 9258}, {'avg_silhouette': 0.41746981262284444, 'num_points': 144}, {'avg_silhouette': 0.7316643807090278, 'num_points': 28}, {'avg_silhouette': 0.8156090471627939, 'num_points': 51}, {'avg_silhouette': 0.6446023380161505, 'num_points': 18}]",10.0,5,0.4272843147792307,,1,
DBSCAN,,0.668312395177699,"[{'avg_silhouette': 0.44557973365703135, 'num_points': 9478}, {'avg_silhouette': 0.4005733834527379, 'num_points': 159}, {'avg_silhouette': 0.7077031377332408, 'num_points': 29}, {'avg_silhouette': 0.8012445517444633, 'num_points': 52}, {'avg_silhouette': 0.6470777253352922, 'num_points': 18}]",10.0,5,0.4272435645086477,,1,
DBSCAN,,0.578312395177699,"[{'avg_silhouette': 0.4581677307037557, 'num_points': 9289}, {'avg_silhouette': 0.4178527558192601, 'num_points': 144}, {'avg_silhouette': 0.7319615045226773, 'num_points': 28}, {'avg_silhouette': 0.8158237877349513, 'num_points': 51}, {'avg_silhouette': 0.6449398239726869, 'num_points': 18}]",10.0,5,0.4271179717472484,,1,
DBSCAN,,0.678312395177699,"[{'avg_silhouette': 0.4437695146707808, 'num_points': 9501}, {'avg_silhouette': 0.3968035958040465, 'num_points': 161}, {'avg_silhouette': 0.7079977193450246, 'num_points': 29}, {'avg_silhouette': 0.8014570667925133, 'num_points': 52}, {'avg_silhouette': 0.6041636625948428, 'num_points': 19}]",10.0,5,0.4270166975080883,,1,
DBSCAN,,0.688312395177699,"[{'avg_silhouette': 0.4428497456716176, 'num_points': 9512}, {'avg_silhouette': 0.39698242607779655, 'num_points': 161}, {'avg_silhouette': 0.7081352050927519, 'num_points': 29}, {'avg_silhouette': 0.8015560431842707, 'num_points': 52}, {'avg_silhouette': 0.6043304281331365, 'num_points': 19}]",10.0,5,0.4267664198232003,,1,
DBSCAN,,0.698312395177699,"[{'avg_silhouette': 0.44186121119179805, 'num_points': 9524}, {'avg_silhouette': 0.39541038280444574, 'num_points': 162}, {'avg_silhouette': 0.7082820022004139, 'num_points': 29}, {'avg_silhouette': 0.8016622158637353, 'num_points': 52}, {'avg_silhouette': 0.6044996672017365, 'num_points': 19}]",10.0,5,0.426490594178037,,1,
DBSCAN,,0.7083123951776991,"[{'avg_silhouette': 0.441038523645929, 'num_points': 9533}, {'avg_silhouette': 0.3955759179837944, 'num_points': 162}, {'avg_silhouette': 0.7084011585734558, 'num_points': 29}, {'avg_silhouette': 0.8017470433031525, 'num_points': 52}, {'avg_silhouette': 0.6046458585470235, 'num_points': 19}]",10.0,5,0.42623857142459975,,1,
K-means,,,"[{'avg_silhouette': 0.592134043890286, 'num_points': 7130}, {'avg_silhouette': 0.0071390073103143725, 'num_points': 2798}, {'avg_silhouette': 0.36462648202141484, 'num_points': 166}]",,3,0.4262352557368292,,2,0.2996365256003002
DBSCAN,,0.7183123951776991,"[{'avg_silhouette': 0.4397591810484218, 'num_points': 9547}, {'avg_silhouette': 0.3958250948212478, 'num_points': 162}, {'avg_silhouette': 0.7085858251000838, 'num_points': 29}, {'avg_silhouette': 0.8018784880775859, 'num_points': 52}, {'avg_silhouette': 0.6048678272740037, 'num_points': 19}]",10.0,5,0.42580752605757216,,1,
DBSCAN,,0.7483123951776991,"[{'avg_silhouette': 0.43768373728632876, 'num_points': 9573}, {'avg_silhouette': 0.393375105293844, 'num_points': 163}, {'avg_silhouette': 0.6835652064893549, 'num_points': 30}, {'avg_silhouette': 0.8021312514202792, 'num_points': 52}, {'avg_silhouette': 0.6052896100412517, 'num_points': 19}]",10.0,5,0.42534011438641905,,1,
DBSCAN,,0.7283123951776991,"[{'avg_silhouette': 0.43834860692021965, 'num_points': 9561}, {'avg_silhouette': 0.39612132986289356, 'num_points': 162}, {'avg_silhouette': 0.7087978094045545, 'num_points': 29}, {'avg_silhouette': 0.8020289923995906, 'num_points': 52}, {'avg_silhouette': 0.605118488060496, 'num_points': 19}]",10.0,5,0.42519303263788794,,1,
DBSCAN,,0.7383123951776991,"[{'avg_silhouette': 0.4379887186911066, 'num_points': 9566}, {'avg_silhouette': 0.39617627732923616, 'num_points': 162}, {'avg_silhouette': 0.7088472711328149, 'num_points': 29}, {'avg_silhouette': 0.8020651545257625, 'num_points': 52}, {'avg_silhouette': 0.6051734972013998, 'num_points': 19}]",10.0,5,0.4251200077531149,,1,
DBSCAN,,0.7583123951776991,"[{'avg_silhouette': 0.4367453768351986, 'num_points': 9582}, {'avg_silhouette': 0.39352658310185146, 'num_points': 163}, {'avg_silhouette': 0.6836902993118337, 'num_points': 30}, {'avg_silhouette': 0.8022152860979694, 'num_points': 52}, {'avg_silhouette': 0.5716267313990208, 'num_points': 20}]",10.0,5,0.42495484615365825,,1,
DBSCAN,,0.7683123951776991,"[{'avg_silhouette': 0.43624745356230793, 'num_points': 9587}, {'avg_silhouette': 0.39362149686244924, 'num_points': 163}, {'avg_silhouette': 0.6837683896090553, 'num_points': 30}, {'avg_silhouette': 0.8022671289074482, 'num_points': 52}, {'avg_silhouette': 0.5717145656574563, 'num_points': 20}]",10.0,5,0.42471919485939436,,1,
DBSCAN,,0.7783123951776991,"[{'avg_silhouette': 0.43588892535470086, 'num_points': 9591}, {'avg_silhouette': 0.3917415619702967, 'num_points': 164}, {'avg_silhouette': 0.6838235385119904, 'num_points': 30}, {'avg_silhouette': 0.8023040589380446, 'num_points': 52}, {'avg_silhouette': 0.5717807856002736, 'num_points': 20}]",10.0,5,0.4246655852737527,,1,
DBSCAN,,0.7883123951776991,"[{'avg_silhouette': 0.4352337846447164, 'num_points': 9597}, {'avg_silhouette': 0.3918745692108716, 'num_points': 164}, {'avg_silhouette': 0.6839319054367048, 'num_points': 30}, {'avg_silhouette': 0.8023768101643334, 'num_points': 52}, {'avg_silhouette': 0.5719042904368259, 'num_points': 20}]",10.0,5,0.42432424571241195,,1,
DBSCAN,,0.7983123951776991,"[{'avg_silhouette': 0.4341879867336472, 'num_points': 9607}, {'avg_silhouette': 0.3920915323161747, 'num_points': 164}, {'avg_silhouette': 0.6840975638496933, 'num_points': 30}, {'avg_silhouette': 0.8024869940829269, 'num_points': 52}, {'avg_silhouette': 0.5720922832989221, 'num_points': 20}]",10.0,5,0.4238479005925569,,1,
DBSCAN,,0.628312395177699,"[{'avg_silhouette': 0.44336540803640806, 'num_points': 9437}, {'avg_silhouette': 0.40135643997271375, 'num_points': 158}, {'avg_silhouette': 0.7073034583269405, 'num_points': 29}, {'avg_silhouette': 0.8009600457251741, 'num_points': 52}, {'avg_silhouette': 0.6033590826840926, 'num_points': 19}, {'avg_silhouette': 0.8833323275802282, 'num_points': 7}]",5.0,6,0.4238070114394065,,1,
DBSCAN,,0.638312395177699,"[{'avg_silhouette': 0.44220107492511007, 'num_points': 9453}, {'avg_silhouette': 0.397296211102221, 'num_points': 160}, {'avg_silhouette': 0.7074909653725467, 'num_points': 29}, {'avg_silhouette': 0.8010938334834837, 'num_points': 52}, {'avg_silhouette': 0.6035760539750614, 'num_points': 19}, {'avg_silhouette': 0.8834174551862487, 'num_points': 7}]",5.0,6,0.42362334349623904,,1,
DBSCAN,,0.648312395177699,"[{'avg_silhouette': 0.4409122584519895, 'num_points': 9470}, {'avg_silhouette': 0.3975372482529124, 'num_points': 160}, {'avg_silhouette': 0.7076798818663694, 'num_points': 29}, {'avg_silhouette': 0.8012299455346431, 'num_points': 52}, {'avg_silhouette': 0.6037996366818781, 'num_points': 19}, {'avg_silhouette': 0.8835039813208165, 'num_points': 7}]",5.0,6,0.42336184312716113,,1,
DBSCAN,,0.8083123951776992,"[{'avg_silhouette': 0.4326292761441068, 'num_points': 9623}, {'avg_silhouette': 0.3923964164520647, 'num_points': 164}, {'avg_silhouette': 0.684343192917265, 'num_points': 30}, {'avg_silhouette': 0.8026500686831242, 'num_points': 52}, {'avg_silhouette': 0.5723651111274112, 'num_points': 20}]",10.0,5,0.42314225693473867,,1,
DBSCAN,,0.5383123951776989,"[{'avg_silhouette': 0.4645971193696083, 'num_points': 9165}, {'avg_silhouette': 0.2579195841950403, 'num_points': 125}, {'avg_silhouette': 0.7308258016955955, 'num_points': 28}, {'avg_silhouette': 0.8150062975115787, 'num_points': 51}, {'avg_silhouette': 0.5667672731221114, 'num_points': 14}, {'avg_silhouette': 0.6687501288319854, 'num_points': 17}]",10.0,6,0.42310577939823146,,1,
DBSCAN,,0.5483123951776989,"[{'avg_silhouette': 0.4623903884803612, 'num_points': 9197}, {'avg_silhouette': 0.25710845840080904, 'num_points': 126}, {'avg_silhouette': 0.7311208013335824, 'num_points': 28}, {'avg_silhouette': 0.815217885593446, 'num_points': 51}, {'avg_silhouette': 0.5670791641745637, 'num_points': 14}, {'avg_silhouette': 0.6690600383114926, 'num_points': 17}]",10.0,6,0.4229452403500106,,1,
DBSCAN,,0.5583123951776989,"[{'avg_silhouette': 0.4606774931310888, 'num_points': 9222}, {'avg_silhouette': 0.2567037117609617, 'num_points': 127}, {'avg_silhouette': 0.7313472570298748, 'num_points': 28}, {'avg_silhouette': 0.8153828153149877, 'num_points': 51}, {'avg_silhouette': 0.567759159880399, 'num_points': 14}, {'avg_silhouette': 0.6442466692908635, 'num_points': 18}]",10.0,6,0.4228984208122382,,1,
DBSCAN,,0.8183123951776992,"[{'avg_silhouette': 0.4320731331691361, 'num_points': 9628}, {'avg_silhouette': 0.3925066024396084, 'num_points': 164}, {'avg_silhouette': 0.6844314169452546, 'num_points': 30}, {'avg_silhouette': 0.8027094423797667, 'num_points': 52}, {'avg_silhouette': 0.5724662424098654, 'num_points': 20}]",10.0,5,0.42283473906027197,,1,
DBSCAN,,0.658312395177699,"[{'avg_silhouette': 0.43905613294827384, 'num_points': 9492}, {'avg_silhouette': 0.3978989261057956, 'num_points': 160}, {'avg_silhouette': 0.707954492951056, 'num_points': 29}, {'avg_silhouette': 0.801426418550084, 'num_points': 52}, {'avg_silhouette': 0.6041252183928902, 'num_points': 19}, {'avg_silhouette': 0.8836282260480678, 'num_points': 7}]",5.0,6,0.4228052369321277,,1,
DBSCAN,,0.668312395177699,"[{'avg_silhouette': 0.43824093825491817, 'num_points': 9503}, {'avg_silhouette': 0.3980468500364272, 'num_points': 160}, {'avg_silhouette': 0.7080710044155022, 'num_points': 29}, {'avg_silhouette': 0.8015086344601825, 'num_points': 52}, {'avg_silhouette': 0.6042586318126277, 'num_points': 19}, {'avg_silhouette': 0.8836804584699222, 'num_points': 7}]",5.0,6,0.4226659082369389,,1,
DBSCAN,,0.678312395177699,"[{'avg_silhouette': 0.43701420042076583, 'num_points': 9519}, {'avg_silhouette': 0.3971341793754002, 'num_points': 161}, {'avg_silhouette': 0.708247262180776, 'num_points': 29}, {'avg_silhouette': 0.8016354185396197, 'num_points': 52}, {'avg_silhouette': 0.6044647024240964, 'num_points': 19}, {'avg_silhouette': 0.8837606310730689, 'num_points': 7}]",5.0,6,0.42250816206886643,,1,
DBSCAN,,0.8283123951776992,"[{'avg_silhouette': 0.4314707869916537, 'num_points': 9633}, {'avg_silhouette': 0.3926341714635813, 'num_points': 164}, {'avg_silhouette': 0.6845338231811712, 'num_points': 30}, {'avg_silhouette': 0.8027776211135388, 'num_points': 52}, {'avg_silhouette': 0.5725790643189315, 'num_points': 20}]",10.0,5,0.42247013639637354,,1,
K-means,,,"[{'avg_silhouette': 0.5538091890520537, 'num_points': 7008}, {'avg_silhouette': -0.028607056340452637, 'num_points': 670}, {'avg_silhouette': 0.35377580619465476, 'num_points': 166}, {'avg_silhouette': 0.10553250830463135, 'num_points': 1697}, {'avg_silhouette': 0.296597584598758, 'num_points': 553}]",,5,0.4224055858760724,,4,0.23183305640374757
DBSCAN,,0.688312395177699,"[{'avg_silhouette': 0.4362318042012257, 'num_points': 9528}, {'avg_silhouette': 0.3972891491175704, 'num_points': 161}, {'avg_silhouette': 0.7083616991580561, 'num_points': 29}, {'avg_silhouette': 0.8017170735905574, 'num_points': 52}, {'avg_silhouette': 0.6046041757473578, 'num_points': 19}, {'avg_silhouette': 0.883811566806619, 'num_points': 7}]",5.0,6,0.4222920363521366,,1,
DBSCAN,,0.8383123951776992,"[{'avg_silhouette': 0.4302318385734359, 'num_points': 9645}, {'avg_silhouette': 0.3928914797225712, 'num_points': 164}, {'avg_silhouette': 0.6847327509281594, 'num_points': 30}, {'avg_silhouette': 0.8029095891322353, 'num_points': 52}, {'avg_silhouette': 0.5728082803354164, 'num_points': 20}]",10.0,5,0.42190559406506667,,1,
DBSCAN,,0.5083123951776989,"[{'avg_silhouette': 0.47254216678898986, 'num_points': 9024}, {'avg_silhouette': 0.26807042178403845, 'num_points': 115}, {'avg_silhouette': 0.7615535094747686, 'num_points': 26}, {'avg_silhouette': 0.8141920449577748, 'num_points': 51}, {'avg_silhouette': 0.5623403128089958, 'num_points': 14}, {'avg_silhouette': 0.717749217984388, 'num_points': 15}]",10.0,6,0.4203226797094544,,1,
DBSCAN,,0.8483123951776992,"[{'avg_silhouette': 0.42695559133532013, 'num_points': 9650}, {'avg_silhouette': 0.3930049162700715, 'num_points': 164}, {'avg_silhouette': 0.6848142407864428, 'num_points': 30}, {'avg_silhouette': 0.802963114996622, 'num_points': 52}, {'avg_silhouette': 0.5729014823841606, 'num_points': 20}, {'avg_silhouette': 0.47251095504261464, 'num_points': 10}]",10.0,6,0.4189915651664977,,1,
DBSCAN,,0.8583123951776992,"[{'avg_silhouette': 0.4261176792196435, 'num_points': 9658}, {'avg_silhouette': 0.3931760932554945, 'num_points': 164}, {'avg_silhouette': 0.6849408558298326, 'num_points': 30}, {'avg_silhouette': 0.8030463957372909, 'num_points': 52}, {'avg_silhouette': 0.5730510105391697, 'num_points': 20}, {'avg_silhouette': 0.47254654184314865, 'num_points': 10}]",10.0,6,0.4186448562664411,,1,
DBSCAN,,0.8683123951776992,"[{'avg_silhouette': 0.4253880456876434, 'num_points': 9665}, {'avg_silhouette': 0.39331938413954437, 'num_points': 164}, {'avg_silhouette': 0.6850487125578891, 'num_points': 30}, {'avg_silhouette': 0.8031170717192312, 'num_points': 52}, {'avg_silhouette': 0.5731754675116061, 'num_points': 20}, {'avg_silhouette': 0.4725737565965947, 'num_points': 10}]",10.0,6,0.41836122422740646,,1,
DBSCAN,,0.8783123951776992,"[{'avg_silhouette': 0.4252111107272149, 'num_points': 9667}, {'avg_silhouette': 0.393355800847251, 'num_points': 164}, {'avg_silhouette': 0.6850733882255661, 'num_points': 30}, {'avg_silhouette': 0.8031334878272749, 'num_points': 52}, {'avg_silhouette': 0.5732049352982093, 'num_points': 20}, {'avg_silhouette': 0.4725822663968639, 'num_points': 10}]",10.0,6,0.41831303548007626,,1,
DBSCAN,,0.698312395177699,"[{'avg_silhouette': 0.4320083040061505, 'num_points': 9540}, {'avg_silhouette': 0.39575019308422377, 'num_points': 162}, {'avg_silhouette': 0.7085300786611481, 'num_points': 29}, {'avg_silhouette': 0.8018385388294718, 'num_points': 52}, {'avg_silhouette': 0.60479975596789, 'num_points': 19}, {'avg_silhouette': 0.883888357334539, 'num_points': 7}, {'avg_silhouette': 0.5428497524281571, 'num_points': 5}]",5.0,7,0.4180772627475202,,1,
DBSCAN,,0.7083123951776991,"[{'avg_silhouette': 0.43172689989014784, 'num_points': 9543}, {'avg_silhouette': 0.39581252911306564, 'num_points': 162}, {'avg_silhouette': 0.7085692051980789, 'num_points': 29}, {'avg_silhouette': 0.8018659413702088, 'num_points': 52}, {'avg_silhouette': 0.6048497541024433, 'num_points': 19}, {'avg_silhouette': 0.8839055760893629, 'num_points': 7}, {'avg_silhouette': 0.5428731259517162, 'num_points': 5}]",5.0,7,0.4180107303589754,,1,
DBSCAN,,0.8883123951776992,"[{'avg_silhouette': 0.4245111642212421, 'num_points': 9673}, {'avg_silhouette': 0.39349883215519615, 'num_points': 164}, {'avg_silhouette': 0.6851837933137204, 'num_points': 30}, {'avg_silhouette': 0.8032060869728066, 'num_points': 52}, {'avg_silhouette': 0.5733358339805197, 'num_points': 20}, {'avg_silhouette': 0.4726159540102147, 'num_points': 10}]",10.0,6,0.41795832486999024,,1,
DBSCAN,,0.8983123951776992,"[{'avg_silhouette': 0.42391784902120005, 'num_points': 9677}, {'avg_silhouette': 0.3936166115600577, 'num_points': 164}, {'avg_silhouette': 0.6852728981673827, 'num_points': 30}, {'avg_silhouette': 0.803265425130484, 'num_points': 52}, {'avg_silhouette': 0.5734353674388043, 'num_points': 20}, {'avg_silhouette': 0.47262206643696647, 'num_points': 10}]",10.0,6,0.4175970259298273,,1,
DBSCAN,,0.7183123951776991,"[{'avg_silhouette': 0.4304510433535321, 'num_points': 9556}, {'avg_silhouette': 0.39602433127807213, 'num_points': 162}, {'avg_silhouette': 0.7087307562732005, 'num_points': 29}, {'avg_silhouette': 0.8019811040137065, 'num_points': 52}, {'avg_silhouette': 0.6050398357906767, 'num_points': 19}, {'avg_silhouette': 0.8839778379754126, 'num_points': 7}, {'avg_silhouette': 0.5428869056149063, 'num_points': 5}]",5.0,7,0.4175322474075693,,1,
DBSCAN,,0.9583123951776993,"[{'avg_silhouette': 0.4220722607039617, 'num_points': 9700}, {'avg_silhouette': 0.39418550204010216, 'num_points': 164}, {'avg_silhouette': 0.6857008116364212, 'num_points': 30}, {'avg_silhouette': 0.8035473434106023, 'num_points': 52}, {'avg_silhouette': 0.5739339032494326, 'num_points': 20}, {'avg_silhouette': 0.40808527471455974, 'num_points': 14}]",10.0,6,0.41739629901244146,,1,
DBSCAN,,0.9083123951776992,"[{'avg_silhouette': 0.4234590761029775, 'num_points': 9681}, {'avg_silhouette': 0.39370890854232116, 'num_points': 164}, {'avg_silhouette': 0.685341864070215, 'num_points': 30}, {'avg_silhouette': 0.8033119605949993, 'num_points': 52}, {'avg_silhouette': 0.5735170103598968, 'num_points': 20}, {'avg_silhouette': 0.47263581291501, 'num_points': 10}]",10.0,6,0.4173904847778117,,1,
DBSCAN,,0.9483123951776993,"[{'avg_silhouette': 0.4223030704709505, 'num_points': 9697}, {'avg_silhouette': 0.394062634938167, 'num_points': 164}, {'avg_silhouette': 0.6856120591690013, 'num_points': 30}, {'avg_silhouette': 0.8034890776057257, 'num_points': 52}, {'avg_silhouette': 0.57382573234477, 'num_points': 20}, {'avg_silhouette': 0.415626974357991, 'num_points': 13}]",10.0,6,0.4173825842447331,,1,
DBSCAN,,0.9383123951776993,"[{'avg_silhouette': 0.4226000435944831, 'num_points': 9693}, {'avg_silhouette': 0.39398582132067234, 'num_points': 164}, {'avg_silhouette': 0.6855521427459492, 'num_points': 30}, {'avg_silhouette': 0.8034496033827281, 'num_points': 52}, {'avg_silhouette': 0.5737574297585007, 'num_points': 20}, {'avg_silhouette': 0.4237154712172644, 'num_points': 12}]",10.0,6,0.41736630225774746,,1,
DBSCAN,,0.7483123951776991,"[{'avg_silhouette': 0.4287266190966197, 'num_points': 9577}, {'avg_silhouette': 0.39348356774498855, 'num_points': 163}, {'avg_silhouette': 0.6836453080685995, 'num_points': 30}, {'avg_silhouette': 0.802183687246945, 'num_points': 52}, {'avg_silhouette': 0.6053808221117617, 'num_points': 19}, {'avg_silhouette': 0.8841056743403245, 'num_points': 7}, {'avg_silhouette': 0.5295886347796818, 'num_points': 6}]",5.0,7,0.41732418230638546,,1,
DBSCAN,,0.9683123951776993,"[{'avg_silhouette': 0.42184430270574375, 'num_points': 9702}, {'avg_silhouette': 0.39423897120132384, 'num_points': 164}, {'avg_silhouette': 0.685739524063436, 'num_points': 30}, {'avg_silhouette': 0.8035724114978916, 'num_points': 52}, {'avg_silhouette': 0.5739800137168923, 'num_points': 20}, {'avg_silhouette': 0.40810351450622606, 'num_points': 14}]",10.0,6,0.41729232976429803,,1,
DBSCAN,,0.9283123951776993,"[{'avg_silhouette': 0.42282690691125224, 'num_points': 9689}, {'avg_silhouette': 0.3939041662950024, 'num_points': 164}, {'avg_silhouette': 0.6854893760281195, 'num_points': 30}, {'avg_silhouette': 0.80340869603885, 'num_points': 52}, {'avg_silhouette': 0.5736843323961144, 'num_points': 20}, {'avg_silhouette': 0.45648766032373406, 'num_points': 11}]",10.0,6,0.4172753417163596,,1,
DBSCAN,,0.9183123951776992,"[{'avg_silhouette': 0.4228459628807097, 'num_points': 9686}, {'avg_silhouette': 0.3938274737120845, 'num_points': 164}, {'avg_silhouette': 0.6854330357365727, 'num_points': 30}, {'avg_silhouette': 0.8033720271226645, 'num_points': 52}, {'avg_silhouette': 0.573620386726494, 'num_points': 20}, {'avg_silhouette': 0.47264351197810583, 'num_points': 10}]",10.0,6,0.41704375261791754,,1,
DBSCAN,,0.7283123951776991,"[{'avg_silhouette': 0.42925792512055094, 'num_points': 9567}, {'avg_silhouette': 0.39626139350211514, 'num_points': 162}, {'avg_silhouette': 0.7088961512743149, 'num_points': 29}, {'avg_silhouette': 0.8020981027284235, 'num_points': 52}, {'avg_silhouette': 0.6052374096474887, 'num_points': 19}, {'avg_silhouette': 0.8840515976403689, 'num_points': 7}, {'avg_silhouette': 0.5429152398516192, 'num_points': 5}]",5.0,7,0.4170107145693236,,1,
DBSCAN,,0.7383123951776991,"[{'avg_silhouette': 0.42896080502955947, 'num_points': 9571}, {'avg_silhouette': 0.39629770673664183, 'num_points': 162}, {'avg_silhouette': 0.7089299035633232, 'num_points': 29}, {'avg_silhouette': 0.8021228510893226, 'num_points': 52}, {'avg_silhouette': 0.6052746468938426, 'num_points': 19}, {'avg_silhouette': 0.8840672028853881, 'num_points': 7}, {'avg_silhouette': 0.5429081339288542, 'num_points': 5}]",5.0,7,0.4169607633589919,,1,
DBSCAN,,0.9783123951776993,"[{'avg_silhouette': 0.42108019752123305, 'num_points': 9708}, {'avg_silhouette': 0.39441190581587315, 'num_points': 164}, {'avg_silhouette': 0.6858604161285318, 'num_points': 30}, {'avg_silhouette': 0.8036511380193361, 'num_points': 52}, {'avg_silhouette': 0.5741207353836045, 'num_points': 20}, {'avg_silhouette': 0.40814996898736233, 'num_points': 14}]",10.0,6,0.41690515890807706,,1,
DBSCAN,,0.9883123951776993,"[{'avg_silhouette': 0.42081491856625775, 'num_points': 9710}, {'avg_silhouette': 0.3944692479401157, 'num_points': 164}, {'avg_silhouette': 0.6859034794868926, 'num_points': 30}, {'avg_silhouette': 0.8036797997136588, 'num_points': 52}, {'avg_silhouette': 0.5741730813873291, 'num_points': 20}, {'avg_silhouette': 0.4081703479362536, 'num_points': 14}]",10.0,6,0.4167614039679007,,1,
DBSCAN,,0.9983123951776993,"[{'avg_silhouette': 0.42071440353583345, 'num_points': 9711}, {'avg_silhouette': 0.3944874115190297, 'num_points': 164}, {'avg_silhouette': 0.6859179676312904, 'num_points': 30}, {'avg_silhouette': 0.8036896597356324, 'num_points': 52}, {'avg_silhouette': 0.5741902238466204, 'num_points': 20}, {'avg_silhouette': 0.40817604414399866, 'num_points': 14}]",10.0,6,0.4167281484409716,,1,
DBSCAN,,0.7583123951776991,"[{'avg_silhouette': 0.4257381395473215, 'num_points': 9587}, {'avg_silhouette': 0.3936594136295444, 'num_points': 163}, {'avg_silhouette': 0.683790395654142, 'num_points': 30}, {'avg_silhouette': 0.8022810906315109, 'num_points': 52}, {'avg_silhouette': 0.5717442471274381, 'num_points': 20}, {'avg_silhouette': 0.8841668545358564, 'num_points': 7}, {'avg_silhouette': 0.4286112318139323, 'num_points': 5}, {'avg_silhouette': 0.4976953557744933, 'num_points': 8}]",5.0,8,0.41560796624856455,,1,
DBSCAN,,0.7783123951776991,"[{'avg_silhouette': 0.42466014671435026, 'num_points': 9597}, {'avg_silhouette': 0.3919091246765643, 'num_points': 164}, {'avg_silhouette': 0.6839539870643262, 'num_points': 30}, {'avg_silhouette': 0.8023901201102626, 'num_points': 52}, {'avg_silhouette': 0.5719293081775503, 'num_points': 20}, {'avg_silhouette': 0.8842349622903839, 'num_points': 7}, {'avg_silhouette': 0.42885232177459187, 'num_points': 5}, {'avg_silhouette': 0.48118037606525266, 'num_points': 9}]",5.0,8,0.41522977269006317,,1,
DBSCAN,,0.7683123951776991,"[{'avg_silhouette': 0.4248358041515797, 'num_points': 9594}, {'avg_silhouette': 0.39381460920176387, 'num_points': 163}, {'avg_silhouette': 0.6839196103185684, 'num_points': 30}, {'avg_silhouette': 0.8023670040302869, 'num_points': 52}, {'avg_silhouette': 0.5718879571878965, 'num_points': 20}, {'avg_silhouette': 0.8842206110957102, 'num_points': 7}, {'avg_silhouette': 0.4287995800921074, 'num_points': 5}, {'avg_silhouette': 0.49768601654366484, 'num_points': 8}]",5.0,8,0.4150637330795348,,1,
DBSCAN,,0.7883123951776991,"[{'avg_silhouette': 0.4240169518022029, 'num_points': 9603}, {'avg_silhouette': 0.39202690039973753, 'num_points': 164}, {'avg_silhouette': 0.6840502903138739, 'num_points': 30}, {'avg_silhouette': 0.8024546566092354, 'num_points': 52}, {'avg_silhouette': 0.5720398433543807, 'num_points': 20}, {'avg_silhouette': 0.8842755155830581, 'num_points': 7}, {'avg_silhouette': 0.42898780921527785, 'num_points': 5}, {'avg_silhouette': 0.48118926511618276, 'num_points': 9}]",5.0,8,0.4149187510753685,,1,
DBSCAN,,0.5683123951776989,"[{'avg_silhouette': 0.44482448446037937, 'num_points': 9281}, {'avg_silhouette': 0.41774279918928375, 'num_points': 144}, {'avg_silhouette': 0.7318689889553418, 'num_points': 28}, {'avg_silhouette': 0.8157546883429413, 'num_points': 51}, {'avg_silhouette': 0.6013713670804656, 'num_points': 19}, {'avg_silhouette': 0.8825654728785732, 'num_points': 7}, {'avg_silhouette': 0.5350628253454853, 'num_points': 10}]",5.0,7,0.41488942730440165,,1,
DBSCAN,,0.7983123951776991,"[{'avg_silhouette': 0.4232459025355328, 'num_points': 9611}, {'avg_silhouette': 0.3921901845511729, 'num_points': 164}, {'avg_silhouette': 0.6841750768054613, 'num_points': 30}, {'avg_silhouette': 0.8025380829483075, 'num_points': 52}, {'avg_silhouette': 0.5721828788977302, 'num_points': 20}, {'avg_silhouette': 0.8843279249968417, 'num_points': 7}, {'avg_silhouette': 0.4291700806779982, 'num_points': 5}, {'avg_silhouette': 0.47380621762551184, 'num_points': 10}]",5.0,8,0.41469881686150256,,1,
DBSCAN,,0.578312395177699,"[{'avg_silhouette': 0.4421066336740827, 'num_points': 9312}, {'avg_silhouette': 0.4181535113404673, 'num_points': 144}, {'avg_silhouette': 0.7321770166401036, 'num_points': 28}, {'avg_silhouette': 0.8159755530179096, 'num_points': 51}, {'avg_silhouette': 0.6017550194940299, 'num_points': 19}, {'avg_silhouette': 0.8827161551814667, 'num_points': 7}, {'avg_silhouette': 0.5350366237256291, 'num_points': 10}]",5.0,7,0.41411018082238393,,1,
DBSCAN,,0.8283123951776992,"[{'avg_silhouette': 0.42065576306871283, 'num_points': 9640}, {'avg_silhouette': 0.39280198745333766, 'num_points': 164}, {'avg_silhouette': 0.6846638369517073, 'num_points': 30}, {'avg_silhouette': 0.80286322547244, 'num_points': 52}, {'avg_silhouette': 0.5727288074592987, 'num_points': 20}, {'avg_silhouette': 0.8845334207764777, 'num_points': 7}, {'avg_silhouette': 0.3910247702125909, 'num_points': 7}, {'avg_silhouette': 0.46057368532791637, 'num_points': 11}]",5.0,8,0.4138737842170013,,1,
DBSCAN,,0.8083123951776992,"[{'avg_silhouette': 0.42138904098704255, 'num_points': 9628}, {'avg_silhouette': 0.39250969044801376, 'num_points': 164}, {'avg_silhouette': 0.6844344205741754, 'num_points': 30}, {'avg_silhouette': 0.8027105757509753, 'num_points': 52}, {'avg_silhouette': 0.5724713260997552, 'num_points': 20}, {'avg_silhouette': 0.8844371592309895, 'num_points': 7}, {'avg_silhouette': 0.4295443406208886, 'num_points': 5}, {'avg_silhouette': 0.47379462039635045, 'num_points': 10}]",5.0,8,0.41377889189786154,,1,
DBSCAN,,0.588312395177699,"[{'avg_silhouette': 0.44038909599428416, 'num_points': 9331}, {'avg_silhouette': 0.41522514388209636, 'num_points': 147}, {'avg_silhouette': 0.7323781027183228, 'num_points': 28}, {'avg_silhouette': 0.8161192178397432, 'num_points': 51}, {'avg_silhouette': 0.6019988689860216, 'num_points': 19}, {'avg_silhouette': 0.8828132260494252, 'num_points': 7}, {'avg_silhouette': 0.5350821027057177, 'num_points': 10}]",5.0,7,0.4137718870975155,,1,
DBSCAN,,0.598312395177699,"[{'avg_silhouette': 0.43848477070966396, 'num_points': 9353}, {'avg_silhouette': 0.41425098787934045, 'num_points': 149}, {'avg_silhouette': 0.7325992036336649, 'num_points': 28}, {'avg_silhouette': 0.8162767791395781, 'num_points': 51}, {'avg_silhouette': 0.6022790094032454, 'num_points': 19}, {'avg_silhouette': 0.8829197936540248, 'num_points': 7}, {'avg_silhouette': 0.5351144100439136, 'num_points': 10}]",5.0,7,0.41346774016434135,,1,
DBSCAN,,0.8383123951776992,"[{'avg_silhouette': 0.4194892031182808, 'num_points': 9650}, {'avg_silhouette': 0.393031221024741, 'num_points': 164}, {'avg_silhouette': 0.6848369938011393, 'num_points': 30}, {'avg_silhouette': 0.8029778922855599, 'num_points': 52}, {'avg_silhouette': 0.5729288079224147, 'num_points': 20}, {'avg_silhouette': 0.3912771507210903, 'num_points': 7}, {'avg_silhouette': 0.8846050732402617, 'num_points': 7}, {'avg_silhouette': 0.46060728270731066, 'num_points': 11}]",5.0,8,0.4132621043313316,,1,
DBSCAN,,0.8483123951776992,"[{'avg_silhouette': 0.41869015095351175, 'num_points': 9657}, {'avg_silhouette': 0.3931912949099437, 'num_points': 164}, {'avg_silhouette': 0.684958110328127, 'num_points': 30}, {'avg_silhouette': 0.8030577907569516, 'num_points': 52}, {'avg_silhouette': 0.46063762397931746, 'num_points': 11}, {'avg_silhouette': 0.5730710469737914, 'num_points': 20}, {'avg_silhouette': 0.39146361887765824, 'num_points': 7}, {'avg_silhouette': 0.8846549925671171, 'num_points': 7}]",5.0,8,0.41286915423093623,,1,
DBSCAN,,0.618312395177699,"[{'avg_silhouette': 0.4341405355684519, 'num_points': 9401}, {'avg_silhouette': 0.40313119974285994, 'num_points': 156}, {'avg_silhouette': 0.7330736637555048, 'num_points': 28}, {'avg_silhouette': 0.8006688663693532, 'num_points': 52}, {'avg_silhouette': 0.602868713138546, 'num_points': 19}, {'avg_silhouette': 0.8831489898306322, 'num_points': 7}, {'avg_silhouette': 0.5291300737098601, 'num_points': 10}]",5.0,7,0.41266126608792536,,1,
DBSCAN,,0.8583123951776992,"[{'avg_silhouette': 0.41796605834439393, 'num_points': 9664}, {'avg_silhouette': 0.3933365737522143, 'num_points': 164}, {'avg_silhouette': 0.6850662215150151, 'num_points': 30}, {'avg_silhouette': 0.8031292179321775, 'num_points': 52}, {'avg_silhouette': 0.4606677729181649, 'num_points': 11}, {'avg_silhouette': 0.5731993123754562, 'num_points': 20}, {'avg_silhouette': 0.39163509151581505, 'num_points': 7}, {'avg_silhouette': 0.8846993407605741, 'num_points': 7}]",5.0,8,0.4125787773100159,,1,
DBSCAN,,0.8883123951776992,"[{'avg_silhouette': 0.41703151662902005, 'num_points': 9676}, {'avg_silhouette': 0.3935770470632436, 'num_points': 164}, {'avg_silhouette': 0.6852464331324563, 'num_points': 30}, {'avg_silhouette': 0.8032474211042673, 'num_points': 52}, {'avg_silhouette': 0.4607124393396383, 'num_points': 11}, {'avg_silhouette': 0.5734076972477948, 'num_points': 20}, {'avg_silhouette': 0.36170620414020455, 'num_points': 8}, {'avg_silhouette': 0.8847735362603976, 'num_points': 7}]",5.0,8,0.41243385753174605,,1,
DBSCAN,,0.8983123951776992,"[{'avg_silhouette': 0.4165434049380454, 'num_points': 9681}, {'avg_silhouette': 0.3937284075917935, 'num_points': 164}, {'avg_silhouette': 0.6853613804257056, 'num_points': 30}, {'avg_silhouette': 0.8033241229528177, 'num_points': 52}, {'avg_silhouette': 0.44553235787360124, 'num_points': 12}, {'avg_silhouette': 0.5735375841655916, 'num_points': 20}, {'avg_silhouette': 0.36188271605961825, 'num_points': 8}, {'avg_silhouette': 0.8848211419869436, 'num_points': 7}]",5.0,8,0.4122972487217829,,1,
DBSCAN,,0.8683123951776992,"[{'avg_silhouette': 0.4172358260274292, 'num_points': 9671}, {'avg_silhouette': 0.3934795728105549, 'num_points': 164}, {'avg_silhouette': 0.6851738333054396, 'num_points': 30}, {'avg_silhouette': 0.8031997304437989, 'num_points': 52}, {'avg_silhouette': 0.4606948707369296, 'num_points': 11}, {'avg_silhouette': 0.5733234928291779, 'num_points': 20}, {'avg_silhouette': 0.39180001833526384, 'num_points': 7}, {'avg_silhouette': 0.8847434677847783, 'num_points': 7}]",5.0,8,0.4122894394052749,,1,
DBSCAN,,0.8783123951776992,"[{'avg_silhouette': 0.4170589429527975, 'num_points': 9673}, {'avg_silhouette': 0.39351591247275886, 'num_points': 164}, {'avg_silhouette': 0.685198447699646, 'num_points': 30}, {'avg_silhouette': 0.8032161054026139, 'num_points': 52}, {'avg_silhouette': 0.4607034037370379, 'num_points': 11}, {'avg_silhouette': 0.5733528899819176, 'num_points': 20}, {'avg_silhouette': 0.3918388097176978, 'num_points': 7}, {'avg_silhouette': 0.8847539211141635, 'num_points': 7}]",5.0,8,0.4122411290859334,,1,
DBSCAN,,0.9083123951776992,"[{'avg_silhouette': 0.41612962344619603, 'num_points': 9685}, {'avg_silhouette': 0.393815869373285, 'num_points': 164}, {'avg_silhouette': 0.6854234888717916, 'num_points': 30}, {'avg_silhouette': 0.80336588782602, 'num_points': 52}, {'avg_silhouette': 0.44555424459944476, 'num_points': 12}, {'avg_silhouette': 0.5736121049180029, 'num_points': 20}, {'avg_silhouette': 0.36196913940957576, 'num_points': 8}, {'avg_silhouette': 0.8848472241165062, 'num_points': 7}]",5.0,8,0.4121396868266402,,1,
DBSCAN,,0.9183123951776992,"[{'avg_silhouette': 0.4158023431160865, 'num_points': 9688}, {'avg_silhouette': 0.39387877010832373, 'num_points': 164}, {'avg_silhouette': 0.6854722996535342, 'num_points': 30}, {'avg_silhouette': 0.8033980758577, 'num_points': 52}, {'avg_silhouette': 0.445562706139127, 'num_points': 12}, {'avg_silhouette': 0.5736666883394773, 'num_points': 20}, {'avg_silhouette': 0.36203757268823183, 'num_points': 8}, {'avg_silhouette': 0.8848674153709178, 'num_points': 7}]",5.0,8,0.41197604128169335,,1,
DBSCAN,,0.9283123951776993,"[{'avg_silhouette': 0.4153774386183806, 'num_points': 9691}, {'avg_silhouette': 0.39397717833454804, 'num_points': 164}, {'avg_silhouette': 0.6855406469392243, 'num_points': 30}, {'avg_silhouette': 0.8034424449380866, 'num_points': 52}, {'avg_silhouette': 0.4455980502471643, 'num_points': 12}, {'avg_silhouette': 0.5737467065662446, 'num_points': 20}, {'avg_silhouette': 0.36215198316855146, 'num_points': 8}, {'avg_silhouette': 0.8848947694496057, 'num_points': 7}]",5.0,8,0.41173489652178397,,1,
DBSCAN,,0.9383123951776993,"[{'avg_silhouette': 0.4150062659015958, 'num_points': 9696}, {'avg_silhouette': 0.3940849580337135, 'num_points': 164}, {'avg_silhouette': 0.6856239457457582, 'num_points': 30}, {'avg_silhouette': 0.8034967797530819, 'num_points': 52}, {'avg_silhouette': 0.4156507150214412, 'num_points': 13}, {'avg_silhouette': 0.5738440243432833, 'num_points': 20}, {'avg_silhouette': 0.3622808699851795, 'num_points': 8}, {'avg_silhouette': 0.8849285489302118, 'num_points': 7}]",5.0,8,0.41173076820192356,,1,
DBSCAN,,0.5383123951776989,"[{'avg_silhouette': 0.4483496349416557, 'num_points': 9212}, {'avg_silhouette': 0.25377762656133324, 'num_points': 128}, {'avg_silhouette': 0.7312635379830622, 'num_points': 28}, {'avg_silhouette': 0.8153224416750668, 'num_points': 51}, {'avg_silhouette': 0.5674941749067591, 'num_points': 14}, {'avg_silhouette': 0.6692212756891046, 'num_points': 17}, {'avg_silhouette': 0.8822695689671206, 'num_points': 7}, {'avg_silhouette': 0.5349317610960667, 'num_points': 10}]",5.0,8,0.4116289959444314,,1,
DBSCAN,,0.9483123951776993,"[{'avg_silhouette': 0.41458461749258546, 'num_points': 9700}, {'avg_silhouette': 0.39416167919615425, 'num_points': 164}, {'avg_silhouette': 0.6856837862248523, 'num_points': 30}, {'avg_silhouette': 0.8035362032561678, 'num_points': 52}, {'avg_silhouette': 0.4156652583807681, 'num_points': 13}, {'avg_silhouette': 0.5739122408802546, 'num_points': 20}, {'avg_silhouette': 0.36237416315685356, 'num_points': 8}, {'avg_silhouette': 0.8849534489416209, 'num_points': 7}]",5.0,8,0.41154483254139046,,1,
DBSCAN,,0.9583123951776993,"[{'avg_silhouette': 0.41430054208215394, 'num_points': 9703}, {'avg_silhouette': 0.39429407381825526, 'num_points': 164}, {'avg_silhouette': 0.6857775479136899, 'num_points': 30}, {'avg_silhouette': 0.8035977314430329, 'num_points': 52}, {'avg_silhouette': 0.40811875500214556, 'num_points': 14}, {'avg_silhouette': 0.5740243643437152, 'num_points': 20}, {'avg_silhouette': 0.362527943275921, 'num_points': 8}, {'avg_silhouette': 0.8849911796863977, 'num_points': 7}]",5.0,8,0.41150688344592223,,1,
DBSCAN,,0.9683123951776993,"[{'avg_silhouette': 0.4141960934311625, 'num_points': 9704}, {'avg_silhouette': 0.39432136643302734, 'num_points': 164}, {'avg_silhouette': 0.6857956907759718, 'num_points': 30}, {'avg_silhouette': 0.8036093473164037, 'num_points': 52}, {'avg_silhouette': 0.4081292661369384, 'num_points': 14}, {'avg_silhouette': 0.5740462104109507, 'num_points': 20}, {'avg_silhouette': 0.3625525257710345, 'num_points': 8}, {'avg_silhouette': 0.884998541334035, 'num_points': 7}]",5.0,8,0.4114695885463593,,1,
DBSCAN,,0.8183123951776992,"[{'avg_silhouette': 0.4183931893853254, 'num_points': 9636}, {'avg_silhouette': 0.3927056239784708, 'num_points': 164}, {'avg_silhouette': 0.6845859873655991, 'num_points': 30}, {'avg_silhouette': 0.802811286322241, 'num_points': 52}, {'avg_silhouette': 0.5726449437771481, 'num_points': 20}, {'avg_silhouette': 0.8845005455569549, 'num_points': 7}, {'avg_silhouette': 0.1546248263420674, 'num_points': 5}, {'avg_silhouette': 0.4738006179607229, 'num_points': 10}, {'avg_silhouette': 0.17562210263078845, 'num_points': 2}]",5.0,9,0.41129954066034796,,1,
DBSCAN,,0.9883123951776993,"[{'avg_silhouette': 0.4134939323065064, 'num_points': 9712}, {'avg_silhouette': 0.39455146005457886, 'num_points': 164}, {'avg_silhouette': 0.6859595067056896, 'num_points': 30}, {'avg_silhouette': 0.8037166424323203, 'num_points': 52}, {'avg_silhouette': 0.3905547554884669, 'num_points': 15}, {'avg_silhouette': 0.5742391203010179, 'num_points': 20}, {'avg_silhouette': 0.3628006072422621, 'num_points': 8}, {'avg_silhouette': 0.8850651568632675, 'num_points': 7}]",5.0,8,0.4112965046246955,,1,
DBSCAN,,0.9983123951776993,"[{'avg_silhouette': 0.4132025892582451, 'num_points': 9714}, {'avg_silhouette': 0.39461515684628573, 'num_points': 164}, {'avg_silhouette': 0.6860066840602976, 'num_points': 30}, {'avg_silhouette': 0.8037479743975816, 'num_points': 52}, {'avg_silhouette': 0.39057389126390935, 'num_points': 15}, {'avg_silhouette': 0.5742945058281066, 'num_points': 20}, {'avg_silhouette': 0.36287627469129935, 'num_points': 8}, {'avg_silhouette': 0.8850843423956037, 'num_points': 7}]",5.0,8,0.41113533650001055,,1,
DBSCAN,,0.5483123951776989,"[{'avg_silhouette': 0.44626877502144996, 'num_points': 9237}, {'avg_silhouette': 0.25377762656133324, 'num_points': 128}, {'avg_silhouette': 0.7314895745801181, 'num_points': 28}, {'avg_silhouette': 0.8154844499840523, 'num_points': 51}, {'avg_silhouette': 0.5674941749067591, 'num_points': 14}, {'avg_silhouette': 0.6694568155783983, 'num_points': 17}, {'avg_silhouette': 0.8823798600713654, 'num_points': 7}, {'avg_silhouette': 0.5349599203829289, 'num_points': 10}]",5.0,8,0.4110865972739784,,1,
DBSCAN,,0.9783123951776993,"[{'avg_silhouette': 0.41342603558474555, 'num_points': 9710}, {'avg_silhouette': 0.3944941635907778, 'num_points': 164}, {'avg_silhouette': 0.6859164793561523, 'num_points': 30}, {'avg_silhouette': 0.803688005039938, 'num_points': 52}, {'avg_silhouette': 0.4081756905827575, 'num_points': 14}, {'avg_silhouette': 0.574186815719882, 'num_points': 20}, {'avg_silhouette': 0.36273446723935765, 'num_points': 8}, {'avg_silhouette': 0.8850476910457787, 'num_points': 7}]",5.0,8,0.4110700429978862,,1,
K-means,,,"[{'avg_silhouette': 0.5409822384277508, 'num_points': 7091}, {'avg_silhouette': 0.10673838087742711, 'num_points': 1706}, {'avg_silhouette': -0.03864521199801329, 'num_points': 728}, {'avg_silhouette': 0.2786615948912876, 'num_points': 569}]",,4,0.410999154312132,,4,0.22193425054961308
DBSCAN,,0.5583123951776989,"[{'avg_silhouette': 0.44490759417636694, 'num_points': 9256}, {'avg_silhouette': 0.25377762656133324, 'num_points': 128}, {'avg_silhouette': 0.7316601381232877, 'num_points': 28}, {'avg_silhouette': 0.815607184533196, 'num_points': 51}, {'avg_silhouette': 0.5674941749067591, 'num_points': 14}, {'avg_silhouette': 0.6011251601058119, 'num_points': 19}, {'avg_silhouette': 0.882464013948604, 'num_points': 7}, {'avg_silhouette': 0.5349902243648221, 'num_points': 10}]",5.0,8,0.410927560956744,,1,
DBSCAN,,0.608312395177699,"[{'avg_silhouette': 0.43628003792062653, 'num_points': 9377}, {'avg_silhouette': 0.21768429772959869, 'num_points': 149}, {'avg_silhouette': 0.7328430642502368, 'num_points': 28}, {'avg_silhouette': 0.8004928045734745, 'num_points': 52}, {'avg_silhouette': 0.4732675503657745, 'num_points': 5}, {'avg_silhouette': 0.6025757152820941, 'num_points': 19}, {'avg_silhouette': 0.8830382353380575, 'num_points': 7}, {'avg_silhouette': 0.5505065284527113, 'num_points': 9}]",5.0,8,0.4102035242512647,,1,
AGGLC,ward,,"[{'avg_silhouette': -0.02829647734512356, 'num_points': 2786}, {'avg_silhouette': 0.5945500630866511, 'num_points': 6644}, {'avg_silhouette': 0.1079926414940183, 'num_points': 664}]",,3,0.39063441125581777,,3,0.22474874241184864
DBSCAN,,0.5183123951776989,"[{'avg_silhouette': 0.42430409400094893, 'num_points': 9075}, {'avg_silhouette': 0.2660853443657214, 'num_points': 116}, {'avg_silhouette': 0.7300744501832391, 'num_points': 28}, {'avg_silhouette': 0.8144603017566797, 'num_points': 51}, {'avg_silhouette': 0.5621153006605328, 'num_points': 14}, {'avg_silhouette': 0.6679355809533649, 'num_points': 17}, {'avg_silhouette': 0.5836481068462351, 'num_points': 9}]",10.0,7,0.37909725495131513,,1,
DBSCAN,,0.5283123951776989,"[{'avg_silhouette': 0.42057778508267263, 'num_points': 9116}, {'avg_silhouette': 0.2638217544396591, 'num_points': 122}, {'avg_silhouette': 0.7304045545933989, 'num_points': 28}, {'avg_silhouette': 0.8147000993066505, 'num_points': 51}, {'avg_silhouette': 0.5661617732430141, 'num_points': 14}, {'avg_silhouette': 0.6682940662590285, 'num_points': 17}, {'avg_silhouette': 0.5836199755156279, 'num_points': 9}]",10.0,7,0.3787690321625618,,1,
AGGLC,ward,,"[{'avg_silhouette': 0.5394024039802777, 'num_points': 6644}, {'avg_silhouette': -0.028916852984162095, 'num_points': 961}, {'avg_silhouette': 0.012007649606734776, 'num_points': 1825}, {'avg_silhouette': 0.34784017061175526, 'num_points': 498}, {'avg_silhouette': 0.3545366303447613, 'num_points': 166}]",,5,0.37745115142276214,,3,0.17416440020095011
AGGLC,ward,,"[{'avg_silhouette': -0.05988474386748001, 'num_points': 3450}, {'avg_silhouette': 0.5996365593184511, 'num_points': 6644}]",,2,0.37422061955309915,,2,0.26987590772548553
K-means,,,"[{'avg_silhouette': 0.6190785276845583, 'num_points': 4720}, {'avg_silhouette': 0.16236748588477518, 'num_points': 991}, {'avg_silhouette': 0.2614881454494712, 'num_points': 545}, {'avg_silhouette': 0.6203817844980746, 'num_points': 612}, {'avg_silhouette': -0.006230315204780331, 'num_points': 653}, {'avg_silhouette': 0.031612600340739205, 'num_points': 320}, {'avg_silhouette': 0.22926806776040629, 'num_points': 83}, {'avg_silhouette': 0.5525649895244092, 'num_points': 217}, {'avg_silhouette': -0.04222503264114488, 'num_points': 332}, {'avg_silhouette': -0.08511295803959124, 'num_points': 126}, {'avg_silhouette': -0.08792931977266896, 'num_points': 760}, {'avg_silhouette': 0.07061022423145155, 'num_points': 252}, {'avg_silhouette': 0.4299404555959012, 'num_points': 83}, {'avg_silhouette': 0.023045484442687305, 'num_points': 348}, {'avg_silhouette': 0.7830986891991264, 'num_points': 52}]",,15,0.37257534945165993,,6,0.2615260514232383
K-means,,,"[{'avg_silhouette': 0.4871601281451064, 'num_points': 5997}, {'avg_silhouette': -0.09136103597817982, 'num_points': 126}, {'avg_silhouette': 0.2869552663550791, 'num_points': 542}, {'avg_silhouette': 0.6309102505727359, 'num_points': 615}, {'avg_silhouette': 0.05424540771545771, 'num_points': 261}, {'avg_silhouette': -0.014018737134504113, 'num_points': 353}, {'avg_silhouette': 0.03620599625658593, 'num_points': 683}, {'avg_silhouette': 0.21409392578767888, 'num_points': 874}, {'avg_silhouette': 0.3324770177757641, 'num_points': 166}, {'avg_silhouette': -0.031056366368746487, 'num_points': 477}]",,10,0.36803654432330657,,5,0.33106511342343725
K-means,,,"[{'avg_silhouette': 0.622933041711359, 'num_points': 4694}, {'avg_silhouette': -0.02780559826366432, 'num_points': 80}, {'avg_silhouette': 0.1727510762540188, 'num_points': 151}, {'avg_silhouette': 0.18046899092937577, 'num_points': 155}, {'avg_silhouette': 0.12460735282037008, 'num_points': 560}, {'avg_silhouette': 0.615086414611338, 'num_points': 614}, {'avg_silhouette': 0.21105887378443616, 'num_points': 218}, {'avg_silhouette': 0.029314766609201737, 'num_points': 281}, {'avg_silhouette': 0.05717661682047926, 'num_points': 232}, {'avg_silhouette': -0.09238529789981172, 'num_points': 111}, {'avg_silhouette': 0.4260811280657551, 'num_points': 83}, {'avg_silhouette': 0.035460286751602996, 'num_points': 116}, {'avg_silhouette': 0.7829181549702822, 'num_points': 52}, {'avg_silhouette': 0.3296417392299842, 'num_points': 50}, {'avg_silhouette': 0.0659628705090593, 'num_points': 164}, {'avg_silhouette': 0.13574502153106063, 'num_points': 301}, {'avg_silhouette': -0.12738206953043585, 'num_points': 983}, {'avg_silhouette': 0.5504281232053112, 'num_points': 217}, {'avg_silhouette': 0.08490802071989649, 'num_points': 65}, {'avg_silhouette': -0.04328737853255049, 'num_points': 284}, {'avg_silhouette': 0.5878384430026633, 'num_points': 32}, {'avg_silhouette': 0.13480768840999044, 'num_points': 370}, {'avg_silhouette': -0.05510726361292148, 'num_points': 198}, {'avg_silhouette': 0.22926197221563804, 'num_points': 83}]",,24,0.3658798353381025,,4,0.30881118490315773
K-means,,,"[{'avg_silhouette': 0.6312931136835083, 'num_points': 615}, {'avg_silhouette': -0.06771407258054754, 'num_points': 410}, {'avg_silhouette': 0.48506635166665946, 'num_points': 6008}, {'avg_silhouette': 0.17140946095826814, 'num_points': 965}, {'avg_silhouette': 0.043670050655801075, 'num_points': 271}, {'avg_silhouette': 0.3340717941194537, 'num_points': 166}, {'avg_silhouette': 0.018422337493553338, 'num_points': 705}, {'avg_silhouette': 0.026838003975809932, 'num_points': 414}, {'avg_silhouette': 0.29485465800714195, 'num_points': 540}]",,9,0.3656411694323064,,5,0.32020918436182627
AGGLC,ward,,"[{'avg_silhouette': 0.6230487299684015, 'num_points': 4591}, {'avg_silhouette': 0.19247558094618997, 'num_points': 915}, {'avg_silhouette': -0.10814807708277943, 'num_points': 98}, {'avg_silhouette': -0.13000918943180134, 'num_points': 673}, {'avg_silhouette': 0.3189573113057308, 'num_points': 166}, {'avg_silhouette': -0.07664021716704646, 'num_points': 136}, {'avg_silhouette': 0.41359652871167835, 'num_points': 401}, {'avg_silhouette': -0.10776123307959296, 'num_points': 486}, {'avg_silhouette': -0.018104416771313206, 'num_points': 106}, {'avg_silhouette': 0.035764801365781404, 'num_points': 236}, {'avg_silhouette': 0.7828110182318185, 'num_points': 52}, {'avg_silhouette': 0.6365562045495756, 'num_points': 602}, {'avg_silhouette': -0.024475792958459475, 'num_points': 340}, {'avg_silhouette': 0.14144597007629087, 'num_points': 97}, {'avg_silhouette': 0.015556102075033522, 'num_points': 557}, {'avg_silhouette': -0.015512971867493713, 'num_points': 287}, {'avg_silhouette': -0.04738198829501216, 'num_points': 111}, {'avg_silhouette': 0.5912615694495454, 'num_points': 32}, {'avg_silhouette': 0.5865106734916546, 'num_points': 208}]",,19,0.3635963850553229,,5,0.2675254856214798
AGGLC,ward,,"[{'avg_silhouette': -0.1681107801611191, 'num_points': 705}, {'avg_silhouette': -0.18461054602176508, 'num_points': 217}, {'avg_silhouette': -0.10811466268100581, 'num_points': 98}, {'avg_silhouette': 0.6405942888006829, 'num_points': 4591}, {'avg_silhouette': 0.3222990631526892, 'num_points': 166}, {'avg_silhouette': -0.07646371712614657, 'num_points': 136}, {'avg_silhouette': 0.41359652871167835, 'num_points': 401}, {'avg_silhouette': 0.19321702859681017, 'num_points': 915}, {'avg_silhouette': 0.5865106734916546, 'num_points': 208}, {'avg_silhouette': 0.036221256436913284, 'num_points': 236}, {'avg_silhouette': 0.7828110182318185, 'num_points': 52}, {'avg_silhouette': 0.6365562045495756, 'num_points': 602}, {'avg_silhouette': -0.024448176844341314, 'num_points': 340}, {'avg_silhouette': 0.14144597007629087, 'num_points': 97}, {'avg_silhouette': 0.01608456342343718, 'num_points': 557}, {'avg_silhouette': -0.014915806987555532, 'num_points': 287}, {'avg_silhouette': -0.10713666693282135, 'num_points': 486}]",,17,0.363583920282268,,5,0.26366826104187735
AGGLC,ward,,"[{'avg_silhouette': 0.10581747723684246, 'num_points': 664}, {'avg_silhouette': 0.5398482470461381, 'num_points': 6644}, {'avg_silhouette': 0.01574676339063951, 'num_points': 1825}, {'avg_silhouette': -0.02226422165907136, 'num_points': 961}]",,4,0.363023230080578,,4,0.15978706650363717
AGGLC,ward,,"[{'avg_silhouette': -0.20528040262737712, 'num_points': 1191}, {'avg_silhouette': -0.18276709858859222, 'num_points': 217}, {'avg_silhouette': -0.10745362948242705, 'num_points': 98}, {'avg_silhouette': 0.6536441903597757, 'num_points': 4591}, {'avg_silhouette': 0.3223033785859805, 'num_points': 166}, {'avg_silhouette': -0.07646371712614657, 'num_points': 136}, {'avg_silhouette': 0.41359652871167835, 'num_points': 401}, {'avg_silhouette': 0.19335318775549476, 'num_points': 915}, {'avg_silhouette': 0.5865542916374104, 'num_points': 208}, {'avg_silhouette': 0.037802005846656814, 'num_points': 236}, {'avg_silhouette': 0.7828110182318185, 'num_points': 52}, {'avg_silhouette': 0.6367393609718105, 'num_points': 602}, {'avg_silhouette': -0.023612660152047982, 'num_points': 340}, {'avg_silhouette': 0.14144597007629087, 'num_points': 97}, {'avg_silhouette': 0.01704630184092365, 'num_points': 557}, {'avg_silhouette': -0.012688528013274226, 'num_points': 287}]",,16,0.36244969724391374,,5,0.25910052766012553
K-means,,,"[{'avg_silhouette': -0.1825322250092969, 'num_points': 1198}, {'avg_silhouette': 0.6485709138870387, 'num_points': 4919}, {'avg_silhouette': -0.05195292041360013, 'num_points': 643}, {'avg_silhouette': 0.0725363108359856, 'num_points': 98}, {'avg_silhouette': 0.6010046376969582, 'num_points': 621}, {'avg_silhouette': 0.13638568785655855, 'num_points': 1412}, {'avg_silhouette': 0.3387007027584693, 'num_points': 475}, {'avg_silhouette': -0.033248901617218565, 'num_points': 728}]",,8,0.3613857395662172,,6,0.18637119873340666
AGGLC,ward,,"[{'avg_silhouette': -0.07359587103380594, 'num_points': 627}, {'avg_silhouette': -0.18156731345040872, 'num_points': 217}, {'avg_silhouette': -0.20479842887033695, 'num_points': 1191}, {'avg_silhouette': 0.6536441903597757, 'num_points': 4591}, {'avg_silhouette': 0.3233564097483605, 'num_points': 166}, {'avg_silhouette': -0.09722007554212754, 'num_points': 98}, {'avg_silhouette': 0.41359652871167835, 'num_points': 401}, {'avg_silhouette': 0.20534851811278101, 'num_points': 915}, {'avg_silhouette': 0.5865542916374104, 'num_points': 208}, {'avg_silhouette': 0.05298049677898496, 'num_points': 236}, {'avg_silhouette': 0.7828110182318185, 'num_points': 52}, {'avg_silhouette': 0.6367393609718105, 'num_points': 602}, {'avg_silhouette': -0.07548367702062654, 'num_points': 136}, {'avg_silhouette': 0.14144597007629087, 'num_points': 97}, {'avg_silhouette': 0.01707392775554011, 'num_points': 557}]",,15,0.3606906226112382,,6,0.2057352828826274
AGGLC,ward,,"[{'avg_silhouette': -0.18461054602176508, 'num_points': 217}, {'avg_silhouette': 0.6230487299684015, 'num_points': 4591}, {'avg_silhouette': -0.10814807708277943, 'num_points': 98}, {'avg_silhouette': 0.19321702859681017, 'num_points': 915}, {'avg_silhouette': 0.3191354732739279, 'num_points': 166}, {'avg_silhouette': -0.07646371712614657, 'num_points': 136}, {'avg_silhouette': 0.41359652871167835, 'num_points': 401}, {'avg_silhouette': -0.13000918943180134, 'num_points': 673}, {'avg_silhouette': 0.5865106734916546, 'num_points': 208}, {'avg_silhouette': 0.036221256436913284, 'num_points': 236}, {'avg_silhouette': 0.7828110182318185, 'num_points': 52}, {'avg_silhouette': 0.6365562045495756, 'num_points': 602}, {'avg_silhouette': -0.024475792958459475, 'num_points': 340}, {'avg_silhouette': 0.14144597007629087, 'num_points': 97}, {'avg_silhouette': 0.01608456342343718, 'num_points': 557}, {'avg_silhouette': -0.014915806987555532, 'num_points': 287}, {'avg_silhouette': -0.10718521774213488, 'num_points': 486}, {'avg_silhouette': 0.5912615694495454, 'num_points': 32}]",,18,0.3604958689097689,,5,0.26777946742128467
K-means,,,"[{'avg_silhouette': -0.16002090997544924, 'num_points': 983}, {'avg_silhouette': 0.09084227209837735, 'num_points': 104}, {'avg_silhouette': -0.055989531150624335, 'num_points': 340}, {'avg_silhouette': 0.05437245761389521, 'num_points': 365}, {'avg_silhouette': 0.03313136431984465, 'num_points': 271}, {'avg_silhouette': 0.010206016529225148, 'num_points': 638}, {'avg_silhouette': 0.6658938686285281, 'num_points': 4672}, {'avg_silhouette': -0.03195154374671096, 'num_points': 81}, {'avg_silhouette': 0.1503630091384187, 'num_points': 768}, {'avg_silhouette': -0.07872715411489216, 'num_points': 438}, {'avg_silhouette': 0.7829779410712033, 'num_points': 52}, {'avg_silhouette': 0.6029506765421193, 'num_points': 618}, {'avg_silhouette': 0.35193664992192325, 'num_points': 450}, {'avg_silhouette': -0.017002838812164352, 'num_points': 314}]",,14,0.3590530944450276,,5,0.2538785321725684
AGGLC,ward,,"[{'avg_silhouette': -0.13391015122431849, 'num_points': 774}, {'avg_silhouette': -0.07302609364977487, 'num_points': 627}, {'avg_silhouette': -0.20318736206402072, 'num_points': 1191}, {'avg_silhouette': 0.6537366895858335, 'num_points': 4591}, {'avg_silhouette': 0.3236363871039276, 'num_points': 166}, {'avg_silhouette': -0.09719522568237918, 'num_points': 98}, {'avg_silhouette': 0.41359652871167835, 'num_points': 401}, {'avg_silhouette': 0.22009172714050199, 'num_points': 915}, {'avg_silhouette': 0.5865542916374104, 'num_points': 208}, {'avg_silhouette': 0.05524153156936144, 'num_points': 236}, {'avg_silhouette': 0.7828110182318185, 'num_points': 52}, {'avg_silhouette': 0.6367393609718105, 'num_points': 602}, {'avg_silhouette': -0.061025704604950194, 'num_points': 136}, {'avg_silhouette': 0.14144597007629087, 'num_points': 97}]",,14,0.35524015732403064,,6,0.18340736179333864
K-means,,,"[{'avg_silhouette': 0.27063825630886823, 'num_points': 563}, {'avg_silhouette': 0.4716061092150765, 'num_points': 6064}, {'avg_silhouette': -0.02930576072993129, 'num_points': 418}, {'avg_silhouette': 0.029842676331096312, 'num_points': 696}, {'avg_silhouette': 0.6204698774261631, 'num_points': 620}, {'avg_silhouette': -0.04468379335398407, 'num_points': 512}, {'avg_silhouette': 0.16492649633403633, 'num_points': 1221}]",,7,0.35505230366101526,,6,0.2521332703768761
AGGLC,ward,,"[{'avg_silhouette': 0.3045784251722602, 'num_points': 498}, {'avg_silhouette': -0.06909141715015887, 'num_points': 627}, {'avg_silhouette': -0.13391015122431849, 'num_points': 774}, {'avg_silhouette': 0.6537366895858335, 'num_points': 4591}, {'avg_silhouette': 0.32716092153173437, 'num_points': 166}, {'avg_silhouette': -0.0932944066274896, 'num_points': 98}, {'avg_silhouette': -0.20233504155646514, 'num_points': 1191}, {'avg_silhouette': 0.22594156427116896, 'num_points': 915}, {'avg_silhouette': 0.5865542916374104, 'num_points': 208}, {'avg_silhouette': 0.056884565020918404, 'num_points': 236}, {'avg_silhouette': 0.7828110182318185, 'num_points': 52}, {'avg_silhouette': 0.6367393609718105, 'num_points': 602}, {'avg_silhouette': -0.053183155846989474, 'num_points': 136}]",,13,0.35359205359878454,,6,0.18518016748297841
K-means,,,"[{'avg_silhouette': -0.18098232750970414, 'num_points': 1192}, {'avg_silhouette': 0.648771010907263, 'num_points': 4914}, {'avg_silhouette': -0.03476763060452539, 'num_points': 424}, {'avg_silhouette': 0.09043627146878334, 'num_points': 691}, {'avg_silhouette': 0.600814770674848, 'num_points': 621}, {'avg_silhouette': 0.1016627972938055, 'num_points': 532}, {'avg_silhouette': -0.06748456472180932, 'num_points': 127}, {'avg_silhouette': 0.1165232818299981, 'num_points': 89}, {'avg_silhouette': 0.22707209744257298, 'num_points': 288}, {'avg_silhouette': -0.004809318308143899, 'num_points': 82}, {'avg_silhouette': 0.003404328592288229, 'num_points': 668}, {'avg_silhouette': 0.048509128972729625, 'num_points': 262}, {'avg_silhouette': 0.18277919272418341, 'num_points': 204}]",,13,0.3533131814044332,,6,0.21068447523788067
AGGLC,ward,,"[{'avg_silhouette': -0.11584201580656261, 'num_points': 725}, {'avg_silhouette': 0.30477925064318623, 'num_points': 498}, {'avg_silhouette': -0.13383084747915222, 'num_points': 774}, {'avg_silhouette': 0.6537366895858335, 'num_points': 4591}, {'avg_silhouette': 0.32747438063169804, 'num_points': 166}, {'avg_silhouette': -0.052893434679523364, 'num_points': 136}, {'avg_silhouette': -0.20215663905038417, 'num_points': 1191}, {'avg_silhouette': 0.23100423127224273, 'num_points': 915}, {'avg_silhouette': 0.5865542916374104, 'num_points': 208}, {'avg_silhouette': 0.06561300646629796, 'num_points': 236}, {'avg_silhouette': 0.7828110182318185, 'num_points': 52}, {'avg_silhouette': 0.6367393609718105, 'num_points': 602}]",,12,0.3511782698943432,,6,0.1782751299156313
AGGLC,ward,,"[{'avg_silhouette': 0.13882667355066017, 'num_points': 1051}, {'avg_silhouette': -0.08543292972794903, 'num_points': 725}, {'avg_silhouette': -0.1268259748246862, 'num_points': 774}, {'avg_silhouette': 0.30666573931259344, 'num_points': 498}, {'avg_silhouette': 0.3311767909450874, 'num_points': 166}, {'avg_silhouette': 0.6367393609718105, 'num_points': 602}, {'avg_silhouette': -0.20195013366049241, 'num_points': 1191}, {'avg_silhouette': 0.6537366895858335, 'num_points': 4591}, {'avg_silhouette': 0.5865542916374104, 'num_points': 208}, {'avg_silhouette': 0.08618922913299347, 'num_points': 236}, {'avg_silhouette': 0.7828110182318185, 'num_points': 52}]",,11,0.34878633767556944,,6,0.1691822809825294
AGGLC,ward,,"[{'avg_silhouette': -0.2199727396741849, 'num_points': 1243}, {'avg_silhouette': -0.08508941300964762, 'num_points': 725}, {'avg_silhouette': 0.13883918347847252, 'num_points': 1051}, {'avg_silhouette': 0.30666573931259344, 'num_points': 498}, {'avg_silhouette': 0.3311895729785421, 'num_points': 166}, {'avg_silhouette': 0.6367393609718105, 'num_points': 602}, {'avg_silhouette': -0.12664165719271037, 'num_points': 774}, {'avg_silhouette': 0.6668191720759388, 'num_points': 4591}, {'avg_silhouette': 0.5865542916374104, 'num_points': 208}, {'avg_silhouette': 0.0864092069375356, 'num_points': 236}]",,10,0.3474896162489919,,6,0.16844898444161316
AGGLC,ward,,"[{'avg_silhouette': -0.07910448601738503, 'num_points': 961}, {'avg_silhouette': -0.21994789517981037, 'num_points': 1243}, {'avg_silhouette': 0.14041717851682267, 'num_points': 1051}, {'avg_silhouette': 0.3072011388926743, 'num_points': 498}, {'avg_silhouette': 0.33684270213030404, 'num_points': 166}, {'avg_silhouette': 0.6367393609718105, 'num_points': 602}, {'avg_silhouette': -0.12644195572347305, 'num_points': 774}, {'avg_silhouette': 0.6668191720759388, 'num_points': 4591}, {'avg_silhouette': 0.5865542916374104, 'num_points': 208}]",,9,0.34435179302639485,,6,0.1697468957739839
AGGLC,ward,,"[{'avg_silhouette': 0.46419804062620423, 'num_points': 6042}, {'avg_silhouette': -0.07743105288574156, 'num_points': 961}, {'avg_silhouette': 0.15284932581670085, 'num_points': 1051}, {'avg_silhouette': 0.336441541524863, 'num_points': 498}, {'avg_silhouette': 0.344417281353968, 'num_points': 166}, {'avg_silhouette': 0.6569290754331858, 'num_points': 602}, {'avg_silhouette': -0.07823939846321923, 'num_points': 774}]",,7,0.3418419978658676,,5,0.223661198105426
AGGLC,ward,,"[{'avg_silhouette': -0.0010302454567829324, 'num_points': 1825}, {'avg_silhouette': -0.02989794560383698, 'num_points': 961}, {'avg_silhouette': 0.4650395098648405, 'num_points': 6042}, {'avg_silhouette': 0.3386308608323502, 'num_points': 498}, {'avg_silhouette': 0.34942307502222103, 'num_points': 166}, {'avg_silhouette': 0.6569290754331858, 'num_points': 602}]",,6,0.33695960941930125,,4,0.27276009855935157
K-means,,,"[{'avg_silhouette': 0.026908161619704413, 'num_points': 135}, {'avg_silhouette': 0.5172373487223053, 'num_points': 4461}, {'avg_silhouette': -0.03130000664330062, 'num_points': 254}, {'avg_silhouette': 0.09438792147757198, 'num_points': 150}, {'avg_silhouette': 0.6174313125575543, 'num_points': 612}, {'avg_silhouette': -0.09815027268822517, 'num_points': 24}, {'avg_silhouette': 0.38307405640685305, 'num_points': 424}, {'avg_silhouette': 0.152669480550982, 'num_points': 349}, {'avg_silhouette': 0.17262648032804798, 'num_points': 577}, {'avg_silhouette': 0.4260811280657551, 'num_points': 83}, {'avg_silhouette': 0.548930216160032, 'num_points': 217}, {'avg_silhouette': -0.02963713023987185, 'num_points': 264}, {'avg_silhouette': 0.06277372251018296, 'num_points': 134}, {'avg_silhouette': -0.0021827711621290463, 'num_points': 73}, {'avg_silhouette': 0.7820790624819249, 'num_points': 52}, {'avg_silhouette': 0.19521657979128615, 'num_points': 20}, {'avg_silhouette': 0.10551399337409603, 'num_points': 104}, {'avg_silhouette': 0.16768280675124797, 'num_points': 108}, {'avg_silhouette': 0.1343359973023472, 'num_points': 176}, {'avg_silhouette': -0.13218347130531868, 'num_points': 55}, {'avg_silhouette': 0.1771969792844821, 'num_points': 152}, {'avg_silhouette': -0.032663082882980435, 'num_points': 58}, {'avg_silhouette': -0.040098019025846046, 'num_points': 305}, {'avg_silhouette': 0.06664264503852242, 'num_points': 41}, {'avg_silhouette': -0.01925614936565369, 'num_points': 682}, {'avg_silhouette': 0.2289132341460989, 'num_points': 83}, {'avg_silhouette': 0.10509062305944088, 'num_points': 45}, {'avg_silhouette': 0.14838729380336985, 'num_points': 265}, {'avg_silhouette': -0.03251281601913792, 'num_points': 11}, {'avg_silhouette': 0.33881455193670507, 'num_points': 49}, {'avg_silhouette': 0.5876572992994582, 'num_points': 32}, {'avg_silhouette': 0.13909654262495993, 'num_points': 99}]",,32,0.3335921646127214,,4,0.3220097480605635
K-means,,,"[{'avg_silhouette': 0.10343097371910455, 'num_points': 95}, {'avg_silhouette': 0.6473188188999508, 'num_points': 4906}, {'avg_silhouette': 0.12262560162873348, 'num_points': 145}, {'avg_silhouette': -0.06918079969707287, 'num_points': 122}, {'avg_silhouette': -0.016083380719990284, 'num_points': 348}, {'avg_silhouette': 0.361073431740559, 'num_points': 456}, {'avg_silhouette': 0.21564530693246173, 'num_points': 845}, {'avg_silhouette': -0.0011116898758478015, 'num_points': 323}, {'avg_silhouette': -0.10502952203723424, 'num_points': 1748}, {'avg_silhouette': -0.07041538419425822, 'num_points': 313}, {'avg_silhouette': 0.031171537704771463, 'num_points': 153}, {'avg_silhouette': 0.011449374855077963, 'num_points': 640}]",,12,0.33111666584237753,,4,0.19234599466256405
AGGLC,ward,,"[{'avg_silhouette': -0.21523841218501746, 'num_points': 1451}, {'avg_silhouette': -0.07880912408420974, 'num_points': 961}, {'avg_silhouette': 0.14112998754435388, 'num_points': 1051}, {'avg_silhouette': 0.3072011388926743, 'num_points': 498}, {'avg_silhouette': 0.3390480218531465, 'num_points': 166}, {'avg_silhouette': 0.6367393609718105, 'num_points': 602}, {'avg_silhouette': -0.1252136554685577, 'num_points': 774}, {'avg_silhouette': 0.672078118147001, 'num_points': 4591}]",,8,0.33103443805876287,,6,0.17178104582089673
DBSCAN,,0.5283123951776989,"[{'avg_silhouette': 0.3644351360997195, 'num_points': 9161}, {'avg_silhouette': 0.25907388137519344, 'num_points': 127}, {'avg_silhouette': 0.7308321623857083, 'num_points': 28}, {'avg_silhouette': 0.8150098583771082, 'num_points': 51}, {'avg_silhouette': 0.5865904162524943, 'num_points': 6}, {'avg_silhouette': 0.5680666461935865, 'num_points': 14}, {'avg_silhouette': 0.6687612040493754, 'num_points': 17}, {'avg_silhouette': 0.882056652804713, 'num_points': 7}, {'avg_silhouette': 0.5598077444855115, 'num_points': 7}, {'avg_silhouette': 0.3844728260520749, 'num_points': 5}]",5.0,10,0.3302288373107956,,1,
DBSCAN,,0.5183123951776989,"[{'avg_silhouette': 0.36443022161321015, 'num_points': 9132}, {'avg_silhouette': 0.26320160440783674, 'num_points': 122}, {'avg_silhouette': 0.7305937834989519, 'num_points': 28}, {'avg_silhouette': 0.8148367235304115, 'num_points': 51}, {'avg_silhouette': 0.5658692536736986, 'num_points': 14}, {'avg_silhouette': 0.668503016087682, 'num_points': 17}, {'avg_silhouette': 0.8819391619768081, 'num_points': 7}, {'avg_silhouette': 0.6100933866221716, 'num_points': 5}, {'avg_silhouette': 0.5491092033122266, 'num_points': 7}, {'avg_silhouette': 0.38411064287505325, 'num_points': 5}]",5.0,10,0.32778941365489517,,1,
DBSCAN,,0.4983123951776989,"[{'avg_silhouette': 0.6569524325612356, 'num_points': 197}, {'avg_silhouette': 0.44784222007583807, 'num_points': 6057}, {'avg_silhouette': 0.2025121533395376, 'num_points': 47}, {'avg_silhouette': 0.05627282175640139, 'num_points': 1720}, {'avg_silhouette': 0.20017361071990078, 'num_points': 132}, {'avg_silhouette': 0.7668177911435801, 'num_points': 25}, {'avg_silhouette': 0.6679506349263202, 'num_points': 591}, {'avg_silhouette': 0.8255093935099486, 'num_points': 49}, {'avg_silhouette': 0.2688383579788642, 'num_points': 33}, {'avg_silhouette': 0.39147313252208565, 'num_points': 53}, {'avg_silhouette': 0.30188836818697407, 'num_points': 30}, {'avg_silhouette': 0.5919523121776876, 'num_points': 38}, {'avg_silhouette': 0.453789358271625, 'num_points': 14}, {'avg_silhouette': 0.7025153679921371, 'num_points': 15}, {'avg_silhouette': 0.4228583394248429, 'num_points': 15}, {'avg_silhouette': 0.36288481114195614, 'num_points': 28}, {'avg_silhouette': 0.28552651887259106, 'num_points': 27}, {'avg_silhouette': 0.7018634061762606, 'num_points': 14}, {'avg_silhouette': 0.3393852223825137, 'num_points': 31}, {'avg_silhouette': 0.8359076511183314, 'num_points': 34}]",10.0,20,0.3266117950003892,,3,0.3906885589195199
DBSCAN,,0.47831239517769886,"[{'avg_silhouette': 0.6562688949173927, 'num_points': 197}, {'avg_silhouette': 0.4524521162209659, 'num_points': 6038}, {'avg_silhouette': 0.21690023125519192, 'num_points': 45}, {'avg_silhouette': 0.05227945365470583, 'num_points': 1687}, {'avg_silhouette': 0.21517521341047097, 'num_points': 125}, {'avg_silhouette': 0.7666355287629609, 'num_points': 25}, {'avg_silhouette': 0.6672909795659441, 'num_points': 591}, {'avg_silhouette': 0.8253726987664008, 'num_points': 49}, {'avg_silhouette': 0.26563396023889696, 'num_points': 33}, {'avg_silhouette': 0.4061601752348801, 'num_points': 52}, {'avg_silhouette': 0.29791787134319264, 'num_points': 30}, {'avg_silhouette': 0.5911872515262374, 'num_points': 38}, {'avg_silhouette': 0.7023253862215442, 'num_points': 15}, {'avg_silhouette': 0.4219660772924694, 'num_points': 15}, {'avg_silhouette': 0.30753774216790164, 'num_points': 24}, {'avg_silhouette': 0.7011653225103813, 'num_points': 14}, {'avg_silhouette': 0.3950593271428248, 'num_points': 25}, {'avg_silhouette': 0.35470105006534747, 'num_points': 30}, {'avg_silhouette': 0.45109304060280264, 'num_points': 14}, {'avg_silhouette': 0.8344833643543837, 'num_points': 34}]",10.0,20,0.3257966922891405,,3,0.3906741831472053
DBSCAN,,0.46831239517769885,"[{'avg_silhouette': 0.6560849835708311, 'num_points': 197}, {'avg_silhouette': 0.45353060670502987, 'num_points': 6034}, {'avg_silhouette': 0.21690023125519192, 'num_points': 45}, {'avg_silhouette': 0.05306582700076506, 'num_points': 1672}, {'avg_silhouette': 0.21888380064976504, 'num_points': 122}, {'avg_silhouette': 0.7665839047365637, 'num_points': 25}, {'avg_silhouette': 0.6671153027862872, 'num_points': 591}, {'avg_silhouette': 0.8253349017952039, 'num_points': 49}, {'avg_silhouette': 0.2653819442110611, 'num_points': 33}, {'avg_silhouette': 0.40592627208786475, 'num_points': 52}, {'avg_silhouette': 0.29671215093252007, 'num_points': 30}, {'avg_silhouette': 0.5909796292023927, 'num_points': 38}, {'avg_silhouette': 0.7022675548786677, 'num_points': 15}, {'avg_silhouette': 0.42171090187490673, 'num_points': 15}, {'avg_silhouette': 0.30753774216790164, 'num_points': 24}, {'avg_silhouette': 0.7009842771225341, 'num_points': 14}, {'avg_silhouette': 0.40484144938681527, 'num_points': 24}, {'avg_silhouette': 0.35470105006534747, 'num_points': 30}, {'avg_silhouette': 0.45109304060280264, 'num_points': 14}, {'avg_silhouette': 0.8344833643543837, 'num_points': 34}]",10.0,20,0.3257142587317707,,3,0.39123724549736066
DBSCAN,,0.45831239517769884,"[{'avg_silhouette': 0.6559345734614154, 'num_points': 197}, {'avg_silhouette': 0.45439671127719666, 'num_points': 6030}, {'avg_silhouette': 0.05475991822061714, 'num_points': 1659}, {'avg_silhouette': 0.23183328733915268, 'num_points': 42}, {'avg_silhouette': 0.22245115461332943, 'num_points': 118}, {'avg_silhouette': 0.7665446579456081, 'num_points': 25}, {'avg_silhouette': 0.6669704541788544, 'num_points': 591}, {'avg_silhouette': 0.8253042359224415, 'num_points': 49}, {'avg_silhouette': 0.3401531994001815, 'num_points': 28}, {'avg_silhouette': 0.40566872888757294, 'num_points': 52}, {'avg_silhouette': 0.30189046598286357, 'num_points': 29}, {'avg_silhouette': 0.5908138807752078, 'num_points': 38}, {'avg_silhouette': 0.7022232751878491, 'num_points': 15}, {'avg_silhouette': 0.4215156524824189, 'num_points': 15}, {'avg_silhouette': 0.3132790363304829, 'num_points': 23}, {'avg_silhouette': 0.7008279551654375, 'num_points': 14}, {'avg_silhouette': 0.40459332927167324, 'num_points': 24}, {'avg_silhouette': 0.35470105006534747, 'num_points': 30}, {'avg_silhouette': 0.4467572615659826, 'num_points': 14}, {'avg_silhouette': 0.8344833643543837, 'num_points': 34}]",10.0,20,0.32526117591247883,,3,0.3920423612255561
DBSCAN,,0.44831239517769883,"[{'avg_silhouette': 0.6555665547566755, 'num_points': 197}, {'avg_silhouette': 0.45637468856793284, 'num_points': 6019}, {'avg_silhouette': 0.055772188472763204, 'num_points': 1642}, {'avg_silhouette': 0.29344973929615104, 'num_points': 29}, {'avg_silhouette': 0.21798948795014503, 'num_points': 115}, {'avg_silhouette': 0.7664485314123354, 'num_points': 25}, {'avg_silhouette': 0.6666177725100703, 'num_points': 591}, {'avg_silhouette': 0.8252313678901109, 'num_points': 49}, {'avg_silhouette': 0.33928427220007523, 'num_points': 28}, {'avg_silhouette': 0.41305074149661597, 'num_points': 51}, {'avg_silhouette': 0.3351927631750984, 'num_points': 26}, {'avg_silhouette': 0.5904069612633928, 'num_points': 38}, {'avg_silhouette': 0.7021194531071764, 'num_points': 15}, {'avg_silhouette': 0.4210360612370288, 'num_points': 15}, {'avg_silhouette': 0.317980294291897, 'num_points': 22}, {'avg_silhouette': 0.7004745639601937, 'num_points': 14}, {'avg_silhouette': 0.4105604517401331, 'num_points': 23}, {'avg_silhouette': 0.3544361597535908, 'num_points': 30}, {'avg_silhouette': 0.41170614965437, 'num_points': 13}, {'avg_silhouette': 0.41581646518069776, 'num_points': 12}, {'avg_silhouette': 0.8344833643543837, 'num_points': 34}]",10.0,21,0.3248417642950407,,3,0.3929215498502554
DBSCAN,,0.48831239517769887,"[{'avg_silhouette': 0.6565388650569995, 'num_points': 197}, {'avg_silhouette': 0.4503304016394307, 'num_points': 6046}, {'avg_silhouette': 0.2025121533395376, 'num_points': 47}, {'avg_silhouette': 0.04658106770072378, 'num_points': 1702}, {'avg_silhouette': 0.20913980610463687, 'num_points': 127}, {'avg_silhouette': 0.7667057193730785, 'num_points': 25}, {'avg_silhouette': 0.6675521704790703, 'num_points': 591}, {'avg_silhouette': 0.8254257767671271, 'num_points': 49}, {'avg_silhouette': 0.26803829112403904, 'num_points': 33}, {'avg_silhouette': 0.3906812158671597, 'num_points': 53}, {'avg_silhouette': 0.2996397722091151, 'num_points': 30}, {'avg_silhouette': 0.591486066934325, 'num_points': 38}, {'avg_silhouette': 0.3956295315249696, 'num_points': 9}, {'avg_silhouette': 0.453789358271625, 'num_points': 14}, {'avg_silhouette': 0.702396712283013, 'num_points': 15}, {'avg_silhouette': 0.4223114015400088, 'num_points': 15}, {'avg_silhouette': 0.3707574424222127, 'num_points': 27}, {'avg_silhouette': 0.2926346315894304, 'num_points': 26}, {'avg_silhouette': 0.7014455477615823, 'num_points': 14}, {'avg_silhouette': 0.3393852223825137, 'num_points': 31}, {'avg_silhouette': 0.8359076511183314, 'num_points': 34}]",10.0,21,0.32390073175126044,,3,0.38815454660640825
K-means,,,"[{'avg_silhouette': 0.1543036387316844, 'num_points': 165}, {'avg_silhouette': 0.5197165282762446, 'num_points': 4455}, {'avg_silhouette': 0.09481843860110892, 'num_points': 143}, {'avg_silhouette': 0.5491000169479034, 'num_points': 217}, {'avg_silhouette': 0.4299404555959012, 'num_points': 83}, {'avg_silhouette': 0.09522151753246959, 'num_points': 93}, {'avg_silhouette': -0.09328241585432641, 'num_points': 749}, {'avg_silhouette': 0.017297868370027947, 'num_points': 268}, {'avg_silhouette': 0.6175185146238553, 'num_points': 612}, {'avg_silhouette': -0.02218076950883731, 'num_points': 245}, {'avg_silhouette': -0.09292177468517103, 'num_points': 108}, {'avg_silhouette': -0.03090602941928775, 'num_points': 261}, {'avg_silhouette': 0.3824736082570915, 'num_points': 442}, {'avg_silhouette': 0.22926806776040629, 'num_points': 83}, {'avg_silhouette': 0.14337051685618288, 'num_points': 267}, {'avg_silhouette': -0.03929350045444054, 'num_points': 323}, {'avg_silhouette': 0.2127848534481841, 'num_points': 617}, {'avg_silhouette': 0.06873858623670406, 'num_points': 125}, {'avg_silhouette': 0.7820839787508453, 'num_points': 52}, {'avg_silhouette': -0.01133576624759221, 'num_points': 79}, {'avg_silhouette': -0.04912603109635829, 'num_points': 85}, {'avg_silhouette': 0.1341852414736924, 'num_points': 360}, {'avg_silhouette': 0.051979228098770446, 'num_points': 262}]",,23,0.32279350234034,,4,0.31418437012348943
DBSCAN,,0.4383123951776988,"[{'avg_silhouette': 0.6553003992277276, 'num_points': 197}, {'avg_silhouette': 0.45800778810270854, 'num_points': 6009}, {'avg_silhouette': 0.04187741161303908, 'num_points': 1626}, {'avg_silhouette': 0.2859777141354758, 'num_points': 29}, {'avg_silhouette': 0.22596097702058324, 'num_points': 110}, {'avg_silhouette': 0.7663807545072746, 'num_points': 25}, {'avg_silhouette': 0.6663607960088401, 'num_points': 591}, {'avg_silhouette': 0.8251809185938919, 'num_points': 49}, {'avg_silhouette': 0.33357526421107664, 'num_points': 28}, {'avg_silhouette': 0.4221402076953693, 'num_points': 50}, {'avg_silhouette': 0.3562458581969614, 'num_points': 23}, {'avg_silhouette': 0.590113591370686, 'num_points': 38}, {'avg_silhouette': 0.7020485472586228, 'num_points': 15}, {'avg_silhouette': 0.45736206794025824, 'num_points': 14}, {'avg_silhouette': 0.44314469140486795, 'num_points': 15}, {'avg_silhouette': 0.7001808329841019, 'num_points': 14}, {'avg_silhouette': 0.42703416969791763, 'num_points': 21}, {'avg_silhouette': 0.35405125999874504, 'num_points': 30}, {'avg_silhouette': 0.41170614965437, 'num_points': 13}, {'avg_silhouette': 0.435787105574043, 'num_points': 11}, {'avg_silhouette': 0.8344833643543837, 'num_points': 34}]",10.0,21,0.3212635368006909,,3,0.38874866524152923
DBSCAN,,0.4283123951776988,"[{'avg_silhouette': 0.6550982342015687, 'num_points': 197}, {'avg_silhouette': 0.45935506242515156, 'num_points': 6002}, {'avg_silhouette': 0.04492487135888022, 'num_points': 1596}, {'avg_silhouette': 0.30809750614418563, 'num_points': 28}, {'avg_silhouette': 0.23036710142018024, 'num_points': 107}, {'avg_silhouette': 0.7831823847635985, 'num_points': 24}, {'avg_silhouette': 0.6681495016236996, 'num_points': 590}, {'avg_silhouette': 0.8251412010785892, 'num_points': 49}, {'avg_silhouette': 0.346031982999276, 'num_points': 27}, {'avg_silhouette': 0.437097826893389, 'num_points': 49}, {'avg_silhouette': 0.35516593307958144, 'num_points': 23}, {'avg_silhouette': 0.5898901365982383, 'num_points': 38}, {'avg_silhouette': 0.7019941625353714, 'num_points': 15}, {'avg_silhouette': 0.49096836517209724, 'num_points': 13}, {'avg_silhouette': 0.44691302802358146, 'num_points': 15}, {'avg_silhouette': 0.6999703541573403, 'num_points': 14}, {'avg_silhouette': 0.4558288718981579, 'num_points': 17}, {'avg_silhouette': 0.3539475275223241, 'num_points': 30}, {'avg_silhouette': 0.4066528472181644, 'num_points': 13}, {'avg_silhouette': 0.494187621870688, 'num_points': 10}, {'avg_silhouette': 0.8344833643543837, 'num_points': 34}]",10.0,21,0.3204897143981629,,3,0.3908098118025771
DBSCAN,,0.4183123951776988,"[{'avg_silhouette': 0.6547814454718571, 'num_points': 197}, {'avg_silhouette': 0.4615331686769063, 'num_points': 5991}, {'avg_silhouette': 0.046834836522899145, 'num_points': 1582}, {'avg_silhouette': 0.3327182197096227, 'num_points': 27}, {'avg_silhouette': 0.23285795112350557, 'num_points': 104}, {'avg_silhouette': 0.783106463571689, 'num_points': 24}, {'avg_silhouette': 0.6691837251039067, 'num_points': 589}, {'avg_silhouette': 0.8250793804277662, 'num_points': 49}, {'avg_silhouette': 0.3455375795189867, 'num_points': 27}, {'avg_silhouette': 0.4365503235389622, 'num_points': 49}, {'avg_silhouette': 0.3710705386060194, 'num_points': 22}, {'avg_silhouette': 0.5895373034177469, 'num_points': 38}, {'avg_silhouette': 0.7019021431269283, 'num_points': 15}, {'avg_silhouette': 0.4905743918549769, 'num_points': 13}, {'avg_silhouette': 0.44691302802358146, 'num_points': 15}, {'avg_silhouette': 0.6996357145678982, 'num_points': 14}, {'avg_silhouette': 0.4556596453833634, 'num_points': 17}, {'avg_silhouette': 0.36946144650863944, 'num_points': 29}, {'avg_silhouette': 0.4019144039204027, 'num_points': 13}, {'avg_silhouette': 0.49775769598406655, 'num_points': 10}, {'avg_silhouette': 0.8329275899552467, 'num_points': 34}]",10.0,21,0.3204731469266986,,3,0.3925172434345707
DBSCAN,,0.4083123951776988,"[{'avg_silhouette': 0.6544329509110688, 'num_points': 197}, {'avg_silhouette': 0.46427221370944394, 'num_points': 5977}, {'avg_silhouette': 0.0486940390271713, 'num_points': 1559}, {'avg_silhouette': 0.3327182197096227, 'num_points': 27}, {'avg_silhouette': 0.24458120150343254, 'num_points': 98}, {'avg_silhouette': 0.6707683610189483, 'num_points': 588}, {'avg_silhouette': 0.8350759534085842, 'num_points': 48}, {'avg_silhouette': 0.4359726218879893, 'num_points': 49}, {'avg_silhouette': 0.36803972221957826, 'num_points': 22}, {'avg_silhouette': 0.783024452604787, 'num_points': 24}, {'avg_silhouette': 0.5891524814753031, 'num_points': 38}, {'avg_silhouette': 0.35840980596827676, 'num_points': 26}, {'avg_silhouette': 0.7018093902643405, 'num_points': 15}, {'avg_silhouette': 0.4901558053498987, 'num_points': 13}, {'avg_silhouette': 0.4495506592828052, 'num_points': 15}, {'avg_silhouette': 0.6992630106440231, 'num_points': 14}, {'avg_silhouette': 0.45561914771015577, 'num_points': 17}, {'avg_silhouette': 0.36946144650863944, 'num_points': 29}, {'avg_silhouette': 0.4019144039204027, 'num_points': 13}, {'avg_silhouette': 0.49775769598406655, 'num_points': 10}, {'avg_silhouette': 0.8329275899552467, 'num_points': 34}]",10.0,21,0.3202460603800516,,3,0.39457820458518783
DBSCAN,,0.3983123951776988,"[{'avg_silhouette': 0.6540315417125222, 'num_points': 197}, {'avg_silhouette': 0.4674190965942661, 'num_points': 5961}, {'avg_silhouette': 0.03734758736440476, 'num_points': 1547}, {'avg_silhouette': 0.38500677117883014, 'num_points': 25}, {'avg_silhouette': 0.36751808361050875, 'num_points': 39}, {'avg_silhouette': 0.6703850560716754, 'num_points': 588}, {'avg_silhouette': 0.3085594358575807, 'num_points': 54}, {'avg_silhouette': 0.8350030595003336, 'num_points': 48}, {'avg_silhouette': 0.43527923833751037, 'num_points': 49}, {'avg_silhouette': 0.3295445407082165, 'num_points': 22}, {'avg_silhouette': 0.7829311557454416, 'num_points': 24}, {'avg_silhouette': 0.5887076294599307, 'num_points': 38}, {'avg_silhouette': 0.3735469601041131, 'num_points': 25}, {'avg_silhouette': 0.7225002500886707, 'num_points': 14}, {'avg_silhouette': 0.6988233731236402, 'num_points': 14}, {'avg_silhouette': 0.4601858479214664, 'num_points': 14}, {'avg_silhouette': 0.46168137912538165, 'num_points': 15}, {'avg_silhouette': 0.36946144650863944, 'num_points': 29}, {'avg_silhouette': 0.4896621834396639, 'num_points': 13}, {'avg_silhouette': 0.41008164573915545, 'num_points': 12}, {'avg_silhouette': 0.5065879469105579, 'num_points': 10}, {'avg_silhouette': 0.8329275899552467, 'num_points': 34}]",10.0,22,0.31646252727888535,,3,0.39171724667678215
DBSCAN,,0.48831239517769887,"[{'avg_silhouette': 0.6100816366351262, 'num_points': 197}, {'avg_silhouette': 0.4410854648000708, 'num_points': 6075}, {'avg_silhouette': 0.2025121533395376, 'num_points': 47}, {'avg_silhouette': -0.011484793848078698, 'num_points': 1728}, {'avg_silhouette': 0.20563549136882656, 'num_points': 133}, {'avg_silhouette': 0.7670634815158911, 'num_points': 25}, {'avg_silhouette': 0.635971932927551, 'num_points': 591}, {'avg_silhouette': 0.8257002330516878, 'num_points': 49}, {'avg_silhouette': 0.22472671936592756, 'num_points': 36}, {'avg_silhouette': 0.3931375172968037, 'num_points': 53}, {'avg_silhouette': 0.26913052200794674, 'num_points': 33}, {'avg_silhouette': 0.5739946420546985, 'num_points': 6}, {'avg_silhouette': 0.5929554494930073, 'num_points': 38}, {'avg_silhouette': 0.41835708832989227, 'num_points': 9}, {'avg_silhouette': 0.6012634003622782, 'num_points': 8}, {'avg_silhouette': 0.4240498797449112, 'num_points': 15}, {'avg_silhouette': 0.453789358271625, 'num_points': 14}, {'avg_silhouette': 0.7027896796914347, 'num_points': 15}, {'avg_silhouette': 0.3452847169810095, 'num_points': 30}, {'avg_silhouette': 0.24900043342799116, 'num_points': 33}, {'avg_silhouette': 0.7026859574778203, 'num_points': 14}, {'avg_silhouette': 0.3857590805956421, 'num_points': 11}, {'avg_silhouette': 0.8739254428345069, 'num_points': 7}, {'avg_silhouette': 0.31896512307238506, 'num_points': 31}, {'avg_silhouette': 0.5836894159220447, 'num_points': 7}, {'avg_silhouette': 0.3691934882725576, 'num_points': 11}, {'avg_silhouette': 0.7023722492532699, 'num_points': 6}, {'avg_silhouette': 0.8359076511183314, 'num_points': 34}, {'avg_silhouette': 0.582747126526596, 'num_points': 5}, {'avg_silhouette': 0.6650435518211499, 'num_points': 8}]",5.0,30,0.3162166450174044,,3,0.3551908679598477
DBSCAN,,0.4983123951776989,"[{'avg_silhouette': 0.6100852102871631, 'num_points': 197}, {'avg_silhouette': 0.43979442532941826, 'num_points': 6081}, {'avg_silhouette': 0.2025121533395376, 'num_points': 47}, {'avg_silhouette': -0.011943341212745786, 'num_points': 1734}, {'avg_silhouette': 0.20563549136882656, 'num_points': 133}, {'avg_silhouette': 0.767112738041298, 'num_points': 25}, {'avg_silhouette': 0.6359738828601755, 'num_points': 591}, {'avg_silhouette': 0.8257368927826736, 'num_points': 49}, {'avg_silhouette': 0.2249918826859431, 'num_points': 36}, {'avg_silhouette': 0.3934392446597644, 'num_points': 53}, {'avg_silhouette': 0.26924509693221743, 'num_points': 33}, {'avg_silhouette': 0.5739946420546985, 'num_points': 6}, {'avg_silhouette': 0.5931652682366823, 'num_points': 38}, {'avg_silhouette': 0.41861992808013165, 'num_points': 9}, {'avg_silhouette': 0.6012634003622782, 'num_points': 8}, {'avg_silhouette': 0.4242922243880136, 'num_points': 15}, {'avg_silhouette': 0.453789358271625, 'num_points': 14}, {'avg_silhouette': 0.7028421228499516, 'num_points': 15}, {'avg_silhouette': 0.345312962812484, 'num_points': 30}, {'avg_silhouette': 0.24900043342799116, 'num_points': 33}, {'avg_silhouette': 0.7028777795737217, 'num_points': 14}, {'avg_silhouette': 0.3858275411427293, 'num_points': 11}, {'avg_silhouette': 0.8739541759688072, 'num_points': 7}, {'avg_silhouette': 0.31896512307238506, 'num_points': 31}, {'avg_silhouette': 0.5835607472491883, 'num_points': 7}, {'avg_silhouette': 0.3691934882725576, 'num_points': 11}, {'avg_silhouette': 0.7023722492532699, 'num_points': 6}, {'avg_silhouette': 0.8359076511183314, 'num_points': 34}, {'avg_silhouette': 0.582747126526596, 'num_points': 5}, {'avg_silhouette': 0.6650705325052417, 'num_points': 8}]",5.0,30,0.31594008952584895,,3,0.354608322325616
DBSCAN,,0.47831239517769886,"[{'avg_silhouette': 0.6100727666182869, 'num_points': 197}, {'avg_silhouette': 0.441804489900103, 'num_points': 6063}, {'avg_silhouette': 0.2179394067399726, 'num_points': 45}, {'avg_silhouette': -0.018888239560751217, 'num_points': 1714}, {'avg_silhouette': 0.21598792862616664, 'num_points': 129}, {'avg_silhouette': 0.766942404713799, 'num_points': 25}, {'avg_silhouette': 0.6359675085743721, 'num_points': 591}, {'avg_silhouette': 0.8256083745456897, 'num_points': 49}, {'avg_silhouette': 0.2237056965252759, 'num_points': 36}, {'avg_silhouette': 0.3923578670543322, 'num_points': 53}, {'avg_silhouette': 0.2663536584370681, 'num_points': 33}, {'avg_silhouette': 0.5739946420546985, 'num_points': 6}, {'avg_silhouette': 0.5924495828549808, 'num_points': 38}, {'avg_silhouette': 0.41768868856493296, 'num_points': 9}, {'avg_silhouette': 0.6012634003622782, 'num_points': 8}, {'avg_silhouette': 0.42344703876255296, 'num_points': 15}, {'avg_silhouette': 0.45109304060280264, 'num_points': 14}, {'avg_silhouette': 0.702656182589782, 'num_points': 15}, {'avg_silhouette': 0.3733214258083611, 'num_points': 27}, {'avg_silhouette': 0.25992141752143083, 'num_points': 31}, {'avg_silhouette': 0.7022514190679173, 'num_points': 14}, {'avg_silhouette': 0.41711086171699174, 'num_points': 10}, {'avg_silhouette': 0.8738541955222308, 'num_points': 7}, {'avg_silhouette': 0.31896512307238506, 'num_points': 31}, {'avg_silhouette': 0.46374092911979, 'num_points': 6}, {'avg_silhouette': 0.49724061324702634, 'num_points': 7}, {'avg_silhouette': 0.3771463711762123, 'num_points': 10}, {'avg_silhouette': 0.7023722492532699, 'num_points': 6}, {'avg_silhouette': 0.8359076511183314, 'num_points': 34}, {'avg_silhouette': 0.582747126526596, 'num_points': 5}, {'avg_silhouette': 0.6634315576834882, 'num_points': 8}]",5.0,31,0.31374941570467396,,3,0.3529612529712413
DBSCAN,,0.46831239517769885,"[{'avg_silhouette': 0.6100682557341293, 'num_points': 197}, {'avg_silhouette': 0.44254285149386796, 'num_points': 6058}, {'avg_silhouette': 0.2179394067399726, 'num_points': 45}, {'avg_silhouette': -0.01838793195132998, 'num_points': 1698}, {'avg_silhouette': 0.22301372320548135, 'num_points': 124}, {'avg_silhouette': 0.7668729635993953, 'num_points': 25}, {'avg_silhouette': 0.6359649132372508, 'num_points': 591}, {'avg_silhouette': 0.8255564799228835, 'num_points': 49}, {'avg_silhouette': 0.2397286377335307, 'num_points': 35}, {'avg_silhouette': 0.39197792545270527, 'num_points': 53}, {'avg_silhouette': 0.26465078948114407, 'num_points': 33}, {'avg_silhouette': 0.5739946420546985, 'num_points': 6}, {'avg_silhouette': 0.5921723907855813, 'num_points': 38}, {'avg_silhouette': 0.4173497074298995, 'num_points': 9}, {'avg_silhouette': 0.6012634003622782, 'num_points': 8}, {'avg_silhouette': 0.4231082482531219, 'num_points': 15}, {'avg_silhouette': 0.45109304060280264, 'num_points': 14}, {'avg_silhouette': 0.7025784158380429, 'num_points': 15}, {'avg_silhouette': 0.3930421160778181, 'num_points': 25}, {'avg_silhouette': 0.26274829900279073, 'num_points': 30}, {'avg_silhouette': 0.7020214382027264, 'num_points': 14}, {'avg_silhouette': 0.41684523294346176, 'num_points': 10}, {'avg_silhouette': 0.8738142891795599, 'num_points': 7}, {'avg_silhouette': 0.31896512307238506, 'num_points': 31}, {'avg_silhouette': 0.492105942840621, 'num_points': 5}, {'avg_silhouette': 0.4935266438261306, 'num_points': 7}, {'avg_silhouette': 0.4166341429888908, 'num_points': 8}, {'avg_silhouette': 0.7023722492532699, 'num_points': 6}, {'avg_silhouette': 0.8359076511183314, 'num_points': 34}, {'avg_silhouette': 0.582747126526596, 'num_points': 5}, {'avg_silhouette': 0.6583610441770377, 'num_points': 8}]",5.0,31,0.31298805394856505,,3,0.3533732775932629
DBSCAN,,0.45831239517769884,"[{'avg_silhouette': 0.6100601350262309, 'num_points': 197}, {'avg_silhouette': 0.4444545348316871, 'num_points': 6048}, {'avg_silhouette': 0.2205871156427329, 'num_points': 44}, {'avg_silhouette': -0.021407358291322374, 'num_points': 1678}, {'avg_silhouette': 0.22808581188636054, 'num_points': 121}, {'avg_silhouette': 0.7667637857599193, 'num_points': 25}, {'avg_silhouette': 0.6359608126857345, 'num_points': 591}, {'avg_silhouette': 0.8254738435545947, 'num_points': 49}, {'avg_silhouette': 0.23915856488706447, 'num_points': 35}, {'avg_silhouette': 0.3913159691896023, 'num_points': 53}, {'avg_silhouette': 0.26260364504733036, 'num_points': 33}, {'avg_silhouette': 0.5739946420546985, 'num_points': 6}, {'avg_silhouette': 0.5917228464293249, 'num_points': 38}, {'avg_silhouette': 0.45908363456139945, 'num_points': 8}, {'avg_silhouette': 0.6012634003622782, 'num_points': 8}, {'avg_silhouette': 0.42258349253676003, 'num_points': 15}, {'avg_silhouette': 0.4507631660872555, 'num_points': 14}, {'avg_silhouette': 0.7024648270239509, 'num_points': 15}, {'avg_silhouette': 0.3928595449311469, 'num_points': 25}, {'avg_silhouette': 0.5234556618784898, 'num_points': 9}, {'avg_silhouette': 0.2618664603044485, 'num_points': 30}, {'avg_silhouette': 0.7016121840436964, 'num_points': 14}, {'avg_silhouette': 0.41666122074421763, 'num_points': 10}, {'avg_silhouette': 0.8737489726828958, 'num_points': 7}, {'avg_silhouette': 0.31896512307238506, 'num_points': 31}, {'avg_silhouette': 0.49196270097920414, 'num_points': 5}, {'avg_silhouette': 0.4935266438261306, 'num_points': 7}, {'avg_silhouette': 0.4114249987499331, 'num_points': 8}, {'avg_silhouette': 0.7023722492532699, 'num_points': 6}, {'avg_silhouette': 0.8359076511183314, 'num_points': 34}, {'avg_silhouette': 0.582747126526596, 'num_points': 5}, {'avg_silhouette': 0.7229457940829223, 'num_points': 7}]",5.0,32,0.31256778811132063,,3,0.3530026630753664
DBSCAN,,0.37831239517769877,"[{'avg_silhouette': 0.6577885845177068, 'num_points': 196}, {'avg_silhouette': 0.4687682155831951, 'num_points': 5937}, {'avg_silhouette': 0.04506181152710685, 'num_points': 1488}, {'avg_silhouette': 0.4075289745103895, 'num_points': 23}, {'avg_silhouette': 0.36229694610323265, 'num_points': 37}, {'avg_silhouette': 0.6754193326464203, 'num_points': 585}, {'avg_silhouette': 0.3458941765762588, 'num_points': 46}, {'avg_silhouette': 0.8348903690977495, 'num_points': 48}, {'avg_silhouette': 0.44473064984948135, 'num_points': 48}, {'avg_silhouette': 0.7972101818681996, 'num_points': 23}, {'avg_silhouette': 0.6014325445755592, 'num_points': 37}, {'avg_silhouette': 0.3908339297733308, 'num_points': 24}, {'avg_silhouette': 0.7223396136056325, 'num_points': 14}, {'avg_silhouette': 0.7659536190151566, 'num_points': 13}, {'avg_silhouette': 0.4798832041929092, 'num_points': 13}, {'avg_silhouette': 0.3785491796718024, 'num_points': 28}, {'avg_silhouette': 0.48889463264898697, 'num_points': 13}, {'avg_silhouette': 0.43713954081846246, 'num_points': 10}, {'avg_silhouette': 0.8319916977106504, 'num_points': 34}, {'avg_silhouette': 0.5080623532319308, 'num_points': 10}]",10.0,20,0.3121561273954225,,3,0.39641645325224073
DBSCAN,,0.33831239517769873,"[{'avg_silhouette': 0.6685443046367929, 'num_points': 192}, {'avg_silhouette': 0.48252339198425065, 'num_points': 5865}, {'avg_silhouette': 0.09249391539741798, 'num_points': 1357}, {'avg_silhouette': 0.5661026689212151, 'num_points': 21}, {'avg_silhouette': 0.6795716961745254, 'num_points': 580}, {'avg_silhouette': 0.388472079151617, 'num_points': 31}, {'avg_silhouette': 0.3834401923895225, 'num_points': 39}, {'avg_silhouette': 0.8345891031977927, 'num_points': 48}, {'avg_silhouette': 0.471272120621455, 'num_points': 45}, {'avg_silhouette': 0.7968284527304036, 'num_points': 23}, {'avg_silhouette': 0.6106172042731317, 'num_points': 36}, {'avg_silhouette': 0.7561597386979138, 'num_points': 12}, {'avg_silhouette': 0.40831780517815774, 'num_points': 21}, {'avg_silhouette': 0.76437824511809, 'num_points': 13}, {'avg_silhouette': 0.4156498681995523, 'num_points': 25}, {'avg_silhouette': 0.828714069306429, 'num_points': 34}]",10.0,16,0.3114007663697477,,3,0.4181963345187314
DBSCAN,,0.3883123951776988,"[{'avg_silhouette': 0.6581180954629792, 'num_points': 196}, {'avg_silhouette': 0.46340751992302, 'num_points': 5950}, {'avg_silhouette': 0.0368667361007965, 'num_points': 1525}, {'avg_silhouette': 0.38500677117883014, 'num_points': 25}, {'avg_silhouette': 0.36457215834749407, 'num_points': 38}, {'avg_silhouette': 0.6737592312264344, 'num_points': 586}, {'avg_silhouette': 0.3328751138822441, 'num_points': 49}, {'avg_silhouette': 0.8349503328164513, 'num_points': 48}, {'avg_silhouette': 0.4452708384364504, 'num_points': 48}, {'avg_silhouette': 0.33347494901048735, 'num_points': 19}, {'avg_silhouette': 0.7828612839533209, 'num_points': 24}, {'avg_silhouette': 0.6017888065463664, 'num_points': 37}, {'avg_silhouette': 0.3727451347580608, 'num_points': 25}, {'avg_silhouette': 0.7224222904937526, 'num_points': 14}, {'avg_silhouette': 0.7662468459680956, 'num_points': 13}, {'avg_silhouette': 0.48243293013396926, 'num_points': 13}, {'avg_silhouette': 0.4672977314419387, 'num_points': 13}, {'avg_silhouette': 0.3785491796718024, 'num_points': 28}, {'avg_silhouette': 0.4892918464922604, 'num_points': 13}, {'avg_silhouette': 0.41008164573915545, 'num_points': 12}, {'avg_silhouette': 0.5064473472133855, 'num_points': 10}, {'avg_silhouette': 0.8319916977106504, 'num_points': 34}]",10.0,22,0.3113707441837703,,3,0.3913444957500836
DBSCAN,,0.44831239517769883,"[{'avg_silhouette': 0.6100497225246091, 'num_points': 197}, {'avg_silhouette': 0.4478030221768419, 'num_points': 6036}, {'avg_silhouette': 0.2205871156427329, 'num_points': 44}, {'avg_silhouette': -0.030440745411073812, 'num_points': 1658}, {'avg_silhouette': 0.2300612131245873, 'num_points': 118}, {'avg_silhouette': 0.7666198963850546, 'num_points': 25}, {'avg_silhouette': 0.6359556540727964, 'num_points': 591}, {'avg_silhouette': 0.8253629426385567, 'num_points': 49}, {'avg_silhouette': 0.23781611162286065, 'num_points': 34}, {'avg_silhouette': 0.3977523020189162, 'num_points': 52}, {'avg_silhouette': 0.27198440002932933, 'num_points': 32}, {'avg_silhouette': 0.5739946420546985, 'num_points': 6}, {'avg_silhouette': 0.5911285661006134, 'num_points': 38}, {'avg_silhouette': 0.4583045277303294, 'num_points': 8}, {'avg_silhouette': 0.6012634003622782, 'num_points': 8}, {'avg_silhouette': 0.35806143598561757, 'num_points': 9}, {'avg_silhouette': 0.4507631660872555, 'num_points': 14}, {'avg_silhouette': 0.6124741309984251, 'num_points': 4}, {'avg_silhouette': 0.7023000869939132, 'num_points': 15}, {'avg_silhouette': 0.4218695100308959, 'num_points': 15}, {'avg_silhouette': 0.40167424351086795, 'num_points': 24}, {'avg_silhouette': 0.3028982476341635, 'num_points': 9}, {'avg_silhouette': 0.13051664765791968, 'num_points': 25}, {'avg_silhouette': 0.701124237315896, 'num_points': 14}, {'avg_silhouette': 0.4081228323390036, 'num_points': 10}, {'avg_silhouette': 0.8736639353103346, 'num_points': 7}, {'avg_silhouette': 0.31896512307238506, 'num_points': 31}, {'avg_silhouette': 0.36939583454570574, 'num_points': 5}, {'avg_silhouette': 0.4471423469565977, 'num_points': 5}, {'avg_silhouette': 0.43057104352887204, 'num_points': 7}, {'avg_silhouette': 0.4114249987499331, 'num_points': 8}, {'avg_silhouette': 0.7023722492532699, 'num_points': 6}, {'avg_silhouette': 0.8359076511183314, 'num_points': 34}, {'avg_silhouette': 0.582747126526596, 'num_points': 5}, {'avg_silhouette': 0.7225701995888113, 'num_points': 7}]",5.0,35,0.3108185098566097,,3,0.35110597694618817
DBSCAN,,0.4383123951776988,"[{'avg_silhouette': 0.6100406621164771, 'num_points': 197}, {'avg_silhouette': 0.4524095599254619, 'num_points': 6022}, {'avg_silhouette': 0.22211212643835057, 'num_points': 43}, {'avg_silhouette': -0.032692225891845075, 'num_points': 1640}, {'avg_silhouette': 0.23330582151797002, 'num_points': 113}, {'avg_silhouette': 0.7665046496060086, 'num_points': 25}, {'avg_silhouette': 0.6359394901196771, 'num_points': 591}, {'avg_silhouette': 0.8252749986774656, 'num_points': 49}, {'avg_silhouette': 0.23622733764648232, 'num_points': 34}, {'avg_silhouette': 0.40589921973894155, 'num_points': 51}, {'avg_silhouette': 0.3171727947975717, 'num_points': 26}, {'avg_silhouette': 0.5739946420546985, 'num_points': 6}, {'avg_silhouette': 0.5906363603307722, 'num_points': 38}, {'avg_silhouette': 0.6012634003622782, 'num_points': 8}, {'avg_silhouette': 0.4256900622317268, 'num_points': 7}, {'avg_silhouette': 0.45060875287706625, 'num_points': 14}, {'avg_silhouette': 0.4991978053388372, 'num_points': 5}, {'avg_silhouette': 0.7021782354013015, 'num_points': 15}, {'avg_silhouette': 0.45765454606831657, 'num_points': 8}, {'avg_silhouette': 0.42130402664535693, 'num_points': 15}, {'avg_silhouette': 0.412184639885903, 'num_points': 23}, {'avg_silhouette': 0.3114472195175906, 'num_points': 9}, {'avg_silhouette': 0.15717378449437117, 'num_points': 23}, {'avg_silhouette': 0.7006664285323431, 'num_points': 14}, {'avg_silhouette': 0.43154023464321684, 'num_points': 9}, {'avg_silhouette': 0.8735947782787201, 'num_points': 7}, {'avg_silhouette': 0.31896512307238506, 'num_points': 31}, {'avg_silhouette': 0.3671288078350095, 'num_points': 5}, {'avg_silhouette': 0.4114249987499331, 'num_points': 8}, {'avg_silhouette': 0.7023722492532699, 'num_points': 6}, {'avg_silhouette': 0.8359076511183314, 'num_points': 34}, {'avg_silhouette': 0.582747126526596, 'num_points': 5}, {'avg_silhouette': 0.7219343055107494, 'num_points': 7}]",5.0,33,0.31045840923886514,,3,0.351885608051098
DBSCAN,,0.4083123951776988,"[{'avg_silhouette': 0.6100234456444275, 'num_points': 197}, {'avg_silhouette': 0.4547163535640212, 'num_points': 5994}, {'avg_silhouette': 0.3410685711840913, 'num_points': 27}, {'avg_silhouette': -0.014155384147168527, 'num_points': 1580}, {'avg_silhouette': 0.24936694645201835, 'num_points': 102}, {'avg_silhouette': 0.6414646633362655, 'num_points': 588}, {'avg_silhouette': 0.8351804469781247, 'num_points': 48}, {'avg_silhouette': 0.3049945506715162, 'num_points': 27}, {'avg_silhouette': 0.41846584731131015, 'num_points': 50}, {'avg_silhouette': 0.34106794722067774, 'num_points': 24}, {'avg_silhouette': 0.7831620545702623, 'num_points': 24}, {'avg_silhouette': 0.5739946420546985, 'num_points': 6}, {'avg_silhouette': 0.5897771638507947, 'num_points': 38}, {'avg_silhouette': 0.6005593628554351, 'num_points': 8}, {'avg_silhouette': 0.3885954988502422, 'num_points': 14}, {'avg_silhouette': 0.7019706871580162, 'num_points': 15}, {'avg_silhouette': 0.4564512267552865, 'num_points': 8}, {'avg_silhouette': 0.49085040635198346, 'num_points': 13}, {'avg_silhouette': 0.4644428589327944, 'num_points': 5}, {'avg_silhouette': 0.3847299334298038, 'num_points': 6}, {'avg_silhouette': 0.3430414574848498, 'num_points': 16}, {'avg_silhouette': 0.6998318107753174, 'num_points': 14}, {'avg_silhouette': 0.4352363617567584, 'num_points': 21}, {'avg_silhouette': 0.43382565646688875, 'num_points': 9}, {'avg_silhouette': 0.8734752502145403, 'num_points': 7}, {'avg_silhouette': 0.3347774434299786, 'num_points': 30}, {'avg_silhouette': 0.4843451865292236, 'num_points': 5}, {'avg_silhouette': 0.4718882290371526, 'num_points': 11}, {'avg_silhouette': 0.7003260614814854, 'num_points': 6}, {'avg_silhouette': 0.8344833643543837, 'num_points': 34}, {'avg_silhouette': 0.582747126526596, 'num_points': 5}, {'avg_silhouette': 0.7263564236170442, 'num_points': 7}]",5.0,32,0.3103610172151437,,3,0.36067521091770605
DBSCAN,,0.36831239517769876,"[{'avg_silhouette': 0.6571934343654429, 'num_points': 196}, {'avg_silhouette': 0.4732267390542284, 'num_points': 5914}, {'avg_silhouette': 0.04382961453564711, 'num_points': 1453}, {'avg_silhouette': 0.4483962825677752, 'num_points': 22}, {'avg_silhouette': 0.3707927126409757, 'num_points': 35}, {'avg_silhouette': 0.674851661282167, 'num_points': 585}, {'avg_silhouette': 0.35316432175173496, 'num_points': 44}, {'avg_silhouette': 0.8347835554623341, 'num_points': 48}, {'avg_silhouette': 0.44376440509636167, 'num_points': 48}, {'avg_silhouette': 0.7970749225211099, 'num_points': 23}, {'avg_silhouette': 0.3895978950460412, 'num_points': 24}, {'avg_silhouette': 0.6007931268558159, 'num_points': 37}, {'avg_silhouette': 0.7221876139295328, 'num_points': 14}, {'avg_silhouette': 0.7654094142165845, 'num_points': 13}, {'avg_silhouette': 0.5295706289074784, 'num_points': 10}, {'avg_silhouette': 0.3793471622563303, 'num_points': 28}, {'avg_silhouette': 0.4361136666814316, 'num_points': 10}, {'avg_silhouette': 0.5408266556043976, 'num_points': 11}, {'avg_silhouette': 0.8319916977106504, 'num_points': 34}]",10.0,19,0.31004466907231365,,3,0.39730267162401417
DBSCAN,,0.4183123951776988,"[{'avg_silhouette': 0.6100290965620471, 'num_points': 197}, {'avg_silhouette': 0.45252486815106713, 'num_points': 6005}, {'avg_silhouette': 0.29988818913401816, 'num_points': 27}, {'avg_silhouette': -0.023574647549652855, 'num_points': 1607}, {'avg_silhouette': 0.24248329727575646, 'num_points': 106}, {'avg_silhouette': 0.7832231743456921, 'num_points': 24}, {'avg_silhouette': 0.6394909850614507, 'num_points': 589}, {'avg_silhouette': 0.8251730180735094, 'num_points': 49}, {'avg_silhouette': 0.3052578952485643, 'num_points': 27}, {'avg_silhouette': 0.4189040817617377, 'num_points': 50}, {'avg_silhouette': 0.34258122540190755, 'num_points': 24}, {'avg_silhouette': 0.5739946420546985, 'num_points': 6}, {'avg_silhouette': 0.5900643159548141, 'num_points': 38}, {'avg_silhouette': 0.6007654052792165, 'num_points': 8}, {'avg_silhouette': 0.47235675227278084, 'num_points': 5}, {'avg_silhouette': 0.3885954988502422, 'num_points': 14}, {'avg_silhouette': 0.7020377240839107, 'num_points': 15}, {'avg_silhouette': 0.4568316279385575, 'num_points': 8}, {'avg_silhouette': 0.49116109927634627, 'num_points': 13}, {'avg_silhouette': 0.4379711132895564, 'num_points': 5}, {'avg_silhouette': 0.43157487424541247, 'num_points': 21}, {'avg_silhouette': 0.3847299334298038, 'num_points': 6}, {'avg_silhouette': 0.1625632400355672, 'num_points': 21}, {'avg_silhouette': 0.7001097046760678, 'num_points': 14}, {'avg_silhouette': 0.4310306916866475, 'num_points': 9}, {'avg_silhouette': 0.8735144292330916, 'num_points': 7}, {'avg_silhouette': 0.3347774434299786, 'num_points': 30}, {'avg_silhouette': 0.4843451865292236, 'num_points': 5}, {'avg_silhouette': 0.3557838872817081, 'num_points': 5}, {'avg_silhouette': 0.3458017043272786, 'num_points': 11}, {'avg_silhouette': 0.7003260614814854, 'num_points': 6}, {'avg_silhouette': 0.28356119875171193, 'num_points': 4}, {'avg_silhouette': 0.8344833643543837, 'num_points': 34}, {'avg_silhouette': 0.582747126526596, 'num_points': 5}, {'avg_silhouette': 0.7271704366693561, 'num_points': 7}]",5.0,35,0.3085374645182657,,3,0.3561470685542883
DBSCAN,,0.35831239517769875,"[{'avg_silhouette': 0.6568031571605308, 'num_points': 196}, {'avg_silhouette': 0.47599074320345885, 'num_points': 5901}, {'avg_silhouette': 0.047157795620200914, 'num_points': 1425}, {'avg_silhouette': 0.5548716591465221, 'num_points': 22}, {'avg_silhouette': 0.37240905071147923, 'num_points': 34}, {'avg_silhouette': 0.6756473778865855, 'num_points': 584}, {'avg_silhouette': 0.3762432379202797, 'num_points': 40}, {'avg_silhouette': 0.8347119671699493, 'num_points': 48}, {'avg_silhouette': 0.45603965919791933, 'num_points': 47}, {'avg_silhouette': 0.7969841372327259, 'num_points': 23}, {'avg_silhouette': 0.6003671967821193, 'num_points': 37}, {'avg_silhouette': 0.7355656477722847, 'num_points': 13}, {'avg_silhouette': 0.3985388142187601, 'num_points': 22}, {'avg_silhouette': 0.7650672850226041, 'num_points': 13}, {'avg_silhouette': 0.5284107132431664, 'num_points': 10}, {'avg_silhouette': 0.39812757759236966, 'num_points': 26}, {'avg_silhouette': 0.5517206281307869, 'num_points': 10}, {'avg_silhouette': 0.8302812408552741, 'num_points': 34}]",10.0,18,0.3084613120125125,,3,0.399598638903415
DBSCAN,,0.34831239517769874,"[{'avg_silhouette': 0.6688701515840337, 'num_points': 192}, {'avg_silhouette': 0.4788688309164102, 'num_points': 5884}, {'avg_silhouette': 0.051111872277648504, 'num_points': 1397}, {'avg_silhouette': 0.5678418562190914, 'num_points': 21}, {'avg_silhouette': 0.6764957812701845, 'num_points': 583}, {'avg_silhouette': 0.3789156547237306, 'num_points': 39}, {'avg_silhouette': 0.37536409905142426, 'num_points': 33}, {'avg_silhouette': 0.8346464293275395, 'num_points': 48}, {'avg_silhouette': 0.4554511410406583, 'num_points': 47}, {'avg_silhouette': 0.7969002162502091, 'num_points': 23}, {'avg_silhouette': 0.599960187801794, 'num_points': 37}, {'avg_silhouette': 0.7354713448953282, 'num_points': 13}, {'avg_silhouette': 0.40807052395499743, 'num_points': 21}, {'avg_silhouette': 0.7647313006926635, 'num_points': 13}, {'avg_silhouette': 0.5270499870634667, 'num_points': 10}, {'avg_silhouette': 0.39797857381272467, 'num_points': 26}, {'avg_silhouette': 0.5512862079787536, 'num_points': 10}, {'avg_silhouette': 0.8302812408552741, 'num_points': 34}]",10.0,18,0.30783939629657964,,3,0.40215882815474774
DBSCAN,,0.4283123951776988,"[{'avg_silhouette': 0.6100372810287656, 'num_points': 197}, {'avg_silhouette': 0.45053287471002457, 'num_points': 6017}, {'avg_silhouette': 0.22503226170026483, 'num_points': 42}, {'avg_silhouette': -0.03291876440675208, 'num_points': 1618}, {'avg_silhouette': 0.23407648815238077, 'num_points': 110}, {'avg_silhouette': 0.7833107894718939, 'num_points': 24}, {'avg_silhouette': 0.6380392464034613, 'num_points': 590}, {'avg_silhouette': 0.8252439463385149, 'num_points': 49}, {'avg_silhouette': 0.31218701640724134, 'num_points': 27}, {'avg_silhouette': 0.41954701899281027, 'num_points': 50}, {'avg_silhouette': 0.3311887479556196, 'num_points': 25}, {'avg_silhouette': 0.5739946420546985, 'num_points': 6}, {'avg_silhouette': 0.5904623209535879, 'num_points': 38}, {'avg_silhouette': 0.6009178181664341, 'num_points': 8}, {'avg_silhouette': 0.47352463705783193, 'num_points': 5}, {'avg_silhouette': 0.44852454796757585, 'num_points': 14}, {'avg_silhouette': 0.49759297508690636, 'num_points': 5}, {'avg_silhouette': 0.7021358054223522, 'num_points': 15}, {'avg_silhouette': 0.45740970914805934, 'num_points': 8}, {'avg_silhouette': 0.4915913940929392, 'num_points': 13}, {'avg_silhouette': 0.37308655358115517, 'num_points': 6}, {'avg_silhouette': 0.43177188623108875, 'num_points': 21}, {'avg_silhouette': 0.3317172474166795, 'num_points': 8}, {'avg_silhouette': 0.1625632400355672, 'num_points': 21}, {'avg_silhouette': 0.7005004313454889, 'num_points': 14}, {'avg_silhouette': 0.43124855160535724, 'num_points': 9}, {'avg_silhouette': 0.8735705895042124, 'num_points': 7}, {'avg_silhouette': 0.3347774434299786, 'num_points': 30}, {'avg_silhouette': 0.3544537094983764, 'num_points': 5}, {'avg_silhouette': 0.42793959220651645, 'num_points': 7}, {'avg_silhouette': 0.7003260614814854, 'num_points': 6}, {'avg_silhouette': 0.8344833643543837, 'num_points': 34}, {'avg_silhouette': 0.582747126526596, 'num_points': 5}, {'avg_silhouette': 0.7200430129484715, 'num_points': 7}]",5.0,34,0.3074998184765783,,3,0.35188445223557796
DBSCAN,,0.3983123951776988,"[{'avg_silhouette': 0.6100108827226854, 'num_points': 197}, {'avg_silhouette': 0.4591884930201948, 'num_points': 5972}, {'avg_silhouette': -0.028930841022463807, 'num_points': 1570}, {'avg_silhouette': 0.3846489633799003, 'num_points': 25}, {'avg_silhouette': 0.3670967768222217, 'num_points': 40}, {'avg_silhouette': 0.6414389788919805, 'num_points': 588}, {'avg_silhouette': 0.2976011319569568, 'num_points': 57}, {'avg_silhouette': 0.8350768223035837, 'num_points': 48}, {'avg_silhouette': 0.32381328745902144, 'num_points': 26}, {'avg_silhouette': 0.43590416785361363, 'num_points': 49}, {'avg_silhouette': 0.3068677355826957, 'num_points': 24}, {'avg_silhouette': 0.7830290479101193, 'num_points': 24}, {'avg_silhouette': 0.5739946420546985, 'num_points': 6}, {'avg_silhouette': 0.5891495279026556, 'num_points': 38}, {'avg_silhouette': 0.6005593628554351, 'num_points': 8}, {'avg_silhouette': 0.39446885233402845, 'num_points': 13}, {'avg_silhouette': 0.7018205639324362, 'num_points': 15}, {'avg_silhouette': 0.4555697294543899, 'num_points': 8}, {'avg_silhouette': 0.4901649936066109, 'num_points': 13}, {'avg_silhouette': 0.37285923052438436, 'num_points': 6}, {'avg_silhouette': 0.37456750439988595, 'num_points': 15}, {'avg_silhouette': 0.699216693661666, 'num_points': 14}, {'avg_silhouette': 0.4619749965510036, 'num_points': 8}, {'avg_silhouette': 0.4314715748181735, 'num_points': 21}, {'avg_silhouette': 0.8733898723584942, 'num_points': 7}, {'avg_silhouette': 0.351249554075638, 'num_points': 29}, {'avg_silhouette': 0.4856859033215876, 'num_points': 5}, {'avg_silhouette': 0.4317334835221886, 'num_points': 5}, {'avg_silhouette': 0.4296631302305263, 'num_points': 12}, {'avg_silhouette': 0.6983305512401534, 'num_points': 6}, {'avg_silhouette': 0.8329275899552467, 'num_points': 34}, {'avg_silhouette': 0.582747126526596, 'num_points': 5}, {'avg_silhouette': 0.7267140039283585, 'num_points': 7}]",5.0,33,0.3067391593329948,,3,0.35723221029657054
DBSCAN,,0.3883123951776988,"[{'avg_silhouette': 0.6100056826077541, 'num_points': 197}, {'avg_silhouette': 0.4549843618987235, 'num_points': 5963}, {'avg_silhouette': -0.03530245585088524, 'num_points': 1550}, {'avg_silhouette': 0.3836256500803094, 'num_points': 25}, {'avg_silhouette': 0.36515903096264435, 'num_points': 39}, {'avg_silhouette': 0.6436453163525114, 'num_points': 587}, {'avg_silhouette': 0.3161540207405616, 'num_points': 53}, {'avg_silhouette': 0.835030556141032, 'num_points': 48}, {'avg_silhouette': 0.32362402327410794, 'num_points': 26}, {'avg_silhouette': 0.4459712447346645, 'num_points': 48}, {'avg_silhouette': 0.3024609065510301, 'num_points': 24}, {'avg_silhouette': 0.7829674934008514, 'num_points': 24}, {'avg_silhouette': 0.5739946420546985, 'num_points': 6}, {'avg_silhouette': 0.6022608139640708, 'num_points': 37}, {'avg_silhouette': 0.600182877530753, 'num_points': 8}, {'avg_silhouette': 0.41008164573915545, 'num_points': 12}, {'avg_silhouette': 0.7017486335275964, 'num_points': 15}, {'avg_silhouette': 0.4552137319765399, 'num_points': 8}, {'avg_silhouette': 0.48984542327037117, 'num_points': 13}, {'avg_silhouette': 0.3706808238219364, 'num_points': 6}, {'avg_silhouette': 0.39174296505139516, 'num_points': 14}, {'avg_silhouette': 0.7666219668499212, 'num_points': 13}, {'avg_silhouette': 0.5162809701686705, 'num_points': 6}, {'avg_silhouette': 0.42821415831159115, 'num_points': 21}, {'avg_silhouette': 0.8733505675866249, 'num_points': 7}, {'avg_silhouette': 0.3609815020290207, 'num_points': 28}, {'avg_silhouette': 0.4856859033215876, 'num_points': 5}, {'avg_silhouette': 0.4317334835221886, 'num_points': 5}, {'avg_silhouette': 0.4295419298421724, 'num_points': 12}, {'avg_silhouette': 0.6974271630272946, 'num_points': 6}, {'avg_silhouette': 0.8319916977106504, 'num_points': 34}, {'avg_silhouette': 0.582747126526596, 'num_points': 5}, {'avg_silhouette': 0.7259875381602824, 'num_points': 7}]",5.0,33,0.3012322867624522,,3,0.3544424074667832
DBSCAN,,0.35831239517769875,"[{'avg_silhouette': 0.6099833384703648, 'num_points': 197}, {'avg_silhouette': 0.4655043864983962, 'num_points': 5923}, {'avg_silhouette': -0.032578675790299924, 'num_points': 1457}, {'avg_silhouette': 0.423012122118435, 'num_points': 22}, {'avg_silhouette': 0.3800579618939072, 'num_points': 35}, {'avg_silhouette': 0.645689874562744, 'num_points': 586}, {'avg_silhouette': 0.348046814495296, 'num_points': 44}, {'avg_silhouette': 0.8348360461651421, 'num_points': 48}, {'avg_silhouette': 0.45712326783931284, 'num_points': 47}, {'avg_silhouette': 0.4132999272073578, 'num_points': 14}, {'avg_silhouette': 0.7971419210621172, 'num_points': 23}, {'avg_silhouette': 0.5739946420546985, 'num_points': 6}, {'avg_silhouette': 0.6011019334136628, 'num_points': 37}, {'avg_silhouette': 0.3903245572266945, 'num_points': 24}, {'avg_silhouette': 0.5999681120094706, 'num_points': 8}, {'avg_silhouette': 0.40433493101405077, 'num_points': 12}, {'avg_silhouette': 0.701454311786076, 'num_points': 15}, {'avg_silhouette': 0.4536679421863672, 'num_points': 8}, {'avg_silhouette': 0.5165601614825555, 'num_points': 12}, {'avg_silhouette': 0.4964665586143881, 'num_points': 12}, {'avg_silhouette': 0.76567872729208, 'num_points': 13}, {'avg_silhouette': 0.5336184903830914, 'num_points': 5}, {'avg_silhouette': 0.4876771147672272, 'num_points': 13}, {'avg_silhouette': 0.8731871445691194, 'num_points': 7}, {'avg_silhouette': 0.38218151610509776, 'num_points': 26}, {'avg_silhouette': 0.6346055763766456, 'num_points': 5}, {'avg_silhouette': 0.5266025827390942, 'num_points': 9}, {'avg_silhouette': 0.6966975780000434, 'num_points': 6}, {'avg_silhouette': 0.8302812408552741, 'num_points': 34}, {'avg_silhouette': 0.7223524117850052, 'num_points': 7}, {'avg_silhouette': 0.582747126526596, 'num_points': 5}]",5.0,31,0.29916991466915016,,3,0.35953852842361345
DBSCAN,,0.34831239517769874,"[{'avg_silhouette': 0.6148642296297497, 'num_points': 197}, {'avg_silhouette': 0.46743957079915094, 'num_points': 5912}, {'avg_silhouette': -0.030132589533285337, 'num_points': 1432}, {'avg_silhouette': 0.4363732796265961, 'num_points': 21}, {'avg_silhouette': 0.37898752127016394, 'num_points': 34}, {'avg_silhouette': 0.6469696769176061, 'num_points': 585}, {'avg_silhouette': 0.3577842863786825, 'num_points': 42}, {'avg_silhouette': 0.8347942986160085, 'num_points': 48}, {'avg_silhouette': 0.4567380502322834, 'num_points': 47}, {'avg_silhouette': 0.42166230870267396, 'num_points': 13}, {'avg_silhouette': 0.7970895266040109, 'num_points': 23}, {'avg_silhouette': 0.5739946420546985, 'num_points': 6}, {'avg_silhouette': 0.5998591264267313, 'num_points': 8}, {'avg_silhouette': 0.39769187250686594, 'num_points': 23}, {'avg_silhouette': 0.43087261001427074, 'num_points': 10}, {'avg_silhouette': 0.6008439368876283, 'num_points': 37}, {'avg_silhouette': 0.7013923410514067, 'num_points': 15}, {'avg_silhouette': 0.45333259320043306, 'num_points': 8}, {'avg_silhouette': 0.5162760399119531, 'num_points': 12}, {'avg_silhouette': 0.4950808262327766, 'num_points': 12}, {'avg_silhouette': 0.7654555719303044, 'num_points': 13}, {'avg_silhouette': 0.5336981238226867, 'num_points': 5}, {'avg_silhouette': 0.5188987043033535, 'num_points': 11}, {'avg_silhouette': 0.873151807451937, 'num_points': 7}, {'avg_silhouette': 0.38218151610509776, 'num_points': 26}, {'avg_silhouette': 0.52143527956978, 'num_points': 9}, {'avg_silhouette': 0.6966975780000434, 'num_points': 6}, {'avg_silhouette': 0.8302812408552741, 'num_points': 34}, {'avg_silhouette': 0.7212105471145884, 'num_points': 7}]",5.0,29,0.29853271658013264,,3,0.3614255527278239
DBSCAN,,0.37831239517769877,"[{'avg_silhouette': 0.6099945930637579, 'num_points': 197}, {'avg_silhouette': 0.45179654173124656, 'num_points': 5944}, {'avg_silhouette': -0.034916163438882576, 'num_points': 1514}, {'avg_silhouette': 0.4168246639079158, 'num_points': 23}, {'avg_silhouette': 0.36511531759475996, 'num_points': 38}, {'avg_silhouette': 0.6456997935816912, 'num_points': 586}, {'avg_silhouette': 0.31541550608729313, 'num_points': 50}, {'avg_silhouette': 0.834936493954031, 'num_points': 48}, {'avg_silhouette': 0.31677140788563873, 'num_points': 24}, {'avg_silhouette': 0.44511386572627637, 'num_points': 48}, {'avg_silhouette': 0.23232044284628522, 'num_points': 17}, {'avg_silhouette': 0.7972684019986944, 'num_points': 23}, {'avg_silhouette': 0.5739946420546985, 'num_points': 6}, {'avg_silhouette': 0.6017033800078013, 'num_points': 37}, {'avg_silhouette': 0.5999681120094706, 'num_points': 8}, {'avg_silhouette': 0.5728426779738103, 'num_points': 4}, {'avg_silhouette': 0.40518041266234, 'num_points': 12}, {'avg_silhouette': 0.7016049419364323, 'num_points': 15}, {'avg_silhouette': 0.4544184689791108, 'num_points': 8}, {'avg_silhouette': 0.48920998155490447, 'num_points': 13}, {'avg_silhouette': 0.29755522373927124, 'num_points': 5}, {'avg_silhouette': 0.37348971469258696, 'num_points': 14}, {'avg_silhouette': 0.7661657616357053, 'num_points': 13}, {'avg_silhouette': 0.5162242274310815, 'num_points': 6}, {'avg_silhouette': 0.4322754486357489, 'num_points': 20}, {'avg_silhouette': 0.8732721561472446, 'num_points': 7}, {'avg_silhouette': 0.3609815020290207, 'num_points': 28}, {'avg_silhouette': 0.3711635992612446, 'num_points': 5}, {'avg_silhouette': 0.4856859033215876, 'num_points': 5}, {'avg_silhouette': 0.4317334835221886, 'num_points': 5}, {'avg_silhouette': 0.48224598733801044, 'num_points': 11}, {'avg_silhouette': 0.6974271630272946, 'num_points': 6}, {'avg_silhouette': 0.8319916977106504, 'num_points': 34}, {'avg_silhouette': 0.582747126526596, 'num_points': 5}, {'avg_silhouette': 0.7246138724734542, 'num_points': 7}]",5.0,35,0.29562205998885316,,3,0.354193390624685
DBSCAN,,0.36831239517769876,"[{'avg_silhouette': 0.6099886400169602, 'num_points': 197}, {'avg_silhouette': 0.45431405742570036, 'num_points': 5933}, {'avg_silhouette': -0.03731907629109406, 'num_points': 1478}, {'avg_silhouette': 0.423012122118435, 'num_points': 22}, {'avg_silhouette': 0.3734700548229941, 'num_points': 36}, {'avg_silhouette': 0.6456946181437048, 'num_points': 586}, {'avg_silhouette': 0.33709253967753494, 'num_points': 46}, {'avg_silhouette': 0.8348828574240302, 'num_points': 48}, {'avg_silhouette': 0.3907020121213223, 'num_points': 24}, {'avg_silhouette': 0.44464485020000327, 'num_points': 48}, {'avg_silhouette': 0.2314229290924983, 'num_points': 16}, {'avg_silhouette': 0.7972012527198096, 'num_points': 23}, {'avg_silhouette': 0.5739946420546985, 'num_points': 6}, {'avg_silhouette': 0.6013842240001214, 'num_points': 37}, {'avg_silhouette': 0.5999681120094706, 'num_points': 8}, {'avg_silhouette': 0.5880350482792309, 'num_points': 4}, {'avg_silhouette': 0.40433493101405077, 'num_points': 12}, {'avg_silhouette': 0.701524601959873, 'num_points': 15}, {'avg_silhouette': 0.4540051309013061, 'num_points': 8}, {'avg_silhouette': 0.5168741157318839, 'num_points': 12}, {'avg_silhouette': 0.4964665586143881, 'num_points': 12}, {'avg_silhouette': 0.7659125163285889, 'num_points': 13}, {'avg_silhouette': 0.5338820859894463, 'num_points': 5}, {'avg_silhouette': 0.46095638226058777, 'num_points': 15}, {'avg_silhouette': 0.8732271714606441, 'num_points': 7}, {'avg_silhouette': 0.3609815020290207, 'num_points': 28}, {'avg_silhouette': 0.367416603381261, 'num_points': 5}, {'avg_silhouette': 0.4856859033215876, 'num_points': 5}, {'avg_silhouette': 0.4317334835221886, 'num_points': 5}, {'avg_silhouette': 0.5270268099972736, 'num_points': 9}, {'avg_silhouette': 0.6974271630272946, 'num_points': 6}, {'avg_silhouette': 0.8319916977106504, 'num_points': 34}, {'avg_silhouette': 0.7232698118630443, 'num_points': 7}, {'avg_silhouette': 0.582747126526596, 'num_points': 5}]",5.0,34,0.2936395625323078,,3,0.3542298664261037
DBSCAN,,0.33831239517769873,"[{'avg_silhouette': 0.6148022695276256, 'num_points': 197}, {'avg_silhouette': 0.4706691585450809, 'num_points': 5888}, {'avg_silhouette': -0.024556604382976126, 'num_points': 1387}, {'avg_silhouette': 0.43349283001233974, 'num_points': 21}, {'avg_silhouette': 0.3819936755011383, 'num_points': 33}, {'avg_silhouette': 0.5724794598774511, 'num_points': 580}, {'avg_silhouette': 0.3715258177988195, 'num_points': 40}, {'avg_silhouette': 0.8347276835816934, 'num_points': 48}, {'avg_silhouette': 0.46377992118156325, 'num_points': 46}, {'avg_silhouette': 0.4189912458695303, 'num_points': 13}, {'avg_silhouette': 0.7970039568298952, 'num_points': 23}, {'avg_silhouette': 0.5739946420546985, 'num_points': 6}, {'avg_silhouette': 0.59916506221467, 'num_points': 8}, {'avg_silhouette': 0.39708133575074595, 'num_points': 23}, {'avg_silhouette': 0.43087261001427074, 'num_points': 10}, {'avg_silhouette': 0.6114213787692273, 'num_points': 36}, {'avg_silhouette': 0.5784202391548575, 'num_points': 5}, {'avg_silhouette': 0.70129392805104, 'num_points': 15}, {'avg_silhouette': 0.452728387699564, 'num_points': 8}, {'avg_silhouette': 0.5158318527005966, 'num_points': 12}, {'avg_silhouette': 0.4950808262327766, 'num_points': 12}, {'avg_silhouette': 0.7650490662798455, 'num_points': 13}, {'avg_silhouette': 0.5332886741787086, 'num_points': 5}, {'avg_silhouette': 0.5187228287722468, 'num_points': 11}, {'avg_silhouette': 0.8730941072433358, 'num_points': 7}, {'avg_silhouette': 0.40125393947199983, 'num_points': 25}, {'avg_silhouette': 0.5562222842160731, 'num_points': 8}, {'avg_silhouette': 0.6951765599192123, 'num_points': 6}, {'avg_silhouette': 0.828714069306429, 'num_points': 34}, {'avg_silhouette': 0.7194527371231035, 'num_points': 7}]",5.0,30,0.2933043552777732,,3,0.33953067134651865
DBSCAN,,0.5083123951776989,"[{'avg_silhouette': 0.323693405816788, 'num_points': 9077}, {'avg_silhouette': 0.2660429212428765, 'num_points': 120}, {'avg_silhouette': 0.7460266698965579, 'num_points': 27}, {'avg_silhouette': 0.8144927050354178, 'num_points': 51}, {'avg_silhouette': 0.565775471050779, 'num_points': 14}, {'avg_silhouette': 0.7181597450200189, 'num_points': 15}, {'avg_silhouette': 0.4607673095088705, 'num_points': 11}, {'avg_silhouette': 0.881709157859398, 'num_points': 7}, {'avg_silhouette': 0.5673458627548011, 'num_points': 5}, {'avg_silhouette': 0.5491092033122266, 'num_points': 7}, {'avg_silhouette': 0.3832306541116644, 'num_points': 5}, {'avg_silhouette': 0.433325127701313, 'num_points': 12}]",5.0,12,0.2876868639099052,,1,
K-means,,,"[{'avg_silhouette': -0.011408739259163332, 'num_points': 9}, {'avg_silhouette': -0.10583239194992149, 'num_points': 110}, {'avg_silhouette': -0.04856407554106637, 'num_points': 61}, {'avg_silhouette': 0.06350235846926744, 'num_points': 121}, {'avg_silhouette': 0.20245920146785798, 'num_points': 95}, {'avg_silhouette': 0.13793507324305765, 'num_points': 365}, {'avg_silhouette': 0.6081086207704445, 'num_points': 612}, {'avg_silhouette': 0.3105217926762561, 'num_points': 274}, {'avg_silhouette': 0.0026373315537733624, 'num_points': 3}, {'avg_silhouette': -0.10797808085746229, 'num_points': 110}, {'avg_silhouette': 0.04965715381196322, 'num_points': 179}, {'avg_silhouette': 0.7805080367511524, 'num_points': 52}, {'avg_silhouette': 0.10373359659677071, 'num_points': 86}, {'avg_silhouette': 0.11104074002998406, 'num_points': 71}, {'avg_silhouette': 0.24282576726414137, 'num_points': 26}, {'avg_silhouette': 0.37012643295159886, 'num_points': 2473}, {'avg_silhouette': -0.016284201527848572, 'num_points': 26}, {'avg_silhouette': 0.13955859313618912, 'num_points': 292}, {'avg_silhouette': 0.1723072631396966, 'num_points': 311}, {'avg_silhouette': 0.5377728945762946, 'num_points': 217}, {'avg_silhouette': 0.8544660675857209, 'num_points': 34}, {'avg_silhouette': 0.15172613244536087, 'num_points': 49}, {'avg_silhouette': -0.0076926844703778495, 'num_points': 194}, {'avg_silhouette': 0.00350837000513131, 'num_points': 153}, {'avg_silhouette': 0.16950182249774312, 'num_points': 54}, {'avg_silhouette': 0.0006803776258480759, 'num_points': 67}, {'avg_silhouette': 0.4895302263332344, 'num_points': 1879}, {'avg_silhouette': 0.09214284769634382, 'num_points': 220}, {'avg_silhouette': 0.47948411920391754, 'num_points': 21}, {'avg_silhouette': -0.06504400762131962, 'num_points': 96}, {'avg_silhouette': 0.06215363169032021, 'num_points': 152}, {'avg_silhouette': -0.06732283418596577, 'num_points': 20}, {'avg_silhouette': 0.17265165699740115, 'num_points': 85}, {'avg_silhouette': -0.04406077050419172, 'num_points': 33}, {'avg_silhouette': -0.0035636428064642323, 'num_points': 60}, {'avg_silhouette': 0.5834160230906902, 'num_points': 32}, {'avg_silhouette': 0.06652583541516284, 'num_points': 493}, {'avg_silhouette': -0.04863110103020643, 'num_points': 35}, {'avg_silhouette': 0.02131542527387713, 'num_points': 227}, {'avg_silhouette': 0.15695653591196176, 'num_points': 180}, {'avg_silhouette': -0.0562201312616736, 'num_points': 33}, {'avg_silhouette': 0.3291057163452926, 'num_points': 49}, {'avg_silhouette': 0.19450098215166808, 'num_points': 142}, {'avg_silhouette': 0.1031346270132113, 'num_points': 127}, {'avg_silhouette': 0.04800023646261506, 'num_points': 52}, {'avg_silhouette': 0.19004724320546706, 'num_points': 20}, {'avg_silhouette': 0.23619369195187734, 'num_points': 3}, {'avg_silhouette': -0.06620060000784103, 'num_points': 91}]",,48,0.28284597865499306,,3,0.4892550933517592
K-means,,,"[{'avg_silhouette': 0.1266667355791157, 'num_points': 163}, {'avg_silhouette': 0.41336064527902594, 'num_points': 2308}, {'avg_silhouette': 0.0280366197200569, 'num_points': 186}, {'avg_silhouette': -0.03131114295398549, 'num_points': 63}, {'avg_silhouette': 0.11674794697964837, 'num_points': 181}, {'avg_silhouette': -0.003349490940702397, 'num_points': 95}, {'avg_silhouette': 0.6074815200137752, 'num_points': 612}, {'avg_silhouette': 0.15755602631083493, 'num_points': 105}, {'avg_silhouette': -0.029659251204716238, 'num_points': 244}, {'avg_silhouette': 0.779648295457998, 'num_points': 52}, {'avg_silhouette': 0.4894360238207171, 'num_points': 1848}, {'avg_silhouette': 0.22135498818092242, 'num_points': 83}, {'avg_silhouette': -0.008139067276935988, 'num_points': 68}, {'avg_silhouette': 0.5371762668007608, 'num_points': 217}, {'avg_silhouette': -0.07644335092871983, 'num_points': 60}, {'avg_silhouette': -0.031018158201252928, 'num_points': 46}, {'avg_silhouette': 0.013471391903235489, 'num_points': 638}, {'avg_silhouette': -0.07637699383869133, 'num_points': 34}, {'avg_silhouette': -0.09380930482041341, 'num_points': 16}, {'avg_silhouette': 0.20783917273776456, 'num_points': 138}, {'avg_silhouette': 0.14601973856957245, 'num_points': 72}, {'avg_silhouette': 0.5159591202367442, 'num_points': 34}, {'avg_silhouette': 0.3198001569539731, 'num_points': 49}, {'avg_silhouette': -0.03515961971594454, 'num_points': 131}, {'avg_silhouette': 0.20641992625957392, 'num_points': 426}, {'avg_silhouette': 0.4516191790591434, 'num_points': 81}, {'avg_silhouette': 0.1918456425870165, 'num_points': 63}, {'avg_silhouette': 0.48209997298770846, 'num_points': 21}, {'avg_silhouette': 0.044173443417929885, 'num_points': 55}, {'avg_silhouette': 0.023515395918150696, 'num_points': 102}, {'avg_silhouette': 0.14330911672503718, 'num_points': 92}, {'avg_silhouette': -0.04808247201372618, 'num_points': 429}, {'avg_silhouette': 0.02395657982703684, 'num_points': 159}, {'avg_silhouette': -0.043903421654782615, 'num_points': 63}, {'avg_silhouette': 0.07629527617466529, 'num_points': 83}, {'avg_silhouette': 0.11442634105597158, 'num_points': 258}, {'avg_silhouette': 0.05961868043908745, 'num_points': 47}, {'avg_silhouette': 0.20307773367467288, 'num_points': 88}, {'avg_silhouette': 0.2117256383515993, 'num_points': 19}, {'avg_silhouette': -0.028489472310041404, 'num_points': 86}, {'avg_silhouette': 0.020288127977271656, 'num_points': 58}, {'avg_silhouette': 0.07695713746914798, 'num_points': 10}, {'avg_silhouette': 0.3225564848336363, 'num_points': 231}, {'avg_silhouette': 0.16926593602806803, 'num_points': 269}, {'avg_silhouette': -0.05255841178886591, 'num_points': 11}]",,45,0.28236389686851343,,4,0.38093739525418846
K-means,,,"[{'avg_silhouette': -0.06127716870361252, 'num_points': 38}, {'avg_silhouette': 0.48956538729337173, 'num_points': 1867}, {'avg_silhouette': -0.1300199806980452, 'num_points': 66}, {'avg_silhouette': -0.03986851526978921, 'num_points': 73}, {'avg_silhouette': 0.12194629127116494, 'num_points': 184}, {'avg_silhouette': 0.19558202033903083, 'num_points': 20}, {'avg_silhouette': 0.6085103643726915, 'num_points': 612}, {'avg_silhouette': 0.12891729979638542, 'num_points': 133}, {'avg_silhouette': -0.06646399075050334, 'num_points': 69}, {'avg_silhouette': 0.3417472235504993, 'num_points': 259}, {'avg_silhouette': 0.3655558501216255, 'num_points': 2458}, {'avg_silhouette': -0.07124912887414762, 'num_points': 110}, {'avg_silhouette': 0.7807626492406604, 'num_points': 52}, {'avg_silhouette': 0.18794050635794632, 'num_points': 263}, {'avg_silhouette': 0.0, 'num_points': 1}, {'avg_silhouette': -0.06727141545528065, 'num_points': 17}, {'avg_silhouette': -0.04165709656472231, 'num_points': 48}, {'avg_silhouette': 0.34687527934187923, 'num_points': 7}, {'avg_silhouette': 0.13845691190446882, 'num_points': 300}, {'avg_silhouette': 0.5637291444343964, 'num_points': 210}, {'avg_silhouette': 0.031967321232512835, 'num_points': 230}, {'avg_silhouette': 0.008551878227246415, 'num_points': 47}, {'avg_silhouette': 0.006197914082111045, 'num_points': 277}, {'avg_silhouette': 0.2224719745832218, 'num_points': 124}, {'avg_silhouette': 0.11611966473397296, 'num_points': 105}, {'avg_silhouette': 0.12649542284264306, 'num_points': 258}, {'avg_silhouette': 0.10928300122911329, 'num_points': 214}, {'avg_silhouette': 0.35786437672850546, 'num_points': 80}, {'avg_silhouette': 0.14833058646391625, 'num_points': 358}, {'avg_silhouette': 0.4795168447502097, 'num_points': 21}, {'avg_silhouette': -0.05320070014727586, 'num_points': 168}, {'avg_silhouette': 0.21357209452516146, 'num_points': 83}, {'avg_silhouette': 0.5165546704905565, 'num_points': 34}, {'avg_silhouette': 0.031720633819874555, 'num_points': 91}, {'avg_silhouette': -0.025851652273624185, 'num_points': 53}, {'avg_silhouette': 0.006297764304075513, 'num_points': 102}, {'avg_silhouette': -0.05147828155283457, 'num_points': 79}, {'avg_silhouette': 0.050367613615282365, 'num_points': 558}, {'avg_silhouette': -0.06459422859455206, 'num_points': 28}, {'avg_silhouette': -0.006549534157679049, 'num_points': 106}, {'avg_silhouette': 0.15759728187233107, 'num_points': 88}, {'avg_silhouette': 0.3124211835686414, 'num_points': 50}, {'avg_silhouette': 0.10587127216132028, 'num_points': 102}, {'avg_silhouette': 0.061385371624306656, 'num_points': 51}]",,44,0.2804141173327256,,4,0.37849980385074283
K-means,,,"[{'avg_silhouette': 0.22132152368604546, 'num_points': 28}, {'avg_silhouette': 0.40233601133637437, 'num_points': 2320}, {'avg_silhouette': -0.08468936824205894, 'num_points': 18}, {'avg_silhouette': -0.008178649160266428, 'num_points': 47}, {'avg_silhouette': 0.2068775263746582, 'num_points': 447}, {'avg_silhouette': 0.1445869267115145, 'num_points': 96}, {'avg_silhouette': 0.4779946333915349, 'num_points': 1861}, {'avg_silhouette': 0.1971713669509936, 'num_points': 185}, {'avg_silhouette': 0.1038119940006056, 'num_points': 131}, {'avg_silhouette': 0.3876659440393184, 'num_points': 81}, {'avg_silhouette': 0.5190645660432535, 'num_points': 34}, {'avg_silhouette': 0.6089467739332053, 'num_points': 612}, {'avg_silhouette': 0.10355242843673476, 'num_points': 126}, {'avg_silhouette': 0.5403356231356015, 'num_points': 217}, {'avg_silhouette': 0.03726863753259595, 'num_points': 159}, {'avg_silhouette': -0.02079094282651087, 'num_points': 15}, {'avg_silhouette': 0.009701943612968573, 'num_points': 179}, {'avg_silhouette': 0.13608761480123463, 'num_points': 110}, {'avg_silhouette': -0.07303083292735137, 'num_points': 49}, {'avg_silhouette': -0.058403306271598954, 'num_points': 124}, {'avg_silhouette': 0.17170664619946777, 'num_points': 101}, {'avg_silhouette': -0.014495662934659039, 'num_points': 122}, {'avg_silhouette': 0.1802996840260163, 'num_points': 75}, {'avg_silhouette': -0.06199092024276625, 'num_points': 445}, {'avg_silhouette': 0.30372657699313743, 'num_points': 251}, {'avg_silhouette': 0.16302654974819802, 'num_points': 147}, {'avg_silhouette': 0.780831414118065, 'num_points': 52}, {'avg_silhouette': -0.07954594680620118, 'num_points': 34}, {'avg_silhouette': -0.04458907590544906, 'num_points': 40}, {'avg_silhouette': -0.06720948571882059, 'num_points': 630}, {'avg_silhouette': 0.10067889818926158, 'num_points': 33}, {'avg_silhouette': -0.03200781593451098, 'num_points': 15}, {'avg_silhouette': 0.007724390068694742, 'num_points': 86}, {'avg_silhouette': 0.8706577605258436, 'num_points': 7}, {'avg_silhouette': 0.17615416212705365, 'num_points': 55}, {'avg_silhouette': -0.08273576876362758, 'num_points': 30}, {'avg_silhouette': 0.12387897532323515, 'num_points': 167}, {'avg_silhouette': 0.053552832452041836, 'num_points': 123}, {'avg_silhouette': 0.21462627478676777, 'num_points': 203}, {'avg_silhouette': -0.0906760905771148, 'num_points': 12}, {'avg_silhouette': -0.05427964042123245, 'num_points': 57}, {'avg_silhouette': 0.011996046382358209, 'num_points': 61}, {'avg_silhouette': 0.08404471635541602, 'num_points': 265}, {'avg_silhouette': 0.02418639188861557, 'num_points': 54}, {'avg_silhouette': 0.05522644287716236, 'num_points': 69}, {'avg_silhouette': 0.030143728000376298, 'num_points': 65}, {'avg_silhouette': 0.006912932672987025, 'num_points': 56}]",,47,0.2730960068452884,,4,0.3555169832355735
K-means,,,"[{'avg_silhouette': 0.5104243824073729, 'num_points': 1866}, {'avg_silhouette': -0.002653293962886548, 'num_points': 48}, {'avg_silhouette': -0.00037562051839130423, 'num_points': 93}, {'avg_silhouette': 0.1976590093497658, 'num_points': 215}, {'avg_silhouette': 0.6094567664254326, 'num_points': 612}, {'avg_silhouette': 0.11232404356603709, 'num_points': 262}, {'avg_silhouette': 0.05764972053732992, 'num_points': 124}, {'avg_silhouette': -0.08631094535340023, 'num_points': 136}, {'avg_silhouette': 0.0939588675906, 'num_points': 556}, {'avg_silhouette': -0.05951991171060167, 'num_points': 154}, {'avg_silhouette': 0.22187322631066664, 'num_points': 83}, {'avg_silhouette': 0.4516191790591434, 'num_points': 81}, {'avg_silhouette': -0.012599756163722171, 'num_points': 41}, {'avg_silhouette': 0.5386545008611408, 'num_points': 217}, {'avg_silhouette': 0.17441655323851152, 'num_points': 150}, {'avg_silhouette': 0.054493100180307286, 'num_points': 120}, {'avg_silhouette': -0.07765996724362784, 'num_points': 16}, {'avg_silhouette': 0.13853016307634647, 'num_points': 281}, {'avg_silhouette': 0.7799283894935076, 'num_points': 52}, {'avg_silhouette': 0.08305059068228487, 'num_points': 109}, {'avg_silhouette': 0.05702195802861879, 'num_points': 82}, {'avg_silhouette': 0.02262789750317332, 'num_points': 56}, {'avg_silhouette': 0.31039454033086733, 'num_points': 2593}, {'avg_silhouette': 0.11649685524892892, 'num_points': 63}, {'avg_silhouette': -0.02217113872814303, 'num_points': 71}, {'avg_silhouette': 0.06455633375834557, 'num_points': 70}, {'avg_silhouette': -0.02335351937550405, 'num_points': 251}, {'avg_silhouette': -0.044589876711807884, 'num_points': 134}, {'avg_silhouette': 0.19401564288632084, 'num_points': 64}, {'avg_silhouette': 0.4832431582034746, 'num_points': 21}, {'avg_silhouette': 0.0351316982643695, 'num_points': 58}, {'avg_silhouette': -0.0414007626402013, 'num_points': 51}, {'avg_silhouette': 0.19428035704040836, 'num_points': 20}, {'avg_silhouette': 0.13404117329549342, 'num_points': 368}, {'avg_silhouette': 0.144405644064259, 'num_points': 107}, {'avg_silhouette': 0.20391441406193944, 'num_points': 140}, {'avg_silhouette': 0.15775779863866812, 'num_points': 100}, {'avg_silhouette': 0.5165321110124613, 'num_points': 34}, {'avg_silhouette': 0.1538925747941904, 'num_points': 352}, {'avg_silhouette': -0.06554063526638988, 'num_points': 25}, {'avg_silhouette': 0.0863829222474242, 'num_points': 112}, {'avg_silhouette': 0.009354823218387664, 'num_points': 70}, {'avg_silhouette': -0.10452434594581975, 'num_points': 36}]",,43,0.2722839515371156,,4,0.3810586391885682
K-means,,,"[{'avg_silhouette': 0.06410947672655924, 'num_points': 111}, {'avg_silhouette': 0.025159560078874106, 'num_points': 182}, {'avg_silhouette': 0.10543999098330707, 'num_points': 12}, {'avg_silhouette': 0.1429927874096872, 'num_points': 103}, {'avg_silhouette': 0.07639443823227735, 'num_points': 32}, {'avg_silhouette': -0.01091032062924273, 'num_points': 21}, {'avg_silhouette': 0.0015325367257606707, 'num_points': 73}, {'avg_silhouette': 0.18087152640890705, 'num_points': 60}, {'avg_silhouette': 0.10842024685355466, 'num_points': 131}, {'avg_silhouette': 0.8107396833353383, 'num_points': 35}, {'avg_silhouette': -0.0427613446763151, 'num_points': 334}, {'avg_silhouette': 0.10404784552096706, 'num_points': 167}, {'avg_silhouette': 0.10821814290417599, 'num_points': 117}, {'avg_silhouette': 0.004321340644598604, 'num_points': 60}, {'avg_silhouette': -0.046349871040090536, 'num_points': 59}, {'avg_silhouette': 0.48287182114262384, 'num_points': 1843}, {'avg_silhouette': 0.7804425357927544, 'num_points': 52}, {'avg_silhouette': 0.7481465480415032, 'num_points': 6}, {'avg_silhouette': 0.047063714245394475, 'num_points': 58}, {'avg_silhouette': 0.6070696316248722, 'num_points': 603}, {'avg_silhouette': 0.5386591762842102, 'num_points': 217}, {'avg_silhouette': -0.05676351392600332, 'num_points': 53}, {'avg_silhouette': 0.5858450888216493, 'num_points': 32}, {'avg_silhouette': -0.027951882479813315, 'num_points': 74}, {'avg_silhouette': -0.04808505846199326, 'num_points': 210}, {'avg_silhouette': 0.18807659954419487, 'num_points': 291}, {'avg_silhouette': 0.22361630795946189, 'num_points': 63}, {'avg_silhouette': 0.07335814930312377, 'num_points': 62}, {'avg_silhouette': 0.210282333464503, 'num_points': 91}, {'avg_silhouette': -0.03525024620392846, 'num_points': 78}, {'avg_silhouette': 0.2932388158672597, 'num_points': 196}, {'avg_silhouette': -0.0373550766778857, 'num_points': 113}, {'avg_silhouette': 0.014739242471186284, 'num_points': 57}, {'avg_silhouette': 0.03548511625045712, 'num_points': 102}, {'avg_silhouette': -0.03427798934867754, 'num_points': 63}, {'avg_silhouette': 0.043423066555358436, 'num_points': 113}, {'avg_silhouette': 0.16117214647732095, 'num_points': 171}, {'avg_silhouette': -0.09868668614943456, 'num_points': 45}, {'avg_silhouette': -0.06849629022011866, 'num_points': 703}, {'avg_silhouette': 0.03592364557656058, 'num_points': 53}, {'avg_silhouette': 0.10450435024085838, 'num_points': 261}, {'avg_silhouette': 0.16878365431768094, 'num_points': 141}, {'avg_silhouette': 0.048879180941259724, 'num_points': 67}, {'avg_silhouette': -0.10058193335506802, 'num_points': 21}, {'avg_silhouette': 0.42971216623651315, 'num_points': 2248}, {'avg_silhouette': -0.1071129601812809, 'num_points': 34}, {'avg_silhouette': -0.08719766868762899, 'num_points': 32}, {'avg_silhouette': -0.07740054305743244, 'num_points': 49}, {'avg_silhouette': 0.1849837062882397, 'num_points': 20}, {'avg_silhouette': 0.23403108637684106, 'num_points': 375}]",,50,0.2721949529020721,,4,0.3627893321959726
K-means,,,"[{'avg_silhouette': 0.365555935303806, 'num_points': 2443}, {'avg_silhouette': 0.06964490749515044, 'num_points': 115}, {'avg_silhouette': -0.0833815077917456, 'num_points': 65}, {'avg_silhouette': 0.207777059469253, 'num_points': 186}, {'avg_silhouette': 0.06762114127439484, 'num_points': 226}, {'avg_silhouette': 0.14188778188962226, 'num_points': 364}, {'avg_silhouette': 0.08511944025782185, 'num_points': 67}, {'avg_silhouette': 0.0535045256830556, 'num_points': 82}, {'avg_silhouette': 0.6100967443082734, 'num_points': 612}, {'avg_silhouette': 0.5409062728678583, 'num_points': 217}, {'avg_silhouette': 0.7811651748370273, 'num_points': 52}, {'avg_silhouette': -0.046140814152063496, 'num_points': 457}, {'avg_silhouette': 0.23601207817850356, 'num_points': 63}, {'avg_silhouette': 0.28069700722121643, 'num_points': 260}, {'avg_silhouette': 0.10452637716871918, 'num_points': 166}, {'avg_silhouette': -0.006069350558201582, 'num_points': 305}, {'avg_silhouette': -0.018684207459960633, 'num_points': 123}, {'avg_silhouette': 0.8631812675354948, 'num_points': 34}, {'avg_silhouette': -0.048068617713043535, 'num_points': 102}, {'avg_silhouette': 0.46271546140415704, 'num_points': 1912}, {'avg_silhouette': 0.060346279704413926, 'num_points': 15}, {'avg_silhouette': 0.1429465259318399, 'num_points': 107}, {'avg_silhouette': 0.0005969387583137336, 'num_points': 78}, {'avg_silhouette': 0.4825851573379526, 'num_points': 21}, {'avg_silhouette': 0.1031732881855324, 'num_points': 85}, {'avg_silhouette': 0.01718208296896315, 'num_points': 623}, {'avg_silhouette': 0.5185138665542455, 'num_points': 34}, {'avg_silhouette': 0.19095202172333492, 'num_points': 144}, {'avg_silhouette': 0.07307752162648243, 'num_points': 47}, {'avg_silhouette': 0.06007960927027736, 'num_points': 94}, {'avg_silhouette': 0.19668361422732472, 'num_points': 20}, {'avg_silhouette': 0.048658008988183135, 'num_points': 139}, {'avg_silhouette': -0.031474615676588345, 'num_points': 63}, {'avg_silhouette': 0.0332820006903186, 'num_points': 57}, {'avg_silhouette': 0.10418733358797969, 'num_points': 9}, {'avg_silhouette': 0.19928439626488081, 'num_points': 350}, {'avg_silhouette': 0.3274968339601242, 'num_points': 49}, {'avg_silhouette': 0.23390727528777452, 'num_points': 3}, {'avg_silhouette': -0.060183601935058006, 'num_points': 74}, {'avg_silhouette': -0.08829611981751401, 'num_points': 75}, {'avg_silhouette': -0.0338423051002678, 'num_points': 118}, {'avg_silhouette': 0.045263293182416495, 'num_points': 38}]",,42,0.2691272868899548,,4,0.3638875559962999
K-means,,,"[{'avg_silhouette': 0.3019101832010536, 'num_points': 258}, {'avg_silhouette': 0.3629684826014201, 'num_points': 2445}, {'avg_silhouette': 0.020853556266012777, 'num_points': 116}, {'avg_silhouette': 0.14556328094641402, 'num_points': 373}, {'avg_silhouette': 0.6102117842906588, 'num_points': 612}, {'avg_silhouette': 0.0727734595022512, 'num_points': 35}, {'avg_silhouette': -0.0024894457052573606, 'num_points': 118}, {'avg_silhouette': 0.7815512953602497, 'num_points': 52}, {'avg_silhouette': 0.22152815842431225, 'num_points': 83}, {'avg_silhouette': 0.5413574144442755, 'num_points': 217}, {'avg_silhouette': 0.1843676814959256, 'num_points': 309}, {'avg_silhouette': 0.0971092243604879, 'num_points': 107}, {'avg_silhouette': 0.4516191790591434, 'num_points': 81}, {'avg_silhouette': -0.07799475675354807, 'num_points': 16}, {'avg_silhouette': -0.022450829797911995, 'num_points': 45}, {'avg_silhouette': 0.45665332150785864, 'num_points': 1919}, {'avg_silhouette': 0.516457031325844, 'num_points': 34}, {'avg_silhouette': 0.08109587412639997, 'num_points': 101}, {'avg_silhouette': -0.0521240575041161, 'num_points': 69}, {'avg_silhouette': 0.06980827962107383, 'num_points': 156}, {'avg_silhouette': 0.03637069590452907, 'num_points': 67}, {'avg_silhouette': -0.04921051084665233, 'num_points': 79}, {'avg_silhouette': 0.027568170684343266, 'num_points': 588}, {'avg_silhouette': -0.03849636347772411, 'num_points': 15}, {'avg_silhouette': 0.07893540323407172, 'num_points': 133}, {'avg_silhouette': -0.0741555788961423, 'num_points': 485}, {'avg_silhouette': 0.29920142255427007, 'num_points': 4}, {'avg_silhouette': 0.011764619620206036, 'num_points': 40}, {'avg_silhouette': 0.08585962319429494, 'num_points': 124}, {'avg_silhouette': 0.14278909433593961, 'num_points': 66}, {'avg_silhouette': 0.07654055542875483, 'num_points': 26}, {'avg_silhouette': 0.18067919690087259, 'num_points': 20}, {'avg_silhouette': 0.18892603001580038, 'num_points': 163}, {'avg_silhouette': 0.15097987138063307, 'num_points': 88}, {'avg_silhouette': -0.008328218770252555, 'num_points': 51}, {'avg_silhouette': 0.32619731638997823, 'num_points': 49}, {'avg_silhouette': -0.05358436603298486, 'num_points': 69}, {'avg_silhouette': -0.06566187862640793, 'num_points': 15}, {'avg_silhouette': 0.002916762559186374, 'num_points': 161}, {'avg_silhouette': 0.08798652511786245, 'num_points': 51}, {'avg_silhouette': 0.2230710821889185, 'num_points': 3}, {'avg_silhouette': 0.024224463017860992, 'num_points': 56}, {'avg_silhouette': -0.051150143338941155, 'num_points': 87}, {'avg_silhouette': -0.008981036337902811, 'num_points': 103}, {'avg_silhouette': 0.009506407419304608, 'num_points': 53}, {'avg_silhouette': -0.032848098438657644, 'num_points': 25}, {'avg_silhouette': -0.04126703822837703, 'num_points': 15}, {'avg_silhouette': 0.16509169561195045, 'num_points': 142}, {'avg_silhouette': 0.1954905021991803, 'num_points': 170}]",,49,0.2688405566867463,,4,0.36435043977107023
K-means,,,"[{'avg_silhouette': 0.09266127686776791, 'num_points': 135}, {'avg_silhouette': 0.5004113992941368, 'num_points': 1879}, {'avg_silhouette': 0.06150238203384119, 'num_points': 142}, {'avg_silhouette': 0.2153376965760777, 'num_points': 423}, {'avg_silhouette': 0.18881178399887633, 'num_points': 30}, {'avg_silhouette': 0.007317404173386025, 'num_points': 248}, {'avg_silhouette': 0.31393577771350745, 'num_points': 255}, {'avg_silhouette': 0.6113372511392224, 'num_points': 612}, {'avg_silhouette': 0.48501014525765573, 'num_points': 21}, {'avg_silhouette': -0.06326986517288577, 'num_points': 122}, {'avg_silhouette': 0.11277929571121362, 'num_points': 263}, {'avg_silhouette': 0.14030394231309923, 'num_points': 374}, {'avg_silhouette': -0.04351558473552379, 'num_points': 80}, {'avg_silhouette': -0.07201978667190356, 'num_points': 16}, {'avg_silhouette': 0.5426719992774842, 'num_points': 217}, {'avg_silhouette': 0.01818327436379805, 'num_points': 146}, {'avg_silhouette': 0.18036396734293916, 'num_points': 143}, {'avg_silhouette': 0.11310965745750678, 'num_points': 170}, {'avg_silhouette': 0.7814105367979824, 'num_points': 52}, {'avg_silhouette': 0.11558474700671417, 'num_points': 11}, {'avg_silhouette': -0.09805641933259292, 'num_points': 48}, {'avg_silhouette': 0.05857833390325021, 'num_points': 122}, {'avg_silhouette': 0.518051668653921, 'num_points': 34}, {'avg_silhouette': 0.19889492585269633, 'num_points': 20}, {'avg_silhouette': 0.16103302638837458, 'num_points': 193}, {'avg_silhouette': 0.19209596692561753, 'num_points': 53}, {'avg_silhouette': 0.2996719123346488, 'num_points': 2614}, {'avg_silhouette': 0.09498277564518212, 'num_points': 214}, {'avg_silhouette': -0.07427397810389899, 'num_points': 54}, {'avg_silhouette': 0.17163991062565417, 'num_points': 79}, {'avg_silhouette': -0.03403922418091764, 'num_points': 252}, {'avg_silhouette': 0.3929851459744231, 'num_points': 81}, {'avg_silhouette': -0.0011933031771110276, 'num_points': 660}, {'avg_silhouette': -0.07370275823379777, 'num_points': 43}, {'avg_silhouette': 0.0046563420621229075, 'num_points': 73}, {'avg_silhouette': 0.31850608205531056, 'num_points': 50}, {'avg_silhouette': -0.03410234567035407, 'num_points': 71}, {'avg_silhouette': -0.01490483684683571, 'num_points': 94}]",,38,0.26865775682868087,,4,0.3525568148977242
K-means,,,"[{'avg_silhouette': 0.3065461041222119, 'num_points': 2598}, {'avg_silhouette': 0.19097651517172048, 'num_points': 691}, {'avg_silhouette': 0.06672581666298619, 'num_points': 118}, {'avg_silhouette': 0.6101637726853635, 'num_points': 612}, {'avg_silhouette': 0.5120595670526866, 'num_points': 1865}, {'avg_silhouette': 0.14549906040867266, 'num_points': 83}, {'avg_silhouette': 0.3197755523071003, 'num_points': 261}, {'avg_silhouette': 0.22924738559796684, 'num_points': 83}, {'avg_silhouette': 0.4260811280657551, 'num_points': 83}, {'avg_silhouette': 0.1458703896049446, 'num_points': 362}, {'avg_silhouette': -0.0642758381576337, 'num_points': 147}, {'avg_silhouette': 0.060544834850639766, 'num_points': 255}, {'avg_silhouette': 0.06370191676354076, 'num_points': 48}, {'avg_silhouette': 0.1420527372450792, 'num_points': 199}, {'avg_silhouette': 0.4877885060819945, 'num_points': 21}, {'avg_silhouette': 0.5875381640630783, 'num_points': 32}, {'avg_silhouette': -0.07442132254223424, 'num_points': 85}, {'avg_silhouette': 0.002848903897635882, 'num_points': 75}, {'avg_silhouette': -0.010803575987903928, 'num_points': 108}, {'avg_silhouette': 0.1335562552306969, 'num_points': 258}, {'avg_silhouette': 0.0430619283701923, 'num_points': 291}, {'avg_silhouette': 0.5422747017441057, 'num_points': 217}, {'avg_silhouette': 0.3213891370275243, 'num_points': 50}, {'avg_silhouette': -0.05510644178936966, 'num_points': 594}, {'avg_silhouette': 0.04799708708335996, 'num_points': 53}, {'avg_silhouette': 0.16934938041482933, 'num_points': 110}, {'avg_silhouette': -0.007795386341285225, 'num_points': 252}, {'avg_silhouette': -0.029713814152331996, 'num_points': 302}, {'avg_silhouette': -0.08811776027173573, 'num_points': 24}, {'avg_silhouette': 0.014714537937834922, 'num_points': 83}, {'avg_silhouette': 0.033835527391167124, 'num_points': 134}]",,31,0.2663312079045648,,5,0.31292790344852256
AGGLC,ward,,"[{'avg_silhouette': -0.0728743894082823, 'num_points': 89}, {'avg_silhouette': 0.025406035008578874, 'num_points': 105}, {'avg_silhouette': 0.1789175936091712, 'num_points': 411}, {'avg_silhouette': -0.06903161534634451, 'num_points': 252}, {'avg_silhouette': 0.2403434210770828, 'num_points': 2639}, {'avg_silhouette': 0.049221402110739665, 'num_points': 102}, {'avg_silhouette': -0.11812317672701461, 'num_points': 27}, {'avg_silhouette': -0.1949045592681153, 'num_points': 213}, {'avg_silhouette': -0.08653186030023323, 'num_points': 93}, {'avg_silhouette': -0.09518635015174096, 'num_points': 124}, {'avg_silhouette': 0.22918364504759534, 'num_points': 83}, {'avg_silhouette': -0.052975594642323945, 'num_points': 133}, {'avg_silhouette': 0.42602821022387083, 'num_points': 83}, {'avg_silhouette': 0.09358506939687375, 'num_points': 97}, {'avg_silhouette': -0.08888564658956162, 'num_points': 18}, {'avg_silhouette': -0.1623096192773689, 'num_points': 41}, {'avg_silhouette': -0.027926895811208604, 'num_points': 46}, {'avg_silhouette': 0.15733884407322085, 'num_points': 552}, {'avg_silhouette': -0.05191989697168127, 'num_points': 231}, {'avg_silhouette': 0.587852522134449, 'num_points': 1718}, {'avg_silhouette': 0.08169605238727341, 'num_points': 119}, {'avg_silhouette': 0.12272422053807897, 'num_points': 45}, {'avg_silhouette': -0.15669054990377604, 'num_points': 28}, {'avg_silhouette': -0.009015343186525786, 'num_points': 52}, {'avg_silhouette': 0.6220144130225972, 'num_points': 602}, {'avg_silhouette': -0.08411066889282462, 'num_points': 39}, {'avg_silhouette': 0.06768753511482381, 'num_points': 38}, {'avg_silhouette': 0.22418167269199193, 'num_points': 234}, {'avg_silhouette': 0.012594706302351058, 'num_points': 49}, {'avg_silhouette': 0.046605442649289536, 'num_points': 55}, {'avg_silhouette': 0.1777019009661501, 'num_points': 205}, {'avg_silhouette': 0.2515566508990465, 'num_points': 56}, {'avg_silhouette': -0.01868844174402878, 'num_points': 51}, {'avg_silhouette': 0.3289620532830178, 'num_points': 196}, {'avg_silhouette': 0.24363706972989643, 'num_points': 225}, {'avg_silhouette': 0.580057654033149, 'num_points': 32}, {'avg_silhouette': 0.40640425268081215, 'num_points': 44}, {'avg_silhouette': 0.5695138350049058, 'num_points': 208}, {'avg_silhouette': -0.020950482510254283, 'num_points': 35}, {'avg_silhouette': 0.1438218727231143, 'num_points': 8}, {'avg_silhouette': 0.21443204833856316, 'num_points': 83}, {'avg_silhouette': 0.12749899544708795, 'num_points': 147}, {'avg_silhouette': 0.06686724906744887, 'num_points': 33}, {'avg_silhouette': 0.7775844899468574, 'num_points': 52}, {'avg_silhouette': 0.2766691090248178, 'num_points': 8}, {'avg_silhouette': 0.48036109035864233, 'num_points': 21}, {'avg_silhouette': 0.20094398393962595, 'num_points': 184}, {'avg_silhouette': 0.18419490461656368, 'num_points': 20}, {'avg_silhouette': 0.01876903053650572, 'num_points': 57}, {'avg_silhouette': 0.28127452664006075, 'num_points': 111}]",,50,0.26620737317961357,,4,0.4018873000768375
AGGLC,ward,,"[{'avg_silhouette': -0.10589197733158885, 'num_points': 172}, {'avg_silhouette': 0.025406035008578874, 'num_points': 105}, {'avg_silhouette': -0.0728743894082823, 'num_points': 89}, {'avg_silhouette': -0.06811271715456806, 'num_points': 252}, {'avg_silhouette': 0.2403434210770828, 'num_points': 2639}, {'avg_silhouette': 0.1789175936091712, 'num_points': 411}, {'avg_silhouette': -0.11407330751634072, 'num_points': 27}, {'avg_silhouette': -0.1949045592681153, 'num_points': 213}, {'avg_silhouette': -0.08653186030023323, 'num_points': 93}, {'avg_silhouette': -0.09518635015174096, 'num_points': 124}, {'avg_silhouette': 0.22918364504759534, 'num_points': 83}, {'avg_silhouette': 0.6220144130225972, 'num_points': 602}, {'avg_silhouette': 0.051174073783753694, 'num_points': 102}, {'avg_silhouette': 0.09358506939687375, 'num_points': 97}, {'avg_silhouette': -0.08545496240038092, 'num_points': 18}, {'avg_silhouette': -0.1623096192773689, 'num_points': 41}, {'avg_silhouette': -0.027926895811208604, 'num_points': 46}, {'avg_silhouette': 0.15733884407322085, 'num_points': 552}, {'avg_silhouette': -0.05191989697168127, 'num_points': 231}, {'avg_silhouette': 0.587852522134449, 'num_points': 1718}, {'avg_silhouette': 0.08797951473580358, 'num_points': 119}, {'avg_silhouette': 0.12272422053807897, 'num_points': 45}, {'avg_silhouette': -0.15669054990377604, 'num_points': 28}, {'avg_silhouette': -0.009015343186525786, 'num_points': 52}, {'avg_silhouette': 0.28127452664006075, 'num_points': 111}, {'avg_silhouette': 0.42602821022387083, 'num_points': 83}, {'avg_silhouette': 0.06768753511482381, 'num_points': 38}, {'avg_silhouette': 0.22418167269199193, 'num_points': 234}, {'avg_silhouette': 0.012594706302351058, 'num_points': 49}, {'avg_silhouette': 0.046605442649289536, 'num_points': 55}, {'avg_silhouette': 0.1777019009661501, 'num_points': 205}, {'avg_silhouette': 0.2515566508990465, 'num_points': 56}, {'avg_silhouette': -0.01868844174402878, 'num_points': 51}, {'avg_silhouette': 0.3289620532830178, 'num_points': 196}, {'avg_silhouette': 0.24363706972989643, 'num_points': 225}, {'avg_silhouette': 0.580057654033149, 'num_points': 32}, {'avg_silhouette': 0.40640425268081215, 'num_points': 44}, {'avg_silhouette': 0.5695138350049058, 'num_points': 208}, {'avg_silhouette': -0.020950482510254283, 'num_points': 35}, {'avg_silhouette': 0.14614535294674802, 'num_points': 8}, {'avg_silhouette': 0.21443204833856316, 'num_points': 83}, {'avg_silhouette': 0.12749899544708795, 'num_points': 147}, {'avg_silhouette': 0.09615462573668435, 'num_points': 33}, {'avg_silhouette': 0.7775844899468574, 'num_points': 52}, {'avg_silhouette': 0.2766691090248178, 'num_points': 8}, {'avg_silhouette': 0.48036109035864233, 'num_points': 21}, {'avg_silhouette': 0.20094398393962595, 'num_points': 184}, {'avg_silhouette': 0.18606079652923682, 'num_points': 20}, {'avg_silhouette': 0.01876903053650572, 'num_points': 57}]",,49,0.2656609698550531,,4,0.4018873000768375
AGGLC,ward,,"[{'avg_silhouette': -0.0819578003735824, 'num_points': 106}, {'avg_silhouette': 0.025406035008578874, 'num_points': 105}, {'avg_silhouette': -0.10589197733158885, 'num_points': 172}, {'avg_silhouette': -0.06735585934531553, 'num_points': 252}, {'avg_silhouette': 0.2403434210770828, 'num_points': 2639}, {'avg_silhouette': 0.1789175936091712, 'num_points': 411}, {'avg_silhouette': -0.0728743894082823, 'num_points': 89}, {'avg_silhouette': -0.1949045592681153, 'num_points': 213}, {'avg_silhouette': -0.08653186030023323, 'num_points': 93}, {'avg_silhouette': -0.09518635015174096, 'num_points': 124}, {'avg_silhouette': 0.22918364504759534, 'num_points': 83}, {'avg_silhouette': 0.6220534489527798, 'num_points': 602}, {'avg_silhouette': 0.051174073783753694, 'num_points': 102}, {'avg_silhouette': -0.11407330751634072, 'num_points': 27}, {'avg_silhouette': -0.08545496240038092, 'num_points': 18}, {'avg_silhouette': -0.1623096192773689, 'num_points': 41}, {'avg_silhouette': -0.027926895811208604, 'num_points': 46}, {'avg_silhouette': 0.15755175133538632, 'num_points': 552}, {'avg_silhouette': -0.05191989697168127, 'num_points': 231}, {'avg_silhouette': 0.587852522134449, 'num_points': 1718}, {'avg_silhouette': 0.08797951473580358, 'num_points': 119}, {'avg_silhouette': 0.12272422053807897, 'num_points': 45}, {'avg_silhouette': -0.15669054990377604, 'num_points': 28}, {'avg_silhouette': -0.009015343186525786, 'num_points': 52}, {'avg_silhouette': 0.28127452664006075, 'num_points': 111}, {'avg_silhouette': 0.42602821022387083, 'num_points': 83}, {'avg_silhouette': 0.06768753511482381, 'num_points': 38}, {'avg_silhouette': 0.22418167269199193, 'num_points': 234}, {'avg_silhouette': 0.09358506939687375, 'num_points': 97}, {'avg_silhouette': 0.0469062449662583, 'num_points': 55}, {'avg_silhouette': 0.1777019009661501, 'num_points': 205}, {'avg_silhouette': 0.2515566508990465, 'num_points': 56}, {'avg_silhouette': -0.01868844174402878, 'num_points': 51}, {'avg_silhouette': 0.3289620532830178, 'num_points': 196}, {'avg_silhouette': 0.24363706972989643, 'num_points': 225}, {'avg_silhouette': 0.5802351065046045, 'num_points': 32}, {'avg_silhouette': 0.40640425268081215, 'num_points': 44}, {'avg_silhouette': 0.5695138350049058, 'num_points': 208}, {'avg_silhouette': -0.019301534532470913, 'num_points': 35}, {'avg_silhouette': 0.14614535294674802, 'num_points': 8}, {'avg_silhouette': 0.21443204833856316, 'num_points': 83}, {'avg_silhouette': 0.12749899544708795, 'num_points': 147}, {'avg_silhouette': 0.09615462573668435, 'num_points': 33}, {'avg_silhouette': 0.7775844899468574, 'num_points': 52}, {'avg_silhouette': 0.2766691090248178, 'num_points': 8}, {'avg_silhouette': 0.48036109035864233, 'num_points': 21}, {'avg_silhouette': 0.20094398393962595, 'num_points': 184}, {'avg_silhouette': 0.18606079652923682, 'num_points': 20}]",,48,0.264673966308725,,4,0.4019502858749245
AGGLC,ward,,"[{'avg_silhouette': -0.07816020679259893, 'num_points': 98}, {'avg_silhouette': -0.0819578003735824, 'num_points': 106}, {'avg_silhouette': -0.10589197733158885, 'num_points': 172}, {'avg_silhouette': 0.025406035008578874, 'num_points': 105}, {'avg_silhouette': 0.2403434210770828, 'num_points': 2639}, {'avg_silhouette': 0.1789175936091712, 'num_points': 411}, {'avg_silhouette': -0.0728743894082823, 'num_points': 89}, {'avg_silhouette': -0.06718905239597958, 'num_points': 252}, {'avg_silhouette': -0.08624774102612841, 'num_points': 93}, {'avg_silhouette': -0.09518635015174096, 'num_points': 124}, {'avg_silhouette': 0.22918364504759534, 'num_points': 83}, {'avg_silhouette': 0.6220534489527798, 'num_points': 602}, {'avg_silhouette': 0.05202339630377223, 'num_points': 102}, {'avg_silhouette': -0.11122500792548207, 'num_points': 27}, {'avg_silhouette': -0.08545496240038092, 'num_points': 18}, {'avg_silhouette': -0.1623096192773689, 'num_points': 41}, {'avg_silhouette': -0.1949045592681153, 'num_points': 213}, {'avg_silhouette': 0.15755175133538632, 'num_points': 552}, {'avg_silhouette': -0.05191989697168127, 'num_points': 231}, {'avg_silhouette': 0.587852522134449, 'num_points': 1718}, {'avg_silhouette': 0.08797951473580358, 'num_points': 119}, {'avg_silhouette': 0.12272422053807897, 'num_points': 45}, {'avg_silhouette': -0.15669054990377604, 'num_points': 28}, {'avg_silhouette': 0.18606079652923682, 'num_points': 20}, {'avg_silhouette': 0.28127452664006075, 'num_points': 111}, {'avg_silhouette': 0.42602821022387083, 'num_points': 83}, {'avg_silhouette': 0.06768753511482381, 'num_points': 38}, {'avg_silhouette': 0.22418167269199193, 'num_points': 234}, {'avg_silhouette': 0.09358506939687375, 'num_points': 97}, {'avg_silhouette': 0.0469062449662583, 'num_points': 55}, {'avg_silhouette': 0.1777019009661501, 'num_points': 205}, {'avg_silhouette': 0.2515566508990465, 'num_points': 56}, {'avg_silhouette': -0.01868844174402878, 'num_points': 51}, {'avg_silhouette': 0.3289620532830178, 'num_points': 196}, {'avg_silhouette': 0.24363706972989643, 'num_points': 225}, {'avg_silhouette': 0.5802351065046045, 'num_points': 32}, {'avg_silhouette': 0.40640425268081215, 'num_points': 44}, {'avg_silhouette': 0.5695138350049058, 'num_points': 208}, {'avg_silhouette': -0.019301534532470913, 'num_points': 35}, {'avg_silhouette': 0.14614535294674802, 'num_points': 8}, {'avg_silhouette': 0.21443204833856316, 'num_points': 83}, {'avg_silhouette': 0.12749899544708795, 'num_points': 147}, {'avg_silhouette': 0.09615462573668435, 'num_points': 33}, {'avg_silhouette': 0.7775844899468574, 'num_points': 52}, {'avg_silhouette': 0.2766691090248178, 'num_points': 8}, {'avg_silhouette': 0.48036109035864233, 'num_points': 21}, {'avg_silhouette': 0.20094398393962595, 'num_points': 184}]",,47,0.2641118232749484,,4,0.4019502858749245
K-means,,,"[{'avg_silhouette': -0.0494771181500098, 'num_points': 65}, {'avg_silhouette': 0.47603508948245077, 'num_points': 1863}, {'avg_silhouette': 0.09546512805082638, 'num_points': 144}, {'avg_silhouette': 0.4977850728526903, 'num_points': 564}, {'avg_silhouette': 0.09626039754224641, 'num_points': 230}, {'avg_silhouette': 0.13981469052340034, 'num_points': 178}, {'avg_silhouette': 0.4516191790591434, 'num_points': 81}, {'avg_silhouette': 0.403132468055536, 'num_points': 2323}, {'avg_silhouette': 0.5404646105559635, 'num_points': 217}, {'avg_silhouette': -0.050846791258911214, 'num_points': 219}, {'avg_silhouette': 0.1569151449453071, 'num_points': 335}, {'avg_silhouette': 0.22145578767340315, 'num_points': 83}, {'avg_silhouette': 0.3010724676892449, 'num_points': 238}, {'avg_silhouette': 0.1543553465175822, 'num_points': 156}, {'avg_silhouette': -0.053493532602101934, 'num_points': 205}, {'avg_silhouette': 0.09695880585717322, 'num_points': 263}, {'avg_silhouette': 0.03878631051581411, 'num_points': 41}, {'avg_silhouette': 0.10424882309945929, 'num_points': 133}, {'avg_silhouette': 0.7808416011451543, 'num_points': 52}, {'avg_silhouette': -0.018323968739049408, 'num_points': 19}, {'avg_silhouette': -0.044292845606943305, 'num_points': 8}, {'avg_silhouette': 0.1996075041691871, 'num_points': 20}, {'avg_silhouette': 0.028101248874794222, 'num_points': 140}, {'avg_silhouette': 0.19916710369778334, 'num_points': 64}, {'avg_silhouette': 0.5192271927888058, 'num_points': 34}, {'avg_silhouette': -0.06907256632771817, 'num_points': 444}, {'avg_silhouette': 0.1325201245669825, 'num_points': 170}, {'avg_silhouette': -0.03101803367811443, 'num_points': 71}, {'avg_silhouette': 0.0586773912932687, 'num_points': 82}, {'avg_silhouette': -0.08026279338115179, 'num_points': 24}, {'avg_silhouette': -0.05153240479910132, 'num_points': 566}, {'avg_silhouette': 0.05977110286452543, 'num_points': 75}, {'avg_silhouette': -0.05196748113897335, 'num_points': 63}, {'avg_silhouette': -0.07300037684691044, 'num_points': 119}, {'avg_silhouette': 0.019777323154062807, 'num_points': 52}, {'avg_silhouette': 0.03152032160999348, 'num_points': 53}, {'avg_silhouette': -0.06201803955351612, 'num_points': 9}, {'avg_silhouette': -0.08871767777837196, 'num_points': 14}, {'avg_silhouette': 0.18804071144728923, 'num_points': 525}, {'avg_silhouette': 0.12809683105482347, 'num_points': 103}, {'avg_silhouette': 0.2731396007765257, 'num_points': 49}]",,41,0.26365765055917034,,5,0.302692187407773
K-means,,,"[{'avg_silhouette': -0.13643387439249163, 'num_points': 533}, {'avg_silhouette': -0.0830097619015322, 'num_points': 38}, {'avg_silhouette': -0.09033514167701859, 'num_points': 42}, {'avg_silhouette': 0.19563389622953603, 'num_points': 185}, {'avg_silhouette': 0.272032819584826, 'num_points': 49}, {'avg_silhouette': 0.306277330238959, 'num_points': 243}, {'avg_silhouette': 0.17065340494041967, 'num_points': 397}, {'avg_silhouette': 0.05889250412878075, 'num_points': 130}, {'avg_silhouette': 0.2214345905396998, 'num_points': 83}, {'avg_silhouette': 0.08148225379315949, 'num_points': 241}, {'avg_silhouette': 0.15074613291767858, 'num_points': 88}, {'avg_silhouette': 0.5003403855256285, 'num_points': 563}, {'avg_silhouette': 0.540266615562319, 'num_points': 217}, {'avg_silhouette': -0.08975790981507685, 'num_points': 56}, {'avg_silhouette': 0.1254712574795663, 'num_points': 138}, {'avg_silhouette': 0.7811836356696374, 'num_points': 52}, {'avg_silhouette': 0.4516191790591434, 'num_points': 81}, {'avg_silhouette': -0.02568202020695052, 'num_points': 559}, {'avg_silhouette': 0.1344591189590704, 'num_points': 90}, {'avg_silhouette': -0.04016792987123694, 'num_points': 170}, {'avg_silhouette': 0.11041374909258776, 'num_points': 8}, {'avg_silhouette': 0.516782092274549, 'num_points': 34}, {'avg_silhouette': -0.014623215889387394, 'num_points': 84}, {'avg_silhouette': 0.1495247298683231, 'num_points': 354}, {'avg_silhouette': -0.04148362614797382, 'num_points': 70}, {'avg_silhouette': 0.15952888332646034, 'num_points': 97}, {'avg_silhouette': 0.44601183330012156, 'num_points': 1913}, {'avg_silhouette': 0.12656764421938474, 'num_points': 30}, {'avg_silhouette': 0.18507095561043574, 'num_points': 143}, {'avg_silhouette': -0.03676246963266953, 'num_points': 15}, {'avg_silhouette': -0.06573668615807972, 'num_points': 17}, {'avg_silhouette': 0.1850150374298362, 'num_points': 20}, {'avg_silhouette': 0.11207713761013884, 'num_points': 48}, {'avg_silhouette': 0.0399228444957235, 'num_points': 182}, {'avg_silhouette': 0.06999604121761709, 'num_points': 110}, {'avg_silhouette': 0.018853711902332478, 'num_points': 69}, {'avg_silhouette': -0.02190040421945383, 'num_points': 68}, {'avg_silhouette': -0.049415755690245866, 'num_points': 68}, {'avg_silhouette': 0.09167794812991552, 'num_points': 133}, {'avg_silhouette': 0.31377510715988655, 'num_points': 50}, {'avg_silhouette': -0.07994130468279138, 'num_points': 35}, {'avg_silhouette': 0.23489657200992023, 'num_points': 96}, {'avg_silhouette': 0.029934574779873394, 'num_points': 54}, {'avg_silhouette': 0.4136454303641714, 'num_points': 2284}, {'avg_silhouette': 0.0990156361170244, 'num_points': 113}, {'avg_silhouette': -0.052193962901944224, 'num_points': 44}]",,46,0.2613683086160876,,5,0.23957635091809587
K-means,,,"[{'avg_silhouette': 0.3099007580824654, 'num_points': 2643}, {'avg_silhouette': -0.03160046602338487, 'num_points': 95}, {'avg_silhouette': 0.14410227022735006, 'num_points': 104}, {'avg_silhouette': -0.028786874219873238, 'num_points': 62}, {'avg_silhouette': 0.16804419487601804, 'num_points': 419}, {'avg_silhouette': 0.07751143092412596, 'num_points': 119}, {'avg_silhouette': 0.6116076263665309, 'num_points': 612}, {'avg_silhouette': 0.14472245899842665, 'num_points': 38}, {'avg_silhouette': -0.031268062837257714, 'num_points': 343}, {'avg_silhouette': 0.05231702401810902, 'num_points': 254}, {'avg_silhouette': 0.06320317739717815, 'num_points': 241}, {'avg_silhouette': 0.5425189638838501, 'num_points': 217}, {'avg_silhouette': 0.0032085855554775714, 'num_points': 77}, {'avg_silhouette': 0.5174319449642979, 'num_points': 34}, {'avg_silhouette': 0.18626214050257472, 'num_points': 126}, {'avg_silhouette': 0.17464978541721807, 'num_points': 170}, {'avg_silhouette': 0.006295856738114417, 'num_points': 655}, {'avg_silhouette': 0.4702586476846743, 'num_points': 1929}, {'avg_silhouette': 0.17949488424963658, 'num_points': 182}, {'avg_silhouette': -0.09041912335430347, 'num_points': 32}, {'avg_silhouette': -0.06690103387302772, 'num_points': 120}, {'avg_silhouette': 0.7818509551719034, 'num_points': 52}, {'avg_silhouette': 0.08260954645467468, 'num_points': 34}, {'avg_silhouette': 0.39579954271255474, 'num_points': 81}, {'avg_silhouette': 0.31822404727585435, 'num_points': 50}, {'avg_silhouette': 0.07719337553569866, 'num_points': 142}, {'avg_silhouette': -0.05125643041367968, 'num_points': 62}, {'avg_silhouette': 0.01765859333506331, 'num_points': 60}, {'avg_silhouette': 0.18287335121763404, 'num_points': 144}, {'avg_silhouette': 0.204051099903034, 'num_points': 20}, {'avg_silhouette': -0.0807172712435424, 'num_points': 46}, {'avg_silhouette': 0.08857218957354297, 'num_points': 137}, {'avg_silhouette': -0.019217394771474192, 'num_points': 54}, {'avg_silhouette': 0.1840886331808551, 'num_points': 45}, {'avg_silhouette': 0.4860912633390854, 'num_points': 21}, {'avg_silhouette': 0.27797492253425615, 'num_points': 200}, {'avg_silhouette': 0.07008737684348401, 'num_points': 20}, {'avg_silhouette': -0.052699091124698, 'num_points': 72}, {'avg_silhouette': -0.03368736676453496, 'num_points': 252}, {'avg_silhouette': 0.06684974089942268, 'num_points': 130}]",,40,0.2613630738345666,,4,0.34951572221794625
K-means,,,"[{'avg_silhouette': 0.18699186892384737, 'num_points': 75}, {'avg_silhouette': 0.36399740238346, 'num_points': 2446}, {'avg_silhouette': 0.02694824409357995, 'num_points': 179}, {'avg_silhouette': -0.011269571570412371, 'num_points': 152}, {'avg_silhouette': 0.09367164481618831, 'num_points': 157}, {'avg_silhouette': 0.09676815301200063, 'num_points': 138}, {'avg_silhouette': -0.06861654018369369, 'num_points': 118}, {'avg_silhouette': 0.6106531478225088, 'num_points': 612}, {'avg_silhouette': 0.08436794382236447, 'num_points': 187}, {'avg_silhouette': -0.0360687067706222, 'num_points': 75}, {'avg_silhouette': 0.22885211576499767, 'num_points': 83}, {'avg_silhouette': -0.002578198937771542, 'num_points': 114}, {'avg_silhouette': 0.5425667375608322, 'num_points': 217}, {'avg_silhouette': 0.13848618416462674, 'num_points': 176}, {'avg_silhouette': 0.17416403424715826, 'num_points': 551}, {'avg_silhouette': 0.04769531902424806, 'num_points': 80}, {'avg_silhouette': 0.13303260882233955, 'num_points': 179}, {'avg_silhouette': 0.2053768719722112, 'num_points': 20}, {'avg_silhouette': 0.45124011559650856, 'num_points': 1923}, {'avg_silhouette': -0.011308556361057296, 'num_points': 45}, {'avg_silhouette': 0.4260811280657551, 'num_points': 83}, {'avg_silhouette': 0.32497661702523734, 'num_points': 243}, {'avg_silhouette': 0.7815976307126593, 'num_points': 52}, {'avg_silhouette': 0.09297995004902664, 'num_points': 115}, {'avg_silhouette': -0.04615865963953204, 'num_points': 104}, {'avg_silhouette': -0.04095519176087714, 'num_points': 20}, {'avg_silhouette': 0.5878321639746036, 'num_points': 32}, {'avg_silhouette': -0.010581449006635388, 'num_points': 104}, {'avg_silhouette': 0.018639653872798746, 'num_points': 228}, {'avg_silhouette': -0.08396570448065466, 'num_points': 496}, {'avg_silhouette': 0.1894439430768576, 'num_points': 263}, {'avg_silhouette': -0.029432854489460702, 'num_points': 651}, {'avg_silhouette': -0.05958062748528795, 'num_points': 43}, {'avg_silhouette': -0.04775616038966364, 'num_points': 45}, {'avg_silhouette': -0.07196722914978261, 'num_points': 27}, {'avg_silhouette': 0.043247874296952246, 'num_points': 61}]",,36,0.2612418949209949,,5,0.314124369112035
K-means,,,"[{'avg_silhouette': -0.020676032259616475, 'num_points': 263}, {'avg_silhouette': -0.06781516831473336, 'num_points': 17}, {'avg_silhouette': 0.02809747879920799, 'num_points': 138}, {'avg_silhouette': 0.3091176274576346, 'num_points': 2596}, {'avg_silhouette': 0.1415670015973846, 'num_points': 194}, {'avg_silhouette': 0.6106779095375777, 'num_points': 612}, {'avg_silhouette': 0.14034778025559078, 'num_points': 45}, {'avg_silhouette': -0.014116651988381967, 'num_points': 170}, {'avg_silhouette': 0.18387656828836435, 'num_points': 259}, {'avg_silhouette': -0.06545688890031905, 'num_points': 140}, {'avg_silhouette': 0.16557470304957672, 'num_points': 151}, {'avg_silhouette': -0.06402771793766066, 'num_points': 700}, {'avg_silhouette': 0.03753464761762167, 'num_points': 136}, {'avg_silhouette': -0.03562511875581949, 'num_points': 14}, {'avg_silhouette': -0.08552306505144508, 'num_points': 55}, {'avg_silhouette': 0.10618337872385704, 'num_points': 133}, {'avg_silhouette': 0.5416424137228266, 'num_points': 217}, {'avg_silhouette': 0.10435695055394222, 'num_points': 265}, {'avg_silhouette': 0.1262107374894734, 'num_points': 378}, {'avg_silhouette': -0.008409843100279176, 'num_points': 60}, {'avg_silhouette': 0.07062247944539743, 'num_points': 120}, {'avg_silhouette': 0.7811808524641346, 'num_points': 52}, {'avg_silhouette': 0.0006484919368636891, 'num_points': 196}, {'avg_silhouette': 0.5188385497153464, 'num_points': 34}, {'avg_silhouette': -0.031858927115459866, 'num_points': 74}, {'avg_silhouette': 0.14550685971319308, 'num_points': 81}, {'avg_silhouette': 0.5051454447292253, 'num_points': 1870}, {'avg_silhouette': 0.400746391452655, 'num_points': 81}, {'avg_silhouette': -0.018634315543313983, 'num_points': 46}, {'avg_silhouette': 0.09363638498862739, 'num_points': 115}, {'avg_silhouette': 0.04447515937533034, 'num_points': 53}, {'avg_silhouette': 0.10200438180092489, 'num_points': 409}, {'avg_silhouette': -0.0915357349956486, 'num_points': 20}, {'avg_silhouette': 0.17376088160145703, 'num_points': 16}, {'avg_silhouette': 0.19762770569757654, 'num_points': 20}, {'avg_silhouette': -0.04419531266820662, 'num_points': 12}, {'avg_silhouette': -0.0021205906442072348, 'num_points': 68}, {'avg_silhouette': 0.1648146855891311, 'num_points': 38}, {'avg_silhouette': 0.33808773117348384, 'num_points': 246}]",,39,0.2606453921616273,,4,0.3402283159466942
AGGLC,ward,,"[{'avg_silhouette': -0.15067615589151515, 'num_points': 397}, {'avg_silhouette': -0.07816020679259893, 'num_points': 98}, {'avg_silhouette': -0.10589197733158885, 'num_points': 172}, {'avg_silhouette': -0.08036057768616019, 'num_points': 106}, {'avg_silhouette': 0.24459478355903522, 'num_points': 2639}, {'avg_silhouette': 0.18019402010935653, 'num_points': 411}, {'avg_silhouette': -0.028164354620831746, 'num_points': 89}, {'avg_silhouette': 0.025406035008578874, 'num_points': 105}, {'avg_silhouette': -0.08624774102612841, 'num_points': 93}, {'avg_silhouette': -0.09498497748281275, 'num_points': 124}, {'avg_silhouette': 0.22918364504759534, 'num_points': 83}, {'avg_silhouette': 0.6228215667184578, 'num_points': 602}, {'avg_silhouette': 0.05202339630377223, 'num_points': 102}, {'avg_silhouette': -0.11122500792548207, 'num_points': 27}, {'avg_silhouette': -0.08440753129751394, 'num_points': 18}, {'avg_silhouette': -0.1623096192773689, 'num_points': 41}, {'avg_silhouette': -0.06718905239597958, 'num_points': 252}, {'avg_silhouette': 0.15755175133538632, 'num_points': 552}, {'avg_silhouette': -0.051895022756501874, 'num_points': 231}, {'avg_silhouette': 0.587852522134449, 'num_points': 1718}, {'avg_silhouette': 0.08797951473580358, 'num_points': 119}, {'avg_silhouette': 0.1262166777144245, 'num_points': 45}, {'avg_silhouette': -0.15669054990377604, 'num_points': 28}, {'avg_silhouette': 0.18606079652923682, 'num_points': 20}, {'avg_silhouette': 0.2832009678344873, 'num_points': 111}, {'avg_silhouette': 0.42602821022387083, 'num_points': 83}, {'avg_silhouette': 0.06768753511482381, 'num_points': 38}, {'avg_silhouette': 0.22480098779053523, 'num_points': 234}, {'avg_silhouette': 0.09358506939687375, 'num_points': 97}, {'avg_silhouette': 0.0469062449662583, 'num_points': 55}, {'avg_silhouette': 0.1777019009661501, 'num_points': 205}, {'avg_silhouette': 0.2522185006574764, 'num_points': 56}, {'avg_silhouette': -0.014238715077503798, 'num_points': 51}, {'avg_silhouette': 0.3291140579044557, 'num_points': 196}, {'avg_silhouette': 0.24835606179044084, 'num_points': 225}, {'avg_silhouette': 0.5802351065046045, 'num_points': 32}, {'avg_silhouette': 0.4068079520768176, 'num_points': 44}, {'avg_silhouette': 0.5698344649872722, 'num_points': 208}, {'avg_silhouette': -0.019301534532470913, 'num_points': 35}, {'avg_silhouette': 0.14614535294674802, 'num_points': 8}, {'avg_silhouette': 0.21443204833856316, 'num_points': 83}, {'avg_silhouette': 0.12749899544708795, 'num_points': 147}, {'avg_silhouette': 0.09615462573668435, 'num_points': 33}, {'avg_silhouette': 0.7775871369747539, 'num_points': 52}, {'avg_silhouette': 0.2766691090248178, 'num_points': 8}, {'avg_silhouette': 0.4808066802494791, 'num_points': 21}]",,46,0.26045543398125987,,4,0.4032051559368321
K-means,,,"[{'avg_silhouette': 0.08916899423342789, 'num_points': 156}, {'avg_silhouette': 0.3029912506451486, 'num_points': 2610}, {'avg_silhouette': 0.20793374450518637, 'num_points': 143}, {'avg_silhouette': -0.0467538125501514, 'num_points': 52}, {'avg_silhouette': 0.3680771826397477, 'num_points': 18}, {'avg_silhouette': 0.06329250274947464, 'num_points': 230}, {'avg_silhouette': 0.13224312566769214, 'num_points': 326}, {'avg_silhouette': -0.016989791995908225, 'num_points': 262}, {'avg_silhouette': 0.13059958501473273, 'num_points': 434}, {'avg_silhouette': 0.6113318170316605, 'num_points': 612}, {'avg_silhouette': 0.42512395652001644, 'num_points': 81}, {'avg_silhouette': -0.001369800348062617, 'num_points': 242}, {'avg_silhouette': 0.00967975630450566, 'num_points': 156}, {'avg_silhouette': 0.543490456293589, 'num_points': 217}, {'avg_silhouette': 0.003670337635762828, 'num_points': 63}, {'avg_silhouette': 0.7813846252716996, 'num_points': 52}, {'avg_silhouette': 0.03680278377854317, 'num_points': 51}, {'avg_silhouette': 0.08341917143048871, 'num_points': 192}, {'avg_silhouette': 0.10092802012206115, 'num_points': 266}, {'avg_silhouette': -0.037637624348439404, 'num_points': 701}, {'avg_silhouette': 0.07593052564141367, 'num_points': 169}, {'avg_silhouette': 0.160153844954339, 'num_points': 91}, {'avg_silhouette': 0.20790268957639083, 'num_points': 248}, {'avg_silhouette': -0.022809104766486586, 'num_points': 62}, {'avg_silhouette': -0.08691835852840453, 'num_points': 98}, {'avg_silhouette': 0.24076368277839108, 'num_points': 185}, {'avg_silhouette': 0.48754127661570573, 'num_points': 21}, {'avg_silhouette': 0.0023057589553207893, 'num_points': 124}, {'avg_silhouette': 0.5203944389166977, 'num_points': 34}, {'avg_silhouette': -0.07664665616326465, 'num_points': 116}, {'avg_silhouette': 0.15575820249851022, 'num_points': 65}, {'avg_silhouette': 0.49915530851121437, 'num_points': 1879}, {'avg_silhouette': -0.07244452553474472, 'num_points': 12}, {'avg_silhouette': -0.039214867848323294, 'num_points': 71}, {'avg_silhouette': 0.1285067014831847, 'num_points': 55}]",,35,0.25954057931568775,,4,0.343960187959896
AGGLC,ward,,"[{'avg_silhouette': -0.20999881439572382, 'num_points': 152}, {'avg_silhouette': -0.15064642562724495, 'num_points': 397}, {'avg_silhouette': -0.10481151302840001, 'num_points': 172}, {'avg_silhouette': -0.08036057768616019, 'num_points': 106}, {'avg_silhouette': -0.07816020679259893, 'num_points': 98}, {'avg_silhouette': 0.18019402010935653, 'num_points': 411}, {'avg_silhouette': -0.028164354620831746, 'num_points': 89}, {'avg_silhouette': 0.025406035008578874, 'num_points': 105}, {'avg_silhouette': -0.08624774102612841, 'num_points': 93}, {'avg_silhouette': 0.24459478355903522, 'num_points': 2639}, {'avg_silhouette': 0.22918364504759534, 'num_points': 83}, {'avg_silhouette': 0.6229311797307524, 'num_points': 602}, {'avg_silhouette': 0.05202339630377223, 'num_points': 102}, {'avg_silhouette': -0.11122500792548207, 'num_points': 27}, {'avg_silhouette': -0.0828325859264961, 'num_points': 18}, {'avg_silhouette': -0.1623096192773689, 'num_points': 41}, {'avg_silhouette': -0.06718905239597958, 'num_points': 252}, {'avg_silhouette': 0.15755175133538632, 'num_points': 552}, {'avg_silhouette': -0.0518284853952144, 'num_points': 231}, {'avg_silhouette': 0.587852522134449, 'num_points': 1718}, {'avg_silhouette': 0.08797951473580358, 'num_points': 119}, {'avg_silhouette': 0.1262166777144245, 'num_points': 45}, {'avg_silhouette': 0.4812413311085339, 'num_points': 21}, {'avg_silhouette': 0.18606079652923682, 'num_points': 20}, {'avg_silhouette': 0.2832009678344873, 'num_points': 111}, {'avg_silhouette': 0.42602821022387083, 'num_points': 83}, {'avg_silhouette': 0.06768753511482381, 'num_points': 38}, {'avg_silhouette': 0.22480098779053523, 'num_points': 234}, {'avg_silhouette': 0.09358506939687375, 'num_points': 97}, {'avg_silhouette': 0.0469062449662583, 'num_points': 55}, {'avg_silhouette': 0.1777019009661501, 'num_points': 205}, {'avg_silhouette': 0.2522185006574764, 'num_points': 56}, {'avg_silhouette': -0.013790606247876914, 'num_points': 51}, {'avg_silhouette': 0.3291140579044557, 'num_points': 196}, {'avg_silhouette': 0.24835606179044084, 'num_points': 225}, {'avg_silhouette': 0.5802351065046045, 'num_points': 32}, {'avg_silhouette': 0.4068079520768176, 'num_points': 44}, {'avg_silhouette': 0.5698344649872722, 'num_points': 208}, {'avg_silhouette': -0.019301534532470913, 'num_points': 35}, {'avg_silhouette': 0.14614535294674802, 'num_points': 8}, {'avg_silhouette': 0.21443204833856316, 'num_points': 83}, {'avg_silhouette': 0.12749899544708795, 'num_points': 147}, {'avg_silhouette': 0.09615462573668435, 'num_points': 33}, {'avg_silhouette': 0.7775871369747539, 'num_points': 52}, {'avg_silhouette': 0.2766691090248178, 'num_points': 8}]",,45,0.25892828745767915,,4,0.40323255918990575
K-means,,,"[{'avg_silhouette': 0.501099079121328, 'num_points': 1868}, {'avg_silhouette': 0.153957231303861, 'num_points': 151}, {'avg_silhouette': 0.2077163116105789, 'num_points': 20}, {'avg_silhouette': -0.04824646153034946, 'num_points': 217}, {'avg_silhouette': 0.6096789914611773, 'num_points': 612}, {'avg_silhouette': 0.19427866569234803, 'num_points': 130}, {'avg_silhouette': 0.057542122745800874, 'num_points': 123}, {'avg_silhouette': 0.22907060052077186, 'num_points': 83}, {'avg_silhouette': -0.08775435957978177, 'num_points': 96}, {'avg_silhouette': 0.4299404555959012, 'num_points': 83}, {'avg_silhouette': -0.022317777164238967, 'num_points': 12}, {'avg_silhouette': 0.3327122398964665, 'num_points': 2560}, {'avg_silhouette': 0.27702163664908974, 'num_points': 8}, {'avg_silhouette': 0.15295994871967045, 'num_points': 323}, {'avg_silhouette': 0.024813050769202528, 'num_points': 58}, {'avg_silhouette': 0.7804971558015782, 'num_points': 52}, {'avg_silhouette': 0.031898176956753725, 'num_points': 166}, {'avg_silhouette': 0.09506948898274624, 'num_points': 328}, {'avg_silhouette': 0.04116808364292864, 'num_points': 75}, {'avg_silhouette': 0.5399384305950905, 'num_points': 217}, {'avg_silhouette': 0.17211638747670574, 'num_points': 100}, {'avg_silhouette': 0.10060889831188013, 'num_points': 264}, {'avg_silhouette': -0.10068114668455877, 'num_points': 715}, {'avg_silhouette': 0.021826018676496927, 'num_points': 59}, {'avg_silhouette': -0.06548742087477985, 'num_points': 64}, {'avg_silhouette': 0.08685075882507509, 'num_points': 137}, {'avg_silhouette': 0.09987432469744575, 'num_points': 33}, {'avg_silhouette': 0.008257607623012165, 'num_points': 245}, {'avg_silhouette': 0.07547795088231206, 'num_points': 170}, {'avg_silhouette': -0.030299022709778686, 'num_points': 94}, {'avg_silhouette': 0.09903112625136481, 'num_points': 200}, {'avg_silhouette': 0.10719184324262222, 'num_points': 128}, {'avg_silhouette': -0.027257422429426328, 'num_points': 72}, {'avg_silhouette': 0.058787060858897164, 'num_points': 238}, {'avg_silhouette': 0.23143492664656967, 'num_points': 245}, {'avg_silhouette': -0.0692671000363968, 'num_points': 76}, {'avg_silhouette': 0.11523258342475406, 'num_points': 72}]",,37,0.25836570835611117,,4,0.3357022909486033
AGGLC,ward,,"[{'avg_silhouette': 0.07982740158817872, 'num_points': 456}, {'avg_silhouette': -0.1350091833465944, 'num_points': 397}, {'avg_silhouette': -0.19249854478753717, 'num_points': 152}, {'avg_silhouette': -0.0776169055182936, 'num_points': 106}, {'avg_silhouette': -0.07816020679259893, 'num_points': 98}, {'avg_silhouette': -0.1046436360116165, 'num_points': 172}, {'avg_silhouette': -0.027813681685291892, 'num_points': 89}, {'avg_silhouette': 0.025406035008578874, 'num_points': 105}, {'avg_silhouette': -0.08624774102612841, 'num_points': 93}, {'avg_silhouette': 0.24483003236174378, 'num_points': 2639}, {'avg_silhouette': 0.22918364504759534, 'num_points': 83}, {'avg_silhouette': 0.6260197980471742, 'num_points': 602}, {'avg_silhouette': 0.05202339630377223, 'num_points': 102}, {'avg_silhouette': -0.11122500792548207, 'num_points': 27}, {'avg_silhouette': -0.0828325859264961, 'num_points': 18}, {'avg_silhouette': -0.1564525704936735, 'num_points': 41}, {'avg_silhouette': -0.06718905239597958, 'num_points': 252}, {'avg_silhouette': 0.15755175133538632, 'num_points': 552}, {'avg_silhouette': -0.05094552023865568, 'num_points': 231}, {'avg_silhouette': 0.5878536227854181, 'num_points': 1718}, {'avg_silhouette': 0.08797951473580358, 'num_points': 119}, {'avg_silhouette': 0.2776786672579654, 'num_points': 8}, {'avg_silhouette': 0.4842024154759952, 'num_points': 21}, {'avg_silhouette': 0.18606079652923682, 'num_points': 20}, {'avg_silhouette': 0.2893018845061138, 'num_points': 111}, {'avg_silhouette': 0.42602821022387083, 'num_points': 83}, {'avg_silhouette': 0.06768753511482381, 'num_points': 38}, {'avg_silhouette': 0.22587469691019227, 'num_points': 234}, {'avg_silhouette': 0.09358506939687375, 'num_points': 97}, {'avg_silhouette': 0.0469062449662583, 'num_points': 55}, {'avg_silhouette': 0.1777019009661501, 'num_points': 205}, {'avg_silhouette': 0.25682878303748097, 'num_points': 56}, {'avg_silhouette': -0.013045758064493443, 'num_points': 51}, {'avg_silhouette': 0.3291140579044557, 'num_points': 196}, {'avg_silhouette': 0.24835606179044084, 'num_points': 225}, {'avg_silhouette': 0.5814926962831681, 'num_points': 32}, {'avg_silhouette': 0.4169115552171785, 'num_points': 44}, {'avg_silhouette': 0.5761139968177258, 'num_points': 208}, {'avg_silhouette': -0.019301534532470913, 'num_points': 35}, {'avg_silhouette': 0.14614535294674802, 'num_points': 8}, {'avg_silhouette': 0.21443204833856316, 'num_points': 83}, {'avg_silhouette': 0.12749899544708795, 'num_points': 147}, {'avg_silhouette': 0.09615462573668435, 'num_points': 33}, {'avg_silhouette': 0.7792592691492478, 'num_points': 52}]",,44,0.2561523486920837,,4,0.4040638011324306
K-means,,,"[{'avg_silhouette': 0.10217723806469574, 'num_points': 38}, {'avg_silhouette': -0.06208775406507333, 'num_points': 728}, {'avg_silhouette': 0.17116325180852476, 'num_points': 157}, {'avg_silhouette': 0.05928389545197752, 'num_points': 254}, {'avg_silhouette': 0.6139501795786675, 'num_points': 612}, {'avg_silhouette': 0.11439219679764447, 'num_points': 100}, {'avg_silhouette': 0.47280559631195834, 'num_points': 1950}, {'avg_silhouette': 0.035454733907619655, 'num_points': 47}, {'avg_silhouette': 0.3799369003270812, 'num_points': 430}, {'avg_silhouette': 0.5452839551326271, 'num_points': 217}, {'avg_silhouette': 0.06835109841656842, 'num_points': 506}, {'avg_silhouette': 0.11495036405302962, 'num_points': 184}, {'avg_silhouette': 0.4260811280657551, 'num_points': 83}, {'avg_silhouette': -0.03073337856837881, 'num_points': 232}, {'avg_silhouette': -0.06259042143577327, 'num_points': 158}, {'avg_silhouette': -0.08373113816651159, 'num_points': 89}, {'avg_silhouette': 0.1044084130142288, 'num_points': 139}, {'avg_silhouette': -0.0330917422376235, 'num_points': 33}, {'avg_silhouette': 0.22926806776040629, 'num_points': 83}, {'avg_silhouette': 0.04212943080131849, 'num_points': 165}, {'avg_silhouette': 0.18489455975604063, 'num_points': 566}, {'avg_silhouette': 0.5878552058199455, 'num_points': 32}, {'avg_silhouette': -0.002564252119620383, 'num_points': 62}, {'avg_silhouette': 0.06710872683574037, 'num_points': 123}, {'avg_silhouette': -0.013329870886662877, 'num_points': 263}, {'avg_silhouette': 0.0, 'num_points': 1}, {'avg_silhouette': 0.2568903615387873, 'num_points': 2791}, {'avg_silhouette': 0.7095608193747974, 'num_points': 51}]",,28,0.2556348439325621,,6,0.2558006735894915
AGGLC,ward,,"[{'avg_silhouette': -0.08772387781320207, 'num_points': 239}, {'avg_silhouette': 0.0798587151147151, 'num_points': 456}, {'avg_silhouette': -0.19244188094005887, 'num_points': 152}, {'avg_silhouette': -0.13497268108906496, 'num_points': 397}, {'avg_silhouette': -0.07774975084982792, 'num_points': 98}, {'avg_silhouette': -0.10454537653265383, 'num_points': 172}, {'avg_silhouette': -0.02571943568182148, 'num_points': 89}, {'avg_silhouette': 0.025406035008578874, 'num_points': 105}, {'avg_silhouette': -0.07718576648267844, 'num_points': 106}, {'avg_silhouette': 0.24483003236174378, 'num_points': 2639}, {'avg_silhouette': 0.22918364504759534, 'num_points': 83}, {'avg_silhouette': 0.6260197980471742, 'num_points': 602}, {'avg_silhouette': 0.05202339630377223, 'num_points': 102}, {'avg_silhouette': -0.11122500792548207, 'num_points': 27}, {'avg_silhouette': -0.0828325859264961, 'num_points': 18}, {'avg_silhouette': -0.1564525704936735, 'num_points': 41}, {'avg_silhouette': -0.06716130771526066, 'num_points': 252}, {'avg_silhouette': 0.15755175133538632, 'num_points': 552}, {'avg_silhouette': -0.08191893410168202, 'num_points': 93}, {'avg_silhouette': 0.5878536227854181, 'num_points': 1718}, {'avg_silhouette': 0.08797951473580358, 'num_points': 119}, {'avg_silhouette': 0.7792592691492478, 'num_points': 52}, {'avg_silhouette': 0.4842024154759952, 'num_points': 21}, {'avg_silhouette': 0.18606079652923682, 'num_points': 20}, {'avg_silhouette': 0.2893018845061138, 'num_points': 111}, {'avg_silhouette': 0.42602821022387083, 'num_points': 83}, {'avg_silhouette': 0.06878859627593624, 'num_points': 38}, {'avg_silhouette': 0.22587469691019227, 'num_points': 234}, {'avg_silhouette': 0.09358506939687375, 'num_points': 97}, {'avg_silhouette': 0.04725817817525442, 'num_points': 55}, {'avg_silhouette': 0.1777019009661501, 'num_points': 205}, {'avg_silhouette': 0.25682878303748097, 'num_points': 56}, {'avg_silhouette': -0.012852865896996099, 'num_points': 51}, {'avg_silhouette': 0.3291140579044557, 'num_points': 196}, {'avg_silhouette': 0.24968980803380889, 'num_points': 225}, {'avg_silhouette': 0.5814926962831681, 'num_points': 32}, {'avg_silhouette': 0.4169115552171785, 'num_points': 44}, {'avg_silhouette': 0.5761139968177258, 'num_points': 208}, {'avg_silhouette': -0.019301534532470913, 'num_points': 35}, {'avg_silhouette': 0.14614535294674802, 'num_points': 8}, {'avg_silhouette': 0.21443204833856316, 'num_points': 83}, {'avg_silhouette': 0.12749899544708795, 'num_points': 147}, {'avg_silhouette': 0.09615462573668435, 'num_points': 33}]",,43,0.25513077884991564,,4,0.4040638011324306
K-means,,,"[{'avg_silhouette': 0.45349582506936464, 'num_points': 1923}, {'avg_silhouette': 0.22787477581413024, 'num_points': 425}, {'avg_silhouette': 0.6108347942309986, 'num_points': 612}, {'avg_silhouette': -0.07715672168025829, 'num_points': 121}, {'avg_silhouette': 0.3600366214462307, 'num_points': 2454}, {'avg_silhouette': 0.052738429489976035, 'num_points': 253}, {'avg_silhouette': 0.28622524919092635, 'num_points': 273}, {'avg_silhouette': -0.0016181892841774792, 'num_points': 68}, {'avg_silhouette': 0.1044171305411165, 'num_points': 132}, {'avg_silhouette': 0.20010391843935296, 'num_points': 83}, {'avg_silhouette': 0.7816104126104744, 'num_points': 52}, {'avg_silhouette': -0.04949823389079078, 'num_points': 144}, {'avg_silhouette': 0.03905816983833718, 'num_points': 98}, {'avg_silhouette': 0.08363731939332124, 'num_points': 140}, {'avg_silhouette': 0.5420482918155635, 'num_points': 217}, {'avg_silhouette': 0.04050608636995323, 'num_points': 193}, {'avg_silhouette': 0.13752270889879414, 'num_points': 347}, {'avg_silhouette': -0.09381216481237907, 'num_points': 27}, {'avg_silhouette': -0.03892501391024615, 'num_points': 78}, {'avg_silhouette': 0.8544660675857209, 'num_points': 34}, {'avg_silhouette': -0.07642208769688712, 'num_points': 491}, {'avg_silhouette': -0.04626392958956177, 'num_points': 53}, {'avg_silhouette': -0.05995080923799497, 'num_points': 265}, {'avg_silhouette': -0.07333313572563706, 'num_points': 663}, {'avg_silhouette': 0.019919957750424353, 'num_points': 44}, {'avg_silhouette': 0.0016210067191685354, 'num_points': 76}, {'avg_silhouette': 0.09445459556039333, 'num_points': 175}, {'avg_silhouette': 0.15326783195717855, 'num_points': 49}, {'avg_silhouette': 0.08420044582807419, 'num_points': 120}, {'avg_silhouette': 0.12789893114377043, 'num_points': 153}, {'avg_silhouette': 0.19703814986075135, 'num_points': 173}, {'avg_silhouette': -0.08359658145587531, 'num_points': 77}, {'avg_silhouette': 0.15001542294989886, 'num_points': 81}]",,33,0.25504636680406884,,4,0.3377585262552392
AGGLC,ward,,"[{'avg_silhouette': -0.08262388459377132, 'num_points': 160}, {'avg_silhouette': -0.0485408614633504, 'num_points': 51}, {'avg_silhouette': -0.08772387781320207, 'num_points': 239}, {'avg_silhouette': 0.0798587151147151, 'num_points': 456}, {'avg_silhouette': -0.07074677483676972, 'num_points': 98}, {'avg_silhouette': -0.020600043722252603, 'num_points': 172}, {'avg_silhouette': -0.19244188094005887, 'num_points': 152}, {'avg_silhouette': -0.13497268108906496, 'num_points': 397}, {'avg_silhouette': -0.07718576648267844, 'num_points': 106}, {'avg_silhouette': 0.24483003236174378, 'num_points': 2639}, {'avg_silhouette': 0.22918364504759534, 'num_points': 83}, {'avg_silhouette': 0.6260197980471742, 'num_points': 602}, {'avg_silhouette': 0.062151419298034034, 'num_points': 102}, {'avg_silhouette': -0.09537532126638447, 'num_points': 27}, {'avg_silhouette': -0.02571943568182148, 'num_points': 89}, {'avg_silhouette': 0.025406035008578874, 'num_points': 105}, {'avg_silhouette': -0.06317741341230491, 'num_points': 252}, {'avg_silhouette': 0.15812243347030555, 'num_points': 552}, {'avg_silhouette': -0.08191893410168202, 'num_points': 93}, {'avg_silhouette': 0.5878536227854181, 'num_points': 1718}, {'avg_silhouette': 0.12749899544708795, 'num_points': 147}, {'avg_silhouette': 0.7792592691492478, 'num_points': 52}, {'avg_silhouette': 0.4842024154759952, 'num_points': 21}, {'avg_silhouette': 0.2000471889778265, 'num_points': 20}, {'avg_silhouette': 0.2893018845061138, 'num_points': 111}, {'avg_silhouette': 0.42602821022387083, 'num_points': 83}, {'avg_silhouette': 0.07039166944201024, 'num_points': 38}, {'avg_silhouette': 0.22587469691019227, 'num_points': 234}, {'avg_silhouette': 0.09358506939687375, 'num_points': 97}, {'avg_silhouette': 0.05259253473642105, 'num_points': 55}, {'avg_silhouette': 0.1777019009661501, 'num_points': 205}, {'avg_silhouette': 0.25682878303748097, 'num_points': 56}, {'avg_silhouette': -0.011708161084562307, 'num_points': 51}, {'avg_silhouette': 0.3292176612296743, 'num_points': 196}, {'avg_silhouette': 0.24968980803380889, 'num_points': 225}, {'avg_silhouette': 0.5814926962831681, 'num_points': 32}, {'avg_silhouette': 0.4169115552171785, 'num_points': 44}, {'avg_silhouette': 0.5761139968177258, 'num_points': 208}, {'avg_silhouette': -0.019301534532470913, 'num_points': 35}, {'avg_silhouette': 0.16906287539384426, 'num_points': 8}, {'avg_silhouette': 0.21443204833856316, 'num_points': 83}]",,41,0.2548700674235249,,4,0.4042064716661604
AGGLC,ward,,"[{'avg_silhouette': -0.05223181367873495, 'num_points': 51}, {'avg_silhouette': 0.0798587151147151, 'num_points': 456}, {'avg_silhouette': -0.08772387781320207, 'num_points': 239}, {'avg_silhouette': -0.13497268108906496, 'num_points': 397}, {'avg_silhouette': -0.07774975084982792, 'num_points': 98}, {'avg_silhouette': -0.10377748566941847, 'num_points': 172}, {'avg_silhouette': -0.19244188094005887, 'num_points': 152}, {'avg_silhouette': 0.025406035008578874, 'num_points': 105}, {'avg_silhouette': -0.07718576648267844, 'num_points': 106}, {'avg_silhouette': 0.24483003236174378, 'num_points': 2639}, {'avg_silhouette': 0.22918364504759534, 'num_points': 83}, {'avg_silhouette': 0.6260197980471742, 'num_points': 602}, {'avg_silhouette': 0.05657014602362549, 'num_points': 102}, {'avg_silhouette': -0.09558652721061688, 'num_points': 27}, {'avg_silhouette': -0.02571943568182148, 'num_points': 89}, {'avg_silhouette': -0.1564525704936735, 'num_points': 41}, {'avg_silhouette': -0.06633892704435809, 'num_points': 252}, {'avg_silhouette': 0.15755175133538632, 'num_points': 552}, {'avg_silhouette': -0.08191893410168202, 'num_points': 93}, {'avg_silhouette': 0.5878536227854181, 'num_points': 1718}, {'avg_silhouette': 0.08797951473580358, 'num_points': 119}, {'avg_silhouette': 0.7792592691492478, 'num_points': 52}, {'avg_silhouette': 0.4842024154759952, 'num_points': 21}, {'avg_silhouette': 0.1909278303584392, 'num_points': 20}, {'avg_silhouette': 0.2893018845061138, 'num_points': 111}, {'avg_silhouette': 0.42602821022387083, 'num_points': 83}, {'avg_silhouette': 0.06878859627593624, 'num_points': 38}, {'avg_silhouette': 0.22587469691019227, 'num_points': 234}, {'avg_silhouette': 0.09358506939687375, 'num_points': 97}, {'avg_silhouette': 0.04725817817525442, 'num_points': 55}, {'avg_silhouette': 0.1777019009661501, 'num_points': 205}, {'avg_silhouette': 0.25682878303748097, 'num_points': 56}, {'avg_silhouette': -0.012039103193267594, 'num_points': 51}, {'avg_silhouette': 0.3291140579044557, 'num_points': 196}, {'avg_silhouette': 0.24968980803380889, 'num_points': 225}, {'avg_silhouette': 0.5814926962831681, 'num_points': 32}, {'avg_silhouette': 0.4169115552171785, 'num_points': 44}, {'avg_silhouette': 0.5761139968177258, 'num_points': 208}, {'avg_silhouette': -0.019301534532470913, 'num_points': 35}, {'avg_silhouette': 0.15277922131872984, 'num_points': 8}, {'avg_silhouette': 0.21443204833856316, 'num_points': 83}, {'avg_silhouette': 0.12749899544708795, 'num_points': 147}]",,42,0.25484063614429553,,4,0.4040638011324306
AGGLC,ward,,"[{'avg_silhouette': 0.03556049100093125, 'num_points': 134}, {'avg_silhouette': -0.08262388459377132, 'num_points': 160}, {'avg_silhouette': -0.08772387781320207, 'num_points': 239}, {'avg_silhouette': -0.04803358812357896, 'num_points': 51}, {'avg_silhouette': -0.06687820863763198, 'num_points': 98}, {'avg_silhouette': -0.020512075641836023, 'num_points': 172}, {'avg_silhouette': -0.19244188094005887, 'num_points': 152}, {'avg_silhouette': 0.0798587151147151, 'num_points': 456}, {'avg_silhouette': -0.07422658939970302, 'num_points': 106}, {'avg_silhouette': 0.24483003236174378, 'num_points': 2639}, {'avg_silhouette': 0.22918364504759534, 'num_points': 83}, {'avg_silhouette': 0.6260197980471742, 'num_points': 602}, {'avg_silhouette': 0.10777050003179771, 'num_points': 102}, {'avg_silhouette': -0.09537532126638447, 'num_points': 27}, {'avg_silhouette': -0.02571943568182148, 'num_points': 89}, {'avg_silhouette': -0.13492344021003366, 'num_points': 397}, {'avg_silhouette': -0.05935984935473785, 'num_points': 252}, {'avg_silhouette': 0.15812243347030555, 'num_points': 552}, {'avg_silhouette': -0.08177299372841178, 'num_points': 93}, {'avg_silhouette': 0.5878536227854181, 'num_points': 1718}, {'avg_silhouette': 0.12749899544708795, 'num_points': 147}, {'avg_silhouette': 0.7792592691492478, 'num_points': 52}, {'avg_silhouette': 0.4842024154759952, 'num_points': 21}, {'avg_silhouette': 0.20122657307366967, 'num_points': 20}, {'avg_silhouette': 0.2893018845061138, 'num_points': 111}, {'avg_silhouette': 0.42602821022387083, 'num_points': 83}, {'avg_silhouette': 0.07039166944201024, 'num_points': 38}, {'avg_silhouette': 0.22587469691019227, 'num_points': 234}, {'avg_silhouette': 0.09358506939687375, 'num_points': 97}, {'avg_silhouette': 0.05259253473642105, 'num_points': 55}, {'avg_silhouette': 0.1777019009661501, 'num_points': 205}, {'avg_silhouette': 0.25682878303748097, 'num_points': 56}, {'avg_silhouette': 0.025406035008578874, 'num_points': 105}, {'avg_silhouette': 0.3292176612296743, 'num_points': 196}, {'avg_silhouette': 0.24968980803380889, 'num_points': 225}, {'avg_silhouette': 0.5814926962831681, 'num_points': 32}, {'avg_silhouette': 0.4169115552171785, 'num_points': 44}, {'avg_silhouette': 0.5761139968177258, 'num_points': 208}, {'avg_silhouette': 0.022782948383733105, 'num_points': 35}, {'avg_silhouette': 0.16906287539384426, 'num_points': 8}]",,40,0.254418610493748,,4,0.4042064716661604
AGGLC,ward,,"[{'avg_silhouette': -0.0454358681752872, 'num_points': 180}, {'avg_silhouette': -0.0806023722052233, 'num_points': 160}, {'avg_silhouette': 0.03567240821254029, 'num_points': 134}, {'avg_silhouette': -0.03914403695392292, 'num_points': 51}, {'avg_silhouette': -0.06670811766767773, 'num_points': 98}, {'avg_silhouette': -0.08772387781320207, 'num_points': 239}, {'avg_silhouette': -0.19244188094005887, 'num_points': 152}, {'avg_silhouette': 0.0798587151147151, 'num_points': 456}, {'avg_silhouette': -0.07422658939970302, 'num_points': 106}, {'avg_silhouette': 0.24483003236174378, 'num_points': 2639}, {'avg_silhouette': 0.22918364504759534, 'num_points': 83}, {'avg_silhouette': 0.6260197980471742, 'num_points': 602}, {'avg_silhouette': 0.11076001545719742, 'num_points': 102}, {'avg_silhouette': -0.09114190704836972, 'num_points': 27}, {'avg_silhouette': -0.02571943568182148, 'num_points': 89}, {'avg_silhouette': -0.13492344021003366, 'num_points': 397}, {'avg_silhouette': -0.058979799433753595, 'num_points': 252}, {'avg_silhouette': 0.15812243347030555, 'num_points': 552}, {'avg_silhouette': -0.08177299372841178, 'num_points': 93}, {'avg_silhouette': 0.5878536227854181, 'num_points': 1718}, {'avg_silhouette': 0.12749899544708795, 'num_points': 147}, {'avg_silhouette': 0.7792592691492478, 'num_points': 52}, {'avg_silhouette': 0.4842024154759952, 'num_points': 21}, {'avg_silhouette': 0.20681149396444948, 'num_points': 20}, {'avg_silhouette': 0.2893018845061138, 'num_points': 111}, {'avg_silhouette': 0.42602821022387083, 'num_points': 83}, {'avg_silhouette': 0.07039166944201024, 'num_points': 38}, {'avg_silhouette': 0.22587469691019227, 'num_points': 234}, {'avg_silhouette': 0.09358506939687375, 'num_points': 97}, {'avg_silhouette': 0.053071065855128226, 'num_points': 55}, {'avg_silhouette': 0.1777019009661501, 'num_points': 205}, {'avg_silhouette': 0.25682878303748097, 'num_points': 56}, {'avg_silhouette': 0.025406035008578874, 'num_points': 105}, {'avg_silhouette': 0.3292176612296743, 'num_points': 196}, {'avg_silhouette': 0.24968980803380889, 'num_points': 225}, {'avg_silhouette': 0.5814926962831681, 'num_points': 32}, {'avg_silhouette': 0.4169115552171785, 'num_points': 44}, {'avg_silhouette': 0.5761139968177258, 'num_points': 208}, {'avg_silhouette': 0.022782948383733105, 'num_points': 35}]",,39,0.2539687012026478,,4,0.4042064716661604
K-means,,,"[{'avg_silhouette': 0.17635059281189516, 'num_points': 185}, {'avg_silhouette': 0.4832074653802017, 'num_points': 1941}, {'avg_silhouette': 0.12523574571663057, 'num_points': 85}, {'avg_silhouette': 0.18640021753219987, 'num_points': 152}, {'avg_silhouette': 0.017659375179879967, 'num_points': 155}, {'avg_silhouette': 0.31152877306818083, 'num_points': 273}, {'avg_silhouette': 0.6136464904726805, 'num_points': 612}, {'avg_silhouette': -0.040780730093515974, 'num_points': 275}, {'avg_silhouette': 0.22186645701850202, 'num_points': 83}, {'avg_silhouette': -0.017235956332938885, 'num_points': 53}, {'avg_silhouette': -0.06889890872361976, 'num_points': 31}, {'avg_silhouette': -0.03400526686918219, 'num_points': 251}, {'avg_silhouette': 0.16921313093614007, 'num_points': 578}, {'avg_silhouette': 0.48843500247906835, 'num_points': 21}, {'avg_silhouette': 0.1574735675948884, 'num_points': 180}, {'avg_silhouette': -0.049712258608911535, 'num_points': 199}, {'avg_silhouette': -0.08813913446246176, 'num_points': 30}, {'avg_silhouette': -0.03674919972068929, 'num_points': 718}, {'avg_silhouette': -0.040595822692111636, 'num_points': 71}, {'avg_silhouette': 0.4516191790591434, 'num_points': 81}, {'avg_silhouette': 0.7822877804296551, 'num_points': 52}, {'avg_silhouette': 0.2538552709198493, 'num_points': 2792}, {'avg_silhouette': 0.05934469704766934, 'num_points': 161}, {'avg_silhouette': 0.11154659725586111, 'num_points': 113}, {'avg_silhouette': 0.5201187116521706, 'num_points': 34}, {'avg_silhouette': 0.13386348587075111, 'num_points': 176}, {'avg_silhouette': 0.5446529303000046, 'num_points': 217}, {'avg_silhouette': -0.003330123772841366, 'num_points': 157}, {'avg_silhouette': 0.03935283908390089, 'num_points': 279}, {'avg_silhouette': 0.09760981388510426, 'num_points': 139}]",,30,0.25309133607078327,,5,0.2966346315976365
AGGLC,ward,,"[{'avg_silhouette': -0.1428839967994981, 'num_points': 332}, {'avg_silhouette': -0.0806023722052233, 'num_points': 160}, {'avg_silhouette': -0.045430376048542304, 'num_points': 180}, {'avg_silhouette': -0.03914403695392292, 'num_points': 51}, {'avg_silhouette': -0.06139713768815324, 'num_points': 98}, {'avg_silhouette': 0.03567240821254029, 'num_points': 134}, {'avg_silhouette': -0.19240146645351616, 'num_points': 152}, {'avg_silhouette': 0.0798587151147151, 'num_points': 456}, {'avg_silhouette': -0.0738019166849403, 'num_points': 106}, {'avg_silhouette': 0.24483003236174378, 'num_points': 2639}, {'avg_silhouette': 0.22918364504759534, 'num_points': 83}, {'avg_silhouette': 0.6260197980471742, 'num_points': 602}, {'avg_silhouette': 0.11076001545719742, 'num_points': 102}, {'avg_silhouette': -0.09114190704836972, 'num_points': 27}, {'avg_silhouette': -0.025439424124528556, 'num_points': 89}, {'avg_silhouette': -0.13492344021003366, 'num_points': 397}, {'avg_silhouette': -0.058979799433753595, 'num_points': 252}, {'avg_silhouette': 0.15812243347030555, 'num_points': 552}, {'avg_silhouette': 0.022782948383733105, 'num_points': 35}, {'avg_silhouette': 0.5878536227854181, 'num_points': 1718}, {'avg_silhouette': 0.12749899544708795, 'num_points': 147}, {'avg_silhouette': 0.7792592691492478, 'num_points': 52}, {'avg_silhouette': 0.4842024154759952, 'num_points': 21}, {'avg_silhouette': 0.20681149396444948, 'num_points': 20}, {'avg_silhouette': 0.2893018845061138, 'num_points': 111}, {'avg_silhouette': 0.42602821022387083, 'num_points': 83}, {'avg_silhouette': 0.07184785361376449, 'num_points': 38}, {'avg_silhouette': 0.22587469691019227, 'num_points': 234}, {'avg_silhouette': 0.09358506939687375, 'num_points': 97}, {'avg_silhouette': 0.05340438661856212, 'num_points': 55}, {'avg_silhouette': 0.1777019009661501, 'num_points': 205}, {'avg_silhouette': 0.25682878303748097, 'num_points': 56}, {'avg_silhouette': 0.025575899730481976, 'num_points': 105}, {'avg_silhouette': 0.3292176612296743, 'num_points': 196}, {'avg_silhouette': 0.2501099310076667, 'num_points': 225}, {'avg_silhouette': 0.5814926962831681, 'num_points': 32}, {'avg_silhouette': 0.4169115552171785, 'num_points': 44}, {'avg_silhouette': 0.5761139968177258, 'num_points': 208}]",,38,0.25217723927885377,,4,0.4042064716661604
AGGLC,ward,,"[{'avg_silhouette': 0.3798891209008699, 'num_points': 401}, {'avg_silhouette': 0.11541020262505998, 'num_points': 657}, {'avg_silhouette': -0.0276756699152795, 'num_points': 557}, {'avg_silhouette': 0.010161667754090328, 'num_points': 500}, {'avg_silhouette': -0.03426560892990473, 'num_points': 98}, {'avg_silhouette': 0.0570551895293341, 'num_points': 134}, {'avg_silhouette': -0.04096300981041216, 'num_points': 180}, {'avg_silhouette': -0.0623831499808891, 'num_points': 287}, {'avg_silhouette': -0.05506419913599755, 'num_points': 106}, {'avg_silhouette': 0.24503630154221442, 'num_points': 2639}, {'avg_silhouette': 0.22918364504759534, 'num_points': 83}, {'avg_silhouette': 0.6268070525555232, 'num_points': 602}, {'avg_silhouette': 0.1147936253309216, 'num_points': 102}, {'avg_silhouette': -0.09090850295580148, 'num_points': 27}, {'avg_silhouette': -0.1781404850714463, 'num_points': 152}, {'avg_silhouette': -0.0462012967681573, 'num_points': 160}, {'avg_silhouette': -0.035374666084465364, 'num_points': 51}, {'avg_silhouette': 0.5831227978622844, 'num_points': 32}, {'avg_silhouette': 0.5771100709528401, 'num_points': 208}, {'avg_silhouette': 0.5879271706396411, 'num_points': 1718}, {'avg_silhouette': 0.1502076385240253, 'num_points': 147}, {'avg_silhouette': 0.7794414069978348, 'num_points': 52}, {'avg_silhouette': 0.4861398173378443, 'num_points': 21}, {'avg_silhouette': 0.20789631265077474, 'num_points': 20}, {'avg_silhouette': 0.31062376535943304, 'num_points': 111}, {'avg_silhouette': 0.42602821022387083, 'num_points': 83}, {'avg_silhouette': 0.10960063570228173, 'num_points': 38}, {'avg_silhouette': 0.22687901283435033, 'num_points': 234}, {'avg_silhouette': 0.14144597007629087, 'num_points': 97}, {'avg_silhouette': 0.07029518312743184, 'num_points': 55}, {'avg_silhouette': -0.013617948815872213, 'num_points': 89}, {'avg_silhouette': 0.2681033765255996, 'num_points': 56}, {'avg_silhouette': -0.11981302142128328, 'num_points': 397}]",,33,0.2519955489273228,,5,0.3095010114894318
AGGLC,ward,,"[{'avg_silhouette': -0.05670501618750782, 'num_points': 340}, {'avg_silhouette': 0.11541020262505998, 'num_points': 657}, {'avg_silhouette': 0.3801288234482654, 'num_points': 401}, {'avg_silhouette': 0.010161667754090328, 'num_points': 500}, {'avg_silhouette': -0.03300032410005086, 'num_points': 98}, {'avg_silhouette': 0.057135912716024584, 'num_points': 134}, {'avg_silhouette': -0.0276756699152795, 'num_points': 557}, {'avg_silhouette': -0.06160578452704309, 'num_points': 287}, {'avg_silhouette': -0.05506419913599755, 'num_points': 106}, {'avg_silhouette': 0.24503630154221442, 'num_points': 2639}, {'avg_silhouette': 0.22918364504759534, 'num_points': 83}, {'avg_silhouette': 0.6268070525555232, 'num_points': 602}, {'avg_silhouette': 0.11729743178757435, 'num_points': 102}, {'avg_silhouette': -0.08502830442706555, 'num_points': 27}, {'avg_silhouette': -0.1781404850714463, 'num_points': 152}, {'avg_silhouette': -0.11981302142128328, 'num_points': 397}, {'avg_silhouette': -0.012563362671263201, 'num_points': 51}, {'avg_silhouette': 0.5831227978622844, 'num_points': 32}, {'avg_silhouette': 0.5771100709528401, 'num_points': 208}, {'avg_silhouette': 0.5879271706396411, 'num_points': 1718}, {'avg_silhouette': 0.1502076385240253, 'num_points': 147}, {'avg_silhouette': 0.7794414069978348, 'num_points': 52}, {'avg_silhouette': 0.4861398173378443, 'num_points': 21}, {'avg_silhouette': 0.2107522021702773, 'num_points': 20}, {'avg_silhouette': 0.31062376535943304, 'num_points': 111}, {'avg_silhouette': 0.42602821022387083, 'num_points': 83}, {'avg_silhouette': 0.10960063570228173, 'num_points': 38}, {'avg_silhouette': 0.22687901283435033, 'num_points': 234}, {'avg_silhouette': 0.14144597007629087, 'num_points': 97}, {'avg_silhouette': 0.07137172050094605, 'num_points': 55}, {'avg_silhouette': -0.013617948815872213, 'num_points': 89}, {'avg_silhouette': 0.2681033765255996, 'num_points': 56}]",,32,0.25176112655868693,,5,0.3095010114894318
AGGLC,ward,,"[{'avg_silhouette': -0.08820450948737067, 'num_points': 287}, {'avg_silhouette': -0.1426921705169371, 'num_points': 332}, {'avg_silhouette': -0.04420831801763392, 'num_points': 180}, {'avg_silhouette': -0.08035158427114378, 'num_points': 160}, {'avg_silhouette': -0.06139713768815324, 'num_points': 98}, {'avg_silhouette': 0.0371519017665763, 'num_points': 134}, {'avg_silhouette': -0.19240146645351616, 'num_points': 152}, {'avg_silhouette': -0.036959930653200794, 'num_points': 51}, {'avg_silhouette': -0.0737363211752565, 'num_points': 106}, {'avg_silhouette': 0.24483003236174378, 'num_points': 2639}, {'avg_silhouette': 0.22918364504759534, 'num_points': 83}, {'avg_silhouette': 0.6260197980471742, 'num_points': 602}, {'avg_silhouette': 0.11182375606280164, 'num_points': 102}, {'avg_silhouette': -0.09090850295580148, 'num_points': 27}, {'avg_silhouette': -0.024204031108814604, 'num_points': 89}, {'avg_silhouette': -0.13488143350158788, 'num_points': 397}, {'avg_silhouette': 0.0798587151147151, 'num_points': 456}, {'avg_silhouette': 0.15844341333938025, 'num_points': 552}, {'avg_silhouette': 0.5761139968177258, 'num_points': 208}, {'avg_silhouette': 0.5878536227854181, 'num_points': 1718}, {'avg_silhouette': 0.12761955862869748, 'num_points': 147}, {'avg_silhouette': 0.7792592691492478, 'num_points': 52}, {'avg_silhouette': 0.4844783797470147, 'num_points': 21}, {'avg_silhouette': 0.20716571079520155, 'num_points': 20}, {'avg_silhouette': 0.2893018845061138, 'num_points': 111}, {'avg_silhouette': 0.42602821022387083, 'num_points': 83}, {'avg_silhouette': 0.07184785361376449, 'num_points': 38}, {'avg_silhouette': 0.22587469691019227, 'num_points': 234}, {'avg_silhouette': 0.09358506939687375, 'num_points': 97}, {'avg_silhouette': 0.054218525699774034, 'num_points': 55}, {'avg_silhouette': 0.1777019009661501, 'num_points': 205}, {'avg_silhouette': 0.25682878303748097, 'num_points': 56}, {'avg_silhouette': 0.025575899730481976, 'num_points': 105}, {'avg_silhouette': 0.3292176612296743, 'num_points': 196}, {'avg_silhouette': 0.2501099310076667, 'num_points': 225}, {'avg_silhouette': 0.5814926962831681, 'num_points': 32}, {'avg_silhouette': 0.4169115552171785, 'num_points': 44}]",,37,0.2511751767237272,,4,0.4042867166334291
DBSCAN,,0.3183123951776987,"[{'avg_silhouette': 0.6752145716167377, 'num_points': 189}, {'avg_silhouette': 0.3761708717415018, 'num_points': 5756}, {'avg_silhouette': 0.2508139634601538, 'num_points': 659}, {'avg_silhouette': 0.5873656260171506, 'num_points': 20}, {'avg_silhouette': 0.6932483636028333, 'num_points': 567}, {'avg_silhouette': 0.43100667741747506, 'num_points': 23}, {'avg_silhouette': 0.29516732603045465, 'num_points': 96}, {'avg_silhouette': 0.40675937930211914, 'num_points': 32}, {'avg_silhouette': 0.8415473527350295, 'num_points': 47}, {'avg_silhouette': 0.25192112061015004, 'num_points': 522}, {'avg_silhouette': 0.5093018211470915, 'num_points': 41}, {'avg_silhouette': 0.7963426549497017, 'num_points': 23}, {'avg_silhouette': 0.4119874997150081, 'num_points': 31}, {'avg_silhouette': 0.37027463649629067, 'num_points': 33}, {'avg_silhouette': 0.608968086535104, 'num_points': 36}, {'avg_silhouette': 0.8070178229095261, 'num_points': 10}, {'avg_silhouette': 0.7630012228055841, 'num_points': 13}, {'avg_silhouette': 0.5069910465559843, 'num_points': 10}, {'avg_silhouette': 0.4445784460364876, 'num_points': 23}, {'avg_silhouette': 0.8277957646848082, 'num_points': 34}]",10.0,20,0.2509889498933064,,4,0.39303857985365975
AGGLC,ward,,"[{'avg_silhouette': -0.07406137237258094, 'num_points': 111}, {'avg_silhouette': 0.11561765621037012, 'num_points': 657}, {'avg_silhouette': -0.05670501618750782, 'num_points': 340}, {'avg_silhouette': 0.010275899272850025, 'num_points': 500}, {'avg_silhouette': -0.03223101321077048, 'num_points': 98}, {'avg_silhouette': 0.05916395507067586, 'num_points': 134}, {'avg_silhouette': 0.3802417427348807, 'num_points': 401}, {'avg_silhouette': -0.06126826396914487, 'num_points': 287}, {'avg_silhouette': -0.05122630874973802, 'num_points': 106}, {'avg_silhouette': 0.24503630154221442, 'num_points': 2639}, {'avg_silhouette': 0.22918364504759534, 'num_points': 83}, {'avg_silhouette': 0.6268070525555232, 'num_points': 602}, {'avg_silhouette': 0.11729743178757435, 'num_points': 102}, {'avg_silhouette': -0.08457870565618843, 'num_points': 27}, {'avg_silhouette': -0.027479418249696977, 'num_points': 557}, {'avg_silhouette': -0.11707284357973975, 'num_points': 397}, {'avg_silhouette': -0.011986819176893738, 'num_points': 51}, {'avg_silhouette': 0.5846195312618526, 'num_points': 32}, {'avg_silhouette': 0.5771100709528401, 'num_points': 208}, {'avg_silhouette': 0.5879271706396411, 'num_points': 1718}, {'avg_silhouette': 0.1502076385240253, 'num_points': 147}, {'avg_silhouette': 0.7809743438520917, 'num_points': 52}, {'avg_silhouette': 0.4861398173378443, 'num_points': 21}, {'avg_silhouette': 0.2107522021702773, 'num_points': 20}, {'avg_silhouette': 0.31384440762785626, 'num_points': 111}, {'avg_silhouette': 0.42602821022387083, 'num_points': 83}, {'avg_silhouette': 0.10960063570228173, 'num_points': 38}, {'avg_silhouette': 0.22687901283435033, 'num_points': 234}, {'avg_silhouette': 0.14144597007629087, 'num_points': 97}, {'avg_silhouette': -0.1773483794293939, 'num_points': 152}, {'avg_silhouette': -0.013233821889056856, 'num_points': 89}]",,31,0.249364442862747,,5,0.3095817525396104
DBSCAN,,0.3083123951776987,"[{'avg_silhouette': 0.674712644502946, 'num_points': 189}, {'avg_silhouette': 0.3809628670689257, 'num_points': 5736}, {'avg_silhouette': 0.25189972678090883, 'num_points': 639}, {'avg_silhouette': 0.5911677652592783, 'num_points': 19}, {'avg_silhouette': 0.6940319387930446, 'num_points': 566}, {'avg_silhouette': 0.3162264189459998, 'num_points': 83}, {'avg_silhouette': 0.42226888317214484, 'num_points': 29}, {'avg_silhouette': 0.8414570991479007, 'num_points': 47}, {'avg_silhouette': 0.2587087748133303, 'num_points': 512}, {'avg_silhouette': 0.5084921072487558, 'num_points': 41}, {'avg_silhouette': 0.7962331726205653, 'num_points': 23}, {'avg_silhouette': 0.41040823168554935, 'num_points': 31}, {'avg_silhouette': 0.36889998902116244, 'num_points': 33}, {'avg_silhouette': 0.6084064588188333, 'num_points': 36}, {'avg_silhouette': 0.7625229563499312, 'num_points': 13}, {'avg_silhouette': 0.45272546648388057, 'num_points': 22}, {'avg_silhouette': 0.45231178849100173, 'num_points': 20}, {'avg_silhouette': 0.8271025432582866, 'num_points': 34}]",10.0,18,0.24841699302410666,,4,0.3964008268640523
AGGLC,ward,,"[{'avg_silhouette': 0.11486401391007142, 'num_points': 657}, {'avg_silhouette': 0.009863929930867831, 'num_points': 500}, {'avg_silhouette': -0.042939380845195024, 'num_points': 180}, {'avg_silhouette': -0.06244547921257571, 'num_points': 287}, {'avg_silhouette': -0.04429694640116477, 'num_points': 98}, {'avg_silhouette': 0.05032737578423582, 'num_points': 134}, {'avg_silhouette': -0.18452610437335712, 'num_points': 152}, {'avg_silhouette': -0.14138149667976488, 'num_points': 332}, {'avg_silhouette': -0.06275205933963136, 'num_points': 106}, {'avg_silhouette': 0.24502599541532197, 'num_points': 2639}, {'avg_silhouette': 0.22918364504759534, 'num_points': 83}, {'avg_silhouette': 0.6264757152051975, 'num_points': 602}, {'avg_silhouette': 0.11208540069647215, 'num_points': 102}, {'avg_silhouette': -0.09090850295580148, 'num_points': 27}, {'avg_silhouette': -0.024071664242208544, 'num_points': 89}, {'avg_silhouette': -0.0596118123607423, 'num_points': 160}, {'avg_silhouette': -0.035374666084465364, 'num_points': 51}, {'avg_silhouette': 0.5831227978622844, 'num_points': 32}, {'avg_silhouette': 0.5771100709528401, 'num_points': 208}, {'avg_silhouette': 0.5878663843036863, 'num_points': 1718}, {'avg_silhouette': 0.1477692064434935, 'num_points': 147}, {'avg_silhouette': 0.7794414069978348, 'num_points': 52}, {'avg_silhouette': 0.4861398173378443, 'num_points': 21}, {'avg_silhouette': 0.20716571079520155, 'num_points': 20}, {'avg_silhouette': 0.3102024429988708, 'num_points': 111}, {'avg_silhouette': 0.42602821022387083, 'num_points': 83}, {'avg_silhouette': 0.07310825214859454, 'num_points': 38}, {'avg_silhouette': 0.22679281023063033, 'num_points': 234}, {'avg_silhouette': 0.09358506939687375, 'num_points': 97}, {'avg_silhouette': 0.06975109893657112, 'num_points': 55}, {'avg_silhouette': 0.1777019009661501, 'num_points': 205}, {'avg_silhouette': 0.2681033765255996, 'num_points': 56}, {'avg_silhouette': -0.12036854522669639, 'num_points': 397}, {'avg_silhouette': 0.3292176612296743, 'num_points': 196}, {'avg_silhouette': 0.2501099310076667, 'num_points': 225}]",,35,0.24787596132193612,,4,0.3935580272085693
AGGLC,ward,,"[{'avg_silhouette': 0.009827564729928821, 'num_points': 500}, {'avg_silhouette': -0.08820450948737067, 'num_points': 287}, {'avg_silhouette': -0.0441761949127418, 'num_points': 180}, {'avg_silhouette': -0.14256037013791162, 'num_points': 332}, {'avg_silhouette': -0.06002963842487005, 'num_points': 98}, {'avg_silhouette': 0.03731426376809118, 'num_points': 134}, {'avg_silhouette': -0.18452610437335712, 'num_points': 152}, {'avg_silhouette': -0.08035158427114378, 'num_points': 160}, {'avg_silhouette': -0.0703028390313977, 'num_points': 106}, {'avg_silhouette': 0.24502599541532197, 'num_points': 2639}, {'avg_silhouette': 0.22918364504759534, 'num_points': 83}, {'avg_silhouette': 0.6264757152051975, 'num_points': 602}, {'avg_silhouette': 0.11182375606280164, 'num_points': 102}, {'avg_silhouette': -0.09090850295580148, 'num_points': 27}, {'avg_silhouette': -0.024071664242208544, 'num_points': 89}, {'avg_silhouette': -0.12039442533237667, 'num_points': 397}, {'avg_silhouette': -0.035374666084465364, 'num_points': 51}, {'avg_silhouette': 0.15844341333938025, 'num_points': 552}, {'avg_silhouette': 0.5771100709528401, 'num_points': 208}, {'avg_silhouette': 0.5878663843036863, 'num_points': 1718}, {'avg_silhouette': 0.12761955862869748, 'num_points': 147}, {'avg_silhouette': 0.7794414069978348, 'num_points': 52}, {'avg_silhouette': 0.48582613615259695, 'num_points': 21}, {'avg_silhouette': 0.20716571079520155, 'num_points': 20}, {'avg_silhouette': 0.2920680092514668, 'num_points': 111}, {'avg_silhouette': 0.42602821022387083, 'num_points': 83}, {'avg_silhouette': 0.07184785361376449, 'num_points': 38}, {'avg_silhouette': 0.22679281023063033, 'num_points': 234}, {'avg_silhouette': 0.09358506939687375, 'num_points': 97}, {'avg_silhouette': 0.054218525699774034, 'num_points': 55}, {'avg_silhouette': 0.1777019009661501, 'num_points': 205}, {'avg_silhouette': 0.2681033765255996, 'num_points': 56}, {'avg_silhouette': 0.025575899730481976, 'num_points': 105}, {'avg_silhouette': 0.3292176612296743, 'num_points': 196}, {'avg_silhouette': 0.2501099310076667, 'num_points': 225}, {'avg_silhouette': 0.5831227978622844, 'num_points': 32}]",,36,0.2472152298179219,,4,0.4044528770658965
K-means,,,"[{'avg_silhouette': 0.02873285431943384, 'num_points': 58}, {'avg_silhouette': 0.25245496072387325, 'num_points': 2805}, {'avg_silhouette': -0.112501874077744, 'num_points': 121}, {'avg_silhouette': 0.14099352122751332, 'num_points': 288}, {'avg_silhouette': 0.6138766174103031, 'num_points': 612}, {'avg_silhouette': 0.3182140131583553, 'num_points': 275}, {'avg_silhouette': 0.2268928168235236, 'num_points': 83}, {'avg_silhouette': 0.03916059535179432, 'num_points': 546}, {'avg_silhouette': 0.5448022661030506, 'num_points': 217}, {'avg_silhouette': 0.20433900809078004, 'num_points': 20}, {'avg_silhouette': 0.5853379006504327, 'num_points': 32}, {'avg_silhouette': 0.022115637260272276, 'num_points': 256}, {'avg_silhouette': 0.4787898825156339, 'num_points': 1946}, {'avg_silhouette': -0.03091191527257644, 'num_points': 258}, {'avg_silhouette': -0.055073933044333244, 'num_points': 70}, {'avg_silhouette': -0.015543942512066448, 'num_points': 77}, {'avg_silhouette': -0.0021644942337679103, 'num_points': 89}, {'avg_silhouette': 0.33358958224119656, 'num_points': 49}, {'avg_silhouette': 0.036178788004286894, 'num_points': 108}, {'avg_silhouette': 0.7823184100412157, 'num_points': 52}, {'avg_silhouette': 0.08310401109417209, 'num_points': 139}, {'avg_silhouette': 0.7441367035399195, 'num_points': 6}, {'avg_silhouette': -0.02017158321317582, 'num_points': 62}, {'avg_silhouette': 0.1133028205476526, 'num_points': 85}, {'avg_silhouette': 0.14294523642990103, 'num_points': 263}, {'avg_silhouette': 0.02522009235245195, 'num_points': 238}, {'avg_silhouette': -0.028029805134162117, 'num_points': 682}, {'avg_silhouette': 0.1156959882110069, 'num_points': 9}, {'avg_silhouette': -0.0060919438850757755, 'num_points': 87}, {'avg_silhouette': 0.25161728479682005, 'num_points': 77}, {'avg_silhouette': 0.18738279482793696, 'num_points': 146}, {'avg_silhouette': 0.08511811318226996, 'num_points': 120}, {'avg_silhouette': -0.09556789327692773, 'num_points': 33}, {'avg_silhouette': 0.13717354756627445, 'num_points': 185}]",,34,0.247167589341266,,5,0.2712504501734885
AGGLC,ward,,"[{'avg_silhouette': -0.15031702477464332, 'num_points': 486}, {'avg_silhouette': -0.07388406297456779, 'num_points': 111}, {'avg_silhouette': -0.05497522539359555, 'num_points': 340}, {'avg_silhouette': 0.11561765621037012, 'num_points': 657}, {'avg_silhouette': -0.03223101321077048, 'num_points': 98}, {'avg_silhouette': 0.060730160573043444, 'num_points': 134}, {'avg_silhouette': 0.3802417427348807, 'num_points': 401}, {'avg_silhouette': 0.010406804187903166, 'num_points': 500}, {'avg_silhouette': -0.04980138354523324, 'num_points': 106}, {'avg_silhouette': 0.24515437873909418, 'num_points': 2639}, {'avg_silhouette': 0.22918364504759534, 'num_points': 83}, {'avg_silhouette': 0.6270384096409528, 'num_points': 602}, {'avg_silhouette': 0.11729743178757435, 'num_points': 102}, {'avg_silhouette': -0.08392062727367709, 'num_points': 27}, {'avg_silhouette': -0.0271795526107061, 'num_points': 557}, {'avg_silhouette': -0.05916287981029907, 'num_points': 287}, {'avg_silhouette': -0.011360423833420884, 'num_points': 51}, {'avg_silhouette': 0.5846195312618526, 'num_points': 32}, {'avg_silhouette': 0.5771938885934156, 'num_points': 208}, {'avg_silhouette': 0.5879271706396411, 'num_points': 1718}, {'avg_silhouette': 0.1502076385240253, 'num_points': 147}, {'avg_silhouette': 0.7809743438520917, 'num_points': 52}, {'avg_silhouette': 0.48811406589448414, 'num_points': 21}, {'avg_silhouette': 0.2107522021702773, 'num_points': 20}, {'avg_silhouette': 0.31435861628122874, 'num_points': 111}, {'avg_silhouette': 0.42602821022387083, 'num_points': 83}, {'avg_silhouette': 0.10960063570228173, 'num_points': 38}, {'avg_silhouette': 0.22687901283435033, 'num_points': 234}, {'avg_silhouette': 0.14144597007629087, 'num_points': 97}, {'avg_silhouette': -0.17706372882979043, 'num_points': 152}]",,30,0.24709249279442683,,5,0.3097116125238704
DBSCAN,,0.2983123951776987,"[{'avg_silhouette': 0.6744086240679789, 'num_points': 189}, {'avg_silhouette': 0.38424981718503737, 'num_points': 5719}, {'avg_silhouette': 0.25182129567706046, 'num_points': 613}, {'avg_silhouette': 0.5911677652592783, 'num_points': 19}, {'avg_silhouette': 0.6937422134496571, 'num_points': 566}, {'avg_silhouette': 0.32158710089262693, 'num_points': 76}, {'avg_silhouette': 0.4197411748525291, 'num_points': 28}, {'avg_silhouette': 0.8414061013708598, 'num_points': 47}, {'avg_silhouette': 0.25586812616955196, 'num_points': 507}, {'avg_silhouette': 0.5167615608072218, 'num_points': 40}, {'avg_silhouette': 0.7961707953064604, 'num_points': 23}, {'avg_silhouette': 0.4094084758016402, 'num_points': 31}, {'avg_silhouette': 0.6080759294159442, 'num_points': 36}, {'avg_silhouette': 0.3680435273845598, 'num_points': 33}, {'avg_silhouette': 0.7622199277329014, 'num_points': 13}, {'avg_silhouette': 0.45272546648388057, 'num_points': 22}, {'avg_silhouette': 0.46493256354508306, 'num_points': 19}, {'avg_silhouette': 0.8271025432582866, 'num_points': 34}]",10.0,18,0.24630723612081173,,4,0.39642036312032675
AGGLC,ward,,"[{'avg_silhouette': -0.0276756699152795, 'num_points': 557}, {'avg_silhouette': 0.11496157393998163, 'num_points': 657}, {'avg_silhouette': -0.041600943181061535, 'num_points': 180}, {'avg_silhouette': 0.010161667754090328, 'num_points': 500}, {'avg_silhouette': -0.03739743523835702, 'num_points': 98}, {'avg_silhouette': 0.0570551895293341, 'num_points': 134}, {'avg_silhouette': -0.18062041085758396, 'num_points': 152}, {'avg_silhouette': -0.0623831499808891, 'num_points': 287}, {'avg_silhouette': -0.05506419913599755, 'num_points': 106}, {'avg_silhouette': 0.24503630154221442, 'num_points': 2639}, {'avg_silhouette': 0.22918364504759534, 'num_points': 83}, {'avg_silhouette': 0.6268070525555232, 'num_points': 602}, {'avg_silhouette': 0.11208540069647215, 'num_points': 102}, {'avg_silhouette': -0.09090850295580148, 'num_points': 27}, {'avg_silhouette': -0.013617948815872213, 'num_points': 89}, {'avg_silhouette': -0.0596118123607423, 'num_points': 160}, {'avg_silhouette': -0.035374666084465364, 'num_points': 51}, {'avg_silhouette': 0.5831227978622844, 'num_points': 32}, {'avg_silhouette': 0.5771100709528401, 'num_points': 208}, {'avg_silhouette': 0.5879271706396411, 'num_points': 1718}, {'avg_silhouette': 0.1502076385240253, 'num_points': 147}, {'avg_silhouette': 0.7794414069978348, 'num_points': 52}, {'avg_silhouette': 0.4861398173378443, 'num_points': 21}, {'avg_silhouette': 0.20789631265077474, 'num_points': 20}, {'avg_silhouette': 0.3102024429988708, 'num_points': 111}, {'avg_silhouette': 0.42602821022387083, 'num_points': 83}, {'avg_silhouette': 0.08887187300147877, 'num_points': 38}, {'avg_silhouette': 0.22687901283435033, 'num_points': 234}, {'avg_silhouette': 0.09358506939687375, 'num_points': 97}, {'avg_silhouette': 0.07029518312743184, 'num_points': 55}, {'avg_silhouette': 0.1777019009661501, 'num_points': 205}, {'avg_silhouette': 0.2681033765255996, 'num_points': 56}, {'avg_silhouette': -0.11981302142128328, 'num_points': 397}, {'avg_silhouette': 0.3292176612296743, 'num_points': 196}]",,34,0.2460145384784631,,5,0.30941128575241617
K-means,,,"[{'avg_silhouette': 0.27726500619893624, 'num_points': 2753}, {'avg_silhouette': 0.2291701798240404, 'num_points': 83}, {'avg_silhouette': -0.1028970289290864, 'num_points': 92}, {'avg_silhouette': 0.0606554247093362, 'num_points': 261}, {'avg_silhouette': -0.056923274941991016, 'num_points': 55}, {'avg_silhouette': 0.18186845387368375, 'num_points': 158}, {'avg_silhouette': 0.14508373744111375, 'num_points': 197}, {'avg_silhouette': -0.0012921805070269367, 'num_points': 144}, {'avg_silhouette': 0.12463624484335462, 'num_points': 85}, {'avg_silhouette': 0.16580543060586078, 'num_points': 675}, {'avg_silhouette': 0.42605644592073494, 'num_points': 83}, {'avg_silhouette': 0.004167319779885207, 'num_points': 22}, {'avg_silhouette': -0.017629644289896215, 'num_points': 180}, {'avg_silhouette': 0.06971306026280809, 'num_points': 155}, {'avg_silhouette': 0.1305604746419386, 'num_points': 377}, {'avg_silhouette': 0.5881570877413547, 'num_points': 32}, {'avg_silhouette': 0.4648070683997625, 'num_points': 1951}, {'avg_silhouette': 0.7821635927268018, 'num_points': 52}, {'avg_silhouette': -0.06043304018754449, 'num_points': 726}, {'avg_silhouette': 0.009540590271553401, 'num_points': 247}, {'avg_silhouette': -0.032813771985333334, 'num_points': 76}, {'avg_silhouette': 0.5441394089071615, 'num_points': 560}, {'avg_silhouette': -0.034181116981661853, 'num_points': 309}, {'avg_silhouette': -0.05809942837342317, 'num_points': 157}, {'avg_silhouette': -0.06814089707795185, 'num_points': 16}, {'avg_silhouette': 0.01349875425002201, 'num_points': 63}, {'avg_silhouette': 0.11298813701010979, 'num_points': 114}, {'avg_silhouette': 0.3240262062117687, 'num_points': 259}, {'avg_silhouette': 0.5647453413535675, 'num_points': 212}]",,29,0.24580554864777368,,5,0.2783167747848353
K-means,,,"[{'avg_silhouette': 0.6146249052393947, 'num_points': 612}, {'avg_silhouette': 0.48287856745255414, 'num_points': 1949}, {'avg_silhouette': 0.3554517597064429, 'num_points': 437}, {'avg_silhouette': 0.16211090427220334, 'num_points': 948}, {'avg_silhouette': 0.07225638140743468, 'num_points': 125}, {'avg_silhouette': -0.05571264233377298, 'num_points': 17}, {'avg_silhouette': 0.4299404555959012, 'num_points': 83}, {'avg_silhouette': 0.23495519469019027, 'num_points': 2838}, {'avg_silhouette': 0.15795988589110985, 'num_points': 95}, {'avg_silhouette': 0.5467717717491407, 'num_points': 217}, {'avg_silhouette': -0.0020142010911778337, 'num_points': 82}, {'avg_silhouette': 0.029395127489801692, 'num_points': 381}, {'avg_silhouette': 0.2290701254554056, 'num_points': 83}, {'avg_silhouette': -0.07427123117747458, 'num_points': 104}, {'avg_silhouette': 0.7824980668849704, 'num_points': 52}, {'avg_silhouette': -0.015310893048202207, 'num_points': 274}, {'avg_silhouette': -0.10618772391729081, 'num_points': 767}, {'avg_silhouette': 0.009013134654870941, 'num_points': 350}, {'avg_silhouette': -0.020755717392138724, 'num_points': 240}, {'avg_silhouette': 0.05448687214683327, 'num_points': 300}, {'avg_silhouette': 0.12912276186433141, 'num_points': 140}]",,21,0.24573915377420963,,5,0.2776763695474103
DBSCAN,,0.2883123951776987,"[{'avg_silhouette': 0.6739929990400902, 'num_points': 189}, {'avg_silhouette': 0.3880769770179643, 'num_points': 5701}, {'avg_silhouette': 0.17509647374507095, 'num_points': 592}, {'avg_silhouette': 0.6087873639788751, 'num_points': 16}, {'avg_silhouette': 0.6992724750752574, 'num_points': 562}, {'avg_silhouette': 0.459914350544865, 'num_points': 24}, {'avg_silhouette': 0.8413360635652669, 'num_points': 47}, {'avg_silhouette': 0.41747055290103247, 'num_points': 86}, {'avg_silhouette': 0.5222627804732543, 'num_points': 39}, {'avg_silhouette': 0.3293404347774692, 'num_points': 64}, {'avg_silhouette': 0.7960828244075061, 'num_points': 23}, {'avg_silhouette': 0.4081451525202737, 'num_points': 31}, {'avg_silhouette': 0.6218056413355875, 'num_points': 35}, {'avg_silhouette': 0.4407606105860189, 'num_points': 26}, {'avg_silhouette': 0.7618397071029451, 'num_points': 13}, {'avg_silhouette': 0.4686541995314324, 'num_points': 18}, {'avg_silhouette': 0.37092288761391423, 'num_points': 409}, {'avg_silhouette': 0.49711018760723774, 'num_points': 19}, {'avg_silhouette': 0.8232223712677254, 'num_points': 34}]",10.0,19,0.2424832566807792,,3,0.4208153086127642
AGGLC,ward,,"[{'avg_silhouette': -0.13618464955184648, 'num_points': 652}, {'avg_silhouette': -0.13887699146690163, 'num_points': 486}, {'avg_silhouette': -0.054449481370677205, 'num_points': 340}, {'avg_silhouette': -0.07287032538814864, 'num_points': 111}, {'avg_silhouette': -0.03223101321077048, 'num_points': 98}, {'avg_silhouette': 0.06128460050536252, 'num_points': 134}, {'avg_silhouette': 0.3802417427348807, 'num_points': 401}, {'avg_silhouette': 0.11561765621037012, 'num_points': 657}, {'avg_silhouette': -0.049183520856321716, 'num_points': 106}, {'avg_silhouette': 0.24536769287767607, 'num_points': 2639}, {'avg_silhouette': 0.22918364504759534, 'num_points': 83}, {'avg_silhouette': 0.6271428790746842, 'num_points': 602}, {'avg_silhouette': 0.11729743178757435, 'num_points': 102}, {'avg_silhouette': -0.08392062727367709, 'num_points': 27}, {'avg_silhouette': -0.02571804175464635, 'num_points': 557}, {'avg_silhouette': -0.05916287981029907, 'num_points': 287}, {'avg_silhouette': -0.011274660310682649, 'num_points': 51}, {'avg_silhouette': 0.5847484544243478, 'num_points': 32}, {'avg_silhouette': 0.577233444370253, 'num_points': 208}, {'avg_silhouette': 0.5879271706396411, 'num_points': 1718}, {'avg_silhouette': 0.1502076385240253, 'num_points': 147}, {'avg_silhouette': 0.7809743438520917, 'num_points': 52}, {'avg_silhouette': 0.48837943693054864, 'num_points': 21}, {'avg_silhouette': 0.2107522021702773, 'num_points': 20}, {'avg_silhouette': 0.31544535901148113, 'num_points': 111}, {'avg_silhouette': 0.42602821022387083, 'num_points': 83}, {'avg_silhouette': 0.10960063570228173, 'num_points': 38}, {'avg_silhouette': 0.2281241990218425, 'num_points': 234}, {'avg_silhouette': 0.14144597007629087, 'num_points': 97}]",,29,0.24122593896507816,,6,0.2356921179159798
AGGLC,ward,,"[{'avg_silhouette': -0.1002237213928736, 'num_points': 78}, {'avg_silhouette': -0.13618464955184648, 'num_points': 652}, {'avg_silhouette': -0.054231864133309576, 'num_points': 340}, {'avg_silhouette': -0.13887699146690163, 'num_points': 486}, {'avg_silhouette': -0.03214276851580941, 'num_points': 98}, {'avg_silhouette': 0.061311322523664794, 'num_points': 134}, {'avg_silhouette': 0.3802417427348807, 'num_points': 401}, {'avg_silhouette': -0.07287032538814864, 'num_points': 111}, {'avg_silhouette': -0.049183520856321716, 'num_points': 106}, {'avg_silhouette': 0.24536769287767607, 'num_points': 2639}, {'avg_silhouette': 0.22918364504759534, 'num_points': 83}, {'avg_silhouette': 0.6271428790746842, 'num_points': 602}, {'avg_silhouette': 0.11903850120666074, 'num_points': 102}, {'avg_silhouette': 0.14144597007629087, 'num_points': 97}, {'avg_silhouette': -0.02571804175464635, 'num_points': 557}, {'avg_silhouette': -0.058629387761298044, 'num_points': 287}, {'avg_silhouette': 0.11561765621037012, 'num_points': 657}, {'avg_silhouette': 0.5847484544243478, 'num_points': 32}, {'avg_silhouette': 0.577233444370253, 'num_points': 208}, {'avg_silhouette': 0.5879271706396411, 'num_points': 1718}, {'avg_silhouette': 0.1502076385240253, 'num_points': 147}, {'avg_silhouette': 0.7809743438520917, 'num_points': 52}, {'avg_silhouette': 0.48837943693054864, 'num_points': 21}, {'avg_silhouette': 0.212342569735004, 'num_points': 20}, {'avg_silhouette': 0.31544535901148113, 'num_points': 111}, {'avg_silhouette': 0.42602821022387083, 'num_points': 83}, {'avg_silhouette': 0.10960063570228173, 'num_points': 38}, {'avg_silhouette': 0.2281241990218425, 'num_points': 234}]",,28,0.24077736967490165,,6,0.2356921179159798
DBSCAN,,0.3283123951776987,"[{'avg_silhouette': 0.6757544318794821, 'num_points': 189}, {'avg_silhouette': 0.37221613087175914, 'num_points': 5777}, {'avg_silhouette': 0.09329750955386279, 'num_points': 1318}, {'avg_silhouette': 0.5632282419754917, 'num_points': 21}, {'avg_silhouette': 0.6916801551931384, 'num_points': 568}, {'avg_silhouette': 0.4383211467559071, 'num_points': 23}, {'avg_silhouette': 0.41371699504959036, 'num_points': 31}, {'avg_silhouette': 0.37880443782434176, 'num_points': 36}, {'avg_silhouette': 0.8416449202390196, 'num_points': 47}, {'avg_silhouette': 0.5101829248514108, 'num_points': 41}, {'avg_silhouette': 0.7964577166953453, 'num_points': 23}, {'avg_silhouette': 0.3717848778574467, 'num_points': 33}, {'avg_silhouette': 0.6095707206261373, 'num_points': 36}, {'avg_silhouette': 0.8071317846847922, 'num_points': 10}, {'avg_silhouette': 0.4377097384034147, 'num_points': 17}, {'avg_silhouette': 0.7635192498203115, 'num_points': 13}, {'avg_silhouette': 0.43737326071199484, 'num_points': 24}, {'avg_silhouette': 0.8285719281514017, 'num_points': 34}]",10.0,18,0.24050706890093346,,3,0.38573126520625345
K-means,,,"[{'avg_silhouette': -0.09086812870959197, 'num_points': 27}, {'avg_silhouette': 0.04607365860478263, 'num_points': 209}, {'avg_silhouette': -0.09717950843332983, 'num_points': 505}, {'avg_silhouette': 0.12883005219852053, 'num_points': 490}, {'avg_silhouette': 0.6121318221456197, 'num_points': 612}, {'avg_silhouette': -0.0726735026586212, 'num_points': 96}, {'avg_silhouette': 0.3778743351844542, 'num_points': 428}, {'avg_silhouette': 0.45120503868435957, 'num_points': 1924}, {'avg_silhouette': 0.5880424960635189, 'num_points': 32}, {'avg_silhouette': 0.36097844616222624, 'num_points': 2455}, {'avg_silhouette': 0.08620111937100135, 'num_points': 131}, {'avg_silhouette': -0.10622443167374705, 'num_points': 939}, {'avg_silhouette': 0.062447451037302794, 'num_points': 69}, {'avg_silhouette': 0.12255033496299571, 'num_points': 364}, {'avg_silhouette': 0.1280221541513522, 'num_points': 102}, {'avg_silhouette': 0.12283155072792651, 'num_points': 379}, {'avg_silhouette': -0.017448749221104797, 'num_points': 361}, {'avg_silhouette': 0.0761990544813896, 'num_points': 257}, {'avg_silhouette': -0.07383525269225799, 'num_points': 171}, {'avg_silhouette': 0.8653829437245154, 'num_points': 34}, {'avg_silhouette': 0.025247927118937127, 'num_points': 72}, {'avg_silhouette': 0.2464292881687108, 'num_points': 63}, {'avg_silhouette': 0.7816424105036361, 'num_points': 52}, {'avg_silhouette': -0.03314684895133575, 'num_points': 132}, {'avg_silhouette': -0.031557762750339204, 'num_points': 190}]",,25,0.2398967420696754,,5,0.24418227337702572
K-means,,,"[{'avg_silhouette': 0.2575526485328337, 'num_points': 2790}, {'avg_silhouette': -0.051949076738106635, 'num_points': 283}, {'avg_silhouette': 0.1195329426771565, 'num_points': 189}, {'avg_silhouette': 0.19697735768002322, 'num_points': 29}, {'avg_silhouette': 0.05943723790111626, 'num_points': 136}, {'avg_silhouette': 0.6139726125905756, 'num_points': 612}, {'avg_silhouette': 0.08582301072540112, 'num_points': 437}, {'avg_silhouette': 0.4725088346420455, 'num_points': 1950}, {'avg_silhouette': 0.058347391659393524, 'num_points': 255}, {'avg_silhouette': 0.07529418256453545, 'num_points': 242}, {'avg_silhouette': 0.3305183098804651, 'num_points': 274}, {'avg_silhouette': 0.3673530485286464, 'num_points': 83}, {'avg_silhouette': 0.14596708717703785, 'num_points': 158}, {'avg_silhouette': -0.06225102000230297, 'num_points': 728}, {'avg_silhouette': -0.021057758725264865, 'num_points': 267}, {'avg_silhouette': 0.5453971218852216, 'num_points': 217}, {'avg_silhouette': -0.06758708108145836, 'num_points': 186}, {'avg_silhouette': 0.0972478039328517, 'num_points': 87}, {'avg_silhouette': 0.05590808565757228, 'num_points': 521}, {'avg_silhouette': -0.01634172488892239, 'num_points': 78}, {'avg_silhouette': 0.19565672279301327, 'num_points': 54}, {'avg_silhouette': 0.7823307305605725, 'num_points': 52}, {'avg_silhouette': 0.5880624502824966, 'num_points': 32}, {'avg_silhouette': -0.08630314130052381, 'num_points': 95}, {'avg_silhouette': 0.04271778225505805, 'num_points': 164}, {'avg_silhouette': 0.04511513318802524, 'num_points': 175}]",,26,0.23975038739335167,,5,0.2675382322841448
K-means,,,"[{'avg_silhouette': 0.45187402927009623, 'num_points': 1923}, {'avg_silhouette': 0.028230075241173682, 'num_points': 269}, {'avg_silhouette': 0.0994131089672208, 'num_points': 143}, {'avg_silhouette': 0.20112553802166827, 'num_points': 624}, {'avg_silhouette': -0.10555312420322234, 'num_points': 937}, {'avg_silhouette': -0.015584608244543698, 'num_points': 129}, {'avg_silhouette': -0.01889254496314104, 'num_points': 254}, {'avg_silhouette': 0.20966463932535598, 'num_points': 20}, {'avg_silhouette': 0.017989813961432365, 'num_points': 146}, {'avg_silhouette': 0.1577032259650966, 'num_points': 166}, {'avg_silhouette': 0.4516309885894198, 'num_points': 81}, {'avg_silhouette': 0.08260993265575396, 'num_points': 120}, {'avg_silhouette': 0.5205932680640986, 'num_points': 34}, {'avg_silhouette': 0.11826074519397452, 'num_points': 102}, {'avg_silhouette': 0.22193901099316107, 'num_points': 83}, {'avg_silhouette': 0.37389717689674623, 'num_points': 432}, {'avg_silhouette': 0.36188735941133754, 'num_points': 2453}, {'avg_silhouette': -0.07210600649344945, 'num_points': 137}, {'avg_silhouette': -0.07678406135738416, 'num_points': 81}, {'avg_silhouette': 0.12032811909230175, 'num_points': 385}, {'avg_silhouette': -0.10047758758915301, 'num_points': 506}, {'avg_silhouette': -0.03872986256403482, 'num_points': 55}, {'avg_silhouette': 0.7816310417272263, 'num_points': 52}, {'avg_silhouette': 0.5299356109218784, 'num_points': 559}, {'avg_silhouette': 0.06945676989481205, 'num_points': 251}, {'avg_silhouette': -0.0361051548304544, 'num_points': 82}, {'avg_silhouette': -0.031315224237647425, 'num_points': 70}]",,27,0.23914015806901945,,6,0.22313197097210083
DBSCAN,,0.2983123951776987,"[{'avg_silhouette': 0.5492664963194027, 'num_points': 189}, {'avg_silhouette': 0.37371476035108536, 'num_points': 5745}, {'avg_silhouette': 0.28164683973723326, 'num_points': 645}, {'avg_silhouette': 0.47063350587146735, 'num_points': 19}, {'avg_silhouette': 0.5350078146373146, 'num_points': 566}, {'avg_silhouette': 0.0406344356401869, 'num_points': 620}, {'avg_silhouette': 0.4121259945838078, 'num_points': 26}, {'avg_silhouette': 0.4117251789267693, 'num_points': 31}, {'avg_silhouette': 0.39828951020417186, 'num_points': 31}, {'avg_silhouette': 0.8415423825607298, 'num_points': 47}, {'avg_silhouette': 0.5002769334734654, 'num_points': 9}, {'avg_silhouette': 0.5179389304478018, 'num_points': 40}, {'avg_silhouette': 0.5406222657871239, 'num_points': 6}, {'avg_silhouette': 0.7963469399120546, 'num_points': 23}, {'avg_silhouette': 0.5704764357797939, 'num_points': 6}, {'avg_silhouette': 0.5973831228233217, 'num_points': 8}, {'avg_silhouette': 0.35821140980368427, 'num_points': 34}, {'avg_silhouette': 0.6089148822534998, 'num_points': 36}, {'avg_silhouette': 0.5755218060272085, 'num_points': 5}, {'avg_silhouette': 0.6953209342816846, 'num_points': 8}, {'avg_silhouette': 0.34933602599312497, 'num_points': 8}, {'avg_silhouette': 0.6450887465784955, 'num_points': 5}, {'avg_silhouette': 0.7629106337106462, 'num_points': 13}, {'avg_silhouette': 0.8727512269991717, 'num_points': 7}, {'avg_silhouette': 0.22601464798115078, 'num_points': 11}, {'avg_silhouette': 0.510544859707805, 'num_points': 6}, {'avg_silhouette': 0.42283278939693075, 'num_points': 24}, {'avg_silhouette': 0.3685639442473119, 'num_points': 8}, {'avg_silhouette': 0.5257229792224836, 'num_points': 5}, {'avg_silhouette': 0.5592185815843399, 'num_points': 8}, {'avg_silhouette': 0.47054074428514914, 'num_points': 5}, {'avg_silhouette': 0.34060764822081435, 'num_points': 7}, {'avg_silhouette': 0.6921606198888971, 'num_points': 6}, {'avg_silhouette': 0.8285719281514017, 'num_points': 34}, {'avg_silhouette': 0.8667013163288363, 'num_points': 5}]",5.0,35,0.23765707544201795,,4,0.30775096259145507
DBSCAN,,0.3183123951776987,"[{'avg_silhouette': 0.5492664963194027, 'num_points': 189}, {'avg_silhouette': 0.36471886285618416, 'num_points': 5783}, {'avg_silhouette': 0.20729612827554558, 'num_points': 678}, {'avg_silhouette': 0.46352168873735033, 'num_points': 20}, {'avg_silhouette': 0.3898891370937486, 'num_points': 30}, {'avg_silhouette': 0.03899677102449977, 'num_points': 644}, {'avg_silhouette': 0.5305536654338997, 'num_points': 568}, {'avg_silhouette': 0.38198973809506903, 'num_points': 35}, {'avg_silhouette': 0.41453347160271514, 'num_points': 31}, {'avg_silhouette': 0.8416971591357176, 'num_points': 47}, {'avg_silhouette': 0.501130939292511, 'num_points': 9}, {'avg_silhouette': 0.4997080316713035, 'num_points': 42}, {'avg_silhouette': 0.2988427803268343, 'num_points': 7}, {'avg_silhouette': 0.7965354341253255, 'num_points': 23}, {'avg_silhouette': 0.5704764357797939, 'num_points': 6}, {'avg_silhouette': 0.597750481489572, 'num_points': 8}, {'avg_silhouette': 0.36057600732647666, 'num_points': 34}, {'avg_silhouette': 0.4468791332677926, 'num_points': 9}, {'avg_silhouette': 0.6098870640210655, 'num_points': 36}, {'avg_silhouette': 0.5761437582765293, 'num_points': 5}, {'avg_silhouette': 0.70089841038282, 'num_points': 15}, {'avg_silhouette': 0.4040828576477554, 'num_points': 21}, {'avg_silhouette': 0.5387507158036027, 'num_points': 11}, {'avg_silhouette': 0.37150745943419283, 'num_points': 8}, {'avg_silhouette': 0.4928683330459653, 'num_points': 9}, {'avg_silhouette': 0.7637646120030079, 'num_points': 13}, {'avg_silhouette': 0.4876024410654791, 'num_points': 7}, {'avg_silhouette': 0.4871685623407078, 'num_points': 5}, {'avg_silhouette': 0.8728888666495996, 'num_points': 7}, {'avg_silhouette': 0.5154009175987748, 'num_points': 8}, {'avg_silhouette': 0.510544859707805, 'num_points': 6}, {'avg_silhouette': 0.42283278939693075, 'num_points': 24}, {'avg_silhouette': 0.33818994947035463, 'num_points': 5}, {'avg_silhouette': 0.5603371601510067, 'num_points': 8}, {'avg_silhouette': 0.6921606198888971, 'num_points': 6}, {'avg_silhouette': 0.8285719281514017, 'num_points': 34}, {'avg_silhouette': 0.6821253490708505, 'num_points': 7}]",5.0,37,0.23636687101219805,,4,0.28539135689753226
DBSCAN,,0.3083123951776987,"[{'avg_silhouette': 0.5492664963194027, 'num_points': 189}, {'avg_silhouette': 0.3688981285523982, 'num_points': 5765}, {'avg_silhouette': 0.2155858299094335, 'num_points': 665}, {'avg_silhouette': 0.47063350587146735, 'num_points': 19}, {'avg_silhouette': 0.39520230595755296, 'num_points': 28}, {'avg_silhouette': 0.5332556283372195, 'num_points': 567}, {'avg_silhouette': 0.03302371554761675, 'num_points': 631}, {'avg_silhouette': 0.4132237098241552, 'num_points': 31}, {'avg_silhouette': 0.38898908552011474, 'num_points': 33}, {'avg_silhouette': 0.8416278169021926, 'num_points': 47}, {'avg_silhouette': 0.5006050461203252, 'num_points': 9}, {'avg_silhouette': 0.49905465006223304, 'num_points': 42}, {'avg_silhouette': 0.3395266723794132, 'num_points': 6}, {'avg_silhouette': 0.7964513289920653, 'num_points': 23}, {'avg_silhouette': 0.5704764357797939, 'num_points': 6}, {'avg_silhouette': 0.597541333541337, 'num_points': 8}, {'avg_silhouette': 0.359498062963525, 'num_points': 34}, {'avg_silhouette': 0.6094486993624217, 'num_points': 36}, {'avg_silhouette': 0.575746287610319, 'num_points': 5}, {'avg_silhouette': 0.5699467367482262, 'num_points': 9}, {'avg_silhouette': 0.41070444629455727, 'num_points': 20}, {'avg_silhouette': 0.5382683800150025, 'num_points': 11}, {'avg_silhouette': 0.7633682849167541, 'num_points': 13}, {'avg_silhouette': 0.8728275848003583, 'num_points': 7}, {'avg_silhouette': 0.510544859707805, 'num_points': 6}, {'avg_silhouette': 0.42283278939693075, 'num_points': 24}, {'avg_silhouette': 0.5443429505293663, 'num_points': 5}, {'avg_silhouette': 0.3231570217149147, 'num_points': 5}, {'avg_silhouette': 0.370114797034368, 'num_points': 8}, {'avg_silhouette': 0.5935338583754473, 'num_points': 5}, {'avg_silhouette': 0.5257229792224836, 'num_points': 5}, {'avg_silhouette': 0.5592185815843399, 'num_points': 8}, {'avg_silhouette': 0.3536827120013675, 'num_points': 6}, {'avg_silhouette': 0.6921606198888971, 'num_points': 6}, {'avg_silhouette': 0.8285719281514017, 'num_points': 34}, {'avg_silhouette': 0.8676092381302617, 'num_points': 5}]",5.0,36,0.23405451815283587,,4,0.287690825586667
DBSCAN,,0.25831239517769866,"[{'avg_silhouette': 0.6764333023741592, 'num_points': 186}, {'avg_silhouette': 0.4503192118788145, 'num_points': 5241}, {'avg_silhouette': 0.08765768991973631, 'num_points': 413}, {'avg_silhouette': 0.6358737293171034, 'num_points': 10}, {'avg_silhouette': 0.23995266933365522, 'num_points': 186}, {'avg_silhouette': 0.7090014632639146, 'num_points': 550}, {'avg_silhouette': 0.5208686641240854, 'num_points': 17}, {'avg_silhouette': 0.853000684518904, 'num_points': 45}, {'avg_silhouette': 0.47138406810982664, 'num_points': 69}, {'avg_silhouette': 0.6471916442077337, 'num_points': 27}, {'avg_silhouette': 0.8081781920479032, 'num_points': 22}, {'avg_silhouette': 0.3382697019419572, 'num_points': 51}, {'avg_silhouette': 0.1325535351532933, 'num_points': 132}, {'avg_silhouette': 0.4849200857609275, 'num_points': 25}, {'avg_silhouette': 0.6459506299562537, 'num_points': 32}, {'avg_silhouette': 0.46456622503740486, 'num_points': 21}, {'avg_silhouette': 0.4796725112711498, 'num_points': 22}, {'avg_silhouette': 0.49457625183885273, 'num_points': 19}, {'avg_silhouette': 0.7552911045431456, 'num_points': 13}, {'avg_silhouette': 0.47849306760186505, 'num_points': 15}, {'avg_silhouette': 0.4462973695929075, 'num_points': 10}, {'avg_silhouette': 0.49797171320154787, 'num_points': 10}, {'avg_silhouette': 0.3793803023090239, 'num_points': 360}, {'avg_silhouette': 0.49019080017331673, 'num_points': 19}, {'avg_silhouette': 0.8813239478209418, 'num_points': 32}]",10.0,25,0.23008073651772948,,2,0.5796603375713645
K-means,,,"[{'avg_silhouette': -0.11186759412978292, 'num_points': 842}, {'avg_silhouette': 0.608430882803113, 'num_points': 615}, {'avg_silhouette': 0.03791284963046384, 'num_points': 282}, {'avg_silhouette': 0.5050530752312534, 'num_points': 1940}, {'avg_silhouette': 0.16896928008289183, 'num_points': 735}, {'avg_silhouette': 0.3228126745077502, 'num_points': 164}, {'avg_silhouette': 0.06534023243368062, 'num_points': 237}, {'avg_silhouette': 0.1272922692343772, 'num_points': 188}, {'avg_silhouette': -0.022740312874776507, 'num_points': 79}, {'avg_silhouette': 0.5276841360620113, 'num_points': 34}, {'avg_silhouette': -0.03761378176971083, 'num_points': 298}, {'avg_silhouette': 0.04141903646523266, 'num_points': 353}, {'avg_silhouette': 0.18714173124944294, 'num_points': 2943}, {'avg_silhouette': 0.7828903056339294, 'num_points': 52}, {'avg_silhouette': 0.0020742050480145203, 'num_points': 641}, {'avg_silhouette': 0.12288108204779673, 'num_points': 85}, {'avg_silhouette': 0.5481906233790941, 'num_points': 217}, {'avg_silhouette': 0.3207727027821915, 'num_points': 278}, {'avg_silhouette': -0.08585400949491116, 'num_points': 111}]",,19,0.22869419339911318,,6,0.22663359671415548
K-means,,,"[{'avg_silhouette': 0.5110276695930137, 'num_points': 1937}, {'avg_silhouette': -0.050729504774617816, 'num_points': 307}, {'avg_silhouette': 0.1265710087333937, 'num_points': 646}, {'avg_silhouette': -0.1346565044587327, 'num_points': 859}, {'avg_silhouette': 0.6085607028521335, 'num_points': 615}, {'avg_silhouette': 0.11248067707557201, 'num_points': 371}, {'avg_silhouette': 0.22926806776040629, 'num_points': 83}, {'avg_silhouette': 0.08274326444119967, 'num_points': 94}, {'avg_silhouette': 0.3665668791413237, 'num_points': 449}, {'avg_silhouette': 0.5484232514646198, 'num_points': 217}, {'avg_silhouette': 0.17638379602418597, 'num_points': 2958}, {'avg_silhouette': -0.0428281545956387, 'num_points': 258}, {'avg_silhouette': 0.7829722060694686, 'num_points': 52}, {'avg_silhouette': -0.016323611370218052, 'num_points': 83}, {'avg_silhouette': -0.0517400198671234, 'num_points': 306}, {'avg_silhouette': 0.06782319936606147, 'num_points': 543}, {'avg_silhouette': 0.4299404555959012, 'num_points': 83}, {'avg_silhouette': 0.06801029976179197, 'num_points': 233}]",,18,0.22680409502097124,,6,0.22595164535167592
K-means,,,"[{'avg_silhouette': 0.13920956646497662, 'num_points': 174}, {'avg_silhouette': 0.2479443450835919, 'num_points': 2814}, {'avg_silhouette': -0.12164893041070514, 'num_points': 955}, {'avg_silhouette': -0.02075908441557424, 'num_points': 82}, {'avg_silhouette': -0.04115910157716871, 'num_points': 297}, {'avg_silhouette': 0.2648184034398692, 'num_points': 537}, {'avg_silhouette': 0.05148404873994476, 'num_points': 246}, {'avg_silhouette': 0.6155528530886567, 'num_points': 612}, {'avg_silhouette': 0.3250481382898308, 'num_points': 166}, {'avg_silhouette': -0.0368241593445188, 'num_points': 244}, {'avg_silhouette': 0.4755079383406047, 'num_points': 1951}, {'avg_silhouette': 0.11198306712879913, 'num_points': 146}, {'avg_silhouette': 0.002703794618647983, 'num_points': 626}, {'avg_silhouette': 0.1826875994001705, 'num_points': 759}, {'avg_silhouette': 0.02633035867567347, 'num_points': 138}, {'avg_silhouette': 0.7824211495733775, 'num_points': 52}, {'avg_silhouette': -0.031791885789113565, 'num_points': 295}]",,17,0.2266454614273385,,7,0.2382237147944051
DBSCAN,,0.2783123951776987,"[{'avg_silhouette': 0.6734050435328395, 'num_points': 189}, {'avg_silhouette': 0.377462499867564, 'num_points': 5665}, {'avg_silhouette': 0.16995645993357342, 'num_points': 560}, {'avg_silhouette': 0.6283869413851824, 'num_points': 12}, {'avg_silhouette': 0.7012099408211367, 'num_points': 560}, {'avg_silhouette': 0.4744657297132463, 'num_points': 22}, {'avg_silhouette': 0.8412302370104578, 'num_points': 47}, {'avg_silhouette': 0.43128771676219824, 'num_points': 80}, {'avg_silhouette': 0.5373250926375659, 'num_points': 37}, {'avg_silhouette': 0.21443039856295878, 'num_points': 43}, {'avg_silhouette': 0.8093444036477682, 'num_points': 22}, {'avg_silhouette': 0.48563571947027157, 'num_points': 26}, {'avg_silhouette': 0.6326777940466761, 'num_points': 34}, {'avg_silhouette': 0.36607152904729856, 'num_points': 14}, {'avg_silhouette': 0.4773736839790265, 'num_points': 23}, {'avg_silhouette': 0.7612021434832913, 'num_points': 13}, {'avg_silhouette': 0.46898620348992115, 'num_points': 18}, {'avg_silhouette': 0.3808504607368597, 'num_points': 396}, {'avg_silhouette': 0.49711018760723774, 'num_points': 19}, {'avg_silhouette': 0.8232223712677254, 'num_points': 34}]",10.0,20,0.226364757162617,,3,0.4162096335407581
AGGLC,ward,,"[{'avg_silhouette': 0.1908886840673163, 'num_points': 915}, {'avg_silhouette': -0.15379525544286618, 'num_points': 673}, {'avg_silhouette': -0.10821430754000327, 'num_points': 98}, {'avg_silhouette': 0.16278282113878714, 'num_points': 2873}, {'avg_silhouette': 0.31650498895500756, 'num_points': 166}, {'avg_silhouette': -0.07664291928150982, 'num_points': 136}, {'avg_silhouette': 0.4029225133889307, 'num_points': 401}, {'avg_silhouette': -0.1270639317434866, 'num_points': 486}, {'avg_silhouette': -0.020903225668107758, 'num_points': 106}, {'avg_silhouette': 0.03509029313277949, 'num_points': 236}, {'avg_silhouette': 0.7820964010599549, 'num_points': 52}, {'avg_silhouette': 0.6295781897276902, 'num_points': 602}, {'avg_silhouette': -0.024667035422539202, 'num_points': 340}, {'avg_silhouette': 0.14144597007629087, 'num_points': 97}, {'avg_silhouette': -0.00036585234810225113, 'num_points': 557}, {'avg_silhouette': -0.015533229282844488, 'num_points': 287}, {'avg_silhouette': -0.054548276672680196, 'num_points': 111}, {'avg_silhouette': 0.5884010178156938, 'num_points': 32}, {'avg_silhouette': 0.5794055936481393, 'num_points': 208}, {'avg_silhouette': 0.6069924001500617, 'num_points': 1718}]",,20,0.2251515565489061,,6,0.23934683121548117
AGGLC,ward,,"[{'avg_silhouette': 0.14512753807564996, 'num_points': 768}, {'avg_silhouette': 0.026809747167835588, 'num_points': 236}, {'avg_silhouette': -0.08452140419730801, 'num_points': 136}, {'avg_silhouette': 0.16273977330712083, 'num_points': 2873}, {'avg_silhouette': -0.09345749113213478, 'num_points': 78}, {'avg_silhouette': -0.0372166847551188, 'num_points': 340}, {'avg_silhouette': 0.4022475331768098, 'num_points': 401}, {'avg_silhouette': -0.12721102370463566, 'num_points': 486}, {'avg_silhouette': -0.031127058081032985, 'num_points': 106}, {'avg_silhouette': -0.12071450937732485, 'num_points': 652}, {'avg_silhouette': 0.22918423713367922, 'num_points': 83}, {'avg_silhouette': 0.6295781897276902, 'num_points': 602}, {'avg_silhouette': 0.42602821022387083, 'num_points': 83}, {'avg_silhouette': 0.14144597007629087, 'num_points': 97}, {'avg_silhouette': -0.002956256346723127, 'num_points': 557}, {'avg_silhouette': -0.03704239310843331, 'num_points': 287}, {'avg_silhouette': -0.06398274976517686, 'num_points': 111}, {'avg_silhouette': 0.5876365089293353, 'num_points': 32}, {'avg_silhouette': 0.5794055936481393, 'num_points': 208}, {'avg_silhouette': 0.6069924001500617, 'num_points': 1718}, {'avg_silhouette': 0.18548561127878918, 'num_points': 147}, {'avg_silhouette': 0.7820964010599549, 'num_points': 52}, {'avg_silhouette': 0.493363834047385, 'num_points': 21}, {'avg_silhouette': 0.22172528298610908, 'num_points': 20}]",,24,0.22428797502726072,,6,0.23679452258941244
K-means,,,"[{'avg_silhouette': 0.17496241979576338, 'num_points': 2960}, {'avg_silhouette': -0.030401918371078616, 'num_points': 296}, {'avg_silhouette': 0.6085662784646572, 'num_points': 615}, {'avg_silhouette': 0.1020860118495067, 'num_points': 86}, {'avg_silhouette': 0.3207909897297203, 'num_points': 276}, {'avg_silhouette': 0.31616094619672724, 'num_points': 166}, {'avg_silhouette': -0.13249236941508466, 'num_points': 854}, {'avg_silhouette': 0.06110482555056911, 'num_points': 539}, {'avg_silhouette': -0.012266357885262329, 'num_points': 81}, {'avg_silhouette': 0.07380374369145318, 'num_points': 124}, {'avg_silhouette': -0.052273945141688684, 'num_points': 288}, {'avg_silhouette': -0.08514345823373318, 'num_points': 97}, {'avg_silhouette': 0.13209119007835002, 'num_points': 187}, {'avg_silhouette': 0.5115829596365311, 'num_points': 1937}, {'avg_silhouette': 0.548230485189716, 'num_points': 217}, {'avg_silhouette': 0.10140606036111292, 'num_points': 149}, {'avg_silhouette': 0.046977798157600364, 'num_points': 279}, {'avg_silhouette': 0.1382924206153581, 'num_points': 525}, {'avg_silhouette': 0.1272144978764227, 'num_points': 366}, {'avg_silhouette': 0.7829815870856959, 'num_points': 52}]",,20,0.22392395653241315,,6,0.2270027557746324
DBSCAN,,0.2883123951776987,"[{'avg_silhouette': 0.5492664963194027, 'num_points': 189}, {'avg_silhouette': 0.36580508336009543, 'num_points': 5729}, {'avg_silhouette': 0.15503193354446795, 'num_points': 621}, {'avg_silhouette': 0.5021586204032719, 'num_points': 19}, {'avg_silhouette': 0.5350078146373146, 'num_points': 566}, {'avg_silhouette': 0.4102416098539711, 'num_points': 24}, {'avg_silhouette': 0.281910256774203, 'num_points': 92}, {'avg_silhouette': 0.4446508337869653, 'num_points': 26}, {'avg_silhouette': 0.8414830167414593, 'num_points': 47}, {'avg_silhouette': 0.13419681329609015, 'num_points': 512}, {'avg_silhouette': 0.5002769334734654, 'num_points': 9}, {'avg_silhouette': 0.5174086386426204, 'num_points': 40}, {'avg_silhouette': 0.5339555296348322, 'num_points': 6}, {'avg_silhouette': 0.796276057827127, 'num_points': 23}, {'avg_silhouette': 0.41065591888814795, 'num_points': 31}, {'avg_silhouette': 0.5973831228233217, 'num_points': 8}, {'avg_silhouette': 0.5295868516246908, 'num_points': 5}, {'avg_silhouette': 0.357283025940398, 'num_points': 34}, {'avg_silhouette': 0.6226756200626359, 'num_points': 35}, {'avg_silhouette': 0.5755218060272085, 'num_points': 5}, {'avg_silhouette': 0.6953209342816846, 'num_points': 8}, {'avg_silhouette': 0.34933602599312497, 'num_points': 8}, {'avg_silhouette': 0.6450887465784955, 'num_points': 5}, {'avg_silhouette': 0.7625916949920531, 'num_points': 13}, {'avg_silhouette': 0.8726988202216609, 'num_points': 7}, {'avg_silhouette': 0.22601464798115078, 'num_points': 11}, {'avg_silhouette': 0.510544859707805, 'num_points': 6}, {'avg_silhouette': 0.4646929185583633, 'num_points': 20}, {'avg_silhouette': 0.5704764357797939, 'num_points': 6}, {'avg_silhouette': 0.45860923455606883, 'num_points': 6}, {'avg_silhouette': 0.5592185815843399, 'num_points': 8}, {'avg_silhouette': 0.47054074428514914, 'num_points': 5}, {'avg_silhouette': 0.34060764822081435, 'num_points': 7}, {'avg_silhouette': 0.6911735452109306, 'num_points': 6}, {'avg_silhouette': 0.8253123029614523, 'num_points': 34}, {'avg_silhouette': 0.8602328525202312, 'num_points': 5}]",5.0,36,0.22390045400739034,,4,0.29751041120949206
AGGLC,ward,,"[{'avg_silhouette': 0.16273977330712083, 'num_points': 2873}, {'avg_silhouette': -0.10010003419412833, 'num_points': 78}, {'avg_silhouette': -0.05420447613714818, 'num_points': 340}, {'avg_silhouette': -0.12751826988319864, 'num_points': 486}, {'avg_silhouette': -0.12159791996213382, 'num_points': 652}, {'avg_silhouette': 0.061774561050080425, 'num_points': 134}, {'avg_silhouette': 0.3802534173119357, 'num_points': 401}, {'avg_silhouette': -0.06933398377915441, 'num_points': 111}, {'avg_silhouette': -0.04543429146532609, 'num_points': 106}, {'avg_silhouette': -0.03214276851580941, 'num_points': 98}, {'avg_silhouette': 0.22918364504759534, 'num_points': 83}, {'avg_silhouette': 0.6295781897276902, 'num_points': 602}, {'avg_silhouette': 0.11903850120666074, 'num_points': 102}, {'avg_silhouette': 0.14144597007629087, 'num_points': 97}, {'avg_silhouette': -0.005349776063999205, 'num_points': 557}, {'avg_silhouette': -0.058629387761298044, 'num_points': 287}, {'avg_silhouette': 0.11561765621037012, 'num_points': 657}, {'avg_silhouette': 0.5852995639995979, 'num_points': 32}, {'avg_silhouette': 0.5790850644995194, 'num_points': 208}, {'avg_silhouette': 0.6069924001500617, 'num_points': 1718}, {'avg_silhouette': 0.15161165675205884, 'num_points': 147}, {'avg_silhouette': 0.7820964010599549, 'num_points': 52}, {'avg_silhouette': 0.4892104183162549, 'num_points': 21}, {'avg_silhouette': 0.212342569735004, 'num_points': 20}, {'avg_silhouette': 0.31803205446801397, 'num_points': 111}, {'avg_silhouette': 0.42602821022387083, 'num_points': 83}, {'avg_silhouette': 0.1106708453038796, 'num_points': 38}]",,27,0.2238494437247704,,6,0.23133005389485164
AGGLC,ward,,"[{'avg_silhouette': -0.10864007336309554, 'num_points': 98}, {'avg_silhouette': 0.14512753807564996, 'num_points': 768}, {'avg_silhouette': -0.08452140419730801, 'num_points': 136}, {'avg_silhouette': 0.16273977330712083, 'num_points': 2873}, {'avg_silhouette': 0.026809747167835588, 'num_points': 236}, {'avg_silhouette': -0.0372166847551188, 'num_points': 340}, {'avg_silhouette': 0.4022475331768098, 'num_points': 401}, {'avg_silhouette': -0.12721102370463566, 'num_points': 486}, {'avg_silhouette': -0.031127058081032985, 'num_points': 106}, {'avg_silhouette': -0.12071450937732485, 'num_points': 652}, {'avg_silhouette': 0.22918423713367922, 'num_points': 83}, {'avg_silhouette': 0.6295781897276902, 'num_points': 602}, {'avg_silhouette': 0.42602821022387083, 'num_points': 83}, {'avg_silhouette': 0.14144597007629087, 'num_points': 97}, {'avg_silhouette': -0.002956256346723127, 'num_points': 557}, {'avg_silhouette': -0.03704239310843331, 'num_points': 287}, {'avg_silhouette': -0.06398274976517686, 'num_points': 111}, {'avg_silhouette': 0.5876365089293353, 'num_points': 32}, {'avg_silhouette': 0.5794055936481393, 'num_points': 208}, {'avg_silhouette': 0.6069924001500617, 'num_points': 1718}, {'avg_silhouette': 0.18548561127878918, 'num_points': 147}, {'avg_silhouette': 0.7820964010599549, 'num_points': 52}, {'avg_silhouette': 0.493363834047385, 'num_points': 21}]",,23,0.22351607602379336,,6,0.23679452258941244
AGGLC,ward,,"[{'avg_silhouette': 0.31519278111247245, 'num_points': 166}, {'avg_silhouette': 0.14512753807564996, 'num_points': 768}, {'avg_silhouette': -0.10864007336309554, 'num_points': 98}, {'avg_silhouette': 0.16273977330712083, 'num_points': 2873}, {'avg_silhouette': 0.026809747167835588, 'num_points': 236}, {'avg_silhouette': -0.08452140419730801, 'num_points': 136}, {'avg_silhouette': 0.4022475331768098, 'num_points': 401}, {'avg_silhouette': -0.12721102370463566, 'num_points': 486}, {'avg_silhouette': -0.031127058081032985, 'num_points': 106}, {'avg_silhouette': -0.12071450937732485, 'num_points': 652}, {'avg_silhouette': 0.493363834047385, 'num_points': 21}, {'avg_silhouette': 0.6295781897276902, 'num_points': 602}, {'avg_silhouette': -0.0372166847551188, 'num_points': 340}, {'avg_silhouette': 0.14144597007629087, 'num_points': 97}, {'avg_silhouette': -0.002956256346723127, 'num_points': 557}, {'avg_silhouette': -0.03704239310843331, 'num_points': 287}, {'avg_silhouette': -0.06398274976517686, 'num_points': 111}, {'avg_silhouette': 0.5876365089293353, 'num_points': 32}, {'avg_silhouette': 0.5794055936481393, 'num_points': 208}, {'avg_silhouette': 0.6069924001500617, 'num_points': 1718}, {'avg_silhouette': 0.18548561127878918, 'num_points': 147}, {'avg_silhouette': 0.7820964010599549, 'num_points': 52}]",,22,0.2233119318325901,,6,0.23679452258941244
DBSCAN,,0.3283123951776987,"[{'avg_silhouette': 0.5492664963194027, 'num_points': 189}, {'avg_silhouette': 0.3629086226187316, 'num_points': 5794}, {'avg_silhouette': -0.020247863667509136, 'num_points': 1355}, {'avg_silhouette': 0.43349283001233974, 'num_points': 21}, {'avg_silhouette': 0.39083170111083604, 'num_points': 31}, {'avg_silhouette': 0.5305536654338997, 'num_points': 568}, {'avg_silhouette': 0.37398490958914987, 'num_points': 39}, {'avg_silhouette': 0.4155615928127155, 'num_points': 31}, {'avg_silhouette': 0.841762043674123, 'num_points': 47}, {'avg_silhouette': 0.501130939292511, 'num_points': 9}, {'avg_silhouette': 0.48891206367549567, 'num_points': 43}, {'avg_silhouette': 0.4399346025426349, 'num_points': 12}, {'avg_silhouette': 0.7966290539290456, 'num_points': 23}, {'avg_silhouette': 0.5704764357797939, 'num_points': 6}, {'avg_silhouette': 0.597750481489572, 'num_points': 8}, {'avg_silhouette': 0.3992082064412383, 'num_points': 22}, {'avg_silhouette': 0.34994180307534045, 'num_points': 35}, {'avg_silhouette': 0.43087261001427074, 'num_points': 10}, {'avg_silhouette': 0.6102759306099759, 'num_points': 36}, {'avg_silhouette': 0.5761437582765293, 'num_points': 5}, {'avg_silhouette': 0.7010016662393926, 'num_points': 15}, {'avg_silhouette': 0.5145411214567658, 'num_points': 12}, {'avg_silhouette': 0.3725677376817388, 'num_points': 8}, {'avg_silhouette': 0.49399333313298704, 'num_points': 12}, {'avg_silhouette': 0.7640781352785374, 'num_points': 13}, {'avg_silhouette': 0.48807767454827566, 'num_points': 7}, {'avg_silhouette': 0.5323593021584391, 'num_points': 5}, {'avg_silhouette': 0.8729447173201729, 'num_points': 7}, {'avg_silhouette': 0.5305901783810006, 'num_points': 10}, {'avg_silhouette': 0.510544859707805, 'num_points': 6}, {'avg_silhouette': 0.42283278939693075, 'num_points': 24}, {'avg_silhouette': 0.5562222842160731, 'num_points': 8}, {'avg_silhouette': 0.6921606198888971, 'num_points': 6}, {'avg_silhouette': 0.8285719281514017, 'num_points': 34}, {'avg_silhouette': 0.7181873404217393, 'num_points': 7}]",5.0,35,0.2229876566780634,,3,0.2910714747950407
AGGLC,ward,,"[{'avg_silhouette': -0.09075396601249608, 'num_points': 136}, {'avg_silhouette': 0.16273977330712083, 'num_points': 2873}, {'avg_silhouette': -0.05385753689952233, 'num_points': 340}, {'avg_silhouette': -0.12751826988319864, 'num_points': 486}, {'avg_silhouette': -0.09824964403471757, 'num_points': 78}, {'avg_silhouette': 0.061774561050080425, 'num_points': 134}, {'avg_silhouette': 0.3803823089937621, 'num_points': 401}, {'avg_silhouette': -0.06933398377915441, 'num_points': 111}, {'avg_silhouette': -0.04543429146532609, 'num_points': 106}, {'avg_silhouette': -0.12159791996213382, 'num_points': 652}, {'avg_silhouette': 0.22918364504759534, 'num_points': 83}, {'avg_silhouette': 0.6295781897276902, 'num_points': 602}, {'avg_silhouette': 0.11924421078516634, 'num_points': 102}, {'avg_silhouette': 0.14144597007629087, 'num_points': 97}, {'avg_silhouette': -0.0052305145975075455, 'num_points': 557}, {'avg_silhouette': -0.05843062553703411, 'num_points': 287}, {'avg_silhouette': 0.11566157338308303, 'num_points': 657}, {'avg_silhouette': 0.5852995639995979, 'num_points': 32}, {'avg_silhouette': 0.5790850644995194, 'num_points': 208}, {'avg_silhouette': 0.6069924001500617, 'num_points': 1718}, {'avg_silhouette': 0.15161165675205884, 'num_points': 147}, {'avg_silhouette': 0.7820964010599549, 'num_points': 52}, {'avg_silhouette': 0.4892104183162549, 'num_points': 21}, {'avg_silhouette': 0.212342569735004, 'num_points': 20}, {'avg_silhouette': 0.31803205446801397, 'num_points': 111}, {'avg_silhouette': 0.42602821022387083, 'num_points': 83}]",,26,0.22257039126862035,,6,0.23135725033471907
AGGLC,ward,,"[{'avg_silhouette': 0.023218947332308268, 'num_points': 236}, {'avg_silhouette': 0.16273977330712083, 'num_points': 2873}, {'avg_silhouette': -0.0892233178011405, 'num_points': 136}, {'avg_silhouette': -0.12733454165513128, 'num_points': 486}, {'avg_silhouette': -0.09345749113213478, 'num_points': 78}, {'avg_silhouette': -0.05100404744124805, 'num_points': 340}, {'avg_silhouette': 0.3803823089937621, 'num_points': 401}, {'avg_silhouette': -0.06933398377915441, 'num_points': 111}, {'avg_silhouette': -0.044110403929812234, 'num_points': 106}, {'avg_silhouette': -0.12159791996213382, 'num_points': 652}, {'avg_silhouette': 0.22918423713367922, 'num_points': 83}, {'avg_silhouette': 0.6295781897276902, 'num_points': 602}, {'avg_silhouette': 0.42602821022387083, 'num_points': 83}, {'avg_silhouette': 0.14144597007629087, 'num_points': 97}, {'avg_silhouette': -0.004905781226898858, 'num_points': 557}, {'avg_silhouette': -0.053331931521429, 'num_points': 287}, {'avg_silhouette': 0.11566157338308303, 'num_points': 657}, {'avg_silhouette': 0.5852995639995979, 'num_points': 32}, {'avg_silhouette': 0.5790850644995194, 'num_points': 208}, {'avg_silhouette': 0.6069924001500617, 'num_points': 1718}, {'avg_silhouette': 0.15161165675205884, 'num_points': 147}, {'avg_silhouette': 0.7820964010599549, 'num_points': 52}, {'avg_silhouette': 0.4892104183162549, 'num_points': 21}, {'avg_silhouette': 0.22043481926550706, 'num_points': 20}, {'avg_silhouette': 0.31803205446801397, 'num_points': 111}]",,25,0.2214436658069455,,6,0.23141137256315383
K-means,,,"[{'avg_silhouette': 0.0029819892240765733, 'num_points': 412}, {'avg_silhouette': 0.2355879432678045, 'num_points': 2838}, {'avg_silhouette': 0.022530830498680723, 'num_points': 155}, {'avg_silhouette': 0.22926806776040629, 'num_points': 83}, {'avg_silhouette': 0.3100137249825587, 'num_points': 326}, {'avg_silhouette': 0.018000124253576277, 'num_points': 186}, {'avg_silhouette': 0.21513606685399958, 'num_points': 20}, {'avg_silhouette': 0.1671619907323385, 'num_points': 955}, {'avg_silhouette': 0.4823815868907355, 'num_points': 1949}, {'avg_silhouette': -0.07323540694976256, 'num_points': 87}, {'avg_silhouette': 0.4299404555959012, 'num_points': 83}, {'avg_silhouette': 0.07399793661359924, 'num_points': 138}, {'avg_silhouette': -0.0028978911090518145, 'num_points': 643}, {'avg_silhouette': 0.5467852840407046, 'num_points': 217}, {'avg_silhouette': 0.09846957133501781, 'num_points': 87}, {'avg_silhouette': 0.7824970345230605, 'num_points': 52}, {'avg_silhouette': 0.3292624470700801, 'num_points': 276}, {'avg_silhouette': -0.001441107711713544, 'num_points': 81}, {'avg_silhouette': -0.02869926002099206, 'num_points': 258}, {'avg_silhouette': -0.10911828888970501, 'num_points': 772}, {'avg_silhouette': 0.11967367300959773, 'num_points': 189}, {'avg_silhouette': 0.34862012157927474, 'num_points': 287}]",,22,0.22074743948541714,,5,0.15462306817842436
DBSCAN,,0.2783123951776987,"[{'avg_silhouette': 0.5492664963194027, 'num_points': 189}, {'avg_silhouette': 0.37090895378082184, 'num_points': 5696}, {'avg_silhouette': 0.16160044213155095, 'num_points': 598}, {'avg_silhouette': 0.5008630078030541, 'num_points': 19}, {'avg_silhouette': 0.5384523260844879, 'num_points': 564}, {'avg_silhouette': 0.4272137211879428, 'num_points': 22}, {'avg_silhouette': 0.3119612922981794, 'num_points': 79}, {'avg_silhouette': 0.4535380579707763, 'num_points': 25}, {'avg_silhouette': 0.8413667714659366, 'num_points': 47}, {'avg_silhouette': 0.14232350695126758, 'num_points': 501}, {'avg_silhouette': 0.49969436483204316, 'num_points': 9}, {'avg_silhouette': 0.5224202475489214, 'num_points': 39}, {'avg_silhouette': 0.5757595723698493, 'num_points': 5}, {'avg_silhouette': 0.8093064628540957, 'num_points': 22}, {'avg_silhouette': 0.408385920972916, 'num_points': 31}, {'avg_silhouette': 0.676266897084295, 'num_points': 6}, {'avg_silhouette': 0.5275859543319126, 'num_points': 5}, {'avg_silhouette': 0.37279557188010987, 'num_points': 23}, {'avg_silhouette': 0.6219828950462054, 'num_points': 35}, {'avg_silhouette': 0.20806303044067737, 'num_points': 11}, {'avg_silhouette': 0.7212432556311821, 'num_points': 8}, {'avg_silhouette': 0.5751141777393041, 'num_points': 5}, {'avg_silhouette': 0.3681307328473055, 'num_points': 7}, {'avg_silhouette': 0.6450887465784955, 'num_points': 5}, {'avg_silhouette': 0.7619143816217219, 'num_points': 13}, {'avg_silhouette': 0.8725955239521558, 'num_points': 7}, {'avg_silhouette': 0.21669047897520777, 'num_points': 10}, {'avg_silhouette': 0.510544859707805, 'num_points': 6}, {'avg_silhouette': 0.48689722330042934, 'num_points': 19}, {'avg_silhouette': 0.45635151691239306, 'num_points': 6}, {'avg_silhouette': 0.5790787596001449, 'num_points': 7}, {'avg_silhouette': 0.47054074428514914, 'num_points': 5}, {'avg_silhouette': 0.49109250512005975, 'num_points': 5}, {'avg_silhouette': 0.6892040093746434, 'num_points': 6}, {'avg_silhouette': 0.8232223712677254, 'num_points': 34}, {'avg_silhouette': 0.8594165804874988, 'num_points': 5}]",5.0,36,0.22010445351098565,,3,0.3569872406656202
AGGLC,ward,,"[{'avg_silhouette': -0.15388668832726773, 'num_points': 673}, {'avg_silhouette': 0.31520159422591676, 'num_points': 166}, {'avg_silhouette': -0.10856711758309456, 'num_points': 98}, {'avg_silhouette': 0.16275452613993652, 'num_points': 2873}, {'avg_silhouette': 0.14512753807564996, 'num_points': 768}, {'avg_silhouette': -0.08452140419730801, 'num_points': 136}, {'avg_silhouette': 0.4022475331768098, 'num_points': 401}, {'avg_silhouette': -0.12710308510449336, 'num_points': 486}, {'avg_silhouette': -0.031127058081032985, 'num_points': 106}, {'avg_silhouette': 0.026809747167835588, 'num_points': 236}, {'avg_silhouette': 0.7820964010599549, 'num_points': 52}, {'avg_silhouette': 0.6295781897276902, 'num_points': 602}, {'avg_silhouette': -0.03707714098952939, 'num_points': 340}, {'avg_silhouette': 0.14144597007629087, 'num_points': 97}, {'avg_silhouette': -0.0029343381469326296, 'num_points': 557}, {'avg_silhouette': -0.03704239310843331, 'num_points': 287}, {'avg_silhouette': -0.06398274976517686, 'num_points': 111}, {'avg_silhouette': 0.5876365089293353, 'num_points': 32}, {'avg_silhouette': 0.5794055936481393, 'num_points': 208}, {'avg_silhouette': 0.6069924001500617, 'num_points': 1718}, {'avg_silhouette': 0.18548561127878918, 'num_points': 147}]",,21,0.2198388376542637,,6,0.231271937936523
DBSCAN,,0.25831239517769866,"[{'avg_silhouette': 0.5599966347570817, 'num_points': 186}, {'avg_silhouette': 0.4322711705604427, 'num_points': 5259}, {'avg_silhouette': 0.06054948047342168, 'num_points': 454}, {'avg_silhouette': 0.601422311254634, 'num_points': 17}, {'avg_silhouette': 0.17122185382547872, 'num_points': 211}, {'avg_silhouette': 0.6399179550947596, 'num_points': 8}, {'avg_silhouette': 0.537233659513378, 'num_points': 551}, {'avg_silhouette': 0.33731748599611167, 'num_points': 54}, {'avg_silhouette': 0.49854365769655606, 'num_points': 20}, {'avg_silhouette': 0.8530470035267059, 'num_points': 45}, {'avg_silhouette': 0.4532520291587212, 'num_points': 73}, {'avg_silhouette': 0.4960603708855769, 'num_points': 9}, {'avg_silhouette': 0.46386059252180467, 'num_points': 27}, {'avg_silhouette': 0.807997290652549, 'num_points': 22}, {'avg_silhouette': 0.31733946198381696, 'num_points': 6}, {'avg_silhouette': 0.4440083390981685, 'num_points': 8}, {'avg_silhouette': 0.23765253808692852, 'num_points': 55}, {'avg_silhouette': 0.6743096744838405, 'num_points': 6}, {'avg_silhouette': 0.31917175563791966, 'num_points': 8}, {'avg_silhouette': 0.17258573355018772, 'num_points': 137}, {'avg_silhouette': 0.4293409919124742, 'num_points': 25}, {'avg_silhouette': 0.6346580524006026, 'num_points': 33}, {'avg_silhouette': 0.25890872010455246, 'num_points': 9}, {'avg_silhouette': 0.8713446970599616, 'num_points': 8}, {'avg_silhouette': 0.5726185919693589, 'num_points': 5}, {'avg_silhouette': 0.3835451940854136, 'num_points': 6}, {'avg_silhouette': 0.6450887465784955, 'num_points': 5}, {'avg_silhouette': 0.3935667930811197, 'num_points': 22}, {'avg_silhouette': 0.3389482089447113, 'num_points': 14}, {'avg_silhouette': 0.7556562992956154, 'num_points': 13}, {'avg_silhouette': 0.44237915740438977, 'num_points': 9}, {'avg_silhouette': 0.44438963968700385, 'num_points': 15}, {'avg_silhouette': 0.8716398464817209, 'num_points': 7}, {'avg_silhouette': 0.509267405291972, 'num_points': 6}, {'avg_silhouette': 0.45157497530290047, 'num_points': 17}, {'avg_silhouette': 0.43365576511288495, 'num_points': 6}, {'avg_silhouette': 0.34011122096643154, 'num_points': 5}, {'avg_silhouette': 0.08795160298289074, 'num_points': 379}, {'avg_silhouette': 0.49019080017331673, 'num_points': 19}, {'avg_silhouette': 0.47054074428514914, 'num_points': 5}, {'avg_silhouette': 0.8813239478209418, 'num_points': 32}, {'avg_silhouette': 0.8523804688745941, 'num_points': 5}, {'avg_silhouette': 0.5024256589395646, 'num_points': 5}]",5.0,43,0.21634583429825713,,2,0.48475241503691036
DBSCAN,,0.26831239517769867,"[{'avg_silhouette': 0.6757710905151935, 'num_points': 188}, {'avg_silhouette': 0.3792546495775397, 'num_points': 5635}, {'avg_silhouette': 0.09758764695742975, 'num_points': 501}, {'avg_silhouette': 0.6323589342105381, 'num_points': 11}, {'avg_silhouette': 0.7111208932897078, 'num_points': 552}, {'avg_silhouette': 0.5137956407634818, 'num_points': 18}, {'avg_silhouette': 0.8538619019860633, 'num_points': 45}, {'avg_silhouette': 0.4550264457962843, 'num_points': 74}, {'avg_silhouette': 0.6549562096864102, 'num_points': 27}, {'avg_silhouette': 0.45390112262774246, 'num_points': 26}, {'avg_silhouette': 0.8092496709358215, 'num_points': 22}, {'avg_silhouette': 0.5032502513327798, 'num_points': 25}, {'avg_silhouette': 0.6321746574826873, 'num_points': 34}, {'avg_silhouette': 0.47616001638442557, 'num_points': 23}, {'avg_silhouette': 0.7607614740002079, 'num_points': 13}, {'avg_silhouette': 0.46333293772236583, 'num_points': 18}, {'avg_silhouette': 0.5104880868247766, 'num_points': 10}, {'avg_silhouette': 0.38957881136222916, 'num_points': 375}, {'avg_silhouette': 0.49711018760723774, 'num_points': 19}, {'avg_silhouette': 0.8232223712677254, 'num_points': 34}]",10.0,20,0.2126807995943958,,2,0.5451877714336237
K-means,,,"[{'avg_silhouette': 0.43267255796461823, 'num_points': 2153}, {'avg_silhouette': 0.18332563448110425, 'num_points': 822}, {'avg_silhouette': 0.09802549705402401, 'num_points': 93}, {'avg_silhouette': 0.3825071065561669, 'num_points': 445}, {'avg_silhouette': 0.3253427828452095, 'num_points': 164}, {'avg_silhouette': -0.008986806591103869, 'num_points': 81}, {'avg_silhouette': -0.06296818535786389, 'num_points': 306}, {'avg_silhouette': 0.6176849768003463, 'num_points': 614}, {'avg_silhouette': 0.03435517914088416, 'num_points': 293}, {'avg_silhouette': -0.08547970805583036, 'num_points': 115}, {'avg_silhouette': 0.039270673569508203, 'num_points': 3580}, {'avg_silhouette': 0.5538679233657883, 'num_points': 217}, {'avg_silhouette': 0.046436504635135524, 'num_points': 311}, {'avg_silhouette': 0.06809502339508025, 'num_points': 238}, {'avg_silhouette': 0.5293370897486823, 'num_points': 34}, {'avg_silhouette': 0.031193554865198106, 'num_points': 628}]",,16,0.1984781010898435,,5,0.26082947953615504
DBSCAN,,0.26831239517769867,"[{'avg_silhouette': 0.5534794226545835, 'num_points': 188}, {'avg_silhouette': 0.3406959536562513, 'num_points': 5665}, {'avg_silhouette': 0.10284761805185637, 'num_points': 554}, {'avg_silhouette': 0.5094448315755924, 'num_points': 18}, {'avg_silhouette': 0.6944379486363427, 'num_points': 8}, {'avg_silhouette': 0.5374820868388688, 'num_points': 553}, {'avg_silhouette': 0.16810661202233426, 'num_points': 60}, {'avg_silhouette': 0.478607249630841, 'num_points': 21}, {'avg_silhouette': 0.8539492944557, 'num_points': 45}, {'avg_silhouette': 0.40069723709434524, 'num_points': 82}, {'avg_silhouette': 0.4966864700535248, 'num_points': 9}, {'avg_silhouette': 0.473675339650831, 'num_points': 27}, {'avg_silhouette': 0.5705063173134727, 'num_points': 5}, {'avg_silhouette': 0.8091668437079883, 'num_points': 22}, {'avg_silhouette': 0.31733946198381696, 'num_points': 6}, {'avg_silhouette': 0.41658339267308386, 'num_points': 9}, {'avg_silhouette': 0.6749821765539209, 'num_points': 6}, {'avg_silhouette': 0.2613990218798392, 'num_points': 10}, {'avg_silhouette': 0.4293409919124742, 'num_points': 25}, {'avg_silhouette': 0.37265609283808293, 'num_points': 23}, {'avg_silhouette': 0.6212458242925754, 'num_points': 35}, {'avg_silhouette': 0.20806303044067737, 'num_points': 11}, {'avg_silhouette': 0.7212432556311821, 'num_points': 8}, {'avg_silhouette': 0.5730576834464518, 'num_points': 5}, {'avg_silhouette': 0.35031811922534034, 'num_points': 7}, {'avg_silhouette': 0.6450887465784955, 'num_points': 5}, {'avg_silhouette': 0.761305877706853, 'num_points': 13}, {'avg_silhouette': 0.46115515913170235, 'num_points': 15}, {'avg_silhouette': 0.8724888431995568, 'num_points': 7}, {'avg_silhouette': 0.2748922096553795, 'num_points': 8}, {'avg_silhouette': 0.5103620795091397, 'num_points': 6}, {'avg_silhouette': 0.48689722330042934, 'num_points': 19}, {'avg_silhouette': 0.4418899570009427, 'num_points': 20}, {'avg_silhouette': 0.4542991177175327, 'num_points': 6}, {'avg_silhouette': 0.6892172473482205, 'num_points': 4}, {'avg_silhouette': 0.2769541359463778, 'num_points': 398}, {'avg_silhouette': 0.47054074428514914, 'num_points': 5}, {'avg_silhouette': 0.49109250512005975, 'num_points': 5}, {'avg_silhouette': 0.6892040093746434, 'num_points': 6}, {'avg_silhouette': 0.8232223712677254, 'num_points': 34}, {'avg_silhouette': 0.8530693879503595, 'num_points': 5}, {'avg_silhouette': 0.6640694955609003, 'num_points': 5}, {'avg_silhouette': 0.5065447353504201, 'num_points': 4}]",5.0,43,0.195250511344364,,3,0.32700855284899216
DBSCAN,,0.24831239517769865,"[{'avg_silhouette': 0.4421976244587948, 'num_points': 169}, {'avg_silhouette': 0.43842501365769593, 'num_points': 4656}, {'avg_silhouette': 0.20205420884361183, 'num_points': 478}, {'avg_silhouette': 0.019407545420060145, 'num_points': 351}, {'avg_silhouette': 0.6431090772298494, 'num_points': 9}, {'avg_silhouette': 0.22852658287033265, 'num_points': 182}, {'avg_silhouette': 0.5863595390641992, 'num_points': 8}, {'avg_silhouette': 0.5009672136104676, 'num_points': 513}, {'avg_silhouette': 0.5103273539517698, 'num_points': 17}, {'avg_silhouette': 0.850701083851406, 'num_points': 45}, {'avg_silhouette': 0.39321957427595794, 'num_points': 71}, {'avg_silhouette': 0.48778597707489385, 'num_points': 9}, {'avg_silhouette': 0.41533738361869166, 'num_points': 10}, {'avg_silhouette': 0.46386059252180467, 'num_points': 27}, {'avg_silhouette': 0.08897174310834931, 'num_points': 31}, {'avg_silhouette': 0.8055668479836581, 'num_points': 22}, {'avg_silhouette': 0.26941338617919075, 'num_points': 31}, {'avg_silhouette': 0.4323168634505349, 'num_points': 8}, {'avg_silhouette': 0.26058874510888136, 'num_points': 50}, {'avg_silhouette': 0.31917175563791966, 'num_points': 8}, {'avg_silhouette': 0.4032038287768094, 'num_points': 34}, {'avg_silhouette': 0.18728312446490383, 'num_points': 99}, {'avg_silhouette': 0.46845179961378897, 'num_points': 25}, {'avg_silhouette': 0.6394542008075695, 'num_points': 31}, {'avg_silhouette': 0.27020835991317066, 'num_points': 7}, {'avg_silhouette': 0.8685238458594506, 'num_points': 8}, {'avg_silhouette': 0.5670198415841303, 'num_points': 5}, {'avg_silhouette': 0.1441497724444745, 'num_points': 61}, {'avg_silhouette': 0.3976762486292833, 'num_points': 5}, {'avg_silhouette': 0.6450887465784955, 'num_points': 5}, {'avg_silhouette': 0.36636246087066393, 'num_points': 22}, {'avg_silhouette': 0.34855801919306834, 'num_points': 50}, {'avg_silhouette': 0.37967503423026033, 'num_points': 22}, {'avg_silhouette': 0.4058036596074452, 'num_points': 11}, {'avg_silhouette': 0.7504389425038556, 'num_points': 13}, {'avg_silhouette': 0.37214346809618043, 'num_points': 11}, {'avg_silhouette': 0.438503402703759, 'num_points': 7}, {'avg_silhouette': 0.5175948889052944, 'num_points': 5}, {'avg_silhouette': 0.33089546633324873, 'num_points': 12}, {'avg_silhouette': 0.7328327138334224, 'num_points': 5}, {'avg_silhouette': 0.8704736419038488, 'num_points': 7}, {'avg_silhouette': 0.4930415033893905, 'num_points': 13}, {'avg_silhouette': 0.5018966771726233, 'num_points': 6}, {'avg_silhouette': 0.41491013253734466, 'num_points': 5}, {'avg_silhouette': 0.3734606505104882, 'num_points': 5}, {'avg_silhouette': 0.34145176301942204, 'num_points': 5}, {'avg_silhouette': -0.00281212207278457, 'num_points': 231}, {'avg_silhouette': 0.49019080017331673, 'num_points': 19}, {'avg_silhouette': 0.7101096350269039, 'num_points': 14}, {'avg_silhouette': 0.4588115908229957, 'num_points': 9}, {'avg_silhouette': 0.24276190953505666, 'num_points': 41}, {'avg_silhouette': 0.4031153560315533, 'num_points': 4}, {'avg_silhouette': 0.6367387266932523, 'num_points': 16}, {'avg_silhouette': 0.678103196879168, 'num_points': 31}, {'avg_silhouette': 0.5796127708447792, 'num_points': 6}, {'avg_silhouette': 0.47054074428514914, 'num_points': 5}, {'avg_silhouette': 0.8813239478209418, 'num_points': 32}, {'avg_silhouette': 0.3020610559839757, 'num_points': 64}, {'avg_silhouette': 0.8463238472346134, 'num_points': 5}, {'avg_silhouette': 0.5788377720514655, 'num_points': 12}]",5.0,60,0.1876689563566053,,2,0.46969611363408176
DBSCAN,,0.24831239517769865,"[{'avg_silhouette': 0.44304172023630856, 'num_points': 169}, {'avg_silhouette': 0.4404579860613561, 'num_points': 4651}, {'avg_silhouette': 0.24189218617490452, 'num_points': 468}, {'avg_silhouette': 0.15947260075232153, 'num_points': 336}, {'avg_silhouette': 0.27152278998561646, 'num_points': 175}, {'avg_silhouette': 0.5086980296811479, 'num_points': 512}, {'avg_silhouette': 0.8503942491194455, 'num_points': 45}, {'avg_silhouette': 0.4472339333781436, 'num_points': 68}, {'avg_silhouette': 0.640478896308444, 'num_points': 27}, {'avg_silhouette': 0.8053597641863006, 'num_points': 22}, {'avg_silhouette': 0.26856978553672256, 'num_points': 31}, {'avg_silhouette': 0.3337260369874711, 'num_points': 48}, {'avg_silhouette': 0.4223065340561501, 'num_points': 32}, {'avg_silhouette': 0.21276320800561593, 'num_points': 93}, {'avg_silhouette': 0.467956227694209, 'num_points': 25}, {'avg_silhouette': 0.6373171449349212, 'num_points': 31}, {'avg_silhouette': 0.44413141733093553, 'num_points': 21}, {'avg_silhouette': 0.2454978805730522, 'num_points': 46}, {'avg_silhouette': 0.46535282865678623, 'num_points': 22}, {'avg_silhouette': 0.4141767667131843, 'num_points': 21}, {'avg_silhouette': 0.7502743968072759, 'num_points': 13}, {'avg_silhouette': 0.43722040537207346, 'num_points': 10}, {'avg_silhouette': 0.34855801919306834, 'num_points': 50}, {'avg_silhouette': 0.5801082075477478, 'num_points': 15}, {'avg_silhouette': 0.3624550300067223, 'num_points': 10}, {'avg_silhouette': 0.1175658012496541, 'num_points': 223}, {'avg_silhouette': 0.7098776947911842, 'num_points': 14}, {'avg_silhouette': 0.2576333184041042, 'num_points': 39}, {'avg_silhouette': 0.6367387266932523, 'num_points': 16}, {'avg_silhouette': 0.6775246730837815, 'num_points': 31}, {'avg_silhouette': 0.4986064726810963, 'num_points': 18}, {'avg_silhouette': 0.8806378314793395, 'num_points': 32}, {'avg_silhouette': 0.3199318582602679, 'num_points': 63}, {'avg_silhouette': 0.5811182173391831, 'num_points': 12}]",10.0,34,0.1867009605781216,,2,0.474578007871252
DBSCAN,,0.23831239517769864,"[{'avg_silhouette': 0.4419262213464739, 'num_points': 169}, {'avg_silhouette': 0.4390706793482238, 'num_points': 4653}, {'avg_silhouette': 0.23056853578334838, 'num_points': 472}, {'avg_silhouette': 0.025798774688347428, 'num_points': 336}, {'avg_silhouette': 0.6431090772298494, 'num_points': 9}, {'avg_silhouette': 0.23845968383012214, 'num_points': 180}, {'avg_silhouette': 0.5047673600620256, 'num_points': 511}, {'avg_silhouette': 0.5071676614492278, 'num_points': 16}, {'avg_silhouette': 0.8506329312057447, 'num_points': 45}, {'avg_silhouette': 0.4215637260205616, 'num_points': 65}, {'avg_silhouette': 0.48707816458532943, 'num_points': 9}, {'avg_silhouette': 0.4087910443241539, 'num_points': 10}, {'avg_silhouette': 0.4584057051191274, 'num_points': 27}, {'avg_silhouette': 0.23010977115251624, 'num_points': 28}, {'avg_silhouette': 0.8054813205827728, 'num_points': 22}, {'avg_silhouette': 0.26923009734158604, 'num_points': 31}, {'avg_silhouette': 0.4833110300259681, 'num_points': 7}, {'avg_silhouette': 0.32366785746923105, 'num_points': 49}, {'avg_silhouette': 0.3568517735861995, 'num_points': 7}, {'avg_silhouette': 0.42479329113869, 'num_points': 32}, {'avg_silhouette': 0.19457218708567692, 'num_points': 96}, {'avg_silhouette': 0.4911977624271057, 'num_points': 24}, {'avg_silhouette': 0.6389544608561726, 'num_points': 31}, {'avg_silhouette': 0.27020835991317066, 'num_points': 7}, {'avg_silhouette': 0.8684643076987795, 'num_points': 8}, {'avg_silhouette': 0.5665355715843906, 'num_points': 5}, {'avg_silhouette': 0.16607113843254284, 'num_points': 56}, {'avg_silhouette': 0.6450887465784955, 'num_points': 5}, {'avg_silhouette': 0.3663488660317638, 'num_points': 22}, {'avg_silhouette': 0.3567792327594989, 'num_points': 49}, {'avg_silhouette': 0.41454563195774174, 'num_points': 21}, {'avg_silhouette': 0.40304457357062484, 'num_points': 11}, {'avg_silhouette': 0.7504036437953336, 'num_points': 13}, {'avg_silhouette': 0.3924911439713112, 'num_points': 10}, {'avg_silhouette': 0.46171473004213764, 'num_points': 6}, {'avg_silhouette': 0.34739485097695594, 'num_points': 10}, {'avg_silhouette': 0.7326322726573331, 'num_points': 5}, {'avg_silhouette': 0.8704042989621135, 'num_points': 7}, {'avg_silhouette': 0.5189708090665849, 'num_points': 11}, {'avg_silhouette': 0.6144672568355991, 'num_points': 5}, {'avg_silhouette': -0.0031063020971134323, 'num_points': 230}, {'avg_silhouette': 0.49019080017331673, 'num_points': 19}, {'avg_silhouette': 0.7100223667089907, 'num_points': 14}, {'avg_silhouette': 0.458874266539268, 'num_points': 9}, {'avg_silhouette': 0.24268660943207263, 'num_points': 41}, {'avg_silhouette': 0.5863595390641992, 'num_points': 8}, {'avg_silhouette': 0.6367387266932523, 'num_points': 16}, {'avg_silhouette': 0.6774073378896056, 'num_points': 31}, {'avg_silhouette': 0.5796127708447792, 'num_points': 6}, {'avg_silhouette': 0.47054074428514914, 'num_points': 5}, {'avg_silhouette': 0.8813239478209418, 'num_points': 32}, {'avg_silhouette': 0.3020610559839757, 'num_points': 64}, {'avg_silhouette': 0.8463238472346134, 'num_points': 5}, {'avg_silhouette': 0.5788377720514655, 'num_points': 12}]",5.0,54,0.18582846948033943,,2,0.47191901970512473
DBSCAN,,0.23831239517769864,"[{'avg_silhouette': 0.44304172023630856, 'num_points': 169}, {'avg_silhouette': 0.44224312072838445, 'num_points': 4644}, {'avg_silhouette': 0.2486624723610874, 'num_points': 460}, {'avg_silhouette': 0.3449282448883202, 'num_points': 172}, {'avg_silhouette': 0.17133832947849165, 'num_points': 312}, {'avg_silhouette': 0.5134595324307236, 'num_points': 510}, {'avg_silhouette': 0.8502916234342545, 'num_points': 45}, {'avg_silhouette': 0.45765082068501073, 'num_points': 64}, {'avg_silhouette': 0.6403465922672221, 'num_points': 27}, {'avg_silhouette': 0.8052319816669405, 'num_points': 22}, {'avg_silhouette': 0.26800293187796853, 'num_points': 31}, {'avg_silhouette': 0.32503191154784244, 'num_points': 46}, {'avg_silhouette': 0.4857462891912067, 'num_points': 27}, {'avg_silhouette': 0.20812980932181574, 'num_points': 91}, {'avg_silhouette': 0.4905015417462106, 'num_points': 24}, {'avg_silhouette': 0.6365810754573815, 'num_points': 31}, {'avg_silhouette': 0.42763794624798307, 'num_points': 40}, {'avg_silhouette': 0.4845572553678556, 'num_points': 21}, {'avg_silhouette': 0.4080742767476866, 'num_points': 21}, {'avg_silhouette': 0.4988513357147708, 'num_points': 13}, {'avg_silhouette': 0.7501664032377218, 'num_points': 13}, {'avg_silhouette': 0.3567792327594989, 'num_points': 49}, {'avg_silhouette': 0.5878260591994984, 'num_points': 13}, {'avg_silhouette': 0.12715224735484357, 'num_points': 220}, {'avg_silhouette': 0.709589000342577, 'num_points': 14}, {'avg_silhouette': 0.2529096875203106, 'num_points': 39}, {'avg_silhouette': 0.6367387266932523, 'num_points': 16}, {'avg_silhouette': 0.6768226338268211, 'num_points': 31}, {'avg_silhouette': 0.8803211727777811, 'num_points': 32}, {'avg_silhouette': 0.3199318582602679, 'num_points': 63}, {'avg_silhouette': 0.5077299962527382, 'num_points': 17}, {'avg_silhouette': 0.5811182173391831, 'num_points': 12}]",10.0,32,0.18346461650535498,,2,0.47785132657955404
K-means,,,"[{'avg_silhouette': 0.6119167439202152, 'num_points': 621}, {'avg_silhouette': 0.05480287907531681, 'num_points': 845}, {'avg_silhouette': 0.21897552934031334, 'num_points': 3609}, {'avg_silhouette': 0.2804378047949724, 'num_points': 555}, {'avg_silhouette': -0.011402299749658352, 'num_points': 82}, {'avg_silhouette': -0.052685600886667995, 'num_points': 386}, {'avg_silhouette': 0.05667351607490925, 'num_points': 272}, {'avg_silhouette': 0.15535666107440801, 'num_points': 2470}, {'avg_silhouette': 0.5050013202597944, 'num_points': 21}, {'avg_silhouette': 0.13647316626906553, 'num_points': 549}, {'avg_silhouette': 0.023235777527639466, 'num_points': 684}]",,11,0.18342886708777614,,7,0.21159979457170439
DBSCAN,,0.22831239517769863,"[{'avg_silhouette': 0.45026847032298956, 'num_points': 168}, {'avg_silhouette': 0.4402872706558263, 'num_points': 4648}, {'avg_silhouette': 0.23446762987657108, 'num_points': 463}, {'avg_silhouette': 0.2500574912348281, 'num_points': 176}, {'avg_silhouette': 0.00972939389365656, 'num_points': 309}, {'avg_silhouette': 0.5075063269066163, 'num_points': 510}, {'avg_silhouette': 0.5164407820878804, 'num_points': 15}, {'avg_silhouette': 0.8504065711763619, 'num_points': 45}, {'avg_silhouette': 0.4305815402596669, 'num_points': 61}, {'avg_silhouette': 0.4865769839137876, 'num_points': 9}, {'avg_silhouette': 0.4584057051191274, 'num_points': 27}, {'avg_silhouette': 0.045243116170967435, 'num_points': 19}, {'avg_silhouette': 0.8053926893089733, 'num_points': 22}, {'avg_silhouette': 0.2685581417950968, 'num_points': 31}, {'avg_silhouette': 0.4828252948381415, 'num_points': 7}, {'avg_silhouette': 0.3510519159065241, 'num_points': 29}, {'avg_silhouette': 0.3568517735861995, 'num_points': 7}, {'avg_silhouette': 0.4581224373067766, 'num_points': 29}, {'avg_silhouette': 0.19973192908713924, 'num_points': 93}, {'avg_silhouette': 0.4907948815994847, 'num_points': 24}, {'avg_silhouette': 0.6565411224357448, 'num_points': 29}, {'avg_silhouette': 0.8682704887436254, 'num_points': 8}, {'avg_silhouette': 0.5662040237051251, 'num_points': 5}, {'avg_silhouette': 0.1742229093221116, 'num_points': 53}, {'avg_silhouette': 0.7673168666373186, 'num_points': 5}, {'avg_silhouette': 0.4965352303963176, 'num_points': 20}, {'avg_silhouette': 0.3567792327594989, 'num_points': 49}, {'avg_silhouette': 0.41653181094536135, 'num_points': 21}, {'avg_silhouette': 0.39910541797242094, 'num_points': 11}, {'avg_silhouette': 0.7875937060078079, 'num_points': 12}, {'avg_silhouette': 0.6083200027452521, 'num_points': 16}, {'avg_silhouette': 0.4515631474046593, 'num_points': 8}, {'avg_silhouette': 0.5157883639054199, 'num_points': 5}, {'avg_silhouette': 0.3699350669856306, 'num_points': 9}, {'avg_silhouette': 0.8701885828836785, 'num_points': 7}, {'avg_silhouette': 0.5223647050607815, 'num_points': 11}, {'avg_silhouette': 0.45512709962700015, 'num_points': 4}, {'avg_silhouette': 0.6146280719696725, 'num_points': 5}, {'avg_silhouette': 0.6656716915332742, 'num_points': 5}, {'avg_silhouette': -0.0008076052528724966, 'num_points': 227}, {'avg_silhouette': 0.49019080017331673, 'num_points': 19}, {'avg_silhouette': 0.452666981304968, 'num_points': 5}, {'avg_silhouette': 0.7097533693426428, 'num_points': 14}, {'avg_silhouette': 0.4572983026140338, 'num_points': 9}, {'avg_silhouette': 0.24247226356511908, 'num_points': 41}, {'avg_silhouette': 0.5863595390641992, 'num_points': 8}, {'avg_silhouette': 0.6353750853984947, 'num_points': 16}, {'avg_silhouette': 0.6769300328653738, 'num_points': 31}, {'avg_silhouette': 0.5796127708447792, 'num_points': 6}, {'avg_silhouette': 0.3020610559839757, 'num_points': 64}, {'avg_silhouette': 0.8463238472346134, 'num_points': 5}, {'avg_silhouette': 0.5788377720514655, 'num_points': 12}, {'avg_silhouette': 0.8813239478209418, 'num_points': 32}]",5.0,53,0.17876275931649097,,2,0.4738967987812213
DBSCAN,,0.22831239517769863,"[{'avg_silhouette': 0.45026847032298956, 'num_points': 168}, {'avg_silhouette': 0.4409701187600562, 'num_points': 4637}, {'avg_silhouette': 0.25438293676982154, 'num_points': 453}, {'avg_silhouette': 0.31313735850074076, 'num_points': 165}, {'avg_silhouette': 0.15454870025851328, 'num_points': 283}, {'avg_silhouette': 0.5193224037765142, 'num_points': 508}, {'avg_silhouette': 0.8501681749004472, 'num_points': 45}, {'avg_silhouette': 0.6401666062382174, 'num_points': 27}, {'avg_silhouette': 0.824445894920794, 'num_points': 21}, {'avg_silhouette': 0.2764773037741835, 'num_points': 27}, {'avg_silhouette': 0.45031860893735365, 'num_points': 56}, {'avg_silhouette': 0.49324861795612096, 'num_points': 22}, {'avg_silhouette': 0.4587648663702026, 'num_points': 26}, {'avg_silhouette': 0.3228168393331488, 'num_points': 30}, {'avg_silhouette': 0.5222423010584553, 'num_points': 23}, {'avg_silhouette': 0.6548962144980509, 'num_points': 29}, {'avg_silhouette': 0.43412203680047606, 'num_points': 58}, {'avg_silhouette': 0.4231064360594515, 'num_points': 39}, {'avg_silhouette': 0.49591287004397644, 'num_points': 20}, {'avg_silhouette': 0.40711684853413593, 'num_points': 21}, {'avg_silhouette': 0.787373645217447, 'num_points': 12}, {'avg_silhouette': 0.6163654750632569, 'num_points': 16}, {'avg_silhouette': 0.3849486117595387, 'num_points': 45}, {'avg_silhouette': 0.6054978892865419, 'num_points': 10}, {'avg_silhouette': 0.10798527244135812, 'num_points': 218}, {'avg_silhouette': 0.7092243808175803, 'num_points': 14}, {'avg_silhouette': 0.30012047883515913, 'num_points': 34}, {'avg_silhouette': 0.6353750853984947, 'num_points': 16}, {'avg_silhouette': 0.6757564897184309, 'num_points': 31}, {'avg_silhouette': 0.3199318582602679, 'num_points': 63}, {'avg_silhouette': 0.5811182173391831, 'num_points': 12}, {'avg_silhouette': 0.5758373863060877, 'num_points': 10}, {'avg_silhouette': 0.876450225166148, 'num_points': 32}]",10.0,33,0.17849077155610227,,2,0.4801462612682852
DBSCAN,,0.21831239517769863,"[{'avg_silhouette': 0.4280137913796214, 'num_points': 162}, {'avg_silhouette': 0.42558025468673366, 'num_points': 4638}, {'avg_silhouette': 0.22366250896179465, 'num_points': 428}, {'avg_silhouette': 0.46004217386032487, 'num_points': 92}, {'avg_silhouette': 0.08405014654048489, 'num_points': 163}, {'avg_silhouette': 0.22069760083405338, 'num_points': 70}, {'avg_silhouette': 0.28463053501809527, 'num_points': 21}, {'avg_silhouette': 0.508673296366229, 'num_points': 489}, {'avg_silhouette': 0.5021741693505101, 'num_points': 15}, {'avg_silhouette': 0.37895099684971556, 'num_points': 6}, {'avg_silhouette': 0.858758985873448, 'num_points': 43}, {'avg_silhouette': 0.4829991642450916, 'num_points': 9}, {'avg_silhouette': 0.1902870447781097, 'num_points': 52}, {'avg_silhouette': 0.4461235011865803, 'num_points': 27}, {'avg_silhouette': 0.22437025298655963, 'num_points': 11}, {'avg_silhouette': 0.8331047035436512, 'num_points': 20}, {'avg_silhouette': 0.2096476709783566, 'num_points': 23}, {'avg_silhouette': 0.48088470568799524, 'num_points': 8}, {'avg_silhouette': 0.3505913272094408, 'num_points': 20}, {'avg_silhouette': 0.22685942596569245, 'num_points': 21}, {'avg_silhouette': 0.20262764601043165, 'num_points': 85}, {'avg_silhouette': 0.3912809933418077, 'num_points': 5}, {'avg_silhouette': 0.4832189524664338, 'num_points': 25}, {'avg_silhouette': 0.2653468683867717, 'num_points': 29}, {'avg_silhouette': 0.5386611290580056, 'num_points': 22}, {'avg_silhouette': 0.6630334412068024, 'num_points': 28}, {'avg_silhouette': 0.867987586327287, 'num_points': 8}, {'avg_silhouette': 0.29657898993711973, 'num_points': 11}, {'avg_silhouette': 0.4606421272492514, 'num_points': 6}, {'avg_silhouette': 0.2598900766637216, 'num_points': 37}, {'avg_silhouette': 0.3703136474565261, 'num_points': 6}, {'avg_silhouette': 0.7656159240071967, 'num_points': 5}, {'avg_silhouette': 0.5088354326262284, 'num_points': 19}, {'avg_silhouette': 0.40316903925026437, 'num_points': 47}, {'avg_silhouette': 0.41119931729952713, 'num_points': 20}, {'avg_silhouette': 0.32000058108785506, 'num_points': 11}, {'avg_silhouette': 0.7874196300794035, 'num_points': 12}, {'avg_silhouette': 0.3983028135757645, 'num_points': 16}, {'avg_silhouette': 0.4796262465448393, 'num_points': 7}, {'avg_silhouette': 0.28859064531830075, 'num_points': 7}, {'avg_silhouette': 0.27770035551902933, 'num_points': 8}, {'avg_silhouette': 0.45919974332917385, 'num_points': 7}, {'avg_silhouette': 0.25009089362252945, 'num_points': 34}, {'avg_silhouette': 0.46475850737507995, 'num_points': 5}, {'avg_silhouette': 0.869895462816717, 'num_points': 7}, {'avg_silhouette': 0.5903113713736101, 'num_points': 7}, {'avg_silhouette': 0.37066284280836326, 'num_points': 47}, {'avg_silhouette': 0.403404145179916, 'num_points': 4}, {'avg_silhouette': 0.6127278982141199, 'num_points': 5}, {'avg_silhouette': 0.3735883370924855, 'num_points': 5}, {'avg_silhouette': 0.4800585440002412, 'num_points': 5}, {'avg_silhouette': 0.5637371038453145, 'num_points': 5}, {'avg_silhouette': 0.05332762689936791, 'num_points': 215}, {'avg_silhouette': 0.4827046231785074, 'num_points': 5}, {'avg_silhouette': 0.4208107048567833, 'num_points': 9}, {'avg_silhouette': 0.7093092606095467, 'num_points': 14}, {'avg_silhouette': 0.43254291000375844, 'num_points': 9}, {'avg_silhouette': 0.23187570348335562, 'num_points': 40}, {'avg_silhouette': 0.5802681517837366, 'num_points': 8}, {'avg_silhouette': 0.6315189021369787, 'num_points': 16}, {'avg_silhouette': 0.3572152916464269, 'num_points': 10}, {'avg_silhouette': 0.6727891761696616, 'num_points': 31}, {'avg_silhouette': 0.5819902523820887, 'num_points': 6}, {'avg_silhouette': 0.31129623732706374, 'num_points': 62}, {'avg_silhouette': 0.8455147915655437, 'num_points': 5}, {'avg_silhouette': 0.6790006966163555, 'num_points': 11}, {'avg_silhouette': 0.8758706535548113, 'num_points': 32}]",5.0,67,0.16334271516550317,,1,
DBSCAN,,0.21831239517769863,"[{'avg_silhouette': 0.4718658494140127, 'num_points': 162}, {'avg_silhouette': 0.4361094946552203, 'num_points': 4629}, {'avg_silhouette': 0.22555353971007974, 'num_points': 422}, {'avg_silhouette': 0.4590492188205162, 'num_points': 92}, {'avg_silhouette': 0.17857919866689778, 'num_points': 141}, {'avg_silhouette': 0.2741858353780578, 'num_points': 67}, {'avg_silhouette': 0.5165152331614553, 'num_points': 487}, {'avg_silhouette': 0.8585867664285574, 'num_points': 43}, {'avg_silhouette': 0.6400342786255148, 'num_points': 27}, {'avg_silhouette': 0.8328997215676388, 'num_points': 20}, {'avg_silhouette': 0.3075025861998013, 'num_points': 23}, {'avg_silhouette': 0.3485111576275319, 'num_points': 20}, {'avg_silhouette': 0.49374124246276097, 'num_points': 46}, {'avg_silhouette': 0.5177395572760043, 'num_points': 15}, {'avg_silhouette': 0.20884594149719, 'num_points': 83}, {'avg_silhouette': 0.4616817875721505, 'num_points': 25}, {'avg_silhouette': 0.3730190525182821, 'num_points': 24}, {'avg_silhouette': 0.5382010156328412, 'num_points': 22}, {'avg_silhouette': 0.6770784701712306, 'num_points': 27}, {'avg_silhouette': 0.5084389557548628, 'num_points': 19}, {'avg_silhouette': 0.4799255231969001, 'num_points': 47}, {'avg_silhouette': 0.7872675761783926, 'num_points': 12}, {'avg_silhouette': 0.42120652389928925, 'num_points': 35}, {'avg_silhouette': 0.5840991404661997, 'num_points': 16}, {'avg_silhouette': 0.23838965913253982, 'num_points': 34}, {'avg_silhouette': 0.4950724890866113, 'num_points': 15}, {'avg_silhouette': 0.33280871209504337, 'num_points': 16}, {'avg_silhouette': 0.39143620605843865, 'num_points': 44}, {'avg_silhouette': 0.5819382472399649, 'num_points': 10}, {'avg_silhouette': 0.13000219828057652, 'num_points': 210}, {'avg_silhouette': 0.7088889548147472, 'num_points': 14}, {'avg_silhouette': 0.28975079700697215, 'num_points': 34}, {'avg_silhouette': 0.6315189021369787, 'num_points': 16}, {'avg_silhouette': 0.671515552113968, 'num_points': 31}, {'avg_silhouette': 0.31162393633454705, 'num_points': 62}, {'avg_silhouette': 0.6790006966163555, 'num_points': 11}, {'avg_silhouette': 0.9424754249124325, 'num_points': 32}]",10.0,37,0.16275541226632445,,1,
K-means,,,"[{'avg_silhouette': 0.2259833765260196, 'num_points': 2385}, {'avg_silhouette': 0.07499637496436243, 'num_points': 1850}, {'avg_silhouette': 0.156630677009498, 'num_points': 3707}, {'avg_silhouette': 0.612460149149504, 'num_points': 621}, {'avg_silhouette': -0.0357208437740984, 'num_points': 796}, {'avg_silhouette': -0.005117218749400463, 'num_points': 735}]",,6,0.15915260269166698,,6,0.17153875252098086
DBSCAN,,0.20831239517769862,"[{'avg_silhouette': 0.4718658494140127, 'num_points': 162}, {'avg_silhouette': 0.4349901087391089, 'num_points': 4625}, {'avg_silhouette': 0.2337971333464215, 'num_points': 350}, {'avg_silhouette': 0.3545812613883299, 'num_points': 65}, {'avg_silhouette': 0.45295825897728503, 'num_points': 92}, {'avg_silhouette': 0.21140764717515562, 'num_points': 119}, {'avg_silhouette': 0.33439520638907855, 'num_points': 59}, {'avg_silhouette': 0.5224307264881499, 'num_points': 484}, {'avg_silhouette': 0.8581755684134446, 'num_points': 43}, {'avg_silhouette': 0.639962809768789, 'num_points': 27}, {'avg_silhouette': 0.8400209254940986, 'num_points': 19}, {'avg_silhouette': 0.3071885268715308, 'num_points': 23}, {'avg_silhouette': 0.3476845627512318, 'num_points': 20}, {'avg_silhouette': 0.4943429413884269, 'num_points': 44}, {'avg_silhouette': 0.5454666154760904, 'num_points': 14}, {'avg_silhouette': 0.2284636756892609, 'num_points': 73}, {'avg_silhouette': 0.4962032802617081, 'num_points': 23}, {'avg_silhouette': 0.407265556971751, 'num_points': 20}, {'avg_silhouette': 0.5380322197219546, 'num_points': 22}, {'avg_silhouette': 0.6740726854832075, 'num_points': 27}, {'avg_silhouette': 0.5615753185939713, 'num_points': 16}, {'avg_silhouette': 0.5387980010086059, 'num_points': 43}, {'avg_silhouette': 0.7872144074673969, 'num_points': 12}, {'avg_silhouette': 0.4131838481285746, 'num_points': 35}, {'avg_silhouette': 0.5677373448968333, 'num_points': 16}, {'avg_silhouette': 0.2687924136007595, 'num_points': 29}, {'avg_silhouette': 0.35677188212041083, 'num_points': 10}, {'avg_silhouette': 0.40710694425170774, 'num_points': 42}, {'avg_silhouette': 0.5644120489538348, 'num_points': 11}, {'avg_silhouette': 0.10241740486419389, 'num_points': 206}, {'avg_silhouette': 0.7087257048149643, 'num_points': 14}, {'avg_silhouette': 0.6315189021369787, 'num_points': 16}, {'avg_silhouette': 0.429526639707077, 'num_points': 24}, {'avg_silhouette': 0.6709496196684297, 'num_points': 31}, {'avg_silhouette': 0.31162393633454705, 'num_points': 62}, {'avg_silhouette': 0.6790006966163555, 'num_points': 11}, {'avg_silhouette': 0.9630485498244407, 'num_points': 30}]",10.0,37,0.1588125239506498,,1,
DBSCAN,,0.20831239517769862,"[{'avg_silhouette': 0.4280137913796214, 'num_points': 162}, {'avg_silhouette': 0.4268636859195657, 'num_points': 4633}, {'avg_silhouette': 0.24728103938510484, 'num_points': 354}, {'avg_silhouette': 0.3493296215917817, 'num_points': 67}, {'avg_silhouette': 0.4527711157578099, 'num_points': 92}, {'avg_silhouette': 0.1056690853736757, 'num_points': 131}, {'avg_silhouette': 0.27009167831176034, 'num_points': 65}, {'avg_silhouette': 0.27069708707990897, 'num_points': 19}, {'avg_silhouette': 0.5144831695596486, 'num_points': 486}, {'avg_silhouette': 0.5028758537351221, 'num_points': 14}, {'avg_silhouette': 0.8582799826068584, 'num_points': 43}, {'avg_silhouette': 0.48251690152412025, 'num_points': 9}, {'avg_silhouette': 0.6401257500833191, 'num_points': 27}, {'avg_silhouette': 0.48444443407318494, 'num_points': 10}, {'avg_silhouette': 0.8401969788127444, 'num_points': 19}, {'avg_silhouette': 0.2096476709783566, 'num_points': 23}, {'avg_silhouette': 0.48088470568799524, 'num_points': 8}, {'avg_silhouette': 0.34978731461528223, 'num_points': 20}, {'avg_silhouette': 0.1902870447781097, 'num_points': 52}, {'avg_silhouette': 0.23728342174798417, 'num_points': 20}, {'avg_silhouette': 0.20461359928012046, 'num_points': 78}, {'avg_silhouette': 0.47718787242794314, 'num_points': 23}, {'avg_silhouette': 0.3140875489314416, 'num_points': 24}, {'avg_silhouette': 0.5384217765256268, 'num_points': 22}, {'avg_silhouette': 0.6594356419386186, 'num_points': 28}, {'avg_silhouette': 0.8673929271401274, 'num_points': 8}, {'avg_silhouette': 0.28063537803479044, 'num_points': 11}, {'avg_silhouette': 0.4606421272492514, 'num_points': 6}, {'avg_silhouette': 0.2918025419505405, 'num_points': 37}, {'avg_silhouette': 0.7626628755013719, 'num_points': 5}, {'avg_silhouette': 0.5403049307862526, 'num_points': 17}, {'avg_silhouette': 0.4612224480806847, 'num_points': 43}, {'avg_silhouette': 0.30196974487760053, 'num_points': 13}, {'avg_silhouette': 0.5886601454289563, 'num_points': 5}, {'avg_silhouette': 0.32000058108785506, 'num_points': 11}, {'avg_silhouette': 0.7873447041289072, 'num_points': 12}, {'avg_silhouette': 0.3851102634635081, 'num_points': 16}, {'avg_silhouette': 0.479126571911611, 'num_points': 7}, {'avg_silhouette': 0.27770035551902933, 'num_points': 8}, {'avg_silhouette': 0.519282941599024, 'num_points': 5}, {'avg_silhouette': 0.24314528108840042, 'num_points': 34}, {'avg_silhouette': 0.44130754474881223, 'num_points': 5}, {'avg_silhouette': 0.5317533129450525, 'num_points': 5}, {'avg_silhouette': 0.8694063444018034, 'num_points': 7}, {'avg_silhouette': 0.3906115319389622, 'num_points': 5}, {'avg_silhouette': 0.6319779532682597, 'num_points': 5}, {'avg_silhouette': 0.37895099684971556, 'num_points': 6}, {'avg_silhouette': 0.3393023678277171, 'num_points': 5}, {'avg_silhouette': 0.3536320617528742, 'num_points': 5}, {'avg_silhouette': 0.6127278982141199, 'num_points': 5}, {'avg_silhouette': 0.37736487236451594, 'num_points': 46}, {'avg_silhouette': 0.33922439633581797, 'num_points': 6}, {'avg_silhouette': 0.06326773187558442, 'num_points': 212}, {'avg_silhouette': 0.4208107048567833, 'num_points': 9}, {'avg_silhouette': 0.7091111527606495, 'num_points': 14}, {'avg_silhouette': 0.4278654044495036, 'num_points': 9}, {'avg_silhouette': 0.26822714903549905, 'num_points': 36}, {'avg_silhouette': 0.5746993760077548, 'num_points': 8}, {'avg_silhouette': 0.6315189021369787, 'num_points': 16}, {'avg_silhouette': 0.3572152916464269, 'num_points': 10}, {'avg_silhouette': 0.6722378445454185, 'num_points': 31}, {'avg_silhouette': 0.5819902523820887, 'num_points': 6}, {'avg_silhouette': 0.31129623732706374, 'num_points': 62}, {'avg_silhouette': 0.8447468711171165, 'num_points': 5}, {'avg_silhouette': 0.6790006966163555, 'num_points': 11}, {'avg_silhouette': 0.9203512629746337, 'num_points': 30}]",5.0,66,0.15813015534528274,,1,
K-means,,,"[{'avg_silhouette': 0.11546419822278613, 'num_points': 9461}, {'avg_silhouette': 0.6652795399057877, 'num_points': 633}]",,2,0.1499434048094059,,2,0.3903718690642869
HDBSCAN,,,"[{'avg_silhouette': 0.41210369545768444, 'num_points': 118}, {'avg_silhouette': 0.6170398764253876, 'num_points': 196}, {'avg_silhouette': 0.13611379052042627, 'num_points': 1147}, {'avg_silhouette': 0.6833282400534787, 'num_points': 208}, {'avg_silhouette': 0.6406854751959382, 'num_points': 237}, {'avg_silhouette': 0.42595761826459455, 'num_points': 173}, {'avg_silhouette': 0.37994679067047077, 'num_points': 283}, {'avg_silhouette': 0.5988213658723431, 'num_points': 1703}, {'avg_silhouette': 0.45218296310179007, 'num_points': 2213}]",,9,0.1333756873091255,116.0,3,0.3957060398315198
HDBSCAN,,,"[{'avg_silhouette': 0.6429891569137005, 'num_points': 582}, {'avg_silhouette': 0.6248602901947545, 'num_points': 193}, {'avg_silhouette': 0.1983467666677595, 'num_points': 981}, {'avg_silhouette': 0.441787560440389, 'num_points': 237}, {'avg_silhouette': 0.60052885222245, 'num_points': 1691}, {'avg_silhouette': 0.47190512631776177, 'num_points': 2163}]",,6,0.1280743904652025,177.0,4,0.47844247553041797
HDBSCAN,,,"[{'avg_silhouette': 0.6149743128389937, 'num_points': 196}, {'avg_silhouette': 0.1478204653108059, 'num_points': 1069}, {'avg_silhouette': 0.6833282400534787, 'num_points': 208}, {'avg_silhouette': 0.6406854751959382, 'num_points': 237}, {'avg_silhouette': 0.44695925603810843, 'num_points': 157}, {'avg_silhouette': 0.41767487685011684, 'num_points': 254}, {'avg_silhouette': 0.5995093621060846, 'num_points': 1697}, {'avg_silhouette': 0.4627366850262423, 'num_points': 2187}]",,8,0.11942515970247353,147.0,3,0.4033555041477109
DBSCAN,,0.1983123951776986,"[{'avg_silhouette': 0.47517644194012604, 'num_points': 161}, {'avg_silhouette': 0.34960826969758735, 'num_points': 4586}, {'avg_silhouette': 0.2578405320670064, 'num_points': 339}, {'avg_silhouette': 0.35579985221848853, 'num_points': 63}, {'avg_silhouette': 0.45668499901783755, 'num_points': 91}, {'avg_silhouette': 0.20716612669318005, 'num_points': 117}, {'avg_silhouette': 0.35752611002532136, 'num_points': 57}, {'avg_silhouette': 0.5264867045874204, 'num_points': 481}, {'avg_silhouette': 0.8580905075538079, 'num_points': 43}, {'avg_silhouette': 0.6394343050847507, 'num_points': 27}, {'avg_silhouette': 0.8484047894386377, 'num_points': 18}, {'avg_silhouette': 0.3358250529455455, 'num_points': 21}, {'avg_silhouette': 0.3468400486905969, 'num_points': 20}, {'avg_silhouette': 0.5217750569159544, 'num_points': 39}, {'avg_silhouette': 0.5744446156536681, 'num_points': 13}, {'avg_silhouette': 0.5494627378532304, 'num_points': 20}, {'avg_silhouette': 0.44028445607598515, 'num_points': 17}, {'avg_silhouette': 0.5553154758329765, 'num_points': 21}, {'avg_silhouette': 0.682268771823317, 'num_points': 26}, {'avg_silhouette': 0.5114259742916345, 'num_points': 15}, {'avg_silhouette': 0.6034139470959109, 'num_points': 38}, {'avg_silhouette': 0.22389335897091794, 'num_points': 66}, {'avg_silhouette': 0.7868468933823, 'num_points': 12}, {'avg_silhouette': 0.37611986571623496, 'num_points': 12}, {'avg_silhouette': 0.40574908842921653, 'num_points': 19}, {'avg_silhouette': 0.2805796118380677, 'num_points': 15}, {'avg_silhouette': 0.6228378391476515, 'num_points': 14}, {'avg_silhouette': 0.3544036380049474, 'num_points': 20}, {'avg_silhouette': 0.4222065387209818, 'num_points': 40}, {'avg_silhouette': 0.10931238043659547, 'num_points': 202}, {'avg_silhouette': 0.7076351634780785, 'num_points': 14}, {'avg_silhouette': 0.6312178118022204, 'num_points': 16}, {'avg_silhouette': 0.4386578795893743, 'num_points': 23}, {'avg_silhouette': 0.670587655280307, 'num_points': 31}, {'avg_silhouette': 0.3147484067260456, 'num_points': 61}, {'avg_silhouette': 0.6785434889256026, 'num_points': 11}, {'avg_silhouette': 0.9630001559689583, 'num_points': 30}]",10.0,37,0.11048399525078385,,1,
DBSCAN,,0.1983123951776986,"[{'avg_silhouette': 0.4312573127332994, 'num_points': 161}, {'avg_silhouette': 0.3390191202032114, 'num_points': 4598}, {'avg_silhouette': 0.17435607630341723, 'num_points': 344}, {'avg_silhouette': 0.3527106743039199, 'num_points': 64}, {'avg_silhouette': 0.4138709852300769, 'num_points': 91}, {'avg_silhouette': 0.1613677102987556, 'num_points': 127}, {'avg_silhouette': 0.2913880060146069, 'num_points': 58}, {'avg_silhouette': 0.27824751177086515, 'num_points': 18}, {'avg_silhouette': 0.5183198892782944, 'num_points': 483}, {'avg_silhouette': 0.4438526686865161, 'num_points': 6}, {'avg_silhouette': 0.858220244216427, 'num_points': 43}, {'avg_silhouette': 0.5162957498168363, 'num_points': 8}, {'avg_silhouette': 0.6397623488451337, 'num_points': 27}, {'avg_silhouette': 0.5513858451052008, 'num_points': 8}, {'avg_silhouette': 0.8485346559240983, 'num_points': 18}, {'avg_silhouette': 0.22751681641175045, 'num_points': 22}, {'avg_silhouette': 0.4747123014767406, 'num_points': 8}, {'avg_silhouette': 0.34896525725917116, 'num_points': 20}, {'avg_silhouette': 0.2711697071755074, 'num_points': 40}, {'avg_silhouette': 0.41056424256462354, 'num_points': 13}, {'avg_silhouette': 0.14724403513402132, 'num_points': 70}, {'avg_silhouette': 0.48572003238256084, 'num_points': 22}, {'avg_silhouette': 0.3104126517000617, 'num_points': 22}, {'avg_silhouette': 0.537547576127749, 'num_points': 22}, {'avg_silhouette': 0.6832239188596758, 'num_points': 26}, {'avg_silhouette': 0.8673241660405341, 'num_points': 8}, {'avg_silhouette': 0.37029158432388454, 'num_points': 6}, {'avg_silhouette': 0.318239853659288, 'num_points': 17}, {'avg_silhouette': 0.483973338769226, 'num_points': 16}, {'avg_silhouette': 0.511022320652453, 'num_points': 38}, {'avg_silhouette': 0.6855164151420011, 'num_points': 5}, {'avg_silhouette': 0.6178705789573288, 'num_points': 5}, {'avg_silhouette': 0.42292010439663125, 'num_points': 6}, {'avg_silhouette': 0.30196974487760053, 'num_points': 13}, {'avg_silhouette': 0.3298913793717594, 'num_points': 10}, {'avg_silhouette': 0.3852237380155405, 'num_points': 7}, {'avg_silhouette': 0.7870956584614767, 'num_points': 12}, {'avg_silhouette': 0.4171487355037043, 'num_points': 15}, {'avg_silhouette': 0.5193376199594987, 'num_points': 6}, {'avg_silhouette': 0.3020470225670585, 'num_points': 17}, {'avg_silhouette': 0.4074787188493483, 'num_points': 19}, {'avg_silhouette': 0.4448968179519137, 'num_points': 6}, {'avg_silhouette': 0.516434132577873, 'num_points': 5}, {'avg_silhouette': 0.5220343859699454, 'num_points': 5}, {'avg_silhouette': 0.2139279605950239, 'num_points': 32}, {'avg_silhouette': 0.44646445467682694, 'num_points': 5}, {'avg_silhouette': 0.8693373674576291, 'num_points': 7}, {'avg_silhouette': 0.4252292581983295, 'num_points': 7}, {'avg_silhouette': 0.3781104138034523, 'num_points': 6}, {'avg_silhouette': 0.38317878123700855, 'num_points': 45}, {'avg_silhouette': 0.2258673980605971, 'num_points': 6}, {'avg_silhouette': 0.31843052155411034, 'num_points': 6}, {'avg_silhouette': 0.4418194844341416, 'num_points': 5}, {'avg_silhouette': 0.03548837165882214, 'num_points': 209}, {'avg_silhouette': 0.3364549908989992, 'num_points': 9}, {'avg_silhouette': 0.7083612923527204, 'num_points': 14}, {'avg_silhouette': 0.27660767583356916, 'num_points': 26}, {'avg_silhouette': 0.5729988433866603, 'num_points': 8}, {'avg_silhouette': 0.5119448247445455, 'num_points': 7}, {'avg_silhouette': 0.6312178118022204, 'num_points': 16}, {'avg_silhouette': 0.38188983856665437, 'num_points': 7}, {'avg_silhouette': 0.6718882063118288, 'num_points': 31}, {'avg_silhouette': 0.5819902523820887, 'num_points': 6}, {'avg_silhouette': 0.46397414893522243, 'num_points': 10}, {'avg_silhouette': 0.31441612034455685, 'num_points': 61}, {'avg_silhouette': 0.8402192948724551, 'num_points': 5}, {'avg_silhouette': 0.6785434889256026, 'num_points': 11}, {'avg_silhouette': 0.9197064452543218, 'num_points': 30}]",5.0,68,0.10658125067874917,,1,
DBSCAN,,0.1883123951776986,"[{'avg_silhouette': 0.4825811776310984, 'num_points': 160}, {'avg_silhouette': 0.3539892597658954, 'num_points': 4573}, {'avg_silhouette': 0.2651940898596401, 'num_points': 333}, {'avg_silhouette': 0.35987135050421937, 'num_points': 62}, {'avg_silhouette': 0.385603510958936, 'num_points': 54}, {'avg_silhouette': 0.5291824637809553, 'num_points': 479}, {'avg_silhouette': 0.858009705535674, 'num_points': 43}, {'avg_silhouette': 0.2443462842208823, 'num_points': 94}, {'avg_silhouette': 0.668596215576013, 'num_points': 24}, {'avg_silhouette': 0.8483219086084541, 'num_points': 18}, {'avg_silhouette': 0.4726640150751882, 'num_points': 88}, {'avg_silhouette': 0.33451144366536545, 'num_points': 21}, {'avg_silhouette': 0.5396718058214685, 'num_points': 36}, {'avg_silhouette': 0.5837381910302081, 'num_points': 18}, {'avg_silhouette': 0.5726665316921414, 'num_points': 20}, {'avg_silhouette': 0.6816981695083084, 'num_points': 26}, {'avg_silhouette': 0.6491223220014762, 'num_points': 36}, {'avg_silhouette': 0.49580648134883837, 'num_points': 12}, {'avg_silhouette': 0.2560405568503838, 'num_points': 56}, {'avg_silhouette': 0.7866304605282345, 'num_points': 12}, {'avg_silhouette': 0.39054703062210083, 'num_points': 11}, {'avg_silhouette': 0.40412508622027893, 'num_points': 19}, {'avg_silhouette': 0.2962849479736089, 'num_points': 10}, {'avg_silhouette': 0.6417632984194359, 'num_points': 13}, {'avg_silhouette': 0.3626778836001399, 'num_points': 19}, {'avg_silhouette': 0.3631669291113384, 'num_points': 16}, {'avg_silhouette': 0.5674662257919995, 'num_points': 13}, {'avg_silhouette': 0.5341177614960225, 'num_points': 14}, {'avg_silhouette': 0.4583330875056484, 'num_points': 34}, {'avg_silhouette': 0.11124086207254347, 'num_points': 200}, {'avg_silhouette': 0.7069896457499344, 'num_points': 14}, {'avg_silhouette': 0.6296296660747074, 'num_points': 16}, {'avg_silhouette': 0.45026180159604207, 'num_points': 22}, {'avg_silhouette': 0.6696406944274415, 'num_points': 31}, {'avg_silhouette': 0.29948325456386216, 'num_points': 61}, {'avg_silhouette': 0.962935249710808, 'num_points': 30}, {'avg_silhouette': 0.7470566277760714, 'num_points': 10}]",10.0,37,0.10559392578102016,,1,
DBSCAN,,0.13831239517769855,"[{'avg_silhouette': 0.49690528406629797, 'num_points': 82}, {'avg_silhouette': 0.33732090122918623, 'num_points': 2407}, {'avg_silhouette': 0.18269586531190465, 'num_points': 215}, {'avg_silhouette': 0.5613791341811407, 'num_points': 29}, {'avg_silhouette': 0.32981000715793907, 'num_points': 41}, {'avg_silhouette': 0.4713087834886777, 'num_points': 114}, {'avg_silhouette': 0.5735136414566027, 'num_points': 1775}, {'avg_silhouette': 0.31165955453557914, 'num_points': 76}, {'avg_silhouette': 0.5583086752299069, 'num_points': 256}, {'avg_silhouette': 0.6767405390725539, 'num_points': 6}, {'avg_silhouette': 0.4342236178535297, 'num_points': 9}, {'avg_silhouette': 0.26286993332558656, 'num_points': 25}, {'avg_silhouette': 0.1982414521696557, 'num_points': 26}, {'avg_silhouette': 0.6154758752853727, 'num_points': 5}, {'avg_silhouette': 0.6560354497155368, 'num_points': 216}, {'avg_silhouette': 0.3700421771242812, 'num_points': 8}, {'avg_silhouette': 0.1579871322367545, 'num_points': 39}, {'avg_silhouette': 0.4614997178168767, 'num_points': 11}, {'avg_silhouette': 0.4589361686024017, 'num_points': 53}, {'avg_silhouette': 0.5945583688429019, 'num_points': 38}, {'avg_silhouette': 0.41767929766003065, 'num_points': 8}, {'avg_silhouette': 0.4925024581129429, 'num_points': 17}, {'avg_silhouette': 0.43689570280334933, 'num_points': 90}, {'avg_silhouette': 0.44828470294196127, 'num_points': 6}, {'avg_silhouette': 0.3892426364964586, 'num_points': 13}, {'avg_silhouette': 0.6105254802581491, 'num_points': 16}, {'avg_silhouette': 0.3039956896219463, 'num_points': 11}, {'avg_silhouette': 0.5080153589174486, 'num_points': 34}, {'avg_silhouette': 0.615990339648459, 'num_points': 7}, {'avg_silhouette': 0.4060974845573772, 'num_points': 12}, {'avg_silhouette': 0.4047050130090041, 'num_points': 25}, {'avg_silhouette': 0.6887814623429157, 'num_points': 20}, {'avg_silhouette': 0.4241339498650933, 'num_points': 46}, {'avg_silhouette': 0.4972638474432225, 'num_points': 13}, {'avg_silhouette': 0.38610398262904394, 'num_points': 12}, {'avg_silhouette': 0.3685655080524959, 'num_points': 6}, {'avg_silhouette': 0.6020520435421313, 'num_points': 37}, {'avg_silhouette': 0.5071368495465808, 'num_points': 9}, {'avg_silhouette': 0.4657835413666319, 'num_points': 11}, {'avg_silhouette': 0.8270630183340323, 'num_points': 10}, {'avg_silhouette': 0.29740721084580024, 'num_points': 22}, {'avg_silhouette': 0.23208513938967426, 'num_points': 10}, {'avg_silhouette': 0.7131259956333367, 'num_points': 8}, {'avg_silhouette': 0.5398093982864853, 'num_points': 5}, {'avg_silhouette': 0.5859506953163389, 'num_points': 10}, {'avg_silhouette': 0.37359859876872764, 'num_points': 12}, {'avg_silhouette': 0.463841484417155, 'num_points': 8}, {'avg_silhouette': 0.9123190867158314, 'num_points': 10}, {'avg_silhouette': 0.5648060198046365, 'num_points': 6}, {'avg_silhouette': 0.7406447093966766, 'num_points': 9}, {'avg_silhouette': 0.5362746568900506, 'num_points': 7}, {'avg_silhouette': 0.42827941221390486, 'num_points': 9}, {'avg_silhouette': 0.4449518803276648, 'num_points': 6}, {'avg_silhouette': 0.5620556863580707, 'num_points': 7}, {'avg_silhouette': 0.9071714182743376, 'num_points': 5}, {'avg_silhouette': 0.9372431266979042, 'num_points': 5}, {'avg_silhouette': 0.44586711710728144, 'num_points': 6}, {'avg_silhouette': 0.36152350531530725, 'num_points': 8}, {'avg_silhouette': 0.6851231663942716, 'num_points': 5}, {'avg_silhouette': 0.40534172659327683, 'num_points': 11}, {'avg_silhouette': 0.31784136018513415, 'num_points': 6}, {'avg_silhouette': 0.5159506321697371, 'num_points': 5}, {'avg_silhouette': 0.7433106381665193, 'num_points': 6}, {'avg_silhouette': 0.6431108478542205, 'num_points': 5}, {'avg_silhouette': 0.42588977142887485, 'num_points': 5}, {'avg_silhouette': 0.3654684758916624, 'num_points': 25}, {'avg_silhouette': 0.5411541865686849, 'num_points': 5}, {'avg_silhouette': 0.2871657324600482, 'num_points': 5}, {'avg_silhouette': 0.6717847771202433, 'num_points': 14}, {'avg_silhouette': 0.20602668268795607, 'num_points': 112}, {'avg_silhouette': 0.7400807355497403, 'num_points': 5}, {'avg_silhouette': 0.6104957939589009, 'num_points': 16}, {'avg_silhouette': 0.47783672310000413, 'num_points': 16}, {'avg_silhouette': 0.6400820629363322, 'num_points': 31}, {'avg_silhouette': 0.3714580740070655, 'num_points': 24}, {'avg_silhouette': 0.5144628967911448, 'num_points': 5}, {'avg_silhouette': 0.28765781641420896, 'num_points': 20}, {'avg_silhouette': 0.6338786294782095, 'num_points': 14}, {'avg_silhouette': 0.46358801569557934, 'num_points': 25}, {'avg_silhouette': 0.4703519966497831, 'num_points': 12}, {'avg_silhouette': 0.7979567123816129, 'num_points': 9}, {'avg_silhouette': 0.5096932619636257, 'num_points': 5}, {'avg_silhouette': 0.9793178232833925, 'num_points': 28}, {'avg_silhouette': 0.8186096473473349, 'num_points': 5}]",5.0,84,0.105198399897999,,2,0.45541727134289445
DBSCAN,,0.1883123951776986,"[{'avg_silhouette': 0.4394136449204661, 'num_points': 160}, {'avg_silhouette': 0.3418568091908249, 'num_points': 4590}, {'avg_silhouette': 0.16392124323122817, 'num_points': 341}, {'avg_silhouette': 0.3582946834554508, 'num_points': 63}, {'avg_silhouette': 0.4138526929183057, 'num_points': 91}, {'avg_silhouette': 0.20675887605600657, 'num_points': 112}, {'avg_silhouette': 0.3118996122504508, 'num_points': 56}, {'avg_silhouette': 0.43814980575687146, 'num_points': 8}, {'avg_silhouette': 0.5175657315089147, 'num_points': 482}, {'avg_silhouette': 0.7208395036585418, 'num_points': 6}, {'avg_silhouette': 0.8581901397023254, 'num_points': 43}, {'avg_silhouette': 0.5161162493383532, 'num_points': 8}, {'avg_silhouette': 0.6476537317967737, 'num_points': 26}, {'avg_silhouette': 0.8482874411496757, 'num_points': 18}, {'avg_silhouette': 0.22751681641175045, 'num_points': 22}, {'avg_silhouette': 0.4747123014767406, 'num_points': 8}, {'avg_silhouette': 0.36581513583719955, 'num_points': 19}, {'avg_silhouette': 0.5227629990874177, 'num_points': 37}, {'avg_silhouette': 0.4272441587571726, 'num_points': 13}, {'avg_silhouette': 0.16930362011349384, 'num_points': 66}, {'avg_silhouette': 0.5191436946500493, 'num_points': 20}, {'avg_silhouette': 0.32753849801549206, 'num_points': 19}, {'avg_silhouette': 0.5533695711724866, 'num_points': 21}, {'avg_silhouette': 0.6830167583185698, 'num_points': 26}, {'avg_silhouette': 0.8672958013673208, 'num_points': 8}, {'avg_silhouette': 0.5990801558616601, 'num_points': 7}, {'avg_silhouette': 0.37029158432388454, 'num_points': 6}, {'avg_silhouette': 0.318239853659288, 'num_points': 17}, {'avg_silhouette': 0.483973338769226, 'num_points': 16}, {'avg_silhouette': 0.511022320652453, 'num_points': 38}, {'avg_silhouette': 0.6855164151420011, 'num_points': 5}, {'avg_silhouette': 0.30196974487760053, 'num_points': 13}, {'avg_silhouette': 0.40953699870043375, 'num_points': 6}, {'avg_silhouette': 0.7869436113627707, 'num_points': 12}, {'avg_silhouette': 0.3923228928567837, 'num_points': 8}, {'avg_silhouette': 0.5915725538840876, 'num_points': 15}, {'avg_silhouette': 0.5413003139691096, 'num_points': 5}, {'avg_silhouette': 0.3020470225670585, 'num_points': 17}, {'avg_silhouette': 0.40640281386673965, 'num_points': 19}, {'avg_silhouette': 0.5244164115141667, 'num_points': 5}, {'avg_silhouette': 0.5220343859699454, 'num_points': 5}, {'avg_silhouette': 0.2593254420206386, 'num_points': 27}, {'avg_silhouette': 0.44162264896966547, 'num_points': 5}, {'avg_silhouette': 0.8693071541937677, 'num_points': 7}, {'avg_silhouette': 0.33932212832636793, 'num_points': 9}, {'avg_silhouette': 0.4215622286625527, 'num_points': 7}, {'avg_silhouette': 0.37569138718255485, 'num_points': 6}, {'avg_silhouette': 0.386110156835298, 'num_points': 44}, {'avg_silhouette': 0.4418194844341416, 'num_points': 5}, {'avg_silhouette': 0.03158509145981736, 'num_points': 207}, {'avg_silhouette': 0.7079204806052777, 'num_points': 14}, {'avg_silhouette': 0.6283907526491881, 'num_points': 7}, {'avg_silhouette': 0.28915541773345077, 'num_points': 25}, {'avg_silhouette': 0.6296296660747074, 'num_points': 16}, {'avg_silhouette': 0.6434787593122483, 'num_points': 5}, {'avg_silhouette': 0.5002829753933258, 'num_points': 5}, {'avg_silhouette': 0.6715425879973856, 'num_points': 31}, {'avg_silhouette': 0.4741848130753947, 'num_points': 6}, {'avg_silhouette': 0.5819902523820887, 'num_points': 6}, {'avg_silhouette': 0.4946093719740065, 'num_points': 9}, {'avg_silhouette': 0.31441612034455685, 'num_points': 61}, {'avg_silhouette': 0.8403963115516058, 'num_points': 5}, {'avg_silhouette': 0.6785434889256026, 'num_points': 11}, {'avg_silhouette': 0.919037118853055, 'num_points': 30}]",5.0,64,0.10496123935239766,,1,
HDBSCAN,,,"[{'avg_silhouette': 0.6428361057561528, 'num_points': 582}, {'avg_silhouette': 0.2122325184021523, 'num_points': 909}, {'avg_silhouette': 0.4978897203699929, 'num_points': 207}, {'avg_silhouette': 0.5999718665405624, 'num_points': 1690}, {'avg_silhouette': 0.4769191807154337, 'num_points': 2149}]",,5,0.10346104238753559,206.0,4,0.48298991785357537
DBSCAN,,0.13831239517769855,"[{'avg_silhouette': 0.49690528406629797, 'num_points': 82}, {'avg_silhouette': 0.3632877347451929, 'num_points': 2404}, {'avg_silhouette': 0.5298964801805275, 'num_points': 29}, {'avg_silhouette': 0.23840875056445607, 'num_points': 209}, {'avg_silhouette': 0.5639320230690563, 'num_points': 34}, {'avg_silhouette': 0.4621134397635805, 'num_points': 114}, {'avg_silhouette': 0.573172484315229, 'num_points': 1775}, {'avg_silhouette': 0.31165955453557914, 'num_points': 76}, {'avg_silhouette': 0.5651529309411373, 'num_points': 255}, {'avg_silhouette': 0.65492131115467, 'num_points': 216}, {'avg_silhouette': 0.787742446964327, 'num_points': 11}, {'avg_silhouette': 0.5125408788220481, 'num_points': 50}, {'avg_silhouette': 0.5749456833295571, 'num_points': 38}, {'avg_silhouette': 0.4925024581129429, 'num_points': 17}, {'avg_silhouette': 0.4390624820316622, 'num_points': 90}, {'avg_silhouette': 0.9029343201428596, 'num_points': 34}, {'avg_silhouette': 0.6853290788884738, 'num_points': 12}, {'avg_silhouette': 0.6931685667771382, 'num_points': 16}, {'avg_silhouette': 0.26478092903536254, 'num_points': 19}, {'avg_silhouette': 0.8145302734497902, 'num_points': 13}, {'avg_silhouette': 0.6515958526996036, 'num_points': 35}, {'avg_silhouette': 0.4530525408659445, 'num_points': 10}, {'avg_silhouette': 0.2519483308086606, 'num_points': 34}, {'avg_silhouette': 0.636059665813863, 'num_points': 10}, {'avg_silhouette': 0.7003450940955711, 'num_points': 19}, {'avg_silhouette': 0.4893785252738194, 'num_points': 10}, {'avg_silhouette': 0.5109714621114652, 'num_points': 43}, {'avg_silhouette': 0.3078755146290082, 'num_points': 21}, {'avg_silhouette': 0.5311295063768695, 'num_points': 23}, {'avg_silhouette': 0.43442544003570915, 'num_points': 10}, {'avg_silhouette': 0.8270630183340323, 'num_points': 10}, {'avg_silhouette': 0.9123077598596069, 'num_points': 10}, {'avg_silhouette': 0.4280613115751617, 'num_points': 10}, {'avg_silhouette': 0.3704862776123495, 'num_points': 18}, {'avg_silhouette': 0.4371436283963533, 'num_points': 10}, {'avg_silhouette': 0.5456601960760343, 'num_points': 25}, {'avg_silhouette': 0.6717847771202433, 'num_points': 14}, {'avg_silhouette': 0.28212235361714566, 'num_points': 106}, {'avg_silhouette': 0.6104957939589009, 'num_points': 16}, {'avg_silhouette': 0.6400820629363322, 'num_points': 31}, {'avg_silhouette': 0.36611596301299687, 'num_points': 24}, {'avg_silhouette': 0.6338786294782095, 'num_points': 14}, {'avg_silhouette': 0.4703519966497831, 'num_points': 12}, {'avg_silhouette': 0.46358801569557934, 'num_points': 25}, {'avg_silhouette': 0.9793178232833925, 'num_points': 28}, {'avg_silhouette': 0.41292960280261226, 'num_points': 14}]",10.0,46,0.09826182509035818,,2,0.46823010953021094
DBSCAN,,0.12831239517769855,"[{'avg_silhouette': 0.510425924940436, 'num_points': 81}, {'avg_silhouette': 0.3317118669343788, 'num_points': 2402}, {'avg_silhouette': 0.1641537612150906, 'num_points': 211}, {'avg_silhouette': 0.5530332939347364, 'num_points': 29}, {'avg_silhouette': 0.31507379040036987, 'num_points': 41}, {'avg_silhouette': 0.4713040289099461, 'num_points': 114}, {'avg_silhouette': 0.5761835482220016, 'num_points': 1770}, {'avg_silhouette': 0.3084486505087607, 'num_points': 76}, {'avg_silhouette': 0.5651529309411373, 'num_points': 255}, {'avg_silhouette': 0.6353754385356458, 'num_points': 6}, {'avg_silhouette': 0.48315778181509467, 'num_points': 8}, {'avg_silhouette': 0.2992213384912884, 'num_points': 7}, {'avg_silhouette': 0.2517396859795039, 'num_points': 20}, {'avg_silhouette': 0.6151476028708138, 'num_points': 5}, {'avg_silhouette': 0.65492131115467, 'num_points': 216}, {'avg_silhouette': 0.5919172888648234, 'num_points': 5}, {'avg_silhouette': 0.43495351276163047, 'num_points': 11}, {'avg_silhouette': 0.4589361686024017, 'num_points': 53}, {'avg_silhouette': 0.5871003923361521, 'num_points': 38}, {'avg_silhouette': 0.49499426783102934, 'num_points': 7}, {'avg_silhouette': 0.5499361861715168, 'num_points': 16}, {'avg_silhouette': 0.43448953473684804, 'num_points': 90}, {'avg_silhouette': 0.44828470294196127, 'num_points': 6}, {'avg_silhouette': 0.4498808992788184, 'num_points': 11}, {'avg_silhouette': 0.6567383316520806, 'num_points': 14}, {'avg_silhouette': 0.3742789148407712, 'num_points': 9}, {'avg_silhouette': 0.5080153589174486, 'num_points': 34}, {'avg_silhouette': 0.4060974845573772, 'num_points': 12}, {'avg_silhouette': 0.27887127054553207, 'num_points': 9}, {'avg_silhouette': 0.4779208668928295, 'num_points': 10}, {'avg_silhouette': 0.8144273527950551, 'num_points': 13}, {'avg_silhouette': 0.46048801715285165, 'num_points': 9}, {'avg_silhouette': 0.3685655080524959, 'num_points': 6}, {'avg_silhouette': 0.6606630158461255, 'num_points': 33}, {'avg_silhouette': 0.28235948287044266, 'num_points': 15}, {'avg_silhouette': 0.3920563345862131, 'num_points': 9}, {'avg_silhouette': 0.37168079543565646, 'num_points': 11}, {'avg_silhouette': 0.19711003256970264, 'num_points': 19}, {'avg_silhouette': 0.8270222443739526, 'num_points': 10}, {'avg_silhouette': 0.712613095778795, 'num_points': 8}, {'avg_silhouette': 0.5717114307151727, 'num_points': 10}, {'avg_silhouette': 0.373287987063526, 'num_points': 11}, {'avg_silhouette': 0.49611112632422527, 'num_points': 7}, {'avg_silhouette': 0.9121117619544054, 'num_points': 10}, {'avg_silhouette': 0.7406447093966766, 'num_points': 9}, {'avg_silhouette': 0.45516685711299676, 'num_points': 45}, {'avg_silhouette': 0.35445712763057824, 'num_points': 19}, {'avg_silhouette': 0.3518271410705641, 'num_points': 17}, {'avg_silhouette': 0.3700486924579956, 'num_points': 6}, {'avg_silhouette': 0.6715434360327708, 'num_points': 16}, {'avg_silhouette': 0.9371996219260247, 'num_points': 5}, {'avg_silhouette': 0.5407240832183373, 'num_points': 6}, {'avg_silhouette': 0.5417106187990224, 'num_points': 5}, {'avg_silhouette': 0.47667736157664714, 'num_points': 4}, {'avg_silhouette': 0.6858219023971903, 'num_points': 5}, {'avg_silhouette': 0.5362746568900506, 'num_points': 7}, {'avg_silhouette': 0.35590503059116624, 'num_points': 11}, {'avg_silhouette': 0.5648060198046365, 'num_points': 6}, {'avg_silhouette': 0.9069746440141758, 'num_points': 5}, {'avg_silhouette': 0.3710107014690208, 'num_points': 5}, {'avg_silhouette': 0.5159506321697371, 'num_points': 5}, {'avg_silhouette': 0.7730231928395492, 'num_points': 5}, {'avg_silhouette': 0.6713715898008985, 'num_points': 5}, {'avg_silhouette': 0.6415240920020236, 'num_points': 5}, {'avg_silhouette': 0.42588977142887485, 'num_points': 5}, {'avg_silhouette': 0.5668064983122055, 'num_points': 6}, {'avg_silhouette': 0.3753582527594579, 'num_points': 15}, {'avg_silhouette': 0.2871657324600482, 'num_points': 5}, {'avg_silhouette': 0.6325741843752417, 'num_points': 5}, {'avg_silhouette': 0.67157911849587, 'num_points': 14}, {'avg_silhouette': 0.2406721594930301, 'num_points': 102}, {'avg_silhouette': 0.7376684928129998, 'num_points': 5}, {'avg_silhouette': 0.4505145058704906, 'num_points': 9}, {'avg_silhouette': 0.6104957939589009, 'num_points': 16}, {'avg_silhouette': 0.5092766392704511, 'num_points': 7}, {'avg_silhouette': 0.6400820629363322, 'num_points': 31}, {'avg_silhouette': 0.3386486812587035, 'num_points': 5}, {'avg_silhouette': 0.28388806126141775, 'num_points': 20}, {'avg_silhouette': 0.3820805956067608, 'num_points': 23}, {'avg_silhouette': 0.6338786294782095, 'num_points': 14}, {'avg_silhouette': 0.4703519966497831, 'num_points': 12}, {'avg_silhouette': 0.46358801569557934, 'num_points': 25}, {'avg_silhouette': 0.7979567123816129, 'num_points': 9}, {'avg_silhouette': 0.5089318808733255, 'num_points': 5}, {'avg_silhouette': 0.9791895848973826, 'num_points': 28}, {'avg_silhouette': 0.8186096473473349, 'num_points': 5}]",5.0,86,0.0936023540952785,,2,0.4539477075781902
DBSCAN,,0.11831239517769854,"[{'avg_silhouette': 0.5088805945707504, 'num_points': 81}, {'avg_silhouette': 0.3398302982993613, 'num_points': 2397}, {'avg_silhouette': 0.2731975422918806, 'num_points': 91}, {'avg_silhouette': 0.5530332939347364, 'num_points': 29}, {'avg_silhouette': 0.3671843808303114, 'num_points': 38}, {'avg_silhouette': 0.45657314762808815, 'num_points': 114}, {'avg_silhouette': 0.5751076578959017, 'num_points': 1770}, {'avg_silhouette': 0.3150439512287967, 'num_points': 75}, {'avg_silhouette': 0.5651529309411373, 'num_points': 255}, {'avg_silhouette': 0.7202211902026875, 'num_points': 5}, {'avg_silhouette': 0.4687338995539792, 'num_points': 8}, {'avg_silhouette': 0.4306225527467823, 'num_points': 5}, {'avg_silhouette': 0.2515244140363523, 'num_points': 20}, {'avg_silhouette': 0.65492131115467, 'num_points': 216}, {'avg_silhouette': 0.5912787323431061, 'num_points': 5}, {'avg_silhouette': 0.38394079348031873, 'num_points': 112}, {'avg_silhouette': 0.41069038903406674, 'num_points': 11}, {'avg_silhouette': 0.557555877447432, 'num_points': 48}, {'avg_silhouette': 0.5871003923361521, 'num_points': 38}, {'avg_silhouette': 0.49499426783102934, 'num_points': 7}, {'avg_silhouette': 0.5499361861715168, 'num_points': 16}, {'avg_silhouette': 0.4337376092891485, 'num_points': 90}, {'avg_silhouette': 0.4498808992788184, 'num_points': 11}, {'avg_silhouette': 0.9023642763807542, 'num_points': 34}, {'avg_silhouette': 0.4060974845573772, 'num_points': 12}, {'avg_silhouette': 0.7310124858262291, 'num_points': 14}, {'avg_silhouette': 0.27887127054553207, 'num_points': 9}, {'avg_silhouette': 0.4686863017653642, 'num_points': 10}, {'avg_silhouette': 0.810151194869582, 'num_points': 13}, {'avg_silhouette': 0.39593124628106463, 'num_points': 5}, {'avg_silhouette': 0.7337500403729156, 'num_points': 32}, {'avg_silhouette': 0.23701058034440717, 'num_points': 15}, {'avg_silhouette': 0.45174073328793307, 'num_points': 7}, {'avg_silhouette': 0.4528028660078093, 'num_points': 8}, {'avg_silhouette': 0.38764312289820324, 'num_points': 10}, {'avg_silhouette': 0.4217043165419053, 'num_points': 13}, {'avg_silhouette': 0.8518240641106004, 'num_points': 9}, {'avg_silhouette': 0.7471141252076071, 'num_points': 6}, {'avg_silhouette': 0.5717114307151727, 'num_points': 10}, {'avg_silhouette': 0.9262243479447585, 'num_points': 9}, {'avg_silhouette': 0.7397922025755435, 'num_points': 9}, {'avg_silhouette': 0.45516685711299676, 'num_points': 45}, {'avg_silhouette': 0.3719369852990719, 'num_points': 11}, {'avg_silhouette': 0.3262952747872605, 'num_points': 16}, {'avg_silhouette': 0.6715434360327708, 'num_points': 16}, {'avg_silhouette': 0.43455754239154515, 'num_points': 8}, {'avg_silhouette': 0.9369915088140786, 'num_points': 5}, {'avg_silhouette': 0.5377074947613716, 'num_points': 6}, {'avg_silhouette': 0.658141954124535, 'num_points': 5}, {'avg_silhouette': 0.5340224357875563, 'num_points': 7}, {'avg_silhouette': 0.45272828440030677, 'num_points': 7}, {'avg_silhouette': 0.5648060198046365, 'num_points': 6}, {'avg_silhouette': 0.5086141940789225, 'num_points': 7}, {'avg_silhouette': 0.906629595489432, 'num_points': 5}, {'avg_silhouette': 0.3710107014690208, 'num_points': 5}, {'avg_silhouette': 0.5417106187990224, 'num_points': 5}, {'avg_silhouette': 0.7399225957868474, 'num_points': 6}, {'avg_silhouette': 0.25733025884756966, 'num_points': 7}, {'avg_silhouette': 0.4211598841293815, 'num_points': 14}, {'avg_silhouette': 0.3700486924579956, 'num_points': 6}, {'avg_silhouette': 0.6318323043103098, 'num_points': 5}, {'avg_silhouette': 0.67157911849587, 'num_points': 14}, {'avg_silhouette': 0.26525773238995604, 'num_points': 17}, {'avg_silhouette': 0.31259511274968294, 'num_points': 39}, {'avg_silhouette': 0.2704983085705707, 'num_points': 34}, {'avg_silhouette': 0.7376684928129998, 'num_points': 5}, {'avg_silhouette': 0.4398855651388951, 'num_points': 9}, {'avg_silhouette': 0.6372775813115267, 'num_points': 15}, {'avg_silhouette': 0.6884343125081048, 'num_points': 7}, {'avg_silhouette': 0.6400820629363322, 'num_points': 31}, {'avg_silhouette': 0.3659496261221149, 'num_points': 8}, {'avg_silhouette': 0.38886707193659936, 'num_points': 7}, {'avg_silhouette': 0.3826754599430595, 'num_points': 22}, {'avg_silhouette': 0.7311702050735226, 'num_points': 13}, {'avg_silhouette': 0.47217479548641056, 'num_points': 12}, {'avg_silhouette': 0.47925454733681133, 'num_points': 24}, {'avg_silhouette': 0.7975326952536931, 'num_points': 9}, {'avg_silhouette': 0.9791895848973826, 'num_points': 28}, {'avg_silhouette': 0.38653638191243367, 'num_points': 12}, {'avg_silhouette': 0.8155692348893119, 'num_points': 5}]",5.0,80,0.09256883930385927,,2,0.4574689780976315
HDBSCAN,,,"[{'avg_silhouette': 0.657207664846709, 'num_points': 582}, {'avg_silhouette': 0.25292241506779123, 'num_points': 844}, {'avg_silhouette': 0.6018140710325658, 'num_points': 1685}, {'avg_silhouette': 0.48003856003154494, 'num_points': 2140}]",,4,0.09180887107224346,235.0,4,0.49799567774465275
DBSCAN,,0.1783123951776986,"[{'avg_silhouette': 0.4825811776310984, 'num_points': 160}, {'avg_silhouette': 0.3449837810830807, 'num_points': 4559}, {'avg_silhouette': 0.27623973191950124, 'num_points': 324}, {'avg_silhouette': 0.36145732791590035, 'num_points': 61}, {'avg_silhouette': 0.3797363803623383, 'num_points': 54}, {'avg_silhouette': 0.5360008340650801, 'num_points': 476}, {'avg_silhouette': 0.23560452688983394, 'num_points': 81}, {'avg_silhouette': 0.6833233961062447, 'num_points': 23}, {'avg_silhouette': 0.8556800546104193, 'num_points': 17}, {'avg_silhouette': 0.49797412767700194, 'num_points': 85}, {'avg_silhouette': 0.6365362942772177, 'num_points': 27}, {'avg_silhouette': 0.5792959353158861, 'num_points': 18}, {'avg_silhouette': 0.8725932733767177, 'num_points': 41}, {'avg_silhouette': 0.5721635522959366, 'num_points': 20}, {'avg_silhouette': 0.6808881161141538, 'num_points': 26}, {'avg_silhouette': 0.6461839387841324, 'num_points': 36}, {'avg_silhouette': 0.4029397326461742, 'num_points': 16}, {'avg_silhouette': 0.5323061652989798, 'num_points': 10}, {'avg_silhouette': 0.7864663272792263, 'num_points': 12}, {'avg_silhouette': 0.21895596319221114, 'num_points': 42}, {'avg_silhouette': 0.47585049949822816, 'num_points': 16}, {'avg_silhouette': 0.634298733362275, 'num_points': 13}, {'avg_silhouette': 0.48851263603633627, 'num_points': 10}, {'avg_silhouette': 0.34828855630481004, 'num_points': 10}, {'avg_silhouette': 0.6581373859627409, 'num_points': 11}, {'avg_silhouette': 0.37127346636347913, 'num_points': 18}, {'avg_silhouette': 0.5993972093477045, 'num_points': 10}, {'avg_silhouette': 0.505396501414155, 'num_points': 29}, {'avg_silhouette': 0.7064369515878237, 'num_points': 14}, {'avg_silhouette': 0.15379078432572982, 'num_points': 185}, {'avg_silhouette': 0.6296296660747074, 'num_points': 16}, {'avg_silhouette': 0.44266363984075535, 'num_points': 21}, {'avg_silhouette': 0.6685224828094048, 'num_points': 31}, {'avg_silhouette': 0.33205466889700674, 'num_points': 59}, {'avg_silhouette': 0.9628429641110472, 'num_points': 30}, {'avg_silhouette': 0.7423481927029243, 'num_points': 10}]",10.0,36,0.09173636217326843,,1,
HDBSCAN,,,"[{'avg_silhouette': 0.6614857362666148, 'num_points': 579}, {'avg_silhouette': 0.4920871344019062, 'num_points': 2101}, {'avg_silhouette': 0.6098557366063159, 'num_points': 1662}]",,3,0.09120505381957975,390.0,3,0.587809535758279
DBSCAN,,0.1783123951776986,"[{'avg_silhouette': 0.4305799463954065, 'num_points': 160}, {'avg_silhouette': 0.33740777332528765, 'num_points': 4571}, {'avg_silhouette': 0.20269693212716883, 'num_points': 328}, {'avg_silhouette': 0.3627126039111354, 'num_points': 61}, {'avg_silhouette': 0.44799597944528613, 'num_points': 88}, {'avg_silhouette': 0.17749556875042394, 'num_points': 88}, {'avg_silhouette': 0.33046510005404134, 'num_points': 55}, {'avg_silhouette': 0.5272669379151677, 'num_points': 7}, {'avg_silhouette': 0.536772538341911, 'num_points': 476}, {'avg_silhouette': 0.5944177382401458, 'num_points': 8}, {'avg_silhouette': 0.6874714334939399, 'num_points': 6}, {'avg_silhouette': 0.8579715086141321, 'num_points': 43}, {'avg_silhouette': 0.5777621776272647, 'num_points': 6}, {'avg_silhouette': 0.6540214042742314, 'num_points': 25}, {'avg_silhouette': 0.8557622833071901, 'num_points': 17}, {'avg_silhouette': 0.23170944494356094, 'num_points': 21}, {'avg_silhouette': 0.47141953767499717, 'num_points': 8}, {'avg_silhouette': 0.36103728526004414, 'num_points': 19}, {'avg_silhouette': 0.34505667605829143, 'num_points': 28}, {'avg_silhouette': 0.41409781688192776, 'num_points': 13}, {'avg_silhouette': 0.5816520187324818, 'num_points': 18}, {'avg_silhouette': 0.349011289813725, 'num_points': 11}, {'avg_silhouette': 0.5725054196151413, 'num_points': 20}, {'avg_silhouette': 0.574180513173695, 'num_points': 5}, {'avg_silhouette': 0.6814471999591091, 'num_points': 26}, {'avg_silhouette': 0.8924617447308526, 'num_points': 7}, {'avg_silhouette': 0.37029158432388454, 'num_points': 6}, {'avg_silhouette': 0.376182084468004, 'num_points': 11}, {'avg_silhouette': 0.483973338769226, 'num_points': 16}, {'avg_silhouette': 0.511022320652453, 'num_points': 38}, {'avg_silhouette': 0.6855164151420011, 'num_points': 5}, {'avg_silhouette': 0.4752221748368673, 'num_points': 13}, {'avg_silhouette': 0.40953699870043375, 'num_points': 6}, {'avg_silhouette': 0.14059275038634939, 'num_points': 56}, {'avg_silhouette': 0.7866393775040499, 'num_points': 12}, {'avg_silhouette': 0.40856052156394473, 'num_points': 8}, {'avg_silhouette': 0.28399138430300697, 'num_points': 17}, {'avg_silhouette': 0.4041840858497903, 'num_points': 19}, {'avg_silhouette': 0.5449221527234432, 'num_points': 6}, {'avg_silhouette': 0.5792424167200815, 'num_points': 15}, {'avg_silhouette': 0.6070803232486687, 'num_points': 5}, {'avg_silhouette': 0.25682953895513494, 'num_points': 21}, {'avg_silhouette': 0.8690810487499279, 'num_points': 7}, {'avg_silhouette': 0.28027119895919916, 'num_points': 5}, {'avg_silhouette': 0.3418782421900083, 'num_points': 7}, {'avg_silhouette': 0.39550343140935623, 'num_points': 8}, {'avg_silhouette': 0.4160337339679536, 'num_points': 7}, {'avg_silhouette': 0.418555105480434, 'num_points': 5}, {'avg_silhouette': 0.6222585953239683, 'num_points': 6}, {'avg_silhouette': 0.6007885496496174, 'num_points': 4}, {'avg_silhouette': 0.24178063006795306, 'num_points': 31}, {'avg_silhouette': 0.4444559556167508, 'num_points': 5}, {'avg_silhouette': 0.04343683376036369, 'num_points': 204}, {'avg_silhouette': 0.7063640213911758, 'num_points': 14}, {'avg_silhouette': 0.695881259224756, 'num_points': 6}, {'avg_silhouette': 0.37406703003492664, 'num_points': 23}, {'avg_silhouette': 0.6296296660747074, 'num_points': 16}, {'avg_silhouette': 0.642366000557413, 'num_points': 5}, {'avg_silhouette': 0.5002829753933258, 'num_points': 5}, {'avg_silhouette': 0.6685224828094048, 'num_points': 31}, {'avg_silhouette': 0.4741848130753947, 'num_points': 6}, {'avg_silhouette': 0.46890605230885457, 'num_points': 6}, {'avg_silhouette': 0.29948325456386216, 'num_points': 61}, {'avg_silhouette': 0.6323216584972761, 'num_points': 6}, {'avg_silhouette': 0.8416364822253561, 'num_points': 5}, {'avg_silhouette': 0.7470566277760714, 'num_points': 10}, {'avg_silhouette': 0.919037118853055, 'num_points': 30}]",5.0,67,0.09117323589063919,,1,
HDBSCAN,,,"[{'avg_silhouette': 0.6614710347174343, 'num_points': 579}, {'avg_silhouette': 0.49363890610816646, 'num_points': 2096}, {'avg_silhouette': 0.6100044383036045, 'num_points': 1661}]",,3,0.0908701810432461,413.0,3,0.588371459709735
HDBSCAN,,,"[{'avg_silhouette': 0.6614616666959328, 'num_points': 579}, {'avg_silhouette': 0.494877228636377, 'num_points': 2092}, {'avg_silhouette': 0.6097594887828379, 'num_points': 1661}]",,3,0.09063692479902952,435.0,3,0.5886994613717159
HDBSCAN,,,"[{'avg_silhouette': 0.6629409644953749, 'num_points': 578}, {'avg_silhouette': 0.49662494172265254, 'num_points': 2086}, {'avg_silhouette': 0.6103642376613391, 'num_points': 1659}]",,3,0.09012273497006246,457.0,3,0.5899767146264555
HDBSCAN,,,"[{'avg_silhouette': 0.6629284158306457, 'num_points': 578}, {'avg_silhouette': 0.4976950885098567, 'num_points': 2082}, {'avg_silhouette': 0.6110649312048265, 'num_points': 1657}]",,3,0.08974478662336237,478.0,3,0.590562811848443
HDBSCAN,,,"[{'avg_silhouette': 0.6642842942703796, 'num_points': 577}, {'avg_silhouette': 0.49882804782246776, 'num_points': 2078}, {'avg_silhouette': 0.6108707171178951, 'num_points': 1657}]",,3,0.08944345321591941,498.0,3,0.5913276864035808
DBSCAN,,0.12831239517769855,"[{'avg_silhouette': 0.5028180537252451, 'num_points': 81}, {'avg_silhouette': 0.3642872079268672, 'num_points': 2401}, {'avg_silhouette': 0.5293906275251904, 'num_points': 29}, {'avg_silhouette': 0.28309401363439984, 'num_points': 203}, {'avg_silhouette': 0.5639320230690563, 'num_points': 34}, {'avg_silhouette': 0.46738696870284613, 'num_points': 113}, {'avg_silhouette': 0.5762082749618309, 'num_points': 1770}, {'avg_silhouette': 0.33178908902671206, 'num_points': 74}, {'avg_silhouette': 0.5651529309411373, 'num_points': 255}, {'avg_silhouette': 0.65492131115467, 'num_points': 216}, {'avg_silhouette': 0.7876996412551683, 'num_points': 11}, {'avg_silhouette': 0.5325036203851985, 'num_points': 49}, {'avg_silhouette': 0.5704285499959935, 'num_points': 38}, {'avg_silhouette': 0.6125609666248217, 'num_points': 15}, {'avg_silhouette': 0.438713959327271, 'num_points': 90}, {'avg_silhouette': 0.9028399159235125, 'num_points': 34}, {'avg_silhouette': 0.28406315221996037, 'num_points': 18}, {'avg_silhouette': 0.8140512030989898, 'num_points': 13}, {'avg_silhouette': 0.7289608663709213, 'num_points': 32}, {'avg_silhouette': 0.3849092288786434, 'num_points': 10}, {'avg_silhouette': 0.6356909935636421, 'num_points': 10}, {'avg_silhouette': 0.4217043165419053, 'num_points': 13}, {'avg_silhouette': 0.7929969361532853, 'num_points': 10}, {'avg_silhouette': 0.6852088120951053, 'num_points': 12}, {'avg_silhouette': 0.535081669561736, 'num_points': 42}, {'avg_silhouette': 0.5140445116998537, 'num_points': 17}, {'avg_silhouette': 0.32889923543306737, 'num_points': 16}, {'avg_silhouette': 0.7745572580666378, 'num_points': 16}, {'avg_silhouette': 0.8270222443739526, 'num_points': 10}, {'avg_silhouette': 0.7310124858262291, 'num_points': 14}, {'avg_silhouette': 0.9124480702411638, 'num_points': 10}, {'avg_silhouette': 0.4893785252738194, 'num_points': 10}, {'avg_silhouette': 0.5007072928843831, 'num_points': 14}, {'avg_silhouette': 0.3314741684328948, 'num_points': 93}, {'avg_silhouette': 0.67157911849587, 'num_points': 14}, {'avg_silhouette': 0.6779876773266637, 'num_points': 15}, {'avg_silhouette': 0.6069131694359883, 'num_points': 16}, {'avg_silhouette': 0.6400820629363322, 'num_points': 31}, {'avg_silhouette': 0.4159734059133025, 'num_points': 21}, {'avg_silhouette': 0.6338786294782095, 'num_points': 14}, {'avg_silhouette': 0.4703519966497831, 'num_points': 12}, {'avg_silhouette': 0.46358801569557934, 'num_points': 25}, {'avg_silhouette': 0.9793250054544347, 'num_points': 28}, {'avg_silhouette': 0.42239101280301655, 'num_points': 13}]",10.0,44,0.08942936644619971,,2,0.47024774144434905
HDBSCAN,,,"[{'avg_silhouette': 0.671180994441343, 'num_points': 572}, {'avg_silhouette': 0.49994765519181084, 'num_points': 2074}, {'avg_silhouette': 0.6106839795062166, 'num_points': 1657}]",,3,0.08896566422331752,517.0,3,0.5939375430464567
HDBSCAN,,,"[{'avg_silhouette': 0.6878403389968093, 'num_points': 560}, {'avg_silhouette': 0.501064553463608, 'num_points': 2070}, {'avg_silhouette': 0.6108805862663248, 'num_points': 1656}]",,3,0.08806259658900693,536.0,3,0.599928492908914
HDBSCAN,,,"[{'avg_silhouette': 0.6571646477126355, 'num_points': 582}, {'avg_silhouette': 0.26713693552809326, 'num_points': 770}, {'avg_silhouette': 0.6069987283822693, 'num_points': 1673}, {'avg_silhouette': 0.48097133644425427, 'num_points': 2135}]",,4,0.08740208628938577,263.0,4,0.5030679120168131
DBSCAN,,0.10831239517769853,"[{'avg_silhouette': 0.5153998084598508, 'num_points': 80}, {'avg_silhouette': 0.337941271154356, 'num_points': 2393}, {'avg_silhouette': 0.27247325461883953, 'num_points': 89}, {'avg_silhouette': 0.5705107901285065, 'num_points': 28}, {'avg_silhouette': 0.5093613876994495, 'num_points': 31}, {'avg_silhouette': 0.45640911021400127, 'num_points': 114}, {'avg_silhouette': 0.5773277609444468, 'num_points': 1766}, {'avg_silhouette': 0.3212039760746118, 'num_points': 74}, {'avg_silhouette': 0.5820571519591017, 'num_points': 252}, {'avg_silhouette': 0.7202211902026875, 'num_points': 5}, {'avg_silhouette': 0.49969023090352976, 'num_points': 7}, {'avg_silhouette': 0.2812273993555533, 'num_points': 18}, {'avg_silhouette': 0.6523336805800213, 'num_points': 216}, {'avg_silhouette': 0.4187460335838579, 'num_points': 107}, {'avg_silhouette': 0.46144586089417083, 'num_points': 10}, {'avg_silhouette': 0.557555877447432, 'num_points': 48}, {'avg_silhouette': 0.5647572919502903, 'num_points': 38}, {'avg_silhouette': 0.6137431830981857, 'num_points': 15}, {'avg_silhouette': 0.536382900233427, 'num_points': 79}, {'avg_silhouette': 0.7881528411198793, 'num_points': 11}, {'avg_silhouette': 0.46387715303306754, 'num_points': 10}, {'avg_silhouette': 0.9022895609951485, 'num_points': 34}, {'avg_silhouette': 0.39360189521549754, 'num_points': 12}, {'avg_silhouette': 0.7591583079833932, 'num_points': 12}, {'avg_silhouette': 0.4589056911190846, 'num_points': 10}, {'avg_silhouette': 0.8095334781688233, 'num_points': 13}, {'avg_silhouette': 0.3330470804237676, 'num_points': 6}, {'avg_silhouette': 0.7274703848603219, 'num_points': 32}, {'avg_silhouette': 0.4766659775098887, 'num_points': 6}, {'avg_silhouette': 0.5633673554679646, 'num_points': 7}, {'avg_silhouette': 0.38439658735453014, 'num_points': 10}, {'avg_silhouette': 0.41141290913517337, 'num_points': 13}, {'avg_silhouette': 0.8517942602679747, 'num_points': 9}, {'avg_silhouette': 0.7596456747979321, 'num_points': 5}, {'avg_silhouette': 0.6354092123438507, 'num_points': 10}, {'avg_silhouette': 0.9411748074082075, 'num_points': 8}, {'avg_silhouette': 0.8166173755166468, 'num_points': 7}, {'avg_silhouette': 0.5728473832300774, 'num_points': 40}, {'avg_silhouette': 0.5025342022735665, 'num_points': 6}, {'avg_silhouette': 0.41062199095777263, 'num_points': 10}, {'avg_silhouette': 0.36714260331420473, 'num_points': 14}, {'avg_silhouette': 0.6570676318505331, 'num_points': 16}, {'avg_silhouette': 0.4858022203719807, 'num_points': 7}, {'avg_silhouette': 0.7533787861153977, 'num_points': 6}, {'avg_silhouette': 0.6690102163266256, 'num_points': 5}, {'avg_silhouette': 0.5116082508706465, 'num_points': 7}, {'avg_silhouette': 0.4939454808031641, 'num_points': 13}, {'avg_silhouette': 0.5450336326886359, 'num_points': 5}, {'avg_silhouette': 0.7863589394901952, 'num_points': 5}, {'avg_silhouette': 0.24165542607611257, 'num_points': 7}, {'avg_silhouette': 0.5909546084048054, 'num_points': 5}, {'avg_silhouette': 0.5055339100061474, 'num_points': 7}, {'avg_silhouette': 0.3845407334090795, 'num_points': 6}, {'avg_silhouette': 0.6224865532925113, 'num_points': 5}, {'avg_silhouette': 0.6714025952199133, 'num_points': 14}, {'avg_silhouette': 0.3967055040023492, 'num_points': 14}, {'avg_silhouette': 0.2562440466719557, 'num_points': 17}, {'avg_silhouette': 0.2736906797986891, 'num_points': 25}, {'avg_silhouette': 0.7330898256307614, 'num_points': 5}, {'avg_silhouette': 0.6006170507900935, 'num_points': 7}, {'avg_silhouette': 0.38967005475509464, 'num_points': 32}, {'avg_silhouette': 0.6361746553298963, 'num_points': 15}, {'avg_silhouette': 0.6807472833901566, 'num_points': 7}, {'avg_silhouette': 0.6491655659141159, 'num_points': 30}, {'avg_silhouette': 0.3659496261221149, 'num_points': 8}, {'avg_silhouette': 0.5503715296430551, 'num_points': 5}, {'avg_silhouette': 0.36048569252255963, 'num_points': 15}, {'avg_silhouette': 0.3803985162098598, 'num_points': 6}, {'avg_silhouette': 0.499142645496193, 'num_points': 5}, {'avg_silhouette': 0.6347788062836904, 'num_points': 7}, {'avg_silhouette': 0.616117086392284, 'num_points': 15}, {'avg_silhouette': 0.791983009006707, 'num_points': 9}, {'avg_silhouette': 0.38221835013488276, 'num_points': 9}, {'avg_silhouette': 0.979156828261624, 'num_points': 28}, {'avg_silhouette': 0.5144348315301158, 'num_points': 10}, {'avg_silhouette': 0.7705473522973332, 'num_points': 12}, {'avg_silhouette': 0.8146800940685331, 'num_points': 5}]",5.0,77,0.08417765886419017,,2,0.4576345160494014
HDBSCAN,,,"[{'avg_silhouette': 0.6586542808482567, 'num_points': 581}, {'avg_silhouette': 0.2796366944103659, 'num_points': 702}, {'avg_silhouette': 0.6069386204037546, 'num_points': 1671}, {'avg_silhouette': 0.4855009164880325, 'num_points': 2122}]",,4,0.08307409042358031,290.0,4,0.5076826280376024
DBSCAN,,0.11831239517769854,"[{'avg_silhouette': 0.4982120123353623, 'num_points': 81}, {'avg_silhouette': 0.36647778596210145, 'num_points': 2397}, {'avg_silhouette': 0.5054398712812826, 'num_points': 29}, {'avg_silhouette': 0.30738741901820715, 'num_points': 88}, {'avg_silhouette': 0.5852644156997251, 'num_points': 33}, {'avg_silhouette': 0.46480232349992034, 'num_points': 113}, {'avg_silhouette': 0.5782533818539991, 'num_points': 1767}, {'avg_silhouette': 0.34885287911000545, 'num_points': 72}, {'avg_silhouette': 0.5837208967186782, 'num_points': 252}, {'avg_silhouette': 0.6518908872002619, 'num_points': 216}, {'avg_silhouette': 0.4159423014301836, 'num_points': 109}, {'avg_silhouette': 0.5647572919502903, 'num_points': 38}, {'avg_silhouette': 0.6125609666248217, 'num_points': 15}, {'avg_silhouette': 0.4633228541339424, 'num_points': 89}, {'avg_silhouette': 0.9169336082514605, 'num_points': 32}, {'avg_silhouette': 0.8097082914923556, 'num_points': 13}, {'avg_silhouette': 0.8094221113997329, 'num_points': 10}, {'avg_silhouette': 0.7274703848603219, 'num_points': 32}, {'avg_silhouette': 0.5555859846373258, 'num_points': 48}, {'avg_silhouette': 0.7231070284495041, 'num_points': 11}, {'avg_silhouette': 0.5728473832300774, 'num_points': 40}, {'avg_silhouette': 0.6353003654634337, 'num_points': 10}, {'avg_silhouette': 0.36163312938432, 'num_points': 14}, {'avg_silhouette': 0.7492017830300304, 'num_points': 16}, {'avg_silhouette': 0.746716079904065, 'num_points': 13}, {'avg_silhouette': 0.4275808687043274, 'num_points': 12}, {'avg_silhouette': 0.793226858631319, 'num_points': 10}, {'avg_silhouette': 0.46110197050122703, 'num_points': 14}, {'avg_silhouette': 0.32815989284270636, 'num_points': 14}, {'avg_silhouette': 0.685091654053114, 'num_points': 10}, {'avg_silhouette': 0.671322677179009, 'num_points': 14}, {'avg_silhouette': 0.697668602415277, 'num_points': 14}, {'avg_silhouette': 0.3395665973314053, 'num_points': 15}, {'avg_silhouette': 0.28480258615829857, 'num_points': 31}, {'avg_silhouette': 0.3488908661194249, 'num_points': 36}, {'avg_silhouette': 0.6325282485668839, 'num_points': 15}, {'avg_silhouette': 0.6400820629363322, 'num_points': 31}, {'avg_silhouette': 0.483565172036396, 'num_points': 16}, {'avg_silhouette': 0.7311702050735226, 'num_points': 13}, {'avg_silhouette': 0.4971136388338893, 'num_points': 24}, {'avg_silhouette': 0.9793250054544347, 'num_points': 28}, {'avg_silhouette': 0.524749117615088, 'num_points': 10}]",10.0,42,0.08055764605731731,,2,0.4723655839080503
DBSCAN,,0.16831239517769858,"[{'avg_silhouette': 0.4305799463954065, 'num_points': 160}, {'avg_silhouette': 0.31944080663513946, 'num_points': 4492}, {'avg_silhouette': 0.2310524479938175, 'num_points': 274}, {'avg_silhouette': 0.35126728247232136, 'num_points': 60}, {'avg_silhouette': 0.35705084551358784, 'num_points': 53}, {'avg_silhouette': 0.536772538341911, 'num_points': 476}, {'avg_silhouette': 0.647423455966238, 'num_points': 7}, {'avg_silhouette': 0.27547288745664616, 'num_points': 43}, {'avg_silhouette': 0.5777621776272647, 'num_points': 6}, {'avg_silhouette': 0.19142480960639494, 'num_points': 79}, {'avg_silhouette': 0.857615892140558, 'num_points': 43}, {'avg_silhouette': 0.6530108668020727, 'num_points': 25}, {'avg_silhouette': 0.8639828746687161, 'num_points': 16}, {'avg_silhouette': 0.4501502265278765, 'num_points': 85}, {'avg_silhouette': 0.23112965853333928, 'num_points': 21}, {'avg_silhouette': 0.36103728526004414, 'num_points': 19}, {'avg_silhouette': 0.5996937540205575, 'num_points': 6}, {'avg_silhouette': 0.4429996073364025, 'num_points': 13}, {'avg_silhouette': 0.6326772605606733, 'num_points': 18}, {'avg_silhouette': 0.3326647186355225, 'num_points': 27}, {'avg_silhouette': 0.589696406566816, 'num_points': 12}, {'avg_silhouette': 0.2739049615470176, 'num_points': 16}, {'avg_silhouette': 0.6170887781582257, 'num_points': 16}, {'avg_silhouette': 0.5444319587444362, 'num_points': 10}, {'avg_silhouette': 0.6108330198078836, 'num_points': 18}, {'avg_silhouette': 0.5371610688746122, 'num_points': 5}, {'avg_silhouette': 0.6988465413223954, 'num_points': 24}, {'avg_silhouette': 0.8921951243390778, 'num_points': 7}, {'avg_silhouette': 0.2630936504318179, 'num_points': 18}, {'avg_silhouette': 0.36579483250777595, 'num_points': 7}, {'avg_silhouette': 0.5015573326115372, 'num_points': 15}, {'avg_silhouette': 0.5347105984675279, 'num_points': 37}, {'avg_silhouette': 0.6865843558809919, 'num_points': 5}, {'avg_silhouette': 0.7859409033976584, 'num_points': 12}, {'avg_silhouette': 0.14903458453168292, 'num_points': 54}, {'avg_silhouette': 0.4591833328816692, 'num_points': 7}, {'avg_silhouette': 0.3263392216496414, 'num_points': 10}, {'avg_silhouette': 0.39851016312017934, 'num_points': 19}, {'avg_silhouette': 0.54547200440259, 'num_points': 6}, {'avg_silhouette': 0.5756245875213867, 'num_points': 15}, {'avg_silhouette': 0.4051480523462955, 'num_points': 5}, {'avg_silhouette': 0.3312061826783902, 'num_points': 20}, {'avg_silhouette': 0.8687536145199491, 'num_points': 7}, {'avg_silhouette': 0.3824205637405916, 'num_points': 6}, {'avg_silhouette': 0.36770764601387107, 'num_points': 4}, {'avg_silhouette': 0.4728918138689886, 'num_points': 13}, {'avg_silhouette': 0.7304491304823648, 'num_points': 5}, {'avg_silhouette': 0.47141953767499717, 'num_points': 8}, {'avg_silhouette': 0.418555105480434, 'num_points': 5}, {'avg_silhouette': 0.41627059183648474, 'num_points': 7}, {'avg_silhouette': 0.5747256133936498, 'num_points': 5}, {'avg_silhouette': 0.48074716632385905, 'num_points': 5}, {'avg_silhouette': 0.27137676127192667, 'num_points': 29}, {'avg_silhouette': 0.7044634485780092, 'num_points': 14}, {'avg_silhouette': 0.08673350008875898, 'num_points': 179}, {'avg_silhouette': 0.6930345651048625, 'num_points': 6}, {'avg_silhouette': 0.6296296660747074, 'num_points': 16}, {'avg_silhouette': 0.36541169658899797, 'num_points': 23}, {'avg_silhouette': 0.5002829753933258, 'num_points': 5}, {'avg_silhouette': 0.6176272209076189, 'num_points': 5}, {'avg_silhouette': 0.6685224828094048, 'num_points': 31}, {'avg_silhouette': 0.48256308723679514, 'num_points': 8}, {'avg_silhouette': 0.4741848130753947, 'num_points': 6}, {'avg_silhouette': 0.4634732525929235, 'num_points': 6}, {'avg_silhouette': 0.6764670665953616, 'num_points': 15}, {'avg_silhouette': 0.31894740825345014, 'num_points': 41}, {'avg_silhouette': 0.5982579379764319, 'num_points': 6}, {'avg_silhouette': 0.8353720792334831, 'num_points': 5}, {'avg_silhouette': 0.8108496119813684, 'num_points': 9}, {'avg_silhouette': 0.9353442154125903, 'num_points': 29}]",5.0,70,0.080393591164141,,1,
DBSCAN,,0.15831239517769857,"[{'avg_silhouette': 0.4825811776310984, 'num_points': 160}, {'avg_silhouette': 0.33389830993330183, 'num_points': 4220}, {'avg_silhouette': 0.22525679450065392, 'num_points': 253}, {'avg_silhouette': 0.3402729007521881, 'num_points': 60}, {'avg_silhouette': 0.393764668903311, 'num_points': 53}, {'avg_silhouette': 0.3760554420301435, 'num_points': 172}, {'avg_silhouette': 0.5419214256259223, 'num_points': 473}, {'avg_silhouette': 0.6454124026621236, 'num_points': 7}, {'avg_silhouette': 0.2666074688592692, 'num_points': 42}, {'avg_silhouette': 0.5774464455912148, 'num_points': 6}, {'avg_silhouette': 0.12522672604170046, 'num_points': 67}, {'avg_silhouette': 0.6654599929213, 'num_points': 24}, {'avg_silhouette': 0.863656403232919, 'num_points': 16}, {'avg_silhouette': 0.5002803466891697, 'num_points': 84}, {'avg_silhouette': 0.36030646965006174, 'num_points': 19}, {'avg_silhouette': 0.33026768286322833, 'num_points': 14}, {'avg_silhouette': 0.6965397297728652, 'num_points': 5}, {'avg_silhouette': 0.5088932474765436, 'num_points': 18}, {'avg_silhouette': 0.4568706831117735, 'num_points': 92}, {'avg_silhouette': 0.32459566568512627, 'num_points': 27}, {'avg_silhouette': 0.5895278771717337, 'num_points': 12}, {'avg_silhouette': 0.29959867808724544, 'num_points': 14}, {'avg_silhouette': 0.6141472517977886, 'num_points': 16}, {'avg_silhouette': 0.8668773646070154, 'num_points': 41}, {'avg_silhouette': 0.5648524599782662, 'num_points': 9}, {'avg_silhouette': 0.4060974845573772, 'num_points': 12}, {'avg_silhouette': 0.7108313909351242, 'num_points': 22}, {'avg_silhouette': 0.3485955260841252, 'num_points': 7}, {'avg_silhouette': 0.39584515357497607, 'num_points': 13}, {'avg_silhouette': 0.35128567162194907, 'num_points': 7}, {'avg_silhouette': 0.5347105984675279, 'num_points': 37}, {'avg_silhouette': 0.6865843558809919, 'num_points': 5}, {'avg_silhouette': 0.8330360995896395, 'num_points': 10}, {'avg_silhouette': 0.5806818270890719, 'num_points': 5}, {'avg_silhouette': 0.2463978415460794, 'num_points': 37}, {'avg_silhouette': 0.2381670083863567, 'num_points': 11}, {'avg_silhouette': 0.4831532534313312, 'num_points': 8}, {'avg_silhouette': 0.4120733415596018, 'num_points': 18}, {'avg_silhouette': 0.4068946304779161, 'num_points': 10}, {'avg_silhouette': 0.4494918481355143, 'num_points': 6}, {'avg_silhouette': 0.5648060198046365, 'num_points': 6}, {'avg_silhouette': 0.7696284073163896, 'num_points': 9}, {'avg_silhouette': 0.5658218285752851, 'num_points': 7}, {'avg_silhouette': 0.34105153144416134, 'num_points': 14}, {'avg_silhouette': 0.41088906357727906, 'num_points': 5}, {'avg_silhouette': 0.43946837614596124, 'num_points': 11}, {'avg_silhouette': 0.8817960343875447, 'num_points': 6}, {'avg_silhouette': 0.4996134683981503, 'num_points': 6}, {'avg_silhouette': 0.891989678407609, 'num_points': 7}, {'avg_silhouette': 0.44692978698029034, 'num_points': 5}, {'avg_silhouette': 0.46657951979293816, 'num_points': 5}, {'avg_silhouette': 0.2666032690968608, 'num_points': 7}, {'avg_silhouette': 0.7304491304823648, 'num_points': 5}, {'avg_silhouette': 0.4308758234031016, 'num_points': 8}, {'avg_silhouette': 0.3407039695796487, 'num_points': 5}, {'avg_silhouette': 0.331252034545358, 'num_points': 26}, {'avg_silhouette': 0.7009124592982309, 'num_points': 14}, {'avg_silhouette': 0.18200906877115955, 'num_points': 122}, {'avg_silhouette': 0.6930345651048625, 'num_points': 6}, {'avg_silhouette': 0.6296296660747074, 'num_points': 16}, {'avg_silhouette': 0.45204492556264775, 'num_points': 19}, {'avg_silhouette': 0.6679103465725367, 'num_points': 31}, {'avg_silhouette': 0.7174295372039738, 'num_points': 6}, {'avg_silhouette': 0.4402330341018357, 'num_points': 6}, {'avg_silhouette': 0.3071065825086628, 'num_points': 27}, {'avg_silhouette': 0.24992784720353747, 'num_points': 23}, {'avg_silhouette': 0.32476252618101586, 'num_points': 8}, {'avg_silhouette': 0.5789188713741548, 'num_points': 15}, {'avg_silhouette': 0.4766005282120194, 'num_points': 25}, {'avg_silhouette': 0.3849033748560419, 'num_points': 15}, {'avg_silhouette': 0.8200772386614142, 'num_points': 5}, {'avg_silhouette': 0.7979567123816129, 'num_points': 9}, {'avg_silhouette': 0.5081861853680831, 'num_points': 6}, {'avg_silhouette': 0.9583904849921332, 'num_points': 28}]",5.0,74,0.07872366485441486,,1,
HDBSCAN,,,"[{'avg_silhouette': 0.6586322995111907, 'num_points': 581}, {'avg_silhouette': 0.3097688513667478, 'num_points': 607}, {'avg_silhouette': 0.4869526533770217, 'num_points': 2117}, {'avg_silhouette': 0.6085533653573573, 'num_points': 1667}]",,4,0.07715606097293581,316.0,4,0.5159767924030794
DBSCAN,,0.10831239517769853,"[{'avg_silhouette': 0.5011525793811258, 'num_points': 80}, {'avg_silhouette': 0.36284655469110516, 'num_points': 2387}, {'avg_silhouette': 0.6316155896839677, 'num_points': 27}, {'avg_silhouette': 0.31732011575485947, 'num_points': 86}, {'avg_silhouette': 0.6187475666531462, 'num_points': 31}, {'avg_silhouette': 0.46970838237546325, 'num_points': 112}, {'avg_silhouette': 0.5806605598825557, 'num_points': 1762}, {'avg_silhouette': 0.3682310138921328, 'num_points': 70}, {'avg_silhouette': 0.593199312184161, 'num_points': 250}, {'avg_silhouette': 0.6506925435684279, 'num_points': 216}, {'avg_silhouette': 0.4263508888240369, 'num_points': 107}, {'avg_silhouette': 0.5846215775364453, 'num_points': 37}, {'avg_silhouette': 0.6116829321448496, 'num_points': 15}, {'avg_silhouette': 0.5800007078384575, 'num_points': 76}, {'avg_silhouette': 0.7877213321368282, 'num_points': 11}, {'avg_silhouette': 0.9169141922070417, 'num_points': 32}, {'avg_silhouette': 0.8257778625214559, 'num_points': 12}, {'avg_silhouette': 0.80937484147049, 'num_points': 10}, {'avg_silhouette': 0.7274703848603219, 'num_points': 32}, {'avg_silhouette': 0.5710398194972898, 'num_points': 47}, {'avg_silhouette': 0.5703027822873186, 'num_points': 40}, {'avg_silhouette': 0.6348893539595805, 'num_points': 10}, {'avg_silhouette': 0.7470171188100799, 'num_points': 16}, {'avg_silhouette': 0.3944133572279193, 'num_points': 12}, {'avg_silhouette': 0.7527560712754241, 'num_points': 10}, {'avg_silhouette': 0.5551783168067592, 'num_points': 10}, {'avg_silhouette': 0.43525573918085014, 'num_points': 11}, {'avg_silhouette': 0.6710720122465144, 'num_points': 14}, {'avg_silhouette': 0.33375338277409156, 'num_points': 25}, {'avg_silhouette': 0.4246908465469152, 'num_points': 30}, {'avg_silhouette': 0.655194766905822, 'num_points': 12}, {'avg_silhouette': 0.34089937458664565, 'num_points': 14}, {'avg_silhouette': 0.7044626778453495, 'num_points': 13}, {'avg_silhouette': 0.6491655659141159, 'num_points': 30}, {'avg_silhouette': 0.5112371888356717, 'num_points': 15}, {'avg_silhouette': 0.7048281971201209, 'num_points': 15}, {'avg_silhouette': 0.9793168515074074, 'num_points': 28}, {'avg_silhouette': 0.5194598209136441, 'num_points': 10}, {'avg_silhouette': 0.7705473522973332, 'num_points': 12}]",10.0,39,0.07678655318255283,,2,0.47175355728683044
HDBSCAN,,,"[{'avg_silhouette': 0.6600214295404936, 'num_points': 580}, {'avg_silhouette': 0.3485886266308594, 'num_points': 507}, {'avg_silhouette': 0.4898225616247609, 'num_points': 2108}, {'avg_silhouette': 0.609850551507139, 'num_points': 1663}]",,4,0.07048556726424898,341.0,4,0.5270707923258132
HDBSCAN,,,"[{'avg_silhouette': 0.6614983404074928, 'num_points': 579}, {'avg_silhouette': 0.4435042958265475, 'num_points': 383}, {'avg_silhouette': 0.49046185068762715, 'num_points': 2106}, {'avg_silhouette': 0.6101744477673788, 'num_points': 1662}]",,4,0.06372119773524632,366.0,3,0.5873782129541664
DBSCAN,,0.15831239517769857,"[{'avg_silhouette': 0.4825811776310984, 'num_points': 160}, {'avg_silhouette': 0.3253065290136802, 'num_points': 4214}, {'avg_silhouette': 0.25146279138892214, 'num_points': 250}, {'avg_silhouette': 0.33649523480730553, 'num_points': 60}, {'avg_silhouette': 0.4845297941572493, 'num_points': 42}, {'avg_silhouette': 0.38018150299035375, 'num_points': 171}, {'avg_silhouette': 0.5382071814062382, 'num_points': 472}, {'avg_silhouette': 0.2735356186633847, 'num_points': 40}, {'avg_silhouette': 0.3366942585104339, 'num_points': 53}, {'avg_silhouette': 0.6967116011550663, 'num_points': 21}, {'avg_silhouette': 0.8635230521182355, 'num_points': 16}, {'avg_silhouette': 0.5100032935040378, 'num_points': 82}, {'avg_silhouette': 0.5078916208593296, 'num_points': 18}, {'avg_silhouette': 0.45405738008229357, 'num_points': 92}, {'avg_silhouette': 0.3904410859088847, 'num_points': 13}, {'avg_silhouette': 0.8987451635213249, 'num_points': 35}, {'avg_silhouette': 0.6956899825579662, 'num_points': 12}, {'avg_silhouette': 0.6931685667771382, 'num_points': 16}, {'avg_silhouette': 0.6765827447279259, 'num_points': 22}, {'avg_silhouette': 0.7370406389544131, 'num_points': 20}, {'avg_silhouette': 0.39265932835702, 'num_points': 13}, {'avg_silhouette': 0.6664615210810035, 'num_points': 35}, {'avg_silhouette': 0.3431575143856435, 'num_points': 35}, {'avg_silhouette': 0.4792698986216283, 'num_points': 15}, {'avg_silhouette': 0.4892290518232083, 'num_points': 10}, {'avg_silhouette': 0.8329147652945144, 'num_points': 10}, {'avg_silhouette': 0.5709625027801476, 'num_points': 25}, {'avg_silhouette': 0.44349436857276725, 'num_points': 10}, {'avg_silhouette': 0.7002317314645033, 'num_points': 14}, {'avg_silhouette': 0.20084676596391654, 'num_points': 120}, {'avg_silhouette': 0.6296296660747074, 'num_points': 16}, {'avg_silhouette': 0.49177034799723446, 'num_points': 17}, {'avg_silhouette': 0.6675582481427382, 'num_points': 31}, {'avg_silhouette': 0.33696335160836843, 'num_points': 26}, {'avg_silhouette': 0.28116695460520263, 'num_points': 21}, {'avg_silhouette': 0.5789188713741548, 'num_points': 15}, {'avg_silhouette': 0.3849033748560419, 'num_points': 15}, {'avg_silhouette': 0.4766005282120194, 'num_points': 25}, {'avg_silhouette': 0.9793262803326142, 'num_points': 28}]",10.0,39,0.06240462928388287,,1,
DBSCAN,,0.14831239517769856,"[{'avg_silhouette': 0.48684677266088056, 'num_points': 159}, {'avg_silhouette': 0.3051023778776696, 'num_points': 4196}, {'avg_silhouette': 0.21818659639412455, 'num_points': 249}, {'avg_silhouette': 0.33988341551505863, 'num_points': 59}, {'avg_silhouette': 0.29184742871827246, 'num_points': 44}, {'avg_silhouette': 0.36852250314926616, 'num_points': 171}, {'avg_silhouette': 0.5051012788043835, 'num_points': 473}, {'avg_silhouette': 0.626186307794736, 'num_points': 7}, {'avg_silhouette': 0.4425604048829648, 'num_points': 9}, {'avg_silhouette': 0.25654275474252075, 'num_points': 26}, {'avg_silhouette': 0.6301850105053409, 'num_points': 5}, {'avg_silhouette': 0.2970280898132424, 'num_points': 12}, {'avg_silhouette': 0.11308610057552249, 'num_points': 43}, {'avg_silhouette': 0.6879039662275294, 'num_points': 22}, {'avg_silhouette': 0.5945583688429019, 'num_points': 38}, {'avg_silhouette': 0.23337782825057082, 'num_points': 12}, {'avg_silhouette': 0.6851231663942716, 'num_points': 5}, {'avg_silhouette': 0.5338785526487548, 'num_points': 17}, {'avg_silhouette': 0.4532579597117266, 'num_points': 92}, {'avg_silhouette': 0.37629432026857634, 'num_points': 20}, {'avg_silhouette': 0.4637946848950765, 'num_points': 6}, {'avg_silhouette': 0.3904410859088847, 'num_points': 13}, {'avg_silhouette': 0.6141472517977886, 'num_points': 16}, {'avg_silhouette': 0.5207131607952992, 'num_points': 34}, {'avg_silhouette': 0.5640699556817605, 'num_points': 9}, {'avg_silhouette': 0.4060974845573772, 'num_points': 12}, {'avg_silhouette': 0.5048876985266378, 'num_points': 10}, {'avg_silhouette': 0.4241339498650933, 'num_points': 46}, {'avg_silhouette': 0.5184052003410451, 'num_points': 13}, {'avg_silhouette': 0.40626523257393726, 'num_points': 12}, {'avg_silhouette': 0.3685655080524959, 'num_points': 6}, {'avg_silhouette': 0.5347105984675279, 'num_points': 37}, {'avg_silhouette': 0.6865843558809919, 'num_points': 5}, {'avg_silhouette': 0.40660300235331515, 'num_points': 13}, {'avg_silhouette': 0.31197161748515495, 'num_points': 9}, {'avg_silhouette': 0.8328397538050293, 'num_points': 10}, {'avg_silhouette': 0.586066237524217, 'num_points': 5}, {'avg_silhouette': 0.2797130960866797, 'num_points': 23}, {'avg_silhouette': 0.23263325182926628, 'num_points': 10}, {'avg_silhouette': 0.7146496044405068, 'num_points': 8}, {'avg_silhouette': 0.5591773451497417, 'num_points': 5}, {'avg_silhouette': 0.5178698694641933, 'num_points': 11}, {'avg_silhouette': 0.352085565442228, 'num_points': 13}, {'avg_silhouette': 0.4969171407565576, 'num_points': 8}, {'avg_silhouette': 0.8716470330632838, 'num_points': 15}, {'avg_silhouette': 0.44586711710728144, 'num_points': 6}, {'avg_silhouette': 0.5648060198046365, 'num_points': 6}, {'avg_silhouette': 0.7484613930614037, 'num_points': 9}, {'avg_silhouette': 0.5362746568900506, 'num_points': 7}, {'avg_silhouette': 0.40391216424232573, 'num_points': 10}, {'avg_silhouette': 0.37745263392791134, 'num_points': 6}, {'avg_silhouette': 0.38663366897864065, 'num_points': 7}, {'avg_silhouette': 0.45354968015255037, 'num_points': 10}, {'avg_silhouette': 0.327735767320007, 'num_points': 15}, {'avg_silhouette': 0.9074709885929781, 'num_points': 5}, {'avg_silhouette': 0.9062682207534665, 'num_points': 6}, {'avg_silhouette': 0.4534259762449544, 'num_points': 5}, {'avg_silhouette': 0.3277050820869263, 'num_points': 6}, {'avg_silhouette': 0.5226635569865183, 'num_points': 5}, {'avg_silhouette': 0.35892765958362793, 'num_points': 5}, {'avg_silhouette': 0.3670395534502575, 'num_points': 25}, {'avg_silhouette': 0.5411394235836713, 'num_points': 5}, {'avg_silhouette': 0.2649568934575408, 'num_points': 6}, {'avg_silhouette': 0.4618886182564735, 'num_points': 5}, {'avg_silhouette': 0.6998916173894765, 'num_points': 14}, {'avg_silhouette': 0.1919553450970118, 'num_points': 116}, {'avg_silhouette': 0.6490635118202372, 'num_points': 6}, {'avg_silhouette': 0.6291126405288334, 'num_points': 16}, {'avg_silhouette': 0.47884302146652713, 'num_points': 17}, {'avg_silhouette': 0.6679103465725367, 'num_points': 31}, {'avg_silhouette': 0.43057248988788005, 'num_points': 6}, {'avg_silhouette': 0.3792599526623371, 'num_points': 24}, {'avg_silhouette': 0.24566574552034529, 'num_points': 22}, {'avg_silhouette': 0.35168514746742596, 'num_points': 7}, {'avg_silhouette': 0.5789188713741548, 'num_points': 15}, {'avg_silhouette': 0.4668852595083026, 'num_points': 25}, {'avg_silhouette': 0.4703519966497831, 'num_points': 12}, {'avg_silhouette': 0.7979567123816129, 'num_points': 9}, {'avg_silhouette': 0.5096932619636257, 'num_points': 5}, {'avg_silhouette': 0.9793262803326142, 'num_points': 28}, {'avg_silhouette': 0.8196314439657988, 'num_points': 5}]",5.0,81,0.0564403595435539,,1,
DBSCAN,,0.16831239517769858,"[{'avg_silhouette': 0.4825811776310984, 'num_points': 160}, {'avg_silhouette': 0.28375036723230823, 'num_points': 4397}, {'avg_silhouette': 0.2506457261229047, 'num_points': 256}, {'avg_silhouette': 0.3382863181492643, 'num_points': 60}, {'avg_silhouette': 0.4037347629047674, 'num_points': 51}, {'avg_silhouette': 0.5342103483695372, 'num_points': 476}, {'avg_silhouette': 0.2685262747751005, 'num_points': 42}, {'avg_silhouette': 0.26365079645067413, 'num_points': 63}, {'avg_silhouette': 0.6900154046665666, 'num_points': 22}, {'avg_silhouette': 0.863570437643581, 'num_points': 16}, {'avg_silhouette': 0.5065628912110837, 'num_points': 83}, {'avg_silhouette': 0.5576741537599553, 'num_points': 18}, {'avg_silhouette': 0.4648418878989812, 'num_points': 92}, {'avg_silhouette': 0.37346945657807795, 'num_points': 14}, {'avg_silhouette': 0.6931685667771382, 'num_points': 16}, {'avg_silhouette': 0.8719979680558522, 'num_points': 41}, {'avg_silhouette': 0.6099552814987653, 'num_points': 18}, {'avg_silhouette': 0.6395127742621879, 'num_points': 26}, {'avg_silhouette': 0.7103789712640658, 'num_points': 22}, {'avg_silhouette': 0.3722021591196703, 'num_points': 13}, {'avg_silhouette': 0.6674255387871052, 'num_points': 35}, {'avg_silhouette': 0.5013145655645167, 'num_points': 11}, {'avg_silhouette': 0.78560807498446, 'num_points': 12}, {'avg_silhouette': 0.2631684994512719, 'num_points': 37}, {'avg_silhouette': 0.4867200244375199, 'num_points': 15}, {'avg_silhouette': 0.7260686632844808, 'num_points': 10}, {'avg_silhouette': 0.284383776319498, 'num_points': 16}, {'avg_silhouette': 0.48412646556205186, 'num_points': 10}, {'avg_silhouette': 0.3416881075993921, 'num_points': 11}, {'avg_silhouette': 0.3774502830443522, 'num_points': 16}, {'avg_silhouette': 0.5712596230986824, 'num_points': 25}, {'avg_silhouette': 0.5031234562426977, 'num_points': 10}, {'avg_silhouette': 0.7029837790577875, 'num_points': 14}, {'avg_silhouette': 0.14223718945952651, 'num_points': 174}, {'avg_silhouette': 0.6296296660747074, 'num_points': 16}, {'avg_silhouette': 0.4346996523084037, 'num_points': 21}, {'avg_silhouette': 0.6685224828094048, 'num_points': 31}, {'avg_silhouette': 0.6764670665953616, 'num_points': 15}, {'avg_silhouette': 0.35652925123251494, 'num_points': 41}, {'avg_silhouette': 0.9703226887828361, 'num_points': 29}]",10.0,40,0.05408521505720437,,1,
DBSCAN,,0.14831239517769856,"[{'avg_silhouette': 0.48684677266088056, 'num_points': 159}, {'avg_silhouette': 0.3207741310630093, 'num_points': 4187}, {'avg_silhouette': 0.2228272144557667, 'num_points': 243}, {'avg_silhouette': 0.3834371708784191, 'num_points': 53}, {'avg_silhouette': 0.4710097462025805, 'num_points': 40}, {'avg_silhouette': 0.3761744035779328, 'num_points': 169}, {'avg_silhouette': 0.5800690881368544, 'num_points': 472}, {'avg_silhouette': 0.7074126521680938, 'num_points': 20}, {'avg_silhouette': 0.5749456833295571, 'num_points': 38}, {'avg_silhouette': 0.5322799024753693, 'num_points': 17}, {'avg_silhouette': 0.4476950926564869, 'num_points': 92}, {'avg_silhouette': 0.4149212620994727, 'num_points': 12}, {'avg_silhouette': 0.9031164251620886, 'num_points': 34}, {'avg_silhouette': 0.6950712514120903, 'num_points': 12}, {'avg_silhouette': 0.6931685667771382, 'num_points': 16}, {'avg_silhouette': 0.7016476957590345, 'num_points': 19}, {'avg_silhouette': 0.8155635624830183, 'num_points': 13}, {'avg_silhouette': 0.6515958526996036, 'num_points': 35}, {'avg_silhouette': 0.3058243729188952, 'num_points': 22}, {'avg_silhouette': 0.39786835618217425, 'num_points': 12}, {'avg_silhouette': 0.24993327935384466, 'num_points': 36}, {'avg_silhouette': 0.315153746020091, 'num_points': 21}, {'avg_silhouette': 0.6304834596721787, 'num_points': 11}, {'avg_silhouette': 0.5109714621114652, 'num_points': 43}, {'avg_silhouette': 0.4565282390169766, 'num_points': 10}, {'avg_silhouette': 0.8326882508891014, 'num_points': 10}, {'avg_silhouette': 0.8987687937395339, 'num_points': 11}, {'avg_silhouette': 0.4076994014557887, 'num_points': 11}, {'avg_silhouette': 0.4135168148997806, 'num_points': 11}, {'avg_silhouette': 0.5707217457032789, 'num_points': 25}, {'avg_silhouette': 0.6993293646209519, 'num_points': 14}, {'avg_silhouette': 0.20003962823239965, 'num_points': 115}, {'avg_silhouette': 0.6291126405288334, 'num_points': 16}, {'avg_silhouette': 0.5284430705909774, 'num_points': 15}, {'avg_silhouette': 0.6675582481427382, 'num_points': 31}, {'avg_silhouette': 0.28767485620723016, 'num_points': 20}, {'avg_silhouette': 0.37498726677912253, 'num_points': 24}, {'avg_silhouette': 0.5789188713741548, 'num_points': 15}, {'avg_silhouette': 0.4703519966497831, 'num_points': 12}, {'avg_silhouette': 0.4668852595083026, 'num_points': 25}, {'avg_silhouette': 0.9793262803326142, 'num_points': 28}]",10.0,41,0.04988119496139579,,1,
HDBSCAN,,,"[{'avg_silhouette': 0.5028053736332772, 'num_points': 2063}, {'avg_silhouette': 0.6118728168178983, 'num_points': 1653}]",,2,0.032290180437685806,554.0,2,0.5573390952255877
HDBSCAN,,,"[{'avg_silhouette': 0.5039623304982073, 'num_points': 2059}, {'avg_silhouette': 0.611654430999081, 'num_points': 1653}]",,2,0.03204361487476749,571.0,2,0.5578083807486441
HDBSCAN,,,"[{'avg_silhouette': 0.504716813901406, 'num_points': 2056}, {'avg_silhouette': 0.6119888869754346, 'num_points': 1652}]",,2,0.031781095288587476,587.0,2,0.5583528504384203
HDBSCAN,,,"[{'avg_silhouette': 0.5061062836893679, 'num_points': 2051}, {'avg_silhouette': 0.6121850706191306, 'num_points': 1651}]",,2,0.03140384297131492,603.0,2,0.5591456771542493
DBSCAN,,0.09831239517769852,"[{'avg_silhouette': 0.18307808148600524, 'num_points': 2259}, {'avg_silhouette': 0.6476912553994935, 'num_points': 26}, {'avg_silhouette': 0.32067316663026874, 'num_points': 84}, {'avg_silhouette': 0.5023276971474543, 'num_points': 105}, {'avg_silhouette': 0.5205440415527702, 'num_points': 36}, {'avg_silhouette': 0.43430248744631617, 'num_points': 1629}, {'avg_silhouette': 0.3304260706661165, 'num_points': 30}, {'avg_silhouette': 0.618085110318002, 'num_points': 31}, {'avg_silhouette': 0.5873086935192607, 'num_points': 220}, {'avg_silhouette': 0.5152129471381282, 'num_points': 42}, {'avg_silhouette': 0.6691521904607606, 'num_points': 209}, {'avg_silhouette': 0.3666694049681939, 'num_points': 27}, {'avg_silhouette': 0.4748626580947476, 'num_points': 98}, {'avg_silhouette': 0.44515740303619594, 'num_points': 36}, {'avg_silhouette': 0.5051095446779997, 'num_points': 112}, {'avg_silhouette': 0.5983480983619518, 'num_points': 36}, {'avg_silhouette': 0.6078461048702924, 'num_points': 15}, {'avg_silhouette': 0.5826049383714346, 'num_points': 75}, {'avg_silhouette': 0.7873425749262335, 'num_points': 11}, {'avg_silhouette': 0.9306018332243724, 'num_points': 28}, {'avg_silhouette': 0.6337873004175116, 'num_points': 109}, {'avg_silhouette': 0.8434129273465488, 'num_points': 11}, {'avg_silhouette': 0.7394975580936723, 'num_points': 31}, {'avg_silhouette': 0.5740762954513412, 'num_points': 46}, {'avg_silhouette': 0.5817814159410307, 'num_points': 39}, {'avg_silhouette': 0.7424800549775183, 'num_points': 16}, {'avg_silhouette': 0.7081478216174387, 'num_points': 12}, {'avg_silhouette': 0.44199833277212447, 'num_points': 29}, {'avg_silhouette': 0.6882486019399812, 'num_points': 10}, {'avg_silhouette': 0.7366762066940782, 'num_points': 21}, {'avg_silhouette': 0.3746833877555726, 'num_points': 23}, {'avg_silhouette': 0.727053684316808, 'num_points': 11}, {'avg_silhouette': 0.7048281971201209, 'num_points': 15}, {'avg_silhouette': 0.9793103829871173, 'num_points': 28}, {'avg_silhouette': 0.6467393341064059, 'num_points': 14}, {'avg_silhouette': 0.7705473522973332, 'num_points': 12}]",10.0,36,0.03126666397421601,,2,0.3086902844661607
HDBSCAN,,,"[{'avg_silhouette': 0.5075360935927782, 'num_points': 2046}, {'avg_silhouette': 0.6119134340020944, 'num_points': 1651}]",,2,0.03108755402456995,618.0,2,0.5597247637974363
HDBSCAN,,,"[{'avg_silhouette': 0.5078294917158879, 'num_points': 2045}, {'avg_silhouette': 0.6118518841577627, 'num_points': 1651}]",,2,0.031024729480983435,632.0,2,0.5598406879368253
HDBSCAN,,,"[{'avg_silhouette': 0.5081070859774819, 'num_points': 2044}, {'avg_silhouette': 0.6118067083525116, 'num_points': 1651}]",,2,0.03095993774180039,645.0,2,0.5599568971649967
HDBSCAN,,,"[{'avg_silhouette': 0.5089645568016786, 'num_points': 2041}, {'avg_silhouette': 0.611639848977593, 'num_points': 1651}]",,2,0.030767471008733633,670.0,2,0.5603022028896358
HDBSCAN,,,"[{'avg_silhouette': 0.5089645568016786, 'num_points': 2041}, {'avg_silhouette': 0.611639848977593, 'num_points': 1651}]",,2,0.030767471008733633,658.0,2,0.5603022028896358
HDBSCAN,,,"[{'avg_silhouette': 0.5092485813930977, 'num_points': 2040}, {'avg_silhouette': 0.611580002086831, 'num_points': 1651}]",,2,0.030702111678812073,681.0,2,0.5604142917399644
HDBSCAN,,,"[{'avg_silhouette': 0.509820545697418, 'num_points': 2038}, {'avg_silhouette': 0.6114658129436739, 'num_points': 1651}]",,2,0.030576248632188923,691.0,2,0.560643179320546
HDBSCAN,,,"[{'avg_silhouette': 0.5103802287906861, 'num_points': 2036}, {'avg_silhouette': 0.6113762659527561, 'num_points': 1651}]",,2,0.030444452831034207,701.0,2,0.5608782473717211
HDBSCAN,,,"[{'avg_silhouette': 0.5106743564738394, 'num_points': 2035}, {'avg_silhouette': 0.6113134803118477, 'num_points': 1651}]",,2,0.03038263587935273,710.0,2,0.5609939183928436
HDBSCAN,,,"[{'avg_silhouette': 0.5109107751843368, 'num_points': 2034}, {'avg_silhouette': 0.6116777378671913, 'num_points': 1650}]",,2,0.030252596322382273,718.0,2,0.561294256525764
HDBSCAN,,,"[{'avg_silhouette': 0.5111641431068558, 'num_points': 2033}, {'avg_silhouette': 0.612111469510525, 'num_points': 1649}]",,2,0.030133163205856815,725.0,2,0.5616378063086904
HDBSCAN,,,"[{'avg_silhouette': 0.5116721760986076, 'num_points': 2031}, {'avg_silhouette': 0.6124478303616281, 'num_points': 1648}]",,2,0.029936099565589094,732.0,2,0.5620600032301178
HDBSCAN,,,"[{'avg_silhouette': 0.511953374114643, 'num_points': 2030}, {'avg_silhouette': 0.6123914392160862, 'num_points': 1648}]",,2,0.02987230658919102,743.0,2,0.5621724066653646
HDBSCAN,,,"[{'avg_silhouette': 0.511953374114643, 'num_points': 2030}, {'avg_silhouette': 0.6123914392160862, 'num_points': 1648}]",,2,0.02987230658919102,738.0,2,0.5621724066653646
HDBSCAN,,,"[{'avg_silhouette': 0.5122145940842195, 'num_points': 2029}, {'avg_silhouette': 0.6123479206594972, 'num_points': 1648}]",,2,0.02979646090372332,747.0,2,0.5622812573718583
HDBSCAN,,,"[{'avg_silhouette': 0.5124551998247068, 'num_points': 2028}, {'avg_silhouette': 0.6127671115751653, 'num_points': 1647}]",,2,0.029673453955238297,754.0,2,0.562611155699936
HDBSCAN,,,"[{'avg_silhouette': 0.5124551998247068, 'num_points': 2028}, {'avg_silhouette': 0.6127671115751653, 'num_points': 1647}]",,2,0.029673453955238297,751.0,2,0.562611155699936
HDBSCAN,,,"[{'avg_silhouette': 0.5127190725499297, 'num_points': 2027}, {'avg_silhouette': 0.6127204441678709, 'num_points': 1647}]",,2,0.029602920478157775,757.0,2,0.5627197583589003
HDBSCAN,,,"[{'avg_silhouette': 0.5127190725499297, 'num_points': 2027}, {'avg_silhouette': 0.6127204441678709, 'num_points': 1647}]",,2,0.029602920478157775,756.0,2,0.5627197583589003
DBSCAN,,0.08831239517769851,"[{'avg_silhouette': 0.17902166463945982, 'num_points': 2152}, {'avg_silhouette': 0.6476912553994935, 'num_points': 26}, {'avg_silhouette': 0.32463156046884184, 'num_points': 83}, {'avg_silhouette': 0.5354944185670144, 'num_points': 98}, {'avg_silhouette': 0.5205440415527702, 'num_points': 36}, {'avg_silhouette': 0.45700685603133107, 'num_points': 1556}, {'avg_silhouette': 0.3513611621647438, 'num_points': 29}, {'avg_silhouette': 0.6267120425989905, 'num_points': 30}, {'avg_silhouette': 0.6026693185959513, 'num_points': 218}, {'avg_silhouette': 0.5152129471381282, 'num_points': 42}, {'avg_silhouette': 0.6736027661750749, 'num_points': 208}, {'avg_silhouette': 0.3631669599220122, 'num_points': 27}, {'avg_silhouette': 0.47862363005724634, 'num_points': 97}, {'avg_silhouette': 0.43680002334586004, 'num_points': 36}, {'avg_silhouette': 0.6545309910388242, 'num_points': 33}, {'avg_silhouette': 0.40119815216976945, 'num_points': 35}, {'avg_silhouette': 0.6367094379726222, 'num_points': 14}, {'avg_silhouette': 0.6048545235299285, 'num_points': 71}, {'avg_silhouette': 0.7860003031457151, 'num_points': 11}, {'avg_silhouette': 0.33218010925457614, 'num_points': 52}, {'avg_silhouette': 0.4016065337319503, 'num_points': 48}, {'avg_silhouette': 0.625722562421095, 'num_points': 109}, {'avg_silhouette': 0.4948478836393697, 'num_points': 112}, {'avg_silhouette': 0.3938067865593717, 'num_points': 15}, {'avg_silhouette': 0.7491460875718432, 'num_points': 30}, {'avg_silhouette': 0.9305930425479068, 'num_points': 28}, {'avg_silhouette': 0.6307757272322602, 'num_points': 42}, {'avg_silhouette': 0.5761158334509116, 'num_points': 39}, {'avg_silhouette': 0.7417779551401786, 'num_points': 16}, {'avg_silhouette': 0.7513779661380576, 'num_points': 10}, {'avg_silhouette': 0.4555423218467698, 'num_points': 27}, {'avg_silhouette': 0.7364160256680351, 'num_points': 21}, {'avg_silhouette': 0.4293527981048813, 'num_points': 19}, {'avg_silhouette': 0.7048281971201209, 'num_points': 15}, {'avg_silhouette': 0.9793103829871173, 'num_points': 28}, {'avg_silhouette': 0.7705473522973332, 'num_points': 12}]",10.0,36,0.02635772462860004,,2,0.3180142603353954
DBSCAN,,0.09831239517769852,"[{'avg_silhouette': 0.5205440415527702, 'num_points': 36}, {'avg_silhouette': 0.15927622168415498, 'num_points': 2272}, {'avg_silhouette': 0.5685259315219227, 'num_points': 26}, {'avg_silhouette': 0.30717183849075774, 'num_points': 85}, {'avg_silhouette': 0.49337115584657304, 'num_points': 31}, {'avg_silhouette': 0.5023276971474543, 'num_points': 105}, {'avg_silhouette': 0.4294089307305992, 'num_points': 1633}, {'avg_silhouette': 0.1701175634307821, 'num_points': 37}, {'avg_silhouette': 0.5873086935192607, 'num_points': 220}, {'avg_silhouette': 0.5152129471381282, 'num_points': 42}, {'avg_silhouette': 0.5979712380923619, 'num_points': 5}, {'avg_silhouette': 0.5465011382522322, 'num_points': 209}, {'avg_silhouette': 0.3666694049681939, 'num_points': 27}, {'avg_silhouette': 0.4451851187373048, 'num_points': 100}, {'avg_silhouette': 0.5081479230329388, 'num_points': 9}, {'avg_silhouette': 0.5164486492610955, 'num_points': 36}, {'avg_silhouette': 0.482682322209725, 'num_points': 112}, {'avg_silhouette': 0.5983480983619518, 'num_points': 36}, {'avg_silhouette': 0.6078461048702924, 'num_points': 15}, {'avg_silhouette': 0.5427973165483231, 'num_points': 77}, {'avg_silhouette': 0.7874311098877669, 'num_points': 11}, {'avg_silhouette': 0.5810515669327939, 'num_points': 7}, {'avg_silhouette': 0.908691757945347, 'num_points': 31}, {'avg_silhouette': 0.5004791555314955, 'num_points': 10}, {'avg_silhouette': 0.5775761632438691, 'num_points': 109}, {'avg_silhouette': 0.3307129042620131, 'num_points': 14}, {'avg_silhouette': 0.7592873344325376, 'num_points': 12}, {'avg_silhouette': 0.49124548620404224, 'num_points': 5}, {'avg_silhouette': 0.5118385173513695, 'num_points': 9}, {'avg_silhouette': 0.8255300368308135, 'num_points': 12}, {'avg_silhouette': 0.35833225973404875, 'num_points': 5}, {'avg_silhouette': 0.7394975580936723, 'num_points': 31}, {'avg_silhouette': 0.5740762954513412, 'num_points': 46}, {'avg_silhouette': 0.4660474215655262, 'num_points': 6}, {'avg_silhouette': 0.5515041517470793, 'num_points': 7}, {'avg_silhouette': 0.5106775122189012, 'num_points': 9}, {'avg_silhouette': 0.5145373963070997, 'num_points': 9}, {'avg_silhouette': 0.6969921312935503, 'num_points': 8}, {'avg_silhouette': 0.9585794291366306, 'num_points': 7}, {'avg_silhouette': 0.8076254220591462, 'num_points': 7}, {'avg_silhouette': 0.5817814159410307, 'num_points': 39}, {'avg_silhouette': 0.5366714932708996, 'num_points': 5}, {'avg_silhouette': 0.4694539488301451, 'num_points': 9}, {'avg_silhouette': 0.37572822630654673, 'num_points': 13}, {'avg_silhouette': 0.6497881731745945, 'num_points': 16}, {'avg_silhouette': 0.6361970062530224, 'num_points': 5}, {'avg_silhouette': 0.8961820962429788, 'num_points': 7}, {'avg_silhouette': 0.7518019261912663, 'num_points': 6}, {'avg_silhouette': 0.6482502996028484, 'num_points': 5}, {'avg_silhouette': 0.5496451583638102, 'num_points': 10}, {'avg_silhouette': 0.626741270659181, 'num_points': 5}, {'avg_silhouette': 0.7857327276380717, 'num_points': 5}, {'avg_silhouette': 0.2563430646890026, 'num_points': 6}, {'avg_silhouette': 0.587791380206329, 'num_points': 5}, {'avg_silhouette': 0.5596618058624521, 'num_points': 6}, {'avg_silhouette': 0.55794224902989, 'num_points': 5}, {'avg_silhouette': 0.3215978972712757, 'num_points': 5}, {'avg_silhouette': 0.6919746316194525, 'num_points': 13}, {'avg_silhouette': 0.3967055040023492, 'num_points': 14}, {'avg_silhouette': 0.3592487371412063, 'num_points': 12}, {'avg_silhouette': 0.7305998470657602, 'num_points': 5}, {'avg_silhouette': 0.6006170507900935, 'num_points': 7}, {'avg_silhouette': 0.28406376684810053, 'num_points': 24}, {'avg_silhouette': 0.4486016160671521, 'num_points': 29}, {'avg_silhouette': 0.33675329512926794, 'num_points': 10}, {'avg_silhouette': 0.6774557413899048, 'num_points': 7}, {'avg_silhouette': 0.429463737716696, 'num_points': 5}, {'avg_silhouette': 0.393631217726036, 'num_points': 22}, {'avg_silhouette': 0.4373482732167322, 'num_points': 8}, {'avg_silhouette': 0.434520866254435, 'num_points': 5}, {'avg_silhouette': 0.5480807628393569, 'num_points': 5}, {'avg_silhouette': 0.36048569252255963, 'num_points': 15}, {'avg_silhouette': 0.3803985162098598, 'num_points': 6}, {'avg_silhouette': 0.6347788062836904, 'num_points': 7}, {'avg_silhouette': 0.616117086392284, 'num_points': 15}, {'avg_silhouette': 0.791983009006707, 'num_points': 9}, {'avg_silhouette': 0.38221835013488276, 'num_points': 9}, {'avg_silhouette': 0.979156828261624, 'num_points': 28}, {'avg_silhouette': 0.5593237961458752, 'num_points': 9}, {'avg_silhouette': 0.7705473522973332, 'num_points': 12}]",5.0,80,0.007023695267173558,,2,0.2943425762073771
DBSCAN,,0.08831239517769851,"[{'avg_silhouette': 0.5205440415527702, 'num_points': 36}, {'avg_silhouette': 0.16208346599781248, 'num_points': 2169}, {'avg_silhouette': 0.5190021193349451, 'num_points': 26}, {'avg_silhouette': 0.32250988021409516, 'num_points': 84}, {'avg_silhouette': 0.5061708206123117, 'num_points': 30}, {'avg_silhouette': 0.5215967244598746, 'num_points': 100}, {'avg_silhouette': 0.44955330504061314, 'num_points': 1562}, {'avg_silhouette': 0.2519166702281142, 'num_points': 33}, {'avg_silhouette': 0.6026693185959513, 'num_points': 218}, {'avg_silhouette': 0.5152129471381282, 'num_points': 42}, {'avg_silhouette': 0.5971149676357157, 'num_points': 5}, {'avg_silhouette': 0.55358186629068, 'num_points': 208}, {'avg_silhouette': 0.3631669599220122, 'num_points': 27}, {'avg_silhouette': 0.4694108162025803, 'num_points': 98}, {'avg_silhouette': 0.4799154267284503, 'num_points': 36}, {'avg_silhouette': 0.4820404778386204, 'num_points': 112}, {'avg_silhouette': 0.6545309910388242, 'num_points': 33}, {'avg_silhouette': 0.40119815216976945, 'num_points': 35}, {'avg_silhouette': 0.6387261062328051, 'num_points': 14}, {'avg_silhouette': 0.5750937960391352, 'num_points': 72}, {'avg_silhouette': 0.7863993428481993, 'num_points': 11}, {'avg_silhouette': 0.6932654747494972, 'num_points': 5}, {'avg_silhouette': 0.33218010925457614, 'num_points': 52}, {'avg_silhouette': 0.9252886624700757, 'num_points': 29}, {'avg_silhouette': 0.5296471352826406, 'num_points': 9}, {'avg_silhouette': 0.402541539980321, 'num_points': 48}, {'avg_silhouette': 0.6306815185652241, 'num_points': 109}, {'avg_silhouette': 0.46456458357643765, 'num_points': 9}, {'avg_silhouette': 0.3938067865593717, 'num_points': 15}, {'avg_silhouette': 0.8435173078967003, 'num_points': 11}, {'avg_silhouette': 0.8290303040153555, 'num_points': 9}, {'avg_silhouette': 0.7491460875718432, 'num_points': 30}, {'avg_silhouette': 0.615838477954676, 'num_points': 43}, {'avg_silhouette': 0.5336016578039278, 'num_points': 7}, {'avg_silhouette': 0.5130845053357557, 'num_points': 9}, {'avg_silhouette': 0.5145373963070997, 'num_points': 9}, {'avg_silhouette': 0.7355063688266547, 'num_points': 7}, {'avg_silhouette': 0.9587176641959447, 'num_points': 7}, {'avg_silhouette': 0.5580233547755862, 'num_points': 8}, {'avg_silhouette': 0.8076254220591462, 'num_points': 7}, {'avg_silhouette': 0.5761158334509116, 'num_points': 39}, {'avg_silhouette': 0.5344130701156425, 'num_points': 5}, {'avg_silhouette': 0.5820475630400177, 'num_points': 8}, {'avg_silhouette': 0.7433738538602945, 'num_points': 16}, {'avg_silhouette': 0.8960237173108556, 'num_points': 7}, {'avg_silhouette': 0.40706305009623855, 'num_points': 11}, {'avg_silhouette': 0.8403407397037658, 'num_points': 6}, {'avg_silhouette': 0.6288024481673278, 'num_points': 5}, {'avg_silhouette': 0.6454818655073441, 'num_points': 5}, {'avg_silhouette': 0.6392519801496097, 'num_points': 8}, {'avg_silhouette': 0.7934125926227196, 'num_points': 5}, {'avg_silhouette': 0.4895536061845075, 'num_points': 5}, {'avg_silhouette': 0.7516633762687267, 'num_points': 10}, {'avg_silhouette': 0.3967055040023492, 'num_points': 14}, {'avg_silhouette': 0.6006170507900935, 'num_points': 7}, {'avg_silhouette': 0.3538433155511416, 'num_points': 20}, {'avg_silhouette': 0.4314382627088254, 'num_points': 29}, {'avg_silhouette': 0.33675329512926794, 'num_points': 10}, {'avg_silhouette': 0.6774557413899048, 'num_points': 7}, {'avg_silhouette': 0.5041758038594719, 'num_points': 9}, {'avg_silhouette': 0.393631217726036, 'num_points': 22}, {'avg_silhouette': 0.4373482732167322, 'num_points': 8}, {'avg_silhouette': 0.41770838410536204, 'num_points': 5}, {'avg_silhouette': 0.5289401878940094, 'num_points': 5}, {'avg_silhouette': 0.429463737716696, 'num_points': 5}, {'avg_silhouette': 0.5256236682490726, 'num_points': 13}, {'avg_silhouette': 0.6310242547803312, 'num_points': 7}, {'avg_silhouette': 0.6130191969630315, 'num_points': 15}, {'avg_silhouette': 0.7922905417934977, 'num_points': 9}, {'avg_silhouette': 0.979156828261624, 'num_points': 28}, {'avg_silhouette': 0.5532936889618064, 'num_points': 9}, {'avg_silhouette': 0.4535629093940051, 'num_points': 8}, {'avg_silhouette': 0.7705473522973332, 'num_points': 12}]",5.0,73,0.0006875383566266768,,2,0.3058183855192128
HDBSCAN,,,"[{'avg_silhouette': 0.6394197377297971, 'num_points': 30}, {'avg_silhouette': 0.7722270797728839, 'num_points': 52}, {'avg_silhouette': 0.5180625091998805, 'num_points': 22}, {'avg_silhouette': 0.4018690461432539, 'num_points': 27}, {'avg_silhouette': 0.831652796818543, 'num_points': 34}, {'avg_silhouette': 0.37130709567112724, 'num_points': 87}, {'avg_silhouette': 0.5145507759210529, 'num_points': 38}, {'avg_silhouette': 0.371163013514897, 'num_points': 47}, {'avg_silhouette': 0.34605268571466546, 'num_points': 20}, {'avg_silhouette': 0.009758362131352458, 'num_points': 1518}, {'avg_silhouette': 0.6333660042055405, 'num_points': 31}, {'avg_silhouette': 0.3429742505513245, 'num_points': 66}, {'avg_silhouette': 0.6023580358236442, 'num_points': 32}, {'avg_silhouette': 0.5774385804028308, 'num_points': 38}, {'avg_silhouette': 0.580645327409633, 'num_points': 248}, {'avg_silhouette': 0.7148840540460711, 'num_points': 130}, {'avg_silhouette': 0.6058497030995199, 'num_points': 30}, {'avg_silhouette': 0.4498143351636507, 'num_points': 19}, {'avg_silhouette': 0.4066441745745648, 'num_points': 25}, {'avg_silhouette': 0.6316085861173375, 'num_points': 19}, {'avg_silhouette': 0.43543616669936475, 'num_points': 50}, {'avg_silhouette': 0.39469826663302754, 'num_points': 47}, {'avg_silhouette': 0.5560699074270702, 'num_points': 41}, {'avg_silhouette': 0.586306524583674, 'num_points': 37}, {'avg_silhouette': 0.46942136223656655, 'num_points': 33}, {'avg_silhouette': 0.36608157761542254, 'num_points': 50}, {'avg_silhouette': 0.47083625391541345, 'num_points': 98}, {'avg_silhouette': 0.3789007573161587, 'num_points': 75}, {'avg_silhouette': 0.5037505751813197, 'num_points': 79}, {'avg_silhouette': 0.6045766593608461, 'num_points': 45}, {'avg_silhouette': 0.4731117777028448, 'num_points': 111}, {'avg_silhouette': 0.4401291779267927, 'num_points': 111}, {'avg_silhouette': 0.37020121032933867, 'num_points': 45}, {'avg_silhouette': 0.5632755999913617, 'num_points': 102}, {'avg_silhouette': 0.43652755566679274, 'num_points': 31}, {'avg_silhouette': 0.3293819556943816, 'num_points': 45}, {'avg_silhouette': 0.3954786063284739, 'num_points': 46}, {'avg_silhouette': 0.3055965933523491, 'num_points': 107}, {'avg_silhouette': 0.4266239583757724, 'num_points': 39}, {'avg_silhouette': 0.570466191473598, 'num_points': 23}, {'avg_silhouette': 0.276992781937967, 'num_points': 67}, {'avg_silhouette': 0.16958563506878563, 'num_points': 103}, {'avg_silhouette': 0.5632521248722724, 'num_points': 135}, {'avg_silhouette': 0.578604806681836, 'num_points': 62}, {'avg_silhouette': 0.7364298815897756, 'num_points': 146}, {'avg_silhouette': 0.478700371295384, 'num_points': 21}, {'avg_silhouette': 0.6897485278161487, 'num_points': 99}, {'avg_silhouette': 0.5658673609205466, 'num_points': 60}, {'avg_silhouette': 1.0, 'num_points': 79}, {'avg_silhouette': 1.0, 'num_points': 35}, {'avg_silhouette': 0.2019831787737884, 'num_points': 90}, {'avg_silhouette': 0.5539760659841945, 'num_points': 67}, {'avg_silhouette': 0.23520702272436136, 'num_points': 29}, {'avg_silhouette': 0.44398686116415315, 'num_points': 50}, {'avg_silhouette': 0.842068669678331, 'num_points': 103}, {'avg_silhouette': 0.6885560906265299, 'num_points': 48}, {'avg_silhouette': 0.5405162471474667, 'num_points': 38}, {'avg_silhouette': 0.7676831502441748, 'num_points': 68}, {'avg_silhouette': 0.701539634621538, 'num_points': 58}, {'avg_silhouette': 0.6761059200655533, 'num_points': 32}]",,60,-0.10493854731213798,19.0,1,
HDBSCAN,,,"[{'avg_silhouette': 0.7763574784408357, 'num_points': 52}, {'avg_silhouette': 0.33628869115470805, 'num_points': 161}, {'avg_silhouette': 0.6207577488078717, 'num_points': 196}, {'avg_silhouette': 0.10903313146610613, 'num_points': 1348}, {'avg_silhouette': 0.6728607238351899, 'num_points': 211}, {'avg_silhouette': 0.6215146834644107, 'num_points': 243}, {'avg_silhouette': 0.3011352549359879, 'num_points': 221}, {'avg_silhouette': 0.2568026029926743, 'num_points': 356}, {'avg_silhouette': 0.5577585548907236, 'num_points': 76}, {'avg_silhouette': 0.4651521943214655, 'num_points': 148}, {'avg_silhouette': 0.556484653893214, 'num_points': 98}, {'avg_silhouette': 0.5915837617721108, 'num_points': 100}, {'avg_silhouette': 0.41830116474276635, 'num_points': 92}, {'avg_silhouette': 0.36524859681579314, 'num_points': 68}, {'avg_silhouette': 0.708848556337426, 'num_points': 99}, {'avg_silhouette': 0.6754499679392263, 'num_points': 144}, {'avg_silhouette': 0.670014375119883, 'num_points': 55}, {'avg_silhouette': 0.7179388598569811, 'num_points': 150}, {'avg_silhouette': 0.700421524165574, 'num_points': 52}, {'avg_silhouette': 0.7316351629601756, 'num_points': 118}, {'avg_silhouette': 0.8097707042354352, 'num_points': 68}, {'avg_silhouette': 0.5397293927147014, 'num_points': 78}, {'avg_silhouette': 0.6226236354956567, 'num_points': 53}, {'avg_silhouette': 0.8681193206839182, 'num_points': 103}]",,24,-0.14623069540278677,52.0,1,
HDBSCAN,,,"[{'avg_silhouette': 0.35951240026791587, 'num_points': 148}, {'avg_silhouette': 0.6185117764508139, 'num_points': 196}, {'avg_silhouette': 0.12412345402374278, 'num_points': 1243}, {'avg_silhouette': 0.6838590228200931, 'num_points': 208}, {'avg_silhouette': 0.6342812213753398, 'num_points': 239}, {'avg_silhouette': 0.35872303747553114, 'num_points': 190}, {'avg_silhouette': 0.32108378905329993, 'num_points': 303}, {'avg_silhouette': 0.5075726828373592, 'num_points': 128}, {'avg_silhouette': 0.6010716486527936, 'num_points': 94}, {'avg_silhouette': 0.6135684574943739, 'num_points': 98}, {'avg_silhouette': 0.5834778416657032, 'num_points': 166}, {'avg_silhouette': 0.7820810225480078, 'num_points': 95}, {'avg_silhouette': 0.5816147097507949, 'num_points': 146}, {'avg_silhouette': 0.7559106877463916, 'num_points': 150}, {'avg_silhouette': 0.4773207908275074, 'num_points': 190}, {'avg_silhouette': 0.4883860504668814, 'num_points': 154}]",,16,-0.19889327977564467,84.0,1,
