algo,linkage,eps,clusters,min_samples,num_clusters,silhouette_score,min_cluster_size,num_representative_clusters,silhouette_score_representative_clusters
DBSCAN,,1.0166666666666662,"[{'avg_silhouette': 0.4439546237872328, 'num_points': 6521}, {'avg_silhouette': 0.4656139725533239, 'num_points': 93}, {'avg_silhouette': 0.5703034555803037, 'num_points': 18}]",10.0,3,0.4368879227273637,,1,
DBSCAN,,1.0166666666666662,"[{'avg_silhouette': 0.43507088574365743, 'num_points': 6533}, {'avg_silhouette': 0.4660317177457524, 'num_points': 93}, {'avg_silhouette': 0.5706303917769658, 'num_points': 18}, {'avg_silhouette': 0.36880383224293517, 'num_points': 7}]",5.0,4,0.4300049120290285,,1,
DBSCAN,,0.6566666666666658,"[{'avg_silhouette': 0.4541746433949604, 'num_points': 6123}, {'avg_silhouette': 0.7172027118384747, 'num_points': 12}, {'avg_silhouette': 0.5759580638673721, 'num_points': 75}, {'avg_silhouette': 0.39707099341742763, 'num_points': 51}, {'avg_silhouette': 0.6917088960742147, 'num_points': 19}, {'avg_silhouette': 0.6065496095030304, 'num_points': 26}, {'avg_silhouette': 0.5108416510709642, 'num_points': 13}, {'avg_silhouette': 0.838331900879872, 'num_points': 13}, {'avg_silhouette': 0.5641410722257887, 'num_points': 10}]",10.0,9,0.4234437497705404,,1,
DBSCAN,,0.6466666666666658,"[{'avg_silhouette': 0.45545085466468327, 'num_points': 6111}, {'avg_silhouette': 0.7172027118384747, 'num_points': 12}, {'avg_silhouette': 0.5759512718777332, 'num_points': 75}, {'avg_silhouette': 0.40113535851224397, 'num_points': 50}, {'avg_silhouette': 0.6915428581568057, 'num_points': 19}, {'avg_silhouette': 0.6063544919261695, 'num_points': 26}, {'avg_silhouette': 0.5105751579770323, 'num_points': 13}, {'avg_silhouette': 0.838249894669948, 'num_points': 13}, {'avg_silhouette': 0.5639423835602787, 'num_points': 10}]",10.0,9,0.4233875108063601,,1,
DBSCAN,,0.6766666666666659,"[{'avg_silhouette': 0.4508221763179771, 'num_points': 6159}, {'avg_silhouette': 0.7176447344765791, 'num_points': 12}, {'avg_silhouette': 0.5681597784570249, 'num_points': 76}, {'avg_silhouette': 0.39711418628180395, 'num_points': 51}, {'avg_silhouette': 0.6626226384178846, 'num_points': 20}, {'avg_silhouette': 0.6073289221592362, 'num_points': 26}, {'avg_silhouette': 0.5118671981818056, 'num_points': 13}, {'avg_silhouette': 0.7801829554098884, 'num_points': 14}, {'avg_silhouette': 0.5649303196208035, 'num_points': 10}]",10.0,9,0.4233789873508751,,1,
DBSCAN,,0.786666666666666,"[{'avg_silhouette': 0.4414538822839745, 'num_points': 6253}, {'avg_silhouette': 0.6662419630839379, 'num_points': 13}, {'avg_silhouette': 0.5500273430716783, 'num_points': 78}, {'avg_silhouette': 0.3942949731640557, 'num_points': 52}, {'avg_silhouette': 0.6646120758701908, 'num_points': 20}, {'avg_silhouette': 0.5829982895617509, 'num_points': 27}, {'avg_silhouette': 0.4857805538342444, 'num_points': 14}, {'avg_silhouette': 0.7813587012981568, 'num_points': 14}, {'avg_silhouette': 0.4366082237214016, 'num_points': 15}]",10.0,9,0.4231778456144273,,1,
DBSCAN,,0.6866666666666659,"[{'avg_silhouette': 0.44949707731917116, 'num_points': 6170}, {'avg_silhouette': 0.7176447344765791, 'num_points': 12}, {'avg_silhouette': 0.5681672918888904, 'num_points': 76}, {'avg_silhouette': 0.397126854884951, 'num_points': 51}, {'avg_silhouette': 0.6628182386538104, 'num_points': 20}, {'avg_silhouette': 0.6075440748888677, 'num_points': 26}, {'avg_silhouette': 0.5121576968827694, 'num_points': 13}, {'avg_silhouette': 0.7802965707328703, 'num_points': 14}, {'avg_silhouette': 0.5651590490673389, 'num_points': 10}]",10.0,9,0.42306980100616126,,1,
DBSCAN,,0.6666666666666659,"[{'avg_silhouette': 0.4513661489906523, 'num_points': 6148}, {'avg_silhouette': 0.7176447344765791, 'num_points': 12}, {'avg_silhouette': 0.568152739410393, 'num_points': 76}, {'avg_silhouette': 0.3971024595749485, 'num_points': 51}, {'avg_silhouette': 0.6921754959939411, 'num_points': 19}, {'avg_silhouette': 0.6070961147463525, 'num_points': 26}, {'avg_silhouette': 0.5115668161399054, 'num_points': 13}, {'avg_silhouette': 0.7800657061802042, 'num_points': 14}, {'avg_silhouette': 0.5647060087277758, 'num_points': 10}]",10.0,9,0.4229344896984185,,1,
DBSCAN,,0.6966666666666659,"[{'avg_silhouette': 0.4487465312769202, 'num_points': 6176}, {'avg_silhouette': 0.7176447344765791, 'num_points': 12}, {'avg_silhouette': 0.5681714311225035, 'num_points': 76}, {'avg_silhouette': 0.3971339607526182, 'num_points': 51}, {'avg_silhouette': 0.662931448909415, 'num_points': 20}, {'avg_silhouette': 0.6076673710895304, 'num_points': 26}, {'avg_silhouette': 0.5123288259721829, 'num_points': 13}, {'avg_silhouette': 0.7803611069853924, 'num_points': 14}, {'avg_silhouette': 0.5652865289690907, 'num_points': 10}]",10.0,9,0.4228761561666911,,1,
DBSCAN,,0.796666666666666,"[{'avg_silhouette': 0.4405151838840572, 'num_points': 6259}, {'avg_silhouette': 0.6662419630839379, 'num_points': 13}, {'avg_silhouette': 0.5500330231308519, 'num_points': 78}, {'avg_silhouette': 0.39430525656348464, 'num_points': 52}, {'avg_silhouette': 0.6647641729159675, 'num_points': 20}, {'avg_silhouette': 0.5831796457022407, 'num_points': 27}, {'avg_silhouette': 0.48601671659868195, 'num_points': 14}, {'avg_silhouette': 0.7814483556836704, 'num_points': 14}, {'avg_silhouette': 0.4368209865664717, 'num_points': 15}]",10.0,9,0.4227522255537242,,1,
DBSCAN,,0.7066666666666659,"[{'avg_silhouette': 0.4472864666927886, 'num_points': 6186}, {'avg_silhouette': 0.6645878986021034, 'num_points': 13}, {'avg_silhouette': 0.5726900573368239, 'num_points': 76}, {'avg_silhouette': 0.4012369799108564, 'num_points': 51}, {'avg_silhouette': 0.6631654825658105, 'num_points': 20}, {'avg_silhouette': 0.6079237739044063, 'num_points': 26}, {'avg_silhouette': 0.512665354802375, 'num_points': 13}, {'avg_silhouette': 0.7804984521574619, 'num_points': 14}, {'avg_silhouette': 0.5655545147774694, 'num_points': 10}]",10.0,9,0.4224524706559206,,1,
DBSCAN,,0.6766666666666659,"[{'avg_silhouette': 0.44519149638208094, 'num_points': 6171}, {'avg_silhouette': 0.7176447344765791, 'num_points': 12}, {'avg_silhouette': 0.5681696213356424, 'num_points': 76}, {'avg_silhouette': 0.3971309050427368, 'num_points': 51}, {'avg_silhouette': 0.662888559144746, 'num_points': 20}, {'avg_silhouette': 0.6076276530417171, 'num_points': 26}, {'avg_silhouette': 0.6367735643767676, 'num_points': 7}, {'avg_silhouette': 0.5122597663202708, 'num_points': 13}, {'avg_silhouette': 0.7803379884403076, 'num_points': 14}, {'avg_silhouette': 0.40987785325644355, 'num_points': 5}, {'avg_silhouette': 0.36581387240228047, 'num_points': 18}, {'avg_silhouette': 0.4662320266745031, 'num_points': 7}, {'avg_silhouette': 0.5000684501820937, 'num_points': 5}]",5.0,13,0.42238739683352927,,1,
DBSCAN,,0.6366666666666658,"[{'avg_silhouette': 0.45738467733100047, 'num_points': 6090}, {'avg_silhouette': 0.7172027118384747, 'num_points': 12}, {'avg_silhouette': 0.5759364529813596, 'num_points': 75}, {'avg_silhouette': 0.40110901361034224, 'num_points': 50}, {'avg_silhouette': 0.6911608489953762, 'num_points': 19}, {'avg_silhouette': 0.605918770565423, 'num_points': 26}, {'avg_silhouette': 0.8380587581773403, 'num_points': 13}, {'avg_silhouette': 0.5264464364717619, 'num_points': 12}]",10.0,8,0.42237653975416684,,1,
DBSCAN,,0.806666666666666,"[{'avg_silhouette': 0.43936573977715676, 'num_points': 6267}, {'avg_silhouette': 0.6662419630839379, 'num_points': 13}, {'avg_silhouette': 0.5500399686656814, 'num_points': 78}, {'avg_silhouette': 0.3943168586511453, 'num_points': 52}, {'avg_silhouette': 0.66495855855735, 'num_points': 20}, {'avg_silhouette': 0.5834004300897389, 'num_points': 27}, {'avg_silhouette': 0.4863059163471793, 'num_points': 14}, {'avg_silhouette': 0.7815626442297265, 'num_points': 14}, {'avg_silhouette': 0.4370842498135466, 'num_points': 15}]",10.0,9,0.4223243323566384,,1,
DBSCAN,,0.7066666666666659,"[{'avg_silhouette': 0.4426725099728616, 'num_points': 6194}, {'avg_silhouette': 0.6645878986021034, 'num_points': 13}, {'avg_silhouette': 0.5726972331822948, 'num_points': 76}, {'avg_silhouette': 0.401249099909498, 'num_points': 51}, {'avg_silhouette': 0.6633573058704967, 'num_points': 20}, {'avg_silhouette': 0.5815505040687328, 'num_points': 27}, {'avg_silhouette': 0.6372827132268891, 'num_points': 7}, {'avg_silhouette': 0.5129390484174292, 'num_points': 13}, {'avg_silhouette': 0.7806160379644488, 'num_points': 14}, {'avg_silhouette': 0.41054602413949687, 'num_points': 5}, {'avg_silhouette': 0.36651112198480423, 'num_points': 18}, {'avg_silhouette': 0.4669044484515538, 'num_points': 7}, {'avg_silhouette': 0.5006501588185504, 'num_points': 5}]",5.0,13,0.42218762205362903,,1,
DBSCAN,,0.6866666666666659,"[{'avg_silhouette': 0.4439700995076569, 'num_points': 6180}, {'avg_silhouette': 0.7176447344765791, 'num_points': 12}, {'avg_silhouette': 0.5681767459630113, 'num_points': 76}, {'avg_silhouette': 0.39714302959685455, 'num_points': 51}, {'avg_silhouette': 0.6630725259584281, 'num_points': 20}, {'avg_silhouette': 0.6078261101231367, 'num_points': 26}, {'avg_silhouette': 0.6369679454412457, 'num_points': 7}, {'avg_silhouette': 0.5125248798746467, 'num_points': 13}, {'avg_silhouette': 0.7804507067092964, 'num_points': 14}, {'avg_silhouette': 0.41015893295771344, 'num_points': 5}, {'avg_silhouette': 0.3661033997271871, 'num_points': 18}, {'avg_silhouette': 0.4665092404446293, 'num_points': 7}, {'avg_silhouette': 0.5003007822888065, 'num_points': 5}]",5.0,13,0.42200726874119265,,1,
DBSCAN,,0.7166666666666659,"[{'avg_silhouette': 0.44573370124536776, 'num_points': 6198}, {'avg_silhouette': 0.6645878986021034, 'num_points': 13}, {'avg_silhouette': 0.5726990092686567, 'num_points': 76}, {'avg_silhouette': 0.4012519505533585, 'num_points': 51}, {'avg_silhouette': 0.6634061532722716, 'num_points': 20}, {'avg_silhouette': 0.608189228725685, 'num_points': 26}, {'avg_silhouette': 0.5130171057936053, 'num_points': 13}, {'avg_silhouette': 0.7806392795314572, 'num_points': 14}, {'avg_silhouette': 0.5658313984194383, 'num_points': 10}]",10.0,9,0.42197094408646324,,1,
DBSCAN,,0.6966666666666659,"[{'avg_silhouette': 0.4433676470900741, 'num_points': 6185}, {'avg_silhouette': 0.7176447344765791, 'num_points': 12}, {'avg_silhouette': 0.5681800365570251, 'num_points': 76}, {'avg_silhouette': 0.39714860162857746, 'num_points': 51}, {'avg_silhouette': 0.6631627885710375, 'num_points': 20}, {'avg_silhouette': 0.607923332183794, 'num_points': 26}, {'avg_silhouette': 0.637069663461154, 'num_points': 7}, {'avg_silhouette': 0.5126600195318252, 'num_points': 13}, {'avg_silhouette': 0.7805018381302717, 'num_points': 14}, {'avg_silhouette': 0.41028075374435885, 'num_points': 5}, {'avg_silhouette': 0.3662345553946023, 'num_points': 18}, {'avg_silhouette': 0.4666394388208385, 'num_points': 7}, {'avg_silhouette': 0.5004144467971776, 'num_points': 5}]",5.0,13,0.42188966448824233,,1,
DBSCAN,,0.7166666666666659,"[{'avg_silhouette': 0.44134294123127843, 'num_points': 6204}, {'avg_silhouette': 0.6645878986021034, 'num_points': 13}, {'avg_silhouette': 0.5727049439397116, 'num_points': 76}, {'avg_silhouette': 0.4012621067806583, 'num_points': 51}, {'avg_silhouette': 0.6635639295026025, 'num_points': 20}, {'avg_silhouette': 0.5817848901410648, 'num_points': 27}, {'avg_silhouette': 0.6375040504303081, 'num_points': 7}, {'avg_silhouette': 0.5132400127479385, 'num_points': 13}, {'avg_silhouette': 0.7807377531303714, 'num_points': 14}, {'avg_silhouette': 0.4108417781773559, 'num_points': 5}, {'avg_silhouette': 0.3668140198501205, 'num_points': 18}, {'avg_silhouette': 0.46719434161427426, 'num_points': 7}, {'avg_silhouette': 0.46992430157994197, 'num_points': 6}]",5.0,13,0.42185786575635154,,1,
DBSCAN,,0.6466666666666658,"[{'avg_silhouette': 0.4498382314005161, 'num_points': 6123}, {'avg_silhouette': 0.7172027118384747, 'num_points': 12}, {'avg_silhouette': 0.5759600391331396, 'num_points': 75}, {'avg_silhouette': 0.4011508301301086, 'num_points': 50}, {'avg_silhouette': 0.6917761542619797, 'num_points': 19}, {'avg_silhouette': 0.6066294013906383, 'num_points': 26}, {'avg_silhouette': 0.6357999597904166, 'num_points': 7}, {'avg_silhouette': 0.5109380146070512, 'num_points': 13}, {'avg_silhouette': 0.8383673177067182, 'num_points': 13}, {'avg_silhouette': 0.4480797022124202, 'num_points': 11}, {'avg_silhouette': 0.49903421119609026, 'num_points': 5}, {'avg_silhouette': 0.45760205208941, 'num_points': 6}, {'avg_silhouette': 0.5896388682995528, 'num_points': 5}]",5.0,13,0.4218156979293198,,1,
DBSCAN,,0.816666666666666,"[{'avg_silhouette': 0.437963190096539, 'num_points': 6276}, {'avg_silhouette': 0.6662419630839379, 'num_points': 13}, {'avg_silhouette': 0.550048806762474, 'num_points': 78}, {'avg_silhouette': 0.3943327978941756, 'num_points': 52}, {'avg_silhouette': 0.6651888049631033, 'num_points': 20}, {'avg_silhouette': 0.5836723520881751, 'num_points': 27}, {'avg_silhouette': 0.4866560599042247, 'num_points': 14}, {'avg_silhouette': 0.7817019055631719, 'num_points': 14}, {'avg_silhouette': 0.43741249272063404, 'num_points': 15}]",10.0,9,0.42171214066491247,,1,
DBSCAN,,0.6566666666666658,"[{'avg_silhouette': 0.4477511544158898, 'num_points': 6141}, {'avg_silhouette': 0.7172027118384747, 'num_points': 12}, {'avg_silhouette': 0.5759717236518498, 'num_points': 75}, {'avg_silhouette': 0.39709429615726405, 'num_points': 51}, {'avg_silhouette': 0.6920677852529743, 'num_points': 19}, {'avg_silhouette': 0.6069764775375049, 'num_points': 26}, {'avg_silhouette': 0.6361410428169911, 'num_points': 7}, {'avg_silhouette': 0.5114047646779574, 'num_points': 13}, {'avg_silhouette': 0.8385090258526557, 'num_points': 13}, {'avg_silhouette': 0.4480797022124202, 'num_points': 11}, {'avg_silhouette': 0.46346485540723587, 'num_points': 7}, {'avg_silhouette': 0.49937789146665545, 'num_points': 5}, {'avg_silhouette': 0.45760205208941, 'num_points': 6}]",5.0,13,0.42169566904542993,,1,
DBSCAN,,0.6666666666666659,"[{'avg_silhouette': 0.4455403325870744, 'num_points': 6163}, {'avg_silhouette': 0.7176447344765791, 'num_points': 12}, {'avg_silhouette': 0.5681641965442985, 'num_points': 76}, {'avg_silhouette': 0.39712145137792987, 'num_points': 51}, {'avg_silhouette': 0.6924805690746713, 'num_points': 19}, {'avg_silhouette': 0.6074538226416469, 'num_points': 26}, {'avg_silhouette': 0.6366078955808027, 'num_points': 7}, {'avg_silhouette': 0.5120386583513865, 'num_points': 13}, {'avg_silhouette': 0.7802506351801852, 'num_points': 14}, {'avg_silhouette': 0.47791172375967433, 'num_points': 11}, {'avg_silhouette': 0.4644235881932719, 'num_points': 7}, {'avg_silhouette': 0.4998990144179736, 'num_points': 5}, {'avg_silhouette': 0.42681769545501863, 'num_points': 7}]",5.0,13,0.4216844169671946,,1,
DBSCAN,,0.7666666666666659,"[{'avg_silhouette': 0.4407199024314686, 'num_points': 6242}, {'avg_silhouette': 0.6662419630839379, 'num_points': 13}, {'avg_silhouette': 0.5500170940331852, 'num_points': 78}, {'avg_silhouette': 0.3942770927908153, 'num_points': 52}, {'avg_silhouette': 0.6643416263075224, 'num_points': 20}, {'avg_silhouette': 0.5826800183843036, 'num_points': 27}, {'avg_silhouette': 0.5144108200627365, 'num_points': 13}, {'avg_silhouette': 0.7811948797948146, 'num_points': 14}, {'avg_silhouette': 0.43622842151884794, 'num_points': 15}]",10.0,9,0.4215469933551192,,1,
DBSCAN,,0.6066666666666658,"[{'avg_silhouette': 0.46273516504731615, 'num_points': 6033}, {'avg_silhouette': 0.7684820954865547, 'num_points': 11}, {'avg_silhouette': 0.5778180130177694, 'num_points': 74}, {'avg_silhouette': 0.4108933947799143, 'num_points': 47}, {'avg_silhouette': 0.6902324880386354, 'num_points': 19}, {'avg_silhouette': 0.6048301958011997, 'num_points': 26}, {'avg_silhouette': 0.8375919987812381, 'num_points': 13}, {'avg_silhouette': 0.545293857071444, 'num_points': 11}]",10.0,8,0.4214070462499349,,1,
DBSCAN,,0.7266666666666659,"[{'avg_silhouette': 0.4437516862345193, 'num_points': 6212}, {'avg_silhouette': 0.6645878986021034, 'num_points': 13}, {'avg_silhouette': 0.5727108000110922, 'num_points': 76}, {'avg_silhouette': 0.40127246548885076, 'num_points': 51}, {'avg_silhouette': 0.6637156613110539, 'num_points': 20}, {'avg_silhouette': 0.6085380628963609, 'num_points': 26}, {'avg_silhouette': 0.5134708503194233, 'num_points': 13}, {'avg_silhouette': 0.7808223294232812, 'num_points': 14}, {'avg_silhouette': 0.5661927359526063, 'num_points': 10}]",10.0,9,0.42127114073834065,,1,
DBSCAN,,0.826666666666666,"[{'avg_silhouette': 0.4366739481467455, 'num_points': 6285}, {'avg_silhouette': 0.6662419630839379, 'num_points': 13}, {'avg_silhouette': 0.550056936762192, 'num_points': 78}, {'avg_silhouette': 0.39434601866434593, 'num_points': 52}, {'avg_silhouette': 0.6653927561802088, 'num_points': 20}, {'avg_silhouette': 0.5839090253008449, 'num_points': 27}, {'avg_silhouette': 0.4869647880065759, 'num_points': 14}, {'avg_silhouette': 0.7818220652844368, 'num_points': 14}, {'avg_silhouette': 0.43769621754494187, 'num_points': 15}]",10.0,9,0.4212534786247509,,1,
DBSCAN,,0.776666666666666,"[{'avg_silhouette': 0.4399673168396566, 'num_points': 6247}, {'avg_silhouette': 0.6662419630839379, 'num_points': 13}, {'avg_silhouette': 0.5500218272642419, 'num_points': 78}, {'avg_silhouette': 0.39428501402065347, 'num_points': 52}, {'avg_silhouette': 0.6644647410223858, 'num_points': 20}, {'avg_silhouette': 0.5828262246609468, 'num_points': 27}, {'avg_silhouette': 0.5145884173031242, 'num_points': 13}, {'avg_silhouette': 0.7812694718315198, 'num_points': 14}, {'avg_silhouette': 0.4364005898128378, 'num_points': 15}]",10.0,9,0.4212287128516915,,1,
DBSCAN,,0.6266666666666658,"[{'avg_silhouette': 0.4580166483268497, 'num_points': 6073}, {'avg_silhouette': 0.7166901712595796, 'num_points': 12}, {'avg_silhouette': 0.5809487432830567, 'num_points': 74}, {'avg_silhouette': 0.40778730478394204, 'num_points': 49}, {'avg_silhouette': 0.6908474950430853, 'num_points': 19}, {'avg_silhouette': 0.6055498270282694, 'num_points': 26}, {'avg_silhouette': 0.8379014552287061, 'num_points': 13}, {'avg_silhouette': 0.5462174127038697, 'num_points': 11}]",10.0,8,0.42114172618063767,,1,
DBSCAN,,0.786666666666666,"[{'avg_silhouette': 0.43568760097295356, 'num_points': 6258}, {'avg_silhouette': 0.6662419630839379, 'num_points': 13}, {'avg_silhouette': 0.5500326878529272, 'num_points': 78}, {'avg_silhouette': 0.39430375755628333, 'num_points': 52}, {'avg_silhouette': 0.6647477569941523, 'num_points': 20}, {'avg_silhouette': 0.5831561883244706, 'num_points': 27}, {'avg_silhouette': 0.6387978363624175, 'num_points': 7}, {'avg_silhouette': 0.4859862597984009, 'num_points': 14}, {'avg_silhouette': 0.781438211856532, 'num_points': 14}, {'avg_silhouette': 0.41260438713350595, 'num_points': 5}, {'avg_silhouette': 0.35758124475060044, 'num_points': 19}, {'avg_silhouette': 0.4689097728823178, 'num_points': 7}, {'avg_silhouette': 0.4713257845063185, 'num_points': 6}]",5.0,13,0.42110312485078966,,1,
DBSCAN,,0.866666666666666,"[{'avg_silhouette': 0.43560782239835727, 'num_points': 6294}, {'avg_silhouette': 0.6662419630839379, 'num_points': 13}, {'avg_silhouette': 0.5500660846551065, 'num_points': 78}, {'avg_silhouette': 0.39436223635728784, 'num_points': 52}, {'avg_silhouette': 0.6656418560417132, 'num_points': 20}, {'avg_silhouette': 0.5581538398806077, 'num_points': 28}, {'avg_silhouette': 0.48733889932142266, 'num_points': 14}, {'avg_silhouette': 0.7819713888195494, 'num_points': 14}, {'avg_silhouette': 0.43803305327619163, 'num_points': 15}]",10.0,9,0.4210656690724339,,1,
DBSCAN,,0.856666666666666,"[{'avg_silhouette': 0.43560782239835727, 'num_points': 6294}, {'avg_silhouette': 0.6662419630839379, 'num_points': 13}, {'avg_silhouette': 0.5500660846551065, 'num_points': 78}, {'avg_silhouette': 0.39436223635728784, 'num_points': 52}, {'avg_silhouette': 0.6656418560417132, 'num_points': 20}, {'avg_silhouette': 0.5581538398806077, 'num_points': 28}, {'avg_silhouette': 0.48733889932142266, 'num_points': 14}, {'avg_silhouette': 0.7819713888195494, 'num_points': 14}, {'avg_silhouette': 0.43803305327619163, 'num_points': 15}]",10.0,9,0.4210656690724339,,1,
DBSCAN,,0.6166666666666658,"[{'avg_silhouette': 0.4596281089821694, 'num_points': 6058}, {'avg_silhouette': 0.7166901712595796, 'num_points': 12}, {'avg_silhouette': 0.5809402620555892, 'num_points': 74}, {'avg_silhouette': 0.4162573394226819, 'num_points': 47}, {'avg_silhouette': 0.6906336911033147, 'num_points': 19}, {'avg_silhouette': 0.6053038656987199, 'num_points': 26}, {'avg_silhouette': 0.8377943636812721, 'num_points': 13}, {'avg_silhouette': 0.5458999802023358, 'num_points': 11}]",10.0,8,0.4210406952333401,,1,
DBSCAN,,0.7266666666666659,"[{'avg_silhouette': 0.43920000786997654, 'num_points': 6219}, {'avg_silhouette': 0.6645878986021034, 'num_points': 13}, {'avg_silhouette': 0.5727177027193108, 'num_points': 76}, {'avg_silhouette': 0.4012843513461909, 'num_points': 51}, {'avg_silhouette': 0.663900190576569, 'num_points': 20}, {'avg_silhouette': 0.5821802196799803, 'num_points': 27}, {'avg_silhouette': 0.6378652035023177, 'num_points': 7}, {'avg_silhouette': 0.5137332041476875, 'num_points': 13}, {'avg_silhouette': 0.7809368991609595, 'num_points': 14}, {'avg_silhouette': 0.41134143436312354, 'num_points': 5}, {'avg_silhouette': 0.36730015718237774, 'num_points': 18}, {'avg_silhouette': 0.46766406367532243, 'num_points': 7}, {'avg_silhouette': 0.4703129245777955, 'num_points': 6}]",5.0,13,0.42103625798300737,,1,
DBSCAN,,0.876666666666666,"[{'avg_silhouette': 0.43544747291267033, 'num_points': 6295}, {'avg_silhouette': 0.6662419630839379, 'num_points': 13}, {'avg_silhouette': 0.5500671389892021, 'num_points': 78}, {'avg_silhouette': 0.394364024539338, 'num_points': 52}, {'avg_silhouette': 0.6656686683804018, 'num_points': 20}, {'avg_silhouette': 0.5581852461219424, 'num_points': 28}, {'avg_silhouette': 0.48738059367919184, 'num_points': 14}, {'avg_silhouette': 0.7819874318566834, 'num_points': 14}, {'avg_silhouette': 0.4380708708833597, 'num_points': 15}]",10.0,9,0.4209926748689099,,1,
DBSCAN,,0.836666666666666,"[{'avg_silhouette': 0.4359640614750411, 'num_points': 6289}, {'avg_silhouette': 0.6662419630839379, 'num_points': 13}, {'avg_silhouette': 0.5500615367390966, 'num_points': 78}, {'avg_silhouette': 0.3943542525772333, 'num_points': 52}, {'avg_silhouette': 0.6655111661826619, 'num_points': 20}, {'avg_silhouette': 0.584052333535077, 'num_points': 27}, {'avg_silhouette': 0.48714781041659977, 'num_points': 14}, {'avg_silhouette': 0.7818924341710615, 'num_points': 14}, {'avg_silhouette': 0.437855460262131, 'num_points': 15}]",10.0,9,0.4209343379017193,,1,
DBSCAN,,0.886666666666666,"[{'avg_silhouette': 0.4351462359893241, 'num_points': 6297}, {'avg_silhouette': 0.6676972509947723, 'num_points': 13}, {'avg_silhouette': 0.5386486663702461, 'num_points': 79}, {'avg_silhouette': 0.3943676965915323, 'num_points': 52}, {'avg_silhouette': 0.6657189473943201, 'num_points': 20}, {'avg_silhouette': 0.5582450323060135, 'num_points': 28}, {'avg_silhouette': 0.48745885133846667, 'num_points': 14}, {'avg_silhouette': 0.7820186459237002, 'num_points': 14}, {'avg_silhouette': 0.4381422973853711, 'num_points': 15}]",10.0,9,0.42090423413955014,,1,
DBSCAN,,0.9266666666666661,"[{'avg_silhouette': 0.4331552140374639, 'num_points': 6313}, {'avg_silhouette': 0.6678845875928785, 'num_points': 13}, {'avg_silhouette': 0.5386712647325981, 'num_points': 79}, {'avg_silhouette': 0.3856376908973078, 'num_points': 53}, {'avg_silhouette': 0.6661730713371898, 'num_points': 20}, {'avg_silhouette': 0.5588032956499916, 'num_points': 28}, {'avg_silhouette': 0.4881436303989159, 'num_points': 14}, {'avg_silhouette': 0.7123402265454828, 'num_points': 15}, {'avg_silhouette': 0.33975601668432154, 'num_points': 20}]",10.0,9,0.4208827533029,,1,
DBSCAN,,0.7566666666666659,"[{'avg_silhouette': 0.4410846328930324, 'num_points': 6235}, {'avg_silhouette': 0.6657361600162404, 'num_points': 13}, {'avg_silhouette': 0.5602088160130946, 'num_points': 77}, {'avg_silhouette': 0.3942657525515279, 'num_points': 52}, {'avg_silhouette': 0.6641711644147287, 'num_points': 20}, {'avg_silhouette': 0.6090430087480582, 'num_points': 26}, {'avg_silhouette': 0.5141537350541437, 'num_points': 13}, {'avg_silhouette': 0.7810918451556014, 'num_points': 14}, {'avg_silhouette': 0.5267168490272447, 'num_points': 11}]",10.0,9,0.4208734649554954,,1,
DBSCAN,,0.846666666666666,"[{'avg_silhouette': 0.43569454695399745, 'num_points': 6291}, {'avg_silhouette': 0.6662419630839379, 'num_points': 13}, {'avg_silhouette': 0.5500631606580624, 'num_points': 78}, {'avg_silhouette': 0.3943567268912448, 'num_points': 52}, {'avg_silhouette': 0.6655546967620198, 'num_points': 20}, {'avg_silhouette': 0.584099505411317, 'num_points': 27}, {'avg_silhouette': 0.4872118723661528, 'num_points': 14}, {'avg_silhouette': 0.7819189182216676, 'num_points': 14}, {'avg_silhouette': 0.43791677104067256, 'num_points': 15}]",10.0,9,0.42084777510799753,,1,
DBSCAN,,0.7366666666666659,"[{'avg_silhouette': 0.44227165983964817, 'num_points': 6223}, {'avg_silhouette': 0.6657361600162404, 'num_points': 13}, {'avg_silhouette': 0.5602007957085477, 'num_points': 77}, {'avg_silhouette': 0.3942518966405858, 'num_points': 52}, {'avg_silhouette': 0.6639588814418531, 'num_points': 20}, {'avg_silhouette': 0.6088068433364117, 'num_points': 26}, {'avg_silhouette': 0.5138359473110936, 'num_points': 13}, {'avg_silhouette': 0.780966188444521, 'num_points': 14}, {'avg_silhouette': 0.5664783499005424, 'num_points': 10}]",10.0,9,0.420833633274017,,1,
DBSCAN,,0.8966666666666661,"[{'avg_silhouette': 0.4345945725970853, 'num_points': 6301}, {'avg_silhouette': 0.6676972509947723, 'num_points': 13}, {'avg_silhouette': 0.5386530645052325, 'num_points': 79}, {'avg_silhouette': 0.39437339635192525, 'num_points': 52}, {'avg_silhouette': 0.6658035874919923, 'num_points': 20}, {'avg_silhouette': 0.5583535333629049, 'num_points': 28}, {'avg_silhouette': 0.48758240568114275, 'num_points': 14}, {'avg_silhouette': 0.7820716258180073, 'num_points': 14}, {'avg_silhouette': 0.43826124598050586, 'num_points': 15}]",10.0,9,0.4207977218504102,,1,
DBSCAN,,0.9166666666666661,"[{'avg_silhouette': 0.43329893103991934, 'num_points': 6311}, {'avg_silhouette': 0.6678845875928785, 'num_points': 13}, {'avg_silhouette': 0.5386687661478402, 'num_points': 79}, {'avg_silhouette': 0.38563504220611955, 'num_points': 53}, {'avg_silhouette': 0.6661300379619974, 'num_points': 20}, {'avg_silhouette': 0.558751758715071, 'num_points': 28}, {'avg_silhouette': 0.4880774717399347, 'num_points': 14}, {'avg_silhouette': 0.7123074737179539, 'num_points': 15}, {'avg_silhouette': 0.3596500187433389, 'num_points': 19}]",10.0,9,0.4207965208674718,,1,
DBSCAN,,0.6366666666666658,"[{'avg_silhouette': 0.45087801608933736, 'num_points': 6105}, {'avg_silhouette': 0.7172027118384747, 'num_points': 12}, {'avg_silhouette': 0.5759479866110653, 'num_points': 75}, {'avg_silhouette': 0.4011296709809659, 'num_points': 50}, {'avg_silhouette': 0.6914534790562819, 'num_points': 19}, {'avg_silhouette': 0.6062635011192683, 'num_points': 26}, {'avg_silhouette': 0.6354295110061965, 'num_points': 7}, {'avg_silhouette': 0.5269063843745841, 'num_points': 12}, {'avg_silhouette': 0.8382076428890373, 'num_points': 13}, {'avg_silhouette': 0.49357502781620777, 'num_points': 10}, {'avg_silhouette': 0.46337696909181725, 'num_points': 6}, {'avg_silhouette': 0.5893466210776077, 'num_points': 5}]",5.0,12,0.42077866386129403,,1,
DBSCAN,,0.7466666666666659,"[{'avg_silhouette': 0.44150150726481585, 'num_points': 6230}, {'avg_silhouette': 0.6657361600162404, 'num_points': 13}, {'avg_silhouette': 0.5602046978019778, 'num_points': 77}, {'avg_silhouette': 0.39425878875450604, 'num_points': 52}, {'avg_silhouette': 0.664067838406338, 'num_points': 20}, {'avg_silhouette': 0.6089277371076565, 'num_points': 26}, {'avg_silhouette': 0.5139936533516587, 'num_points': 13}, {'avg_silhouette': 0.7810320048925539, 'num_points': 14}, {'avg_silhouette': 0.5666074889268924, 'num_points': 10}]",10.0,9,0.4207747695991386,,1,
DBSCAN,,0.7366666666666659,"[{'avg_silhouette': 0.43798133042004, 'num_points': 6228}, {'avg_silhouette': 0.6657361600162404, 'num_points': 13}, {'avg_silhouette': 0.5602059608035176, 'num_points': 77}, {'avg_silhouette': 0.3942610254744769, 'num_points': 52}, {'avg_silhouette': 0.6640946573779933, 'num_points': 20}, {'avg_silhouette': 0.5824020851574384, 'num_points': 27}, {'avg_silhouette': 0.6380810123869659, 'num_points': 7}, {'avg_silhouette': 0.5140291178556056, 'num_points': 13}, {'avg_silhouette': 0.7810514677863708, 'num_points': 14}, {'avg_silhouette': 0.411629641074794, 'num_points': 5}, {'avg_silhouette': 0.3675996869032582, 'num_points': 18}, {'avg_silhouette': 0.4679629914088917, 'num_points': 7}, {'avg_silhouette': 0.4705416206887878, 'num_points': 6}]",5.0,13,0.42065605974516695,,1,
DBSCAN,,0.7466666666666659,"[{'avg_silhouette': 0.43734198193822693, 'num_points': 6234}, {'avg_silhouette': 0.6657361600162404, 'num_points': 13}, {'avg_silhouette': 0.5602091575994849, 'num_points': 77}, {'avg_silhouette': 0.39426667065429094, 'num_points': 52}, {'avg_silhouette': 0.6641841067826654, 'num_points': 20}, {'avg_silhouette': 0.5825037026629629, 'num_points': 27}, {'avg_silhouette': 0.638175514908229, 'num_points': 7}, {'avg_silhouette': 0.5141624218466063, 'num_points': 13}, {'avg_silhouette': 0.7811039315306532, 'num_points': 14}, {'avg_silhouette': 0.411756208068062, 'num_points': 5}, {'avg_silhouette': 0.36773062184249156, 'num_points': 18}, {'avg_silhouette': 0.4680864449980815, 'num_points': 7}, {'avg_silhouette': 0.4706552283535292, 'num_points': 6}]",5.0,13,0.42061640089275626,,1,
DBSCAN,,0.9366666666666661,"[{'avg_silhouette': 0.43249638716627303, 'num_points': 6317}, {'avg_silhouette': 0.6678845875928785, 'num_points': 13}, {'avg_silhouette': 0.5386769693836448, 'num_points': 79}, {'avg_silhouette': 0.38564452563613516, 'num_points': 53}, {'avg_silhouette': 0.6662775791044274, 'num_points': 20}, {'avg_silhouette': 0.5589290413040311, 'num_points': 28}, {'avg_silhouette': 0.48830209954735704, 'num_points': 14}, {'avg_silhouette': 0.7124161445758036, 'num_points': 15}, {'avg_silhouette': 0.33989990078928795, 'num_points': 20}]",10.0,9,0.42060952179810984,,1,
DBSCAN,,0.9066666666666661,"[{'avg_silhouette': 0.4340618986853011, 'num_points': 6304}, {'avg_silhouette': 0.6678845875928785, 'num_points': 13}, {'avg_silhouette': 0.5386577125858788, 'num_points': 79}, {'avg_silhouette': 0.38562001012592706, 'num_points': 53}, {'avg_silhouette': 0.6659099673590687, 'num_points': 20}, {'avg_silhouette': 0.5584820748432878, 'num_points': 28}, {'avg_silhouette': 0.487742488912848, 'num_points': 14}, {'avg_silhouette': 0.7821350210314092, 'num_points': 14}, {'avg_silhouette': 0.43841000014114606, 'num_points': 15}]",10.0,9,0.4205754543193448,,1,
DBSCAN,,0.9466666666666661,"[{'avg_silhouette': 0.4320159902890329, 'num_points': 6321}, {'avg_silhouette': 0.6696847456130673, 'num_points': 13}, {'avg_silhouette': 0.5225911778908057, 'num_points': 80}, {'avg_silhouette': 0.3856498477032853, 'num_points': 53}, {'avg_silhouette': 0.6663628605238326, 'num_points': 20}, {'avg_silhouette': 0.559031126007764, 'num_points': 28}, {'avg_silhouette': 0.4884298159773403, 'num_points': 14}, {'avg_silhouette': 0.7124819918701059, 'num_points': 15}, {'avg_silhouette': 0.34002864036963265, 'num_points': 20}]",10.0,9,0.4204708129119875,,1,
DBSCAN,,0.7566666666666659,"[{'avg_silhouette': 0.43667151049670827, 'num_points': 6239}, {'avg_silhouette': 0.6657361600162404, 'num_points': 13}, {'avg_silhouette': 0.5602132669863815, 'num_points': 77}, {'avg_silhouette': 0.3942736191149559, 'num_points': 52}, {'avg_silhouette': 0.6642871989011528, 'num_points': 20}, {'avg_silhouette': 0.5826213852647052, 'num_points': 27}, {'avg_silhouette': 0.6382931890302482, 'num_points': 7}, {'avg_silhouette': 0.5143221506728296, 'num_points': 13}, {'avg_silhouette': 0.781163634620175, 'num_points': 14}, {'avg_silhouette': 0.41190775603420554, 'num_points': 5}, {'avg_silhouette': 0.3568924865237294, 'num_points': 19}, {'avg_silhouette': 0.46824033404157805, 'num_points': 7}, {'avg_silhouette': 0.4707750550715528, 'num_points': 6}]",5.0,13,0.42045925061625444,,1,
DBSCAN,,0.9566666666666661,"[{'avg_silhouette': 0.4317905701775123, 'num_points': 6322}, {'avg_silhouette': 0.6696847456130673, 'num_points': 13}, {'avg_silhouette': 0.5225934696535922, 'num_points': 80}, {'avg_silhouette': 0.3856525981925786, 'num_points': 53}, {'avg_silhouette': 0.6664063933864111, 'num_points': 20}, {'avg_silhouette': 0.5590841688344004, 'num_points': 28}, {'avg_silhouette': 0.48849661836027286, 'num_points': 14}, {'avg_silhouette': 0.7125159438572624, 'num_points': 15}, {'avg_silhouette': 0.34009277949893824, 'num_points': 20}]",10.0,9,0.4203371144485547,,1,
DBSCAN,,0.9666666666666661,"[{'avg_silhouette': 0.43119611835330046, 'num_points': 6326}, {'avg_silhouette': 0.6696847456130673, 'num_points': 13}, {'avg_silhouette': 0.5225981134168602, 'num_points': 80}, {'avg_silhouette': 0.3856590799379637, 'num_points': 53}, {'avg_silhouette': 0.6665052937016976, 'num_points': 20}, {'avg_silhouette': 0.5592055464171305, 'num_points': 28}, {'avg_silhouette': 0.4886353036632011, 'num_points': 14}, {'avg_silhouette': 0.7125956858395956, 'num_points': 15}, {'avg_silhouette': 0.34024962119046764, 'num_points': 20}]",10.0,9,0.42017536957867513,,1,
DBSCAN,,0.7666666666666659,"[{'avg_silhouette': 0.43558603703970555, 'num_points': 6246}, {'avg_silhouette': 0.6662419630839379, 'num_points': 13}, {'avg_silhouette': 0.5500216547657096, 'num_points': 78}, {'avg_silhouette': 0.394285388211257, 'num_points': 52}, {'avg_silhouette': 0.6644610115115134, 'num_points': 20}, {'avg_silhouette': 0.5828244565376693, 'num_points': 27}, {'avg_silhouette': 0.6384857527184513, 'num_points': 7}, {'avg_silhouette': 0.5145838974511006, 'num_points': 13}, {'avg_silhouette': 0.7812679326838642, 'num_points': 14}, {'avg_silhouette': 0.41217327322076025, 'num_points': 5}, {'avg_silhouette': 0.35715871402572463, 'num_points': 19}, {'avg_silhouette': 0.468503531708697, 'num_points': 7}, {'avg_silhouette': 0.4709842199339112, 'num_points': 6}]",5.0,13,0.42000849015255626,,1,
DBSCAN,,0.9766666666666661,"[{'avg_silhouette': 0.4307094367103131, 'num_points': 6329}, {'avg_silhouette': 0.6696847456130673, 'num_points': 13}, {'avg_silhouette': 0.5226023848029098, 'num_points': 80}, {'avg_silhouette': 0.3856646439363783, 'num_points': 53}, {'avg_silhouette': 0.6665900211406666, 'num_points': 20}, {'avg_silhouette': 0.5593062158254175, 'num_points': 28}, {'avg_silhouette': 0.48876210723499947, 'num_points': 14}, {'avg_silhouette': 0.7126575227603511, 'num_points': 15}, {'avg_silhouette': 0.34037634128556105, 'num_points': 20}]",10.0,9,0.419944139235978,,1,
DBSCAN,,0.6066666666666658,"[{'avg_silhouette': 0.45475880338951136, 'num_points': 6060}, {'avg_silhouette': 0.7684820954865547, 'num_points': 11}, {'avg_silhouette': 0.5778376881481814, 'num_points': 74}, {'avg_silhouette': 0.3956353436292656, 'num_points': 50}, {'avg_silhouette': 0.6907084624912104, 'num_points': 19}, {'avg_silhouette': 0.6053901953573717, 'num_points': 26}, {'avg_silhouette': 0.6345690308900994, 'num_points': 7}, {'avg_silhouette': 0.5460170827091708, 'num_points': 11}, {'avg_silhouette': 0.8378336862678082, 'num_points': 13}, {'avg_silhouette': 0.5677138040410965, 'num_points': 9}, {'avg_silhouette': 0.4757600686606062, 'num_points': 6}, {'avg_silhouette': 0.5887298984319242, 'num_points': 5}]",5.0,12,0.4198467548886339,,1,
DBSCAN,,0.9866666666666661,"[{'avg_silhouette': 0.4287740075029459, 'num_points': 6339}, {'avg_silhouette': 0.6696847456130673, 'num_points': 13}, {'avg_silhouette': 0.5226199249386531, 'num_points': 80}, {'avg_silhouette': 0.38568590401098035, 'num_points': 53}, {'avg_silhouette': 0.6669147751263524, 'num_points': 20}, {'avg_silhouette': 0.5597023221321735, 'num_points': 28}, {'avg_silhouette': 0.4892567008785663, 'num_points': 14}, {'avg_silhouette': 0.7129033699044486, 'num_points': 15}, {'avg_silhouette': 0.34086750312413244, 'num_points': 20}, {'avg_silhouette': 0.3530857026835332, 'num_points': 10}]",10.0,10,0.41976763210514595,,1,
DBSCAN,,0.776666666666666,"[{'avg_silhouette': 0.4348174907912433, 'num_points': 6251}, {'avg_silhouette': 0.6662419630839379, 'num_points': 13}, {'avg_silhouette': 0.5500264827138717, 'num_points': 78}, {'avg_silhouette': 0.3942932510586049, 'num_points': 52}, {'avg_silhouette': 0.6645916711917382, 'num_points': 20}, {'avg_silhouette': 0.5829740902707243, 'num_points': 27}, {'avg_silhouette': 0.6386283297600025, 'num_points': 7}, {'avg_silhouette': 0.5147736636504212, 'num_points': 13}, {'avg_silhouette': 0.7813435599838605, 'num_points': 14}, {'avg_silhouette': 0.41236053766318853, 'num_points': 5}, {'avg_silhouette': 0.35734580075547856, 'num_points': 19}, {'avg_silhouette': 0.4686867354149293, 'num_points': 7}, {'avg_silhouette': 0.47113439290418685, 'num_points': 6}]",5.0,13,0.4196033796771552,,1,
DBSCAN,,0.6166666666666658,"[{'avg_silhouette': 0.4525089145607162, 'num_points': 6077}, {'avg_silhouette': 0.7166901712595796, 'num_points': 12}, {'avg_silhouette': 0.5809549470730451, 'num_points': 74}, {'avg_silhouette': 0.40109854430335856, 'num_points': 50}, {'avg_silhouette': 0.6909996421078693, 'num_points': 19}, {'avg_silhouette': 0.6057355718761017, 'num_points': 26}, {'avg_silhouette': 0.6349070109985087, 'num_points': 7}, {'avg_silhouette': 0.5464507084549246, 'num_points': 11}, {'avg_silhouette': 0.8379784821316826, 'num_points': 13}, {'avg_silhouette': 0.5677138040410965, 'num_points': 9}, {'avg_silhouette': 0.4757600686606062, 'num_points': 6}, {'avg_silhouette': 0.5889526519827692, 'num_points': 5}]",5.0,12,0.419536367987451,,1,
DBSCAN,,0.6266666666666658,"[{'avg_silhouette': 0.4510966260351001, 'num_points': 6091}, {'avg_silhouette': 0.7166901712595796, 'num_points': 12}, {'avg_silhouette': 0.5809628792490183, 'num_points': 74}, {'avg_silhouette': 0.401112293303962, 'num_points': 50}, {'avg_silhouette': 0.691208617310403, 'num_points': 19}, {'avg_silhouette': 0.6059738835149271, 'num_points': 26}, {'avg_silhouette': 0.6351471032709117, 'num_points': 7}, {'avg_silhouette': 0.5467621782766904, 'num_points': 11}, {'avg_silhouette': 0.8380830610545603, 'num_points': 13}, {'avg_silhouette': 0.49357502781620777, 'num_points': 10}, {'avg_silhouette': 0.46337696909181725, 'num_points': 6}, {'avg_silhouette': 0.5891209648713264, 'num_points': 5}]",5.0,12,0.41950766457689204,,1,
DBSCAN,,0.806666666666666,"[{'avg_silhouette': 0.4319698931646693, 'num_points': 6271}, {'avg_silhouette': 0.6662419630839379, 'num_points': 13}, {'avg_silhouette': 0.5500441741948608, 'num_points': 78}, {'avg_silhouette': 0.3943235066878069, 'num_points': 52}, {'avg_silhouette': 0.6650636620347954, 'num_points': 20}, {'avg_silhouette': 0.5835224234095813, 'num_points': 27}, {'avg_silhouette': 0.6391470985475606, 'num_points': 7}, {'avg_silhouette': 0.486463979086268, 'num_points': 14}, {'avg_silhouette': 0.781624099748505, 'num_points': 14}, {'avg_silhouette': 0.3791542465104045, 'num_points': 6}, {'avg_silhouette': 0.42163394705111, 'num_points': 5}, {'avg_silhouette': 0.4026878565960646, 'num_points': 8}, {'avg_silhouette': 0.33811656076375723, 'num_points': 20}, {'avg_silhouette': 0.4717135581919832, 'num_points': 6}]",5.0,14,0.419163093178001,,1,
DBSCAN,,0.9966666666666661,"[{'avg_silhouette': 0.42775052196615193, 'num_points': 6344}, {'avg_silhouette': 0.6696847456130673, 'num_points': 13}, {'avg_silhouette': 0.522629813307186, 'num_points': 80}, {'avg_silhouette': 0.38569801877037235, 'num_points': 53}, {'avg_silhouette': 0.667105153909077, 'num_points': 20}, {'avg_silhouette': 0.5599365766838921, 'num_points': 28}, {'avg_silhouette': 0.4895485040254325, 'num_points': 14}, {'avg_silhouette': 0.7130450788299872, 'num_points': 15}, {'avg_silhouette': 0.34113670358301873, 'num_points': 20}, {'avg_silhouette': 0.3533651522894314, 'num_points': 10}]",10.0,10,0.41915199437632933,,1,
DBSCAN,,0.796666666666666,"[{'avg_silhouette': 0.43268747881352976, 'num_points': 6263}, {'avg_silhouette': 0.6662419630839379, 'num_points': 13}, {'avg_silhouette': 0.5500372426386261, 'num_points': 78}, {'avg_silhouette': 0.3943119269777305, 'num_points': 52}, {'avg_silhouette': 0.664869661052747, 'num_points': 20}, {'avg_silhouette': 0.5833020706929898, 'num_points': 27}, {'avg_silhouette': 0.6389328927542467, 'num_points': 7}, {'avg_silhouette': 0.4861753502292134, 'num_points': 14}, {'avg_silhouette': 0.7815100299168264, 'num_points': 14}, {'avg_silhouette': 0.41278657324658174, 'num_points': 5}, {'avg_silhouette': 0.42148632883656284, 'num_points': 5}, {'avg_silhouette': 0.4024029037304042, 'num_points': 8}, {'avg_silhouette': 0.3577683222141107, 'num_points': 19}, {'avg_silhouette': 0.4714717659014555, 'num_points': 6}]",5.0,14,0.4190778939292943,,1,
DBSCAN,,0.816666666666666,"[{'avg_silhouette': 0.4299245935297502, 'num_points': 6283}, {'avg_silhouette': 0.6662419630839379, 'num_points': 13}, {'avg_silhouette': 0.5500561158465913, 'num_points': 78}, {'avg_silhouette': 0.39434462999219416, 'num_points': 52}, {'avg_silhouette': 0.665368555479654, 'num_points': 20}, {'avg_silhouette': 0.5838829097352444, 'num_points': 27}, {'avg_silhouette': 0.6394825506891417, 'num_points': 7}, {'avg_silhouette': 0.4869300739324732, 'num_points': 14}, {'avg_silhouette': 0.7818070405570221, 'num_points': 14}, {'avg_silhouette': 0.37958601957931065, 'num_points': 6}, {'avg_silhouette': 0.421881597745214, 'num_points': 5}, {'avg_silhouette': 0.4031726265726193, 'num_points': 8}, {'avg_silhouette': 0.3385697187478656, 'num_points': 20}, {'avg_silhouette': 0.47208541301319956, 'num_points': 6}]",5.0,14,0.4181571164004294,,1,
DBSCAN,,0.9166666666666661,"[{'avg_silhouette': 0.4256076049328592, 'num_points': 6315}, {'avg_silhouette': 0.6678845875928785, 'num_points': 13}, {'avg_silhouette': 0.5386756287063751, 'num_points': 79}, {'avg_silhouette': 0.38564280521604094, 'num_points': 53}, {'avg_silhouette': 0.32526417088842285, 'num_points': 11}, {'avg_silhouette': 0.666247758746766, 'num_points': 20}, {'avg_silhouette': 0.3808694139311959, 'num_points': 6}, {'avg_silhouette': 0.558895710858782, 'num_points': 28}, {'avg_silhouette': 0.6404433486326898, 'num_points': 7}, {'avg_silhouette': 0.4882560984920417, 'num_points': 14}, {'avg_silhouette': 0.4091731155582005, 'num_points': 5}, {'avg_silhouette': 0.7123954038525669, 'num_points': 15}, {'avg_silhouette': 0.36368767866083973, 'num_points': 7}, {'avg_silhouette': 0.4044659043644596, 'num_points': 8}, {'avg_silhouette': 0.3398593304376294, 'num_points': 20}]",5.0,15,0.4180357134239646,,1,
DBSCAN,,0.9266666666666661,"[{'avg_silhouette': 0.42530796898546563, 'num_points': 6317}, {'avg_silhouette': 0.6678845875928785, 'num_points': 13}, {'avg_silhouette': 0.5386781219886997, 'num_points': 79}, {'avg_silhouette': 0.3856454480273852, 'num_points': 53}, {'avg_silhouette': 0.32533068447339064, 'num_points': 11}, {'avg_silhouette': 0.6662906966033335, 'num_points': 20}, {'avg_silhouette': 0.38093430345412577, 'num_points': 6}, {'avg_silhouette': 0.5589471349313515, 'num_points': 28}, {'avg_silhouette': 0.6404899284633183, 'num_points': 7}, {'avg_silhouette': 0.4883221109038516, 'num_points': 14}, {'avg_silhouette': 0.4092182890185855, 'num_points': 5}, {'avg_silhouette': 0.7124280870778888, 'num_points': 15}, {'avg_silhouette': 0.36372475976731655, 'num_points': 7}, {'avg_silhouette': 0.4045309271752586, 'num_points': 8}, {'avg_silhouette': 0.33992539872802235, 'num_points': 20}]",5.0,15,0.41793504716944024,,1,
DBSCAN,,0.856666666666666,"[{'avg_silhouette': 0.4270510032333748, 'num_points': 6300}, {'avg_silhouette': 0.6662419630839379, 'num_points': 13}, {'avg_silhouette': 0.5500747974302046, 'num_points': 78}, {'avg_silhouette': 0.39437703382611156, 'num_points': 52}, {'avg_silhouette': 0.2132385735797507, 'num_points': 5}, {'avg_silhouette': 0.6658661773866916, 'num_points': 20}, {'avg_silhouette': 0.3802852500699472, 'num_points': 6}, {'avg_silhouette': 0.5584271960994962, 'num_points': 28}, {'avg_silhouette': 0.6400279348087453, 'num_points': 7}, {'avg_silhouette': 0.4876807072933735, 'num_points': 14}, {'avg_silhouette': 0.40872513512224434, 'num_points': 5}, {'avg_silhouette': 0.7821071357858497, 'num_points': 14}, {'avg_silhouette': 0.36328439788030364, 'num_points': 7}, {'avg_silhouette': 0.40388316043667094, 'num_points': 8}, {'avg_silhouette': 0.339283628662676, 'num_points': 20}, {'avg_silhouette': 0.34682735783570573, 'num_points': 6}]",5.0,16,0.4178604741460577,,1,
DBSCAN,,0.876666666666666,"[{'avg_silhouette': 0.42671327810204795, 'num_points': 6303}, {'avg_silhouette': 0.6662419630839379, 'num_points': 13}, {'avg_silhouette': 0.5500780248064968, 'num_points': 78}, {'avg_silhouette': 0.3943828482842398, 'num_points': 52}, {'avg_silhouette': 0.3248083853872366, 'num_points': 11}, {'avg_silhouette': 0.6659528630770872, 'num_points': 20}, {'avg_silhouette': 0.3804073532159253, 'num_points': 6}, {'avg_silhouette': 0.558526606450164, 'num_points': 28}, {'avg_silhouette': 0.6401232556074568, 'num_points': 7}, {'avg_silhouette': 0.48781093833302597, 'num_points': 14}, {'avg_silhouette': 0.4088046790305874, 'num_points': 5}, {'avg_silhouette': 0.7821593731884724, 'num_points': 14}, {'avg_silhouette': 0.3633489915875255, 'num_points': 7}, {'avg_silhouette': 0.4040162343474759, 'num_points': 8}, {'avg_silhouette': 0.3394188723294859, 'num_points': 20}]",5.0,15,0.41783327412528787,,1,
DBSCAN,,0.886666666666666,"[{'avg_silhouette': 0.4264130901634893, 'num_points': 6305}, {'avg_silhouette': 0.6676972509947723, 'num_points': 13}, {'avg_silhouette': 0.5386623058750029, 'num_points': 79}, {'avg_silhouette': 0.39438605484994144, 'num_points': 52}, {'avg_silhouette': 0.32487450229754705, 'num_points': 11}, {'avg_silhouette': 0.6659957174891457, 'num_points': 20}, {'avg_silhouette': 0.38047840713278486, 'num_points': 6}, {'avg_silhouette': 0.5585782688758109, 'num_points': 28}, {'avg_silhouette': 0.6401706897005681, 'num_points': 7}, {'avg_silhouette': 0.48787861361921125, 'num_points': 14}, {'avg_silhouette': 0.4088608302034956, 'num_points': 5}, {'avg_silhouette': 0.782185227899865, 'num_points': 14}, {'avg_silhouette': 0.3633970060016461, 'num_points': 7}, {'avg_silhouette': 0.40408477153702316, 'num_points': 8}, {'avg_silhouette': 0.33948152786339714, 'num_points': 20}]",5.0,15,0.4177545510457621,,1,
DBSCAN,,0.826666666666666,"[{'avg_silhouette': 0.42905289578797945, 'num_points': 6288}, {'avg_silhouette': 0.6662419630839379, 'num_points': 13}, {'avg_silhouette': 0.5500613410023504, 'num_points': 78}, {'avg_silhouette': 0.39435392768377875, 'num_points': 52}, {'avg_silhouette': 0.665504019471948, 'num_points': 20}, {'avg_silhouette': 0.3797738471449363, 'num_points': 6}, {'avg_silhouette': 0.5840436040372906, 'num_points': 27}, {'avg_silhouette': 0.6396315859623078, 'num_points': 7}, {'avg_silhouette': 0.4871379566130782, 'num_points': 14}, {'avg_silhouette': 0.7818884985027074, 'num_points': 14}, {'avg_silhouette': 0.4219875155212206, 'num_points': 5}, {'avg_silhouette': 0.4033827397287154, 'num_points': 8}, {'avg_silhouette': 0.3387736672656584, 'num_points': 20}, {'avg_silhouette': 0.47226098261833654, 'num_points': 6}]",5.0,14,0.4177182542422988,,1,
DBSCAN,,0.9466666666666661,"[{'avg_silhouette': 0.42436925701022127, 'num_points': 6324}, {'avg_silhouette': 0.6696847456130673, 'num_points': 13}, {'avg_silhouette': 0.5225968705838504, 'num_points': 80}, {'avg_silhouette': 0.3856568400247349, 'num_points': 53}, {'avg_silhouette': 0.32557862444461133, 'num_points': 11}, {'avg_silhouette': 0.666459413596183, 'num_points': 20}, {'avg_silhouette': 0.3811925496895931, 'num_points': 6}, {'avg_silhouette': 0.5591546172486984, 'num_points': 28}, {'avg_silhouette': 0.6406761690164494, 'num_points': 7}, {'avg_silhouette': 0.4885827953601743, 'num_points': 14}, {'avg_silhouette': 0.40941507591666737, 'num_points': 5}, {'avg_silhouette': 0.7125550512749047, 'num_points': 15}, {'avg_silhouette': 0.3638975927209194, 'num_points': 7}, {'avg_silhouette': 0.354652826042325, 'num_points': 9}, {'avg_silhouette': 0.340174660431052, 'num_points': 20}]",5.0,15,0.41767267292670224,,1,
DBSCAN,,0.866666666666666,"[{'avg_silhouette': 0.4266735381632508, 'num_points': 6302}, {'avg_silhouette': 0.6662419630839379, 'num_points': 13}, {'avg_silhouette': 0.550077075124145, 'num_points': 78}, {'avg_silhouette': 0.39438109904704793, 'num_points': 52}, {'avg_silhouette': 0.2132385735797507, 'num_points': 5}, {'avg_silhouette': 0.6659270034114185, 'num_points': 20}, {'avg_silhouette': 0.3803724303763474, 'num_points': 6}, {'avg_silhouette': 0.5584961693057463, 'num_points': 28}, {'avg_silhouette': 0.6400942824227073, 'num_points': 7}, {'avg_silhouette': 0.48777122698623565, 'num_points': 14}, {'avg_silhouette': 0.408782151065427, 'num_points': 5}, {'avg_silhouette': 0.782144591543893, 'num_points': 14}, {'avg_silhouette': 0.36333205572146066, 'num_points': 7}, {'avg_silhouette': 0.40397547454475274, 'num_points': 8}, {'avg_silhouette': 0.33937973952492345, 'num_points': 20}, {'avg_silhouette': 0.34682735783570573, 'num_points': 6}]",5.0,16,0.41766535147932543,,1,
DBSCAN,,0.9366666666666661,"[{'avg_silhouette': 0.424770520085713, 'num_points': 6320}, {'avg_silhouette': 0.6678845875928785, 'num_points': 13}, {'avg_silhouette': 0.5386826647067308, 'num_points': 79}, {'avg_silhouette': 0.38565152806501846, 'num_points': 53}, {'avg_silhouette': 0.3254474192036037, 'num_points': 11}, {'avg_silhouette': 0.6663742844497553, 'num_points': 20}, {'avg_silhouette': 0.3810618210631737, 'num_points': 6}, {'avg_silhouette': 0.5590527182066344, 'num_points': 28}, {'avg_silhouette': 0.640583837835223, 'num_points': 7}, {'avg_silhouette': 0.48845531551147364, 'num_points': 14}, {'avg_silhouette': 0.40932374748111766, 'num_points': 5}, {'avg_silhouette': 0.7124893162027722, 'num_points': 15}, {'avg_silhouette': 0.36381542555762836, 'num_points': 7}, {'avg_silhouette': 0.40466338982654826, 'num_points': 8}, {'avg_silhouette': 0.34004613506987064, 'num_points': 20}]",5.0,15,0.41766376848980935,,1,
DBSCAN,,0.9566666666666661,"[{'avg_silhouette': 0.42413316338957635, 'num_points': 6325}, {'avg_silhouette': 0.6696847456130673, 'num_points': 13}, {'avg_silhouette': 0.5225991591554587, 'num_points': 80}, {'avg_silhouette': 0.38565958648209564, 'num_points': 53}, {'avg_silhouette': 0.32564631582491727, 'num_points': 11}, {'avg_silhouette': 0.6665028846223008, 'num_points': 20}, {'avg_silhouette': 0.3812567718234554, 'num_points': 6}, {'avg_silhouette': 0.559207584412104, 'num_points': 28}, {'avg_silhouette': 0.6407238668442903, 'num_points': 7}, {'avg_silhouette': 0.4886495008148199, 'num_points': 14}, {'avg_silhouette': 0.40946808519996464, 'num_points': 5}, {'avg_silhouette': 0.7125889578137635, 'num_points': 15}, {'avg_silhouette': 0.3639439541650205, 'num_points': 7}, {'avg_silhouette': 0.3547210485715381, 'num_points': 9}, {'avg_silhouette': 0.34023871540078937, 'num_points': 20}]",5.0,15,0.41751822567418606,,1,
DBSCAN,,0.8966666666666661,"[{'avg_silhouette': 0.4255148294950498, 'num_points': 6311}, {'avg_silhouette': 0.6676972509947723, 'num_points': 13}, {'avg_silhouette': 0.5386700856767034, 'num_points': 79}, {'avg_silhouette': 0.39439550491353903, 'num_points': 52}, {'avg_silhouette': 0.32509120272893416, 'num_points': 11}, {'avg_silhouette': 0.6661329154254306, 'num_points': 20}, {'avg_silhouette': 0.3807042848673276, 'num_points': 6}, {'avg_silhouette': 0.5587521434603503, 'num_points': 28}, {'avg_silhouette': 0.6403188034252031, 'num_points': 7}, {'avg_silhouette': 0.4880836838644517, 'num_points': 14}, {'avg_silhouette': 0.40903453858525485, 'num_points': 5}, {'avg_silhouette': 0.7822703685933995, 'num_points': 14}, {'avg_silhouette': 0.3635641527964867, 'num_points': 7}, {'avg_silhouette': 0.40428667379686667, 'num_points': 8}, {'avg_silhouette': 0.33968899460416374, 'num_points': 20}]",5.0,15,0.41750611239941166,,1,
DBSCAN,,0.9066666666666661,"[{'avg_silhouette': 0.4252984952230218, 'num_points': 6312}, {'avg_silhouette': 0.6678845875928785, 'num_points': 13}, {'avg_silhouette': 0.5386716301699165, 'num_points': 79}, {'avg_silhouette': 0.38563750573784095, 'num_points': 53}, {'avg_silhouette': 0.32515311739384917, 'num_points': 11}, {'avg_silhouette': 0.6661734617892449, 'num_points': 20}, {'avg_silhouette': 0.38075571170543326, 'num_points': 6}, {'avg_silhouette': 0.5588018684740016, 'num_points': 28}, {'avg_silhouette': 0.6403625531167221, 'num_points': 7}, {'avg_silhouette': 0.48814260919576513, 'num_points': 14}, {'avg_silhouette': 0.40907700164196453, 'num_points': 5}, {'avg_silhouette': 0.7822948231742914, 'num_points': 14}, {'avg_silhouette': 0.36360433380596485, 'num_points': 7}, {'avg_silhouette': 0.40434919416551707, 'num_points': 8}, {'avg_silhouette': 0.33975108166806, 'num_points': 20}]",5.0,15,0.41744389455149095,,1,
DBSCAN,,0.9666666666666661,"[{'avg_silhouette': 0.42352433500677983, 'num_points': 6329}, {'avg_silhouette': 0.6696847456130673, 'num_points': 13}, {'avg_silhouette': 0.5226037946950242, 'num_points': 80}, {'avg_silhouette': 0.38566605693714534, 'num_points': 53}, {'avg_silhouette': 0.32580484760590217, 'num_points': 11}, {'avg_silhouette': 0.6666016184904084, 'num_points': 20}, {'avg_silhouette': 0.3814020110043485, 'num_points': 6}, {'avg_silhouette': 0.5593287565608249, 'num_points': 28}, {'avg_silhouette': 0.6408271160770782, 'num_points': 7}, {'avg_silhouette': 0.48878793840020535, 'num_points': 14}, {'avg_silhouette': 0.4095758749058419, 'num_points': 5}, {'avg_silhouette': 0.7126685740169614, 'num_points': 15}, {'avg_silhouette': 0.36404415260611184, 'num_points': 7}, {'avg_silhouette': 0.3548705948370823, 'num_points': 9}, {'avg_silhouette': 0.3403953175019753, 'num_points': 20}]",5.0,15,0.4173485888128137,,1,
DBSCAN,,0.846666666666666,"[{'avg_silhouette': 0.4270243429492186, 'num_points': 6296}, {'avg_silhouette': 0.6662419630839379, 'num_points': 13}, {'avg_silhouette': 0.5500702466535606, 'num_points': 78}, {'avg_silhouette': 0.3943688815484014, 'num_points': 52}, {'avg_silhouette': 0.2132385735797507, 'num_points': 5}, {'avg_silhouette': 0.6657404945093295, 'num_points': 20}, {'avg_silhouette': 0.38010497852236336, 'num_points': 6}, {'avg_silhouette': 0.5843174731744407, 'num_points': 27}, {'avg_silhouette': 0.6398913046944228, 'num_points': 7}, {'avg_silhouette': 0.4874939174560673, 'num_points': 14}, {'avg_silhouette': 0.4085766841387041, 'num_points': 5}, {'avg_silhouette': 0.7820309735943823, 'num_points': 14}, {'avg_silhouette': 0.3804592898992991, 'num_points': 6}, {'avg_silhouette': 0.4037321677666006, 'num_points': 8}, {'avg_silhouette': 0.33911691745696093, 'num_points': 20}, {'avg_silhouette': 0.34682735783570573, 'num_points': 6}]",5.0,16,0.41731261238593914,,1,
DBSCAN,,0.836666666666666,"[{'avg_silhouette': 0.4273819658081545, 'num_points': 6293}, {'avg_silhouette': 0.6662419630839379, 'num_points': 13}, {'avg_silhouette': 0.5500674949908742, 'num_points': 78}, {'avg_silhouette': 0.39436472464850947, 'num_points': 52}, {'avg_silhouette': 0.6656686393801399, 'num_points': 20}, {'avg_silhouette': 0.3800007352119277, 'num_points': 6}, {'avg_silhouette': 0.5842374181950404, 'num_points': 27}, {'avg_silhouette': 0.6398134577765634, 'num_points': 7}, {'avg_silhouette': 0.4873887312753504, 'num_points': 14}, {'avg_silhouette': 0.4085146995799719, 'num_points': 5}, {'avg_silhouette': 0.7819873485678447, 'num_points': 14}, {'avg_silhouette': 0.4221419443359509, 'num_points': 5}, {'avg_silhouette': 0.40361939516462075, 'num_points': 8}, {'avg_silhouette': 0.3390078033723463, 'num_points': 20}, {'avg_silhouette': 0.4217156670843569, 'num_points': 7}]",5.0,15,0.41703597993923525,,1,
DBSCAN,,0.9766666666666661,"[{'avg_silhouette': 0.42282838786446264, 'num_points': 6333}, {'avg_silhouette': 0.6696847456130673, 'num_points': 13}, {'avg_silhouette': 0.5226095356023011, 'num_points': 80}, {'avg_silhouette': 0.38567317378870675, 'num_points': 53}, {'avg_silhouette': 0.32596294840942214, 'num_points': 11}, {'avg_silhouette': 0.6667087600923127, 'num_points': 20}, {'avg_silhouette': 0.38155702215926474, 'num_points': 6}, {'avg_silhouette': 0.5594571778717615, 'num_points': 28}, {'avg_silhouette': 0.6409442969339674, 'num_points': 7}, {'avg_silhouette': 0.4889499527188808, 'num_points': 14}, {'avg_silhouette': 0.40967897643427653, 'num_points': 5}, {'avg_silhouette': 0.7127475145508716, 'num_points': 15}, {'avg_silhouette': 0.3641345782604811, 'num_points': 7}, {'avg_silhouette': 0.355045578432522, 'num_points': 9}, {'avg_silhouette': 0.34055793371125015, 'num_points': 20}]",5.0,15,0.4169873042933183,,1,
DBSCAN,,0.5866666666666658,"[{'avg_silhouette': 0.4646419108432633, 'num_points': 5992}, {'avg_silhouette': 0.76825477572547, 'num_points': 11}, {'avg_silhouette': 0.5845485739063081, 'num_points': 73}, {'avg_silhouette': 0.7659487907995853, 'num_points': 17}, {'avg_silhouette': 0.6041408171035483, 'num_points': 26}, {'avg_silhouette': 0.8372863276347127, 'num_points': 13}, {'avg_silhouette': 0.4319645130925278, 'num_points': 38}]",10.0,7,0.41665905858880586,,1,
DBSCAN,,0.5966666666666658,"[{'avg_silhouette': 0.46009441232255194, 'num_points': 6014}, {'avg_silhouette': 0.76825477572547, 'num_points': 11}, {'avg_silhouette': 0.5845612719602781, 'num_points': 73}, {'avg_silhouette': 0.42196427945297754, 'num_points': 44}, {'avg_silhouette': 0.7296084934286147, 'num_points': 18}, {'avg_silhouette': 0.6045225162329826, 'num_points': 26}, {'avg_silhouette': 0.837454142585398, 'num_points': 13}, {'avg_silhouette': 0.5770722323187535, 'num_points': 10}]",10.0,8,0.41661644401239345,,1,
DBSCAN,,0.5666666666666658,"[{'avg_silhouette': 0.4704485335610097, 'num_points': 5939}, {'avg_silhouette': 0.7675653756826147, 'num_points': 11}, {'avg_silhouette': 0.5932157255700141, 'num_points': 72}, {'avg_silhouette': 0.7652773248334656, 'num_points': 17}, {'avg_silhouette': 0.6458927038204619, 'num_points': 24}, {'avg_silhouette': 0.8368711055400937, 'num_points': 13}, {'avg_silhouette': 0.45320732208604847, 'num_points': 33}]",10.0,7,0.41648174345205385,,1,
DBSCAN,,0.5766666666666658,"[{'avg_silhouette': 0.46715773027169893, 'num_points': 5969}, {'avg_silhouette': 0.7681573162391832, 'num_points': 11}, {'avg_silhouette': 0.5845340097218755, 'num_points': 73}, {'avg_silhouette': 0.765650083938003, 'num_points': 17}, {'avg_silhouette': 0.6217169189555385, 'num_points': 25}, {'avg_silhouette': 0.837106255679944, 'num_points': 13}, {'avg_silhouette': 0.45323229125186876, 'num_points': 33}]",10.0,7,0.4162923055107919,,1,
DBSCAN,,0.9866666666666661,"[{'avg_silhouette': 0.42143236796449945, 'num_points': 6340}, {'avg_silhouette': 0.6696847456130673, 'num_points': 13}, {'avg_silhouette': 0.5226219828391061, 'num_points': 80}, {'avg_silhouette': 0.3856885242316559, 'num_points': 53}, {'avg_silhouette': 0.32633681724811225, 'num_points': 11}, {'avg_silhouette': 0.6669495925321882, 'num_points': 20}, {'avg_silhouette': 0.3819035448626819, 'num_points': 6}, {'avg_silhouette': 0.559748339563862, 'num_points': 28}, {'avg_silhouette': 0.6412096193184553, 'num_points': 7}, {'avg_silhouette': 0.4893123174984699, 'num_points': 14}, {'avg_silhouette': 0.40994402058949947, 'num_points': 5}, {'avg_silhouette': 0.7129299287537773, 'num_points': 15}, {'avg_silhouette': 0.36438200731409015, 'num_points': 7}, {'avg_silhouette': 0.3554161207437612, 'num_points': 9}, {'avg_silhouette': 0.34091960874759775, 'num_points': 20}]",5.0,15,0.41620706672152236,,1,
DBSCAN,,0.5966666666666658,"[{'avg_silhouette': 0.45224911662219686, 'num_points': 6043}, {'avg_silhouette': 0.76825477572547, 'num_points': 11}, {'avg_silhouette': 0.5845831929056883, 'num_points': 73}, {'avg_silhouette': 0.39561855370107857, 'num_points': 50}, {'avg_silhouette': 0.7300807018102318, 'num_points': 18}, {'avg_silhouette': 0.6051382768087239, 'num_points': 26}, {'avg_silhouette': 0.6343168513774063, 'num_points': 7}, {'avg_silhouette': 0.577829804323635, 'num_points': 10}, {'avg_silhouette': 0.8377242687110296, 'num_points': 13}, {'avg_silhouette': 0.4757600686606062, 'num_points': 6}, {'avg_silhouette': 0.5677138040410965, 'num_points': 9}, {'avg_silhouette': 0.5885151483610743, 'num_points': 5}]",5.0,12,0.4157370571214807,,1,
DBSCAN,,0.9966666666666661,"[{'avg_silhouette': 0.42040201306862157, 'num_points': 6346}, {'avg_silhouette': 0.6696847456130673, 'num_points': 13}, {'avg_silhouette': 0.5226326824719777, 'num_points': 80}, {'avg_silhouette': 0.3857018240083989, 'num_points': 53}, {'avg_silhouette': 0.3266438343937823, 'num_points': 11}, {'avg_silhouette': 0.6671573789202708, 'num_points': 20}, {'avg_silhouette': 0.38219819829558926, 'num_points': 6}, {'avg_silhouette': 0.560003744897697, 'num_points': 28}, {'avg_silhouette': 0.6414395380970147, 'num_points': 7}, {'avg_silhouette': 0.4896294354377515, 'num_points': 14}, {'avg_silhouette': 0.41018628203627666, 'num_points': 5}, {'avg_silhouette': 0.7130857623883503, 'num_points': 15}, {'avg_silhouette': 0.3645871053665595, 'num_points': 7}, {'avg_silhouette': 0.3276422195008421, 'num_points': 10}, {'avg_silhouette': 0.34121684897726146, 'num_points': 20}]",5.0,15,0.4157346860308645,,1,
DBSCAN,,0.5866666666666658,"[{'avg_silhouette': 0.4547245176200083, 'num_points': 6017}, {'avg_silhouette': 0.76825477572547, 'num_points': 11}, {'avg_silhouette': 0.5845682078211176, 'num_points': 73}, {'avg_silhouette': 0.39753186055831746, 'num_points': 49}, {'avg_silhouette': 0.7663430124930684, 'num_points': 17}, {'avg_silhouette': 0.6047129322080838, 'num_points': 26}, {'avg_silhouette': 0.6338946922482764, 'num_points': 7}, {'avg_silhouette': 0.5772746663232464, 'num_points': 10}, {'avg_silhouette': 0.8375376177030566, 'num_points': 13}, {'avg_silhouette': 0.4757600686606062, 'num_points': 6}, {'avg_silhouette': 0.5677138040410965, 'num_points': 9}]",5.0,11,0.41507743110320944,,1,
K-means,,,"[{'avg_silhouette': 0.5083067384060564, 'num_points': 5488}, {'avg_silhouette': -0.0038848990923322536, 'num_points': 1229}]",,2,0.4145917581342804,,2,0.2522109196568621
DBSCAN,,0.5566666666666658,"[{'avg_silhouette': 0.4711126932683632, 'num_points': 5918}, {'avg_silhouette': 0.7673098364551391, 'num_points': 11}, {'avg_silhouette': 0.5932013149464135, 'num_points': 72}, {'avg_silhouette': 0.7988894254044051, 'num_points': 16}, {'avg_silhouette': 0.6455100211923138, 'num_points': 24}, {'avg_silhouette': 0.8366943560341945, 'num_points': 13}, {'avg_silhouette': 0.4781053450506695, 'num_points': 28}]",10.0,7,0.4144525221550254,,1,
DBSCAN,,0.5666666666666658,"[{'avg_silhouette': 0.45821488844705, 'num_points': 5981}, {'avg_silhouette': 0.7675653756826147, 'num_points': 11}, {'avg_silhouette': 0.593247545356796, 'num_points': 72}, {'avg_silhouette': 0.40445303635050406, 'num_points': 48}, {'avg_silhouette': 0.7659263055848652, 'num_points': 17}, {'avg_silhouette': 0.6221186500838042, 'num_points': 25}, {'avg_silhouette': 0.6333036211605004, 'num_points': 7}, {'avg_silhouette': 0.5765316390701606, 'num_points': 10}, {'avg_silhouette': 0.8372757105616468, 'num_points': 13}, {'avg_silhouette': 0.4860744222170035, 'num_points': 6}, {'avg_silhouette': 0.6886808086740778, 'num_points': 7}]",5.0,11,0.4144304368592842,,1,
DBSCAN,,0.5766666666666658,"[{'avg_silhouette': 0.45567671950251004, 'num_points': 6003}, {'avg_silhouette': 0.76825477572547, 'num_points': 11}, {'avg_silhouette': 0.5845600842704679, 'num_points': 73}, {'avg_silhouette': 0.40447498184048686, 'num_points': 48}, {'avg_silhouette': 0.766184581698223, 'num_points': 17}, {'avg_silhouette': 0.6224677088963586, 'num_points': 25}, {'avg_silhouette': 0.6336674872409559, 'num_points': 7}, {'avg_silhouette': 0.5769912238785088, 'num_points': 10}, {'avg_silhouette': 0.8374398691413318, 'num_points': 13}, {'avg_silhouette': 0.4860744222170035, 'num_points': 6}, {'avg_silhouette': 0.6886808086740778, 'num_points': 7}]",5.0,11,0.4142022224091877,,1,
DBSCAN,,0.5466666666666657,"[{'avg_silhouette': 0.46236518543305644, 'num_points': 5936}, {'avg_silhouette': 0.767193772386708, 'num_points': 11}, {'avg_silhouette': 0.5988959153708124, 'num_points': 71}, {'avg_silhouette': 0.14223915865441958, 'num_points': 34}, {'avg_silhouette': 0.7344434207587611, 'num_points': 7}, {'avg_silhouette': 0.7991715957036677, 'num_points': 16}, {'avg_silhouette': 0.6459456028188514, 'num_points': 24}, {'avg_silhouette': 0.6324376856686934, 'num_points': 7}, {'avg_silhouette': 0.5754309355139949, 'num_points': 10}, {'avg_silhouette': 0.8368926445087601, 'num_points': 13}, {'avg_silhouette': 0.7640064950608836, 'num_points': 6}, {'avg_silhouette': 0.5703314187519094, 'num_points': 5}]",5.0,12,0.4116682886952031,,1,
DBSCAN,,0.5566666666666658,"[{'avg_silhouette': 0.458843855570381, 'num_points': 5962}, {'avg_silhouette': 0.7675653756826147, 'num_points': 11}, {'avg_silhouette': 0.5932350701487893, 'num_points': 72}, {'avg_silhouette': 0.13328083637459617, 'num_points': 36}, {'avg_silhouette': 0.7344005507578206, 'num_points': 7}, {'avg_silhouette': 0.7994738231184082, 'num_points': 16}, {'avg_silhouette': 0.646422197150614, 'num_points': 24}, {'avg_silhouette': 0.632931854604408, 'num_points': 7}, {'avg_silhouette': 0.5760612822958946, 'num_points': 10}, {'avg_silhouette': 0.8371097473176451, 'num_points': 13}, {'avg_silhouette': 0.7640064950608836, 'num_points': 6}, {'avg_silhouette': 0.5703314187519094, 'num_points': 5}]",5.0,12,0.41106864693106726,,1,
DBSCAN,,1.0066666666666662,"[{'avg_silhouette': 0.4176208611913338, 'num_points': 6489}, {'avg_silhouette': 0.4650553804707169, 'num_points': 93}, {'avg_silhouette': 0.6692447909813921, 'num_points': 20}, {'avg_silhouette': 0.5698636528054745, 'num_points': 18}]",10.0,4,0.4107552525077546,,1,
DBSCAN,,1.0066666666666662,"[{'avg_silhouette': 0.4068532866381797, 'num_points': 6500}, {'avg_silhouette': 0.4654485830248922, 'num_points': 93}, {'avg_silhouette': 0.6695168162315979, 'num_points': 20}, {'avg_silhouette': 0.4138639272511787, 'num_points': 5}, {'avg_silhouette': 0.6440650180384985, 'num_points': 7}, {'avg_silhouette': 0.570169150811869, 'num_points': 18}, {'avg_silhouette': 0.3681443306901923, 'num_points': 7}]",5.0,7,0.40339100331785716,,1,
AGGLC,ward,,"[{'avg_silhouette': 0.4830718870992421, 'num_points': 5485}, {'avg_silhouette': -0.015961259297721738, 'num_points': 1232}]",,2,0.391541615197938,,2,0.23355531390076018
K-means,,,"[{'avg_silhouette': -0.020924071094678393, 'num_points': 1121}, {'avg_silhouette': 0.45158658576058835, 'num_points': 5169}, {'avg_silhouette': 0.05708988709380011, 'num_points': 427}]",,3,0.3476511180420425,,3,0.16258413391990337
DBSCAN,,0.5466666666666657,"[{'avg_silhouette': 0.34809979606816366, 'num_points': 5891}, {'avg_silhouette': 0.7658077949356815, 'num_points': 11}, {'avg_silhouette': 0.5988676169195517, 'num_points': 71}, {'avg_silhouette': 0.42501250295150517, 'num_points': 9}, {'avg_silhouette': 0.7986537522066458, 'num_points': 16}, {'avg_silhouette': 0.6451459020179912, 'num_points': 24}, {'avg_silhouette': 0.8365322869506904, 'num_points': 13}, {'avg_silhouette': 0.5065880323570865, 'num_points': 24}]",10.0,8,0.3030397910004029,,1,
K-means,,,"[{'avg_silhouette': -0.05078432253811116, 'num_points': 465}, {'avg_silhouette': 0.05118565630117905, 'num_points': 382}, {'avg_silhouette': 0.02251631064361978, 'num_points': 759}, {'avg_silhouette': -0.0429286413093317, 'num_points': 1145}, {'avg_silhouette': 0.4379213046223642, 'num_points': 93}, {'avg_silhouette': 0.00530532055063441, 'num_points': 375}, {'avg_silhouette': 0.5786373281383846, 'num_points': 3377}, {'avg_silhouette': 0.06923685156115178, 'num_points': 121}]",,8,0.2931408201436272,,6,0.09398860863106251
DBSCAN,,0.5366666666666657,"[{'avg_silhouette': 0.33082947310342126, 'num_points': 5898}, {'avg_silhouette': 0.7668235390078746, 'num_points': 11}, {'avg_silhouette': 0.6083831715630734, 'num_points': 70}, {'avg_silhouette': 0.466834761951133, 'num_points': 6}, {'avg_silhouette': 0.7212901733736272, 'num_points': 7}, {'avg_silhouette': 0.384392859794948, 'num_points': 12}, {'avg_silhouette': 0.12632885913107747, 'num_points': 28}, {'avg_silhouette': 0.798864977954791, 'num_points': 16}, {'avg_silhouette': 0.6454750388563145, 'num_points': 24}, {'avg_silhouette': 0.6319349370097419, 'num_points': 7}, {'avg_silhouette': 0.5748006449253313, 'num_points': 10}, {'avg_silhouette': 0.836676674588187, 'num_points': 13}, {'avg_silhouette': 0.7640064950608836, 'num_points': 6}, {'avg_silhouette': 0.5703314187519094, 'num_points': 5}]",5.0,14,0.2924486064331411,,1,
K-means,,,"[{'avg_silhouette': 0.5176917483523258, 'num_points': 3675}, {'avg_silhouette': -0.02892022188987447, 'num_points': 474}, {'avg_silhouette': 0.5382443778589208, 'num_points': 28}, {'avg_silhouette': 0.11579209309449978, 'num_points': 146}, {'avg_silhouette': 0.06361516071764213, 'num_points': 386}, {'avg_silhouette': -0.0002363375330248007, 'num_points': 1156}, {'avg_silhouette': 0.007087684077475972, 'num_points': 852}]",,7,0.29047289427924466,,5,0.11184760674490893
K-means,,,"[{'avg_silhouette': -0.08845602814955389, 'num_points': 552}, {'avg_silhouette': 0.5663172453148297, 'num_points': 3028}, {'avg_silhouette': 0.05639828901356284, 'num_points': 331}, {'avg_silhouette': 0.004935071994082972, 'num_points': 131}, {'avg_silhouette': 0.2905015134846217, 'num_points': 70}, {'avg_silhouette': 0.026157984215361245, 'num_points': 102}, {'avg_silhouette': -0.07459595032828802, 'num_points': 38}, {'avg_silhouette': 0.03184185090110308, 'num_points': 311}, {'avg_silhouette': -0.07710719251304035, 'num_points': 155}, {'avg_silhouette': 0.08385923609272451, 'num_points': 265}, {'avg_silhouette': 0.36256279620983906, 'num_points': 158}, {'avg_silhouette': 0.10141446721194068, 'num_points': 203}, {'avg_silhouette': 0.36102959608583657, 'num_points': 418}, {'avg_silhouette': -0.015734435191480912, 'num_points': 403}, {'avg_silhouette': -0.05435084831592519, 'num_points': 359}, {'avg_silhouette': 0.10827956654335458, 'num_points': 193}]",,16,0.2902285464002554,,5,0.15376110594874126
DBSCAN,,0.5366666666666657,"[{'avg_silhouette': 0.33531609908824517, 'num_points': 5857}, {'avg_silhouette': 0.7629498305058966, 'num_points': 11}, {'avg_silhouette': 0.6184854640260504, 'num_points': 69}, {'avg_silhouette': 0.7983896512990858, 'num_points': 16}, {'avg_silhouette': 0.6447637700393535, 'num_points': 24}, {'avg_silhouette': 0.41085447309335893, 'num_points': 10}, {'avg_silhouette': 0.8363435081273717, 'num_points': 13}, {'avg_silhouette': 0.5480064123791986, 'num_points': 20}]",10.0,8,0.2888218979030996,,1,
AGGLC,ward,,"[{'avg_silhouette': 0.5114233562447472, 'num_points': 3352}, {'avg_silhouette': 0.06195214644530172, 'num_points': 337}, {'avg_silhouette': -0.001718220594784025, 'num_points': 534}, {'avg_silhouette': -0.032495213690780185, 'num_points': 425}, {'avg_silhouette': 0.061516017936348685, 'num_points': 300}, {'avg_silhouette': 0.3865384748910637, 'num_points': 402}, {'avg_silhouette': 0.5195969917767929, 'num_points': 80}, {'avg_silhouette': 0.2773187908584835, 'num_points': 66}, {'avg_silhouette': -0.11741443711534547, 'num_points': 677}, {'avg_silhouette': -0.10469485242888685, 'num_points': 265}, {'avg_silhouette': 0.45333453288260106, 'num_points': 146}, {'avg_silhouette': 0.040542223764911366, 'num_points': 133}]",,12,0.28561862251526393,,6,0.1347143510300338
K-means,,,"[{'avg_silhouette': 0.5036238960870648, 'num_points': 2502}, {'avg_silhouette': -0.001015370756997247, 'num_points': 28}, {'avg_silhouette': 0.506305346729482, 'num_points': 80}, {'avg_silhouette': 0.0032707468132935087, 'num_points': 51}, {'avg_silhouette': 0.1488335567272015, 'num_points': 210}, {'avg_silhouette': 0.08331058305838888, 'num_points': 85}, {'avg_silhouette': 0.33184437882506435, 'num_points': 79}, {'avg_silhouette': 0.10247612668629383, 'num_points': 314}, {'avg_silhouette': 0.31086861103892177, 'num_points': 12}, {'avg_silhouette': 0.1108293382328439, 'num_points': 166}, {'avg_silhouette': 0.5181403334992674, 'num_points': 28}, {'avg_silhouette': 0.0605967440307704, 'num_points': 20}, {'avg_silhouette': 0.27159418994791584, 'num_points': 76}, {'avg_silhouette': -0.0466959416932543, 'num_points': 123}, {'avg_silhouette': 0.6250832636341519, 'num_points': 20}, {'avg_silhouette': 0.1315636867895979, 'num_points': 178}, {'avg_silhouette': 0.17514423240464919, 'num_points': 36}, {'avg_silhouette': 0.06498565543174353, 'num_points': 88}, {'avg_silhouette': 0.0020701465306472333, 'num_points': 372}, {'avg_silhouette': 0.39174530114245604, 'num_points': 413}, {'avg_silhouette': -0.07557204411438648, 'num_points': 45}, {'avg_silhouette': 0.20838282392937407, 'num_points': 21}, {'avg_silhouette': -0.031875431960112034, 'num_points': 13}, {'avg_silhouette': -0.0034810125632801967, 'num_points': 111}, {'avg_silhouette': 0.16129287403959203, 'num_points': 244}, {'avg_silhouette': -0.06560870735637098, 'num_points': 81}, {'avg_silhouette': -0.0625866154366089, 'num_points': 62}, {'avg_silhouette': 0.04445335938168087, 'num_points': 18}, {'avg_silhouette': -0.02637515629611663, 'num_points': 47}, {'avg_silhouette': -0.060080198792763564, 'num_points': 97}, {'avg_silhouette': 0.13775390979149116, 'num_points': 109}, {'avg_silhouette': 0.11528645008359525, 'num_points': 45}, {'avg_silhouette': -0.04339773384007678, 'num_points': 31}, {'avg_silhouette': 0.07459323335153407, 'num_points': 44}, {'avg_silhouette': -0.010423945464539197, 'num_points': 65}, {'avg_silhouette': 0.057131886653300525, 'num_points': 113}, {'avg_silhouette': 0.2955571552405668, 'num_points': 57}, {'avg_silhouette': 0.6699667711014153, 'num_points': 13}, {'avg_silhouette': 0.36321729229509014, 'num_points': 335}, {'avg_silhouette': -0.05999078529115364, 'num_points': 58}, {'avg_silhouette': -0.007813636060018378, 'num_points': 100}, {'avg_silhouette': 0.41999387812168937, 'num_points': 114}, {'avg_silhouette': 0.13100861417059442, 'num_points': 13}]",,43,0.2836432557319725,,3,0.299146447920056
K-means,,,"[{'avg_silhouette': 0.024280752262462468, 'num_points': 898}, {'avg_silhouette': 0.5225684377073518, 'num_points': 3798}, {'avg_silhouette': -0.10120411260842006, 'num_points': 359}, {'avg_silhouette': 0.02872318582645082, 'num_points': 248}, {'avg_silhouette': -0.059861963409851726, 'num_points': 1414}]",,5,0.2817724131816615,,4,0.09644577848788564
AGGLC,ward,,"[{'avg_silhouette': -0.04067722167689034, 'num_points': 667}, {'avg_silhouette': 0.062111645390323676, 'num_points': 337}, {'avg_silhouette': 0.5114233562447472, 'num_points': 3352}, {'avg_silhouette': -0.032495213690780185, 'num_points': 425}, {'avg_silhouette': 0.06300148560050413, 'num_points': 300}, {'avg_silhouette': 0.386627608539793, 'num_points': 402}, {'avg_silhouette': 0.5195988456546254, 'num_points': 80}, {'avg_silhouette': 0.27737682117810036, 'num_points': 66}, {'avg_silhouette': -0.11674989419243684, 'num_points': 677}, {'avg_silhouette': -0.10087027593613802, 'num_points': 265}, {'avg_silhouette': 0.45333453288260106, 'num_points': 146}]",,11,0.281211345008879,,6,0.1283733801024594
K-means,,,"[{'avg_silhouette': -0.09512355358914348, 'num_points': 627}, {'avg_silhouette': 0.34141109895092914, 'num_points': 428}, {'avg_silhouette': -0.09579039288446062, 'num_points': 662}, {'avg_silhouette': 0.08959281200562816, 'num_points': 202}, {'avg_silhouette': 0.08229900616180133, 'num_points': 356}, {'avg_silhouette': -0.025835747418082897, 'num_points': 270}, {'avg_silhouette': 0.02330699674779909, 'num_points': 127}, {'avg_silhouette': 0.48011555790705146, 'num_points': 19}, {'avg_silhouette': 0.553663489127804, 'num_points': 3073}, {'avg_silhouette': -0.0025828281060283633, 'num_points': 351}, {'avg_silhouette': 0.3122048763595544, 'num_points': 166}, {'avg_silhouette': 0.034569318490492135, 'num_points': 307}, {'avg_silhouette': 0.4318644486992275, 'num_points': 93}, {'avg_silhouette': 0.03242697538601291, 'num_points': 36}]",,14,0.2798633100020648,,6,0.13064613661015034
K-means,,,"[{'avg_silhouette': -0.0487151386418666, 'num_points': 454}, {'avg_silhouette': 0.029626663674756682, 'num_points': 331}, {'avg_silhouette': 0.059329695863718904, 'num_points': 588}, {'avg_silhouette': 0.013535086338821896, 'num_points': 189}, {'avg_silhouette': 0.6084532319436662, 'num_points': 3162}, {'avg_silhouette': 0.30914235195837686, 'num_points': 70}, {'avg_silhouette': -0.07824165970778743, 'num_points': 368}, {'avg_silhouette': -0.05930925573329801, 'num_points': 1135}, {'avg_silhouette': -0.008511777304449304, 'num_points': 420}]",,9,0.2785497910918821,,6,0.07883418273666397
K-means,,,"[{'avg_silhouette': 0.5498009456491226, 'num_points': 3057}, {'avg_silhouette': 0.36245811751122187, 'num_points': 57}, {'avg_silhouette': 0.07616415984864171, 'num_points': 111}, {'avg_silhouette': 0.006003143618867918, 'num_points': 139}, {'avg_silhouette': 0.4059795688540212, 'num_points': 93}, {'avg_silhouette': -0.06777886965868128, 'num_points': 108}, {'avg_silhouette': -0.06763502347026615, 'num_points': 623}, {'avg_silhouette': 0.038684387609839874, 'num_points': 214}, {'avg_silhouette': 0.05021971896511065, 'num_points': 335}, {'avg_silhouette': 0.05401936606197353, 'num_points': 296}, {'avg_silhouette': 0.0707816956370504, 'num_points': 278}, {'avg_silhouette': 0.6431123153477365, 'num_points': 20}, {'avg_silhouette': -0.0850436203881567, 'num_points': 622}, {'avg_silhouette': 0.03983572592722633, 'num_points': 164}, {'avg_silhouette': 0.38367306369699933, 'num_points': 15}, {'avg_silhouette': 0.20921248152142247, 'num_points': 563}, {'avg_silhouette': 0.23401912960174265, 'num_points': 22}]",,17,0.2761570716891682,,4,0.15158369582803055
AGGLC,ward,,"[{'avg_silhouette': 0.5066015847001774, 'num_points': 3689}, {'avg_silhouette': -0.015153681772369565, 'num_points': 425}, {'avg_silhouette': -0.03745727948406616, 'num_points': 1225}, {'avg_silhouette': 0.2982364862117211, 'num_points': 66}, {'avg_silhouette': 0.09265704309229521, 'num_points': 300}, {'avg_silhouette': -0.05587823354519138, 'num_points': 932}, {'avg_silhouette': 0.530555213446209, 'num_points': 80}]",,7,0.2760718160290244,,4,0.09952809747463756
K-means,,,"[{'avg_silhouette': -0.0398990946182814, 'num_points': 440}, {'avg_silhouette': -0.06787874849748703, 'num_points': 409}, {'avg_silhouette': 0.5756627520906437, 'num_points': 3167}, {'avg_silhouette': 0.048024750054169334, 'num_points': 608}, {'avg_silhouette': 0.009984882318250867, 'num_points': 184}, {'avg_silhouette': 0.031093977980709418, 'num_points': 319}, {'avg_silhouette': 0.08968799691628745, 'num_points': 206}, {'avg_silhouette': 0.025511607390698236, 'num_points': 168}, {'avg_silhouette': 0.1313703958896021, 'num_points': 137}, {'avg_silhouette': -0.020316940283792318, 'num_points': 1079}]",,10,0.2735743061688176,,5,0.09911854374905044
AGGLC,ward,,"[{'avg_silhouette': -0.1047383926715678, 'num_points': 1371}, {'avg_silhouette': 0.5442543115927168, 'num_points': 3689}, {'avg_silhouette': -0.05214114637772831, 'num_points': 932}, {'avg_silhouette': -0.014757387893883877, 'num_points': 425}, {'avg_silhouette': 0.09284477535129153, 'num_points': 300}]",,5,0.2735065972069759,,4,0.09315434616238419
K-means,,,"[{'avg_silhouette': 0.4364383673096944, 'num_points': 4171}, {'avg_silhouette': 0.01284171957332511, 'num_points': 970}, {'avg_silhouette': 0.4395619322688907, 'num_points': 94}, {'avg_silhouette': -0.025015355777885624, 'num_points': 1482}]",,4,0.2734981334532246,,3,0.14142157703504463
AGGLC,ward,,"[{'avg_silhouette': 0.2172673246400271, 'num_points': 548}, {'avg_silhouette': 0.06224289014731588, 'num_points': 337}, {'avg_silhouette': -0.036688092291796495, 'num_points': 667}, {'avg_silhouette': -0.030984281112077048, 'num_points': 425}, {'avg_silhouette': 0.06350455678850804, 'num_points': 300}, {'avg_silhouette': 0.5184592091556804, 'num_points': 3352}, {'avg_silhouette': 0.5240185718125343, 'num_points': 80}, {'avg_silhouette': 0.28833398291481743, 'num_points': 66}, {'avg_silhouette': -0.10579377302278753, 'num_points': 677}, {'avg_silhouette': -0.0939931125542489, 'num_points': 265}]",,10,0.27151208522131753,,6,0.1040838795860604
K-means,,,"[{'avg_silhouette': 0.47250229189121384, 'num_points': 2663}, {'avg_silhouette': 0.08234280844730574, 'num_points': 187}, {'avg_silhouette': 0.010202866298209056, 'num_points': 154}, {'avg_silhouette': 0.3940023502972685, 'num_points': 374}, {'avg_silhouette': 0.13699527103872988, 'num_points': 183}, {'avg_silhouette': 0.2440514971728531, 'num_points': 70}, {'avg_silhouette': 0.04644270732236963, 'num_points': 283}, {'avg_silhouette': 0.04965573387984545, 'num_points': 19}, {'avg_silhouette': 0.18650629107501232, 'num_points': 18}, {'avg_silhouette': -0.051658080933227275, 'num_points': 82}, {'avg_silhouette': 0.023161193486574583, 'num_points': 135}, {'avg_silhouette': 0.03697552011928798, 'num_points': 355}, {'avg_silhouette': 0.37795848906499696, 'num_points': 420}, {'avg_silhouette': 0.01746021685117906, 'num_points': 100}, {'avg_silhouette': 0.06112868349042103, 'num_points': 229}, {'avg_silhouette': -0.05630201507403544, 'num_points': 111}, {'avg_silhouette': -0.021639111718598718, 'num_points': 75}, {'avg_silhouette': 0.5203542933553038, 'num_points': 80}, {'avg_silhouette': 0.35266163952514906, 'num_points': 158}, {'avg_silhouette': 0.5289108027751965, 'num_points': 28}, {'avg_silhouette': 0.04185487037817224, 'num_points': 343}, {'avg_silhouette': -0.042030261662136144, 'num_points': 312}, {'avg_silhouette': 0.28075159170860464, 'num_points': 86}, {'avg_silhouette': -0.03272882575980048, 'num_points': 76}, {'avg_silhouette': 0.11817877610378663, 'num_points': 176}]",,25,0.2704610701155796,,5,0.2646587043501879
AGGLC,ward,,"[{'avg_silhouette': 0.11820653174849903, 'num_points': 146}, {'avg_silhouette': 0.5066582895915136, 'num_points': 3689}, {'avg_silhouette': -0.03698519026070157, 'num_points': 1225}, {'avg_silhouette': -0.014786737833468205, 'num_points': 425}, {'avg_silhouette': 0.09265704309229521, 'num_points': 300}, {'avg_silhouette': -0.05587823354519138, 'num_points': 932}]",,6,0.2695322259272534,,4,0.09975203198803811
AGGLC,ward,,"[{'avg_silhouette': -0.04650048820043827, 'num_points': 1232}, {'avg_silhouette': 0.5443133120215529, 'num_points': 3689}, {'avg_silhouette': -0.10439504456456467, 'num_points': 1371}, {'avg_silhouette': -0.014333206554856525, 'num_points': 425}]",,4,0.2681950257109924,,4,0.09477114317542334
AGGLC,ward,,"[{'avg_silhouette': -0.09262607636270324, 'num_points': 932}, {'avg_silhouette': 0.062303688928111514, 'num_points': 337}, {'avg_silhouette': 0.21738854874040317, 'num_points': 548}, {'avg_silhouette': -0.030926746562784917, 'num_points': 425}, {'avg_silhouette': 0.0905855679542197, 'num_points': 300}, {'avg_silhouette': 0.5184592091556804, 'num_points': 3352}, {'avg_silhouette': 0.5243160094318193, 'num_points': 80}, {'avg_silhouette': 0.28844682580229714, 'num_points': 66}, {'avg_silhouette': -0.10525819484522662, 'num_points': 677}]",,9,0.26729608608644884,,6,0.09489007150891339
K-means,,,"[{'avg_silhouette': 0.03135137870266991, 'num_points': 760}, {'avg_silhouette': 0.3961328702082196, 'num_points': 4100}, {'avg_silhouette': 0.44243275095055346, 'num_points': 93}, {'avg_silhouette': 0.03764856554278147, 'num_points': 430}, {'avg_silhouette': -0.07814113863415588, 'num_points': 778}, {'avg_silhouette': 0.2703898976869912, 'num_points': 556}]",,6,0.26721005239632584,,5,0.13147631470130125
K-means,,,"[{'avg_silhouette': 0.49642374239529374, 'num_points': 2582}, {'avg_silhouette': -0.026680518931332418, 'num_points': 98}, {'avg_silhouette': -0.08838384288090562, 'num_points': 83}, {'avg_silhouette': 0.14370822053062535, 'num_points': 89}, {'avg_silhouette': -0.08494968986932792, 'num_points': 71}, {'avg_silhouette': 0.35093447278532736, 'num_points': 56}, {'avg_silhouette': 0.13404129803433082, 'num_points': 176}, {'avg_silhouette': -0.092752462569018, 'num_points': 34}, {'avg_silhouette': 0.030341628162254806, 'num_points': 38}, {'avg_silhouette': -0.017852461914822326, 'num_points': 80}, {'avg_silhouette': -0.025605013623773862, 'num_points': 324}, {'avg_silhouette': 0.3933696571809149, 'num_points': 93}, {'avg_silhouette': 0.08534170389058388, 'num_points': 253}, {'avg_silhouette': 0.0008768924278487716, 'num_points': 159}, {'avg_silhouette': 0.06085855478900684, 'num_points': 15}, {'avg_silhouette': -0.005701341180445627, 'num_points': 47}, {'avg_silhouette': 0.1648385717911049, 'num_points': 35}, {'avg_silhouette': 0.01389927616734694, 'num_points': 26}, {'avg_silhouette': 0.028234340762919082, 'num_points': 58}, {'avg_silhouette': 0.06836571450527637, 'num_points': 337}, {'avg_silhouette': -0.05265495610146941, 'num_points': 375}, {'avg_silhouette': -0.02644156831023959, 'num_points': 75}, {'avg_silhouette': 0.09468232571323051, 'num_points': 177}, {'avg_silhouette': 0.11039052551779298, 'num_points': 94}, {'avg_silhouette': 0.10432848063522142, 'num_points': 54}, {'avg_silhouette': 0.04136195052319994, 'num_points': 108}, {'avg_silhouette': 0.3967032875332145, 'num_points': 343}, {'avg_silhouette': 0.3691532421071051, 'num_points': 15}, {'avg_silhouette': 0.12553154767838193, 'num_points': 136}, {'avg_silhouette': 0.5228933102571215, 'num_points': 28}, {'avg_silhouette': 0.027530131410862465, 'num_points': 67}, {'avg_silhouette': 0.5312692832434952, 'num_points': 78}, {'avg_silhouette': 0.0022094065895106652, 'num_points': 96}, {'avg_silhouette': 0.38139133673950953, 'num_points': 417}]",,34,0.26667007560060435,,5,0.25804582501436496
K-means,,,"[{'avg_silhouette': -0.08522840636346644, 'num_points': 54}, {'avg_silhouette': -0.1550041701848081, 'num_points': 114}, {'avg_silhouette': -0.021395769055335, 'num_points': 48}, {'avg_silhouette': -0.042883923821250836, 'num_points': 53}, {'avg_silhouette': -0.01373067644320091, 'num_points': 117}, {'avg_silhouette': -0.12861726291938044, 'num_points': 75}, {'avg_silhouette': 0.4545443402545253, 'num_points': 352}, {'avg_silhouette': 0.19588915085590886, 'num_points': 264}, {'avg_silhouette': 0.07867999833573243, 'num_points': 68}, {'avg_silhouette': 0.0802215767030515, 'num_points': 273}, {'avg_silhouette': 0.29285950487359247, 'num_points': 57}, {'avg_silhouette': 0.3721678939371431, 'num_points': 404}, {'avg_silhouette': -0.036395266959412045, 'num_points': 36}, {'avg_silhouette': 0.021969220938196803, 'num_points': 155}, {'avg_silhouette': -0.036459546824491526, 'num_points': 34}, {'avg_silhouette': 0.33442543390486934, 'num_points': 55}, {'avg_silhouette': 0.1738933427034146, 'num_points': 146}, {'avg_silhouette': 0.31414652325796644, 'num_points': 81}, {'avg_silhouette': 0.5140249108018933, 'num_points': 28}, {'avg_silhouette': -0.025799512612400544, 'num_points': 4}, {'avg_silhouette': 0.0350776855080907, 'num_points': 71}, {'avg_silhouette': 0.41089574447722604, 'num_points': 148}, {'avg_silhouette': -0.04962278081330388, 'num_points': 81}, {'avg_silhouette': -0.08229428306683413, 'num_points': 49}, {'avg_silhouette': 0.2276306562025578, 'num_points': 20}, {'avg_silhouette': -0.011980753588086417, 'num_points': 54}, {'avg_silhouette': 0.6646000335969358, 'num_points': 13}, {'avg_silhouette': 0.6264058781075182, 'num_points': 20}, {'avg_silhouette': -0.04305894132002034, 'num_points': 9}, {'avg_silhouette': 0.5937231781933114, 'num_points': 1546}, {'avg_silhouette': 0.01699239335945411, 'num_points': 208}, {'avg_silhouette': 0.4375226362340533, 'num_points': 19}, {'avg_silhouette': 0.08395875883157998, 'num_points': 135}, {'avg_silhouette': 0.12447574190663814, 'num_points': 13}, {'avg_silhouette': -0.014343154236632273, 'num_points': 81}, {'avg_silhouette': 0.031590410259169886, 'num_points': 33}, {'avg_silhouette': -0.008929121225675534, 'num_points': 93}, {'avg_silhouette': 0.3154755313308012, 'num_points': 510}, {'avg_silhouette': 0.06637491880914549, 'num_points': 41}, {'avg_silhouette': 0.49556755292675947, 'num_points': 68}, {'avg_silhouette': 0.10833881463111313, 'num_points': 130}, {'avg_silhouette': 0.11074919591838167, 'num_points': 41}, {'avg_silhouette': 0.015712308451565623, 'num_points': 39}, {'avg_silhouette': 0.09434650924425537, 'num_points': 133}, {'avg_silhouette': 0.13540855770462118, 'num_points': 131}, {'avg_silhouette': 0.12980450567209403, 'num_points': 100}, {'avg_silhouette': 0.04019488045720697, 'num_points': 18}, {'avg_silhouette': 0.009534276598808039, 'num_points': 33}, {'avg_silhouette': 0.023339352505889685, 'num_points': 30}, {'avg_silhouette': 0.03836688496959985, 'num_points': 432}]",,50,0.261035352972888,,5,0.3548555657370762
K-means,,,"[{'avg_silhouette': 0.03068613234641254, 'num_points': 350}, {'avg_silhouette': 0.06884317100060679, 'num_points': 298}, {'avg_silhouette': 0.467378446355092, 'num_points': 2681}, {'avg_silhouette': -0.01935693677348174, 'num_points': 416}, {'avg_silhouette': -0.02305157671816723, 'num_points': 79}, {'avg_silhouette': 0.005818750314173058, 'num_points': 109}, {'avg_silhouette': 0.04732220632885437, 'num_points': 112}, {'avg_silhouette': -0.07768712434322876, 'num_points': 75}, {'avg_silhouette': -0.0028527572544904583, 'num_points': 47}, {'avg_silhouette': -0.04686294250604957, 'num_points': 324}, {'avg_silhouette': 0.36707687839122827, 'num_points': 427}, {'avg_silhouette': 0.5207752240919822, 'num_points': 80}, {'avg_silhouette': 0.3536478769395163, 'num_points': 158}, {'avg_silhouette': -0.06677428086492898, 'num_points': 61}, {'avg_silhouette': 0.09376658843555422, 'num_points': 220}, {'avg_silhouette': 0.08027825636241648, 'num_points': 93}, {'avg_silhouette': 0.08402460770606934, 'num_points': 224}, {'avg_silhouette': 0.36458555313546503, 'num_points': 394}, {'avg_silhouette': 0.10235386685533653, 'num_points': 44}, {'avg_silhouette': 0.04564910530255611, 'num_points': 232}, {'avg_silhouette': 0.24639091236328126, 'num_points': 70}, {'avg_silhouette': 0.294931660303921, 'num_points': 85}, {'avg_silhouette': -0.035773228705869305, 'num_points': 138}]",,23,0.26089881302488804,,5,0.24207401469094325
K-means,,,"[{'avg_silhouette': 0.5261020842786711, 'num_points': 17}, {'avg_silhouette': -0.0032282062570319673, 'num_points': 221}, {'avg_silhouette': 0.05353334230188189, 'num_points': 142}, {'avg_silhouette': 0.5086850213163687, 'num_points': 1709}, {'avg_silhouette': 0.03631965583687253, 'num_points': 86}, {'avg_silhouette': 0.40761153861596955, 'num_points': 370}, {'avg_silhouette': -0.02923088117588532, 'num_points': 40}, {'avg_silhouette': 0.1890390711790236, 'num_points': 142}, {'avg_silhouette': -0.031467349243416654, 'num_points': 10}, {'avg_silhouette': -0.024278255400550907, 'num_points': 55}, {'avg_silhouette': 0.08971742975733075, 'num_points': 169}, {'avg_silhouette': 0.40372350521644434, 'num_points': 149}, {'avg_silhouette': 0.3036482358634815, 'num_points': 57}, {'avg_silhouette': 0.05493979827440945, 'num_points': 89}, {'avg_silhouette': 0.20585963729787402, 'num_points': 15}, {'avg_silhouette': 0.5065180880530995, 'num_points': 28}, {'avg_silhouette': 0.02816481934871629, 'num_points': 116}, {'avg_silhouette': 0.6696086450614426, 'num_points': 13}, {'avg_silhouette': -0.10735402044014065, 'num_points': 60}, {'avg_silhouette': -0.05583932092776171, 'num_points': 64}, {'avg_silhouette': -0.005863596146295953, 'num_points': 54}, {'avg_silhouette': 0.33290075527992424, 'num_points': 518}, {'avg_silhouette': -0.003718426243128826, 'num_points': 118}, {'avg_silhouette': 0.3173534228052449, 'num_points': 80}, {'avg_silhouette': 0.12483277772095877, 'num_points': 133}, {'avg_silhouette': 0.36097956127027625, 'num_points': 15}, {'avg_silhouette': 0.11137268642386289, 'num_points': 250}, {'avg_silhouette': 0.05425205184796609, 'num_points': 460}, {'avg_silhouette': 0.24699204840326386, 'num_points': 224}, {'avg_silhouette': 0.1003996033269483, 'num_points': 80}, {'avg_silhouette': 0.13818733277446998, 'num_points': 41}, {'avg_silhouette': 0.2544923140676099, 'num_points': 19}, {'avg_silhouette': -0.0459878497511004, 'num_points': 36}, {'avg_silhouette': 0.379803519256089, 'num_points': 405}, {'avg_silhouette': 0.007259754718798594, 'num_points': 32}, {'avg_silhouette': 0.07699276525143157, 'num_points': 146}, {'avg_silhouette': -0.10865175424836714, 'num_points': 51}, {'avg_silhouette': 0.28022494233747014, 'num_points': 58}, {'avg_silhouette': 0.010940160035520457, 'num_points': 76}, {'avg_silhouette': -0.021596878765500805, 'num_points': 86}, {'avg_silhouette': 0.6263896071473082, 'num_points': 20}, {'avg_silhouette': 0.05159496491341677, 'num_points': 15}, {'avg_silhouette': -0.01831721168040619, 'num_points': 47}, {'avg_silhouette': 0.05311359638828014, 'num_points': 44}, {'avg_silhouette': -0.07331193042831012, 'num_points': 61}, {'avg_silhouette': 0.07708772338201715, 'num_points': 16}, {'avg_silhouette': 0.5059347970165179, 'num_points': 80}]",,47,0.26067741632233477,,5,0.33665057726326353
K-means,,,"[{'avg_silhouette': 0.02554660450907892, 'num_points': 445}, {'avg_silhouette': -0.0033851563089637962, 'num_points': 29}, {'avg_silhouette': 0.04914602643131393, 'num_points': 141}, {'avg_silhouette': 0.0808443216096057, 'num_points': 46}, {'avg_silhouette': 0.0167067400483111, 'num_points': 75}, {'avg_silhouette': 0.41035201393207754, 'num_points': 149}, {'avg_silhouette': 0.3707570758772303, 'num_points': 389}, {'avg_silhouette': 0.513095922267057, 'num_points': 80}, {'avg_silhouette': 0.13936144587226326, 'num_points': 155}, {'avg_silhouette': -0.012355208497875069, 'num_points': 28}, {'avg_silhouette': -0.017194721096913106, 'num_points': 32}, {'avg_silhouette': 0.25072157769752035, 'num_points': 67}, {'avg_silhouette': 0.019454448636675416, 'num_points': 87}, {'avg_silhouette': -0.024964504172840192, 'num_points': 138}, {'avg_silhouette': 0.3934407584794288, 'num_points': 408}, {'avg_silhouette': -0.013685184041869544, 'num_points': 96}, {'avg_silhouette': 0.19775305915365035, 'num_points': 140}, {'avg_silhouette': 0.1698930146088427, 'num_points': 124}, {'avg_silhouette': 0.4423911047323808, 'num_points': 19}, {'avg_silhouette': 0.5154762586098325, 'num_points': 28}, {'avg_silhouette': 0.15623862106590805, 'num_points': 281}, {'avg_silhouette': -0.06091608033627795, 'num_points': 57}, {'avg_silhouette': 0.07651046231723237, 'num_points': 61}, {'avg_silhouette': 0.24688046124139548, 'num_points': 19}, {'avg_silhouette': -0.05752748545116509, 'num_points': 176}, {'avg_silhouette': 0.06859947205195754, 'num_points': 43}, {'avg_silhouette': 0.6345270224872607, 'num_points': 20}, {'avg_silhouette': -0.06137063236370583, 'num_points': 12}, {'avg_silhouette': 0.011634987523753427, 'num_points': 29}, {'avg_silhouette': -0.025041237326809608, 'num_points': 81}, {'avg_silhouette': -0.04016982780446481, 'num_points': 11}, {'avg_silhouette': -0.05757594240190998, 'num_points': 64}, {'avg_silhouette': 0.1319102662738422, 'num_points': 135}, {'avg_silhouette': 0.16294785120926458, 'num_points': 124}, {'avg_silhouette': 0.05906724658306666, 'num_points': 90}, {'avg_silhouette': 0.22284994379830858, 'num_points': 587}, {'avg_silhouette': 0.36712972200230204, 'num_points': 15}, {'avg_silhouette': 0.040457147877181174, 'num_points': 31}, {'avg_silhouette': 0.028093161585167024, 'num_points': 125}, {'avg_silhouette': 0.06722709556124679, 'num_points': 20}, {'avg_silhouette': 0.16419258951863025, 'num_points': 179}, {'avg_silhouette': -0.006696564090287525, 'num_points': 34}, {'avg_silhouette': 0.06781265017117825, 'num_points': 129}, {'avg_silhouette': 0.11371679198074798, 'num_points': 39}, {'avg_silhouette': 0.10054321883382245, 'num_points': 14}, {'avg_silhouette': -0.06672643720204824, 'num_points': 44}, {'avg_silhouette': 0.5821814041987612, 'num_points': 1607}, {'avg_silhouette': 0.09236352702064059, 'num_points': 14}]",,48,0.2602833613287758,,5,0.3189551573725616
K-means,,,"[{'avg_silhouette': 0.011485209827313304, 'num_points': 364}, {'avg_silhouette': 0.052823440585197216, 'num_points': 336}, {'avg_silhouette': 0.05195582386948041, 'num_points': 219}, {'avg_silhouette': -0.046893091380380426, 'num_points': 339}, {'avg_silhouette': 0.062349457802913004, 'num_points': 196}, {'avg_silhouette': 0.3112914201583516, 'num_points': 412}, {'avg_silhouette': -0.042666807975360065, 'num_points': 495}, {'avg_silhouette': 0.3981385559059301, 'num_points': 93}, {'avg_silhouette': 0.12438087153593995, 'num_points': 185}, {'avg_silhouette': 0.014600374833359665, 'num_points': 151}, {'avg_silhouette': 0.530955983068358, 'num_points': 28}, {'avg_silhouette': 0.37578835741609135, 'num_points': 420}, {'avg_silhouette': 0.15854526041926653, 'num_points': 38}, {'avg_silhouette': 0.35874370885912116, 'num_points': 158}, {'avg_silhouette': 0.026715916776739762, 'num_points': 300}, {'avg_silhouette': 0.478851582992556, 'num_points': 2641}, {'avg_silhouette': 0.038029851062501493, 'num_points': 135}, {'avg_silhouette': 0.12316020874147843, 'num_points': 19}, {'avg_silhouette': 0.2726405047136609, 'num_points': 87}, {'avg_silhouette': 0.022163312307670855, 'num_points': 101}]",,20,0.259119183243811,,7,0.16295430166053843
K-means,,,"[{'avg_silhouette': 0.10110193305401241, 'num_points': 143}, {'avg_silhouette': 0.5162585800198651, 'num_points': 1724}, {'avg_silhouette': -0.007224181770741907, 'num_points': 24}, {'avg_silhouette': 0.11992967932726525, 'num_points': 36}, {'avg_silhouette': 0.13130808475276873, 'num_points': 151}, {'avg_silhouette': 0.06489546530933372, 'num_points': 78}, {'avg_silhouette': 0.2622472142508644, 'num_points': 575}, {'avg_silhouette': -0.0391164863923304, 'num_points': 56}, {'avg_silhouette': 0.10786129247763786, 'num_points': 269}, {'avg_silhouette': -0.10436041462528843, 'num_points': 183}, {'avg_silhouette': 0.48621913753552953, 'num_points': 327}, {'avg_silhouette': -0.025130477841253624, 'num_points': 34}, {'avg_silhouette': -0.12811045006397623, 'num_points': 33}, {'avg_silhouette': 0.628142840803044, 'num_points': 20}, {'avg_silhouette': 0.40493567568844857, 'num_points': 149}, {'avg_silhouette': -0.027170875007246822, 'num_points': 27}, {'avg_silhouette': 0.31795391126780576, 'num_points': 57}, {'avg_silhouette': 0.5206788417468635, 'num_points': 28}, {'avg_silhouette': -0.00497542327947977, 'num_points': 24}, {'avg_silhouette': 0.010398982347431146, 'num_points': 42}, {'avg_silhouette': 0.24234132403144343, 'num_points': 133}, {'avg_silhouette': 0.507263275189251, 'num_points': 80}, {'avg_silhouette': -0.07758563232873408, 'num_points': 21}, {'avg_silhouette': 0.006894538896530555, 'num_points': 118}, {'avg_silhouette': 0.04409373880171599, 'num_points': 36}, {'avg_silhouette': -0.07122367938113372, 'num_points': 24}, {'avg_silhouette': -0.0273183998995597, 'num_points': 84}, {'avg_silhouette': -0.024172078286947722, 'num_points': 76}, {'avg_silhouette': -0.022713697363459105, 'num_points': 41}, {'avg_silhouette': 0.09866624707331062, 'num_points': 56}, {'avg_silhouette': -0.037120044253242675, 'num_points': 67}, {'avg_silhouette': 0.30962320762578716, 'num_points': 82}, {'avg_silhouette': 0.2599691570428584, 'num_points': 208}, {'avg_silhouette': -0.03667422729910214, 'num_points': 27}, {'avg_silhouette': 0.07415760811427982, 'num_points': 104}, {'avg_silhouette': 0.02608628680593178, 'num_points': 476}, {'avg_silhouette': 0.6700195746146489, 'num_points': 13}, {'avg_silhouette': 0.008334855610321943, 'num_points': 34}, {'avg_silhouette': 0.1802111539424479, 'num_points': 22}, {'avg_silhouette': 0.17362253442686562, 'num_points': 116}, {'avg_silhouette': 0.36020821161212935, 'num_points': 15}, {'avg_silhouette': 0.10881627828969838, 'num_points': 116}, {'avg_silhouette': 0.040985454810997475, 'num_points': 17}, {'avg_silhouette': 0.08474529373802415, 'num_points': 18}, {'avg_silhouette': -0.020493320946170266, 'num_points': 201}, {'avg_silhouette': 0.3119059383073615, 'num_points': 57}, {'avg_silhouette': 0.37148422632086064, 'num_points': 413}, {'avg_silhouette': -0.08203564221320755, 'num_points': 17}, {'avg_silhouette': 0.0010665680107969752, 'num_points': 65}]",,49,0.25884928692995796,,4,0.2940190768493805
K-means,,,"[{'avg_silhouette': -0.02085276530373218, 'num_points': 61}, {'avg_silhouette': 0.03270408143878398, 'num_points': 449}, {'avg_silhouette': -0.013881982973821566, 'num_points': 93}, {'avg_silhouette': 0.46053686225131013, 'num_points': 353}, {'avg_silhouette': -0.05814331628790322, 'num_points': 13}, {'avg_silhouette': -0.05345223226223962, 'num_points': 21}, {'avg_silhouette': -0.11319340096377951, 'num_points': 77}, {'avg_silhouette': 0.03528519707721962, 'num_points': 121}, {'avg_silhouette': 0.33784529320500895, 'num_points': 55}, {'avg_silhouette': -0.030847669158144467, 'num_points': 194}, {'avg_silhouette': 0.24486422784422304, 'num_points': 61}, {'avg_silhouette': 0.16814150480606302, 'num_points': 153}, {'avg_silhouette': -0.08088284375655853, 'num_points': 57}, {'avg_silhouette': 0.5342540155005691, 'num_points': 68}, {'avg_silhouette': 0.6268239915590326, 'num_points': 20}, {'avg_silhouette': 0.5584360964002129, 'num_points': 1634}, {'avg_silhouette': 0.09085433211404313, 'num_points': 144}, {'avg_silhouette': 0.07658909740237337, 'num_points': 170}, {'avg_silhouette': 0.6646000335969358, 'num_points': 13}, {'avg_silhouette': 0.5282621108730307, 'num_points': 78}, {'avg_silhouette': 0.5086047834369396, 'num_points': 28}, {'avg_silhouette': 0.003013708489668315, 'num_points': 118}, {'avg_silhouette': 0.10395982633690588, 'num_points': 40}, {'avg_silhouette': -0.0011943562857340806, 'num_points': 46}, {'avg_silhouette': 0.1890731210155962, 'num_points': 269}, {'avg_silhouette': -0.04455285071368759, 'num_points': 48}, {'avg_silhouette': 0.05962792110189183, 'num_points': 161}, {'avg_silhouette': 0.4446917520833576, 'num_points': 19}, {'avg_silhouette': 0.11055774159240128, 'num_points': 255}, {'avg_silhouette': 0.3032543896562607, 'num_points': 57}, {'avg_silhouette': 0.07960324458710964, 'num_points': 141}, {'avg_silhouette': 0.3615724654819746, 'num_points': 15}, {'avg_silhouette': 0.0468587385438988, 'num_points': 17}, {'avg_silhouette': 0.04535875246634424, 'num_points': 35}, {'avg_silhouette': 0.08582351997906408, 'num_points': 155}, {'avg_silhouette': 0.31952342445610615, 'num_points': 80}, {'avg_silhouette': -0.02794910464321068, 'num_points': 38}, {'avg_silhouette': -0.01829080741672049, 'num_points': 45}, {'avg_silhouette': 0.2340122638955365, 'num_points': 577}, {'avg_silhouette': -0.021461292521573964, 'num_points': 47}, {'avg_silhouette': 0.37696673248836576, 'num_points': 414}, {'avg_silhouette': 0.0537727196295333, 'num_points': 39}, {'avg_silhouette': -0.0088348031277793, 'num_points': 28}, {'avg_silhouette': -0.020840568143761097, 'num_points': 31}, {'avg_silhouette': -0.03213169259556105, 'num_points': 100}, {'avg_silhouette': -0.01128089797391255, 'num_points': 79}]",,46,0.257325134882753,,5,0.3325312072948418
AGGLC,ward,,"[{'avg_silhouette': 0.44872327291171193, 'num_points': 4114}, {'avg_silhouette': -0.02883677250836705, 'num_points': 1232}, {'avg_silhouette': -0.06263919199682488, 'num_points': 1371}]",,3,0.25675782474331216,,3,0.11908243613550668
AGGLC,ward,,"[{'avg_silhouette': -0.05827628114258305, 'num_points': 1225}, {'avg_silhouette': 0.06240568259592131, 'num_points': 337}, {'avg_silhouette': -0.08801743157586735, 'num_points': 932}, {'avg_silhouette': -0.030312371453222218, 'num_points': 425}, {'avg_silhouette': 0.09087590922378726, 'num_points': 300}, {'avg_silhouette': 0.5261522906210634, 'num_points': 3352}, {'avg_silhouette': 0.5276398993845849, 'num_points': 80}, {'avg_silhouette': 0.2941701020278875, 'num_points': 66}]",,8,0.2541728355147211,,5,0.08239037780906242
K-means,,,"[{'avg_silhouette': 0.45344718596764616, 'num_points': 2515}, {'avg_silhouette': 0.10912749356993454, 'num_points': 160}, {'avg_silhouette': 0.09310021600952713, 'num_points': 217}, {'avg_silhouette': 0.04318557051764337, 'num_points': 113}, {'avg_silhouette': 0.39702501744956276, 'num_points': 93}, {'avg_silhouette': -0.016782309465693687, 'num_points': 113}, {'avg_silhouette': -0.02405260359971355, 'num_points': 122}, {'avg_silhouette': 0.3508488415133968, 'num_points': 56}, {'avg_silhouette': 0.004673502053577063, 'num_points': 47}, {'avg_silhouette': -0.09159462380336443, 'num_points': 87}, {'avg_silhouette': 0.3731626636207503, 'num_points': 391}, {'avg_silhouette': -0.08395950326958285, 'num_points': 91}, {'avg_silhouette': -0.04169528181754626, 'num_points': 327}, {'avg_silhouette': 0.029070344309454543, 'num_points': 286}, {'avg_silhouette': 0.0008111461574812976, 'num_points': 110}, {'avg_silhouette': 0.11013417441698892, 'num_points': 14}, {'avg_silhouette': 0.11321271265576699, 'num_points': 157}, {'avg_silhouette': 0.016786949381990962, 'num_points': 369}, {'avg_silhouette': 0.36843459672725193, 'num_points': 155}, {'avg_silhouette': 0.36655273923132103, 'num_points': 425}, {'avg_silhouette': 0.026458008077275302, 'num_points': 124}, {'avg_silhouette': 0.09251784888628248, 'num_points': 282}, {'avg_silhouette': 0.0732141707468619, 'num_points': 291}, {'avg_silhouette': 0.3184812971370157, 'num_points': 58}, {'avg_silhouette': 0.2760563856268608, 'num_points': 86}, {'avg_silhouette': 0.5263934873106445, 'num_points': 28}]",,26,0.25398539452056523,,4,0.3024873845504271
K-means,,,"[{'avg_silhouette': 0.03742703297059322, 'num_points': 47}, {'avg_silhouette': 0.522669459602964, 'num_points': 1714}, {'avg_silhouette': 0.2334463154257466, 'num_points': 112}, {'avg_silhouette': -0.029422237969467562, 'num_points': 39}, {'avg_silhouette': -0.0492829756191511, 'num_points': 63}, {'avg_silhouette': -0.09856719581793535, 'num_points': 90}, {'avg_silhouette': -0.046887950928120134, 'num_points': 7}, {'avg_silhouette': 0.041305581267252575, 'num_points': 108}, {'avg_silhouette': 0.17000866068196702, 'num_points': 195}, {'avg_silhouette': -0.061112113189156686, 'num_points': 37}, {'avg_silhouette': -0.017956190928934336, 'num_points': 93}, {'avg_silhouette': 0.41737071133805403, 'num_points': 364}, {'avg_silhouette': 0.31925746853234566, 'num_points': 57}, {'avg_silhouette': 0.11791541371973156, 'num_points': 38}, {'avg_silhouette': 0.2430426617364612, 'num_points': 583}, {'avg_silhouette': -0.0031907788715752994, 'num_points': 158}, {'avg_silhouette': 0.019549241652525057, 'num_points': 112}, {'avg_silhouette': 0.35493309142538837, 'num_points': 156}, {'avg_silhouette': 0.6295364621351551, 'num_points': 20}, {'avg_silhouette': 0.005549758322714564, 'num_points': 72}, {'avg_silhouette': -0.008420025429672096, 'num_points': 88}, {'avg_silhouette': -0.03796055132127662, 'num_points': 205}, {'avg_silhouette': 0.12181327720250404, 'num_points': 268}, {'avg_silhouette': 0.13586823957984548, 'num_points': 156}, {'avg_silhouette': 0.5417217865528926, 'num_points': 74}, {'avg_silhouette': 0.32351327637161637, 'num_points': 81}, {'avg_silhouette': 0.024035008026013722, 'num_points': 62}, {'avg_silhouette': 0.039293843465013314, 'num_points': 469}, {'avg_silhouette': 0.11783396519664247, 'num_points': 209}, {'avg_silhouette': 0.12225445011953964, 'num_points': 187}, {'avg_silhouette': 0.031012093104489498, 'num_points': 105}, {'avg_silhouette': 0.5165614427327794, 'num_points': 28}, {'avg_silhouette': -0.09895906549681105, 'num_points': 84}, {'avg_silhouette': 0.13371841155549785, 'num_points': 13}, {'avg_silhouette': 0.6664850760478734, 'num_points': 13}, {'avg_silhouette': 0.01940394103902516, 'num_points': 83}, {'avg_silhouette': 0.3703428565200198, 'num_points': 416}, {'avg_silhouette': 0.0011483194061753718, 'num_points': 35}, {'avg_silhouette': 0.30487413268159935, 'num_points': 58}, {'avg_silhouette': 0.08840331213384432, 'num_points': 16}, {'avg_silhouette': 0.17466624265102343, 'num_points': 2}]",,41,0.25373222797270706,,5,0.3185439065325025
K-means,,,"[{'avg_silhouette': -0.06855533650199112, 'num_points': 553}, {'avg_silhouette': 0.4725088193848199, 'num_points': 2678}, {'avg_silhouette': 0.034180744114072806, 'num_points': 102}, {'avg_silhouette': 0.03905496160781174, 'num_points': 131}, {'avg_silhouette': -0.011147487136071966, 'num_points': 163}, {'avg_silhouette': 0.04811655398466388, 'num_points': 293}, {'avg_silhouette': 0.04434297398854139, 'num_points': 203}, {'avg_silhouette': 0.35225071797678037, 'num_points': 57}, {'avg_silhouette': 0.027846264036119096, 'num_points': 360}, {'avg_silhouette': 0.40087349576120707, 'num_points': 93}, {'avg_silhouette': -0.04716440565699851, 'num_points': 122}, {'avg_silhouette': 0.37147975973643277, 'num_points': 423}, {'avg_silhouette': 0.35940654278595835, 'num_points': 158}, {'avg_silhouette': 0.09287882152814983, 'num_points': 435}, {'avg_silhouette': 0.07998884356716157, 'num_points': 214}, {'avg_silhouette': 0.07320027230795116, 'num_points': 18}, {'avg_silhouette': 0.3084863597860172, 'num_points': 413}, {'avg_silhouette': -0.05388685139423535, 'num_points': 301}]",,18,0.2535250277750242,,6,0.20077411466159126
K-means,,,"[{'avg_silhouette': 0.08055964451249374, 'num_points': 310}, {'avg_silhouette': 0.372632871208481, 'num_points': 415}, {'avg_silhouette': -0.03595462742628441, 'num_points': 43}, {'avg_silhouette': -0.006621495361307199, 'num_points': 36}, {'avg_silhouette': 0.5132575004326608, 'num_points': 1728}, {'avg_silhouette': 0.24350267916487417, 'num_points': 68}, {'avg_silhouette': -0.029694388976012464, 'num_points': 206}, {'avg_silhouette': 0.07160187701931409, 'num_points': 90}, {'avg_silhouette': 0.08390446055101078, 'num_points': 19}, {'avg_silhouette': 0.09652346130196007, 'num_points': 173}, {'avg_silhouette': 0.5183918382345979, 'num_points': 28}, {'avg_silhouette': 0.008605115835819507, 'num_points': 98}, {'avg_silhouette': 0.5134555833460202, 'num_points': 80}, {'avg_silhouette': -0.09696637511614473, 'num_points': 67}, {'avg_silhouette': 0.41030091595966817, 'num_points': 149}, {'avg_silhouette': 0.375004213077042, 'num_points': 386}, {'avg_silhouette': 0.096728422100088, 'num_points': 126}, {'avg_silhouette': 0.13150524881340275, 'num_points': 158}, {'avg_silhouette': 0.08454296049918432, 'num_points': 184}, {'avg_silhouette': 0.028599758038305233, 'num_points': 111}, {'avg_silhouette': 0.25703557584959086, 'num_points': 576}, {'avg_silhouette': -0.009804534195077501, 'num_points': 34}, {'avg_silhouette': 0.6283239640442018, 'num_points': 20}, {'avg_silhouette': -0.05442316840881714, 'num_points': 66}, {'avg_silhouette': -0.014854347970496125, 'num_points': 96}, {'avg_silhouette': 0.31846364361082563, 'num_points': 81}, {'avg_silhouette': 0.1875101831606674, 'num_points': 263}, {'avg_silhouette': 0.0632772205493301, 'num_points': 54}, {'avg_silhouette': -0.05439614584450677, 'num_points': 41}, {'avg_silhouette': -0.034167941170615466, 'num_points': 67}, {'avg_silhouette': -0.0408840486447928, 'num_points': 73}, {'avg_silhouette': 0.21212066144794084, 'num_points': 21}, {'avg_silhouette': 0.07483694946805056, 'num_points': 44}, {'avg_silhouette': -0.01379078678921538, 'num_points': 33}, {'avg_silhouette': 0.044995652161295085, 'num_points': 18}, {'avg_silhouette': 0.29426079574893055, 'num_points': 58}, {'avg_silhouette': 0.01758014532127627, 'num_points': 480}, {'avg_silhouette': 0.1513365995281406, 'num_points': 108}, {'avg_silhouette': 0.04794497617468747, 'num_points': 90}, {'avg_silhouette': 0.4453509495223556, 'num_points': 19}]",,40,0.25256207193517405,,5,0.3071020611778102
K-means,,,"[{'avg_silhouette': 0.1067031306005857, 'num_points': 139}, {'avg_silhouette': 0.10030719191126679, 'num_points': 205}, {'avg_silhouette': 0.40367496124051155, 'num_points': 372}, {'avg_silhouette': 0.1506026636924289, 'num_points': 221}, {'avg_silhouette': 0.352605728414025, 'num_points': 55}, {'avg_silhouette': 0.521258805200694, 'num_points': 28}, {'avg_silhouette': 0.41201865763259, 'num_points': 149}, {'avg_silhouette': -0.13388525075704194, 'num_points': 17}, {'avg_silhouette': 0.3216009720241536, 'num_points': 81}, {'avg_silhouette': 0.011265597829997925, 'num_points': 109}, {'avg_silhouette': 0.06266738027925912, 'num_points': 314}, {'avg_silhouette': -0.048149124182872184, 'num_points': 21}, {'avg_silhouette': 0.08905837510643921, 'num_points': 180}, {'avg_silhouette': 0.37383420655835414, 'num_points': 412}, {'avg_silhouette': 0.17061669873786708, 'num_points': 80}, {'avg_silhouette': -0.02046142472254781, 'num_points': 116}, {'avg_silhouette': 0.6296615492181628, 'num_points': 20}, {'avg_silhouette': 0.006507996556453595, 'num_points': 138}, {'avg_silhouette': 0.018224362855804272, 'num_points': 124}, {'avg_silhouette': -0.061819918798823995, 'num_points': 85}, {'avg_silhouette': 0.3507630088223712, 'num_points': 73}, {'avg_silhouette': 0.5446180493377286, 'num_points': 1639}, {'avg_silhouette': 0.06616511395359952, 'num_points': 17}, {'avg_silhouette': 0.14139854374447217, 'num_points': 155}, {'avg_silhouette': 0.055194359400523474, 'num_points': 337}, {'avg_silhouette': 0.20315390279860035, 'num_points': 21}, {'avg_silhouette': 0.017336949283144165, 'num_points': 74}, {'avg_silhouette': 0.4419094280811178, 'num_points': 19}, {'avg_silhouette': -0.023478489206957078, 'num_points': 116}, {'avg_silhouette': 0.006125330820405039, 'num_points': 195}, {'avg_silhouette': -0.002421222027287868, 'num_points': 107}, {'avg_silhouette': -0.008220980139410146, 'num_points': 22}, {'avg_silhouette': 0.25052184028317576, 'num_points': 569}, {'avg_silhouette': 0.05018901279553937, 'num_points': 446}, {'avg_silhouette': -0.07029672765639315, 'num_points': 61}]",,35,0.25044084286242746,,6,0.2796720716026388
K-means,,,"[{'avg_silhouette': 0.47621534234151136, 'num_points': 1726}, {'avg_silhouette': 0.06308578273862624, 'num_points': 194}, {'avg_silhouette': -0.05334064100417858, 'num_points': 16}, {'avg_silhouette': 0.5077880611760553, 'num_points': 80}, {'avg_silhouette': 0.3504479443410372, 'num_points': 411}, {'avg_silhouette': 0.07622794742840654, 'num_points': 64}, {'avg_silhouette': -0.08018200113297098, 'num_points': 63}, {'avg_silhouette': 0.1638290983016713, 'num_points': 277}, {'avg_silhouette': 0.07043200585228374, 'num_points': 165}, {'avg_silhouette': 0.3636991709483868, 'num_points': 15}, {'avg_silhouette': -0.08894930127306977, 'num_points': 68}, {'avg_silhouette': -0.011195935923573383, 'num_points': 59}, {'avg_silhouette': 0.40531732303042256, 'num_points': 499}, {'avg_silhouette': 0.32025188093717605, 'num_points': 56}, {'avg_silhouette': 0.17918574362426767, 'num_points': 12}, {'avg_silhouette': 0.3459721863458505, 'num_points': 156}, {'avg_silhouette': 0.07709855021708158, 'num_points': 114}, {'avg_silhouette': -0.09581868986477474, 'num_points': 74}, {'avg_silhouette': 0.09895956704213141, 'num_points': 57}, {'avg_silhouette': -0.04133693204184092, 'num_points': 56}, {'avg_silhouette': 0.13626319687929594, 'num_points': 239}, {'avg_silhouette': 0.04181220746521276, 'num_points': 467}, {'avg_silhouette': 0.35023412959287004, 'num_points': 54}, {'avg_silhouette': 0.007250609176697393, 'num_points': 51}, {'avg_silhouette': -0.029362729281409757, 'num_points': 99}, {'avg_silhouette': 0.3173219910462399, 'num_points': 81}, {'avg_silhouette': 0.10720425846928233, 'num_points': 81}, {'avg_silhouette': 0.5152748509986483, 'num_points': 28}, {'avg_silhouette': 0.44598009457261706, 'num_points': 19}, {'avg_silhouette': -0.06716797230943644, 'num_points': 120}, {'avg_silhouette': 0.14247590881983754, 'num_points': 5}, {'avg_silhouette': 0.11762827259982407, 'num_points': 176}, {'avg_silhouette': 0.6694213275134232, 'num_points': 13}, {'avg_silhouette': 0.0036740351838759015, 'num_points': 206}, {'avg_silhouette': 0.21554494395655888, 'num_points': 91}, {'avg_silhouette': 0.016855557167057823, 'num_points': 43}, {'avg_silhouette': -0.03539044050244376, 'num_points': 38}, {'avg_silhouette': -0.020322464897667182, 'num_points': 53}, {'avg_silhouette': 0.6279859342320528, 'num_points': 20}, {'avg_silhouette': 0.3876912557817617, 'num_points': 384}, {'avg_silhouette': 0.04372235263022182, 'num_points': 18}, {'avg_silhouette': -0.015264452167335407, 'num_points': 151}, {'avg_silhouette': -0.009722733906904523, 'num_points': 109}, {'avg_silhouette': -0.10287170291412544, 'num_points': 9}]",,44,0.2500099938302662,,5,0.3322968145919891
K-means,,,"[{'avg_silhouette': 0.28839871356057367, 'num_points': 558}, {'avg_silhouette': 0.013112936603002449, 'num_points': 98}, {'avg_silhouette': -0.026051208953847726, 'num_points': 36}, {'avg_silhouette': -0.11431907240482161, 'num_points': 90}, {'avg_silhouette': -0.02141944359044529, 'num_points': 107}, {'avg_silhouette': -0.05618785684528825, 'num_points': 13}, {'avg_silhouette': 0.09125369142204681, 'num_points': 23}, {'avg_silhouette': 0.0357200399123214, 'num_points': 473}, {'avg_silhouette': 0.6284319169703645, 'num_points': 8}, {'avg_silhouette': 0.5062764980868122, 'num_points': 1727}, {'avg_silhouette': -0.012313483450995555, 'num_points': 70}, {'avg_silhouette': 0.07090848688421653, 'num_points': 83}, {'avg_silhouette': 0.008965017111336154, 'num_points': 118}, {'avg_silhouette': 0.04083793398013444, 'num_points': 92}, {'avg_silhouette': 0.43757163717884895, 'num_points': 19}, {'avg_silhouette': 0.003518952703316721, 'num_points': 160}, {'avg_silhouette': -0.02977508035444319, 'num_points': 39}, {'avg_silhouette': 0.12958876290318808, 'num_points': 218}, {'avg_silhouette': -0.004482308856310075, 'num_points': 203}, {'avg_silhouette': 0.4389715904133909, 'num_points': 356}, {'avg_silhouette': 0.20219796934537523, 'num_points': 249}, {'avg_silhouette': 0.18241759652595366, 'num_points': 145}, {'avg_silhouette': 0.3747163530759351, 'num_points': 412}, {'avg_silhouette': -0.04901348963211052, 'num_points': 33}, {'avg_silhouette': -0.0038643704924687357, 'num_points': 60}, {'avg_silhouette': 0.5129668905203383, 'num_points': 28}, {'avg_silhouette': 0.4091617902014716, 'num_points': 149}, {'avg_silhouette': 0.11285564397551529, 'num_points': 116}, {'avg_silhouette': 0.20440340778163185, 'num_points': 21}, {'avg_silhouette': -0.048375931130238824, 'num_points': 57}, {'avg_silhouette': -0.08666534459158079, 'num_points': 28}, {'avg_silhouette': -0.0367816024227578, 'num_points': 65}, {'avg_silhouette': -0.01940034635330489, 'num_points': 91}, {'avg_silhouette': 0.0, 'num_points': 1}, {'avg_silhouette': 0.19243454672591082, 'num_points': 181}, {'avg_silhouette': -0.023069802663807103, 'num_points': 51}, {'avg_silhouette': 0.06980351075051486, 'num_points': 126}, {'avg_silhouette': 0.13209656897564842, 'num_points': 13}, {'avg_silhouette': 0.5342138015431345, 'num_points': 68}, {'avg_silhouette': 0.36542394013096596, 'num_points': 15}, {'avg_silhouette': 0.027986691741573297, 'num_points': 104}, {'avg_silhouette': 0.13076045892863838, 'num_points': 139}, {'avg_silhouette': -0.009514481509420667, 'num_points': 18}, {'avg_silhouette': -0.021173733997139732, 'num_points': 37}, {'avg_silhouette': 0.5500304420737111, 'num_points': 19}]",,45,0.24962817485741431,,5,0.3288166390098066
K-means,,,"[{'avg_silhouette': 0.022164160073408667, 'num_points': 114}, {'avg_silhouette': 0.3810508211800314, 'num_points': 414}, {'avg_silhouette': 0.026610977802402343, 'num_points': 121}, {'avg_silhouette': 0.5200566227899334, 'num_points': 1726}, {'avg_silhouette': -0.002162889810120979, 'num_points': 198}, {'avg_silhouette': -0.09038837968799694, 'num_points': 10}, {'avg_silhouette': -0.01591952521402215, 'num_points': 29}, {'avg_silhouette': 0.057537878806121295, 'num_points': 190}, {'avg_silhouette': 0.3544750708785564, 'num_points': 156}, {'avg_silhouette': 0.08766392641694182, 'num_points': 45}, {'avg_silhouette': 0.08093813841368394, 'num_points': 89}, {'avg_silhouette': -0.003101323322925325, 'num_points': 38}, {'avg_silhouette': 0.38226736876305034, 'num_points': 376}, {'avg_silhouette': 0.236031831057427, 'num_points': 70}, {'avg_silhouette': 0.011706445614241303, 'num_points': 127}, {'avg_silhouette': 0.004223474554584892, 'num_points': 94}, {'avg_silhouette': -0.050987517507972945, 'num_points': 54}, {'avg_silhouette': 0.515794964450325, 'num_points': 80}, {'avg_silhouette': 0.12175838275833133, 'num_points': 165}, {'avg_silhouette': 0.16539829617066332, 'num_points': 153}, {'avg_silhouette': 0.5249460066319603, 'num_points': 28}, {'avg_silhouette': 0.045112775904904256, 'num_points': 18}, {'avg_silhouette': 0.32493567509519583, 'num_points': 57}, {'avg_silhouette': 0.05251164920538019, 'num_points': 141}, {'avg_silhouette': 0.06817247611004845, 'num_points': 279}, {'avg_silhouette': -0.01884646461565983, 'num_points': 76}, {'avg_silhouette': -0.007250759700598005, 'num_points': 22}, {'avg_silhouette': -0.059336647970814616, 'num_points': 14}, {'avg_silhouette': -0.041802126183871365, 'num_points': 68}, {'avg_silhouette': 0.6283130211038084, 'num_points': 20}, {'avg_silhouette': 0.0833916923224788, 'num_points': 316}, {'avg_silhouette': 0.365202446059036, 'num_points': 15}, {'avg_silhouette': 0.2509987195600114, 'num_points': 578}, {'avg_silhouette': 0.3865962166718009, 'num_points': 69}, {'avg_silhouette': -0.009528102890915132, 'num_points': 99}, {'avg_silhouette': 0.008347332362799878, 'num_points': 481}, {'avg_silhouette': 0.10446548845260117, 'num_points': 187}]",,37,0.2496021406595167,,5,0.30854417293116526
K-means,,,"[{'avg_silhouette': 0.3743454352337248, 'num_points': 418}, {'avg_silhouette': 0.02812206755285981, 'num_points': 122}, {'avg_silhouette': 0.055020212429053465, 'num_points': 94}, {'avg_silhouette': 0.4182170880119952, 'num_points': 2151}, {'avg_silhouette': 0.022838172610494322, 'num_points': 39}, {'avg_silhouette': -0.015132012387870403, 'num_points': 48}, {'avg_silhouette': 0.5164628159782003, 'num_points': 80}, {'avg_silhouette': 0.0979444450788411, 'num_points': 173}, {'avg_silhouette': -0.017368681221513242, 'num_points': 108}, {'avg_silhouette': 0.034773039894610155, 'num_points': 117}, {'avg_silhouette': 0.14034851382669808, 'num_points': 231}, {'avg_silhouette': 0.15128310374159043, 'num_points': 157}, {'avg_silhouette': 0.3492369752801171, 'num_points': 394}, {'avg_silhouette': 0.21797887410498282, 'num_points': 44}, {'avg_silhouette': 0.25327109140644893, 'num_points': 67}, {'avg_silhouette': -0.0025462322641460443, 'num_points': 138}, {'avg_silhouette': 0.26750920136655915, 'num_points': 603}, {'avg_silhouette': 0.6302470697210809, 'num_points': 20}, {'avg_silhouette': 0.5199462534258604, 'num_points': 28}, {'avg_silhouette': 0.08059123011054048, 'num_points': 319}, {'avg_silhouette': 0.09710757567659138, 'num_points': 15}, {'avg_silhouette': -0.014573917338415837, 'num_points': 38}, {'avg_silhouette': 0.08638762172790619, 'num_points': 42}, {'avg_silhouette': -0.06198144286847838, 'num_points': 38}, {'avg_silhouette': 0.3297169180085416, 'num_points': 81}, {'avg_silhouette': -0.03146981422328123, 'num_points': 74}, {'avg_silhouette': -0.09575276411575072, 'num_points': 27}, {'avg_silhouette': -0.07334952198304079, 'num_points': 241}, {'avg_silhouette': 0.08267017085331707, 'num_points': 133}, {'avg_silhouette': 0.05599013050245004, 'num_points': 94}, {'avg_silhouette': 0.16226076598667014, 'num_points': 12}, {'avg_silhouette': 0.17919042632838253, 'num_points': 2}, {'avg_silhouette': 0.0018270095906362156, 'num_points': 103}, {'avg_silhouette': 0.44982551016901684, 'num_points': 19}, {'avg_silhouette': 0.0572711622896671, 'num_points': 34}, {'avg_silhouette': 0.10283157882491063, 'num_points': 316}, {'avg_silhouette': 0.12048214564651082, 'num_points': 13}, {'avg_silhouette': 0.41520752019223905, 'num_points': 79}, {'avg_silhouette': 0.34183243538000047, 'num_points': 5}]",,39,0.24766290562753965,,4,0.3523271749730991
AGGLC,ward,,"[{'avg_silhouette': 0.44153113710866754, 'num_points': 1791}, {'avg_silhouette': -0.10173968477975262, 'num_points': 34}, {'avg_silhouette': -0.11948915045818545, 'num_points': 84}, {'avg_silhouette': 0.028377441419442772, 'num_points': 171}, {'avg_silhouette': 0.17433130050208834, 'num_points': 272}, {'avg_silhouette': -0.09353345467664875, 'num_points': 85}, {'avg_silhouette': -0.11646574674558023, 'num_points': 129}, {'avg_silhouette': -0.15048448281618268, 'num_points': 121}, {'avg_silhouette': 0.08909895139165533, 'num_points': 309}, {'avg_silhouette': -0.0020630758385312563, 'num_points': 27}, {'avg_silhouette': -2.4835734391357197e-05, 'num_points': 9}, {'avg_silhouette': 0.13621639466833044, 'num_points': 146}, {'avg_silhouette': -0.005685853321179204, 'num_points': 80}, {'avg_silhouette': 0.10974491921948482, 'num_points': 147}, {'avg_silhouette': -0.060816841090809336, 'num_points': 87}, {'avg_silhouette': -0.07855834875625634, 'num_points': 28}, {'avg_silhouette': -0.12870297916219392, 'num_points': 87}, {'avg_silhouette': 0.21197468381958084, 'num_points': 20}, {'avg_silhouette': 0.47118334781121235, 'num_points': 317}, {'avg_silhouette': 0.09398056677782082, 'num_points': 142}, {'avg_silhouette': -0.04016839039155637, 'num_points': 25}, {'avg_silhouette': 0.10892935942040186, 'num_points': 85}, {'avg_silhouette': 0.1304684461847526, 'num_points': 131}, {'avg_silhouette': -0.012230905333657064, 'num_points': 101}, {'avg_silhouette': 0.35949363857544414, 'num_points': 53}, {'avg_silhouette': 0.24115628622610913, 'num_points': 557}, {'avg_silhouette': 0.42051786980401074, 'num_points': 14}, {'avg_silhouette': 0.5143168909433157, 'num_points': 28}, {'avg_silhouette': 0.3012769567044167, 'num_points': 56}, {'avg_silhouette': 0.1772741500163358, 'num_points': 12}, {'avg_silhouette': 0.4983826253492262, 'num_points': 80}, {'avg_silhouette': 0.1248836828627649, 'num_points': 14}, {'avg_silhouette': 0.14604525057412604, 'num_points': 39}, {'avg_silhouette': 0.027710357067114336, 'num_points': 133}, {'avg_silhouette': 0.1210724166344998, 'num_points': 13}, {'avg_silhouette': 0.4765041730782088, 'num_points': 379}, {'avg_silhouette': -0.08584012519458452, 'num_points': 6}, {'avg_silhouette': 0.6696182080579212, 'num_points': 13}, {'avg_silhouette': 0.1334140341408964, 'num_points': 410}, {'avg_silhouette': 0.3013419303159569, 'num_points': 81}, {'avg_silhouette': 0.1363087510275517, 'num_points': 9}, {'avg_silhouette': 0.5007505308030878, 'num_points': 18}, {'avg_silhouette': 0.09072322278685054, 'num_points': 55}, {'avg_silhouette': 0.6240424926641771, 'num_points': 20}, {'avg_silhouette': 0.14912727705264492, 'num_points': 32}, {'avg_silhouette': 0.40808307749152056, 'num_points': 146}, {'avg_silhouette': 0.5924005396270703, 'num_points': 7}, {'avg_silhouette': 0.2470129496436797, 'num_points': 69}, {'avg_silhouette': 0.2051587557473104, 'num_points': 15}, {'avg_silhouette': -0.037252003590625034, 'num_points': 30}]",,50,0.2459629015210016,,4,0.3231514076384705
AGGLC,ward,,"[{'avg_silhouette': 0.38145983721914234, 'num_points': 347}, {'avg_silhouette': 0.44153113710866754, 'num_points': 1791}, {'avg_silhouette': -0.11948915045818545, 'num_points': 84}, {'avg_silhouette': -0.10173968477975262, 'num_points': 34}, {'avg_silhouette': 0.18712728030712475, 'num_points': 272}, {'avg_silhouette': -0.09352387272908369, 'num_points': 85}, {'avg_silhouette': -0.11168906472145099, 'num_points': 129}, {'avg_silhouette': -0.1499594183855659, 'num_points': 121}, {'avg_silhouette': 0.028377441419442772, 'num_points': 171}, {'avg_silhouette': -0.0020630758385312563, 'num_points': 27}, {'avg_silhouette': -2.4835734391357197e-05, 'num_points': 9}, {'avg_silhouette': 0.13621639466833044, 'num_points': 146}, {'avg_silhouette': -0.005685853321179204, 'num_points': 80}, {'avg_silhouette': 0.10999139134488933, 'num_points': 147}, {'avg_silhouette': -0.06009062320039053, 'num_points': 87}, {'avg_silhouette': -0.07855834875625634, 'num_points': 28}, {'avg_silhouette': -0.12870297916219392, 'num_points': 87}, {'avg_silhouette': 0.2124524654024796, 'num_points': 20}, {'avg_silhouette': 0.08909895139165533, 'num_points': 309}, {'avg_silhouette': 0.09398056677782082, 'num_points': 142}, {'avg_silhouette': -0.04016839039155637, 'num_points': 25}, {'avg_silhouette': 0.11467003974777078, 'num_points': 85}, {'avg_silhouette': 0.1304684461847526, 'num_points': 131}, {'avg_silhouette': -0.011411027272121598, 'num_points': 101}, {'avg_silhouette': 0.3596557849667171, 'num_points': 53}, {'avg_silhouette': 0.24115628622610913, 'num_points': 557}, {'avg_silhouette': 0.4231183861871477, 'num_points': 14}, {'avg_silhouette': 0.514617834667087, 'num_points': 28}, {'avg_silhouette': 0.3061774118620001, 'num_points': 56}, {'avg_silhouette': 0.17809983329869417, 'num_points': 12}, {'avg_silhouette': 0.5010758082657818, 'num_points': 80}, {'avg_silhouette': 0.1248836828627649, 'num_points': 14}, {'avg_silhouette': 0.15160936583371504, 'num_points': 39}, {'avg_silhouette': 0.027710357067114336, 'num_points': 133}, {'avg_silhouette': 0.1210724166344998, 'num_points': 13}, {'avg_silhouette': 0.47719011576600573, 'num_points': 379}, {'avg_silhouette': -0.08584012519458452, 'num_points': 6}, {'avg_silhouette': 0.6696182080579212, 'num_points': 13}, {'avg_silhouette': 0.1334140341408964, 'num_points': 410}, {'avg_silhouette': 0.3074220989430925, 'num_points': 81}, {'avg_silhouette': 0.1363087510275517, 'num_points': 9}, {'avg_silhouette': 0.5007505308030878, 'num_points': 18}, {'avg_silhouette': 0.12095377933643027, 'num_points': 55}, {'avg_silhouette': 0.6253063375099295, 'num_points': 20}, {'avg_silhouette': 0.15169148766203622, 'num_points': 32}, {'avg_silhouette': 0.41930910188694653, 'num_points': 146}, {'avg_silhouette': 0.5958287850393367, 'num_points': 7}, {'avg_silhouette': 0.2470129496436797, 'num_points': 69}, {'avg_silhouette': 0.2051587557473104, 'num_points': 15}]",,49,0.2450570616090914,,5,0.33495028209216426
K-means,,,"[{'avg_silhouette': -0.021697398691269614, 'num_points': 71}, {'avg_silhouette': 0.22534611262479645, 'num_points': 602}, {'avg_silhouette': 0.049823169184951346, 'num_points': 210}, {'avg_silhouette': -0.12314497123381091, 'num_points': 19}, {'avg_silhouette': -0.06945739147220538, 'num_points': 95}, {'avg_silhouette': 0.1072303448961625, 'num_points': 335}, {'avg_silhouette': 0.3937488617346066, 'num_points': 93}, {'avg_silhouette': -0.008739256293679477, 'num_points': 62}, {'avg_silhouette': 0.02622178083160318, 'num_points': 29}, {'avg_silhouette': 0.5262981688070468, 'num_points': 1723}, {'avg_silhouette': 0.37651600647150996, 'num_points': 417}, {'avg_silhouette': -0.006497699976217554, 'num_points': 48}, {'avg_silhouette': 0.2790339691724775, 'num_points': 61}, {'avg_silhouette': 0.342253207585858, 'num_points': 158}, {'avg_silhouette': -0.0935968263381817, 'num_points': 38}, {'avg_silhouette': 0.0640866080831372, 'num_points': 282}, {'avg_silhouette': 0.3833624405797106, 'num_points': 382}, {'avg_silhouette': 0.6280973575536662, 'num_points': 20}, {'avg_silhouette': 0.3039659401290288, 'num_points': 58}, {'avg_silhouette': 0.346630685307474, 'num_points': 56}, {'avg_silhouette': 0.19668954216812162, 'num_points': 60}, {'avg_silhouette': 0.1183086473165387, 'num_points': 179}, {'avg_silhouette': 0.028954621656074972, 'num_points': 53}, {'avg_silhouette': 0.017275344333083014, 'num_points': 122}, {'avg_silhouette': 0.041465003059928986, 'num_points': 41}, {'avg_silhouette': -0.038446270417973404, 'num_points': 20}, {'avg_silhouette': 0.07258225653958482, 'num_points': 17}, {'avg_silhouette': 0.07297234556443602, 'num_points': 165}, {'avg_silhouette': -0.0032995389947117677, 'num_points': 488}, {'avg_silhouette': 0.018654903227484754, 'num_points': 77}, {'avg_silhouette': 0.5124209170947187, 'num_points': 28}, {'avg_silhouette': -0.06449863368974015, 'num_points': 196}, {'avg_silhouette': -0.06389487712111715, 'num_points': 79}, {'avg_silhouette': 0.1957147567877845, 'num_points': 44}, {'avg_silhouette': 0.03002408844239263, 'num_points': 203}, {'avg_silhouette': 0.1080373235162, 'num_points': 13}, {'avg_silhouette': 0.16119902389175306, 'num_points': 157}, {'avg_silhouette': 0.17016796449700322, 'num_points': 16}]",,38,0.24490429625099316,,5,0.30164463789767043
K-means,,,"[{'avg_silhouette': 0.051170520371321616, 'num_points': 53}, {'avg_silhouette': 0.01270049685607276, 'num_points': 212}, {'avg_silhouette': 0.001410024935418967, 'num_points': 20}, {'avg_silhouette': 0.3501837558173698, 'num_points': 519}, {'avg_silhouette': 0.0017947030164516635, 'num_points': 119}, {'avg_silhouette': -0.10597022476987024, 'num_points': 41}, {'avg_silhouette': 0.38856461972211115, 'num_points': 374}, {'avg_silhouette': 0.2131060483865614, 'num_points': 8}, {'avg_silhouette': -0.005283315536298596, 'num_points': 124}, {'avg_silhouette': 0.38957646519684125, 'num_points': 93}, {'avg_silhouette': 0.05715154058276382, 'num_points': 93}, {'avg_silhouette': 0.012002642887319908, 'num_points': 56}, {'avg_silhouette': 0.12848928126862413, 'num_points': 161}, {'avg_silhouette': 0.10948703370217372, 'num_points': 89}, {'avg_silhouette': -0.055211351460214796, 'num_points': 56}, {'avg_silhouette': -0.12922599683217967, 'num_points': 132}, {'avg_silhouette': 0.11824337648956071, 'num_points': 299}, {'avg_silhouette': 0.06988720002693964, 'num_points': 159}, {'avg_silhouette': 0.5134185056062889, 'num_points': 28}, {'avg_silhouette': 0.09758372087214835, 'num_points': 42}, {'avg_silhouette': 0.1632011576476215, 'num_points': 46}, {'avg_silhouette': 0.11381100027926815, 'num_points': 151}, {'avg_silhouette': 0.3595556865203338, 'num_points': 155}, {'avg_silhouette': 0.015349059227907847, 'num_points': 43}, {'avg_silhouette': 0.408592763487425, 'num_points': 2114}, {'avg_silhouette': 0.3139192914005549, 'num_points': 82}, {'avg_silhouette': 0.06585658521878275, 'num_points': 15}, {'avg_silhouette': 0.0011443055308484262, 'num_points': 133}, {'avg_silhouette': 0.20376597826610954, 'num_points': 190}, {'avg_silhouette': 0.6288759029724246, 'num_points': 20}, {'avg_silhouette': 0.027125888995154914, 'num_points': 34}, {'avg_silhouette': 0.12486180460542902, 'num_points': 157}, {'avg_silhouette': 0.008888292533866, 'num_points': 28}, {'avg_silhouette': -0.01826973169709989, 'num_points': 95}, {'avg_silhouette': 0.05873829253222333, 'num_points': 20}, {'avg_silhouette': 0.36575527243342565, 'num_points': 411}, {'avg_silhouette': 0.019872238707796048, 'num_points': 74}, {'avg_silhouette': 0.014203379898705636, 'num_points': 20}, {'avg_silhouette': -0.01754134190024419, 'num_points': 141}, {'avg_silhouette': 0.4445012401124127, 'num_points': 19}, {'avg_silhouette': -0.02472385941408718, 'num_points': 30}, {'avg_silhouette': -0.046797071787136796, 'num_points': 61}]",,42,0.24483446204195394,,4,0.3782741028650829
AGGLC,ward,,"[{'avg_silhouette': -0.0022745933994406144, 'num_points': 157}, {'avg_silhouette': 0.38180567053856257, 'num_points': 347}, {'avg_silhouette': -0.1188392500716964, 'num_points': 84}, {'avg_silhouette': -0.10173968477975262, 'num_points': 34}, {'avg_silhouette': 0.44178470577681694, 'num_points': 1791}, {'avg_silhouette': -0.09285463202230362, 'num_points': 85}, {'avg_silhouette': -0.11118832697300272, 'num_points': 129}, {'avg_silhouette': -0.14974342803254329, 'num_points': 121}, {'avg_silhouette': 0.03054547514981922, 'num_points': 171}, {'avg_silhouette': 0.18757308302419248, 'num_points': 272}, {'avg_silhouette': 0.0033599114844245583, 'num_points': 9}, {'avg_silhouette': 0.13621639466833044, 'num_points': 146}, {'avg_silhouette': -0.005685853321179204, 'num_points': 80}, {'avg_silhouette': 0.1101098262686864, 'num_points': 147}, {'avg_silhouette': -0.05122524753143204, 'num_points': 87}, {'avg_silhouette': -0.07683480244342447, 'num_points': 28}, {'avg_silhouette': -0.12713677938308687, 'num_points': 87}, {'avg_silhouette': 0.2124524654024796, 'num_points': 20}, {'avg_silhouette': 0.09187097310627657, 'num_points': 309}, {'avg_silhouette': -0.0020630758385312563, 'num_points': 27}, {'avg_silhouette': -0.03622127466723431, 'num_points': 25}, {'avg_silhouette': 0.11467003974777078, 'num_points': 85}, {'avg_silhouette': 0.13052795016790983, 'num_points': 131}, {'avg_silhouette': -0.010135138509384863, 'num_points': 101}, {'avg_silhouette': 0.3596557849667171, 'num_points': 53}, {'avg_silhouette': 0.24274517555648967, 'num_points': 557}, {'avg_silhouette': 0.4231183861871477, 'num_points': 14}, {'avg_silhouette': 0.514617834667087, 'num_points': 28}, {'avg_silhouette': 0.3067291752879278, 'num_points': 56}, {'avg_silhouette': 0.19452068902631872, 'num_points': 12}, {'avg_silhouette': 0.5015755791609017, 'num_points': 80}, {'avg_silhouette': 0.1248836828627649, 'num_points': 14}, {'avg_silhouette': 0.15160936583371504, 'num_points': 39}, {'avg_silhouette': 0.027710357067114336, 'num_points': 133}, {'avg_silhouette': 0.1210724166344998, 'num_points': 13}, {'avg_silhouette': 0.4778451032671518, 'num_points': 379}, {'avg_silhouette': -0.08584012519458452, 'num_points': 6}, {'avg_silhouette': 0.6696182080579212, 'num_points': 13}, {'avg_silhouette': 0.13555841298344806, 'num_points': 410}, {'avg_silhouette': 0.3081663088105967, 'num_points': 81}, {'avg_silhouette': 0.1363087510275517, 'num_points': 9}, {'avg_silhouette': 0.5010788744038678, 'num_points': 18}, {'avg_silhouette': 0.12141771267464085, 'num_points': 55}, {'avg_silhouette': 0.6253063375099295, 'num_points': 20}, {'avg_silhouette': 0.15187133164668357, 'num_points': 32}, {'avg_silhouette': 0.420250748286728, 'num_points': 146}, {'avg_silhouette': 0.5958287850393367, 'num_points': 7}, {'avg_silhouette': 0.2470129496436797, 'num_points': 69}]",,48,0.24343423948794898,,5,0.33594781362449383
AGGLC,ward,,"[{'avg_silhouette': 0.1390495405469677, 'num_points': 75}, {'avg_silhouette': -0.0015926361617198668, 'num_points': 157}, {'avg_silhouette': -0.1188392500716964, 'num_points': 84}, {'avg_silhouette': 0.38180567053856257, 'num_points': 347}, {'avg_silhouette': 0.44178470577681694, 'num_points': 1791}, {'avg_silhouette': -0.09285463202230362, 'num_points': 85}, {'avg_silhouette': -0.11118832697300272, 'num_points': 129}, {'avg_silhouette': -0.14974342803254329, 'num_points': 121}, {'avg_silhouette': -0.10173968477975262, 'num_points': 34}, {'avg_silhouette': 0.18757308302419248, 'num_points': 272}, {'avg_silhouette': 0.0033599114844245583, 'num_points': 9}, {'avg_silhouette': 0.14775356792062933, 'num_points': 146}, {'avg_silhouette': -0.005685853321179204, 'num_points': 80}, {'avg_silhouette': 0.1101098262686864, 'num_points': 147}, {'avg_silhouette': -0.05122524753143204, 'num_points': 87}, {'avg_silhouette': -0.07145730900758641, 'num_points': 28}, {'avg_silhouette': -0.12622277665689818, 'num_points': 87}, {'avg_silhouette': 0.035720333242248895, 'num_points': 171}, {'avg_silhouette': 0.09187097310627657, 'num_points': 309}, {'avg_silhouette': -0.0020630758385312563, 'num_points': 27}, {'avg_silhouette': -0.03622127466723431, 'num_points': 25}, {'avg_silhouette': 0.11467003974777078, 'num_points': 85}, {'avg_silhouette': 0.13052795016790983, 'num_points': 131}, {'avg_silhouette': -0.010135138509384863, 'num_points': 101}, {'avg_silhouette': 0.3596557849667171, 'num_points': 53}, {'avg_silhouette': 0.24274517555648967, 'num_points': 557}, {'avg_silhouette': 0.4231183861871477, 'num_points': 14}, {'avg_silhouette': 0.514617834667087, 'num_points': 28}, {'avg_silhouette': 0.3067291752879278, 'num_points': 56}, {'avg_silhouette': 0.19517734969174602, 'num_points': 12}, {'avg_silhouette': 0.5015755791609017, 'num_points': 80}, {'avg_silhouette': 0.1248836828627649, 'num_points': 14}, {'avg_silhouette': 0.15160936583371504, 'num_points': 39}, {'avg_silhouette': 0.027710357067114336, 'num_points': 133}, {'avg_silhouette': 0.13230861944324757, 'num_points': 13}, {'avg_silhouette': 0.4778451032671518, 'num_points': 379}, {'avg_silhouette': 0.22397388784870817, 'num_points': 20}, {'avg_silhouette': 0.6696182080579212, 'num_points': 13}, {'avg_silhouette': 0.13555841298344806, 'num_points': 410}, {'avg_silhouette': 0.3081663088105967, 'num_points': 81}, {'avg_silhouette': 0.13707780070549058, 'num_points': 9}, {'avg_silhouette': 0.5010788744038678, 'num_points': 18}, {'avg_silhouette': 0.12141771267464085, 'num_points': 55}, {'avg_silhouette': 0.6253063375099295, 'num_points': 20}, {'avg_silhouette': 0.15187133164668357, 'num_points': 32}, {'avg_silhouette': 0.420250748286728, 'num_points': 146}, {'avg_silhouette': 0.5958287850393367, 'num_points': 7}]",,47,0.24301703636090508,,5,0.33594781362449383
AGGLC,ward,,"[{'avg_silhouette': -0.022664342841611916, 'num_points': 46}, {'avg_silhouette': 0.1390495405469677, 'num_points': 75}, {'avg_silhouette': -0.1188392500716964, 'num_points': 84}, {'avg_silhouette': -0.0015926361617198668, 'num_points': 157}, {'avg_silhouette': 0.44178470577681694, 'num_points': 1791}, {'avg_silhouette': -0.09285463202230362, 'num_points': 85}, {'avg_silhouette': -0.11118832697300272, 'num_points': 129}, {'avg_silhouette': 0.38180567053856257, 'num_points': 347}, {'avg_silhouette': -0.10173968477975262, 'num_points': 34}, {'avg_silhouette': 0.18757308302419248, 'num_points': 272}, {'avg_silhouette': 0.0033599114844245583, 'num_points': 9}, {'avg_silhouette': 0.14775356792062933, 'num_points': 146}, {'avg_silhouette': -0.005685853321179204, 'num_points': 80}, {'avg_silhouette': 0.11252488889661787, 'num_points': 147}, {'avg_silhouette': -0.051148102732399496, 'num_points': 87}, {'avg_silhouette': -0.1495729522716312, 'num_points': 121}, {'avg_silhouette': -0.12622277665689818, 'num_points': 87}, {'avg_silhouette': 0.035720333242248895, 'num_points': 171}, {'avg_silhouette': 0.09187097310627657, 'num_points': 309}, {'avg_silhouette': -0.0020630758385312563, 'num_points': 27}, {'avg_silhouette': -0.03622127466723431, 'num_points': 25}, {'avg_silhouette': 0.11467003974777078, 'num_points': 85}, {'avg_silhouette': 0.13052795016790983, 'num_points': 131}, {'avg_silhouette': -0.00887706744149724, 'num_points': 101}, {'avg_silhouette': 0.3596557849667171, 'num_points': 53}, {'avg_silhouette': 0.24274517555648967, 'num_points': 557}, {'avg_silhouette': 0.4231183861871477, 'num_points': 14}, {'avg_silhouette': 0.514617834667087, 'num_points': 28}, {'avg_silhouette': 0.3067291752879278, 'num_points': 56}, {'avg_silhouette': 0.19517734969174602, 'num_points': 12}, {'avg_silhouette': 0.5015755791609017, 'num_points': 80}, {'avg_silhouette': 0.1248836828627649, 'num_points': 14}, {'avg_silhouette': -0.07145730900758641, 'num_points': 28}, {'avg_silhouette': 0.027710357067114336, 'num_points': 133}, {'avg_silhouette': 0.13230861944324757, 'num_points': 13}, {'avg_silhouette': 0.4778451032671518, 'num_points': 379}, {'avg_silhouette': 0.22397388784870817, 'num_points': 20}, {'avg_silhouette': 0.6696182080579212, 'num_points': 13}, {'avg_silhouette': 0.13555841298344806, 'num_points': 410}, {'avg_silhouette': 0.3092856505435293, 'num_points': 81}, {'avg_silhouette': 0.13707780070549058, 'num_points': 9}, {'avg_silhouette': 0.5010788744038678, 'num_points': 18}, {'avg_silhouette': 0.12141771267464085, 'num_points': 55}, {'avg_silhouette': 0.6253063375099295, 'num_points': 20}, {'avg_silhouette': 0.15187133164668357, 'num_points': 32}, {'avg_silhouette': 0.420250748286728, 'num_points': 146}]",,46,0.24144996157984389,,5,0.33594781362449383
AGGLC,ward,,"[{'avg_silhouette': -0.13886171841437003, 'num_points': 94}, {'avg_silhouette': 0.1390495405469677, 'num_points': 75}, {'avg_silhouette': -0.022664342841611916, 'num_points': 46}, {'avg_silhouette': -0.0015926361617198668, 'num_points': 157}, {'avg_silhouette': 0.44178470577681694, 'num_points': 1791}, {'avg_silhouette': -0.1188392500716964, 'num_points': 84}, {'avg_silhouette': -0.11118832697300272, 'num_points': 129}, {'avg_silhouette': 0.38180567053856257, 'num_points': 347}, {'avg_silhouette': -0.10136827866438186, 'num_points': 34}, {'avg_silhouette': 0.18757308302419248, 'num_points': 272}, {'avg_silhouette': 0.1317787544325755, 'num_points': 131}, {'avg_silhouette': 0.14775356792062933, 'num_points': 146}, {'avg_silhouette': -0.0043305009441850385, 'num_points': 80}, {'avg_silhouette': 0.11252488889661787, 'num_points': 147}, {'avg_silhouette': -0.051148102732399496, 'num_points': 87}, {'avg_silhouette': -0.1495729522716312, 'num_points': 121}, {'avg_silhouette': -0.12622277665689818, 'num_points': 87}, {'avg_silhouette': 0.035720333242248895, 'num_points': 171}, {'avg_silhouette': 0.09187097310627657, 'num_points': 309}, {'avg_silhouette': -0.0020630758385312563, 'num_points': 27}, {'avg_silhouette': -0.03622127466723431, 'num_points': 25}, {'avg_silhouette': 0.11467003974777078, 'num_points': 85}, {'avg_silhouette': 0.420250748286728, 'num_points': 146}, {'avg_silhouette': -0.00887706744149724, 'num_points': 101}, {'avg_silhouette': 0.3596557849667171, 'num_points': 53}, {'avg_silhouette': 0.24274517555648967, 'num_points': 557}, {'avg_silhouette': 0.4231183861871477, 'num_points': 14}, {'avg_silhouette': 0.514617834667087, 'num_points': 28}, {'avg_silhouette': 0.3067291752879278, 'num_points': 56}, {'avg_silhouette': 0.19517734969174602, 'num_points': 12}, {'avg_silhouette': 0.5015755791609017, 'num_points': 80}, {'avg_silhouette': 0.1248836828627649, 'num_points': 14}, {'avg_silhouette': -0.07145730900758641, 'num_points': 28}, {'avg_silhouette': 0.027710357067114336, 'num_points': 133}, {'avg_silhouette': 0.13230861944324757, 'num_points': 13}, {'avg_silhouette': 0.4778451032671518, 'num_points': 379}, {'avg_silhouette': 0.22397388784870817, 'num_points': 20}, {'avg_silhouette': 0.6696182080579212, 'num_points': 13}, {'avg_silhouette': 0.13555841298344806, 'num_points': 410}, {'avg_silhouette': 0.3092856505435293, 'num_points': 81}, {'avg_silhouette': 0.13707780070549058, 'num_points': 9}, {'avg_silhouette': 0.5010788744038678, 'num_points': 18}, {'avg_silhouette': 0.12141771267464085, 'num_points': 55}, {'avg_silhouette': 0.6253063375099295, 'num_points': 20}, {'avg_silhouette': 0.15187133164668357, 'num_points': 32}]",,45,0.2407196227893628,,5,0.33594781362449383
AGGLC,ward,,"[{'avg_silhouette': 0.0760968004635598, 'num_points': 232}, {'avg_silhouette': 0.1390495405469677, 'num_points': 75}, {'avg_silhouette': -0.03480881694800146, 'num_points': 133}, {'avg_silhouette': -0.0015926361617198668, 'num_points': 157}, {'avg_silhouette': 0.44178470577681694, 'num_points': 1791}, {'avg_silhouette': -0.022664342841611916, 'num_points': 46}, {'avg_silhouette': -0.138150402270962, 'num_points': 94}, {'avg_silhouette': 0.38337963252152035, 'num_points': 347}, {'avg_silhouette': -0.10136827866438186, 'num_points': 34}, {'avg_silhouette': 0.18766303171957138, 'num_points': 272}, {'avg_silhouette': 0.13774947521966083, 'num_points': 131}, {'avg_silhouette': -0.10955314792970833, 'num_points': 84}, {'avg_silhouette': -0.0043305009441850385, 'num_points': 80}, {'avg_silhouette': -0.10855035447378324, 'num_points': 129}, {'avg_silhouette': -0.048154285444407, 'num_points': 87}, {'avg_silhouette': -0.12728951626002463, 'num_points': 121}, {'avg_silhouette': -0.12478831646651006, 'num_points': 87}, {'avg_silhouette': 0.035720333242248895, 'num_points': 171}, {'avg_silhouette': 0.09250477855935063, 'num_points': 309}, {'avg_silhouette': -0.0020630758385312563, 'num_points': 27}, {'avg_silhouette': -0.03604117961413378, 'num_points': 25}, {'avg_silhouette': 0.6253063375099295, 'num_points': 20}, {'avg_silhouette': 0.420250748286728, 'num_points': 146}, {'avg_silhouette': 0.14775356792062933, 'num_points': 146}, {'avg_silhouette': 0.3600645180934223, 'num_points': 53}, {'avg_silhouette': 0.24274517555648967, 'num_points': 557}, {'avg_silhouette': 0.42319711994391224, 'num_points': 14}, {'avg_silhouette': 0.5149244380405742, 'num_points': 28}, {'avg_silhouette': 0.3067291752879278, 'num_points': 56}, {'avg_silhouette': 0.19517734969174602, 'num_points': 12}, {'avg_silhouette': 0.5015755791609017, 'num_points': 80}, {'avg_silhouette': 0.1269962576698133, 'num_points': 14}, {'avg_silhouette': -0.07145730900758641, 'num_points': 28}, {'avg_silhouette': 0.06705446211721569, 'num_points': 133}, {'avg_silhouette': 0.13230861944324757, 'num_points': 13}, {'avg_silhouette': 0.4778451032671518, 'num_points': 379}, {'avg_silhouette': 0.22397388784870817, 'num_points': 20}, {'avg_silhouette': 0.6696182080579212, 'num_points': 13}, {'avg_silhouette': 0.13555841298344806, 'num_points': 410}, {'avg_silhouette': 0.3092856505435293, 'num_points': 81}, {'avg_silhouette': 0.1447541660533059, 'num_points': 9}, {'avg_silhouette': 0.5011097580542463, 'num_points': 18}, {'avg_silhouette': 0.12141771267464085, 'num_points': 55}]",,43,0.23982021883328986,,5,0.3362626060210854
AGGLC,ward,,"[{'avg_silhouette': -0.006750919824648387, 'num_points': 158}, {'avg_silhouette': 0.09981463624221035, 'num_points': 232}, {'avg_silhouette': -0.032224353673328134, 'num_points': 133}, {'avg_silhouette': 0.1390495405469677, 'num_points': 75}, {'avg_silhouette': 0.44178470577681694, 'num_points': 1791}, {'avg_silhouette': -0.022664342841611916, 'num_points': 46}, {'avg_silhouette': -0.13768150466889825, 'num_points': 94}, {'avg_silhouette': -0.0015926361617198668, 'num_points': 157}, {'avg_silhouette': -0.1007802865714707, 'num_points': 34}, {'avg_silhouette': 0.18766303171957138, 'num_points': 272}, {'avg_silhouette': 0.14323198323674166, 'num_points': 131}, {'avg_silhouette': -0.10775732742131156, 'num_points': 84}, {'avg_silhouette': -0.0043305009441850385, 'num_points': 80}, {'avg_silhouette': -0.1079230251499378, 'num_points': 129}, {'avg_silhouette': -0.04256735938458806, 'num_points': 87}, {'avg_silhouette': -0.12618875009071714, 'num_points': 121}, {'avg_silhouette': 0.38337963252152035, 'num_points': 347}, {'avg_silhouette': 0.035720333242248895, 'num_points': 171}, {'avg_silhouette': 0.09250477855935063, 'num_points': 309}, {'avg_silhouette': 0.000978992204784811, 'num_points': 27}, {'avg_silhouette': 0.12141771267464085, 'num_points': 55}, {'avg_silhouette': 0.6253063375099295, 'num_points': 20}, {'avg_silhouette': 0.420250748286728, 'num_points': 146}, {'avg_silhouette': 0.14775356792062933, 'num_points': 146}, {'avg_silhouette': 0.3600645180934223, 'num_points': 53}, {'avg_silhouette': 0.24274517555648967, 'num_points': 557}, {'avg_silhouette': 0.42319711994391224, 'num_points': 14}, {'avg_silhouette': 0.5149244380405742, 'num_points': 28}, {'avg_silhouette': 0.3067291752879278, 'num_points': 56}, {'avg_silhouette': 0.19517734969174602, 'num_points': 12}, {'avg_silhouette': 0.5015755791609017, 'num_points': 80}, {'avg_silhouette': 0.1269962576698133, 'num_points': 14}, {'avg_silhouette': -0.07145730900758641, 'num_points': 28}, {'avg_silhouette': -0.12478831646651006, 'num_points': 87}, {'avg_silhouette': 0.13230861944324757, 'num_points': 13}, {'avg_silhouette': 0.4778451032671518, 'num_points': 379}, {'avg_silhouette': 0.22397388784870817, 'num_points': 20}, {'avg_silhouette': 0.6696182080579212, 'num_points': 13}, {'avg_silhouette': 0.13555841298344806, 'num_points': 410}, {'avg_silhouette': 0.3092856505435293, 'num_points': 81}, {'avg_silhouette': 0.14524488288214, 'num_points': 9}, {'avg_silhouette': 0.5011097580542463, 'num_points': 18}]",,42,0.23959426540712325,,5,0.3362626060210854
AGGLC,ward,,"[{'avg_silhouette': -0.047599141703240165, 'num_points': 133}, {'avg_silhouette': 0.1390495405469677, 'num_points': 75}, {'avg_silhouette': -0.13886171841437003, 'num_points': 94}, {'avg_silhouette': -0.0015926361617198668, 'num_points': 157}, {'avg_silhouette': 0.44178470577681694, 'num_points': 1791}, {'avg_silhouette': -0.022664342841611916, 'num_points': 46}, {'avg_silhouette': -0.11118832697300272, 'num_points': 129}, {'avg_silhouette': 0.38180567053856257, 'num_points': 347}, {'avg_silhouette': -0.10136827866438186, 'num_points': 34}, {'avg_silhouette': 0.18757308302419248, 'num_points': 272}, {'avg_silhouette': 0.1317787544325755, 'num_points': 131}, {'avg_silhouette': -0.1182902069592396, 'num_points': 84}, {'avg_silhouette': -0.0043305009441850385, 'num_points': 80}, {'avg_silhouette': 0.11262134617506508, 'num_points': 147}, {'avg_silhouette': -0.051148102732399496, 'num_points': 87}, {'avg_silhouette': -0.14507748970014234, 'num_points': 121}, {'avg_silhouette': -0.1261504737112259, 'num_points': 87}, {'avg_silhouette': 0.035720333242248895, 'num_points': 171}, {'avg_silhouette': 0.0920606958943867, 'num_points': 309}, {'avg_silhouette': -0.0020630758385312563, 'num_points': 27}, {'avg_silhouette': -0.03622127466723431, 'num_points': 25}, {'avg_silhouette': 0.11467003974777078, 'num_points': 85}, {'avg_silhouette': 0.420250748286728, 'num_points': 146}, {'avg_silhouette': 0.14775356792062933, 'num_points': 146}, {'avg_silhouette': 0.3596557849667171, 'num_points': 53}, {'avg_silhouette': 0.24274517555648967, 'num_points': 557}, {'avg_silhouette': 0.4231183861871477, 'num_points': 14}, {'avg_silhouette': 0.514617834667087, 'num_points': 28}, {'avg_silhouette': 0.3067291752879278, 'num_points': 56}, {'avg_silhouette': 0.19517734969174602, 'num_points': 12}, {'avg_silhouette': 0.5015755791609017, 'num_points': 80}, {'avg_silhouette': 0.1248836828627649, 'num_points': 14}, {'avg_silhouette': -0.07145730900758641, 'num_points': 28}, {'avg_silhouette': 0.027859483685640826, 'num_points': 133}, {'avg_silhouette': 0.13230861944324757, 'num_points': 13}, {'avg_silhouette': 0.4778451032671518, 'num_points': 379}, {'avg_silhouette': 0.22397388784870817, 'num_points': 20}, {'avg_silhouette': 0.6696182080579212, 'num_points': 13}, {'avg_silhouette': 0.13555841298344806, 'num_points': 410}, {'avg_silhouette': 0.3092856505435293, 'num_points': 81}, {'avg_silhouette': 0.13764404758992738, 'num_points': 9}, {'avg_silhouette': 0.5010788744038678, 'num_points': 18}, {'avg_silhouette': 0.12141771267464085, 'num_points': 55}, {'avg_silhouette': 0.6253063375099295, 'num_points': 20}]",,44,0.23929042968603068,,5,0.33594781362449383
DBSCAN,,0.5066666666666657,"[{'avg_silhouette': 0.28384505514153796, 'num_points': 5709}, {'avg_silhouette': 0.761522849704679, 'num_points': 11}, {'avg_silhouette': 0.6271290962443948, 'num_points': 68}, {'avg_silhouette': 0.4589795535099021, 'num_points': 51}, {'avg_silhouette': 0.7975178201386569, 'num_points': 16}, {'avg_silhouette': 0.6434056676615612, 'num_points': 24}, {'avg_silhouette': 0.8357535758726216, 'num_points': 13}, {'avg_silhouette': 0.5720248516872161, 'num_points': 18}]",10.0,8,0.23873045568529036,,1,
K-means,,,"[{'avg_silhouette': -0.05121278682500832, 'num_points': 87}, {'avg_silhouette': 0.41764640727314584, 'num_points': 2155}, {'avg_silhouette': 0.004857985102470572, 'num_points': 163}, {'avg_silhouette': -0.02985715650913832, 'num_points': 104}, {'avg_silhouette': 0.054173003018976124, 'num_points': 308}, {'avg_silhouette': 0.2617952644222253, 'num_points': 605}, {'avg_silhouette': -0.04392989821819605, 'num_points': 32}, {'avg_silhouette': 0.296605686271051, 'num_points': 12}, {'avg_silhouette': 0.12717211452307048, 'num_points': 160}, {'avg_silhouette': 0.3924919143106976, 'num_points': 93}, {'avg_silhouette': 0.062346380691189536, 'num_points': 118}, {'avg_silhouette': -0.10441406178303274, 'num_points': 59}, {'avg_silhouette': 0.030621512573200296, 'num_points': 132}, {'avg_silhouette': 0.3561211111620364, 'num_points': 423}, {'avg_silhouette': -0.027622884123711295, 'num_points': 146}, {'avg_silhouette': 0.024159769070039878, 'num_points': 359}, {'avg_silhouette': 0.34840706768701535, 'num_points': 157}, {'avg_silhouette': 0.1393247190299719, 'num_points': 43}, {'avg_silhouette': -0.08495933995527138, 'num_points': 245}, {'avg_silhouette': 0.5252003360625068, 'num_points': 28}, {'avg_silhouette': 0.2708050583971737, 'num_points': 86}, {'avg_silhouette': -0.010420708698927392, 'num_points': 131}, {'avg_silhouette': -0.002940453553230882, 'num_points': 74}, {'avg_silhouette': 0.4483352547195503, 'num_points': 19}, {'avg_silhouette': 0.31086508027554155, 'num_points': 58}, {'avg_silhouette': 0.12322625301891842, 'num_points': 262}, {'avg_silhouette': 0.109310768982734, 'num_points': 173}, {'avg_silhouette': 0.0080643868519284, 'num_points': 103}, {'avg_silhouette': 0.4041892930168528, 'num_points': 382}]",,29,0.23777207817816395,,5,0.29278236898886006
AGGLC,ward,,"[{'avg_silhouette': 0.3768817235595629, 'num_points': 2201}, {'avg_silhouette': 0.06022489452186623, 'num_points': 241}, {'avg_silhouette': 0.2653142333762784, 'num_points': 402}, {'avg_silhouette': 0.017290211698497208, 'num_points': 158}, {'avg_silhouette': -0.0440369027066757, 'num_points': 107}, {'avg_silhouette': -0.02419355520163358, 'num_points': 133}, {'avg_silhouette': -0.09055208905288475, 'num_points': 94}, {'avg_silhouette': 0.1390495405469677, 'num_points': 75}, {'avg_silhouette': -0.09708578911216677, 'num_points': 34}, {'avg_silhouette': 0.2016977354506724, 'num_points': 272}, {'avg_silhouette': 0.1687667829759993, 'num_points': 131}, {'avg_silhouette': -0.09479784314621839, 'num_points': 84}, {'avg_silhouette': -0.011502481100566632, 'num_points': 46}, {'avg_silhouette': -0.0975715197309438, 'num_points': 129}, {'avg_silhouette': -0.0400360795781469, 'num_points': 87}, {'avg_silhouette': -0.11467739801487639, 'num_points': 121}, {'avg_silhouette': 0.01040117531570601, 'num_points': 157}, {'avg_silhouette': 0.03586239694504121, 'num_points': 171}, {'avg_silhouette': 0.09900221971566585, 'num_points': 309}, {'avg_silhouette': 0.3196731909757542, 'num_points': 81}, {'avg_silhouette': 0.5058594282449819, 'num_points': 18}, {'avg_silhouette': 0.6268590151893838, 'num_points': 20}, {'avg_silhouette': 0.43287633455865876, 'num_points': 146}, {'avg_silhouette': 0.1514942001527102, 'num_points': 146}, {'avg_silhouette': 0.36044698976668443, 'num_points': 53}, {'avg_silhouette': 0.2779569674664042, 'num_points': 557}, {'avg_silhouette': 0.425856248792968, 'num_points': 14}, {'avg_silhouette': 0.5187490081569422, 'num_points': 28}, {'avg_silhouette': 0.3150840776669286, 'num_points': 56}, {'avg_silhouette': 0.20120703699085538, 'num_points': 12}, {'avg_silhouette': 0.5026474602486406, 'num_points': 80}, {'avg_silhouette': 0.12864541294542178, 'num_points': 14}, {'avg_silhouette': -0.06560319906058325, 'num_points': 28}, {'avg_silhouette': -0.1218875849167699, 'num_points': 87}, {'avg_silhouette': 0.13326491210781144, 'num_points': 13}, {'avg_silhouette': 0.48058226067927007, 'num_points': 379}, {'avg_silhouette': 0.22692417602954063, 'num_points': 20}, {'avg_silhouette': 0.6696182080579212, 'num_points': 13}]",,38,0.2374585653628641,,4,0.3501837962703789
AGGLC,ward,,"[{'avg_silhouette': 0.26523157904933736, 'num_points': 402}, {'avg_silhouette': -0.006750919824648387, 'num_points': 158}, {'avg_silhouette': -0.0315073301103107, 'num_points': 133}, {'avg_silhouette': 0.10178091524213004, 'num_points': 232}, {'avg_silhouette': 0.44178470577681694, 'num_points': 1791}, {'avg_silhouette': -0.018454087200317645, 'num_points': 46}, {'avg_silhouette': -0.0906656375149517, 'num_points': 94}, {'avg_silhouette': 0.1390495405469677, 'num_points': 75}, {'avg_silhouette': -0.10051276796117917, 'num_points': 34}, {'avg_silhouette': 0.1968359110414023, 'num_points': 272}, {'avg_silhouette': 0.1462496958482954, 'num_points': 131}, {'avg_silhouette': -0.1014180925027, 'num_points': 84}, {'avg_silhouette': -0.003563191146402496, 'num_points': 80}, {'avg_silhouette': -0.10467080209810459, 'num_points': 129}, {'avg_silhouette': -0.04219155444217709, 'num_points': 87}, {'avg_silhouette': -0.1258803718914112, 'num_points': 121}, {'avg_silhouette': -0.0015926361617198668, 'num_points': 157}, {'avg_silhouette': 0.035720333242248895, 'num_points': 171}, {'avg_silhouette': 0.09250477855935063, 'num_points': 309}, {'avg_silhouette': 0.000978992204784811, 'num_points': 27}, {'avg_silhouette': 0.5058594282449819, 'num_points': 18}, {'avg_silhouette': 0.6268590151893838, 'num_points': 20}, {'avg_silhouette': 0.4324701154814322, 'num_points': 146}, {'avg_silhouette': 0.1514942001527102, 'num_points': 146}, {'avg_silhouette': 0.36044031249068476, 'num_points': 53}, {'avg_silhouette': 0.24279072197590953, 'num_points': 557}, {'avg_silhouette': 0.4252503377757448, 'num_points': 14}, {'avg_silhouette': 0.5187300247925606, 'num_points': 28}, {'avg_silhouette': 0.3150840776669286, 'num_points': 56}, {'avg_silhouette': 0.19943142373071185, 'num_points': 12}, {'avg_silhouette': 0.5021685595643255, 'num_points': 80}, {'avg_silhouette': 0.1269962576698133, 'num_points': 14}, {'avg_silhouette': -0.07145730900758641, 'num_points': 28}, {'avg_silhouette': -0.12320812804876724, 'num_points': 87}, {'avg_silhouette': 0.13230861944324757, 'num_points': 13}, {'avg_silhouette': 0.4792704250459209, 'num_points': 379}, {'avg_silhouette': 0.22692417602954063, 'num_points': 20}, {'avg_silhouette': 0.6696182080579212, 'num_points': 13}, {'avg_silhouette': 0.13555841298344806, 'num_points': 410}, {'avg_silhouette': 0.3192246474531858, 'num_points': 81}, {'avg_silhouette': 0.14524488288214, 'num_points': 9}]",,41,0.23673515459236089,,5,0.3129271689662866
K-means,,,"[{'avg_silhouette': 0.09534371896167934, 'num_points': 324}, {'avg_silhouette': 0.03234176947548477, 'num_points': 37}, {'avg_silhouette': -0.07606248362629389, 'num_points': 51}, {'avg_silhouette': 0.4678962153492498, 'num_points': 2149}, {'avg_silhouette': 0.5192560877903476, 'num_points': 80}, {'avg_silhouette': -0.05281936464350276, 'num_points': 26}, {'avg_silhouette': 0.1514795180183544, 'num_points': 137}, {'avg_silhouette': 0.2556617306598411, 'num_points': 75}, {'avg_silhouette': 0.14364352047390827, 'num_points': 933}, {'avg_silhouette': 0.003104930017535985, 'num_points': 96}, {'avg_silhouette': -0.012097166444569268, 'num_points': 159}, {'avg_silhouette': 0.11496345935985697, 'num_points': 169}, {'avg_silhouette': 0.36170011918504513, 'num_points': 157}, {'avg_silhouette': 0.33913522378292865, 'num_points': 415}, {'avg_silhouette': -0.037838078427589655, 'num_points': 285}, {'avg_silhouette': 0.02666308526793609, 'num_points': 109}, {'avg_silhouette': 0.257588279580579, 'num_points': 67}, {'avg_silhouette': 0.028339037314636457, 'num_points': 318}, {'avg_silhouette': 0.07350937771499806, 'num_points': 15}, {'avg_silhouette': 0.02585627868039386, 'num_points': 114}, {'avg_silhouette': -0.024738740503008127, 'num_points': 58}, {'avg_silhouette': 0.5138588248905915, 'num_points': 28}, {'avg_silhouette': -0.046775892431695415, 'num_points': 73}, {'avg_silhouette': 0.0005110040298014167, 'num_points': 122}, {'avg_silhouette': -0.008346838079541351, 'num_points': 46}, {'avg_silhouette': -0.012056908737627431, 'num_points': 148}, {'avg_silhouette': 0.1948418482465092, 'num_points': 161}, {'avg_silhouette': 0.07003485149106918, 'num_points': 86}, {'avg_silhouette': 0.07293532341511554, 'num_points': 157}, {'avg_silhouette': 0.6323751879971492, 'num_points': 20}, {'avg_silhouette': 0.45377774976136737, 'num_points': 19}, {'avg_silhouette': 0.31529847217702706, 'num_points': 83}]",,32,0.2366117398643809,,3,0.3168916532020289
DBSCAN,,0.5166666666666657,"[{'avg_silhouette': 0.2780589364123309, 'num_points': 5751}, {'avg_silhouette': 0.7629498305058966, 'num_points': 11}, {'avg_silhouette': 0.6271481332898021, 'num_points': 68}, {'avg_silhouette': 0.4605312593511714, 'num_points': 51}, {'avg_silhouette': 0.7978695477532207, 'num_points': 16}, {'avg_silhouette': 0.6439257814511302, 'num_points': 24}, {'avg_silhouette': 0.835992371220474, 'num_points': 13}, {'avg_silhouette': 0.5480064123791986, 'num_points': 20}]",10.0,8,0.23659432603048952,,1,
AGGLC,ward,,"[{'avg_silhouette': -0.0440369027066757, 'num_points': 107}, {'avg_silhouette': -0.006726349797364238, 'num_points': 158}, {'avg_silhouette': 0.26523157904933736, 'num_points': 402}, {'avg_silhouette': 0.10178091524213004, 'num_points': 232}, {'avg_silhouette': 0.44178470577681694, 'num_points': 1791}, {'avg_silhouette': -0.0315073301103107, 'num_points': 133}, {'avg_silhouette': -0.0906656375149517, 'num_points': 94}, {'avg_silhouette': 0.1390495405469677, 'num_points': 75}, {'avg_silhouette': -0.09708578911216677, 'num_points': 34}, {'avg_silhouette': 0.1968359110414023, 'num_points': 272}, {'avg_silhouette': 0.1598535952095819, 'num_points': 131}, {'avg_silhouette': -0.1014180925027, 'num_points': 84}, {'avg_silhouette': -0.018454087200317645, 'num_points': 46}, {'avg_silhouette': -0.10467080209810459, 'num_points': 129}, {'avg_silhouette': -0.04219155444217709, 'num_points': 87}, {'avg_silhouette': -0.1258803718914112, 'num_points': 121}, {'avg_silhouette': -0.0015926361617198668, 'num_points': 157}, {'avg_silhouette': 0.03586239694504121, 'num_points': 171}, {'avg_silhouette': 0.09250477855935063, 'num_points': 309}, {'avg_silhouette': 0.14524488288214, 'num_points': 9}, {'avg_silhouette': 0.5058594282449819, 'num_points': 18}, {'avg_silhouette': 0.6268590151893838, 'num_points': 20}, {'avg_silhouette': 0.4324701154814322, 'num_points': 146}, {'avg_silhouette': 0.1514942001527102, 'num_points': 146}, {'avg_silhouette': 0.36044031249068476, 'num_points': 53}, {'avg_silhouette': 0.24279072197590953, 'num_points': 557}, {'avg_silhouette': 0.4252503377757448, 'num_points': 14}, {'avg_silhouette': 0.5187300247925606, 'num_points': 28}, {'avg_silhouette': 0.3150840776669286, 'num_points': 56}, {'avg_silhouette': 0.19943142373071185, 'num_points': 12}, {'avg_silhouette': 0.5026426374523684, 'num_points': 80}, {'avg_silhouette': 0.1269962576698133, 'num_points': 14}, {'avg_silhouette': -0.06560319906058325, 'num_points': 28}, {'avg_silhouette': -0.12320812804876724, 'num_points': 87}, {'avg_silhouette': 0.13230861944324757, 'num_points': 13}, {'avg_silhouette': 0.4792704250459209, 'num_points': 379}, {'avg_silhouette': 0.22692417602954063, 'num_points': 20}, {'avg_silhouette': 0.6696182080579212, 'num_points': 13}, {'avg_silhouette': 0.13555841298344806, 'num_points': 410}, {'avg_silhouette': 0.3192246474531858, 'num_points': 81}]",,40,0.2363890653079797,,5,0.3129271689662866
K-means,,,"[{'avg_silhouette': 0.0, 'num_points': 1}, {'avg_silhouette': 0.14828049385206846, 'num_points': 156}, {'avg_silhouette': 0.5238564551467848, 'num_points': 1724}, {'avg_silhouette': -0.023524720048901444, 'num_points': 47}, {'avg_silhouette': -0.02541376061568109, 'num_points': 111}, {'avg_silhouette': 0.3627856283104082, 'num_points': 391}, {'avg_silhouette': 0.5166380650931205, 'num_points': 80}, {'avg_silhouette': 0.35156454807748666, 'num_points': 157}, {'avg_silhouette': 0.010389318456848002, 'num_points': 45}, {'avg_silhouette': 0.02107857887976481, 'num_points': 157}, {'avg_silhouette': -0.014154217179495856, 'num_points': 34}, {'avg_silhouette': 0.5173708245826806, 'num_points': 28}, {'avg_silhouette': -0.06962953758450377, 'num_points': 62}, {'avg_silhouette': -0.004898676679242045, 'num_points': 44}, {'avg_silhouette': 0.23781322838770522, 'num_points': 70}, {'avg_silhouette': 0.6375073107604896, 'num_points': 20}, {'avg_silhouette': 0.36197450009734405, 'num_points': 423}, {'avg_silhouette': 0.15130630904119927, 'num_points': 98}, {'avg_silhouette': 0.025034585513353233, 'num_points': 96}, {'avg_silhouette': -0.09052126474800697, 'num_points': 25}, {'avg_silhouette': 0.09591402377110707, 'num_points': 112}, {'avg_silhouette': -0.06848948531281104, 'num_points': 189}, {'avg_silhouette': -0.009205694571417344, 'num_points': 107}, {'avg_silhouette': -0.0674457316654116, 'num_points': 71}, {'avg_silhouette': 0.08431807598333553, 'num_points': 251}, {'avg_silhouette': 0.21160329532993769, 'num_points': 610}, {'avg_silhouette': 0.09494346978957599, 'num_points': 69}, {'avg_silhouette': -0.002377305743296495, 'num_points': 378}, {'avg_silhouette': -0.0033714755135400027, 'num_points': 35}, {'avg_silhouette': 0.014847939937362241, 'num_points': 481}, {'avg_silhouette': -0.004135925667879593, 'num_points': 31}, {'avg_silhouette': -0.024234058092485692, 'num_points': 158}, {'avg_silhouette': 0.020693706676239623, 'num_points': 103}, {'avg_silhouette': 0.2306280155635403, 'num_points': 154}, {'avg_silhouette': 0.1501128996408691, 'num_points': 154}, {'avg_silhouette': 0.060728108568732814, 'num_points': 45}]",,36,0.23610586255009583,,6,0.2454484188464234
AGGLC,ward,,"[{'avg_silhouette': 0.006514371278248901, 'num_points': 300}, {'avg_silhouette': -0.009430428034772427, 'num_points': 726}, {'avg_silhouette': -0.13842039702335657, 'num_points': 135}, {'avg_silhouette': 0.04317569365291699, 'num_points': 342}, {'avg_silhouette': -0.15401118562541516, 'num_points': 265}, {'avg_silhouette': 0.502528633824271, 'num_points': 2201}, {'avg_silhouette': 0.02357362457929453, 'num_points': 88}, {'avg_silhouette': -0.11117620917378071, 'num_points': 216}, {'avg_silhouette': 0.09019962187645694, 'num_points': 171}, {'avg_silhouette': 0.28909532534999166, 'num_points': 425}, {'avg_silhouette': 0.06762888519676052, 'num_points': 241}, {'avg_silhouette': -0.010398226245896931, 'num_points': 133}, {'avg_silhouette': 0.3211244499295225, 'num_points': 402}, {'avg_silhouette': 0.5237135944117675, 'num_points': 28}, {'avg_silhouette': 0.5164886149736688, 'num_points': 80}, {'avg_silhouette': 0.03349236652903461, 'num_points': 158}, {'avg_silhouette': 0.2638903124808775, 'num_points': 66}, {'avg_silhouette': 0.24037456370260993, 'num_points': 20}, {'avg_silhouette': 0.13762559259255047, 'num_points': 309}, {'avg_silhouette': 0.34935569090775637, 'num_points': 81}, {'avg_silhouette': 0.5168603549329114, 'num_points': 18}, {'avg_silhouette': 0.6317918047143286, 'num_points': 20}, {'avg_silhouette': 0.4476885033387408, 'num_points': 146}, {'avg_silhouette': 0.18735788629184977, 'num_points': 146}]",,24,0.23608407558759517,,5,0.22929873494438596
AGGLC,ward,,"[{'avg_silhouette': 0.06022489452186623, 'num_points': 241}, {'avg_silhouette': -0.0440369027066757, 'num_points': 107}, {'avg_silhouette': 0.2653142333762784, 'num_points': 402}, {'avg_silhouette': 0.017290211698497208, 'num_points': 158}, {'avg_silhouette': 0.44178470577681694, 'num_points': 1791}, {'avg_silhouette': -0.024448026274932276, 'num_points': 133}, {'avg_silhouette': -0.0905786104151702, 'num_points': 94}, {'avg_silhouette': 0.1390495405469677, 'num_points': 75}, {'avg_silhouette': -0.09708578911216677, 'num_points': 34}, {'avg_silhouette': 0.19689191314431628, 'num_points': 272}, {'avg_silhouette': 0.1687667829759993, 'num_points': 131}, {'avg_silhouette': -0.09663534778217008, 'num_points': 84}, {'avg_silhouette': -0.018454087200317645, 'num_points': 46}, {'avg_silhouette': -0.10305126054397032, 'num_points': 129}, {'avg_silhouette': -0.041657574574081264, 'num_points': 87}, {'avg_silhouette': -0.11467739801487639, 'num_points': 121}, {'avg_silhouette': -0.0015926361617198668, 'num_points': 157}, {'avg_silhouette': 0.03586239694504121, 'num_points': 171}, {'avg_silhouette': 0.09265459613355326, 'num_points': 309}, {'avg_silhouette': 0.3192246474531858, 'num_points': 81}, {'avg_silhouette': 0.5058594282449819, 'num_points': 18}, {'avg_silhouette': 0.6268590151893838, 'num_points': 20}, {'avg_silhouette': 0.4324701154814322, 'num_points': 146}, {'avg_silhouette': 0.1514942001527102, 'num_points': 146}, {'avg_silhouette': 0.36044698976668443, 'num_points': 53}, {'avg_silhouette': 0.24279072197590953, 'num_points': 557}, {'avg_silhouette': 0.4252503377757448, 'num_points': 14}, {'avg_silhouette': 0.5187300247925606, 'num_points': 28}, {'avg_silhouette': 0.3150840776669286, 'num_points': 56}, {'avg_silhouette': 0.20033655157705055, 'num_points': 12}, {'avg_silhouette': 0.5026426374523684, 'num_points': 80}, {'avg_silhouette': 0.12864541294542178, 'num_points': 14}, {'avg_silhouette': -0.06560319906058325, 'num_points': 28}, {'avg_silhouette': -0.1218875849167699, 'num_points': 87}, {'avg_silhouette': 0.13230861944324757, 'num_points': 13}, {'avg_silhouette': 0.4792704250459209, 'num_points': 379}, {'avg_silhouette': 0.22692417602954063, 'num_points': 20}, {'avg_silhouette': 0.6696182080579212, 'num_points': 13}, {'avg_silhouette': 0.13555841298344806, 'num_points': 410}]",,39,0.23605554843608134,,5,0.31294369983167475
AGGLC,ward,,"[{'avg_silhouette': -0.009430428034772427, 'num_points': 726}, {'avg_silhouette': 0.04317542144987184, 'num_points': 342}, {'avg_silhouette': -0.13916505307545896, 'num_points': 135}, {'avg_silhouette': -0.11117620917378071, 'num_points': 216}, {'avg_silhouette': -0.16137108898818087, 'num_points': 265}, {'avg_silhouette': -0.05649577476206888, 'num_points': 141}, {'avg_silhouette': 0.02357362457929453, 'num_points': 88}, {'avg_silhouette': 0.07697517087491669, 'num_points': 159}, {'avg_silhouette': 0.09009655530890265, 'num_points': 171}, {'avg_silhouette': 0.28909532534999166, 'num_points': 425}, {'avg_silhouette': 0.06762888519676052, 'num_points': 241}, {'avg_silhouette': 0.502528633824271, 'num_points': 2201}, {'avg_silhouette': 0.3211244499295225, 'num_points': 402}, {'avg_silhouette': 0.5237135944117675, 'num_points': 28}, {'avg_silhouette': 0.5161289561415898, 'num_points': 80}, {'avg_silhouette': 0.029829291723566173, 'num_points': 158}, {'avg_silhouette': 0.26352287924558954, 'num_points': 66}, {'avg_silhouette': 0.2383160983955237, 'num_points': 20}, {'avg_silhouette': 0.13762559259255047, 'num_points': 309}, {'avg_silhouette': 0.34935569090775637, 'num_points': 81}, {'avg_silhouette': 0.5168603549329114, 'num_points': 18}, {'avg_silhouette': 0.6317918047143286, 'num_points': 20}, {'avg_silhouette': 0.4476885033387408, 'num_points': 146}, {'avg_silhouette': 0.18735788629184977, 'num_points': 146}, {'avg_silhouette': -0.01069157047102416, 'num_points': 133}]",,25,0.2360153310442101,,5,0.22929868050377694
AGGLC,ward,,"[{'avg_silhouette': 0.2567716044158482, 'num_points': 66}, {'avg_silhouette': 0.06022489452186623, 'num_points': 241}, {'avg_silhouette': 0.3768817235595629, 'num_points': 2201}, {'avg_silhouette': 0.017290211698497208, 'num_points': 158}, {'avg_silhouette': -0.0440369027066757, 'num_points': 107}, {'avg_silhouette': 0.2653142333762784, 'num_points': 402}, {'avg_silhouette': -0.09055208905288475, 'num_points': 94}, {'avg_silhouette': 0.1390495405469677, 'num_points': 75}, {'avg_silhouette': -0.09708578911216677, 'num_points': 34}, {'avg_silhouette': 0.2016977354506724, 'num_points': 272}, {'avg_silhouette': 0.1687667829759993, 'num_points': 131}, {'avg_silhouette': -0.02419355520163358, 'num_points': 133}, {'avg_silhouette': -0.011502481100566632, 'num_points': 46}, {'avg_silhouette': -0.0975715197309438, 'num_points': 129}, {'avg_silhouette': -0.0400360795781469, 'num_points': 87}, {'avg_silhouette': -0.11467739801487639, 'num_points': 121}, {'avg_silhouette': 0.01040117531570601, 'num_points': 157}, {'avg_silhouette': 0.03586239694504121, 'num_points': 171}, {'avg_silhouette': 0.09900221971566585, 'num_points': 309}, {'avg_silhouette': 0.3196731909757542, 'num_points': 81}, {'avg_silhouette': 0.5103332989427867, 'num_points': 18}, {'avg_silhouette': 0.6268590151893838, 'num_points': 20}, {'avg_silhouette': 0.43287633455865876, 'num_points': 146}, {'avg_silhouette': 0.1514942001527102, 'num_points': 146}, {'avg_silhouette': -0.09479784314621839, 'num_points': 84}, {'avg_silhouette': 0.2779569674664042, 'num_points': 557}, {'avg_silhouette': 0.425856248792968, 'num_points': 14}, {'avg_silhouette': 0.5187490081569422, 'num_points': 28}, {'avg_silhouette': 0.3150840776669286, 'num_points': 56}, {'avg_silhouette': 0.20505018076752432, 'num_points': 12}, {'avg_silhouette': 0.5078646679152696, 'num_points': 80}, {'avg_silhouette': 0.12864541294542178, 'num_points': 14}, {'avg_silhouette': -0.06560319906058325, 'num_points': 28}, {'avg_silhouette': -0.1218875849167699, 'num_points': 87}, {'avg_silhouette': 0.13624644700071847, 'num_points': 13}, {'avg_silhouette': 0.48058226067927007, 'num_points': 379}, {'avg_silhouette': 0.22692417602954063, 'num_points': 20}]",,37,0.2359282665231853,,4,0.3501837962703789
K-means,,,"[{'avg_silhouette': 0.5217468374935509, 'num_points': 1727}, {'avg_silhouette': -0.07995756353540928, 'num_points': 75}, {'avg_silhouette': -0.026893425919771778, 'num_points': 52}, {'avg_silhouette': 0.021723636347128192, 'num_points': 78}, {'avg_silhouette': 0.3250887118247549, 'num_points': 430}, {'avg_silhouette': 0.5169833991157391, 'num_points': 80}, {'avg_silhouette': -0.02758810451959439, 'num_points': 115}, {'avg_silhouette': 0.08018544551245411, 'num_points': 181}, {'avg_silhouette': 0.08211850324743877, 'num_points': 104}, {'avg_silhouette': 0.3757085340257986, 'num_points': 387}, {'avg_silhouette': 0.03712751707835158, 'num_points': 336}, {'avg_silhouette': 0.3157994062413965, 'num_points': 82}, {'avg_silhouette': 0.35136867918937226, 'num_points': 157}, {'avg_silhouette': 0.11530974787390949, 'num_points': 187}, {'avg_silhouette': 0.24851694498535323, 'num_points': 69}, {'avg_silhouette': -0.019722327002093212, 'num_points': 205}, {'avg_silhouette': -0.020768777559573157, 'num_points': 60}, {'avg_silhouette': -0.035590861402320303, 'num_points': 49}, {'avg_silhouette': 0.07926742823358905, 'num_points': 346}, {'avg_silhouette': 0.12078007327501901, 'num_points': 14}, {'avg_silhouette': 0.06223146235977914, 'num_points': 277}, {'avg_silhouette': -0.005317429447137062, 'num_points': 487}, {'avg_silhouette': 0.5246354331812951, 'num_points': 28}, {'avg_silhouette': -0.07180102053031508, 'num_points': 44}, {'avg_silhouette': 0.6301902145049498, 'num_points': 20}, {'avg_silhouette': 0.24199325782552178, 'num_points': 581}, {'avg_silhouette': 0.022876640062197466, 'num_points': 125}, {'avg_silhouette': -0.07301576479901747, 'num_points': 135}, {'avg_silhouette': -0.07131104531472802, 'num_points': 67}, {'avg_silhouette': 0.08462258386960438, 'num_points': 219}]",,30,0.23555922600624246,,7,0.22508783671920424
K-means,,,"[{'avg_silhouette': 0.3553180735817764, 'num_points': 525}, {'avg_silhouette': 0.4027188660788312, 'num_points': 2110}, {'avg_silhouette': -0.080562821248487, 'num_points': 35}, {'avg_silhouette': -0.01793079674892314, 'num_points': 101}, {'avg_silhouette': -0.036872011473192925, 'num_points': 100}, {'avg_silhouette': 0.5103792527593447, 'num_points': 80}, {'avg_silhouette': 0.053645224636867266, 'num_points': 91}, {'avg_silhouette': 0.10236044503699167, 'num_points': 223}, {'avg_silhouette': 0.33920805326407644, 'num_points': 402}, {'avg_silhouette': 0.40406078124747213, 'num_points': 151}, {'avg_silhouette': 0.3168602842645914, 'num_points': 57}, {'avg_silhouette': -0.0184105717200203, 'num_points': 325}, {'avg_silhouette': 0.005651921917072326, 'num_points': 113}, {'avg_silhouette': 0.07086587620864228, 'num_points': 229}, {'avg_silhouette': 0.08083820338180485, 'num_points': 187}, {'avg_silhouette': 0.36449302342914597, 'num_points': 413}, {'avg_silhouette': 0.2819545384941965, 'num_points': 84}, {'avg_silhouette': -0.08660357321045621, 'num_points': 88}, {'avg_silhouette': 0.15956720262981194, 'num_points': 100}, {'avg_silhouette': -0.035754298609498684, 'num_points': 136}, {'avg_silhouette': 0.370310842285399, 'num_points': 15}, {'avg_silhouette': 0.04190088343738886, 'num_points': 83}, {'avg_silhouette': 0.5338918340904933, 'num_points': 17}, {'avg_silhouette': -0.05371210840863661, 'num_points': 262}, {'avg_silhouette': 0.6700195746146489, 'num_points': 13}, {'avg_silhouette': 0.09596549990332512, 'num_points': 166}, {'avg_silhouette': 0.033160985242593866, 'num_points': 109}, {'avg_silhouette': 0.519342168380245, 'num_points': 28}, {'avg_silhouette': 0.0316084041793401, 'num_points': 341}, {'avg_silhouette': 0.21618862862962931, 'num_points': 21}, {'avg_silhouette': 0.03038799415329441, 'num_points': 112}]",,31,0.23540015141021667,,5,0.298669284106634
AGGLC,ward,,"[{'avg_silhouette': -0.10053766922408316, 'num_points': 141}, {'avg_silhouette': 0.2567716044158482, 'num_points': 66}, {'avg_silhouette': 0.3768817235595629, 'num_points': 2201}, {'avg_silhouette': 0.017292331007146177, 'num_points': 158}, {'avg_silhouette': 0.06022489452186623, 'num_points': 241}, {'avg_silhouette': 0.2653142333762784, 'num_points': 402}, {'avg_silhouette': -0.09055208905288475, 'num_points': 94}, {'avg_silhouette': 0.1390495405469677, 'num_points': 75}, {'avg_silhouette': 0.036229175861918324, 'num_points': 171}, {'avg_silhouette': 0.2016977354506724, 'num_points': 272}, {'avg_silhouette': 0.17321339987612713, 'num_points': 131}, {'avg_silhouette': -0.02419355520163358, 'num_points': 133}, {'avg_silhouette': -0.011502481100566632, 'num_points': 46}, {'avg_silhouette': -0.0975715197309438, 'num_points': 129}, {'avg_silhouette': -0.0400360795781469, 'num_points': 87}, {'avg_silhouette': -0.11467739801487639, 'num_points': 121}, {'avg_silhouette': 0.01040117531570601, 'num_points': 157}, {'avg_silhouette': 0.22692417602954063, 'num_points': 20}, {'avg_silhouette': 0.09900221971566585, 'num_points': 309}, {'avg_silhouette': 0.3196731909757542, 'num_points': 81}, {'avg_silhouette': 0.5103332989427867, 'num_points': 18}, {'avg_silhouette': 0.6268590151893838, 'num_points': 20}, {'avg_silhouette': 0.43287633455865876, 'num_points': 146}, {'avg_silhouette': 0.1514942001527102, 'num_points': 146}, {'avg_silhouette': -0.09479784314621839, 'num_points': 84}, {'avg_silhouette': 0.2779569674664042, 'num_points': 557}, {'avg_silhouette': 0.425856248792968, 'num_points': 14}, {'avg_silhouette': 0.5187490081569422, 'num_points': 28}, {'avg_silhouette': 0.3150840776669286, 'num_points': 56}, {'avg_silhouette': 0.20505018076752432, 'num_points': 12}, {'avg_silhouette': 0.5082173272789422, 'num_points': 80}, {'avg_silhouette': 0.12864541294542178, 'num_points': 14}, {'avg_silhouette': -0.06147313616490772, 'num_points': 28}, {'avg_silhouette': -0.1218875849167699, 'num_points': 87}, {'avg_silhouette': 0.13624644700071847, 'num_points': 13}, {'avg_silhouette': 0.48058226067927007, 'num_points': 379}]",,36,0.23512827685941787,,4,0.3501837962703789
K-means,,,"[{'avg_silhouette': -0.049285373367277806, 'num_points': 82}, {'avg_silhouette': 0.5285819665148515, 'num_points': 1724}, {'avg_silhouette': -0.06593222864734803, 'num_points': 131}, {'avg_silhouette': 0.3483130937379856, 'num_points': 158}, {'avg_silhouette': 0.024780644425534976, 'num_points': 98}, {'avg_silhouette': 0.05177129271235621, 'num_points': 47}, {'avg_silhouette': 0.2404963823613281, 'num_points': 70}, {'avg_silhouette': 0.1514539728785494, 'num_points': 156}, {'avg_silhouette': -0.015228057891019716, 'num_points': 125}, {'avg_silhouette': -0.10419089853270062, 'num_points': 35}, {'avg_silhouette': 0.517918640402146, 'num_points': 80}, {'avg_silhouette': -0.001382889544562944, 'num_points': 80}, {'avg_silhouette': 0.352293923597969, 'num_points': 396}, {'avg_silhouette': -0.062082735037209937, 'num_points': 196}, {'avg_silhouette': 0.12375729712570742, 'num_points': 276}, {'avg_silhouette': -7.47953307087923e-05, 'num_points': 147}, {'avg_silhouette': 0.05042904671316872, 'num_points': 109}, {'avg_silhouette': 0.525105953129229, 'num_points': 28}, {'avg_silhouette': -0.0075129584887955615, 'num_points': 52}, {'avg_silhouette': 0.015287210014682829, 'num_points': 394}, {'avg_silhouette': 0.21205061806856385, 'num_points': 612}, {'avg_silhouette': 0.3668816152400118, 'num_points': 419}, {'avg_silhouette': 0.09837878257895538, 'num_points': 168}, {'avg_silhouette': 0.0406722870649136, 'num_points': 335}, {'avg_silhouette': -0.008456339233254232, 'num_points': 30}, {'avg_silhouette': 0.2722387192915801, 'num_points': 86}, {'avg_silhouette': 0.1118430905092435, 'num_points': 192}, {'avg_silhouette': -0.008581634591529894, 'num_points': 491}]",,28,0.23464567842126757,,6,0.24441894980742485
AGGLC,ward,,"[{'avg_silhouette': 0.03922727209496707, 'num_points': 317}, {'avg_silhouette': 0.007796517682350901, 'num_points': 300}, {'avg_silhouette': -0.13817511938466137, 'num_points': 135}, {'avg_silhouette': -0.008930917780411239, 'num_points': 726}, {'avg_silhouette': -0.14279543418889254, 'num_points': 265}, {'avg_silhouette': 0.502528633824271, 'num_points': 2201}, {'avg_silhouette': 0.060842451411546074, 'num_points': 88}, {'avg_silhouette': -0.11117620917378071, 'num_points': 216}, {'avg_silhouette': 0.04317569365291699, 'num_points': 342}, {'avg_silhouette': 0.28909532534999166, 'num_points': 425}, {'avg_silhouette': 0.06772329079622895, 'num_points': 241}, {'avg_silhouette': -0.010398226245896931, 'num_points': 133}, {'avg_silhouette': 0.3212911410179698, 'num_points': 402}, {'avg_silhouette': 0.5237135944117675, 'num_points': 28}, {'avg_silhouette': 0.5167845970619013, 'num_points': 80}, {'avg_silhouette': 0.03349236652903461, 'num_points': 158}, {'avg_silhouette': 0.2669207533375301, 'num_points': 66}, {'avg_silhouette': 0.24434661765635327, 'num_points': 20}, {'avg_silhouette': 0.13762559259255047, 'num_points': 309}, {'avg_silhouette': 0.34935569090775637, 'num_points': 81}, {'avg_silhouette': 0.5168603549329114, 'num_points': 18}, {'avg_silhouette': 0.6317918047143286, 'num_points': 20}, {'avg_silhouette': 0.4476885033387408, 'num_points': 146}]",,23,0.2326721030646471,,5,0.22943197521294761
AGGLC,ward,,"[{'avg_silhouette': -0.07477592583845716, 'num_points': 376}, {'avg_silhouette': 0.015418508151104234, 'num_points': 300}, {'avg_silhouette': 0.03922727209496707, 'num_points': 317}, {'avg_silhouette': -0.008909306100822944, 'num_points': 726}, {'avg_silhouette': -0.13720600655862009, 'num_points': 265}, {'avg_silhouette': 0.502528633824271, 'num_points': 2201}, {'avg_silhouette': 0.060842451411546074, 'num_points': 88}, {'avg_silhouette': -0.1084339670126764, 'num_points': 216}, {'avg_silhouette': 0.04319568485030042, 'num_points': 342}, {'avg_silhouette': 0.28909532534999166, 'num_points': 425}, {'avg_silhouette': 0.4476885033387408, 'num_points': 146}, {'avg_silhouette': -0.0002006584874706075, 'num_points': 133}, {'avg_silhouette': 0.3215739564254046, 'num_points': 402}, {'avg_silhouette': 0.5237135944117675, 'num_points': 28}, {'avg_silhouette': 0.5168800549929978, 'num_points': 80}, {'avg_silhouette': 0.12458491095008015, 'num_points': 158}, {'avg_silhouette': 0.2683628330128882, 'num_points': 66}, {'avg_silhouette': 0.24434661765635327, 'num_points': 20}, {'avg_silhouette': 0.13803149737857595, 'num_points': 309}, {'avg_silhouette': 0.34935569090775637, 'num_points': 81}, {'avg_silhouette': 0.5168603549329114, 'num_points': 18}, {'avg_silhouette': 0.6317918047143286, 'num_points': 20}]",,22,0.23188157984806812,,6,0.17878472808511459
K-means,,,"[{'avg_silhouette': -0.02139016566126391, 'num_points': 299}, {'avg_silhouette': -0.0765101185245309, 'num_points': 570}, {'avg_silhouette': 0.43432419298067704, 'num_points': 93}, {'avg_silhouette': 0.04157813312297908, 'num_points': 236}, {'avg_silhouette': 0.020074878782169, 'num_points': 271}, {'avg_silhouette': -0.03647588353465347, 'num_points': 1079}, {'avg_silhouette': 0.0012515095249889321, 'num_points': 315}, {'avg_silhouette': 0.04501352888328117, 'num_points': 137}, {'avg_silhouette': -0.03822980653210169, 'num_points': 407}, {'avg_silhouette': 0.07230972453249335, 'num_points': 358}, {'avg_silhouette': 0.5248657759750499, 'num_points': 2952}]",,11,0.22816334313657854,,5,0.08919193838325143
DBSCAN,,0.5266666666666657,"[{'avg_silhouette': 0.2661220597411766, 'num_points': 5780}, {'avg_silhouette': 0.7629498305058966, 'num_points': 11}, {'avg_silhouette': 0.6184586973367386, 'num_points': 69}, {'avg_silhouette': 0.46152873841414377, 'num_points': 51}, {'avg_silhouette': 0.7980911194533296, 'num_points': 16}, {'avg_silhouette': 0.6442533724501859, 'num_points': 24}, {'avg_silhouette': 0.40902420216434343, 'num_points': 10}, {'avg_silhouette': 0.8361404214958571, 'num_points': 13}, {'avg_silhouette': 0.5480064123791986, 'num_points': 20}]",10.0,9,0.22810700712249682,,1,
AGGLC,ward,,"[{'avg_silhouette': 0.13420185424159356, 'num_points': 101}, {'avg_silhouette': -0.07448833206113367, 'num_points': 376}, {'avg_silhouette': 0.03922727209496707, 'num_points': 317}, {'avg_silhouette': -0.00881642986898316, 'num_points': 726}, {'avg_silhouette': 0.015818814240468538, 'num_points': 300}, {'avg_silhouette': 0.502528633824271, 'num_points': 2201}, {'avg_silhouette': 0.06124606075594565, 'num_points': 88}, {'avg_silhouette': -0.10807624948553182, 'num_points': 216}, {'avg_silhouette': 0.04319568485030042, 'num_points': 342}, {'avg_silhouette': -0.13695909387043373, 'num_points': 265}, {'avg_silhouette': 0.4476885033387408, 'num_points': 146}, {'avg_silhouette': -0.0002006584874706075, 'num_points': 133}, {'avg_silhouette': 0.3215739564254046, 'num_points': 402}, {'avg_silhouette': 0.5237135944117675, 'num_points': 28}, {'avg_silhouette': 0.5168800549929978, 'num_points': 80}, {'avg_silhouette': 0.12458491095008015, 'num_points': 158}, {'avg_silhouette': 0.2699951007167408, 'num_points': 66}, {'avg_silhouette': 0.24434661765635327, 'num_points': 20}, {'avg_silhouette': 0.13803149737857595, 'num_points': 309}, {'avg_silhouette': 0.28909532534999166, 'num_points': 425}, {'avg_silhouette': 0.5168603549329114, 'num_points': 18}]",,21,0.22789205202180327,,6,0.1788481397533085
AGGLC,ward,,"[{'avg_silhouette': 0.2543699262870279, 'num_points': 425}, {'avg_silhouette': 0.2567716044158482, 'num_points': 66}, {'avg_silhouette': -0.10053766922408316, 'num_points': 141}, {'avg_silhouette': 0.017292331007146177, 'num_points': 158}, {'avg_silhouette': 0.060499743332931094, 'num_points': 241}, {'avg_silhouette': 0.37732306882876143, 'num_points': 2201}, {'avg_silhouette': -0.09055208905288475, 'num_points': 94}, {'avg_silhouette': 0.1390495405469677, 'num_points': 75}, {'avg_silhouette': 0.036229175861918324, 'num_points': 171}, {'avg_silhouette': 0.2016977354506724, 'num_points': 272}, {'avg_silhouette': 0.17321339987612713, 'num_points': 131}, {'avg_silhouette': -0.022681078693181034, 'num_points': 133}, {'avg_silhouette': 0.3002545130405434, 'num_points': 402}, {'avg_silhouette': -0.08735741602430665, 'num_points': 129}, {'avg_silhouette': -0.03997234581741763, 'num_points': 87}, {'avg_silhouette': -0.11467739801487639, 'num_points': 121}, {'avg_silhouette': 0.013103767434177509, 'num_points': 157}, {'avg_silhouette': 0.22692417602954063, 'num_points': 20}, {'avg_silhouette': 0.10405213535468098, 'num_points': 309}, {'avg_silhouette': 0.32264702919360205, 'num_points': 81}, {'avg_silhouette': 0.5103332989427867, 'num_points': 18}, {'avg_silhouette': 0.6275464128261927, 'num_points': 20}, {'avg_silhouette': 0.4368075767117865, 'num_points': 146}, {'avg_silhouette': 0.17531425360236252, 'num_points': 146}, {'avg_silhouette': -0.09300990189928995, 'num_points': 84}, {'avg_silhouette': 0.2788002926431233, 'num_points': 557}, {'avg_silhouette': 0.4268853555281998, 'num_points': 14}, {'avg_silhouette': 0.518797597980117, 'num_points': 28}, {'avg_silhouette': 0.31611208076838127, 'num_points': 56}, {'avg_silhouette': 0.20505018076752432, 'num_points': 12}, {'avg_silhouette': 0.5091785007503435, 'num_points': 80}, {'avg_silhouette': 0.12864541294542178, 'num_points': 14}, {'avg_silhouette': -0.06147313616490772, 'num_points': 28}, {'avg_silhouette': -0.12131624996571223, 'num_points': 87}, {'avg_silhouette': 0.13632996401056663, 'num_points': 13}]",,35,0.2277165754353244,,4,0.302686950199864
AGGLC,ward,,"[{'avg_silhouette': 0.017490732483432646, 'num_points': 88}, {'avg_silhouette': 0.2543699262870279, 'num_points': 425}, {'avg_silhouette': -0.10053766922408316, 'num_points': 141}, {'avg_silhouette': 0.2567716044158482, 'num_points': 66}, {'avg_silhouette': 0.060640758055613954, 'num_points': 241}, {'avg_silhouette': 0.37732306882876143, 'num_points': 2201}, {'avg_silhouette': -0.09055208905288475, 'num_points': 94}, {'avg_silhouette': 0.017292331007146177, 'num_points': 158}, {'avg_silhouette': 0.03899409180139027, 'num_points': 171}, {'avg_silhouette': 0.2016977354506724, 'num_points': 272}, {'avg_silhouette': 0.17321339987612713, 'num_points': 131}, {'avg_silhouette': -0.022681078693181034, 'num_points': 133}, {'avg_silhouette': 0.3002545130405434, 'num_points': 402}, {'avg_silhouette': -0.08735741602430665, 'num_points': 129}, {'avg_silhouette': -0.03997234581741763, 'num_points': 87}, {'avg_silhouette': -0.11467739801487639, 'num_points': 121}, {'avg_silhouette': 0.013640390689139179, 'num_points': 157}, {'avg_silhouette': 0.23483930260022925, 'num_points': 20}, {'avg_silhouette': 0.10405213535468098, 'num_points': 309}, {'avg_silhouette': 0.32264702919360205, 'num_points': 81}, {'avg_silhouette': 0.5103332989427867, 'num_points': 18}, {'avg_silhouette': 0.6275464128261927, 'num_points': 20}, {'avg_silhouette': 0.4368075767117865, 'num_points': 146}, {'avg_silhouette': 0.1842777336051991, 'num_points': 146}, {'avg_silhouette': -0.09300990189928995, 'num_points': 84}, {'avg_silhouette': 0.2788002926431233, 'num_points': 557}, {'avg_silhouette': 0.4268853555281998, 'num_points': 14}, {'avg_silhouette': 0.518797597980117, 'num_points': 28}, {'avg_silhouette': 0.31611208076838127, 'num_points': 56}, {'avg_silhouette': 0.20505018076752432, 'num_points': 12}, {'avg_silhouette': 0.5091785007503435, 'num_points': 80}, {'avg_silhouette': 0.12864541294542178, 'num_points': 14}, {'avg_silhouette': -0.05823391006740305, 'num_points': 28}, {'avg_silhouette': -0.12095478808182543, 'num_points': 87}]",,34,0.22645385852847366,,4,0.302686950199864
K-means,,,"[{'avg_silhouette': -0.03394216899677506, 'num_points': 32}, {'avg_silhouette': 0.05971052904669587, 'num_points': 308}, {'avg_silhouette': 0.39853769504826925, 'num_points': 93}, {'avg_silhouette': 0.1751779627570329, 'num_points': 886}, {'avg_silhouette': 0.09815667643211087, 'num_points': 161}, {'avg_silhouette': 0.3654580183254097, 'num_points': 396}, {'avg_silhouette': -0.09139054398213917, 'num_points': 111}, {'avg_silhouette': 0.16470948147632786, 'num_points': 155}, {'avg_silhouette': 0.45502886816270655, 'num_points': 2150}, {'avg_silhouette': 0.10683511482177709, 'num_points': 170}, {'avg_silhouette': 0.3602988927048058, 'num_points': 157}, {'avg_silhouette': -0.06940414081158816, 'num_points': 65}, {'avg_silhouette': -0.044162812157897156, 'num_points': 97}, {'avg_silhouette': 0.34229263412237904, 'num_points': 57}, {'avg_silhouette': -0.028031648839400077, 'num_points': 54}, {'avg_silhouette': 0.037663028286142625, 'num_points': 91}, {'avg_silhouette': -0.04055619391791507, 'num_points': 201}, {'avg_silhouette': 0.09968341124423327, 'num_points': 219}, {'avg_silhouette': 0.5277110101750985, 'num_points': 28}, {'avg_silhouette': 0.12761843086234922, 'num_points': 183}, {'avg_silhouette': -0.012111752149165225, 'num_points': 111}, {'avg_silhouette': -0.0016406094853742574, 'num_points': 111}, {'avg_silhouette': -0.030615580019947033, 'num_points': 294}, {'avg_silhouette': -0.02678645543476017, 'num_points': 73}, {'avg_silhouette': 0.008808136342261609, 'num_points': 354}, {'avg_silhouette': -0.03980824160396271, 'num_points': 73}, {'avg_silhouette': 0.2744490708138226, 'num_points': 87}]",,27,0.22548339997860375,,4,0.2511182463968527
AGGLC,ward,,"[{'avg_silhouette': 0.07585970195812058, 'num_points': 159}, {'avg_silhouette': -0.15977349082480755, 'num_points': 171}, {'avg_silhouette': 0.01796368365462085, 'num_points': 88}, {'avg_silhouette': 0.25850821980682964, 'num_points': 66}, {'avg_silhouette': 0.2543699262870279, 'num_points': 425}, {'avg_silhouette': -0.05909274319469337, 'num_points': 141}, {'avg_silhouette': -0.06858664264986042, 'num_points': 94}, {'avg_silhouette': 0.021831446982544665, 'num_points': 158}, {'avg_silhouette': 0.03902455984080089, 'num_points': 171}, {'avg_silhouette': 0.2016977354506724, 'num_points': 272}, {'avg_silhouette': 0.060774580048099325, 'num_points': 241}, {'avg_silhouette': 0.37732306882876143, 'num_points': 2201}, {'avg_silhouette': 0.3002874664578046, 'num_points': 402}, {'avg_silhouette': -0.08735741602430665, 'num_points': 129}, {'avg_silhouette': -0.03997234581741763, 'num_points': 87}, {'avg_silhouette': -0.11417662905386433, 'num_points': 121}, {'avg_silhouette': 0.013640390689139179, 'num_points': 157}, {'avg_silhouette': 0.236573285117875, 'num_points': 20}, {'avg_silhouette': 0.10405213535468098, 'num_points': 309}, {'avg_silhouette': 0.32264702919360205, 'num_points': 81}, {'avg_silhouette': 0.5103332989427867, 'num_points': 18}, {'avg_silhouette': 0.6275464128261927, 'num_points': 20}, {'avg_silhouette': 0.4368075767117865, 'num_points': 146}, {'avg_silhouette': 0.1842777336051991, 'num_points': 146}, {'avg_silhouette': -0.02210937384208158, 'num_points': 133}, {'avg_silhouette': 0.2788002926431233, 'num_points': 557}, {'avg_silhouette': 0.4268853555281998, 'num_points': 14}, {'avg_silhouette': 0.518797597980117, 'num_points': 28}, {'avg_silhouette': 0.31764089616305863, 'num_points': 56}, {'avg_silhouette': 0.20505018076752432, 'num_points': 12}, {'avg_silhouette': 0.5100269140531086, 'num_points': 80}, {'avg_silhouette': 0.13651273956923546, 'num_points': 14}]",,32,0.22515617629289808,,4,0.3026951885541793
K-means,,,"[{'avg_silhouette': -0.004820373893145622, 'num_points': 491}, {'avg_silhouette': -0.021943793390059647, 'num_points': 122}, {'avg_silhouette': -0.02176078634727145, 'num_points': 225}, {'avg_silhouette': 0.09939839895250405, 'num_points': 317}, {'avg_silhouette': 0.0976020645032319, 'num_points': 83}, {'avg_silhouette': 0.0231600805709098, 'num_points': 44}, {'avg_silhouette': 0.014202518542935071, 'num_points': 78}, {'avg_silhouette': -0.015415694839561622, 'num_points': 87}, {'avg_silhouette': 0.12031191180771549, 'num_points': 290}, {'avg_silhouette': 0.38052145045293123, 'num_points': 400}, {'avg_silhouette': -0.05597774110300784, 'num_points': 13}, {'avg_silhouette': 0.10342281474242841, 'num_points': 947}, {'avg_silhouette': 0.33652596792983924, 'num_points': 56}, {'avg_silhouette': -0.08284477178830321, 'num_points': 74}, {'avg_silhouette': 0.4139755598245612, 'num_points': 150}, {'avg_silhouette': 0.5342540155005691, 'num_points': 68}, {'avg_silhouette': 0.06136227452903384, 'num_points': 382}, {'avg_silhouette': 0.5307898240640464, 'num_points': 1736}, {'avg_silhouette': 0.04979863256894754, 'num_points': 18}, {'avg_silhouette': 0.15851933926693024, 'num_points': 156}, {'avg_silhouette': -0.0058719711899857365, 'num_points': 115}, {'avg_silhouette': 0.5224838204368342, 'num_points': 28}, {'avg_silhouette': 0.055476768600311734, 'num_points': 15}, {'avg_silhouette': 0.11080904641952324, 'num_points': 193}, {'avg_silhouette': 0.6318918215987696, 'num_points': 20}, {'avg_silhouette': -0.04012360149855161, 'num_points': 103}, {'avg_silhouette': 0.15383698440055438, 'num_points': 176}, {'avg_silhouette': 0.2366944593624591, 'num_points': 20}, {'avg_silhouette': 0.29347290210592775, 'num_points': 85}, {'avg_silhouette': 0.055039155208741794, 'num_points': 94}, {'avg_silhouette': 0.6646845929118936, 'num_points': 13}, {'avg_silhouette': -0.060892054913097245, 'num_points': 76}, {'avg_silhouette': 0.1125759965182483, 'num_points': 42}]",,33,0.22506670430508074,,5,0.21425519797905884
AGGLC,ward,,"[{'avg_silhouette': -0.16856881987110625, 'num_points': 171}, {'avg_silhouette': 0.2543699262870279, 'num_points': 425}, {'avg_silhouette': 0.017928738267228614, 'num_points': 88}, {'avg_silhouette': 0.2567716044158482, 'num_points': 66}, {'avg_silhouette': 0.06074044589336234, 'num_points': 241}, {'avg_silhouette': -0.10041534588902853, 'num_points': 141}, {'avg_silhouette': -0.09040651952295624, 'num_points': 94}, {'avg_silhouette': 0.017292331007146177, 'num_points': 158}, {'avg_silhouette': 0.03899409180139027, 'num_points': 171}, {'avg_silhouette': 0.2016977354506724, 'num_points': 272}, {'avg_silhouette': 0.174913831216193, 'num_points': 131}, {'avg_silhouette': 0.37732306882876143, 'num_points': 2201}, {'avg_silhouette': 0.3002768844521963, 'num_points': 402}, {'avg_silhouette': -0.08735741602430665, 'num_points': 129}, {'avg_silhouette': -0.03997234581741763, 'num_points': 87}, {'avg_silhouette': -0.11427141028245302, 'num_points': 121}, {'avg_silhouette': 0.013640390689139179, 'num_points': 157}, {'avg_silhouette': 0.23483930260022925, 'num_points': 20}, {'avg_silhouette': 0.10405213535468098, 'num_points': 309}, {'avg_silhouette': 0.32264702919360205, 'num_points': 81}, {'avg_silhouette': 0.5103332989427867, 'num_points': 18}, {'avg_silhouette': 0.6275464128261927, 'num_points': 20}, {'avg_silhouette': 0.4368075767117865, 'num_points': 146}, {'avg_silhouette': 0.1842777336051991, 'num_points': 146}, {'avg_silhouette': -0.022681078693181034, 'num_points': 133}, {'avg_silhouette': 0.2788002926431233, 'num_points': 557}, {'avg_silhouette': 0.4268853555281998, 'num_points': 14}, {'avg_silhouette': 0.518797597980117, 'num_points': 28}, {'avg_silhouette': 0.31611208076838127, 'num_points': 56}, {'avg_silhouette': 0.20505018076752432, 'num_points': 12}, {'avg_silhouette': 0.5091785007503435, 'num_points': 80}, {'avg_silhouette': 0.1326175746136094, 'num_points': 14}, {'avg_silhouette': -0.05823391006740305, 'num_points': 28}]",,33,0.22495625768295308,,4,0.3026925430527772
AGGLC,ward,,"[{'avg_silhouette': -0.14038712994715552, 'num_points': 135}, {'avg_silhouette': 0.07585970195812058, 'num_points': 159}, {'avg_silhouette': 0.018021061240693036, 'num_points': 88}, {'avg_silhouette': -0.1597109948829765, 'num_points': 171}, {'avg_silhouette': 0.2543699262870279, 'num_points': 425}, {'avg_silhouette': -0.05833065059476582, 'num_points': 141}, {'avg_silhouette': -0.06858664264986042, 'num_points': 94}, {'avg_silhouette': 0.25850821980682964, 'num_points': 66}, {'avg_silhouette': 0.03902455984080089, 'num_points': 171}, {'avg_silhouette': 0.2016977354506724, 'num_points': 272}, {'avg_silhouette': 0.060873059389964936, 'num_points': 241}, {'avg_silhouette': 0.37732306882876143, 'num_points': 2201}, {'avg_silhouette': 0.3002874664578046, 'num_points': 402}, {'avg_silhouette': -0.08735741602430665, 'num_points': 129}, {'avg_silhouette': -0.03997234581741763, 'num_points': 87}, {'avg_silhouette': 0.021831446982544665, 'num_points': 158}, {'avg_silhouette': 0.013640390689139179, 'num_points': 157}, {'avg_silhouette': 0.236573285117875, 'num_points': 20}, {'avg_silhouette': 0.10405213535468098, 'num_points': 309}, {'avg_silhouette': 0.32264702919360205, 'num_points': 81}, {'avg_silhouette': 0.5103332989427867, 'num_points': 18}, {'avg_silhouette': 0.6275464128261927, 'num_points': 20}, {'avg_silhouette': 0.4368075767117865, 'num_points': 146}, {'avg_silhouette': 0.1842777336051991, 'num_points': 146}, {'avg_silhouette': -0.021723380374547598, 'num_points': 133}, {'avg_silhouette': 0.2788002926431233, 'num_points': 557}, {'avg_silhouette': 0.4268853555281998, 'num_points': 14}, {'avg_silhouette': 0.518797597980117, 'num_points': 28}, {'avg_silhouette': 0.31764089616305863, 'num_points': 56}, {'avg_silhouette': 0.20505018076752432, 'num_points': 12}, {'avg_silhouette': 0.5100269140531086, 'num_points': 80}]",,31,0.22413640451404904,,4,0.3026951885541793
AGGLC,ward,,"[{'avg_silhouette': -0.01722888480105823, 'num_points': 360}, {'avg_silhouette': 0.13497079886634028, 'num_points': 101}, {'avg_silhouette': 0.03922727209496707, 'num_points': 317}, {'avg_silhouette': -0.07433237816148808, 'num_points': 376}, {'avg_silhouette': 0.01583923096105995, 'num_points': 300}, {'avg_silhouette': 0.502528633824271, 'num_points': 2201}, {'avg_silhouette': 0.06124606075594565, 'num_points': 88}, {'avg_silhouette': -0.09705424943395845, 'num_points': 216}, {'avg_silhouette': -0.008788135467322763, 'num_points': 726}, {'avg_silhouette': -0.13645055565605457, 'num_points': 265}, {'avg_silhouette': 0.4477680456166831, 'num_points': 146}, {'avg_silhouette': 0.0006379469637376506, 'num_points': 133}, {'avg_silhouette': 0.32528194423517987, 'num_points': 402}, {'avg_silhouette': 0.5239538779892303, 'num_points': 28}, {'avg_silhouette': 0.5169669257690878, 'num_points': 80}, {'avg_silhouette': 0.12458491095008015, 'num_points': 158}, {'avg_silhouette': 0.2702678625216431, 'num_points': 66}, {'avg_silhouette': 0.24434661765635327, 'num_points': 20}, {'avg_silhouette': 0.1380997174205746, 'num_points': 309}, {'avg_silhouette': 0.28918776849815253, 'num_points': 425}]",,20,0.22403698001593292,,6,0.1694414913546224
K-means,,,"[{'avg_silhouette': 0.463354378560987, 'num_points': 2166}, {'avg_silhouette': 0.003920037989166623, 'num_points': 150}, {'avg_silhouette': 0.020380449225641587, 'num_points': 99}, {'avg_silhouette': 0.3639984936813887, 'num_points': 407}, {'avg_silhouette': -0.028981164040650757, 'num_points': 394}, {'avg_silhouette': 0.08480929582927729, 'num_points': 247}, {'avg_silhouette': -0.011138061323105708, 'num_points': 170}, {'avg_silhouette': 0.3489094945045964, 'num_points': 57}, {'avg_silhouette': 0.36051640771952914, 'num_points': 157}, {'avg_silhouette': 0.6368487407732466, 'num_points': 20}, {'avg_silhouette': 0.041546147775896804, 'num_points': 251}, {'avg_silhouette': 0.3991680741208364, 'num_points': 93}, {'avg_silhouette': -0.014714238611630114, 'num_points': 117}, {'avg_silhouette': 0.13531804928185767, 'num_points': 178}, {'avg_silhouette': 0.08579721575422943, 'num_points': 188}, {'avg_silhouette': -0.003884867643340891, 'num_points': 56}, {'avg_silhouette': -0.04564663875088278, 'num_points': 274}, {'avg_silhouette': 0.0344487988513429, 'num_points': 299}, {'avg_silhouette': 0.13261554189658414, 'num_points': 958}, {'avg_silhouette': 0.1589855680452375, 'num_points': 97}, {'avg_silhouette': 0.06007697497967209, 'num_points': 339}]",,21,0.22297079953815938,,5,0.19821284501559627
AGGLC,ward,,"[{'avg_silhouette': -0.15569350718675276, 'num_points': 216}, {'avg_silhouette': 0.07585970195812058, 'num_points': 159}, {'avg_silhouette': -0.14009464967333274, 'num_points': 135}, {'avg_silhouette': -0.15716301482892214, 'num_points': 171}, {'avg_silhouette': 0.2543699262870279, 'num_points': 425}, {'avg_silhouette': -0.05833065059476582, 'num_points': 141}, {'avg_silhouette': 0.018021061240693036, 'num_points': 88}, {'avg_silhouette': 0.25853793791224855, 'num_points': 66}, {'avg_silhouette': 0.03902455984080089, 'num_points': 171}, {'avg_silhouette': 0.20179771034958988, 'num_points': 272}, {'avg_silhouette': 0.06416525916176406, 'num_points': 241}, {'avg_silhouette': 0.37732306882876143, 'num_points': 2201}, {'avg_silhouette': 0.3002874664578046, 'num_points': 402}, {'avg_silhouette': -0.06549669696528601, 'num_points': 94}, {'avg_silhouette': 0.5101300280358435, 'num_points': 80}, {'avg_silhouette': 0.026022020524815937, 'num_points': 158}, {'avg_silhouette': 0.014061230445819849, 'num_points': 157}, {'avg_silhouette': 0.236573285117875, 'num_points': 20}, {'avg_silhouette': 0.10405213535468098, 'num_points': 309}, {'avg_silhouette': 0.32316173672322274, 'num_points': 81}, {'avg_silhouette': 0.5103332989427867, 'num_points': 18}, {'avg_silhouette': 0.6275464128261927, 'num_points': 20}, {'avg_silhouette': 0.4368075767117865, 'num_points': 146}, {'avg_silhouette': 0.1842777336051991, 'num_points': 146}, {'avg_silhouette': -0.019680399497736145, 'num_points': 133}, {'avg_silhouette': 0.2788002926431233, 'num_points': 557}, {'avg_silhouette': 0.4268853555281998, 'num_points': 14}, {'avg_silhouette': 0.518797597980117, 'num_points': 28}, {'avg_silhouette': 0.31814677751840453, 'num_points': 56}, {'avg_silhouette': 0.20505018076752432, 'num_points': 12}]",,30,0.22172212595761753,,4,0.3026951885541793
AGGLC,ward,,"[{'avg_silhouette': -0.09131078094653222, 'num_points': 169}, {'avg_silhouette': -0.15050737251442659, 'num_points': 216}, {'avg_silhouette': -0.13981063712307137, 'num_points': 135}, {'avg_silhouette': 0.07586671123233829, 'num_points': 159}, {'avg_silhouette': 0.25455413397199855, 'num_points': 425}, {'avg_silhouette': -0.05774800571012765, 'num_points': 141}, {'avg_silhouette': 0.019462358531418904, 'num_points': 88}, {'avg_silhouette': -0.15657168019721057, 'num_points': 171}, {'avg_silhouette': 0.04143328843831963, 'num_points': 171}, {'avg_silhouette': 0.2020312191012634, 'num_points': 272}, {'avg_silhouette': 0.0642757357279183, 'num_points': 241}, {'avg_silhouette': 0.3775177498769519, 'num_points': 2201}, {'avg_silhouette': 0.3005424569388246, 'num_points': 402}, {'avg_silhouette': -0.06402017492117795, 'num_points': 94}, {'avg_silhouette': 0.5107608839727475, 'num_points': 80}, {'avg_silhouette': 0.027291217936316763, 'num_points': 158}, {'avg_silhouette': 0.2586112041786244, 'num_points': 66}, {'avg_silhouette': 0.236573285117875, 'num_points': 20}, {'avg_silhouette': 0.10643342869930321, 'num_points': 309}, {'avg_silhouette': 0.3240229220868913, 'num_points': 81}, {'avg_silhouette': 0.5107840471934898, 'num_points': 18}, {'avg_silhouette': 0.6275464128261927, 'num_points': 20}, {'avg_silhouette': 0.43742951812056785, 'num_points': 146}, {'avg_silhouette': 0.1842777336051991, 'num_points': 146}, {'avg_silhouette': -0.018936880206529377, 'num_points': 133}, {'avg_silhouette': 0.27941302974359344, 'num_points': 557}, {'avg_silhouette': 0.4268853555281998, 'num_points': 14}, {'avg_silhouette': 0.5188661792407373, 'num_points': 28}, {'avg_silhouette': 0.31946714380272123, 'num_points': 56}]",,29,0.2193842541089727,,4,0.30300684263284217
AGGLC,ward,,"[{'avg_silhouette': -0.1641699515655631, 'num_points': 265}, {'avg_silhouette': -0.09131078094653222, 'num_points': 169}, {'avg_silhouette': -0.13944903339431733, 'num_points': 135}, {'avg_silhouette': -0.15050737251442659, 'num_points': 216}, {'avg_silhouette': 0.25455413397199855, 'num_points': 425}, {'avg_silhouette': -0.05649577476206888, 'num_points': 141}, {'avg_silhouette': 0.019462358531418904, 'num_points': 88}, {'avg_silhouette': 0.07687866735129681, 'num_points': 159}, {'avg_silhouette': 0.04143328843831963, 'num_points': 171}, {'avg_silhouette': 0.2020312191012634, 'num_points': 272}, {'avg_silhouette': 0.0642757357279183, 'num_points': 241}, {'avg_silhouette': 0.3775177498769519, 'num_points': 2201}, {'avg_silhouette': 0.3005424569388246, 'num_points': 402}, {'avg_silhouette': 0.31946714380272123, 'num_points': 56}, {'avg_silhouette': 0.5109163571696242, 'num_points': 80}, {'avg_silhouette': 0.027291217936316763, 'num_points': 158}, {'avg_silhouette': 0.2586112041786244, 'num_points': 66}, {'avg_silhouette': 0.23703064836276125, 'num_points': 20}, {'avg_silhouette': 0.10643342869930321, 'num_points': 309}, {'avg_silhouette': 0.3240229220868913, 'num_points': 81}, {'avg_silhouette': 0.5107840471934898, 'num_points': 18}, {'avg_silhouette': 0.6275464128261927, 'num_points': 20}, {'avg_silhouette': 0.43742951812056785, 'num_points': 146}, {'avg_silhouette': 0.1842777336051991, 'num_points': 146}, {'avg_silhouette': -0.018936880206529377, 'num_points': 133}, {'avg_silhouette': 0.27941302974359344, 'num_points': 557}, {'avg_silhouette': 0.4268853555281998, 'num_points': 14}, {'avg_silhouette': 0.5189109815058291, 'num_points': 28}]",,28,0.21785019698011793,,4,0.30300684263284217
AGGLC,ward,,"[{'avg_silhouette': 0.09196947202532336, 'num_points': 328}, {'avg_silhouette': -0.16261100462652073, 'num_points': 265}, {'avg_silhouette': -0.13929120602081574, 'num_points': 135}, {'avg_silhouette': -0.12896137287622517, 'num_points': 216}, {'avg_silhouette': -0.09131078094653222, 'num_points': 169}, {'avg_silhouette': -0.05649577476206888, 'num_points': 141}, {'avg_silhouette': 0.019462358531418904, 'num_points': 88}, {'avg_silhouette': 0.07692801101499414, 'num_points': 159}, {'avg_silhouette': 0.04143328843831963, 'num_points': 171}, {'avg_silhouette': 0.25479906423276877, 'num_points': 425}, {'avg_silhouette': 0.06637329859514507, 'num_points': 241}, {'avg_silhouette': 0.3775177498769519, 'num_points': 2201}, {'avg_silhouette': 0.31475622175079826, 'num_points': 402}, {'avg_silhouette': 0.5217826657578473, 'num_points': 28}, {'avg_silhouette': 0.5133433185485629, 'num_points': 80}, {'avg_silhouette': 0.027327758619245645, 'num_points': 158}, {'avg_silhouette': 0.26134425958475377, 'num_points': 66}, {'avg_silhouette': 0.23703064836276125, 'num_points': 20}, {'avg_silhouette': 0.10692595857459547, 'num_points': 309}, {'avg_silhouette': 0.3366699064120625, 'num_points': 81}, {'avg_silhouette': 0.5130607368684763, 'num_points': 18}, {'avg_silhouette': 0.6299977686980793, 'num_points': 20}, {'avg_silhouette': 0.4416119371993168, 'num_points': 146}, {'avg_silhouette': 0.1842777336051991, 'num_points': 146}, {'avg_silhouette': -0.013507920644127444, 'num_points': 133}, {'avg_silhouette': 0.27973137408888316, 'num_points': 557}, {'avg_silhouette': 0.43090433277782186, 'num_points': 14}]",,27,0.2136871298783298,,4,0.3067011024873505
DBSCAN,,0.5266666666666657,"[{'avg_silhouette': 0.24160656985825132, 'num_points': 5817}, {'avg_silhouette': 0.7664531028865074, 'num_points': 11}, {'avg_silhouette': 0.6184866216229564, 'num_points': 69}, {'avg_silhouette': 0.466834761951133, 'num_points': 6}, {'avg_silhouette': 0.7212901733736272, 'num_points': 7}, {'avg_silhouette': 0.3824772667827449, 'num_points': 12}, {'avg_silhouette': 0.12632885913107747, 'num_points': 28}, {'avg_silhouette': 0.46355480564879165, 'num_points': 51}, {'avg_silhouette': 0.7985501856241036, 'num_points': 16}, {'avg_silhouette': 0.5200490274179993, 'num_points': 5}, {'avg_silhouette': 0.6449509263210174, 'num_points': 24}, {'avg_silhouette': 0.6270954160234634, 'num_points': 7}, {'avg_silhouette': 0.6654189682969874, 'num_points': 7}, {'avg_silhouette': 0.8364624155947344, 'num_points': 13}, {'avg_silhouette': 0.7640064950608836, 'num_points': 6}, {'avg_silhouette': 0.5703314187519094, 'num_points': 5}]",5.0,16,0.21104290313188062,,1,
AGGLC,ward,,"[{'avg_silhouette': 0.03614314526741448, 'num_points': 342}, {'avg_silhouette': -0.1618931895736943, 'num_points': 265}, {'avg_silhouette': -0.13921483249533212, 'num_points': 135}, {'avg_silhouette': -0.11578760699464673, 'num_points': 216}, {'avg_silhouette': -0.09131078094653222, 'num_points': 169}, {'avg_silhouette': -0.05649577476206888, 'num_points': 141}, {'avg_silhouette': 0.019462358531418904, 'num_points': 88}, {'avg_silhouette': 0.07697517087491669, 'num_points': 159}, {'avg_silhouette': 0.04143328843831963, 'num_points': 171}, {'avg_silhouette': 0.2548759566731321, 'num_points': 425}, {'avg_silhouette': 0.06762888519676052, 'num_points': 241}, {'avg_silhouette': 0.3775177498769519, 'num_points': 2201}, {'avg_silhouette': 0.31927268049342017, 'num_points': 402}, {'avg_silhouette': 0.5230029525614711, 'num_points': 28}, {'avg_silhouette': 0.513800921519724, 'num_points': 80}, {'avg_silhouette': 0.027327758619245645, 'num_points': 158}, {'avg_silhouette': 0.2616560378993255, 'num_points': 66}, {'avg_silhouette': 0.23703064836276125, 'num_points': 20}, {'avg_silhouette': 0.1070127455244274, 'num_points': 309}, {'avg_silhouette': 0.34025969111490034, 'num_points': 81}, {'avg_silhouette': 0.5131554766445744, 'num_points': 18}, {'avg_silhouette': 0.6301797040098729, 'num_points': 20}, {'avg_silhouette': 0.44206214803431837, 'num_points': 146}, {'avg_silhouette': 0.1842777336051991, 'num_points': 146}, {'avg_silhouette': -0.011424187905941947, 'num_points': 133}, {'avg_silhouette': 0.2797938858222205, 'num_points': 557}]",,26,0.21103099428106517,,5,0.25352068362662783
AGGLC,ward,,"[{'avg_silhouette': -0.061921183773746655, 'num_points': 1151}, {'avg_silhouette': -0.016271199756564995, 'num_points': 360}, {'avg_silhouette': 0.05934674650756004, 'num_points': 317}, {'avg_silhouette': 0.13696455651291445, 'num_points': 101}, {'avg_silhouette': 0.01584152931380091, 'num_points': 300}, {'avg_silhouette': 0.5269401300153114, 'num_points': 2201}, {'avg_silhouette': 0.06206832275553956, 'num_points': 88}, {'avg_silhouette': -0.09425136679199361, 'num_points': 216}, {'avg_silhouette': -0.07427183854637513, 'num_points': 376}, {'avg_silhouette': -0.135435134773028, 'num_points': 265}, {'avg_silhouette': 0.4485132071109255, 'num_points': 146}, {'avg_silhouette': 0.0016018237524630652, 'num_points': 133}, {'avg_silhouette': 0.3782792995305658, 'num_points': 402}, {'avg_silhouette': 0.5247618505157062, 'num_points': 28}, {'avg_silhouette': 0.517807307227705, 'num_points': 80}, {'avg_silhouette': 0.1249871548991254, 'num_points': 158}, {'avg_silhouette': 0.27091227960639513, 'num_points': 66}, {'avg_silhouette': 0.24498640127390775, 'num_points': 20}, {'avg_silhouette': 0.146228086000352, 'num_points': 309}]",,19,0.20886509716668306,,5,0.15055104149383808
DBSCAN,,0.5066666666666657,"[{'avg_silhouette': 0.24860823364605922, 'num_points': 5750}, {'avg_silhouette': 0.7661315097434502, 'num_points': 11}, {'avg_silhouette': 0.6271536934411371, 'num_points': 68}, {'avg_silhouette': 0.4618179838689702, 'num_points': 6}, {'avg_silhouette': 0.7177201151067711, 'num_points': 7}, {'avg_silhouette': 0.3800768878081484, 'num_points': 12}, {'avg_silhouette': 0.14668302955120285, 'num_points': 26}, {'avg_silhouette': 0.46084967950576466, 'num_points': 51}, {'avg_silhouette': 0.7979403497266282, 'num_points': 16}, {'avg_silhouette': 0.6025260702296517, 'num_points': 6}, {'avg_silhouette': 0.48921145943273975, 'num_points': 6}, {'avg_silhouette': 0.6440370779450474, 'num_points': 24}, {'avg_silhouette': 0.7323228767138057, 'num_points': 5}, {'avg_silhouette': 0.6643028288226303, 'num_points': 7}, {'avg_silhouette': 0.8360472396642038, 'num_points': 13}, {'avg_silhouette': 0.8027061643325566, 'num_points': 6}]",5.0,16,0.20559085723383297,,1,
K-means,,,"[{'avg_silhouette': 0.06186431690215806, 'num_points': 1071}, {'avg_silhouette': 0.1706015810551388, 'num_points': 566}, {'avg_silhouette': -0.040893228059976035, 'num_points': 102}, {'avg_silhouette': 0.5255449897011264, 'num_points': 80}, {'avg_silhouette': 0.016295677175822306, 'num_points': 100}, {'avg_silhouette': -0.02290512544363782, 'num_points': 346}, {'avg_silhouette': 0.054351648683053075, 'num_points': 275}, {'avg_silhouette': 0.3001826085189571, 'num_points': 86}, {'avg_silhouette': 0.2547702014697392, 'num_points': 70}, {'avg_silhouette': -0.08084883327955494, 'num_points': 109}, {'avg_silhouette': 0.48773178078100116, 'num_points': 2181}, {'avg_silhouette': -0.017510836488409048, 'num_points': 455}, {'avg_silhouette': 0.038625308807788535, 'num_points': 130}, {'avg_silhouette': 0.02552002255356988, 'num_points': 55}, {'avg_silhouette': -0.042674352666624935, 'num_points': 275}, {'avg_silhouette': 0.06107128302470639, 'num_points': 362}, {'avg_silhouette': 0.10719320861589232, 'num_points': 413}, {'avg_silhouette': 0.5285974011898152, 'num_points': 28}, {'avg_silhouette': 0.15783562054732728, 'num_points': 13}]",,19,0.20513236252796901,,7,0.12114945834955
K-means,,,"[{'avg_silhouette': -0.029456185480332388, 'num_points': 500}, {'avg_silhouette': 0.04610744699823334, 'num_points': 112}, {'avg_silhouette': 0.05398517851542938, 'num_points': 60}, {'avg_silhouette': 0.04800056957978733, 'num_points': 278}, {'avg_silhouette': -0.05063457298494454, 'num_points': 476}, {'avg_silhouette': 0.35951480047208445, 'num_points': 423}, {'avg_silhouette': -0.05597774110300784, 'num_points': 13}, {'avg_silhouette': 0.08237436634283085, 'num_points': 96}, {'avg_silhouette': 0.12873490723156553, 'num_points': 164}, {'avg_silhouette': 0.011654842868588063, 'num_points': 83}, {'avg_silhouette': 0.012200577140528954, 'num_points': 58}, {'avg_silhouette': 0.1114639278698874, 'num_points': 556}, {'avg_silhouette': 0.2500107029808707, 'num_points': 70}, {'avg_silhouette': 0.18717913610168707, 'num_points': 637}, {'avg_silhouette': 0.5342540155005691, 'num_points': 68}, {'avg_silhouette': -0.0644457710263605, 'num_points': 169}, {'avg_silhouette': -0.025516062470439964, 'num_points': 363}, {'avg_silhouette': -0.07845761793636528, 'num_points': 61}, {'avg_silhouette': 0.03669922459578842, 'num_points': 177}, {'avg_silhouette': 0.08816453672261973, 'num_points': 237}, {'avg_silhouette': 0.5403829088867451, 'num_points': 1717}, {'avg_silhouette': 0.058104926047368416, 'num_points': 267}, {'avg_silhouette': 0.27887632242462873, 'num_points': 86}, {'avg_silhouette': 0.08013328818717033, 'num_points': 46}]",,24,0.2044765328160212,,7,0.15613342177066958
DBSCAN,,0.5166666666666657,"[{'avg_silhouette': 0.2434296973934488, 'num_points': 5783}, {'avg_silhouette': 0.7661315097434502, 'num_points': 11}, {'avg_silhouette': 0.6271693361787175, 'num_points': 68}, {'avg_silhouette': 0.466834761951133, 'num_points': 6}, {'avg_silhouette': 0.7212901733736272, 'num_points': 7}, {'avg_silhouette': 0.3811456539959485, 'num_points': 12}, {'avg_silhouette': 0.12632885913107747, 'num_points': 28}, {'avg_silhouette': 0.4620712983651676, 'num_points': 51}, {'avg_silhouette': 0.7982145901634761, 'num_points': 16}, {'avg_silhouette': 0.6025260702296517, 'num_points': 6}, {'avg_silhouette': 0.48956533279469916, 'num_points': 6}, {'avg_silhouette': 0.644455475474575, 'num_points': 24}, {'avg_silhouette': 0.7326622205340478, 'num_points': 5}, {'avg_silhouette': 0.6648085751174116, 'num_points': 7}, {'avg_silhouette': 0.8362350911469165, 'num_points': 13}, {'avg_silhouette': 0.7640064950608836, 'num_points': 6}, {'avg_silhouette': 0.5703314187519094, 'num_points': 5}]",5.0,17,0.20423049757035522,,1,
AGGLC,ward,,"[{'avg_silhouette': -0.08978113546331701, 'num_points': 461}, {'avg_silhouette': -0.06185931013457184, 'num_points': 1151}, {'avg_silhouette': 0.05934674650756004, 'num_points': 317}, {'avg_silhouette': -0.07424470772201407, 'num_points': 376}, {'avg_silhouette': 0.01594485162318062, 'num_points': 300}, {'avg_silhouette': 0.5269401300153114, 'num_points': 2201}, {'avg_silhouette': 0.06206832275553956, 'num_points': 88}, {'avg_silhouette': -0.08764391728567743, 'num_points': 216}, {'avg_silhouette': 0.146228086000352, 'num_points': 309}, {'avg_silhouette': -0.1352870878494707, 'num_points': 265}, {'avg_silhouette': 0.4485132071109255, 'num_points': 146}, {'avg_silhouette': 0.001801805122678784, 'num_points': 133}, {'avg_silhouette': 0.38093927422758256, 'num_points': 402}, {'avg_silhouette': 0.5247618505157062, 'num_points': 28}, {'avg_silhouette': 0.517807307227705, 'num_points': 80}, {'avg_silhouette': 0.1249871548991254, 'num_points': 158}, {'avg_silhouette': 0.2720015856207173, 'num_points': 66}, {'avg_silhouette': 0.24498640127390775, 'num_points': 20}]",,18,0.20192476156640404,,5,0.1363988501845982
AGGLC,ward,,"[{'avg_silhouette': -0.0013279043542818135, 'num_points': 337}, {'avg_silhouette': -0.06175176812822044, 'num_points': 1151}, {'avg_silhouette': -0.089438757181924, 'num_points': 461}, {'avg_silhouette': -0.07418870060059243, 'num_points': 376}, {'avg_silhouette': 0.017214667904210945, 'num_points': 300}, {'avg_silhouette': 0.5269401300153114, 'num_points': 2201}, {'avg_silhouette': 0.08347580569106688, 'num_points': 88}, {'avg_silhouette': -0.08764391728567743, 'num_points': 216}, {'avg_silhouette': 0.146228086000352, 'num_points': 309}, {'avg_silhouette': -0.13186059973873077, 'num_points': 265}, {'avg_silhouette': 0.4485132071109255, 'num_points': 146}, {'avg_silhouette': 0.001801805122678784, 'num_points': 133}, {'avg_silhouette': 0.38093927422758256, 'num_points': 402}, {'avg_silhouette': 0.5247618505157062, 'num_points': 28}, {'avg_silhouette': 0.5178075419837296, 'num_points': 80}, {'avg_silhouette': 0.1249871548991254, 'num_points': 158}, {'avg_silhouette': 0.2733199384212637, 'num_points': 66}]",,17,0.1988582703167716,,6,0.11352871232964588
K-means,,,"[{'avg_silhouette': 0.018619697488400047, 'num_points': 274}, {'avg_silhouette': -0.0019220234921026624, 'num_points': 506}, {'avg_silhouette': 0.0010332299459017934, 'num_points': 36}, {'avg_silhouette': -0.06971683649005314, 'num_points': 255}, {'avg_silhouette': -0.07035335220672813, 'num_points': 68}, {'avg_silhouette': 0.4262813680639212, 'num_points': 93}, {'avg_silhouette': 0.19795794285369128, 'num_points': 503}, {'avg_silhouette': 0.0355865778219137, 'num_points': 126}, {'avg_silhouette': -0.011283936467697653, 'num_points': 118}, {'avg_silhouette': 0.1324953371442249, 'num_points': 186}, {'avg_silhouette': 0.3630154287846104, 'num_points': 419}, {'avg_silhouette': 0.15776349855546967, 'num_points': 249}, {'avg_silhouette': -0.13064152797770198, 'num_points': 510}, {'avg_silhouette': 0.018881256702484025, 'num_points': 341}, {'avg_silhouette': 0.0007694511932639804, 'num_points': 22}, {'avg_silhouette': 0.10366987985711186, 'num_points': 169}, {'avg_silhouette': 0.0680042550515774, 'num_points': 224}, {'avg_silhouette': 0.0023013855314949028, 'num_points': 122}, {'avg_silhouette': 0.4548348345977454, 'num_points': 2183}, {'avg_silhouette': 0.016876053803773362, 'num_points': 137}, {'avg_silhouette': -0.04813419524728481, 'num_points': 81}, {'avg_silhouette': 0.03512111496583538, 'num_points': 95}]",,22,0.1946584847410452,,6,0.15035431857812107
AGGLC,ward,,"[{'avg_silhouette': -0.03718674555472457, 'num_points': 534}, {'avg_silhouette': -0.14147905143852266, 'num_points': 677}, {'avg_silhouette': -0.0013247391678146286, 'num_points': 337}, {'avg_silhouette': -0.06174686338080306, 'num_points': 1151}, {'avg_silhouette': 0.05883765222462477, 'num_points': 300}, {'avg_silhouette': 0.5269401300153114, 'num_points': 2201}, {'avg_silhouette': 0.08347580569106688, 'num_points': 88}, {'avg_silhouette': 0.27375006579473804, 'num_points': 66}, {'avg_silhouette': 0.14626017790419032, 'num_points': 309}, {'avg_silhouette': -0.12274583029492182, 'num_points': 265}, {'avg_silhouette': 0.4485132071109255, 'num_points': 146}, {'avg_silhouette': 0.019312146456834472, 'num_points': 133}, {'avg_silhouette': 0.38112743874743354, 'num_points': 402}, {'avg_silhouette': 0.525455919126967, 'num_points': 28}, {'avg_silhouette': 0.5183285303181808, 'num_points': 80}]",,15,0.19440438476582791,,6,0.11105502820348001
AGGLC,ward,,"[{'avg_silhouette': -0.14499372291895574, 'num_points': 677}, {'avg_silhouette': -0.06174686338080306, 'num_points': 1151}, {'avg_silhouette': -0.0013279043542818135, 'num_points': 337}, {'avg_silhouette': -0.07400678794549138, 'num_points': 376}, {'avg_silhouette': 0.01724280633568066, 'num_points': 300}, {'avg_silhouette': 0.5269401300153114, 'num_points': 2201}, {'avg_silhouette': 0.08347580569106688, 'num_points': 88}, {'avg_silhouette': 0.27334036986228594, 'num_points': 66}, {'avg_silhouette': 0.146228086000352, 'num_points': 309}, {'avg_silhouette': -0.12951752977661876, 'num_points': 265}, {'avg_silhouette': 0.4485132071109255, 'num_points': 146}, {'avg_silhouette': 0.00686555384178731, 'num_points': 133}, {'avg_silhouette': 0.3809942777535251, 'num_points': 402}, {'avg_silhouette': 0.525455919126967, 'num_points': 28}, {'avg_silhouette': 0.5178075419837296, 'num_points': 80}, {'avg_silhouette': 0.13301519284250027, 'num_points': 158}]",,16,0.1936014301736694,,6,0.10430985486155075
K-means,,,"[{'avg_silhouette': 0.40098239862104207, 'num_points': 93}, {'avg_silhouette': 0.41577918156400434, 'num_points': 2192}, {'avg_silhouette': -0.013082367017311705, 'num_points': 875}, {'avg_silhouette': 0.0852160738831311, 'num_points': 420}, {'avg_silhouette': 0.04043617658265155, 'num_points': 352}, {'avg_silhouette': 0.19196086788273886, 'num_points': 685}, {'avg_silhouette': -0.11595992129308705, 'num_points': 278}, {'avg_silhouette': 0.04401843197850773, 'num_points': 118}, {'avg_silhouette': 0.014205341639470272, 'num_points': 321}, {'avg_silhouette': 0.36564942189367994, 'num_points': 158}, {'avg_silhouette': -0.06631999663335246, 'num_points': 426}, {'avg_silhouette': 0.5469021848179961, 'num_points': 17}, {'avg_silhouette': -0.02249148263955668, 'num_points': 283}, {'avg_silhouette': 0.3429041293841826, 'num_points': 57}, {'avg_silhouette': 0.31481901908413706, 'num_points': 442}]",,15,0.19166518514012784,,7,0.13840127933514265
AGGLC,ward,,"[{'avg_silhouette': -0.04376051997067778, 'num_points': 425}, {'avg_silhouette': -0.14147905143852266, 'num_points': 677}, {'avg_silhouette': -0.03706987421200359, 'num_points': 534}, {'avg_silhouette': -0.06165120925930867, 'num_points': 1151}, {'avg_silhouette': 0.06043929125326719, 'num_points': 300}, {'avg_silhouette': 0.5269401300153114, 'num_points': 2201}, {'avg_silhouette': 0.5183285303181808, 'num_points': 80}, {'avg_silhouette': 0.2746656143344967, 'num_points': 66}, {'avg_silhouette': 0.14626017790419032, 'num_points': 309}, {'avg_silhouette': -0.11957066672005433, 'num_points': 265}, {'avg_silhouette': 0.4485132071109255, 'num_points': 146}, {'avg_silhouette': 0.019312146456834472, 'num_points': 133}, {'avg_silhouette': 0.38112743874743354, 'num_points': 402}, {'avg_silhouette': 0.525455919126967, 'num_points': 28}]",,14,0.1908398751129489,,6,0.10401781898037203
DBSCAN,,0.32666666666666555,"[{'avg_silhouette': 0.5867163021442086, 'num_points': 47}, {'avg_silhouette': 0.4369241415499182, 'num_points': 3398}, {'avg_silhouette': 0.7181157207520187, 'num_points': 50}, {'avg_silhouette': 0.35821147680346316, 'num_points': 96}, {'avg_silhouette': 0.4132153701183112, 'num_points': 105}, {'avg_silhouette': 0.12340867222671781, 'num_points': 643}, {'avg_silhouette': 0.2656037271074669, 'num_points': 227}, {'avg_silhouette': 0.18628904833979407, 'num_points': 171}, {'avg_silhouette': 0.46509436522958963, 'num_points': 42}, {'avg_silhouette': 0.4321736689629773, 'num_points': 44}, {'avg_silhouette': 0.8042624954839666, 'num_points': 15}, {'avg_silhouette': 0.5276824080309489, 'num_points': 24}, {'avg_silhouette': 0.7920563019040929, 'num_points': 15}, {'avg_silhouette': 0.4093244368401899, 'num_points': 10}, {'avg_silhouette': 0.2726684436155615, 'num_points': 12}, {'avg_silhouette': 0.5210091883487231, 'num_points': 25}, {'avg_silhouette': 0.5404065027215514, 'num_points': 25}, {'avg_silhouette': 0.8864765015579729, 'num_points': 11}]",10.0,18,0.19043541497400504,,2,0.280166406888318
DBSCAN,,0.45666666666666567,"[{'avg_silhouette': 0.4883441975756764, 'num_points': 69}, {'avg_silhouette': 0.761353509335584, 'num_points': 11}, {'avg_silhouette': 0.23923592571598018, 'num_points': 5171}, {'avg_silhouette': 0.648662499458712, 'num_points': 64}, {'avg_silhouette': 0.4248843308139894, 'num_points': 6}, {'avg_silhouette': 0.5128159472310961, 'num_points': 144}, {'avg_silhouette': 0.6960343935832908, 'num_points': 7}, {'avg_silhouette': 0.23926939441796066, 'num_points': 107}, {'avg_silhouette': 0.25688181309311486, 'num_points': 7}, {'avg_silhouette': 0.4738527961378159, 'num_points': 48}, {'avg_silhouette': 0.7949850696111705, 'num_points': 16}, {'avg_silhouette': 0.21530195359045434, 'num_points': 55}, {'avg_silhouette': 0.3535331873878144, 'num_points': 25}, {'avg_silhouette': 0.6394707223445556, 'num_points': 24}, {'avg_silhouette': 0.4469764000576253, 'num_points': 8}, {'avg_silhouette': 0.4681906051150567, 'num_points': 30}, {'avg_silhouette': 0.7286172347391418, 'num_points': 5}, {'avg_silhouette': 0.6579081816910186, 'num_points': 7}, {'avg_silhouette': 0.8340941673139404, 'num_points': 13}, {'avg_silhouette': 0.3099617951597525, 'num_points': 17}, {'avg_silhouette': 0.4559624886207148, 'num_points': 5}, {'avg_silhouette': 0.7699461564119181, 'num_points': 6}]",5.0,22,0.18960677515011423,,1,
K-means,,,"[{'avg_silhouette': 0.011029544669546743, 'num_points': 179}, {'avg_silhouette': 0.11208369212508337, 'num_points': 998}, {'avg_silhouette': 0.05656200629328542, 'num_points': 581}, {'avg_silhouette': 0.4594545544771802, 'num_points': 2194}, {'avg_silhouette': 0.03886358431449813, 'num_points': 118}, {'avg_silhouette': 0.30936640537205434, 'num_points': 429}, {'avg_silhouette': 0.2927735323057087, 'num_points': 70}, {'avg_silhouette': 0.028194833681103537, 'num_points': 320}, {'avg_silhouette': -0.06449971052625075, 'num_points': 447}, {'avg_silhouette': 0.3571121585049203, 'num_points': 159}, {'avg_silhouette': -0.062303076044061184, 'num_points': 273}, {'avg_silhouette': 0.053092156192493356, 'num_points': 310}, {'avg_silhouette': -0.12424155398206517, 'num_points': 639}]",,13,0.18900836006717908,,6,0.12478756562654791
DBSCAN,,0.4666666666666657,"[{'avg_silhouette': 0.48772924169563586, 'num_points': 69}, {'avg_silhouette': 0.24151459029545938, 'num_points': 5154}, {'avg_silhouette': 0.6378277653704626, 'num_points': 66}, {'avg_silhouette': 0.5121720962145198, 'num_points': 144}, {'avg_silhouette': 0.40480958536952266, 'num_points': 102}, {'avg_silhouette': 0.46484972622112714, 'num_points': 49}, {'avg_silhouette': 0.794852021956957, 'num_points': 16}, {'avg_silhouette': 0.22465596070331773, 'num_points': 53}, {'avg_silhouette': 0.4847186865996421, 'num_points': 29}, {'avg_silhouette': 0.323224918856829, 'num_points': 28}, {'avg_silhouette': 0.6684631680866466, 'num_points': 22}, {'avg_silhouette': 0.8340053935937413, 'num_points': 13}, {'avg_silhouette': 0.5843006896943236, 'num_points': 17}, {'avg_silhouette': 0.761353509335584, 'num_points': 11}]",10.0,14,0.1878964733022259,,1,
AGGLC,ward,,"[{'avg_silhouette': 0.03115695691793949, 'num_points': 337}, {'avg_silhouette': -0.04216152401545389, 'num_points': 425}, {'avg_silhouette': -0.001964353307231058, 'num_points': 534}, {'avg_silhouette': -0.1410466721063937, 'num_points': 677}, {'avg_silhouette': 0.061516017936348685, 'num_points': 300}, {'avg_silhouette': 0.5269401300153114, 'num_points': 2201}, {'avg_silhouette': 0.5184817390883472, 'num_points': 80}, {'avg_silhouette': 0.2768937998231045, 'num_points': 66}, {'avg_silhouette': -0.06149025465127094, 'num_points': 1151}, {'avg_silhouette': -0.1079711032963559, 'num_points': 265}, {'avg_silhouette': 0.4487816368686648, 'num_points': 146}, {'avg_silhouette': 0.03598591847023025, 'num_points': 133}, {'avg_silhouette': 0.3812393697433868, 'num_points': 402}]",,13,0.18731965071486462,,7,0.09895337894232685
DBSCAN,,0.34666666666666557,"[{'avg_silhouette': 0.5595142046162401, 'num_points': 57}, {'avg_silhouette': 0.33205372638860614, 'num_points': 4537}, {'avg_silhouette': 0.7122128526143647, 'num_points': 53}, {'avg_silhouette': 0.5399708543458904, 'num_points': 133}, {'avg_silhouette': 0.2127871748469738, 'num_points': 10}, {'avg_silhouette': 0.28199726779113343, 'num_points': 194}, {'avg_silhouette': 0.4807492763300466, 'num_points': 44}, {'avg_silhouette': 0.7909039290242612, 'num_points': 16}, {'avg_silhouette': 0.1466098908853844, 'num_points': 25}, {'avg_silhouette': 0.5584848367931525, 'num_points': 24}, {'avg_silhouette': 0.814161756598362, 'num_points': 15}, {'avg_silhouette': 0.8600878425263981, 'num_points': 12}]",10.0,12,0.18673001639329387,,1,
DBSCAN,,0.4766666666666657,"[{'avg_silhouette': 0.4767459161771703, 'num_points': 71}, {'avg_silhouette': 0.22363321424386898, 'num_points': 5297}, {'avg_silhouette': 0.637860223362834, 'num_points': 66}, {'avg_silhouette': 0.5180738718113302, 'num_points': 144}, {'avg_silhouette': 0.47064749986256926, 'num_points': 49}, {'avg_silhouette': 0.7961794321916122, 'num_points': 16}, {'avg_silhouette': 0.2104523010059323, 'num_points': 58}, {'avg_silhouette': 0.4585008961415542, 'num_points': 31}, {'avg_silhouette': 0.3241730829213426, 'num_points': 28}, {'avg_silhouette': 0.67032782897505, 'num_points': 22}, {'avg_silhouette': 0.8348040848655018, 'num_points': 13}, {'avg_silhouette': 0.5843006896943236, 'num_points': 17}, {'avg_silhouette': 0.761353509335584, 'num_points': 11}]",10.0,13,0.18672344524678317,,1,
DBSCAN,,0.4966666666666657,"[{'avg_silhouette': 0.47870720868704547, 'num_points': 71}, {'avg_silhouette': 0.761353509335584, 'num_points': 11}, {'avg_silhouette': 0.2189242956387351, 'num_points': 5349}, {'avg_silhouette': 0.6270103320948366, 'num_points': 68}, {'avg_silhouette': 0.5201181552159038, 'num_points': 144}, {'avg_silhouette': 0.4627620442378357, 'num_points': 50}, {'avg_silhouette': 0.7966382447677576, 'num_points': 16}, {'avg_silhouette': 0.18627160233129525, 'num_points': 64}, {'avg_silhouette': 0.3289630100737018, 'num_points': 27}, {'avg_silhouette': 0.44734448591737597, 'num_points': 32}, {'avg_silhouette': 0.6709651365391704, 'num_points': 22}, {'avg_silhouette': 0.8351052462850276, 'num_points': 13}, {'avg_silhouette': 0.5843006896943236, 'num_points': 17}]",10.0,13,0.18653913331138716,,1,
DBSCAN,,0.4866666666666657,"[{'avg_silhouette': 0.47759879408539807, 'num_points': 71}, {'avg_silhouette': 0.761353509335584, 'num_points': 11}, {'avg_silhouette': 0.21971336870960387, 'num_points': 5321}, {'avg_silhouette': 0.631864260617982, 'num_points': 67}, {'avg_silhouette': 0.5189702903716759, 'num_points': 144}, {'avg_silhouette': 0.4715238565828988, 'num_points': 49}, {'avg_silhouette': 0.7963786638555589, 'num_points': 16}, {'avg_silhouette': 0.20264767969022388, 'num_points': 61}, {'avg_silhouette': 0.32826833743046263, 'num_points': 28}, {'avg_silhouette': 0.4597564066325254, 'num_points': 31}, {'avg_silhouette': 0.6705980571163537, 'num_points': 22}, {'avg_silhouette': 0.8349328799969261, 'num_points': 13}, {'avg_silhouette': 0.5843006896943236, 'num_points': 17}]",10.0,13,0.18514722277916698,,1,
DBSCAN,,0.31666666666666554,"[{'avg_silhouette': 0.5828123564301488, 'num_points': 47}, {'avg_silhouette': 0.43614947316512914, 'num_points': 3390}, {'avg_silhouette': 0.7238035407952716, 'num_points': 49}, {'avg_silhouette': 0.41939012496140476, 'num_points': 104}, {'avg_silhouette': 0.1327047292156537, 'num_points': 593}, {'avg_silhouette': 0.383566776923206, 'num_points': 87}, {'avg_silhouette': 0.2657809338891329, 'num_points': 225}, {'avg_silhouette': 0.1540860421960763, 'num_points': 159}, {'avg_silhouette': 0.4675603065832162, 'num_points': 40}, {'avg_silhouette': 0.4455965418701069, 'num_points': 43}, {'avg_silhouette': 0.8035596331296974, 'num_points': 15}, {'avg_silhouette': 0.3785505538909336, 'num_points': 35}, {'avg_silhouette': 0.5271756316736186, 'num_points': 24}, {'avg_silhouette': 0.791733319183611, 'num_points': 15}, {'avg_silhouette': 0.4082327474350028, 'num_points': 10}, {'avg_silhouette': 0.34366103516322155, 'num_points': 10}, {'avg_silhouette': 0.5195276533767186, 'num_points': 25}, {'avg_silhouette': 0.528135813412608, 'num_points': 25}, {'avg_silhouette': 0.8864765015579729, 'num_points': 11}]",10.0,19,0.18501808017544716,,2,0.28442710119039144
DBSCAN,,0.30666666666666553,"[{'avg_silhouette': 0.5819011982361538, 'num_points': 47}, {'avg_silhouette': 0.4329208392984016, 'num_points': 3377}, {'avg_silhouette': 0.7304792744031537, 'num_points': 48}, {'avg_silhouette': 0.42509786643309383, 'num_points': 103}, {'avg_silhouette': 0.13459267898980584, 'num_points': 588}, {'avg_silhouette': 0.22474113807628723, 'num_points': 62}, {'avg_silhouette': 0.27176231336177736, 'num_points': 221}, {'avg_silhouette': 0.17313374762439268, 'num_points': 149}, {'avg_silhouette': 0.47500607667957184, 'num_points': 39}, {'avg_silhouette': 0.4527730635450619, 'num_points': 42}, {'avg_silhouette': 0.8033616224490313, 'num_points': 15}, {'avg_silhouette': 0.39178613911630134, 'num_points': 33}, {'avg_silhouette': 0.5264287755161896, 'num_points': 24}, {'avg_silhouette': 0.7916549140369072, 'num_points': 15}, {'avg_silhouette': 0.3133670296864132, 'num_points': 9}, {'avg_silhouette': 0.5174136694703152, 'num_points': 25}, {'avg_silhouette': 0.5449259292767455, 'num_points': 24}, {'avg_silhouette': 0.8865686793057427, 'num_points': 11}]",10.0,18,0.18468129778229347,,2,0.2837567591441037
DBSCAN,,0.4766666666666657,"[{'avg_silhouette': 0.47811358509818486, 'num_points': 71}, {'avg_silhouette': 0.761353509335584, 'num_points': 11}, {'avg_silhouette': 0.21886951875102598, 'num_points': 5330}, {'avg_silhouette': 0.6378688477409673, 'num_points': 66}, {'avg_silhouette': 0.4373240425412246, 'num_points': 6}, {'avg_silhouette': 0.5194852285999431, 'num_points': 144}, {'avg_silhouette': 0.6960343935832908, 'num_points': 7}, {'avg_silhouette': 0.3702692590716687, 'num_points': 12}, {'avg_silhouette': 0.24101354847584303, 'num_points': 8}, {'avg_silhouette': 0.47205310409136964, 'num_points': 49}, {'avg_silhouette': 0.20610288795764892, 'num_points': 92}, {'avg_silhouette': 0.7964932644624962, 'num_points': 16}, {'avg_silhouette': 0.6416394423582971, 'num_points': 24}, {'avg_silhouette': 0.4463543998691064, 'num_points': 32}, {'avg_silhouette': 0.7305150677298601, 'num_points': 5}, {'avg_silhouette': 0.6608646971169322, 'num_points': 7}, {'avg_silhouette': 0.8350120283876296, 'num_points': 13}, {'avg_silhouette': 0.6394631091052841, 'num_points': 6}, {'avg_silhouette': 0.3100684944689874, 'num_points': 17}, {'avg_silhouette': 0.7699461564119181, 'num_points': 6}]",5.0,20,0.1833479708242101,,1,
DBSCAN,,0.42666666666666564,"[{'avg_silhouette': 0.5020137980458234, 'num_points': 67}, {'avg_silhouette': 0.8563029669062263, 'num_points': 9}, {'avg_silhouette': 0.24491565956590344, 'num_points': 5084}, {'avg_silhouette': 0.6569221744131812, 'num_points': 62}, {'avg_silhouette': 0.5283683962677076, 'num_points': 140}, {'avg_silhouette': 0.5402754965043319, 'num_points': 5}, {'avg_silhouette': 0.6960343935832908, 'num_points': 7}, {'avg_silhouette': 0.41949234306748145, 'num_points': 83}, {'avg_silhouette': 0.4791767254776952, 'num_points': 47}, {'avg_silhouette': 0.7943681484272952, 'num_points': 16}, {'avg_silhouette': 0.3218042619879042, 'num_points': 36}, {'avg_silhouette': 0.6887680432873425, 'num_points': 21}, {'avg_silhouette': 0.46399267911795644, 'num_points': 30}, {'avg_silhouette': 0.37936110056812655, 'num_points': 22}, {'avg_silhouette': 0.7278586105469225, 'num_points': 5}, {'avg_silhouette': 0.7143354739524793, 'num_points': 6}, {'avg_silhouette': 0.8336740139040031, 'num_points': 13}, {'avg_silhouette': 0.5796069659366616, 'num_points': 5}, {'avg_silhouette': 0.3189037764983756, 'num_points': 17}, {'avg_silhouette': 0.769391446510336, 'num_points': 6}]",5.0,20,0.18278337612441983,,1,
DBSCAN,,0.44666666666666566,"[{'avg_silhouette': 0.496582604339842, 'num_points': 68}, {'avg_silhouette': 0.8563029669062263, 'num_points': 9}, {'avg_silhouette': 0.2353410212820672, 'num_points': 5134}, {'avg_silhouette': 0.6490607855079461, 'num_points': 63}, {'avg_silhouette': 0.47006889198993185, 'num_points': 6}, {'avg_silhouette': 0.5257952435220987, 'num_points': 141}, {'avg_silhouette': 0.6960343935832908, 'num_points': 7}, {'avg_silhouette': 0.24697914215583808, 'num_points': 101}, {'avg_silhouette': 0.4725604374433872, 'num_points': 48}, {'avg_silhouette': 0.7946974637496151, 'num_points': 16}, {'avg_silhouette': 0.17415017117504805, 'num_points': 43}, {'avg_silhouette': 0.3254509581629032, 'num_points': 25}, {'avg_silhouette': 0.6390310783698404, 'num_points': 24}, {'avg_silhouette': 0.5322288290007811, 'num_points': 5}, {'avg_silhouette': 0.4662641168855146, 'num_points': 30}, {'avg_silhouette': 0.7282638301978077, 'num_points': 5}, {'avg_silhouette': 0.657365592375441, 'num_points': 7}, {'avg_silhouette': 0.8338938007283011, 'num_points': 13}, {'avg_silhouette': 0.2961400432367118, 'num_points': 8}, {'avg_silhouette': 0.5770385257584347, 'num_points': 5}, {'avg_silhouette': 0.3189037764983756, 'num_points': 17}, {'avg_silhouette': 0.4545162612843109, 'num_points': 5}, {'avg_silhouette': 0.769615460784795, 'num_points': 6}]",5.0,23,0.17995727505724488,,1,
DBSCAN,,0.4666666666666657,"[{'avg_silhouette': 0.4936561972082981, 'num_points': 69}, {'avg_silhouette': 0.761353509335584, 'num_points': 11}, {'avg_silhouette': 0.21625724638091484, 'num_points': 5301}, {'avg_silhouette': 0.6378624538483927, 'num_points': 66}, {'avg_silhouette': 0.4248843308139894, 'num_points': 6}, {'avg_silhouette': 0.5183523836163246, 'num_points': 144}, {'avg_silhouette': 0.6960343935832908, 'num_points': 7}, {'avg_silhouette': 0.38800811295043675, 'num_points': 11}, {'avg_silhouette': 0.25688181309311486, 'num_points': 7}, {'avg_silhouette': 0.4709526711008734, 'num_points': 49}, {'avg_silhouette': 0.20809689546756477, 'num_points': 87}, {'avg_silhouette': 0.7962470094640612, 'num_points': 16}, {'avg_silhouette': 0.6412850910038769, 'num_points': 24}, {'avg_silhouette': 0.476773685822487, 'num_points': 30}, {'avg_silhouette': 0.730207442941728, 'num_points': 5}, {'avg_silhouette': 0.6604010036848089, 'num_points': 7}, {'avg_silhouette': 0.8348467438282847, 'num_points': 13}, {'avg_silhouette': 0.6396657607474593, 'num_points': 6}, {'avg_silhouette': 0.3099617951597525, 'num_points': 17}, {'avg_silhouette': 0.7699461564119181, 'num_points': 6}]",5.0,20,0.17854985697899298,,1,
DBSCAN,,0.34666666666666557,"[{'avg_silhouette': 0.5613807688855431, 'num_points': 57}, {'avg_silhouette': 0.8560320362312375, 'num_points': 9}, {'avg_silhouette': 0.30365313490541807, 'num_points': 4597}, {'avg_silhouette': 0.6879761789641974, 'num_points': 56}, {'avg_silhouette': 0.5387288505744106, 'num_points': 134}, {'avg_silhouette': 0.6988597092273675, 'num_points': 7}, {'avg_silhouette': 0.39126669672673253, 'num_points': 50}, {'avg_silhouette': 0.15367849139861683, 'num_points': 209}, {'avg_silhouette': 0.46587579569550436, 'num_points': 47}, {'avg_silhouette': 0.7913556238903863, 'num_points': 16}, {'avg_silhouette': 0.5973890418960321, 'num_points': 5}, {'avg_silhouette': 0.5613142090327911, 'num_points': 24}, {'avg_silhouette': 0.49698284514461916, 'num_points': 11}, {'avg_silhouette': 0.6036224173320944, 'num_points': 15}, {'avg_silhouette': 0.43929901195531457, 'num_points': 9}, {'avg_silhouette': 0.8316534866062999, 'num_points': 13}, {'avg_silhouette': 0.5058703530635222, 'num_points': 6}, {'avg_silhouette': 0.5737998071193278, 'num_points': 5}, {'avg_silhouette': 0.4414036815987211, 'num_points': 11}, {'avg_silhouette': 0.7171533498110652, 'num_points': 5}, {'avg_silhouette': 0.7684667790384716, 'num_points': 6}]",5.0,21,0.17718404033336846,,1,
DBSCAN,,0.43666666666666565,"[{'avg_silhouette': 0.49576186639994013, 'num_points': 68}, {'avg_silhouette': 0.8563029669062263, 'num_points': 9}, {'avg_silhouette': 0.2381648177915761, 'num_points': 5107}, {'avg_silhouette': 0.6490607855079461, 'num_points': 63}, {'avg_silhouette': 0.5249397413989708, 'num_points': 141}, {'avg_silhouette': 0.47006889198993185, 'num_points': 6}, {'avg_silhouette': 0.6960343935832908, 'num_points': 7}, {'avg_silhouette': 0.17952281660765707, 'num_points': 92}, {'avg_silhouette': 0.3661403635063807, 'num_points': 5}, {'avg_silhouette': 0.4717070918194353, 'num_points': 48}, {'avg_silhouette': 0.7945106806635698, 'num_points': 16}, {'avg_silhouette': 0.18165689006200547, 'num_points': 39}, {'avg_silhouette': 0.6515020716756466, 'num_points': 23}, {'avg_silhouette': 0.4650231122752009, 'num_points': 30}, {'avg_silhouette': 0.32117661368689504, 'num_points': 23}, {'avg_silhouette': 0.7280317648996434, 'num_points': 5}, {'avg_silhouette': 0.6570282218609405, 'num_points': 7}, {'avg_silhouette': 0.8337727496780948, 'num_points': 13}, {'avg_silhouette': 0.30336480661754534, 'num_points': 5}, {'avg_silhouette': 0.5666883592737969, 'num_points': 5}, {'avg_silhouette': 0.3189037764983756, 'num_points': 17}, {'avg_silhouette': 0.769615460784795, 'num_points': 6}]",5.0,22,0.17666644133920908,,1,
DBSCAN,,0.45666666666666567,"[{'avg_silhouette': 0.4869643664284554, 'num_points': 69}, {'avg_silhouette': 0.23146301640066266, 'num_points': 5133}, {'avg_silhouette': 0.648662499458712, 'num_points': 64}, {'avg_silhouette': 0.5114013547952071, 'num_points': 144}, {'avg_silhouette': 0.4000823503406795, 'num_points': 100}, {'avg_silhouette': 0.47246066637832734, 'num_points': 48}, {'avg_silhouette': 0.7946827369039546, 'num_points': 16}, {'avg_silhouette': 0.27467882299797136, 'num_points': 42}, {'avg_silhouette': 0.5400166368670684, 'num_points': 26}, {'avg_silhouette': 0.3682581010009633, 'num_points': 23}, {'avg_silhouette': 0.7874409563160556, 'num_points': 16}, {'avg_silhouette': 0.8338946472414078, 'num_points': 13}, {'avg_silhouette': 0.5843006896943236, 'num_points': 17}, {'avg_silhouette': 0.761353509335584, 'num_points': 11}]",10.0,14,0.17556721999512867,,1,
DBSCAN,,0.2966666666666655,"[{'avg_silhouette': 0.5621645553486978, 'num_points': 47}, {'avg_silhouette': 0.4052596437766607, 'num_points': 3209}, {'avg_silhouette': 0.7324638698843751, 'num_points': 47}, {'avg_silhouette': 0.4384986436411197, 'num_points': 100}, {'avg_silhouette': 0.16731946937011094, 'num_points': 107}, {'avg_silhouette': 0.4396316305502392, 'num_points': 335}, {'avg_silhouette': 0.22869516636059548, 'num_points': 245}, {'avg_silhouette': 0.4111998810896527, 'num_points': 58}, {'avg_silhouette': 0.2728150309484953, 'num_points': 218}, {'avg_silhouette': 0.17037346784619434, 'num_points': 104}, {'avg_silhouette': 0.5255772151475714, 'num_points': 21}, {'avg_silhouette': 0.3728994123231971, 'num_points': 20}, {'avg_silhouette': 0.4879238358275649, 'num_points': 17}, {'avg_silhouette': 0.44969183617739394, 'num_points': 42}, {'avg_silhouette': 0.814074345244235, 'num_points': 14}, {'avg_silhouette': 0.3477289762193026, 'num_points': 29}, {'avg_silhouette': 0.4353535634284396, 'num_points': 16}, {'avg_silhouette': 0.5454365428347743, 'num_points': 23}, {'avg_silhouette': 0.29672048168597315, 'num_points': 35}, {'avg_silhouette': 0.7916549140369072, 'num_points': 15}, {'avg_silhouette': 0.5131427370178262, 'num_points': 25}, {'avg_silhouette': 0.5856012821372757, 'num_points': 20}, {'avg_silhouette': 0.8868226268930112, 'num_points': 11}]",10.0,23,0.17431205360789065,,1,
DBSCAN,,0.33666666666666556,"[{'avg_silhouette': 0.5442687744789706, 'num_points': 57}, {'avg_silhouette': 0.8556032143507555, 'num_points': 9}, {'avg_silhouette': 0.3197009999850822, 'num_points': 4376}, {'avg_silhouette': 0.7071710856708406, 'num_points': 52}, {'avg_silhouette': 0.207193270655531, 'num_points': 119}, {'avg_silhouette': 0.5296963919239529, 'num_points': 131}, {'avg_silhouette': 0.6958639384934767, 'num_points': 7}, {'avg_silhouette': 0.09089591398901538, 'num_points': 36}, {'avg_silhouette': 0.420111501608501, 'num_points': 11}, {'avg_silhouette': 0.16306538182653732, 'num_points': 195}, {'avg_silhouette': 0.48304178582461366, 'num_points': 43}, {'avg_silhouette': 0.8088823076106694, 'num_points': 15}, {'avg_silhouette': 0.553416264701665, 'num_points': 24}, {'avg_silhouette': 0.48979922027580647, 'num_points': 11}, {'avg_silhouette': 0.5427342463934525, 'num_points': 6}, {'avg_silhouette': 0.6036224173320944, 'num_points': 15}, {'avg_silhouette': 0.4177080947486413, 'num_points': 10}, {'avg_silhouette': 0.3024364768384126, 'num_points': 55}, {'avg_silhouette': 0.5973890418960321, 'num_points': 5}, {'avg_silhouette': 0.8235744364080628, 'num_points': 13}, {'avg_silhouette': 0.5435921664725444, 'num_points': 5}, {'avg_silhouette': 0.4495433406674375, 'num_points': 10}, {'avg_silhouette': 0.6354746420340229, 'num_points': 5}, {'avg_silhouette': 0.6676790918014268, 'num_points': 5}, {'avg_silhouette': 0.7683277290318439, 'num_points': 6}]",5.0,25,0.1736596019227691,,1,
DBSCAN,,0.44666666666666566,"[{'avg_silhouette': 0.4953176002459846, 'num_points': 68}, {'avg_silhouette': 0.23679089912526136, 'num_points': 5096}, {'avg_silhouette': 0.6813476919128164, 'num_points': 61}, {'avg_silhouette': 0.5287873129148261, 'num_points': 140}, {'avg_silhouette': 0.4107774315926839, 'num_points': 93}, {'avg_silhouette': 0.4712344855461447, 'num_points': 48}, {'avg_silhouette': 0.7944107061048838, 'num_points': 16}, {'avg_silhouette': 0.297761743261894, 'num_points': 39}, {'avg_silhouette': 0.5383623008709374, 'num_points': 26}, {'avg_silhouette': 0.3722245878880565, 'num_points': 23}, {'avg_silhouette': 0.787190262053823, 'num_points': 16}, {'avg_silhouette': 0.8337161328032864, 'num_points': 13}, {'avg_silhouette': 0.6275424370623567, 'num_points': 17}]",10.0,13,0.17352768746113212,,1,
DBSCAN,,0.33666666666666556,"[{'avg_silhouette': 0.5422772589024367, 'num_points': 57}, {'avg_silhouette': 0.3287406343065222, 'num_points': 4348}, {'avg_silhouette': 0.7147750626650472, 'num_points': 52}, {'avg_silhouette': 0.3633751785459446, 'num_points': 101}, {'avg_silhouette': 0.5278888340466101, 'num_points': 130}, {'avg_silhouette': 0.28547332008177684, 'num_points': 177}, {'avg_silhouette': 0.4814976706333631, 'num_points': 43}, {'avg_silhouette': 0.8086865100424275, 'num_points': 15}, {'avg_silhouette': 0.5520719059345107, 'num_points': 24}, {'avg_silhouette': 0.8134047711608279, 'num_points': 15}, {'avg_silhouette': 0.3824981973901033, 'num_points': 11}, {'avg_silhouette': 0.21131867595530635, 'num_points': 15}, {'avg_silhouette': 0.490502247484748, 'num_points': 32}, {'avg_silhouette': 0.8522798074798513, 'num_points': 12}]",10.0,14,0.17333942210031203,,1,
DBSCAN,,0.2966666666666655,"[{'avg_silhouette': 0.35667655152224037, 'num_points': 47}, {'avg_silhouette': 0.39719776487499525, 'num_points': 3212}, {'avg_silhouette': 0.7325708170770908, 'num_points': 47}, {'avg_silhouette': 0.17385886751884622, 'num_points': 61}, {'avg_silhouette': 0.4384986436411197, 'num_points': 100}, {'avg_silhouette': 0.6906496988988386, 'num_points': 7}, {'avg_silhouette': 0.11126126319150105, 'num_points': 113}, {'avg_silhouette': 0.4885417084315634, 'num_points': 335}, {'avg_silhouette': 0.21917289744887183, 'num_points': 248}, {'avg_silhouette': 0.41739097929984875, 'num_points': 10}, {'avg_silhouette': 0.3855440159164016, 'num_points': 20}, {'avg_silhouette': 0.27405056170204006, 'num_points': 218}, {'avg_silhouette': 0.16792734597079162, 'num_points': 108}, {'avg_silhouette': 0.4386206520962155, 'num_points': 40}, {'avg_silhouette': 0.3825921893445983, 'num_points': 6}, {'avg_silhouette': 0.38269158355527105, 'num_points': 8}, {'avg_silhouette': 0.4411741855103457, 'num_points': 43}, {'avg_silhouette': 0.8000854633799993, 'num_points': 15}, {'avg_silhouette': 0.38048696548555444, 'num_points': 17}, {'avg_silhouette': 0.3020256687558891, 'num_points': 34}, {'avg_silhouette': 0.572949953108711, 'num_points': 9}, {'avg_silhouette': 0.2472640821022682, 'num_points': 15}, {'avg_silhouette': 0.5456740314817544, 'num_points': 23}, {'avg_silhouette': 0.2486682912474983, 'num_points': 41}, {'avg_silhouette': 0.28378252101978185, 'num_points': 11}, {'avg_silhouette': 0.2969060985677751, 'num_points': 11}, {'avg_silhouette': 0.6277311351977514, 'num_points': 5}, {'avg_silhouette': 0.6036224173320944, 'num_points': 15}, {'avg_silhouette': 0.48472307624280236, 'num_points': 8}, {'avg_silhouette': 0.19876760602825766, 'num_points': 13}, {'avg_silhouette': 0.5973890418960321, 'num_points': 5}, {'avg_silhouette': 0.5910155144607133, 'num_points': 9}, {'avg_silhouette': 0.5131427370178262, 'num_points': 25}, {'avg_silhouette': 0.3268921090301744, 'num_points': 29}, {'avg_silhouette': 0.8543311150291932, 'num_points': 9}, {'avg_silhouette': 0.5386468030930717, 'num_points': 6}, {'avg_silhouette': 0.8827174818495839, 'num_points': 11}, {'avg_silhouette': 0.2778471887237798, 'num_points': 7}, {'avg_silhouette': 0.4402126061243177, 'num_points': 5}, {'avg_silhouette': 0.35514644084924224, 'num_points': 7}, {'avg_silhouette': 0.37077100082642905, 'num_points': 6}]",5.0,41,0.17303785227605484,,1,
DBSCAN,,0.43666666666666565,"[{'avg_silhouette': 0.5015371713552322, 'num_points': 67}, {'avg_silhouette': 0.2393701762168509, 'num_points': 5074}, {'avg_silhouette': 0.6811511200581669, 'num_points': 61}, {'avg_silhouette': 0.5280880256145608, 'num_points': 140}, {'avg_silhouette': 0.4157487147291879, 'num_points': 87}, {'avg_silhouette': 0.4705494380961149, 'num_points': 48}, {'avg_silhouette': 0.7942589183500192, 'num_points': 16}, {'avg_silhouette': 0.3021074896816255, 'num_points': 36}, {'avg_silhouette': 0.5374506250369568, 'num_points': 26}, {'avg_silhouette': 0.4180108522736326, 'num_points': 18}, {'avg_silhouette': 0.7870553736362552, 'num_points': 16}, {'avg_silhouette': 0.833613454301005, 'num_points': 13}, {'avg_silhouette': 0.6273923400688082, 'num_points': 17}]",10.0,13,0.1722256167569415,,1,
DBSCAN,,0.4966666666666657,"[{'avg_silhouette': 0.4804342668954463, 'num_points': 71}, {'avg_silhouette': 0.761353509335584, 'num_points': 11}, {'avg_silhouette': 0.1997305386056821, 'num_points': 5386}, {'avg_silhouette': 0.6270449484892752, 'num_points': 68}, {'avg_silhouette': 0.44533210745336343, 'num_points': 6}, {'avg_silhouette': 0.5218962139315138, 'num_points': 144}, {'avg_silhouette': 0.6960343935832908, 'num_points': 7}, {'avg_silhouette': 0.37237908164121986, 'num_points': 12}, {'avg_silhouette': 0.21745873926790435, 'num_points': 9}, {'avg_silhouette': 0.46452115427272817, 'num_points': 50}, {'avg_silhouette': 0.17778360919863165, 'num_points': 95}, {'avg_silhouette': 0.7970410694411747, 'num_points': 16}, {'avg_silhouette': 0.6117027232815812, 'num_points': 6}, {'avg_silhouette': 0.4136463803836049, 'num_points': 5}, {'avg_silhouette': 0.6424473735538462, 'num_points': 24}, {'avg_silhouette': 0.43756340077294265, 'num_points': 32}, {'avg_silhouette': 0.7311971064633481, 'num_points': 5}, {'avg_silhouette': 0.6618787964353414, 'num_points': 7}, {'avg_silhouette': 0.8353844487353742, 'num_points': 13}, {'avg_silhouette': 0.3143212219779531, 'num_points': 17}, {'avg_silhouette': 0.7699461564119181, 'num_points': 6}]",5.0,21,0.17150400786273073,,1,
DBSCAN,,0.4866666666666657,"[{'avg_silhouette': 0.4793350508303472, 'num_points': 71}, {'avg_silhouette': 0.761353509335584, 'num_points': 11}, {'avg_silhouette': 0.2020884854678863, 'num_points': 5359}, {'avg_silhouette': 0.6318861485983001, 'num_points': 67}, {'avg_silhouette': 0.4373240425412246, 'num_points': 6}, {'avg_silhouette': 0.5207502764706, 'num_points': 144}, {'avg_silhouette': 0.6960343935832908, 'num_points': 7}, {'avg_silhouette': 0.3713793103866105, 'num_points': 12}, {'avg_silhouette': 0.24101354847584303, 'num_points': 8}, {'avg_silhouette': 0.47331579686724956, 'num_points': 49}, {'avg_silhouette': 0.1795902018360944, 'num_points': 93}, {'avg_silhouette': 0.7967818838646619, 'num_points': 16}, {'avg_silhouette': 0.6420585695797777, 'num_points': 24}, {'avg_silhouette': 0.44818776874446986, 'num_points': 32}, {'avg_silhouette': 0.7308770062589189, 'num_points': 5}, {'avg_silhouette': 0.6614000003133362, 'num_points': 7}, {'avg_silhouette': 0.8352045288229698, 'num_points': 13}, {'avg_silhouette': 0.39869586803187324, 'num_points': 5}, {'avg_silhouette': 0.6304334450518011, 'num_points': 6}, {'avg_silhouette': 0.3100684944689874, 'num_points': 17}, {'avg_silhouette': 0.7699461564119181, 'num_points': 6}]",5.0,21,0.17034154491172496,,1,
DBSCAN,,0.3866666666666656,"[{'avg_silhouette': 0.5304864513987109, 'num_points': 62}, {'avg_silhouette': 0.26467133421339284, 'num_points': 4898}, {'avg_silhouette': 0.693334839862528, 'num_points': 58}, {'avg_silhouette': 0.539109523081159, 'num_points': 136}, {'avg_silhouette': 0.5183946525765104, 'num_points': 58}, {'avg_silhouette': 0.4729417265124788, 'num_points': 47}, {'avg_silhouette': 0.7930094726294369, 'num_points': 16}, {'avg_silhouette': 0.554612424084919, 'num_points': 25}, {'avg_silhouette': 0.5396619080012042, 'num_points': 11}, {'avg_silhouette': 0.8152312906701865, 'num_points': 15}, {'avg_silhouette': 0.8327733288757506, 'num_points': 13}, {'avg_silhouette': 0.6908498665749616, 'num_points': 11}]",10.0,12,0.16890943161872682,,1,
DBSCAN,,0.42666666666666564,"[{'avg_silhouette': 0.5003445173912193, 'num_points': 67}, {'avg_silhouette': 0.24269135287507748, 'num_points': 5041}, {'avg_silhouette': 0.68079098257591, 'num_points': 61}, {'avg_silhouette': 0.5310534696748725, 'num_points': 139}, {'avg_silhouette': 0.38521246052879315, 'num_points': 81}, {'avg_silhouette': 0.47742707577019816, 'num_points': 47}, {'avg_silhouette': 0.7939860595417028, 'num_points': 16}, {'avg_silhouette': 0.21331716918691804, 'num_points': 13}, {'avg_silhouette': 0.1923259005688164, 'num_points': 14}, {'avg_silhouette': 0.5357377411617497, 'num_points': 26}, {'avg_silhouette': 0.4119587098397163, 'num_points': 17}, {'avg_silhouette': 0.7868070467324302, 'num_points': 16}, {'avg_silhouette': 0.8334271367470889, 'num_points': 13}, {'avg_silhouette': 0.6316890785403809, 'num_points': 16}]",10.0,14,0.16845427486434175,,1,
DBSCAN,,0.3666666666666656,"[{'avg_silhouette': 0.5399541602294222, 'num_points': 60}, {'avg_silhouette': 0.2728967769313807, 'num_points': 4830}, {'avg_silhouette': 0.698460832652189, 'num_points': 57}, {'avg_silhouette': 0.5368743802633564, 'num_points': 136}, {'avg_silhouette': 0.5546118419798987, 'num_points': 43}, {'avg_silhouette': 0.4707340310013754, 'num_points': 47}, {'avg_silhouette': 0.7925239822443234, 'num_points': 16}, {'avg_silhouette': 0.5710990765167939, 'num_points': 24}, {'avg_silhouette': 0.8148796613020087, 'num_points': 15}, {'avg_silhouette': 0.5590085007395262, 'num_points': 10}, {'avg_silhouette': 0.8324523414918286, 'num_points': 13}]",10.0,11,0.16740611954741566,,1,
DBSCAN,,0.3766666666666656,"[{'avg_silhouette': 0.5294149813231295, 'num_points': 62}, {'avg_silhouette': 0.26709541247919577, 'num_points': 4866}, {'avg_silhouette': 0.6930155758599379, 'num_points': 58}, {'avg_silhouette': 0.537967581087913, 'num_points': 136}, {'avg_silhouette': 0.5359335970021263, 'num_points': 50}, {'avg_silhouette': 0.47179844066258103, 'num_points': 47}, {'avg_silhouette': 0.7927607449276576, 'num_points': 16}, {'avg_silhouette': 0.5726270268436603, 'num_points': 24}, {'avg_silhouette': 0.5388093114437859, 'num_points': 11}, {'avg_silhouette': 0.8150694960707475, 'num_points': 15}, {'avg_silhouette': 0.8325985592325507, 'num_points': 13}, {'avg_silhouette': 0.6906106602084233, 'num_points': 11}]",10.0,12,0.16702953962618425,,1,
DBSCAN,,0.3566666666666656,"[{'avg_silhouette': 0.5552918392323943, 'num_points': 58}, {'avg_silhouette': 0.2843133821663302, 'num_points': 4780}, {'avg_silhouette': 0.701498040169584, 'num_points': 56}, {'avg_silhouette': 0.535395392416563, 'num_points': 136}, {'avg_silhouette': 0.21128902679629974, 'num_points': 10}, {'avg_silhouette': 0.46928313258874094, 'num_points': 47}, {'avg_silhouette': 0.792209650269909, 'num_points': 16}, {'avg_silhouette': 0.12493900648920274, 'num_points': 27}, {'avg_silhouette': 0.5691705020715035, 'num_points': 24}, {'avg_silhouette': 0.8146572065432416, 'num_points': 15}, {'avg_silhouette': 0.832239073763283, 'num_points': 13}]",10.0,11,0.166583002650831,,1,
DBSCAN,,0.41666666666666563,"[{'avg_silhouette': 0.5134429281760972, 'num_points': 65}, {'avg_silhouette': 0.8563029669062263, 'num_points': 9}, {'avg_silhouette': 0.2294206621948235, 'num_points': 5054}, {'avg_silhouette': 0.6636790888955764, 'num_points': 61}, {'avg_silhouette': 0.5272518830181002, 'num_points': 140}, {'avg_silhouette': 0.5402754965043319, 'num_points': 5}, {'avg_silhouette': 0.6960343935832908, 'num_points': 7}, {'avg_silhouette': 0.4346657095085397, 'num_points': 77}, {'avg_silhouette': 0.47802564660536906, 'num_points': 47}, {'avg_silhouette': 0.7941176445874558, 'num_points': 16}, {'avg_silhouette': 0.29802483740935937, 'num_points': 35}, {'avg_silhouette': 0.46778548492445476, 'num_points': 6}, {'avg_silhouette': 0.561527777566504, 'num_points': 25}, {'avg_silhouette': 0.4381484517672455, 'num_points': 16}, {'avg_silhouette': 0.6048657442456978, 'num_points': 15}, {'avg_silhouette': 0.7275498516498851, 'num_points': 5}, {'avg_silhouette': 0.7139422870807252, 'num_points': 6}, {'avg_silhouette': 0.8335133208003234, 'num_points': 13}, {'avg_silhouette': 0.5791240958919279, 'num_points': 5}, {'avg_silhouette': 0.3189037764983756, 'num_points': 17}, {'avg_silhouette': 0.769391446510336, 'num_points': 6}]",5.0,21,0.16596478846475957,,1,
DBSCAN,,0.4066666666666656,"[{'avg_silhouette': 0.5130460901883379, 'num_points': 65}, {'avg_silhouette': 0.8564865151686638, 'num_points': 9}, {'avg_silhouette': 0.23132915022677217, 'num_points': 5039}, {'avg_silhouette': 0.6636790888955764, 'num_points': 61}, {'avg_silhouette': 0.5356646011949158, 'num_points': 138}, {'avg_silhouette': 0.5401676236567762, 'num_points': 5}, {'avg_silhouette': 0.6974799765238524, 'num_points': 7}, {'avg_silhouette': 0.43683400128490785, 'num_points': 74}, {'avg_silhouette': 0.477609824812443, 'num_points': 47}, {'avg_silhouette': 0.7940224583679781, 'num_points': 16}, {'avg_silhouette': 0.2982021668010351, 'num_points': 31}, {'avg_silhouette': 0.5973890418960321, 'num_points': 5}, {'avg_silhouette': 0.5608679207203987, 'num_points': 25}, {'avg_silhouette': 0.45043936929637696, 'num_points': 15}, {'avg_silhouette': 0.6036224173320944, 'num_points': 15}, {'avg_silhouette': 0.7274311256673773, 'num_points': 5}, {'avg_silhouette': 0.7137627934257886, 'num_points': 6}, {'avg_silhouette': 0.8334538493390442, 'num_points': 13}, {'avg_silhouette': 0.5789445572743813, 'num_points': 5}, {'avg_silhouette': 0.32989932755059104, 'num_points': 16}, {'avg_silhouette': 0.7690640606544217, 'num_points': 6}]",5.0,21,0.16505201943580738,,1,
DBSCAN,,0.3966666666666656,"[{'avg_silhouette': 0.5195256137343836, 'num_points': 64}, {'avg_silhouette': 0.25544380400886957, 'num_points': 4937}, {'avg_silhouette': 0.6900387582624128, 'num_points': 59}, {'avg_silhouette': 0.5402118295310689, 'num_points': 136}, {'avg_silhouette': 0.42194075531170605, 'num_points': 64}, {'avg_silhouette': 0.47403564753584704, 'num_points': 47}, {'avg_silhouette': 0.7932469752909921, 'num_points': 16}, {'avg_silhouette': 0.5561730590903636, 'num_points': 25}, {'avg_silhouette': 0.5237246485340218, 'num_points': 11}, {'avg_silhouette': 0.8154116685007915, 'num_points': 15}, {'avg_silhouette': 0.8329266577081842, 'num_points': 13}, {'avg_silhouette': 0.44732728884275474, 'num_points': 10}, {'avg_silhouette': 0.6754597166087987, 'num_points': 12}]",10.0,13,0.164504707855984,,1,
DBSCAN,,0.3966666666666656,"[{'avg_silhouette': 0.5217744555067286, 'num_points': 64}, {'avg_silhouette': 0.8565138782436337, 'num_points': 9}, {'avg_silhouette': 0.2372521140460913, 'num_points': 5006}, {'avg_silhouette': 0.6690177005427042, 'num_points': 60}, {'avg_silhouette': 0.5382459719298924, 'num_points': 137}, {'avg_silhouette': 0.7005014077310616, 'num_points': 7}, {'avg_silhouette': 0.45450482251111063, 'num_points': 67}, {'avg_silhouette': 0.4764969886709681, 'num_points': 47}, {'avg_silhouette': 0.7937707983375382, 'num_points': 16}, {'avg_silhouette': 0.3202025620019206, 'num_points': 26}, {'avg_silhouette': 0.5973890418960321, 'num_points': 5}, {'avg_silhouette': 0.5593961122615029, 'num_points': 25}, {'avg_silhouette': 0.4445853348674826, 'num_points': 15}, {'avg_silhouette': 0.6036224173320944, 'num_points': 15}, {'avg_silhouette': 0.7271168608048699, 'num_points': 5}, {'avg_silhouette': 0.7133592164365856, 'num_points': 6}, {'avg_silhouette': 0.8332820959745744, 'num_points': 13}, {'avg_silhouette': 0.5786015826621975, 'num_points': 5}, {'avg_silhouette': 0.3714453052629057, 'num_points': 14}, {'avg_silhouette': 0.7689124084086517, 'num_points': 6}]",5.0,20,0.16433634260088856,,1,
DBSCAN,,0.32666666666666555,"[{'avg_silhouette': 0.3430970845091081, 'num_points': 48}, {'avg_silhouette': 0.8542773195180795, 'num_points': 9}, {'avg_silhouette': 0.3766434389480282, 'num_points': 3410}, {'avg_silhouette': 0.709100649480173, 'num_points': 51}, {'avg_silhouette': 0.0993319756189956, 'num_points': 108}, {'avg_silhouette': 0.4072300970842627, 'num_points': 106}, {'avg_silhouette': 0.689582589203546, 'num_points': 7}, {'avg_silhouette': 0.22459867409528636, 'num_points': 11}, {'avg_silhouette': 0.13404231141088777, 'num_points': 651}, {'avg_silhouette': 0.3834879582640777, 'num_points': 11}, {'avg_silhouette': 0.2531745207423902, 'num_points': 231}, {'avg_silhouette': 0.07472172271029122, 'num_points': 189}, {'avg_silhouette': 0.46337012989265813, 'num_points': 42}, {'avg_silhouette': 0.42050507245002394, 'num_points': 45}, {'avg_silhouette': 0.804364236870682, 'num_points': 15}, {'avg_silhouette': 0.5248096135668052, 'num_points': 10}, {'avg_silhouette': 0.528883702336017, 'num_points': 24}, {'avg_silhouette': 0.46953351883866024, 'num_points': 10}, {'avg_silhouette': 0.5144316896393478, 'num_points': 6}, {'avg_silhouette': 0.17537779897067438, 'num_points': 15}, {'avg_silhouette': 0.6036224173320944, 'num_points': 15}, {'avg_silhouette': 0.4686624979933609, 'num_points': 7}, {'avg_silhouette': 0.18959772616422202, 'num_points': 23}, {'avg_silhouette': 0.5973890418960321, 'num_points': 5}, {'avg_silhouette': 0.5299632285357964, 'num_points': 5}, {'avg_silhouette': 0.4601917184865682, 'num_points': 7}, {'avg_silhouette': 0.5019404026339345, 'num_points': 7}, {'avg_silhouette': 0.5935767570826188, 'num_points': 9}, {'avg_silhouette': 0.5233054554816662, 'num_points': 25}, {'avg_silhouette': 0.4133423828411031, 'num_points': 30}, {'avg_silhouette': 0.8863196636805486, 'num_points': 11}, {'avg_silhouette': 0.4118732774937149, 'num_points': 7}, {'avg_silhouette': 0.5785156870853088, 'num_points': 5}, {'avg_silhouette': 0.6676790918014268, 'num_points': 5}, {'avg_silhouette': 0.7536907758568979, 'num_points': 6}]",5.0,35,0.1641088198468321,,2,0.255342875179458
DBSCAN,,0.3866666666666656,"[{'avg_silhouette': 0.5325325895723277, 'num_points': 62}, {'avg_silhouette': 0.8566869266739355, 'num_points': 9}, {'avg_silhouette': 0.2451068267165071, 'num_points': 4954}, {'avg_silhouette': 0.67773923503625, 'num_points': 58}, {'avg_silhouette': 0.5369036404449298, 'num_points': 137}, {'avg_silhouette': 0.7022754200888845, 'num_points': 7}, {'avg_silhouette': 0.45937197928924195, 'num_points': 64}, {'avg_silhouette': 0.4751911426854214, 'num_points': 47}, {'avg_silhouette': 0.7934856992423723, 'num_points': 16}, {'avg_silhouette': 0.347251454427236, 'num_points': 21}, {'avg_silhouette': 0.5973890418960321, 'num_points': 5}, {'avg_silhouette': 0.5574172388018264, 'num_points': 25}, {'avg_silhouette': 0.46619793050526115, 'num_points': 14}, {'avg_silhouette': 0.6036224173320944, 'num_points': 15}, {'avg_silhouette': 0.7636486687794285, 'num_points': 5}, {'avg_silhouette': 0.8330916799780212, 'num_points': 13}, {'avg_silhouette': 0.5780942666861513, 'num_points': 5}, {'avg_silhouette': 0.3919625689563769, 'num_points': 13}, {'avg_silhouette': 0.7689124084086517, 'num_points': 6}]",5.0,19,0.16362161729197963,,1,
DBSCAN,,0.4066666666666656,"[{'avg_silhouette': 0.5108587156598279, 'num_points': 65}, {'avg_silhouette': 0.2472607320011504, 'num_points': 4982}, {'avg_silhouette': 0.6903709688741143, 'num_points': 59}, {'avg_silhouette': 0.5375942941144307, 'num_points': 137}, {'avg_silhouette': 0.40933839983029424, 'num_points': 69}, {'avg_silhouette': 0.4752765205741015, 'num_points': 47}, {'avg_silhouette': 0.7935128262957939, 'num_points': 16}, {'avg_silhouette': 0.18587236712770605, 'num_points': 10}, {'avg_silhouette': 0.5578690709145214, 'num_points': 25}, {'avg_silhouette': 0.5219190657323138, 'num_points': 11}, {'avg_silhouette': 0.8155870223546734, 'num_points': 15}, {'avg_silhouette': 0.8331034064973295, 'num_points': 13}, {'avg_silhouette': 0.23470888742355067, 'num_points': 9}, {'avg_silhouette': 0.637652713568821, 'num_points': 15}]",10.0,14,0.16320871752450733,,1,
DBSCAN,,0.41666666666666563,"[{'avg_silhouette': 0.512059821932866, 'num_points': 65}, {'avg_silhouette': 0.24084977754775658, 'num_points': 5015}, {'avg_silhouette': 0.6805411480125662, 'num_points': 61}, {'avg_silhouette': 0.5346332223936408, 'num_points': 138}, {'avg_silhouette': 0.3898518177416261, 'num_points': 75}, {'avg_silhouette': 0.4765548826121954, 'num_points': 47}, {'avg_silhouette': 0.7937914617765667, 'num_points': 16}, {'avg_silhouette': 0.19001296102529827, 'num_points': 16}, {'avg_silhouette': 0.559555808479715, 'num_points': 25}, {'avg_silhouette': 0.497128733037765, 'num_points': 12}, {'avg_silhouette': 0.8157837595700668, 'num_points': 15}, {'avg_silhouette': 0.8332961239009535, 'num_points': 13}, {'avg_silhouette': 0.27088793188374743, 'num_points': 9}, {'avg_silhouette': 0.6314937014599504, 'num_points': 16}]",10.0,14,0.1629735520999678,,1,
DBSCAN,,0.2866666666666655,"[{'avg_silhouette': 0.558125362286944, 'num_points': 46}, {'avg_silhouette': 0.39536663742106165, 'num_points': 3204}, {'avg_silhouette': 0.7293439615318195, 'num_points': 47}, {'avg_silhouette': 0.4384986436411197, 'num_points': 100}, {'avg_silhouette': 0.15916926033650472, 'num_points': 105}, {'avg_silhouette': 0.4228457691844864, 'num_points': 334}, {'avg_silhouette': 0.1614112772457948, 'num_points': 221}, {'avg_silhouette': 0.42600254035413027, 'num_points': 54}, {'avg_silhouette': 0.28693880011958667, 'num_points': 209}, {'avg_silhouette': 0.19937457284650084, 'num_points': 91}, {'avg_silhouette': 0.5210846816578927, 'num_points': 21}, {'avg_silhouette': 0.4207490557318957, 'num_points': 18}, {'avg_silhouette': 0.5203128926566287, 'num_points': 16}, {'avg_silhouette': 0.44575626310244815, 'num_points': 42}, {'avg_silhouette': 0.8122686002762963, 'num_points': 14}, {'avg_silhouette': 0.37137361536889774, 'num_points': 26}, {'avg_silhouette': 0.5322785452080988, 'num_points': 15}, {'avg_silhouette': 0.46423001016477555, 'num_points': 15}, {'avg_silhouette': 0.5452267339764335, 'num_points': 23}, {'avg_silhouette': 0.2859224778336535, 'num_points': 35}, {'avg_silhouette': 0.7916549140369072, 'num_points': 15}, {'avg_silhouette': 0.5131427370178262, 'num_points': 25}, {'avg_silhouette': 0.5852686737613799, 'num_points': 20}, {'avg_silhouette': 0.8868226268930112, 'num_points': 11}]",10.0,24,0.16191062811504148,,1,
DBSCAN,,0.30666666666666553,"[{'avg_silhouette': 0.3430970845091081, 'num_points': 48}, {'avg_silhouette': 0.3810921577549915, 'num_points': 3389}, {'avg_silhouette': 0.7205753765622547, 'num_points': 49}, {'avg_silhouette': 0.19183201421347734, 'num_points': 89}, {'avg_silhouette': 0.4132058854240905, 'num_points': 105}, {'avg_silhouette': 0.6906496988988386, 'num_points': 7}, {'avg_silhouette': 0.20776506327274863, 'num_points': 5}, {'avg_silhouette': 0.1502042627071353, 'num_points': 592}, {'avg_silhouette': 0.4026464734367556, 'num_points': 10}, {'avg_silhouette': 0.27332601060146455, 'num_points': 221}, {'avg_silhouette': 0.1453850117328871, 'num_points': 157}, {'avg_silhouette': 0.4612253490988964, 'num_points': 40}, {'avg_silhouette': 0.2863667474198142, 'num_points': 6}, {'avg_silhouette': 0.44382552597063923, 'num_points': 43}, {'avg_silhouette': 0.8027439742227724, 'num_points': 15}, {'avg_silhouette': 0.2454813861880567, 'num_points': 38}, {'avg_silhouette': 0.5223430440396173, 'num_points': 10}, {'avg_silhouette': 0.527210976165423, 'num_points': 24}, {'avg_silhouette': 0.4760782885945429, 'num_points': 9}, {'avg_silhouette': 0.2159993199835159, 'num_points': 13}, {'avg_silhouette': 0.5125615635947511, 'num_points': 6}, {'avg_silhouette': 0.6036224173320944, 'num_points': 15}, {'avg_silhouette': 0.3327652033284674, 'num_points': 6}, {'avg_silhouette': 0.1703735666298828, 'num_points': 16}, {'avg_silhouette': 0.5973890418960321, 'num_points': 5}, {'avg_silhouette': 0.5935767570826188, 'num_points': 9}, {'avg_silhouette': 0.5218744300323944, 'num_points': 25}, {'avg_silhouette': 0.38811586345951465, 'num_points': 30}, {'avg_silhouette': 0.8543311150291932, 'num_points': 9}, {'avg_silhouette': 0.5386468030930717, 'num_points': 6}, {'avg_silhouette': 0.8838544990937169, 'num_points': 11}, {'avg_silhouette': 0.32517479171502084, 'num_points': 7}, {'avg_silhouette': 0.384105292118023, 'num_points': 7}, {'avg_silhouette': 0.2778471887237798, 'num_points': 7}, {'avg_silhouette': 0.4402126061243177, 'num_points': 5}, {'avg_silhouette': 0.8010653969755255, 'num_points': 5}]",5.0,36,0.16074375003970676,,2,0.2656482102310634
DBSCAN,,0.2866666666666655,"[{'avg_silhouette': 0.36868330339855004, 'num_points': 46}, {'avg_silhouette': 0.3806911136348034, 'num_points': 3208}, {'avg_silhouette': 0.7323242119285671, 'num_points': 47}, {'avg_silhouette': 0.4384986436411197, 'num_points': 100}, {'avg_silhouette': 0.6946013931907957, 'num_points': 7}, {'avg_silhouette': 0.11518227127243388, 'num_points': 111}, {'avg_silhouette': 0.4879263505108811, 'num_points': 335}, {'avg_silhouette': 0.21759861757604596, 'num_points': 245}, {'avg_silhouette': 0.5360014814097439, 'num_points': 8}, {'avg_silhouette': 0.18332860954037541, 'num_points': 60}, {'avg_silhouette': 0.38467018602703934, 'num_points': 20}, {'avg_silhouette': 0.279411054729941, 'num_points': 215}, {'avg_silhouette': 0.17921542231474158, 'num_points': 101}, {'avg_silhouette': 0.4462336677505419, 'num_points': 39}, {'avg_silhouette': 0.38253498128344104, 'num_points': 6}, {'avg_silhouette': 0.3788983336709725, 'num_points': 8}, {'avg_silhouette': 0.44875678769831656, 'num_points': 42}, {'avg_silhouette': 0.799942588565235, 'num_points': 15}, {'avg_silhouette': 0.3138166800034696, 'num_points': 32}, {'avg_silhouette': 0.6876306733681613, 'num_points': 8}, {'avg_silhouette': 0.24550990366366673, 'num_points': 14}, {'avg_silhouette': 0.443858857229954, 'num_points': 15}, {'avg_silhouette': 0.5455277020725875, 'num_points': 23}, {'avg_silhouette': 0.25263207862436554, 'num_points': 40}, {'avg_silhouette': 0.3037210997741647, 'num_points': 10}, {'avg_silhouette': 0.2621036609125651, 'num_points': 11}, {'avg_silhouette': 0.6276228862886384, 'num_points': 5}, {'avg_silhouette': 0.7916549140369072, 'num_points': 15}, {'avg_silhouette': 0.49896633752421504, 'num_points': 7}, {'avg_silhouette': 0.149229719520801, 'num_points': 8}, {'avg_silhouette': 0.4349471970948552, 'num_points': 4}, {'avg_silhouette': 0.5886025659353922, 'num_points': 9}, {'avg_silhouette': 0.5131427370178262, 'num_points': 25}, {'avg_silhouette': 0.31503434597334196, 'num_points': 29}, {'avg_silhouette': 0.897606647319098, 'num_points': 8}, {'avg_silhouette': 0.5918425373165729, 'num_points': 5}, {'avg_silhouette': 0.88234224711687, 'num_points': 11}, {'avg_silhouette': 0.2778471887237798, 'num_points': 7}, {'avg_silhouette': 0.4402126061243177, 'num_points': 5}, {'avg_silhouette': 0.40590289673069346, 'num_points': 5}, {'avg_silhouette': 0.44483264848399007, 'num_points': 5}]",5.0,41,0.1604881963879503,,1,
DBSCAN,,0.3766666666666656,"[{'avg_silhouette': 0.5316002832166005, 'num_points': 62}, {'avg_silhouette': 0.8560460355579005, 'num_points': 9}, {'avg_silhouette': 0.2457738044676833, 'num_points': 4931}, {'avg_silhouette': 0.67773923503625, 'num_points': 58}, {'avg_silhouette': 0.5359285714870737, 'num_points': 137}, {'avg_silhouette': 0.6988597092273675, 'num_points': 7}, {'avg_silhouette': 0.4699274652994846, 'num_points': 59}, {'avg_silhouette': 0.4741895314339597, 'num_points': 47}, {'avg_silhouette': 0.7932685634736294, 'num_points': 16}, {'avg_silhouette': 0.5973890418960321, 'num_points': 5}, {'avg_silhouette': 0.3764676165713649, 'num_points': 17}, {'avg_silhouette': 0.5756654120401087, 'num_points': 24}, {'avg_silhouette': 0.4932946102251856, 'num_points': 12}, {'avg_silhouette': 0.6036224173320944, 'num_points': 15}, {'avg_silhouette': 0.8329371003286593, 'num_points': 13}, {'avg_silhouette': 0.7633753638690419, 'num_points': 5}, {'avg_silhouette': 0.5778091457627135, 'num_points': 5}, {'avg_silhouette': 0.4414036815987211, 'num_points': 11}, {'avg_silhouette': 0.7689124084086517, 'num_points': 6}]",5.0,19,0.160446901691124,,1,
DBSCAN,,0.31666666666666554,"[{'avg_silhouette': 0.3430970845091081, 'num_points': 48}, {'avg_silhouette': 0.3772763480849265, 'num_points': 3402}, {'avg_silhouette': 0.7131813487615405, 'num_points': 50}, {'avg_silhouette': 0.12623025457947476, 'num_points': 99}, {'avg_silhouette': 0.4132058854240905, 'num_points': 105}, {'avg_silhouette': 0.689582589203546, 'num_points': 7}, {'avg_silhouette': 0.20776506327274863, 'num_points': 5}, {'avg_silhouette': 0.1403813665487871, 'num_points': 599}, {'avg_silhouette': 0.40747398549715436, 'num_points': 10}, {'avg_silhouette': 0.25443648648186423, 'num_points': 229}, {'avg_silhouette': 0.06839759522158059, 'num_points': 173}, {'avg_silhouette': 0.4537887895488255, 'num_points': 41}, {'avg_silhouette': 0.2863667474198142, 'num_points': 6}, {'avg_silhouette': 0.433009034266329, 'num_points': 44}, {'avg_silhouette': 0.8025660002293509, 'num_points': 15}, {'avg_silhouette': 0.1917581562666692, 'num_points': 41}, {'avg_silhouette': 0.523791583758377, 'num_points': 10}, {'avg_silhouette': 0.5281766295955618, 'num_points': 24}, {'avg_silhouette': 0.4686625611232662, 'num_points': 10}, {'avg_silhouette': 0.5136241733959476, 'num_points': 6}, {'avg_silhouette': 0.1822737178172237, 'num_points': 14}, {'avg_silhouette': 0.6036224173320944, 'num_points': 15}, {'avg_silhouette': 0.38343240245275034, 'num_points': 5}, {'avg_silhouette': 0.467846047101009, 'num_points': 7}, {'avg_silhouette': 0.18904110475084798, 'num_points': 23}, {'avg_silhouette': 0.5973890418960321, 'num_points': 5}, {'avg_silhouette': 0.5285958379775864, 'num_points': 5}, {'avg_silhouette': 0.4153066462930317, 'num_points': 6}, {'avg_silhouette': 0.5019404026339345, 'num_points': 7}, {'avg_silhouette': 0.5935767570826188, 'num_points': 9}, {'avg_silhouette': 0.5218744300323944, 'num_points': 25}, {'avg_silhouette': 0.4056307444083425, 'num_points': 30}, {'avg_silhouette': 0.8542773195180795, 'num_points': 9}, {'avg_silhouette': 0.8863196636805486, 'num_points': 11}, {'avg_silhouette': 0.402867825435023, 'num_points': 7}, {'avg_silhouette': 0.5785156870853088, 'num_points': 5}, {'avg_silhouette': 0.7536907758568979, 'num_points': 6}]",5.0,37,0.1592650763483246,,2,0.2588288573168568
K-means,,,"[{'avg_silhouette': -0.07710770508479994, 'num_points': 1116}, {'avg_silhouette': 0.09189493157382393, 'num_points': 1032}, {'avg_silhouette': -0.10736333296336237, 'num_points': 70}, {'avg_silhouette': -0.0426625762871623, 'num_points': 418}, {'avg_silhouette': 0.04660127693516861, 'num_points': 295}, {'avg_silhouette': 0.01974514456796375, 'num_points': 168}, {'avg_silhouette': 0.4656375006034938, 'num_points': 2203}, {'avg_silhouette': -0.0008579071177193371, 'num_points': 390}, {'avg_silhouette': 0.079639280864657, 'num_points': 512}, {'avg_silhouette': 0.3043750398856224, 'num_points': 70}, {'avg_silhouette': -0.07860284339295136, 'num_points': 302}, {'avg_silhouette': 0.03648029097264648, 'num_points': 141}]",,12,0.15921566149592514,,6,0.08609058742538218
DBSCAN,,0.3666666666666656,"[{'avg_silhouette': 0.5352886952150275, 'num_points': 61}, {'avg_silhouette': 0.8560460355579005, 'num_points': 9}, {'avg_silhouette': 0.2500801405987847, 'num_points': 4894}, {'avg_silhouette': 0.67773923503625, 'num_points': 58}, {'avg_silhouette': 0.5390261492484706, 'num_points': 136}, {'avg_silhouette': 0.6988597092273675, 'num_points': 7}, {'avg_silhouette': 0.4556846996964354, 'num_points': 55}, {'avg_silhouette': 0.4729452855073602, 'num_points': 47}, {'avg_silhouette': 0.7929971599508041, 'num_points': 16}, {'avg_silhouette': 0.5973890418960321, 'num_points': 5}, {'avg_silhouette': 0.5739582862914258, 'num_points': 24}, {'avg_silhouette': 0.484697896773339, 'num_points': 11}, {'avg_silhouette': 0.6036224173320944, 'num_points': 15}, {'avg_silhouette': 0.12757725316136603, 'num_points': 10}, {'avg_silhouette': 0.8327546031018631, 'num_points': 13}, {'avg_silhouette': 0.40896189324764426, 'num_points': 5}, {'avg_silhouette': 0.7629674220780099, 'num_points': 5}, {'avg_silhouette': 0.5772422564627105, 'num_points': 5}, {'avg_silhouette': 0.4414036815987211, 'num_points': 11}, {'avg_silhouette': 0.768817493618608, 'num_points': 6}]",5.0,20,0.15840309978532796,,1,
DBSCAN,,0.2766666666666655,"[{'avg_silhouette': 0.5481315754469582, 'num_points': 46}, {'avg_silhouette': 0.3926068258339586, 'num_points': 3190}, {'avg_silhouette': 0.727614527565056, 'num_points': 47}, {'avg_silhouette': 0.4384986436411197, 'num_points': 100}, {'avg_silhouette': 0.15539201588969165, 'num_points': 104}, {'avg_silhouette': 0.42086149593228384, 'num_points': 331}, {'avg_silhouette': 0.21213941865208955, 'num_points': 54}, {'avg_silhouette': 0.4355464230213707, 'num_points': 51}, {'avg_silhouette': 0.29829417520596707, 'num_points': 202}, {'avg_silhouette': 0.3091065378111785, 'num_points': 156}, {'avg_silhouette': 0.20287922663396696, 'num_points': 88}, {'avg_silhouette': 0.5210846816578927, 'num_points': 21}, {'avg_silhouette': 0.46034865759969223, 'num_points': 16}, {'avg_silhouette': 0.5203128926566287, 'num_points': 16}, {'avg_silhouette': 0.4385595853869929, 'num_points': 42}, {'avg_silhouette': 0.8107281576789385, 'num_points': 14}, {'avg_silhouette': 0.36351603008220446, 'num_points': 25}, {'avg_silhouette': 0.507457067402653, 'num_points': 15}, {'avg_silhouette': 0.48737976177637715, 'num_points': 14}, {'avg_silhouette': 0.574112828470487, 'num_points': 21}, {'avg_silhouette': 0.33591057625887943, 'num_points': 28}, {'avg_silhouette': 0.7916549140369072, 'num_points': 15}, {'avg_silhouette': 0.5131427370178262, 'num_points': 25}, {'avg_silhouette': 0.6139871263857855, 'num_points': 19}, {'avg_silhouette': 0.8866500418341329, 'num_points': 11}]",10.0,25,0.15788683479896368,,1,
DBSCAN,,0.3566666666666656,"[{'avg_silhouette': 0.5403706903031166, 'num_points': 60}, {'avg_silhouette': 0.8560320362312375, 'num_points': 9}, {'avg_silhouette': 0.2549417401046626, 'num_points': 4856}, {'avg_silhouette': 0.6879761789641974, 'num_points': 56}, {'avg_silhouette': 0.5376393562153247, 'num_points': 136}, {'avg_silhouette': 0.6988597092273675, 'num_points': 7}, {'avg_silhouette': 0.4430033471542542, 'num_points': 54}, {'avg_silhouette': 0.4715285998148826, 'num_points': 47}, {'avg_silhouette': 0.7926948474781801, 'num_points': 16}, {'avg_silhouette': 0.5973890418960321, 'num_points': 5}, {'avg_silhouette': 0.5722680297698377, 'num_points': 24}, {'avg_silhouette': 0.5010972137200148, 'num_points': 11}, {'avg_silhouette': 0.6036224173320944, 'num_points': 15}, {'avg_silhouette': 0.8325390053800924, 'num_points': 13}, {'avg_silhouette': 0.5284741773122064, 'num_points': 6}, {'avg_silhouette': 0.762572320687449, 'num_points': 5}, {'avg_silhouette': 0.5767934455324298, 'num_points': 5}, {'avg_silhouette': 0.4414036815987211, 'num_points': 11}, {'avg_silhouette': 0.7171533498110652, 'num_points': 5}, {'avg_silhouette': 0.768817493618608, 'num_points': 6}]",5.0,20,0.15735119060185357,,1,
DBSCAN,,0.2766666666666655,"[{'avg_silhouette': 0.36868330339855004, 'num_points': 46}, {'avg_silhouette': 0.38285298700817727, 'num_points': 3196}, {'avg_silhouette': 0.7284690136690971, 'num_points': 47}, {'avg_silhouette': 0.4384986436411197, 'num_points': 100}, {'avg_silhouette': 0.6946013931907957, 'num_points': 7}, {'avg_silhouette': 0.15172607247152556, 'num_points': 108}, {'avg_silhouette': 0.4436347422748763, 'num_points': 334}, {'avg_silhouette': 0.1443427155059136, 'num_points': 61}, {'avg_silhouette': 0.5221732065067413, 'num_points': 8}, {'avg_silhouette': 0.20254635368265128, 'num_points': 56}, {'avg_silhouette': 0.27896582909947104, 'num_points': 215}, {'avg_silhouette': 0.28449875620032145, 'num_points': 162}, {'avg_silhouette': 0.1823416105072261, 'num_points': 96}, {'avg_silhouette': 0.42516984094011845, 'num_points': 39}, {'avg_silhouette': 0.40663832351440005, 'num_points': 18}, {'avg_silhouette': 0.3640913992074894, 'num_points': 6}, {'avg_silhouette': 0.37157181463174976, 'num_points': 8}, {'avg_silhouette': 0.44760633056589993, 'num_points': 42}, {'avg_silhouette': 0.7976246778345889, 'num_points': 15}, {'avg_silhouette': 0.31948762087991844, 'num_points': 30}, {'avg_silhouette': 0.6868595097041965, 'num_points': 8}, {'avg_silhouette': 0.3505738494046784, 'num_points': 9}, {'avg_silhouette': 0.5148526523533545, 'num_points': 15}, {'avg_silhouette': 0.4353684710952522, 'num_points': 15}, {'avg_silhouette': 0.5745045713082889, 'num_points': 21}, {'avg_silhouette': 0.28511664768642464, 'num_points': 34}, {'avg_silhouette': 0.34371082976499134, 'num_points': 9}, {'avg_silhouette': 0.6249338901485371, 'num_points': 5}, {'avg_silhouette': 0.7916549140369072, 'num_points': 15}, {'avg_silhouette': 0.3380742811266354, 'num_points': 9}, {'avg_silhouette': 0.5886025659353922, 'num_points': 9}, {'avg_silhouette': 0.5131427370178262, 'num_points': 25}, {'avg_silhouette': 0.3330333526486227, 'num_points': 28}, {'avg_silhouette': 0.897606647319098, 'num_points': 8}, {'avg_silhouette': 0.5918425373165729, 'num_points': 5}, {'avg_silhouette': 0.88234224711687, 'num_points': 11}, {'avg_silhouette': 0.3178738096358427, 'num_points': 5}, {'avg_silhouette': 0.37971580558580065, 'num_points': 5}, {'avg_silhouette': 0.4431630253939633, 'num_points': 5}]",5.0,39,0.1542714704346784,,1,
DBSCAN,,0.24666666666666548,"[{'avg_silhouette': 0.33515718298649455, 'num_points': 31}, {'avg_silhouette': 0.39223697699298626, 'num_points': 2774}, {'avg_silhouette': 0.30635167042334494, 'num_points': 26}, {'avg_silhouette': 0.31719004102014386, 'num_points': 35}, {'avg_silhouette': 0.3031971248825423, 'num_points': 74}, {'avg_silhouette': 0.608216793974956, 'num_points': 253}, {'avg_silhouette': 0.2767207939742534, 'num_points': 27}, {'avg_silhouette': 0.5432199658174315, 'num_points': 8}, {'avg_silhouette': 0.25612414905812636, 'num_points': 46}, {'avg_silhouette': 0.1880572200633668, 'num_points': 186}, {'avg_silhouette': 0.269547234364376, 'num_points': 147}, {'avg_silhouette': 0.5542940046552481, 'num_points': 354}, {'avg_silhouette': 0.06172625433712082, 'num_points': 65}, {'avg_silhouette': 0.5286129315603677, 'num_points': 20}, {'avg_silhouette': 0.4108994997809903, 'num_points': 16}, {'avg_silhouette': 0.5272416808245595, 'num_points': 9}, {'avg_silhouette': 0.5146783447986656, 'num_points': 43}, {'avg_silhouette': 0.3955353712162379, 'num_points': 38}, {'avg_silhouette': 0.8602674975714483, 'num_points': 11}, {'avg_silhouette': 0.5736934516160674, 'num_points': 64}, {'avg_silhouette': 0.38793033193003407, 'num_points': 6}, {'avg_silhouette': 0.38178661848937634, 'num_points': 18}, {'avg_silhouette': 0.7332582278986076, 'num_points': 14}, {'avg_silhouette': 0.4428429206366805, 'num_points': 9}, {'avg_silhouette': 0.6964693044006711, 'num_points': 19}, {'avg_silhouette': 0.4429904016301778, 'num_points': 9}, {'avg_silhouette': 0.44234165739791587, 'num_points': 19}, {'avg_silhouette': 0.6745696164751933, 'num_points': 8}, {'avg_silhouette': 0.4607197244249939, 'num_points': 6}, {'avg_silhouette': 0.5229249378899998, 'num_points': 13}, {'avg_silhouette': 0.4956597256562645, 'num_points': 12}, {'avg_silhouette': 0.6055490076966682, 'num_points': 19}, {'avg_silhouette': 0.36834462320691935, 'num_points': 24}, {'avg_silhouette': 0.44105492383850003, 'num_points': 7}, {'avg_silhouette': 0.36738957460831945, 'num_points': 16}, {'avg_silhouette': 0.36301892211057474, 'num_points': 8}, {'avg_silhouette': 0.6322010374829511, 'num_points': 22}, {'avg_silhouette': 0.7092166666536738, 'num_points': 9}, {'avg_silhouette': 0.7115241201465349, 'num_points': 7}, {'avg_silhouette': 0.8061921899759247, 'num_points': 14}, {'avg_silhouette': 0.443882818719209, 'num_points': 9}, {'avg_silhouette': 0.47257227093579757, 'num_points': 9}, {'avg_silhouette': 0.4713729311890914, 'num_points': 5}, {'avg_silhouette': 0.4807051833694138, 'num_points': 8}, {'avg_silhouette': 0.3547385246607509, 'num_points': 6}, {'avg_silhouette': 0.6735549606619007, 'num_points': 8}, {'avg_silhouette': 0.4591928013534091, 'num_points': 5}, {'avg_silhouette': 0.5131243762064582, 'num_points': 23}, {'avg_silhouette': 0.3530143861368682, 'num_points': 8}, {'avg_silhouette': 0.6254548017696, 'num_points': 18}, {'avg_silhouette': 0.8983895917026168, 'num_points': 8}, {'avg_silhouette': 0.8863958441728127, 'num_points': 11}, {'avg_silhouette': 0.8313643361082709, 'num_points': 6}, {'avg_silhouette': 0.46341137459472415, 'num_points': 9}, {'avg_silhouette': 0.3747056267245832, 'num_points': 13}, {'avg_silhouette': 0.40253809634877813, 'num_points': 8}]",5.0,56,0.15061129498847114,,2,0.4732654908241172
DBSCAN,,0.23666666666666547,"[{'avg_silhouette': 0.3515508669508817, 'num_points': 30}, {'avg_silhouette': 0.3960563824214266, 'num_points': 2764}, {'avg_silhouette': 0.32058149857040397, 'num_points': 25}, {'avg_silhouette': 0.31719004102014386, 'num_points': 35}, {'avg_silhouette': 0.30102505446568895, 'num_points': 74}, {'avg_silhouette': 0.6139578646885022, 'num_points': 252}, {'avg_silhouette': 0.2764601308771996, 'num_points': 27}, {'avg_silhouette': 0.7111718551478864, 'num_points': 8}, {'avg_silhouette': 0.4361618268234647, 'num_points': 43}, {'avg_silhouette': 0.19331420671723093, 'num_points': 181}, {'avg_silhouette': 0.5536450892119358, 'num_points': 354}, {'avg_silhouette': 0.27454935953524395, 'num_points': 146}, {'avg_silhouette': 0.06861210144190247, 'num_points': 60}, {'avg_silhouette': 0.5286129315603677, 'num_points': 20}, {'avg_silhouette': 0.4406855873189067, 'num_points': 15}, {'avg_silhouette': 0.5272416808245595, 'num_points': 9}, {'avg_silhouette': 0.40676146005122327, 'num_points': 37}, {'avg_silhouette': 0.8602674975714483, 'num_points': 11}, {'avg_silhouette': 0.5736934516160674, 'num_points': 64}, {'avg_silhouette': 0.38793033193003407, 'num_points': 6}, {'avg_silhouette': 0.38178661848937634, 'num_points': 18}, {'avg_silhouette': 0.7290803811859536, 'num_points': 14}, {'avg_silhouette': 0.4428429206366805, 'num_points': 9}, {'avg_silhouette': 0.6953679550123378, 'num_points': 19}, {'avg_silhouette': 0.4407313863502761, 'num_points': 9}, {'avg_silhouette': 0.44080901851235355, 'num_points': 19}, {'avg_silhouette': 0.6740048719125604, 'num_points': 8}, {'avg_silhouette': 0.4607197244249939, 'num_points': 6}, {'avg_silhouette': 0.5361116999283378, 'num_points': 42}, {'avg_silhouette': 0.5229249378899998, 'num_points': 13}, {'avg_silhouette': 0.4956597256562645, 'num_points': 12}, {'avg_silhouette': 0.6051994387139823, 'num_points': 19}, {'avg_silhouette': 0.40331624075799416, 'num_points': 18}, {'avg_silhouette': 0.44105492383850003, 'num_points': 7}, {'avg_silhouette': 0.36706071403706636, 'num_points': 16}, {'avg_silhouette': 0.36111054603120607, 'num_points': 8}, {'avg_silhouette': 0.631301138660873, 'num_points': 22}, {'avg_silhouette': 0.7092166666536738, 'num_points': 9}, {'avg_silhouette': 0.7115241201465349, 'num_points': 7}, {'avg_silhouette': 0.8188049475623665, 'num_points': 13}, {'avg_silhouette': 0.44190108762905095, 'num_points': 9}, {'avg_silhouette': 0.47031558615317576, 'num_points': 9}, {'avg_silhouette': 0.5129320275640652, 'num_points': 7}, {'avg_silhouette': 0.3668503758260475, 'num_points': 5}, {'avg_silhouette': 0.6703703880515013, 'num_points': 8}, {'avg_silhouette': 0.5399861465751001, 'num_points': 22}, {'avg_silhouette': 0.3530143861368682, 'num_points': 8}, {'avg_silhouette': 0.6248030117852403, 'num_points': 18}, {'avg_silhouette': 0.8983159447513307, 'num_points': 8}, {'avg_silhouette': 0.8863958441728127, 'num_points': 11}, {'avg_silhouette': 0.41171116296785065, 'num_points': 6}, {'avg_silhouette': 0.8310355090634426, 'num_points': 6}, {'avg_silhouette': 0.42123138731204823, 'num_points': 9}, {'avg_silhouette': 0.3747056267245832, 'num_points': 13}, {'avg_silhouette': 0.40253809634877813, 'num_points': 8}]",5.0,55,0.15042743982657883,,2,0.4748507358166812
DBSCAN,,0.2666666666666655,"[{'avg_silhouette': 0.557743065290214, 'num_points': 45}, {'avg_silhouette': 0.3930609835066445, 'num_points': 3187}, {'avg_silhouette': 0.7362300627648853, 'num_points': 46}, {'avg_silhouette': 0.4388231839940105, 'num_points': 100}, {'avg_silhouette': 0.16753057019508513, 'num_points': 99}, {'avg_silhouette': 0.42338690575143667, 'num_points': 328}, {'avg_silhouette': 0.21272454910299435, 'num_points': 53}, {'avg_silhouette': 0.4436487229272153, 'num_points': 49}, {'avg_silhouette': 0.30346262817613123, 'num_points': 197}, {'avg_silhouette': 0.3207203471143642, 'num_points': 154}, {'avg_silhouette': 0.06621724808569134, 'num_points': 71}, {'avg_silhouette': 0.5595596512761106, 'num_points': 20}, {'avg_silhouette': 0.45765985428848016, 'num_points': 16}, {'avg_silhouette': 0.44946550563794296, 'num_points': 40}, {'avg_silhouette': 0.82280881709909, 'num_points': 13}, {'avg_silhouette': 0.4141274132905873, 'num_points': 21}, {'avg_silhouette': 0.5063633953774331, 'num_points': 15}, {'avg_silhouette': 0.5031808995194528, 'num_points': 15}, {'avg_silhouette': 0.48714429927734315, 'num_points': 14}, {'avg_silhouette': 0.5933263384175124, 'num_points': 20}, {'avg_silhouette': 0.36581810123474057, 'num_points': 23}, {'avg_silhouette': 0.7915832667074062, 'num_points': 15}, {'avg_silhouette': 0.43702018235334816, 'num_points': 9}, {'avg_silhouette': 0.533210275779607, 'num_points': 24}, {'avg_silhouette': 0.6510028837988727, 'num_points': 18}, {'avg_silhouette': 0.8868354546363211, 'num_points': 11}]",10.0,26,0.1490235406004942,,1,
DBSCAN,,0.24666666666666548,"[{'avg_silhouette': 0.33515718298649455, 'num_points': 31}, {'avg_silhouette': 0.39623117966216453, 'num_points': 2767}, {'avg_silhouette': 0.30635167042334494, 'num_points': 26}, {'avg_silhouette': 0.33245983247361616, 'num_points': 34}, {'avg_silhouette': 0.3681124970217229, 'num_points': 74}, {'avg_silhouette': 0.6179336165809176, 'num_points': 252}, {'avg_silhouette': 0.4280676687295511, 'num_points': 44}, {'avg_silhouette': 0.3154069086345952, 'num_points': 25}, {'avg_silhouette': 0.3200678937215479, 'num_points': 181}, {'avg_silhouette': 0.5606594517560732, 'num_points': 352}, {'avg_silhouette': 0.36053707064562424, 'num_points': 138}, {'avg_silhouette': 0.2474456208421742, 'num_points': 58}, {'avg_silhouette': 0.6848534027154765, 'num_points': 20}, {'avg_silhouette': 0.41114073832321074, 'num_points': 16}, {'avg_silhouette': 0.39579992976522316, 'num_points': 38}, {'avg_silhouette': 0.8602028331475057, 'num_points': 11}, {'avg_silhouette': 0.5700822234819983, 'num_points': 64}, {'avg_silhouette': 0.4336637627271006, 'num_points': 17}, {'avg_silhouette': 0.7332582278986076, 'num_points': 14}, {'avg_silhouette': 0.6964693044006711, 'num_points': 19}, {'avg_silhouette': 0.45155400014590824, 'num_points': 17}, {'avg_silhouette': 0.5360235615042147, 'num_points': 42}, {'avg_silhouette': 0.5541980142151112, 'num_points': 13}, {'avg_silhouette': 0.5289243115396477, 'num_points': 12}, {'avg_silhouette': 0.6052096525775841, 'num_points': 19}, {'avg_silhouette': 0.4505565289987335, 'num_points': 13}, {'avg_silhouette': 0.4043803346498442, 'num_points': 15}, {'avg_silhouette': 0.6307689239759058, 'num_points': 22}, {'avg_silhouette': 0.8061921899759247, 'num_points': 14}, {'avg_silhouette': 0.5109148204270069, 'num_points': 23}, {'avg_silhouette': 0.6261347297209771, 'num_points': 18}, {'avg_silhouette': 0.8863958441728127, 'num_points': 11}, {'avg_silhouette': 0.6042289738794292, 'num_points': 13}]",10.0,33,0.14734117557470244,,2,0.47844531570911886
DBSCAN,,0.22666666666666546,"[{'avg_silhouette': 0.3659460715082865, 'num_points': 29}, {'avg_silhouette': 0.4027009027874713, 'num_points': 2750}, {'avg_silhouette': 0.32058149857040397, 'num_points': 25}, {'avg_silhouette': 0.31719004102014386, 'num_points': 35}, {'avg_silhouette': 0.33291422961378747, 'num_points': 72}, {'avg_silhouette': 0.6102888023435329, 'num_points': 252}, {'avg_silhouette': 0.27273005252296223, 'num_points': 26}, {'avg_silhouette': 0.7113004521296102, 'num_points': 8}, {'avg_silhouette': 0.4383963827743497, 'num_points': 42}, {'avg_silhouette': 0.20418191048438267, 'num_points': 179}, {'avg_silhouette': 0.5504524821099874, 'num_points': 354}, {'avg_silhouette': 0.34406402118015345, 'num_points': 133}, {'avg_silhouette': 0.08008086260648731, 'num_points': 57}, {'avg_silhouette': 0.5286129315603677, 'num_points': 20}, {'avg_silhouette': 0.46897069365922867, 'num_points': 14}, {'avg_silhouette': 0.5272416808245595, 'num_points': 9}, {'avg_silhouette': 0.4240780373457832, 'num_points': 36}, {'avg_silhouette': 0.8602633649495556, 'num_points': 11}, {'avg_silhouette': 0.5736934516160674, 'num_points': 64}, {'avg_silhouette': 0.38793033193003407, 'num_points': 6}, {'avg_silhouette': 0.40993495621847853, 'num_points': 17}, {'avg_silhouette': 0.7266092442064604, 'num_points': 14}, {'avg_silhouette': 0.4428429206366805, 'num_points': 9}, {'avg_silhouette': 0.6953679550123378, 'num_points': 19}, {'avg_silhouette': 0.49242900890895946, 'num_points': 8}, {'avg_silhouette': 0.4407168762458201, 'num_points': 18}, {'avg_silhouette': 0.6729463103337565, 'num_points': 8}, {'avg_silhouette': 0.5703423256287781, 'num_points': 40}, {'avg_silhouette': 0.5104798385807641, 'num_points': 13}, {'avg_silhouette': 0.4956597256562645, 'num_points': 12}, {'avg_silhouette': 0.6574587127527332, 'num_points': 17}, {'avg_silhouette': 0.4197569806864852, 'num_points': 15}, {'avg_silhouette': 0.44105492383850003, 'num_points': 7}, {'avg_silhouette': 0.3842213623557124, 'num_points': 15}, {'avg_silhouette': 0.312023554682642, 'num_points': 8}, {'avg_silhouette': 0.6266722384069427, 'num_points': 22}, {'avg_silhouette': 0.7050025760132871, 'num_points': 9}, {'avg_silhouette': 0.7115241201465349, 'num_points': 7}, {'avg_silhouette': 0.8185144534590089, 'num_points': 13}, {'avg_silhouette': 0.5089486220718223, 'num_points': 9}, {'avg_silhouette': 0.4654869051295802, 'num_points': 6}, {'avg_silhouette': 0.5117972196497503, 'num_points': 7}, {'avg_silhouette': 0.575573251606398, 'num_points': 5}, {'avg_silhouette': 0.49880208306274604, 'num_points': 7}, {'avg_silhouette': 0.6685754552978942, 'num_points': 8}, {'avg_silhouette': 0.5399861465751001, 'num_points': 22}, {'avg_silhouette': 0.3496980031451107, 'num_points': 8}, {'avg_silhouette': 0.6659840647417923, 'num_points': 17}, {'avg_silhouette': 0.8983159447513307, 'num_points': 8}, {'avg_silhouette': 0.8856899480491373, 'num_points': 11}, {'avg_silhouette': 0.41171116296785065, 'num_points': 6}, {'avg_silhouette': 0.8310355090634426, 'num_points': 6}, {'avg_silhouette': 0.42123138731204823, 'num_points': 9}, {'avg_silhouette': 0.41217258411475116, 'num_points': 12}, {'avg_silhouette': 0.039024574582463396, 'num_points': 6}, {'avg_silhouette': 0.3394285125870059, 'num_points': 2}]",5.0,56,0.1471866198858128,,2,0.47657669244872936
DBSCAN,,0.23666666666666547,"[{'avg_silhouette': 0.3515508669508817, 'num_points': 30}, {'avg_silhouette': 0.39956062152697985, 'num_points': 2757}, {'avg_silhouette': 0.32058149857040397, 'num_points': 25}, {'avg_silhouette': 0.33245983247361616, 'num_points': 34}, {'avg_silhouette': 0.37434438408750864, 'num_points': 72}, {'avg_silhouette': 0.6162307904550923, 'num_points': 252}, {'avg_silhouette': 0.4598894465465403, 'num_points': 40}, {'avg_silhouette': 0.3243828258836319, 'num_points': 24}, {'avg_silhouette': 0.3298343598172039, 'num_points': 175}, {'avg_silhouette': 0.5646294641563336, 'num_points': 351}, {'avg_silhouette': 0.37054563002326146, 'num_points': 136}, {'avg_silhouette': 0.6846674468430269, 'num_points': 20}, {'avg_silhouette': 0.4373043812515365, 'num_points': 15}, {'avg_silhouette': 0.4068072120525212, 'num_points': 37}, {'avg_silhouette': 0.8602002585939509, 'num_points': 11}, {'avg_silhouette': 0.5700822234819983, 'num_points': 64}, {'avg_silhouette': 0.4325680429445598, 'num_points': 17}, {'avg_silhouette': 0.7290803811859536, 'num_points': 14}, {'avg_silhouette': 0.6953679550123378, 'num_points': 19}, {'avg_silhouette': 0.46079244210048576, 'num_points': 16}, {'avg_silhouette': 0.31920904717878346, 'num_points': 54}, {'avg_silhouette': 0.5356070810255842, 'num_points': 42}, {'avg_silhouette': 0.5467868933696498, 'num_points': 13}, {'avg_silhouette': 0.5280253153399085, 'num_points': 12}, {'avg_silhouette': 0.6048452806109544, 'num_points': 19}, {'avg_silhouette': 0.44057561480449264, 'num_points': 14}, {'avg_silhouette': 0.6306296463523239, 'num_points': 22}, {'avg_silhouette': 0.8188049475623665, 'num_points': 13}, {'avg_silhouette': 0.5378041995972821, 'num_points': 22}, {'avg_silhouette': 0.6261347297209771, 'num_points': 18}, {'avg_silhouette': 0.8863958441728127, 'num_points': 11}, {'avg_silhouette': 0.6334451733664387, 'num_points': 12}]",10.0,32,0.14596939797787403,,2,0.4820950428416567
DBSCAN,,0.22666666666666546,"[{'avg_silhouette': 0.3659460715082865, 'num_points': 29}, {'avg_silhouette': 0.4033601895949495, 'num_points': 2746}, {'avg_silhouette': 0.3901395680448865, 'num_points': 22}, {'avg_silhouette': 0.33245983247361616, 'num_points': 34}, {'avg_silhouette': 0.6117711902857129, 'num_points': 252}, {'avg_silhouette': 0.3312246545176953, 'num_points': 23}, {'avg_silhouette': 0.3380241503410033, 'num_points': 172}, {'avg_silhouette': 0.5677085430718659, 'num_points': 349}, {'avg_silhouette': 0.4082265378894673, 'num_points': 129}, {'avg_silhouette': 0.6845366304456469, 'num_points': 20}, {'avg_silhouette': 0.46407163512509314, 'num_points': 14}, {'avg_silhouette': 0.860192613839363, 'num_points': 11}, {'avg_silhouette': 0.5700822234819983, 'num_points': 64}, {'avg_silhouette': 0.4643525320842993, 'num_points': 16}, {'avg_silhouette': 0.7266092442064604, 'num_points': 14}, {'avg_silhouette': 0.6847494498271434, 'num_points': 19}, {'avg_silhouette': 0.4685972204174912, 'num_points': 15}, {'avg_silhouette': 0.4352165979280475, 'num_points': 35}, {'avg_silhouette': 0.5699332267227599, 'num_points': 40}, {'avg_silhouette': 0.5430033475496545, 'num_points': 13}, {'avg_silhouette': 0.5269001650727692, 'num_points': 12}, {'avg_silhouette': 0.6573288161673083, 'num_points': 17}, {'avg_silhouette': 0.326801857065751, 'num_points': 47}, {'avg_silhouette': 0.6263116986090939, 'num_points': 22}, {'avg_silhouette': 0.8183211881540698, 'num_points': 13}, {'avg_silhouette': 0.4667512471380505, 'num_points': 13}, {'avg_silhouette': 0.385360699790746, 'num_points': 69}, {'avg_silhouette': 0.4629424822067196, 'num_points': 39}, {'avg_silhouette': 0.5378041995972821, 'num_points': 22}, {'avg_silhouette': 0.6659840647417923, 'num_points': 17}, {'avg_silhouette': 0.8864195317629193, 'num_points': 11}, {'avg_silhouette': 0.6606633068059596, 'num_points': 11}]",10.0,32,0.14287061352552646,,2,0.48553436633340774
DBSCAN,,0.2666666666666655,"[{'avg_silhouette': 0.3813682348569024, 'num_points': 45}, {'avg_silhouette': 0.3771241596106749, 'num_points': 3192}, {'avg_silhouette': 0.7371268326110318, 'num_points': 46}, {'avg_silhouette': 0.4384986436411197, 'num_points': 100}, {'avg_silhouette': 0.6946013931907957, 'num_points': 7}, {'avg_silhouette': 0.15549850352504863, 'num_points': 106}, {'avg_silhouette': 0.41661956698981456, 'num_points': 332}, {'avg_silhouette': 0.14989076685898187, 'num_points': 60}, {'avg_silhouette': 0.5340769290584921, 'num_points': 8}, {'avg_silhouette': 0.20197352115760336, 'num_points': 49}, {'avg_silhouette': 0.22251001250911723, 'num_points': 203}, {'avg_silhouette': 0.28687147438505994, 'num_points': 162}, {'avg_silhouette': 0.08102996008985569, 'num_points': 86}, {'avg_silhouette': 0.5750861964061696, 'num_points': 20}, {'avg_silhouette': 0.4056778658677276, 'num_points': 18}, {'avg_silhouette': 0.46743471503143547, 'num_points': 18}, {'avg_silhouette': 0.4549095768357622, 'num_points': 40}, {'avg_silhouette': 0.7975992279084967, 'num_points': 15}, {'avg_silhouette': 0.3407120636520879, 'num_points': 27}, {'avg_silhouette': 0.6864809940787417, 'num_points': 8}, {'avg_silhouette': 0.36491107392456845, 'num_points': 8}, {'avg_silhouette': 0.5148526523533545, 'num_points': 15}, {'avg_silhouette': 0.4586846198087942, 'num_points': 14}, {'avg_silhouette': 0.5936199233098565, 'num_points': 20}, {'avg_silhouette': 0.21279202401458078, 'num_points': 29}, {'avg_silhouette': 0.38255107497475216, 'num_points': 8}, {'avg_silhouette': 0.7915832667074062, 'num_points': 15}, {'avg_silhouette': 0.40754603526746, 'num_points': 10}, {'avg_silhouette': 0.3801279206422433, 'num_points': 7}, {'avg_silhouette': 0.392131104888035, 'num_points': 7}, {'avg_silhouette': 0.4235244027150768, 'num_points': 4}, {'avg_silhouette': 0.586595605604875, 'num_points': 9}, {'avg_silhouette': 0.5131427370178262, 'num_points': 25}, {'avg_silhouette': 0.6488140917488046, 'num_points': 18}, {'avg_silhouette': 0.8975750076345341, 'num_points': 8}, {'avg_silhouette': 0.5918425373165729, 'num_points': 5}, {'avg_silhouette': 0.886749889665543, 'num_points': 11}, {'avg_silhouette': 0.32735338883834175, 'num_points': 9}, {'avg_silhouette': 0.42265175087637213, 'num_points': 5}]",5.0,39,0.14159650078330166,,1,
DBSCAN,,0.21666666666666545,"[{'avg_silhouette': 0.4045431169552206, 'num_points': 26}, {'avg_silhouette': 0.40584054975670536, 'num_points': 2733}, {'avg_silhouette': 0.3901395680448865, 'num_points': 22}, {'avg_silhouette': 0.34070681056757385, 'num_points': 33}, {'avg_silhouette': 0.6153675267909363, 'num_points': 251}, {'avg_silhouette': 0.34289322132081257, 'num_points': 22}, {'avg_silhouette': 0.34130735337160123, 'num_points': 169}, {'avg_silhouette': 0.582820728861016, 'num_points': 344}, {'avg_silhouette': 0.41054787711032936, 'num_points': 126}, {'avg_silhouette': 0.6828309042212755, 'num_points': 20}, {'avg_silhouette': 0.8601740017699171, 'num_points': 11}, {'avg_silhouette': 0.5784741325641591, 'num_points': 63}, {'avg_silhouette': 0.46125168479047235, 'num_points': 16}, {'avg_silhouette': 0.7205362340274579, 'num_points': 14}, {'avg_silhouette': 0.6847494498271434, 'num_points': 19}, {'avg_silhouette': 0.5084261187475292, 'num_points': 11}, {'avg_silhouette': 0.44039792298901526, 'num_points': 34}, {'avg_silhouette': 0.5697595548317079, 'num_points': 40}, {'avg_silhouette': 0.5256995382900684, 'num_points': 12}, {'avg_silhouette': 0.6568364557580324, 'num_points': 17}, {'avg_silhouette': 0.62631403991724, 'num_points': 22}, {'avg_silhouette': 0.8334001705420925, 'num_points': 12}, {'avg_silhouette': 0.6568556262085804, 'num_points': 11}, {'avg_silhouette': 0.4583576566260117, 'num_points': 13}, {'avg_silhouette': 0.4764356684824254, 'num_points': 16}, {'avg_silhouette': 0.4176830489847033, 'num_points': 63}, {'avg_silhouette': 0.45867436672154493, 'num_points': 39}, {'avg_silhouette': 0.5356369366945354, 'num_points': 22}, {'avg_silhouette': 0.6656403568021567, 'num_points': 17}, {'avg_silhouette': 0.48304992116129913, 'num_points': 13}, {'avg_silhouette': 0.9099418177807092, 'num_points': 10}, {'avg_silhouette': 0.6872016488031638, 'num_points': 10}]",10.0,32,0.1403715781638123,,2,0.4943306393088607
DBSCAN,,0.21666666666666545,"[{'avg_silhouette': 0.3659460715082865, 'num_points': 29}, {'avg_silhouette': 0.4033970568608604, 'num_points': 2737}, {'avg_silhouette': 0.33508878560715094, 'num_points': 24}, {'avg_silhouette': 0.34070681056757385, 'num_points': 33}, {'avg_silhouette': 0.35739904480692974, 'num_points': 66}, {'avg_silhouette': 0.6137732076056424, 'num_points': 251}, {'avg_silhouette': 0.7122465302038099, 'num_points': 8}, {'avg_silhouette': 0.44171252901326197, 'num_points': 41}, {'avg_silhouette': 0.29431665634205995, 'num_points': 24}, {'avg_silhouette': 0.21726936998585286, 'num_points': 172}, {'avg_silhouette': 0.5736485933156827, 'num_points': 346}, {'avg_silhouette': 0.34302204483811843, 'num_points': 130}, {'avg_silhouette': 0.09081806139900779, 'num_points': 45}, {'avg_silhouette': 0.5286129315603677, 'num_points': 20}, {'avg_silhouette': 0.4875957940527757, 'num_points': 13}, {'avg_silhouette': 0.5272416808245595, 'num_points': 9}, {'avg_silhouette': 0.4236551187650746, 'num_points': 36}, {'avg_silhouette': 0.86023311623335, 'num_points': 11}, {'avg_silhouette': 0.5784741325641591, 'num_points': 63}, {'avg_silhouette': 0.38793033193003407, 'num_points': 6}, {'avg_silhouette': 0.43310720987663054, 'num_points': 16}, {'avg_silhouette': 0.7266092442064604, 'num_points': 14}, {'avg_silhouette': 0.4428429206366805, 'num_points': 9}, {'avg_silhouette': 0.6923134312912902, 'num_points': 19}, {'avg_silhouette': 0.4881249077817002, 'num_points': 8}, {'avg_silhouette': 0.44697701489298297, 'num_points': 17}, {'avg_silhouette': 0.6721709563871414, 'num_points': 8}, {'avg_silhouette': 0.5700337221122985, 'num_points': 40}, {'avg_silhouette': 0.6243474516980675, 'num_points': 11}, {'avg_silhouette': 0.4956597256562645, 'num_points': 12}, {'avg_silhouette': 0.6569763508602042, 'num_points': 17}, {'avg_silhouette': 0.43874980995129664, 'num_points': 13}, {'avg_silhouette': 0.41763449310945056, 'num_points': 14}, {'avg_silhouette': 0.3982808365698157, 'num_points': 7}, {'avg_silhouette': 0.6266722384069427, 'num_points': 22}, {'avg_silhouette': 0.7012834928522655, 'num_points': 9}, {'avg_silhouette': 0.7115241201465349, 'num_points': 7}, {'avg_silhouette': 0.4382970979592403, 'num_points': 7}, {'avg_silhouette': 0.8185144534590089, 'num_points': 13}, {'avg_silhouette': 0.5081324109506904, 'num_points': 7}, {'avg_silhouette': 0.5654284820546225, 'num_points': 5}, {'avg_silhouette': 0.511684357594338, 'num_points': 5}, {'avg_silhouette': 0.5958048488458595, 'num_points': 5}, {'avg_silhouette': 0.6685754552978942, 'num_points': 8}, {'avg_silhouette': 0.5356369366945354, 'num_points': 22}, {'avg_silhouette': 0.5052021096639506, 'num_points': 9}, {'avg_silhouette': 0.36185431419121755, 'num_points': 7}, {'avg_silhouette': 0.6656403568021567, 'num_points': 17}, {'avg_silhouette': 0.898219263162123, 'num_points': 8}, {'avg_silhouette': 0.9098575630269657, 'num_points': 10}, {'avg_silhouette': 0.41311892479184137, 'num_points': 5}, {'avg_silhouette': 0.4488239663269575, 'num_points': 8}, {'avg_silhouette': 0.49566106225483375, 'num_points': 10}, {'avg_silhouette': 0.12584452873337987, 'num_points': 5}, {'avg_silhouette': 0.2322027585870318, 'num_points': 2}, {'avg_silhouette': 0.8310355090634426, 'num_points': 6}]",5.0,56,0.1400584759245887,,2,0.4885228250882716
DBSCAN,,0.2566666666666655,"[{'avg_silhouette': 0.5455518450264287, 'num_points': 45}, {'avg_silhouette': 0.3719591976440571, 'num_points': 3153}, {'avg_silhouette': 0.7377015219901814, 'num_points': 45}, {'avg_silhouette': 0.45508539587427177, 'num_points': 98}, {'avg_silhouette': 0.3562363807013545, 'num_points': 75}, {'avg_silhouette': 0.5803747738412713, 'num_points': 261}, {'avg_silhouette': 0.22888190444183787, 'num_points': 30}, {'avg_silhouette': 0.41563153391618807, 'num_points': 46}, {'avg_silhouette': 0.3207726131341776, 'num_points': 186}, {'avg_silhouette': 0.34312182732803276, 'num_points': 147}, {'avg_silhouette': 0.22497863471199434, 'num_points': 64}, {'avg_silhouette': 0.5708431423802488, 'num_points': 20}, {'avg_silhouette': 0.414985676874861, 'num_points': 16}, {'avg_silhouette': 0.38734997651008135, 'num_points': 39}, {'avg_silhouette': 0.8372349731445482, 'num_points': 12}, {'avg_silhouette': 0.4288472383740152, 'num_points': 19}, {'avg_silhouette': 0.612294319579936, 'num_points': 12}, {'avg_silhouette': 0.5157477166214373, 'num_points': 43}, {'avg_silhouette': 0.5180192201568684, 'num_points': 14}, {'avg_silhouette': 0.5478113062829427, 'num_points': 12}, {'avg_silhouette': 0.610487493088429, 'num_points': 19}, {'avg_silhouette': 0.39626524247771333, 'num_points': 20}, {'avg_silhouette': 0.40883192973793164, 'num_points': 15}, {'avg_silhouette': 0.6322173691302265, 'num_points': 22}, {'avg_silhouette': 0.7915657369223569, 'num_points': 15}, {'avg_silhouette': 0.5318844519532738, 'num_points': 24}, {'avg_silhouette': 0.6302068029036851, 'num_points': 18}, {'avg_silhouette': 0.8863958441728127, 'num_points': 11}, {'avg_silhouette': 0.5861014850102445, 'num_points': 14}]",10.0,29,0.13934172463921007,,1,
DBSCAN,,0.20666666666666544,"[{'avg_silhouette': 0.4182455834152268, 'num_points': 25}, {'avg_silhouette': 0.4081789999976964, 'num_points': 2722}, {'avg_silhouette': 0.41985936392528034, 'num_points': 20}, {'avg_silhouette': 0.6214561678437239, 'num_points': 250}, {'avg_silhouette': 0.33216430636768596, 'num_points': 161}, {'avg_silhouette': 0.5850896309682928, 'num_points': 341}, {'avg_silhouette': 0.4246711620974985, 'num_points': 123}, {'avg_silhouette': 0.7112151674640111, 'num_points': 19}, {'avg_silhouette': 0.3604358795660035, 'num_points': 31}, {'avg_silhouette': 0.3949509605023594, 'num_points': 17}, {'avg_silhouette': 0.8601177814251397, 'num_points': 11}, {'avg_silhouette': 0.584899825156164, 'num_points': 62}, {'avg_silhouette': 0.6783663292541865, 'num_points': 19}, {'avg_silhouette': 0.4762641762253168, 'num_points': 16}, {'avg_silhouette': 0.7183839870391161, 'num_points': 14}, {'avg_silhouette': 0.569237086371113, 'num_points': 40}, {'avg_silhouette': 0.6565274269991574, 'num_points': 17}, {'avg_silhouette': 0.5563185756941788, 'num_points': 11}, {'avg_silhouette': 0.6259886003329018, 'num_points': 22}, {'avg_silhouette': 0.5121584284921051, 'num_points': 14}, {'avg_silhouette': 0.6566789303108722, 'num_points': 11}, {'avg_silhouette': 0.4583576566260117, 'num_points': 13}, {'avg_silhouette': 0.6064208988954786, 'num_points': 11}, {'avg_silhouette': 0.518111307397283, 'num_points': 17}, {'avg_silhouette': 0.41603896468768004, 'num_points': 63}, {'avg_silhouette': 0.8460163410351625, 'num_points': 11}, {'avg_silhouette': 0.45867436672154493, 'num_points': 39}, {'avg_silhouette': 0.5533031189599806, 'num_points': 21}, {'avg_silhouette': 0.6650440630135932, 'num_points': 17}, {'avg_silhouette': 0.5044294605834706, 'num_points': 12}, {'avg_silhouette': 0.6864874955531433, 'num_points': 10}, {'avg_silhouette': 0.9099418177807092, 'num_points': 10}]",10.0,32,0.13720494640916686,,2,0.49663431548299464
DBSCAN,,0.20666666666666544,"[{'avg_silhouette': 0.3797622718429357, 'num_points': 28}, {'avg_silhouette': 0.40504748279752956, 'num_points': 2729}, {'avg_silhouette': 0.41985936392528034, 'num_points': 20}, {'avg_silhouette': 0.34808352721068525, 'num_points': 32}, {'avg_silhouette': 0.35670210417077225, 'num_points': 65}, {'avg_silhouette': 0.61829103233272, 'num_points': 250}, {'avg_silhouette': 0.7087016422544978, 'num_points': 8}, {'avg_silhouette': 0.44103940017173926, 'num_points': 41}, {'avg_silhouette': 0.3620784099981483, 'num_points': 19}, {'avg_silhouette': 0.2483640857377609, 'num_points': 167}, {'avg_silhouette': 0.5761035178902247, 'num_points': 343}, {'avg_silhouette': 0.3416301293544534, 'num_points': 128}, {'avg_silhouette': 0.5674670086449891, 'num_points': 19}, {'avg_silhouette': 0.4857474859789535, 'num_points': 13}, {'avg_silhouette': 0.5272416808245595, 'num_points': 9}, {'avg_silhouette': 0.8601427239438396, 'num_points': 11}, {'avg_silhouette': 0.14209561743198737, 'num_points': 37}, {'avg_silhouette': 0.5859086751797584, 'num_points': 62}, {'avg_silhouette': 0.4425516410159642, 'num_points': 5}, {'avg_silhouette': 0.4867466371449619, 'num_points': 14}, {'avg_silhouette': 0.7251371484577014, 'num_points': 14}, {'avg_silhouette': 0.4795560957315652, 'num_points': 8}, {'avg_silhouette': 0.6783663292541865, 'num_points': 19}, {'avg_silhouette': 0.4837646874248604, 'num_points': 14}, {'avg_silhouette': 0.6718671633476592, 'num_points': 8}, {'avg_silhouette': 0.44494307002632216, 'num_points': 33}, {'avg_silhouette': 0.5694983209493492, 'num_points': 40}, {'avg_silhouette': 0.4956597256562645, 'num_points': 12}, {'avg_silhouette': 0.6568058864704341, 'num_points': 17}, {'avg_silhouette': 0.5190118236120381, 'num_points': 7}, {'avg_silhouette': 0.41763449310945056, 'num_points': 14}, {'avg_silhouette': 0.6243474516980675, 'num_points': 11}, {'avg_silhouette': 0.625556371166058, 'num_points': 22}, {'avg_silhouette': 0.6943534342106504, 'num_points': 9}, {'avg_silhouette': 0.7115241201465349, 'num_points': 7}, {'avg_silhouette': 0.43729009024662163, 'num_points': 7}, {'avg_silhouette': 0.8182242795504234, 'num_points': 13}, {'avg_silhouette': 0.5212512600421295, 'num_points': 7}, {'avg_silhouette': 0.5114169901322503, 'num_points': 7}, {'avg_silhouette': 0.5654284820546225, 'num_points': 5}, {'avg_silhouette': 0.4709793029534448, 'num_points': 6}, {'avg_silhouette': 0.5125188603993858, 'num_points': 5}, {'avg_silhouette': 0.667365654189179, 'num_points': 8}, {'avg_silhouette': 0.5543519110865964, 'num_points': 21}, {'avg_silhouette': 0.524416709585029, 'num_points': 9}, {'avg_silhouette': 0.6650440630135932, 'num_points': 17}, {'avg_silhouette': 0.8977101531369178, 'num_points': 8}, {'avg_silhouette': 0.9099418177807092, 'num_points': 10}, {'avg_silhouette': 0.4015490883822903, 'num_points': 6}, {'avg_silhouette': 0.47247642958586605, 'num_points': 8}, {'avg_silhouette': 0.48495861660026635, 'num_points': 10}, {'avg_silhouette': 0.5365944249389283, 'num_points': 5}, {'avg_silhouette': 0.8308472136469672, 'num_points': 6}]",5.0,53,0.13370976364220674,,2,0.49057550034387715
DBSCAN,,0.2566666666666655,"[{'avg_silhouette': 0.3813682348569024, 'num_points': 45}, {'avg_silhouette': 0.34984852006293876, 'num_points': 3158}, {'avg_silhouette': 0.7377930177514934, 'num_points': 45}, {'avg_silhouette': 0.4478557864235751, 'num_points': 99}, {'avg_silhouette': 0.831677006447269, 'num_points': 6}, {'avg_silhouette': 0.289409025861527, 'num_points': 75}, {'avg_silhouette': 0.5490450857040247, 'num_points': 268}, {'avg_silhouette': 0.1283996289283877, 'num_points': 37}, {'avg_silhouette': 0.5432199658174315, 'num_points': 8}, {'avg_silhouette': 0.2032585267992206, 'num_points': 46}, {'avg_silhouette': 0.22463102171035254, 'num_points': 200}, {'avg_silhouette': 0.2895182583234404, 'num_points': 158}, {'avg_silhouette': 0.05087258983052367, 'num_points': 70}, {'avg_silhouette': 0.5800394341577501, 'num_points': 20}, {'avg_silhouette': 0.37905976869685215, 'num_points': 17}, {'avg_silhouette': 0.4984033195917147, 'num_points': 17}, {'avg_silhouette': 0.5168162397964606, 'num_points': 43}, {'avg_silhouette': 0.38915833441584846, 'num_points': 39}, {'avg_silhouette': 0.7945468669631095, 'num_points': 15}, {'avg_silhouette': 0.3807277997662953, 'num_points': 24}, {'avg_silhouette': 0.6838943825529555, 'num_points': 8}, {'avg_silhouette': 0.35876254105090033, 'num_points': 8}, {'avg_silhouette': 0.5278101829726672, 'num_points': 14}, {'avg_silhouette': 0.5228857143394012, 'num_points': 12}, {'avg_silhouette': 0.6107404582577131, 'num_points': 19}, {'avg_silhouette': 0.3434730738671992, 'num_points': 26}, {'avg_silhouette': 0.3650747209552824, 'num_points': 8}, {'avg_silhouette': 0.372916099879627, 'num_points': 16}, {'avg_silhouette': 0.6322173691302265, 'num_points': 22}, {'avg_silhouette': 0.7807777023999013, 'num_points': 9}, {'avg_silhouette': 0.7915657369223569, 'num_points': 15}, {'avg_silhouette': 0.40566949624668824, 'num_points': 10}, {'avg_silhouette': 0.47257227093579757, 'num_points': 9}, {'avg_silhouette': 0.4713729311890914, 'num_points': 5}, {'avg_silhouette': 0.4431150404454682, 'num_points': 10}, {'avg_silhouette': 0.3558250760623145, 'num_points': 6}, {'avg_silhouette': 0.586595605604875, 'num_points': 9}, {'avg_silhouette': 0.4591928013534091, 'num_points': 5}, {'avg_silhouette': 0.5120431781337806, 'num_points': 25}, {'avg_silhouette': 0.377055701485023, 'num_points': 8}, {'avg_silhouette': 0.6321944848621956, 'num_points': 18}, {'avg_silhouette': 0.899010858214538, 'num_points': 8}, {'avg_silhouette': 0.8863958441728127, 'num_points': 11}, {'avg_silhouette': 0.46341137459472415, 'num_points': 9}, {'avg_silhouette': 0.32658477372036016, 'num_points': 17}, {'avg_silhouette': 0.40253809634877813, 'num_points': 8}, {'avg_silhouette': 0.4142357996121661, 'num_points': 5}]",5.0,47,0.13025654782390855,,1,
DBSCAN,,0.19666666666666544,"[{'avg_silhouette': 0.47055252014375076, 'num_points': 22}, {'avg_silhouette': 0.34916746605689647, 'num_points': 2665}, {'avg_silhouette': 0.46205459727142034, 'num_points': 18}, {'avg_silhouette': 0.3806167740169154, 'num_points': 29}, {'avg_silhouette': 0.29351501064481206, 'num_points': 18}, {'avg_silhouette': 0.6363145579685512, 'num_points': 245}, {'avg_silhouette': 0.7082737880930486, 'num_points': 7}, {'avg_silhouette': 0.45744992996376277, 'num_points': 38}, {'avg_silhouette': 0.37737284641691243, 'num_points': 17}, {'avg_silhouette': 0.2407324583168704, 'num_points': 164}, {'avg_silhouette': 0.5975702701681446, 'num_points': 334}, {'avg_silhouette': 0.3637534576313212, 'num_points': 118}, {'avg_silhouette': 0.619144714355548, 'num_points': 16}, {'avg_silhouette': 0.27784563909462273, 'num_points': 7}, {'avg_silhouette': 0.5150192060709969, 'num_points': 9}, {'avg_silhouette': 0.8598558756604128, 'num_points': 11}, {'avg_silhouette': 0.6041341844619813, 'num_points': 60}, {'avg_silhouette': 0.4867466371449619, 'num_points': 14}, {'avg_silhouette': 0.583935630850112, 'num_points': 8}, {'avg_silhouette': 0.6765644058162531, 'num_points': 19}, {'avg_silhouette': 0.22382506366574795, 'num_points': 8}, {'avg_silhouette': 0.7589126733587868, 'num_points': 7}, {'avg_silhouette': 0.7069147008709035, 'num_points': 12}, {'avg_silhouette': 0.7106785627575852, 'num_points': 14}, {'avg_silhouette': 0.5607629172669849, 'num_points': 40}, {'avg_silhouette': 0.4736733575900277, 'num_points': 18}, {'avg_silhouette': 0.15107438771981238, 'num_points': 20}, {'avg_silhouette': 0.5423909935432586, 'num_points': 11}, {'avg_silhouette': 0.6957046068211724, 'num_points': 15}, {'avg_silhouette': 0.5522840038190074, 'num_points': 5}, {'avg_silhouette': 0.4094427783879972, 'num_points': 14}, {'avg_silhouette': 0.6830446774869702, 'num_points': 10}, {'avg_silhouette': 0.7318599973707492, 'num_points': 19}, {'avg_silhouette': 0.6943534342106504, 'num_points': 9}, {'avg_silhouette': 0.8434781389159909, 'num_points': 6}, {'avg_silhouette': 0.8168276538531174, 'num_points': 13}, {'avg_silhouette': 0.43959546597892113, 'num_points': 5}, {'avg_silhouette': 0.5792298409972123, 'num_points': 10}, {'avg_silhouette': 0.570509174851718, 'num_points': 6}, {'avg_silhouette': 0.32753348077201866, 'num_points': 28}, {'avg_silhouette': 0.4408006960273943, 'num_points': 7}, {'avg_silhouette': 0.5565607362833728, 'num_points': 5}, {'avg_silhouette': 0.3601791702625342, 'num_points': 62}, {'avg_silhouette': 0.6561035768139992, 'num_points': 8}, {'avg_silhouette': 0.5513373301004932, 'num_points': 21}, {'avg_silhouette': 0.44970244276629845, 'num_points': 8}, {'avg_silhouette': 0.6641699164470651, 'num_points': 17}, {'avg_silhouette': 0.8976448861571091, 'num_points': 8}, {'avg_silhouette': 0.5663040126818315, 'num_points': 10}, {'avg_silhouette': 0.9098120482951997, 'num_points': 10}, {'avg_silhouette': 0.4402735345490454, 'num_points': 5}, {'avg_silhouette': 0.4623254745567831, 'num_points': 7}, {'avg_silhouette': 0.5189700913742405, 'num_points': 9}, {'avg_silhouette': 0.5365944249389283, 'num_points': 5}, {'avg_silhouette': 0.8648610508469616, 'num_points': 5}]",5.0,55,0.09654092518770648,,1,
DBSCAN,,0.19666666666666544,"[{'avg_silhouette': 0.47055252014375076, 'num_points': 22}, {'avg_silhouette': 0.31083691456764767, 'num_points': 2656}, {'avg_silhouette': 0.46205459727142034, 'num_points': 18}, {'avg_silhouette': 0.6329784882164794, 'num_points': 245}, {'avg_silhouette': 0.3380436664851213, 'num_points': 158}, {'avg_silhouette': 0.6052419982261246, 'num_points': 333}, {'avg_silhouette': 0.4390353385266113, 'num_points': 117}, {'avg_silhouette': 0.7446702764499852, 'num_points': 16}, {'avg_silhouette': 0.3806167740169154, 'num_points': 29}, {'avg_silhouette': 0.3965540090395439, 'num_points': 16}, {'avg_silhouette': 0.8598525070830841, 'num_points': 11}, {'avg_silhouette': 0.6041341844619813, 'num_points': 60}, {'avg_silhouette': 0.4025411503224149, 'num_points': 14}, {'avg_silhouette': 0.6765644058162531, 'num_points': 19}, {'avg_silhouette': 0.7069147008709035, 'num_points': 12}, {'avg_silhouette': 0.7106785627575852, 'num_points': 14}, {'avg_silhouette': 0.5602889322626673, 'num_points': 40}, {'avg_silhouette': 0.722272971748378, 'num_points': 14}, {'avg_silhouette': 0.5806659222749769, 'num_points': 10}, {'avg_silhouette': 0.7318599973707492, 'num_points': 19}, {'avg_silhouette': 0.5480271444193969, 'num_points': 13}, {'avg_silhouette': 0.47896455031600776, 'num_points': 11}, {'avg_silhouette': 0.7055718571403146, 'num_points': 10}, {'avg_silhouette': 0.4736733575900277, 'num_points': 18}, {'avg_silhouette': 0.4154762523425045, 'num_points': 26}, {'avg_silhouette': 0.4351352026676828, 'num_points': 58}, {'avg_silhouette': 0.8459418176676459, 'num_points': 11}, {'avg_silhouette': 0.5513373301004932, 'num_points': 21}, {'avg_silhouette': 0.49768697632154063, 'num_points': 29}, {'avg_silhouette': 0.6641699164470651, 'num_points': 17}, {'avg_silhouette': 0.5639288621489295, 'num_points': 10}, {'avg_silhouette': 0.9098120482951997, 'num_points': 10}]",10.0,32,0.09527637867782349,,1,
DBSCAN,,0.18666666666666543,"[{'avg_silhouette': 0.4625353424301611, 'num_points': 22}, {'avg_silhouette': 0.3546154827286322, 'num_points': 2651}, {'avg_silhouette': 0.4800237934673098, 'num_points': 17}, {'avg_silhouette': 0.38976532211772746, 'num_points': 28}, {'avg_silhouette': 0.29124619490636755, 'num_points': 18}, {'avg_silhouette': 0.6299501305389037, 'num_points': 245}, {'avg_silhouette': 0.7094352326822247, 'num_points': 7}, {'avg_silhouette': 0.3756810899947841, 'num_points': 16}, {'avg_silhouette': 0.2901304920961869, 'num_points': 113}, {'avg_silhouette': 0.17162164166681076, 'num_points': 39}, {'avg_silhouette': 0.5974077377070752, 'num_points': 334}, {'avg_silhouette': 0.38953668856620033, 'num_points': 37}, {'avg_silhouette': 0.619144714355548, 'num_points': 16}, {'avg_silhouette': 0.5150192060709969, 'num_points': 9}, {'avg_silhouette': 0.8596602764374051, 'num_points': 11}, {'avg_silhouette': 0.6195327016556497, 'num_points': 58}, {'avg_silhouette': 0.45958041766810304, 'num_points': 75}, {'avg_silhouette': 0.4867466371449619, 'num_points': 14}, {'avg_silhouette': 0.583935630850112, 'num_points': 8}, {'avg_silhouette': 0.7091628909345294, 'num_points': 18}, {'avg_silhouette': 0.39011388876618996, 'num_points': 6}, {'avg_silhouette': 0.7584230798389553, 'num_points': 7}, {'avg_silhouette': 0.7617250132119859, 'num_points': 11}, {'avg_silhouette': 0.7684535763706107, 'num_points': 13}, {'avg_silhouette': 0.5962874068164039, 'num_points': 38}, {'avg_silhouette': 0.20947074875886923, 'num_points': 14}, {'avg_silhouette': 0.5414536619623396, 'num_points': 11}, {'avg_silhouette': 0.7123556823004875, 'num_points': 14}, {'avg_silhouette': 0.5425617078975608, 'num_points': 9}, {'avg_silhouette': 0.7555258936485109, 'num_points': 9}, {'avg_silhouette': 0.7303064955652613, 'num_points': 19}, {'avg_silhouette': 0.6943534342106504, 'num_points': 9}, {'avg_silhouette': 0.8434781389159909, 'num_points': 6}, {'avg_silhouette': 0.8320605870046934, 'num_points': 12}, {'avg_silhouette': 0.5465300407198532, 'num_points': 10}, {'avg_silhouette': 0.510175285822577, 'num_points': 8}, {'avg_silhouette': 0.5214124162110166, 'num_points': 6}, {'avg_silhouette': 0.4762467996055517, 'num_points': 17}, {'avg_silhouette': 0.4522640786477321, 'num_points': 6}, {'avg_silhouette': 0.5503664382400997, 'num_points': 5}, {'avg_silhouette': 0.3405121585527341, 'num_points': 26}, {'avg_silhouette': 0.4005119235699752, 'num_points': 61}, {'avg_silhouette': 0.32960484274853724, 'num_points': 6}, {'avg_silhouette': 0.47597538284347385, 'num_points': 35}, {'avg_silhouette': 0.6561035768139992, 'num_points': 8}, {'avg_silhouette': 0.5753785075558802, 'num_points': 20}, {'avg_silhouette': 0.4467726164539332, 'num_points': 8}, {'avg_silhouette': 0.6641699164470651, 'num_points': 17}, {'avg_silhouette': 0.8976166773860443, 'num_points': 8}, {'avg_silhouette': 0.60671778677832, 'num_points': 9}, {'avg_silhouette': 0.9403672767167256, 'num_points': 9}, {'avg_silhouette': 0.5133529572899441, 'num_points': 6}, {'avg_silhouette': 0.692674401795863, 'num_points': 9}, {'avg_silhouette': 0.8646411384136945, 'num_points': 5}]",5.0,54,0.09086940158562783,,1,
DBSCAN,,0.13666666666666538,"[{'avg_silhouette': 0.4302457722038194, 'num_points': 14}, {'avg_silhouette': 0.5260802667412646, 'num_points': 1588}, {'avg_silhouette': 0.3421664009996888, 'num_points': 461}, {'avg_silhouette': 0.5043644446022068, 'num_points': 15}, {'avg_silhouette': 0.568137362497906, 'num_points': 213}, {'avg_silhouette': 0.1765885705628346, 'num_points': 353}, {'avg_silhouette': 0.42878615879719884, 'num_points': 65}, {'avg_silhouette': 0.4082952080360338, 'num_points': 34}, {'avg_silhouette': 0.4582123043000249, 'num_points': 287}, {'avg_silhouette': 0.4950336689948999, 'num_points': 14}, {'avg_silhouette': 0.4526460776325191, 'num_points': 10}, {'avg_silhouette': 0.2870438947709901, 'num_points': 22}, {'avg_silhouette': 0.6444708430266479, 'num_points': 7}, {'avg_silhouette': 0.5355900292735868, 'num_points': 9}, {'avg_silhouette': 0.4428376216078337, 'num_points': 7}, {'avg_silhouette': 0.6503377367525968, 'num_points': 6}, {'avg_silhouette': 0.4591743995488807, 'num_points': 7}, {'avg_silhouette': 0.4331531623544896, 'num_points': 5}, {'avg_silhouette': 0.4547946375680893, 'num_points': 5}, {'avg_silhouette': 0.6571134037408971, 'num_points': 39}, {'avg_silhouette': 0.3051381242979127, 'num_points': 11}, {'avg_silhouette': 0.5759996134177513, 'num_points': 6}, {'avg_silhouette': 0.41997979603507934, 'num_points': 67}, {'avg_silhouette': 0.3532979977019413, 'num_points': 12}, {'avg_silhouette': 0.7666436313505205, 'num_points': 16}, {'avg_silhouette': 0.5034117283385239, 'num_points': 71}, {'avg_silhouette': 0.3202289366787777, 'num_points': 13}, {'avg_silhouette': 0.3283994645522577, 'num_points': 25}, {'avg_silhouette': 0.8076966076655916, 'num_points': 6}, {'avg_silhouette': 0.7621151545241134, 'num_points': 11}, {'avg_silhouette': 0.41133864897428807, 'num_points': 12}, {'avg_silhouette': 0.6659917047566166, 'num_points': 17}, {'avg_silhouette': 0.13553711562118004, 'num_points': 5}, {'avg_silhouette': 0.7558368473463604, 'num_points': 13}, {'avg_silhouette': 0.4963107863300608, 'num_points': 29}, {'avg_silhouette': 0.41839903940728407, 'num_points': 6}, {'avg_silhouette': 0.5464412074731533, 'num_points': 29}, {'avg_silhouette': 0.7776638392158493, 'num_points': 5}, {'avg_silhouette': 0.8358216714223499, 'num_points': 10}, {'avg_silhouette': 0.32784810534291975, 'num_points': 5}, {'avg_silhouette': 0.6991983095005896, 'num_points': 7}, {'avg_silhouette': 0.6029407956232343, 'num_points': 6}, {'avg_silhouette': 0.6242260379975155, 'num_points': 6}, {'avg_silhouette': 0.504124286810876, 'num_points': 5}, {'avg_silhouette': 0.5435442192349438, 'num_points': 16}, {'avg_silhouette': 0.6507564149915529, 'num_points': 5}, {'avg_silhouette': 0.4964376227170275, 'num_points': 7}, {'avg_silhouette': 0.6585197433306119, 'num_points': 8}, {'avg_silhouette': 0.762413318689247, 'num_points': 9}, {'avg_silhouette': 0.6912566686590994, 'num_points': 9}, {'avg_silhouette': 0.7467430215367078, 'num_points': 18}, {'avg_silhouette': 0.6989168403701422, 'num_points': 9}, {'avg_silhouette': 0.830284514324453, 'num_points': 6}, {'avg_silhouette': 0.7127444763082396, 'num_points': 5}, {'avg_silhouette': 0.46201208381913444, 'num_points': 6}, {'avg_silhouette': 0.7752212527035107, 'num_points': 6}, {'avg_silhouette': 0.45918938484068766, 'num_points': 8}, {'avg_silhouette': 0.8793023423021451, 'num_points': 8}, {'avg_silhouette': 0.5597144478026868, 'num_points': 15}, {'avg_silhouette': 0.5256138969141078, 'num_points': 6}, {'avg_silhouette': 0.2982164939212385, 'num_points': 8}, {'avg_silhouette': 0.3609911175298912, 'num_points': 12}, {'avg_silhouette': 0.6717326460047889, 'num_points': 3}, {'avg_silhouette': 0.3401596007070509, 'num_points': 9}, {'avg_silhouette': 0.4054012160738397, 'num_points': 32}, {'avg_silhouette': 0.45842601276392425, 'num_points': 9}, {'avg_silhouette': 0.70037533116442, 'num_points': 7}, {'avg_silhouette': 0.32383830455102425, 'num_points': 18}, {'avg_silhouette': 0.7097212301935723, 'num_points': 15}, {'avg_silhouette': 0.8975355546049492, 'num_points': 8}, {'avg_silhouette': 0.6315887180735597, 'num_points': 7}, {'avg_silhouette': 0.9403706255501239, 'num_points': 9}, {'avg_silhouette': 0.42141242171441995, 'num_points': 10}, {'avg_silhouette': 0.4035205568809178, 'num_points': 8}, {'avg_silhouette': 0.6046947727852138, 'num_points': 6}, {'avg_silhouette': 0.86604016207591, 'num_points': 5}]",5.0,76,0.08773741159333732,,3,0.3482784127679294
DBSCAN,,0.17666666666666542,"[{'avg_silhouette': 0.4625353424301611, 'num_points': 22}, {'avg_silhouette': 0.34911664942770826, 'num_points': 2643}, {'avg_silhouette': 0.510827169125305, 'num_points': 15}, {'avg_silhouette': 0.38976532211772746, 'num_points': 28}, {'avg_silhouette': 0.3144019862235966, 'num_points': 17}, {'avg_silhouette': 0.6299501305389037, 'num_points': 245}, {'avg_silhouette': 0.4201435514209708, 'num_points': 13}, {'avg_silhouette': 0.3450501379270366, 'num_points': 81}, {'avg_silhouette': 0.3614919599218, 'num_points': 6}, {'avg_silhouette': 0.6098735444884393, 'num_points': 332}, {'avg_silhouette': 0.4169927661461258, 'num_points': 36}, {'avg_silhouette': 0.619144714355548, 'num_points': 16}, {'avg_silhouette': 0.5150192060709969, 'num_points': 9}, {'avg_silhouette': 0.8596241022002823, 'num_points': 11}, {'avg_silhouette': 0.6195327016556497, 'num_points': 58}, {'avg_silhouette': 0.1383648136400845, 'num_points': 31}, {'avg_silhouette': 0.4705577106247317, 'num_points': 74}, {'avg_silhouette': 0.6830823903674951, 'num_points': 6}, {'avg_silhouette': 0.7052500017255556, 'num_points': 18}, {'avg_silhouette': 0.2616479719684952, 'num_points': 32}, {'avg_silhouette': 0.39780948515209014, 'num_points': 5}, {'avg_silhouette': 0.7580913581453961, 'num_points': 7}, {'avg_silhouette': 0.7617250132119859, 'num_points': 11}, {'avg_silhouette': 0.7684535763706107, 'num_points': 13}, {'avg_silhouette': 0.5960231172579732, 'num_points': 38}, {'avg_silhouette': 0.5798404742175194, 'num_points': 10}, {'avg_silhouette': 0.8048460538632608, 'num_points': 11}, {'avg_silhouette': 0.5425617078975608, 'num_points': 9}, {'avg_silhouette': 0.5677126669427899, 'num_points': 12}, {'avg_silhouette': 0.767094791293787, 'num_points': 9}, {'avg_silhouette': 0.7303064955652613, 'num_points': 19}, {'avg_silhouette': 0.7005754959593258, 'num_points': 9}, {'avg_silhouette': 0.8434781389159909, 'num_points': 6}, {'avg_silhouette': 0.8498154099719795, 'num_points': 10}, {'avg_silhouette': 0.5465300407198532, 'num_points': 10}, {'avg_silhouette': 0.48682615647182986, 'num_points': 8}, {'avg_silhouette': 0.5093646209720014, 'num_points': 6}, {'avg_silhouette': 0.4762467996055517, 'num_points': 17}, {'avg_silhouette': 0.21576163091272785, 'num_points': 14}, {'avg_silhouette': 0.4975357374835405, 'num_points': 5}, {'avg_silhouette': 0.34111740631724347, 'num_points': 26}, {'avg_silhouette': 0.4111094205070612, 'num_points': 60}, {'avg_silhouette': 0.3885582147859842, 'num_points': 5}, {'avg_silhouette': 0.6561035768139992, 'num_points': 8}, {'avg_silhouette': 0.5753785075558802, 'num_points': 20}, {'avg_silhouette': 0.31688192422901557, 'num_points': 7}, {'avg_silhouette': 0.15359524326309704, 'num_points': 15}, {'avg_silhouette': 0.6641699164470651, 'num_points': 17}, {'avg_silhouette': 0.8975355546049492, 'num_points': 8}, {'avg_silhouette': 0.6047971853310002, 'num_points': 9}, {'avg_silhouette': 0.9403672767167256, 'num_points': 9}, {'avg_silhouette': 0.3721863975305559, 'num_points': 8}, {'avg_silhouette': 0.5848932229298065, 'num_points': 5}, {'avg_silhouette': 0.2041655690499567, 'num_points': 4}, {'avg_silhouette': 0.7409603006271626, 'num_points': 7}, {'avg_silhouette': 0.8646411384136945, 'num_points': 5}]",5.0,56,0.08673684045407085,,1,
DBSCAN,,0.1466666666666654,"[{'avg_silhouette': 0.4302457722038194, 'num_points': 14}, {'avg_silhouette': 0.4242244806986602, 'num_points': 1965}, {'avg_silhouette': 0.3406368795428437, 'num_points': 478}, {'avg_silhouette': 0.5043644446022068, 'num_points': 15}, {'avg_silhouette': 0.4428376216078337, 'num_points': 7}, {'avg_silhouette': 0.5555862867655715, 'num_points': 215}, {'avg_silhouette': 0.3518851824889318, 'num_points': 71}, {'avg_silhouette': 0.4504571412807943, 'num_points': 5}, {'avg_silhouette': 0.40233405173984654, 'num_points': 35}, {'avg_silhouette': 0.48964809975740253, 'num_points': 305}, {'avg_silhouette': 0.5244927473955705, 'num_points': 14}, {'avg_silhouette': 0.4526460776325191, 'num_points': 10}, {'avg_silhouette': 0.6444708430266479, 'num_points': 7}, {'avg_silhouette': 0.5355900292735868, 'num_points': 9}, {'avg_silhouette': 0.6503377367525968, 'num_points': 6}, {'avg_silhouette': 0.4591743995488807, 'num_points': 7}, {'avg_silhouette': 0.4331531623544896, 'num_points': 5}, {'avg_silhouette': 0.6571134037408971, 'num_points': 39}, {'avg_silhouette': 0.4187058025555474, 'num_points': 97}, {'avg_silhouette': 0.41997979603507934, 'num_points': 67}, {'avg_silhouette': 0.7666436313505205, 'num_points': 16}, {'avg_silhouette': 0.28155941059777867, 'num_points': 16}, {'avg_silhouette': 0.3179967957856016, 'num_points': 26}, {'avg_silhouette': 0.8111234293473153, 'num_points': 6}, {'avg_silhouette': 0.7650232504072069, 'num_points': 11}, {'avg_silhouette': 0.38337523921102107, 'num_points': 13}, {'avg_silhouette': 0.6659917047566166, 'num_points': 17}, {'avg_silhouette': 0.4948625105491745, 'num_points': 10}, {'avg_silhouette': 0.543610801621093, 'num_points': 16}, {'avg_silhouette': 0.7558368473463604, 'num_points': 13}, {'avg_silhouette': 0.4963107863300608, 'num_points': 29}, {'avg_silhouette': 0.41839903940728407, 'num_points': 6}, {'avg_silhouette': 0.5464412074731533, 'num_points': 29}, {'avg_silhouette': 0.5298788127767282, 'num_points': 6}, {'avg_silhouette': 0.7824723500725062, 'num_points': 5}, {'avg_silhouette': 0.8379225050768084, 'num_points': 10}, {'avg_silhouette': 0.7005858566594927, 'num_points': 7}, {'avg_silhouette': 0.6242260379975155, 'num_points': 6}, {'avg_silhouette': 0.504124286810876, 'num_points': 5}, {'avg_silhouette': 0.6507564149915529, 'num_points': 5}, {'avg_silhouette': 0.3912729168012099, 'num_points': 5}, {'avg_silhouette': 0.6585197433306119, 'num_points': 8}, {'avg_silhouette': 0.762413318689247, 'num_points': 9}, {'avg_silhouette': 0.747689224688209, 'num_points': 18}, {'avg_silhouette': 0.6939974559002169, 'num_points': 9}, {'avg_silhouette': 0.6535041251549665, 'num_points': 10}, {'avg_silhouette': 0.830284514324453, 'num_points': 6}, {'avg_silhouette': 0.7127444763082396, 'num_points': 5}, {'avg_silhouette': 0.4125535873373343, 'num_points': 7}, {'avg_silhouette': 0.7285122303448306, 'num_points': 7}, {'avg_silhouette': 0.4591428641564349, 'num_points': 8}, {'avg_silhouette': 0.8793386981974003, 'num_points': 8}, {'avg_silhouette': 0.5254581561227851, 'num_points': 16}, {'avg_silhouette': 0.5256138969141078, 'num_points': 6}, {'avg_silhouette': 0.3143499020332578, 'num_points': 8}, {'avg_silhouette': 0.3456081321031367, 'num_points': 13}, {'avg_silhouette': 0.3447637031356289, 'num_points': 9}, {'avg_silhouette': 0.70037533116442, 'num_points': 7}, {'avg_silhouette': 0.4054012160738397, 'num_points': 32}, {'avg_silhouette': 0.4156660390531039, 'num_points': 10}, {'avg_silhouette': 0.32383830455102425, 'num_points': 18}, {'avg_silhouette': 0.6582429802078646, 'num_points': 17}, {'avg_silhouette': 0.8975355546049492, 'num_points': 8}, {'avg_silhouette': 0.5786352432342811, 'num_points': 9}, {'avg_silhouette': 0.9403742095506337, 'num_points': 9}, {'avg_silhouette': 0.4312368656268414, 'num_points': 10}, {'avg_silhouette': 0.3480680144588627, 'num_points': 10}, {'avg_silhouette': 0.619835409966893, 'num_points': 6}, {'avg_silhouette': 0.804633767939631, 'num_points': 6}]",5.0,69,0.08591528306049104,,2,0.382430680120752
DBSCAN,,0.12666666666666537,"[{'avg_silhouette': 0.46710850617987343, 'num_points': 13}, {'avg_silhouette': 0.5185597939702793, 'num_points': 1586}, {'avg_silhouette': 0.3792490785457324, 'num_points': 455}, {'avg_silhouette': 0.5043644446022068, 'num_points': 15}, {'avg_silhouette': 0.5859747783624047, 'num_points': 210}, {'avg_silhouette': 0.17920369474728207, 'num_points': 343}, {'avg_silhouette': 0.39263365193636085, 'num_points': 59}, {'avg_silhouette': 0.46317592959460313, 'num_points': 32}, {'avg_silhouette': 0.5109650615596646, 'num_points': 285}, {'avg_silhouette': 0.4940329186001898, 'num_points': 14}, {'avg_silhouette': 0.5426213448552297, 'num_points': 9}, {'avg_silhouette': 0.39500827133814553, 'num_points': 13}, {'avg_silhouette': 0.6444708430266479, 'num_points': 7}, {'avg_silhouette': 0.5355900292735868, 'num_points': 9}, {'avg_silhouette': 0.5001315055239318, 'num_points': 6}, {'avg_silhouette': 0.9328229720857822, 'num_points': 6}, {'avg_silhouette': 0.4562554535154812, 'num_points': 7}, {'avg_silhouette': 0.536006943616012, 'num_points': 9}, {'avg_silhouette': 0.6811045649307704, 'num_points': 38}, {'avg_silhouette': 0.5759996134177513, 'num_points': 6}, {'avg_silhouette': 0.34970150062860345, 'num_points': 11}, {'avg_silhouette': 0.4359140297827232, 'num_points': 66}, {'avg_silhouette': 0.3532979977019413, 'num_points': 12}, {'avg_silhouette': 0.7666436313505205, 'num_points': 16}, {'avg_silhouette': 0.5034117283385239, 'num_points': 71}, {'avg_silhouette': 0.26696869116773764, 'num_points': 6}, {'avg_silhouette': 0.29838132948147716, 'num_points': 24}, {'avg_silhouette': 0.8076489600187298, 'num_points': 6}, {'avg_silhouette': 0.7621151545241134, 'num_points': 11}, {'avg_silhouette': 0.5122300723153463, 'num_points': 9}, {'avg_silhouette': 0.6635812511923391, 'num_points': 17}, {'avg_silhouette': 0.7533260261380885, 'num_points': 13}, {'avg_silhouette': 0.4963107863300608, 'num_points': 29}, {'avg_silhouette': 0.5631827293795741, 'num_points': 5}, {'avg_silhouette': 0.543993244885736, 'num_points': 29}, {'avg_silhouette': 0.7775909214442788, 'num_points': 5}, {'avg_silhouette': 0.8357971643212615, 'num_points': 10}, {'avg_silhouette': 0.6981398791556606, 'num_points': 7}, {'avg_silhouette': 0.6307239595923454, 'num_points': 6}, {'avg_silhouette': 0.6208058195415939, 'num_points': 6}, {'avg_silhouette': 0.5433680660098095, 'num_points': 16}, {'avg_silhouette': 0.6507564149915529, 'num_points': 5}, {'avg_silhouette': 0.300028959878392, 'num_points': 6}, {'avg_silhouette': 0.4964376227170275, 'num_points': 7}, {'avg_silhouette': 0.6585197433306119, 'num_points': 8}, {'avg_silhouette': 0.7617403098824458, 'num_points': 9}, {'avg_silhouette': 0.6912566686590994, 'num_points': 9}, {'avg_silhouette': 0.747689224688209, 'num_points': 18}, {'avg_silhouette': 0.6989168403701422, 'num_points': 9}, {'avg_silhouette': 0.830284514324453, 'num_points': 6}, {'avg_silhouette': 0.7127444763082396, 'num_points': 5}, {'avg_silhouette': 0.7752212527035107, 'num_points': 6}, {'avg_silhouette': 0.5704184894842499, 'num_points': 7}, {'avg_silhouette': 0.8793023423021451, 'num_points': 8}, {'avg_silhouette': 0.5597144478026868, 'num_points': 15}, {'avg_silhouette': 0.5226111809111486, 'num_points': 6}, {'avg_silhouette': 0.46071223006128076, 'num_points': 6}, {'avg_silhouette': 0.6324250831982541, 'num_points': 6}, {'avg_silhouette': 0.43113384853458114, 'num_points': 30}, {'avg_silhouette': 0.42877572776259104, 'num_points': 7}, {'avg_silhouette': 0.7399899281892939, 'num_points': 6}, {'avg_silhouette': 0.5218403360515168, 'num_points': 5}, {'avg_silhouette': 0.34688331667424976, 'num_points': 16}, {'avg_silhouette': 0.7092107622504167, 'num_points': 15}, {'avg_silhouette': 0.3858207183867669, 'num_points': 10}, {'avg_silhouette': 0.6289256807070435, 'num_points': 7}, {'avg_silhouette': 0.5838132514984808, 'num_points': 7}, {'avg_silhouette': 0.9403706255501239, 'num_points': 9}, {'avg_silhouette': 0.40075686381481057, 'num_points': 10}, {'avg_silhouette': 0.4656113065348027, 'num_points': 5}, {'avg_silhouette': 0.614881272068939, 'num_points': 6}, {'avg_silhouette': 0.8975355546049492, 'num_points': 8}, {'avg_silhouette': 0.86604016207591, 'num_points': 5}]",5.0,73,0.0800834824856384,,3,0.3590041890877646
DBSCAN,,0.18666666666666543,"[{'avg_silhouette': 0.4625353424301611, 'num_points': 22}, {'avg_silhouette': 0.3176226778672322, 'num_points': 2640}, {'avg_silhouette': 0.6441206336528904, 'num_points': 244}, {'avg_silhouette': 0.30861538955515444, 'num_points': 110}, {'avg_silhouette': 0.6154172410149713, 'num_points': 328}, {'avg_silhouette': 0.73948199289725, 'num_points': 16}, {'avg_silhouette': 0.38976532211772746, 'num_points': 28}, {'avg_silhouette': 0.45691568728434057, 'num_points': 12}, {'avg_silhouette': 0.49514037909567615, 'num_points': 16}, {'avg_silhouette': 0.85962135165381, 'num_points': 11}, {'avg_silhouette': 0.6195327016556497, 'num_points': 58}, {'avg_silhouette': 0.45122045809554445, 'num_points': 75}, {'avg_silhouette': 0.39999999455463914, 'num_points': 14}, {'avg_silhouette': 0.706995657416967, 'num_points': 18}, {'avg_silhouette': 0.378094252099846, 'num_points': 34}, {'avg_silhouette': 0.7617250132119859, 'num_points': 11}, {'avg_silhouette': 0.7684535763706107, 'num_points': 13}, {'avg_silhouette': 0.5962874068164039, 'num_points': 38}, {'avg_silhouette': 0.4189519079789483, 'num_points': 36}, {'avg_silhouette': 0.7429297742368102, 'num_points': 13}, {'avg_silhouette': 0.5796269956137919, 'num_points': 10}, {'avg_silhouette': 0.7303064955652613, 'num_points': 19}, {'avg_silhouette': 0.5469113617358417, 'num_points': 13}, {'avg_silhouette': 0.4762467996055517, 'num_points': 17}, {'avg_silhouette': 0.4223624118869322, 'num_points': 25}, {'avg_silhouette': 0.46632326146684777, 'num_points': 57}, {'avg_silhouette': 0.5753785075558802, 'num_points': 20}, {'avg_silhouette': 0.5492461537928593, 'num_points': 17}, {'avg_silhouette': 0.663932081029329, 'num_points': 17}]",10.0,29,0.07868786902307459,,1,
DBSCAN,,0.1666666666666654,"[{'avg_silhouette': 0.5932456063769874, 'num_points': 14}, {'avg_silhouette': 0.4246102983727242, 'num_points': 2070}, {'avg_silhouette': 0.3347040180220083, 'num_points': 483}, {'avg_silhouette': 0.5221597116960522, 'num_points': 222}, {'avg_silhouette': 0.5167540506551722, 'num_points': 71}, {'avg_silhouette': 0.4056199469770269, 'num_points': 35}, {'avg_silhouette': 0.4805244902490452, 'num_points': 309}, {'avg_silhouette': 0.4657901704198125, 'num_points': 17}, {'avg_silhouette': 0.5043644446022068, 'num_points': 15}, {'avg_silhouette': 0.6635683958664612, 'num_points': 39}, {'avg_silhouette': 0.4837661162012311, 'num_points': 68}, {'avg_silhouette': 0.7666436313505205, 'num_points': 16}, {'avg_silhouette': 0.3363577727308717, 'num_points': 29}, {'avg_silhouette': 0.7621151545241134, 'num_points': 11}, {'avg_silhouette': 0.38592408471087664, 'num_points': 13}, {'avg_silhouette': 0.6057548156792985, 'num_points': 18}, {'avg_silhouette': 0.7558368473463604, 'num_points': 13}, {'avg_silhouette': 0.6991914125739315, 'num_points': 29}, {'avg_silhouette': 0.5008190399557152, 'num_points': 31}, {'avg_silhouette': 0.8386235920937006, 'num_points': 10}, {'avg_silhouette': 0.5677089925480102, 'num_points': 16}, {'avg_silhouette': 0.2286417634215271, 'num_points': 21}, {'avg_silhouette': 0.7225949576471455, 'num_points': 19}, {'avg_silhouette': 0.6261632050499514, 'num_points': 11}, {'avg_silhouette': 0.5597144478026868, 'num_points': 15}, {'avg_silhouette': 0.3153025043947358, 'num_points': 10}, {'avg_silhouette': 0.36162362551317545, 'num_points': 35}, {'avg_silhouette': 0.3265235585878494, 'num_points': 19}, {'avg_silhouette': 0.6596935832294534, 'num_points': 17}, {'avg_silhouette': 0.32879090652204646, 'num_points': 14}, {'avg_silhouette': 0.4312368656268414, 'num_points': 10}, {'avg_silhouette': 0.4156660390531039, 'num_points': 10}]",10.0,32,0.07469081514981431,,2,0.37965715819736623
DBSCAN,,0.1666666666666654,"[{'avg_silhouette': 0.4302457722038194, 'num_points': 14}, {'avg_silhouette': 0.41567544496804976, 'num_points': 2073}, {'avg_silhouette': 0.30038573683322645, 'num_points': 493}, {'avg_silhouette': 0.5043644446022068, 'num_points': 15}, {'avg_silhouette': 0.37054556032605357, 'num_points': 8}, {'avg_silhouette': 0.517779276346612, 'num_points': 223}, {'avg_silhouette': 0.3518851824889318, 'num_points': 71}, {'avg_silhouette': 0.4504571412807943, 'num_points': 5}, {'avg_silhouette': 0.41811088349082376, 'num_points': 35}, {'avg_silhouette': 0.46258323917366667, 'num_points': 314}, {'avg_silhouette': 0.45099892347319137, 'num_points': 18}, {'avg_silhouette': 0.4526460776325191, 'num_points': 10}, {'avg_silhouette': 0.5516626199086134, 'num_points': 8}, {'avg_silhouette': 0.3907798683461295, 'num_points': 13}, {'avg_silhouette': 0.5355900292735868, 'num_points': 9}, {'avg_silhouette': 0.49682159061807785, 'num_points': 10}, {'avg_silhouette': 0.6503377367525968, 'num_points': 6}, {'avg_silhouette': 0.4591743995488807, 'num_points': 7}, {'avg_silhouette': 0.4331531623544896, 'num_points': 5}, {'avg_silhouette': 0.6635683958664612, 'num_points': 39}, {'avg_silhouette': 0.39908946003107365, 'num_points': 68}, {'avg_silhouette': 0.40331177821478276, 'num_points': 11}, {'avg_silhouette': 0.7666436313505205, 'num_points': 16}, {'avg_silhouette': 0.1476808686995698, 'num_points': 23}, {'avg_silhouette': 0.28111885104484935, 'num_points': 29}, {'avg_silhouette': 0.743387121852224, 'num_points': 7}, {'avg_silhouette': 0.7650232504072069, 'num_points': 11}, {'avg_silhouette': 0.6057548156792985, 'num_points': 18}, {'avg_silhouette': 0.5438763748624337, 'num_points': 16}, {'avg_silhouette': 0.7558368473463604, 'num_points': 13}, {'avg_silhouette': 0.5137277295378451, 'num_points': 29}, {'avg_silhouette': 0.41839903940728407, 'num_points': 6}, {'avg_silhouette': 0.5008190399557152, 'num_points': 31}, {'avg_silhouette': 0.5805273058479998, 'num_points': 9}, {'avg_silhouette': 0.8386999103668009, 'num_points': 10}, {'avg_silhouette': 0.407569712869298, 'num_points': 5}, {'avg_silhouette': 0.6290931994482598, 'num_points': 6}, {'avg_silhouette': 0.554976463049095, 'num_points': 5}, {'avg_silhouette': 0.6507564149915529, 'num_points': 5}, {'avg_silhouette': 0.4628326915124875, 'num_points': 5}, {'avg_silhouette': 0.613090596120186, 'num_points': 11}, {'avg_silhouette': 0.5514646008645101, 'num_points': 9}, {'avg_silhouette': 0.7652710734887467, 'num_points': 9}, {'avg_silhouette': 0.7225949576471455, 'num_points': 19}, {'avg_silhouette': 0.696497355141459, 'num_points': 9}, {'avg_silhouette': 0.8380688329746753, 'num_points': 6}, {'avg_silhouette': 0.5849556423181775, 'num_points': 7}, {'avg_silhouette': 0.5992045836667178, 'num_points': 7}, {'avg_silhouette': 0.4734791122458848, 'num_points': 8}, {'avg_silhouette': 0.5254581561227851, 'num_points': 16}, {'avg_silhouette': 0.8793386981974003, 'num_points': 8}, {'avg_silhouette': 0.5283472417142567, 'num_points': 6}, {'avg_silhouette': 0.30427518171323076, 'num_points': 7}, {'avg_silhouette': 0.2591506922079516, 'num_points': 16}, {'avg_silhouette': 0.37030598843738965, 'num_points': 35}, {'avg_silhouette': 0.2931045801285038, 'num_points': 20}, {'avg_silhouette': 0.3143499020332578, 'num_points': 8}, {'avg_silhouette': 0.35054072811657166, 'num_points': 10}, {'avg_silhouette': 0.4405840951041347, 'num_points': 6}, {'avg_silhouette': 0.5657786118466128, 'num_points': 5}, {'avg_silhouette': 0.70037533116442, 'num_points': 7}, {'avg_silhouette': 0.4156660390531039, 'num_points': 10}, {'avg_silhouette': 0.29702496330991435, 'num_points': 7}, {'avg_silhouette': 0.2240183745839033, 'num_points': 12}, {'avg_silhouette': 0.6599052956511242, 'num_points': 17}, {'avg_silhouette': 0.8975355546049492, 'num_points': 8}, {'avg_silhouette': 0.4312368656268414, 'num_points': 10}, {'avg_silhouette': 0.5823471013597001, 'num_points': 9}, {'avg_silhouette': 0.9403672767167256, 'num_points': 9}, {'avg_silhouette': 0.5394980958151673, 'num_points': 7}, {'avg_silhouette': 0.804633767939631, 'num_points': 6}]",5.0,71,0.0741750062316761,,2,0.3580305909006381
DBSCAN,,0.1566666666666654,"[{'avg_silhouette': 0.4302457722038194, 'num_points': 14}, {'avg_silhouette': 0.41614705859948864, 'num_points': 2070}, {'avg_silhouette': 0.30420997679244227, 'num_points': 491}, {'avg_silhouette': 0.5043644446022068, 'num_points': 15}, {'avg_silhouette': 0.37054556032605357, 'num_points': 8}, {'avg_silhouette': 0.5269197582536841, 'num_points': 222}, {'avg_silhouette': 0.3518851824889318, 'num_points': 71}, {'avg_silhouette': 0.4504571412807943, 'num_points': 5}, {'avg_silhouette': 0.4165826796734235, 'num_points': 35}, {'avg_silhouette': 0.4692538175783996, 'num_points': 313}, {'avg_silhouette': 0.5337951680592283, 'num_points': 15}, {'avg_silhouette': 0.4526460776325191, 'num_points': 10}, {'avg_silhouette': 0.5516626199086134, 'num_points': 8}, {'avg_silhouette': 0.5355900292735868, 'num_points': 9}, {'avg_silhouette': 0.49682159061807785, 'num_points': 10}, {'avg_silhouette': 0.6503377367525968, 'num_points': 6}, {'avg_silhouette': 0.4591743995488807, 'num_points': 7}, {'avg_silhouette': 0.4331531623544896, 'num_points': 5}, {'avg_silhouette': 0.6571134037408971, 'num_points': 39}, {'avg_silhouette': 0.39894398970562556, 'num_points': 68}, {'avg_silhouette': 0.7666436313505205, 'num_points': 16}, {'avg_silhouette': 0.14526132998176225, 'num_points': 22}, {'avg_silhouette': 0.3262392612646798, 'num_points': 26}, {'avg_silhouette': 0.8124777096237383, 'num_points': 6}, {'avg_silhouette': 0.7650232504072069, 'num_points': 11}, {'avg_silhouette': 0.3886566178941243, 'num_points': 13}, {'avg_silhouette': 0.6659917047566166, 'num_points': 17}, {'avg_silhouette': 0.5438763748624337, 'num_points': 16}, {'avg_silhouette': 0.7558368473463604, 'num_points': 13}, {'avg_silhouette': 0.4963107863300608, 'num_points': 29}, {'avg_silhouette': 0.41839903940728407, 'num_points': 6}, {'avg_silhouette': 0.5237552971547847, 'num_points': 30}, {'avg_silhouette': 0.403204598648577, 'num_points': 11}, {'avg_silhouette': 0.657169209996144, 'num_points': 7}, {'avg_silhouette': 0.8386434807733911, 'num_points': 10}, {'avg_silhouette': 0.6290931994482598, 'num_points': 6}, {'avg_silhouette': 0.5546404433055082, 'num_points': 5}, {'avg_silhouette': 0.6507564149915529, 'num_points': 5}, {'avg_silhouette': 0.4609665967989275, 'num_points': 5}, {'avg_silhouette': 0.6585197433306119, 'num_points': 8}, {'avg_silhouette': 0.7645631125262353, 'num_points': 9}, {'avg_silhouette': 0.7225949576471455, 'num_points': 19}, {'avg_silhouette': 0.6939974559002169, 'num_points': 9}, {'avg_silhouette': 0.6535041251549665, 'num_points': 10}, {'avg_silhouette': 0.8380688329746753, 'num_points': 6}, {'avg_silhouette': 0.624770307769911, 'num_points': 6}, {'avg_silhouette': 0.7273980563866796, 'num_points': 7}, {'avg_silhouette': 0.4591428641564349, 'num_points': 8}, {'avg_silhouette': 0.5254581561227851, 'num_points': 16}, {'avg_silhouette': 0.8793386981974003, 'num_points': 8}, {'avg_silhouette': 0.5283472417142567, 'num_points': 6}, {'avg_silhouette': 0.30350152721189616, 'num_points': 15}, {'avg_silhouette': 0.3789218331488458, 'num_points': 34}, {'avg_silhouette': 0.3143499020332578, 'num_points': 8}, {'avg_silhouette': 0.6793479724727549, 'num_points': 5}, {'avg_silhouette': 0.5618871077586218, 'num_points': 5}, {'avg_silhouette': 0.3272190836709665, 'num_points': 10}, {'avg_silhouette': 0.70037533116442, 'num_points': 7}, {'avg_silhouette': 0.4156660390531039, 'num_points': 10}, {'avg_silhouette': 0.27196058547775764, 'num_points': 7}, {'avg_silhouette': 0.31936719165887695, 'num_points': 19}, {'avg_silhouette': 0.2979656318285267, 'num_points': 10}, {'avg_silhouette': 0.6594283381524035, 'num_points': 17}, {'avg_silhouette': 0.8975355546049492, 'num_points': 8}, {'avg_silhouette': 0.4312368656268414, 'num_points': 10}, {'avg_silhouette': 0.581216004194466, 'num_points': 9}, {'avg_silhouette': 0.9403672767167256, 'num_points': 9}, {'avg_silhouette': 0.530471225061978, 'num_points': 7}, {'avg_silhouette': 0.804633767939631, 'num_points': 6}]",5.0,69,0.07068385962197705,,2,0.36017851769596543
DBSCAN,,0.1466666666666654,"[{'avg_silhouette': 0.5932456063769874, 'num_points': 14}, {'avg_silhouette': 0.44774182819465164, 'num_points': 1964}, {'avg_silhouette': 0.36924946149974053, 'num_points': 466}, {'avg_silhouette': 0.5719431860118097, 'num_points': 213}, {'avg_silhouette': 0.6200683889191226, 'num_points': 63}, {'avg_silhouette': 0.41673675443988833, 'num_points': 34}, {'avg_silhouette': 0.4978807021944179, 'num_points': 302}, {'avg_silhouette': 0.5194781183816514, 'num_points': 14}, {'avg_silhouette': 0.6571134037408971, 'num_points': 39}, {'avg_silhouette': 0.4930262960591261, 'num_points': 67}, {'avg_silhouette': 0.436135900581963, 'num_points': 95}, {'avg_silhouette': 0.7666436313505205, 'num_points': 16}, {'avg_silhouette': 0.7621151545241134, 'num_points': 11}, {'avg_silhouette': 0.6659917047566166, 'num_points': 17}, {'avg_silhouette': 0.7558368473463604, 'num_points': 13}, {'avg_silhouette': 0.6980101741961602, 'num_points': 29}, {'avg_silhouette': 0.5464412074731533, 'num_points': 29}, {'avg_silhouette': 0.837900552256059, 'num_points': 10}, {'avg_silhouette': 0.5588638294083776, 'num_points': 16}, {'avg_silhouette': 0.5224685502764113, 'num_points': 24}, {'avg_silhouette': 0.41913809092616, 'num_points': 12}, {'avg_silhouette': 0.747689224688209, 'num_points': 18}, {'avg_silhouette': 0.5597144478026868, 'num_points': 15}, {'avg_silhouette': 0.5043644446022068, 'num_points': 15}, {'avg_silhouette': 0.4016834276217084, 'num_points': 32}, {'avg_silhouette': 0.34039867394558, 'num_points': 17}, {'avg_silhouette': 0.6880834240786389, 'num_points': 16}, {'avg_silhouette': 0.540402043159793, 'num_points': 10}, {'avg_silhouette': 0.7257700348000424, 'num_points': 10}]",10.0,29,0.07067243725876383,,2,0.4084956448471961
DBSCAN,,0.1566666666666654,"[{'avg_silhouette': 0.5932456063769874, 'num_points': 14}, {'avg_silhouette': 0.419005251456423, 'num_points': 2064}, {'avg_silhouette': 0.363762514566743, 'num_points': 473}, {'avg_silhouette': 0.5424327145246302, 'num_points': 219}, {'avg_silhouette': 0.48415799230962364, 'num_points': 70}, {'avg_silhouette': 0.3958182487869075, 'num_points': 35}, {'avg_silhouette': 0.48560498025917626, 'num_points': 307}, {'avg_silhouette': 0.5164614511611119, 'num_points': 15}, {'avg_silhouette': 0.6571134037408971, 'num_points': 39}, {'avg_silhouette': 0.4788165454865445, 'num_points': 68}, {'avg_silhouette': 0.7666436313505205, 'num_points': 16}, {'avg_silhouette': 0.3592474961005401, 'num_points': 26}, {'avg_silhouette': 0.7621151545241134, 'num_points': 11}, {'avg_silhouette': 0.3846206836805802, 'num_points': 13}, {'avg_silhouette': 0.6659917047566166, 'num_points': 17}, {'avg_silhouette': 0.7558368473463604, 'num_points': 13}, {'avg_silhouette': 0.6990238826711004, 'num_points': 29}, {'avg_silhouette': 0.5237552971547847, 'num_points': 30}, {'avg_silhouette': 0.8384876238317481, 'num_points': 10}, {'avg_silhouette': 0.5636703740413704, 'num_points': 16}, {'avg_silhouette': 0.273593815340582, 'num_points': 16}, {'avg_silhouette': 0.7225949576471455, 'num_points': 19}, {'avg_silhouette': 0.5597144478026868, 'num_points': 15}, {'avg_silhouette': 0.5043644446022068, 'num_points': 15}, {'avg_silhouette': 0.3758049559357332, 'num_points': 34}, {'avg_silhouette': 0.33237733369940803, 'num_points': 18}, {'avg_silhouette': 0.6891709844508731, 'num_points': 16}, {'avg_silhouette': 0.48107521831098443, 'num_points': 13}, {'avg_silhouette': 0.4312368656268414, 'num_points': 10}, {'avg_silhouette': 0.4156660390531039, 'num_points': 10}]",10.0,30,0.06803710179532203,,2,0.391383883011583
DBSCAN,,0.17666666666666542,"[{'avg_silhouette': 0.4625353424301611, 'num_points': 22}, {'avg_silhouette': 0.3015646508260531, 'num_points': 2623}, {'avg_silhouette': 0.6464921024032061, 'num_points': 243}, {'avg_silhouette': 0.4545731759154299, 'num_points': 81}, {'avg_silhouette': 0.6170729990806849, 'num_points': 327}, {'avg_silhouette': 0.7394041220479964, 'num_points': 16}, {'avg_silhouette': 0.38976532211772746, 'num_points': 28}, {'avg_silhouette': 0.4563958439533848, 'num_points': 12}, {'avg_silhouette': 0.510827169125305, 'num_points': 15}, {'avg_silhouette': 0.8666832644895788, 'num_points': 10}, {'avg_silhouette': 0.6195327016556497, 'num_points': 58}, {'avg_silhouette': 0.4621128064951725, 'num_points': 74}, {'avg_silhouette': 0.49987920966163946, 'num_points': 10}, {'avg_silhouette': 0.7052500017255556, 'num_points': 18}, {'avg_silhouette': 0.30614426172474407, 'num_points': 32}, {'avg_silhouette': 0.7617250132119859, 'num_points': 11}, {'avg_silhouette': 0.7684535763706107, 'num_points': 13}, {'avg_silhouette': 0.5960231172579732, 'num_points': 38}, {'avg_silhouette': 0.44821251301570875, 'num_points': 35}, {'avg_silhouette': 0.8043540734640279, 'num_points': 11}, {'avg_silhouette': 0.5781098334309493, 'num_points': 10}, {'avg_silhouette': 0.21395691529837943, 'num_points': 24}, {'avg_silhouette': 0.7303064955652613, 'num_points': 19}, {'avg_silhouette': 0.58714853950305, 'num_points': 12}, {'avg_silhouette': 0.4762467996055517, 'num_points': 17}, {'avg_silhouette': 0.21396554458245945, 'num_points': 17}, {'avg_silhouette': 0.2979480907143093, 'num_points': 8}, {'avg_silhouette': 0.439137715580785, 'num_points': 57}, {'avg_silhouette': 0.5753785075558802, 'num_points': 20}, {'avg_silhouette': 0.6637596742386027, 'num_points': 17}, {'avg_silhouette': 0.607841963525349, 'num_points': 12}]",10.0,31,0.06609844409503639,,1,
DBSCAN,,0.11666666666666536,"[{'avg_silhouette': 0.5117112552478097, 'num_points': 12}, {'avg_silhouette': 0.5107491521937304, 'num_points': 1582}, {'avg_silhouette': 0.32125651116500176, 'num_points': 447}, {'avg_silhouette': 0.5043644446022068, 'num_points': 15}, {'avg_silhouette': 0.5818080700744519, 'num_points': 210}, {'avg_silhouette': 0.18031977721209802, 'num_points': 331}, {'avg_silhouette': 0.39263365193636085, 'num_points': 59}, {'avg_silhouette': 0.46034686786175105, 'num_points': 32}, {'avg_silhouette': 0.5011622176190436, 'num_points': 284}, {'avg_silhouette': 0.49066757096789265, 'num_points': 14}, {'avg_silhouette': 0.5426213448552297, 'num_points': 9}, {'avg_silhouette': 0.47836318126040306, 'num_points': 11}, {'avg_silhouette': 0.6444708430266479, 'num_points': 7}, {'avg_silhouette': 0.6003504673980498, 'num_points': 8}, {'avg_silhouette': 0.4908054899490675, 'num_points': 6}, {'avg_silhouette': 0.9327952464852903, 'num_points': 6}, {'avg_silhouette': 0.5040089100450259, 'num_points': 6}, {'avg_silhouette': 0.5339683181705438, 'num_points': 9}, {'avg_silhouette': 0.6811045649307704, 'num_points': 38}, {'avg_silhouette': 0.7514167886300184, 'num_points': 5}, {'avg_silhouette': 0.34938285475659503, 'num_points': 11}, {'avg_silhouette': 0.4359140297827232, 'num_points': 66}, {'avg_silhouette': 0.3394944578160091, 'num_points': 12}, {'avg_silhouette': 0.7666436313505205, 'num_points': 16}, {'avg_silhouette': 0.4505361485626719, 'num_points': 10}, {'avg_silhouette': 0.5047749323811618, 'num_points': 69}, {'avg_silhouette': 0.3464338295568251, 'num_points': 7}, {'avg_silhouette': 0.8076029352377389, 'num_points': 6}, {'avg_silhouette': 0.7687361431736792, 'num_points': 11}, {'avg_silhouette': 0.5771329608324676, 'num_points': 8}, {'avg_silhouette': 0.6635812511923391, 'num_points': 17}, {'avg_silhouette': 0.7505874781079267, 'num_points': 13}, {'avg_silhouette': 0.4963107863300608, 'num_points': 29}, {'avg_silhouette': 0.5631827293795741, 'num_points': 5}, {'avg_silhouette': 0.5562520688181117, 'num_points': 28}, {'avg_silhouette': 0.7775155328062199, 'num_points': 5}, {'avg_silhouette': 0.8357777356797138, 'num_points': 10}, {'avg_silhouette': 0.6981398791556606, 'num_points': 7}, {'avg_silhouette': 0.6305801303641941, 'num_points': 6}, {'avg_silhouette': 0.6208058195415939, 'num_points': 6}, {'avg_silhouette': 0.5876228374241615, 'num_points': 15}, {'avg_silhouette': 0.6455842108534203, 'num_points': 5}, {'avg_silhouette': 0.4570238992092996, 'num_points': 5}, {'avg_silhouette': 0.5965529292900446, 'num_points': 6}, {'avg_silhouette': 0.6585197433306119, 'num_points': 8}, {'avg_silhouette': 0.7617403098824458, 'num_points': 9}, {'avg_silhouette': 0.6912566686590994, 'num_points': 9}, {'avg_silhouette': 0.7703494306431954, 'num_points': 17}, {'avg_silhouette': 0.6989168403701422, 'num_points': 9}, {'avg_silhouette': 0.830284514324453, 'num_points': 6}, {'avg_silhouette': 0.7752212527035107, 'num_points': 6}, {'avg_silhouette': 0.7128532504231722, 'num_points': 5}, {'avg_silhouette': 0.379269116646302, 'num_points': 12}, {'avg_silhouette': 0.6938206382837494, 'num_points': 10}, {'avg_silhouette': 0.5932724475362958, 'num_points': 5}, {'avg_silhouette': 0.6621879207251756, 'num_points': 5}, {'avg_silhouette': 0.9091077746935562, 'num_points': 7}, {'avg_silhouette': 0.6503916830760172, 'num_points': 5}, {'avg_silhouette': 0.4230535745805026, 'num_points': 30}, {'avg_silhouette': 0.6231907971752977, 'num_points': 5}, {'avg_silhouette': 0.738320571613999, 'num_points': 6}, {'avg_silhouette': 0.5218403360515168, 'num_points': 5}, {'avg_silhouette': 0.4050000755294893, 'num_points': 13}, {'avg_silhouette': 0.7092107622504167, 'num_points': 15}, {'avg_silhouette': 0.46741043959087936, 'num_points': 8}, {'avg_silhouette': 0.6862874973652332, 'num_points': 6}, {'avg_silhouette': 0.6965942144524235, 'num_points': 6}, {'avg_silhouette': 0.9403520476445159, 'num_points': 9}, {'avg_silhouette': 0.4393959428314662, 'num_points': 9}, {'avg_silhouette': 0.7957352211088825, 'num_points': 6}, {'avg_silhouette': 0.8975355546049492, 'num_points': 8}, {'avg_silhouette': 0.8653984669101682, 'num_points': 5}]",5.0,72,0.06501064334474663,,2,0.4160028316793661
DBSCAN,,0.13666666666666538,"[{'avg_silhouette': 0.6154626220075496, 'num_points': 13}, {'avg_silhouette': 0.5217853587842909, 'num_points': 1587}, {'avg_silhouette': 0.3685078231715133, 'num_points': 458}, {'avg_silhouette': 0.5837530990551093, 'num_points': 211}, {'avg_silhouette': 0.1851211665217172, 'num_points': 347}, {'avg_silhouette': 0.6540430230207499, 'num_points': 59}, {'avg_silhouette': 0.46656462088931483, 'num_points': 32}, {'avg_silhouette': 0.530001794891321, 'num_points': 285}, {'avg_silhouette': 0.49226652973151014, 'num_points': 14}, {'avg_silhouette': 0.5801395723605943, 'num_points': 12}, {'avg_silhouette': 0.6571134037408971, 'num_points': 39}, {'avg_silhouette': 0.4930262960591261, 'num_points': 67}, {'avg_silhouette': 0.41914842385696094, 'num_points': 12}, {'avg_silhouette': 0.775204907421543, 'num_points': 16}, {'avg_silhouette': 0.549502437584005, 'num_points': 70}, {'avg_silhouette': 0.7649709904269968, 'num_points': 11}, {'avg_silhouette': 0.6659917047566166, 'num_points': 17}, {'avg_silhouette': 0.7535605086993985, 'num_points': 13}, {'avg_silhouette': 0.6978175438796275, 'num_points': 29}, {'avg_silhouette': 0.5464412074731533, 'num_points': 29}, {'avg_silhouette': 0.8357837121767216, 'num_points': 10}, {'avg_silhouette': 0.5569396061967196, 'num_points': 16}, {'avg_silhouette': 0.747689224688209, 'num_points': 18}, {'avg_silhouette': 0.5554714586337238, 'num_points': 20}, {'avg_silhouette': 0.5942161208901473, 'num_points': 13}, {'avg_silhouette': 0.4711570529280545, 'num_points': 10}, {'avg_silhouette': 0.5944522364629765, 'num_points': 10}, {'avg_silhouette': 0.4016834276217084, 'num_points': 32}, {'avg_silhouette': 0.7092152278012496, 'num_points': 15}, {'avg_silhouette': 0.34039867394558, 'num_points': 17}]",10.0,30,0.06042851940440568,,3,0.35847144949250714
DBSCAN,,0.12666666666666537,"[{'avg_silhouette': 0.6495523247573373, 'num_points': 12}, {'avg_silhouette': 0.5175427537276234, 'num_points': 1583}, {'avg_silhouette': 0.3947882161921082, 'num_points': 447}, {'avg_silhouette': 0.5936765980841072, 'num_points': 209}, {'avg_silhouette': 0.20134716940648842, 'num_points': 339}, {'avg_silhouette': 0.6392515625568793, 'num_points': 59}, {'avg_silhouette': 0.5190598500619041, 'num_points': 29}, {'avg_silhouette': 0.6768456760499423, 'num_points': 284}, {'avg_silhouette': 0.4908746076515154, 'num_points': 14}, {'avg_silhouette': 0.5965466698319057, 'num_points': 11}, {'avg_silhouette': 0.6811045649307704, 'num_points': 38}, {'avg_silhouette': 0.5211776613149471, 'num_points': 65}, {'avg_silhouette': 0.9291861440867397, 'num_points': 16}, {'avg_silhouette': 0.5371223520916871, 'num_points': 70}, {'avg_silhouette': 0.7687361431736792, 'num_points': 11}, {'avg_silhouette': 0.6635812511923391, 'num_points': 17}, {'avg_silhouette': 0.5418451812622872, 'num_points': 29}, {'avg_silhouette': 0.7505874781079267, 'num_points': 13}, {'avg_silhouette': 0.5553554775753791, 'num_points': 16}, {'avg_silhouette': 0.8357436844413376, 'num_points': 10}, {'avg_silhouette': 0.4475454752202733, 'num_points': 11}, {'avg_silhouette': 0.7467665997952607, 'num_points': 18}, {'avg_silhouette': 0.7143880050342195, 'num_points': 28}, {'avg_silhouette': 0.6503385004652377, 'num_points': 13}, {'avg_silhouette': 0.6938206382837494, 'num_points': 10}, {'avg_silhouette': 0.429200451201967, 'num_points': 30}, {'avg_silhouette': 0.7088820065125498, 'num_points': 15}, {'avg_silhouette': 0.36315910622269865, 'num_points': 15}]",10.0,28,0.05873600356019802,,3,0.3712260464420733
DBSCAN,,0.10666666666666536,"[{'avg_silhouette': 0.5117112552478097, 'num_points': 12}, {'avg_silhouette': 0.5099394896337426, 'num_points': 1577}, {'avg_silhouette': 0.3290111165964806, 'num_points': 445}, {'avg_silhouette': 0.589531576777311, 'num_points': 209}, {'avg_silhouette': 0.1899306240157345, 'num_points': 327}, {'avg_silhouette': 0.41670038289766054, 'num_points': 58}, {'avg_silhouette': 0.5413053444214319, 'num_points': 28}, {'avg_silhouette': 0.48911318826665173, 'num_points': 14}, {'avg_silhouette': 0.48888036417164354, 'num_points': 282}, {'avg_silhouette': 0.5426213448552297, 'num_points': 9}, {'avg_silhouette': 0.47836318126040306, 'num_points': 11}, {'avg_silhouette': 0.6444708430266479, 'num_points': 7}, {'avg_silhouette': 0.6003504673980498, 'num_points': 8}, {'avg_silhouette': 0.4908054899490675, 'num_points': 6}, {'avg_silhouette': 0.9327952464852903, 'num_points': 6}, {'avg_silhouette': 0.5040089100450259, 'num_points': 6}, {'avg_silhouette': 0.5327009154115949, 'num_points': 9}, {'avg_silhouette': 0.6811045649307704, 'num_points': 38}, {'avg_silhouette': 0.7462566560782437, 'num_points': 5}, {'avg_silhouette': 0.4652972558780939, 'num_points': 63}, {'avg_silhouette': 0.3734502450351544, 'num_points': 11}, {'avg_silhouette': 0.7638116430469202, 'num_points': 16}, {'avg_silhouette': 0.44844799811759406, 'num_points': 10}, {'avg_silhouette': 0.5225255613927654, 'num_points': 68}, {'avg_silhouette': 0.4089995682920422, 'num_points': 6}, {'avg_silhouette': 0.8075766491046923, 'num_points': 6}, {'avg_silhouette': 0.7687361431736792, 'num_points': 11}, {'avg_silhouette': 0.5753842780378347, 'num_points': 8}, {'avg_silhouette': 0.6635812511923391, 'num_points': 17}, {'avg_silhouette': 0.5201783645350706, 'num_points': 5}, {'avg_silhouette': 0.7505874781079267, 'num_points': 13}, {'avg_silhouette': 0.5171211008065112, 'num_points': 28}, {'avg_silhouette': 0.5631827293795741, 'num_points': 5}, {'avg_silhouette': 0.835763298068249, 'num_points': 10}, {'avg_silhouette': 0.6972729611370976, 'num_points': 7}, {'avg_silhouette': 0.714171924457991, 'num_points': 5}, {'avg_silhouette': 0.6157532501122994, 'num_points': 6}, {'avg_silhouette': 0.5530022602671373, 'num_points': 28}, {'avg_silhouette': 0.7774764703485656, 'num_points': 5}, {'avg_silhouette': 0.5875368153568158, 'num_points': 15}, {'avg_silhouette': 0.6455842108534203, 'num_points': 5}, {'avg_silhouette': 0.6824250898425934, 'num_points': 5}, {'avg_silhouette': 0.655648980704992, 'num_points': 8}, {'avg_silhouette': 0.7614582449219475, 'num_points': 9}, {'avg_silhouette': 0.6912566686590994, 'num_points': 9}, {'avg_silhouette': 0.7698614542205336, 'num_points': 17}, {'avg_silhouette': 0.6989168403701422, 'num_points': 9}, {'avg_silhouette': 0.830284514324453, 'num_points': 6}, {'avg_silhouette': 0.7752212527035107, 'num_points': 6}, {'avg_silhouette': 0.38104424959452693, 'num_points': 12}, {'avg_silhouette': 0.6938206382837494, 'num_points': 10}, {'avg_silhouette': 0.5080973362686187, 'num_points': 14}, {'avg_silhouette': 0.5932724475362958, 'num_points': 5}, {'avg_silhouette': 0.6621879207251756, 'num_points': 5}, {'avg_silhouette': 0.9456035356383026, 'num_points': 5}, {'avg_silhouette': 0.33957574554906905, 'num_points': 4}, {'avg_silhouette': 0.4435443626997348, 'num_points': 28}, {'avg_silhouette': 0.6213396420098162, 'num_points': 5}, {'avg_silhouette': 0.43423376361691646, 'num_points': 11}, {'avg_silhouette': 0.7517196978398142, 'num_points': 13}, {'avg_silhouette': 0.524515614472166, 'num_points': 5}, {'avg_silhouette': 0.11979364588155805, 'num_points': 5}, {'avg_silhouette': 0.6847092279547491, 'num_points': 6}, {'avg_silhouette': 0.6965942144524235, 'num_points': 6}, {'avg_silhouette': 0.9403430187302018, 'num_points': 9}, {'avg_silhouette': 0.4393959428314662, 'num_points': 9}, {'avg_silhouette': 0.36461708897533956, 'num_points': 2}, {'avg_silhouette': 0.8193766443356199, 'num_points': 5}, {'avg_silhouette': 0.738320571613999, 'num_points': 6}, {'avg_silhouette': 0.921943124770896, 'num_points': 6}, {'avg_silhouette': 0.8653984669101682, 'num_points': 5}]",5.0,71,0.057228063527963356,,2,0.4194753031151116
DBSCAN,,0.11666666666666536,"[{'avg_silhouette': 0.6717296689446494, 'num_points': 11}, {'avg_silhouette': 0.5143135643290688, 'num_points': 1577}, {'avg_silhouette': 0.40095453083049937, 'num_points': 441}, {'avg_silhouette': 0.5896135055460625, 'num_points': 209}, {'avg_silhouette': 0.23765561686134518, 'num_points': 328}, {'avg_silhouette': 0.6345778356100035, 'num_points': 59}, {'avg_silhouette': 0.5391670228104007, 'num_points': 28}, {'avg_silhouette': 0.4899164418461718, 'num_points': 14}, {'avg_silhouette': 0.6941458942542097, 'num_points': 279}, {'avg_silhouette': 0.6811045649307704, 'num_points': 38}, {'avg_silhouette': 0.5190029769422724, 'num_points': 65}, {'avg_silhouette': 0.9291732694371542, 'num_points': 16}, {'avg_silhouette': 0.5458050966476911, 'num_points': 69}, {'avg_silhouette': 0.8478810910558985, 'num_points': 11}, {'avg_silhouette': 0.6635812511923391, 'num_points': 17}, {'avg_silhouette': 0.7473172845295045, 'num_points': 13}, {'avg_silhouette': 0.5541648046917144, 'num_points': 28}, {'avg_silhouette': 0.599350170557195, 'num_points': 15}, {'avg_silhouette': 0.8357029151285909, 'num_points': 10}, {'avg_silhouette': 0.7695230081522467, 'num_points': 17}, {'avg_silhouette': 0.713843700727644, 'num_points': 28}, {'avg_silhouette': 0.7032790052808581, 'num_points': 11}, {'avg_silhouette': 0.445831832142717, 'num_points': 11}, {'avg_silhouette': 0.4317253258597813, 'num_points': 29}, {'avg_silhouette': 0.7088820065125498, 'num_points': 15}, {'avg_silhouette': 0.4832917745689746, 'num_points': 11}]",10.0,26,0.05311506766390255,,2,0.4576340475797841
DBSCAN,,0.10666666666666536,"[{'avg_silhouette': 0.696027483424764, 'num_points': 10}, {'avg_silhouette': 0.5159078392684157, 'num_points': 1570}, {'avg_silhouette': 0.42297047778961266, 'num_points': 434}, {'avg_silhouette': 0.6019573525567198, 'num_points': 207}, {'avg_silhouette': 0.24642331803414724, 'num_points': 324}, {'avg_silhouette': 0.6540217717886941, 'num_points': 57}, {'avg_silhouette': 0.5523615812450374, 'num_points': 27}, {'avg_silhouette': 0.5230381157675605, 'num_points': 13}, {'avg_silhouette': 0.6961706193346646, 'num_points': 277}, {'avg_silhouette': 0.6811045649307704, 'num_points': 38}, {'avg_silhouette': 0.557972685424567, 'num_points': 61}, {'avg_silhouette': 0.9291732694371542, 'num_points': 16}, {'avg_silhouette': 0.5686162687662011, 'num_points': 67}, {'avg_silhouette': 0.6635812511923391, 'num_points': 17}, {'avg_silhouette': 0.8478810910558985, 'num_points': 11}, {'avg_silhouette': 0.7434868088907337, 'num_points': 13}, {'avg_silhouette': 0.5500591007415425, 'num_points': 28}, {'avg_silhouette': 0.5975474972908488, 'num_points': 15}, {'avg_silhouette': 0.7689824601023066, 'num_points': 17}, {'avg_silhouette': 0.7296821731810246, 'num_points': 27}, {'avg_silhouette': 0.8356404371600844, 'num_points': 10}, {'avg_silhouette': 0.7015824627706189, 'num_points': 11}, {'avg_silhouette': 0.4655185905824307, 'num_points': 10}, {'avg_silhouette': 0.7094931916332223, 'num_points': 28}, {'avg_silhouette': 0.7514739826995144, 'num_points': 13}]",10.0,25,0.0502568873692294,,2,0.4694391585290142
DBSCAN,,0.08666666666666534,"[{'avg_silhouette': 0.6497357777027399, 'num_points': 12}, {'avg_silhouette': 0.5135701720036221, 'num_points': 1562}, {'avg_silhouette': 0.41321427761032453, 'num_points': 423}, {'avg_silhouette': 0.640376835709454, 'num_points': 200}, {'avg_silhouette': 0.2305209116114281, 'num_points': 314}, {'avg_silhouette': 0.48256230468712835, 'num_points': 52}, {'avg_silhouette': 0.5723785701634235, 'num_points': 25}, {'avg_silhouette': 0.6056282335253566, 'num_points': 11}, {'avg_silhouette': 0.8003377628358087, 'num_points': 8}, {'avg_silhouette': 0.645991199984098, 'num_points': 7}, {'avg_silhouette': 0.6849576901944808, 'num_points': 7}, {'avg_silhouette': 0.9639459405001356, 'num_points': 5}, {'avg_silhouette': 0.7084757473564254, 'num_points': 37}, {'avg_silhouette': 0.5636754084206206, 'num_points': 270}, {'avg_silhouette': 0.7497319905674324, 'num_points': 5}, {'avg_silhouette': 0.5029429863268045, 'num_points': 59}, {'avg_silhouette': 0.9371563009562216, 'num_points': 15}, {'avg_silhouette': 0.5540117074868895, 'num_points': 66}, {'avg_silhouette': 0.6840609509915317, 'num_points': 6}, {'avg_silhouette': 0.6608429700142985, 'num_points': 17}, {'avg_silhouette': 0.7049527025664882, 'num_points': 5}, {'avg_silhouette': 0.8256072386124684, 'num_points': 9}, {'avg_silhouette': 0.6925921209344195, 'num_points': 7}, {'avg_silhouette': 0.7131110236971948, 'num_points': 5}, {'avg_silhouette': 0.6097714957318313, 'num_points': 6}, {'avg_silhouette': 0.781475167591111, 'num_points': 12}, {'avg_silhouette': 0.5660354210260762, 'num_points': 27}, {'avg_silhouette': 0.7770206953092608, 'num_points': 5}, {'avg_silhouette': 0.6220636434182003, 'num_points': 14}, {'avg_silhouette': 0.8475854770767084, 'num_points': 9}, {'avg_silhouette': 0.6794925987740749, 'num_points': 5}, {'avg_silhouette': 0.6463326182993812, 'num_points': 8}, {'avg_silhouette': 0.5681046068070414, 'num_points': 8}, {'avg_silhouette': 0.8460564608407776, 'num_points': 14}, {'avg_silhouette': 0.7965943533332821, 'num_points': 6}, {'avg_silhouette': 0.7729317582157039, 'num_points': 7}, {'avg_silhouette': 0.5971848773095373, 'num_points': 25}, {'avg_silhouette': 0.7596828762967801, 'num_points': 9}, {'avg_silhouette': 0.9143403851564693, 'num_points': 5}, {'avg_silhouette': 0.7357720825606531, 'num_points': 9}, {'avg_silhouette': 0.6693396062129915, 'num_points': 5}, {'avg_silhouette': 0.6201357970038693, 'num_points': 5}, {'avg_silhouette': 0.6218398723488086, 'num_points': 8}, {'avg_silhouette': 0.8211449387330865, 'num_points': 7}, {'avg_silhouette': 0.6437136062553963, 'num_points': 5}, {'avg_silhouette': 0.5838299066366307, 'num_points': 5}, {'avg_silhouette': 0.9455113608803446, 'num_points': 5}, {'avg_silhouette': 0.4529530418984287, 'num_points': 25}, {'avg_silhouette': 0.791471795657941, 'num_points': 12}, {'avg_silhouette': 0.5127790943890861, 'num_points': 5}, {'avg_silhouette': 0.5714210171863888, 'num_points': 8}, {'avg_silhouette': 0.6807389264328446, 'num_points': 6}, {'avg_silhouette': 0.9402811574071516, 'num_points': 9}, {'avg_silhouette': 0.5946983927148505, 'num_points': 6}, {'avg_silhouette': 0.9234104646159529, 'num_points': 6}, {'avg_silhouette': 0.7598067382760192, 'num_points': 5}]",5.0,56,0.048978853934766,,2,0.4633922248069733
HDBSCAN,,,"[{'avg_silhouette': 0.631047480148123, 'num_points': 279}, {'avg_silhouette': 0.6033598167565174, 'num_points': 315}, {'avg_silhouette': 0.5952777180372373, 'num_points': 389}, {'avg_silhouette': 0.49587682855410653, 'num_points': 1798}]",,4,0.046402266301736286,162.0,2,0.5455772732956718
HDBSCAN,,,"[{'avg_silhouette': 0.634397608565565, 'num_points': 278}, {'avg_silhouette': 0.6026732555633534, 'num_points': 315}, {'avg_silhouette': 0.6013800175202467, 'num_points': 385}, {'avg_silhouette': 0.4983564888023146, 'num_points': 1788}]",,4,0.04503994625258348,180.0,2,0.5498682531612806
HDBSCAN,,,"[{'avg_silhouette': 0.6343580310026249, 'num_points': 278}, {'avg_silhouette': 0.6026732555633534, 'num_points': 315}, {'avg_silhouette': 0.6006568306619584, 'num_points': 385}, {'avg_silhouette': 0.5035973331622592, 'num_points': 1775}]",,4,0.04423930791236991,198.0,2,0.5521270819121088
DBSCAN,,0.09666666666666535,"[{'avg_silhouette': 0.5090361942682143, 'num_points': 12}, {'avg_silhouette': 0.510439415350293, 'num_points': 1571}, {'avg_silhouette': 0.3423474220955749, 'num_points': 431}, {'avg_silhouette': 0.6240782210609781, 'num_points': 203}, {'avg_silhouette': 0.16896743058434988, 'num_points': 323}, {'avg_silhouette': 0.469859501462172, 'num_points': 53}, {'avg_silhouette': 0.544075900448461, 'num_points': 27}, {'avg_silhouette': 0.4856719329542457, 'num_points': 14}, {'avg_silhouette': 0.5340843401495029, 'num_points': 276}, {'avg_silhouette': 0.8003377628358087, 'num_points': 8}, {'avg_silhouette': 0.47836318126040306, 'num_points': 11}, {'avg_silhouette': 0.6849576901944808, 'num_points': 7}, {'avg_silhouette': 0.9327369886330487, 'num_points': 6}, {'avg_silhouette': 0.5313044394517041, 'num_points': 9}, {'avg_silhouette': 0.6811045649307704, 'num_points': 38}, {'avg_silhouette': 0.7348420297556316, 'num_points': 5}, {'avg_silhouette': 0.4652972558780939, 'num_points': 63}, {'avg_silhouette': 0.46283497333454077, 'num_points': 8}, {'avg_silhouette': 0.9283297320604492, 'num_points': 16}, {'avg_silhouette': 0.6207755206227458, 'num_points': 6}, {'avg_silhouette': 0.5355482898129827, 'num_points': 67}, {'avg_silhouette': 0.44390789298447936, 'num_points': 5}, {'avg_silhouette': 0.7608198507485259, 'num_points': 11}, {'avg_silhouette': 0.5722960816917917, 'num_points': 8}, {'avg_silhouette': 0.6846596223685134, 'num_points': 6}, {'avg_silhouette': 0.6635812511923391, 'num_points': 17}, {'avg_silhouette': 0.7041392200714955, 'num_points': 5}, {'avg_silhouette': 0.5604310384559298, 'num_points': 5}, {'avg_silhouette': 0.5442415030823253, 'num_points': 27}, {'avg_silhouette': 0.6201357970038693, 'num_points': 5}, {'avg_silhouette': 0.6938706761373016, 'num_points': 7}, {'avg_silhouette': 0.7137537280434252, 'num_points': 5}, {'avg_silhouette': 0.6157532501122994, 'num_points': 6}, {'avg_silhouette': 0.7505874781079267, 'num_points': 13}, {'avg_silhouette': 0.5696644136490621, 'num_points': 27}, {'avg_silhouette': 0.7772966980248628, 'num_points': 5}, {'avg_silhouette': 0.6222110682389564, 'num_points': 14}, {'avg_silhouette': 0.6437136062553963, 'num_points': 5}, {'avg_silhouette': 0.8357044787159905, 'num_points': 10}, {'avg_silhouette': 0.6808822357217283, 'num_points': 5}, {'avg_silhouette': 0.6517938858768944, 'num_points': 8}, {'avg_silhouette': 0.7614582449219475, 'num_points': 9}, {'avg_silhouette': 0.8213041973486614, 'num_points': 15}, {'avg_silhouette': 0.7566639194759004, 'num_points': 7}, {'avg_silhouette': 0.7444615800781224, 'num_points': 8}, {'avg_silhouette': 0.7752212527035107, 'num_points': 6}, {'avg_silhouette': 0.8265422306932958, 'num_points': 6}, {'avg_silhouette': 0.40506549980623974, 'num_points': 11}, {'avg_silhouette': 0.6676093332794497, 'num_points': 5}, {'avg_silhouette': 0.8229862865069654, 'num_points': 7}, {'avg_silhouette': 0.5838299066366307, 'num_points': 5}, {'avg_silhouette': 0.8339426467714599, 'num_points': 5}, {'avg_silhouette': 0.9455113608803446, 'num_points': 5}, {'avg_silhouette': 0.4372662927427893, 'num_points': 27}, {'avg_silhouette': 0.6115987335696014, 'num_points': 5}, {'avg_silhouette': 0.5740195202886738, 'num_points': 8}, {'avg_silhouette': 0.7917451969170041, 'num_points': 12}, {'avg_silhouette': 0.5122414611684989, 'num_points': 5}, {'avg_silhouette': 0.6923391274246857, 'num_points': 5}, {'avg_silhouette': 0.6862242290352661, 'num_points': 6}, {'avg_silhouette': 0.9402985038619125, 'num_points': 9}, {'avg_silhouette': 0.5361053421043283, 'num_points': 7}, {'avg_silhouette': 0.8192088034350243, 'num_points': 5}, {'avg_silhouette': 0.738320571613999, 'num_points': 6}, {'avg_silhouette': 0.9234290025753099, 'num_points': 6}, {'avg_silhouette': 0.8652711921345109, 'num_points': 5}]",5.0,66,0.04362016465272224,,2,0.42639341872293396
DBSCAN,,0.09666666666666535,"[{'avg_silhouette': 0.5109249798340477, 'num_points': 1568}, {'avg_silhouette': 0.44276035014211257, 'num_points': 426}, {'avg_silhouette': 0.6351168437074427, 'num_points': 201}, {'avg_silhouette': 0.26137672911044496, 'num_points': 316}, {'avg_silhouette': 0.6920321074470063, 'num_points': 52}, {'avg_silhouette': 0.5630577568364677, 'num_points': 26}, {'avg_silhouette': 0.5525560280711866, 'num_points': 12}, {'avg_silhouette': 0.7084757473564254, 'num_points': 37}, {'avg_silhouette': 0.7060303973394744, 'num_points': 272}, {'avg_silhouette': 0.5699562966787884, 'num_points': 60}, {'avg_silhouette': 0.9291714943549538, 'num_points': 16}, {'avg_silhouette': 0.6472901617860065, 'num_points': 66}, {'avg_silhouette': 0.6608429700142985, 'num_points': 17}, {'avg_silhouette': 0.7434868088907337, 'num_points': 13}, {'avg_silhouette': 0.5651979990748033, 'num_points': 27}, {'avg_silhouette': 0.6266988127451835, 'num_points': 14}, {'avg_silhouette': 0.8473551302748304, 'num_points': 11}, {'avg_silhouette': 0.8205943474067551, 'num_points': 15}, {'avg_silhouette': 0.7484703287079149, 'num_points': 26}, {'avg_silhouette': 0.7187185828823262, 'num_points': 10}, {'avg_silhouette': 0.696027483424764, 'num_points': 10}, {'avg_silhouette': 0.7227257644817917, 'num_points': 26}, {'avg_silhouette': 0.7915736887733305, 'num_points': 12}]",10.0,23,0.04323354860808664,,2,0.47684266498808014
HDBSCAN,,,"[{'avg_silhouette': 0.6414768439304088, 'num_points': 275}, {'avg_silhouette': 0.602098716235306, 'num_points': 315}, {'avg_silhouette': 0.6042837803909537, 'num_points': 382}, {'avg_silhouette': 0.5072897930730443, 'num_points': 1762}]",,4,0.04247722407426852,215.0,2,0.555786786731999
HDBSCAN,,,"[{'avg_silhouette': 0.6575708844306216, 'num_points': 268}, {'avg_silhouette': 0.6038769945205594, 'num_points': 314}, {'avg_silhouette': 0.6112436265103317, 'num_points': 377}, {'avg_silhouette': 0.5136626298335936, 'num_points': 1739}]",,4,0.03888171221190548,232.0,2,0.5624531281719627
DBSCAN,,0.08666666666666534,"[{'avg_silhouette': 0.5213849059547535, 'num_points': 1550}, {'avg_silhouette': 0.46378545084200173, 'num_points': 415}, {'avg_silhouette': 0.6538988710840492, 'num_points': 197}, {'avg_silhouette': 0.276373743544529, 'num_points': 305}, {'avg_silhouette': 0.7515135324661012, 'num_points': 51}, {'avg_silhouette': 0.5676808812471095, 'num_points': 25}, {'avg_silhouette': 0.6496669825106343, 'num_points': 10}, {'avg_silhouette': 0.719723655154975, 'num_points': 36}, {'avg_silhouette': 0.7310268969098068, 'num_points': 263}, {'avg_silhouette': 0.6008920208932598, 'num_points': 56}, {'avg_silhouette': 0.9378788788426653, 'num_points': 15}, {'avg_silhouette': 0.6470245547836517, 'num_points': 66}, {'avg_silhouette': 0.681809081999621, 'num_points': 16}, {'avg_silhouette': 0.5629383324098345, 'num_points': 27}, {'avg_silhouette': 0.6247588361287191, 'num_points': 14}, {'avg_silhouette': 0.8449025862290817, 'num_points': 14}, {'avg_silhouette': 0.8905941130528895, 'num_points': 12}, {'avg_silhouette': 0.8021356719709949, 'num_points': 21}, {'avg_silhouette': 0.784257588184174, 'num_points': 18}, {'avg_silhouette': 0.791316340201416, 'num_points': 12}]",10.0,20,0.03727671296655439,,2,0.4925851783983776
HDBSCAN,,,"[{'avg_silhouette': 0.6053650864241027, 'num_points': 313}, {'avg_silhouette': 0.6198831348732782, 'num_points': 371}, {'avg_silhouette': 0.5140338516941628, 'num_points': 1731}]",,3,0.002299341184205368,248.0,2,0.5669584932837205
HDBSCAN,,,"[{'avg_silhouette': 0.6212164560355796, 'num_points': 306}, {'avg_silhouette': 0.6254677245609821, 'num_points': 367}, {'avg_silhouette': 0.5163041261119691, 'num_points': 1721}]",,3,0.0002746113236051555,264.0,2,0.5708859253364755
HDBSCAN,,,"[{'avg_silhouette': 0.6328202276043268, 'num_points': 301}, {'avg_silhouette': 0.6273600985149935, 'num_points': 365}, {'avg_silhouette': 0.5212642897263041, 'num_points': 1706}]",,3,-0.001696184169776489,279.0,2,0.5743121941206488
HDBSCAN,,,"[{'avg_silhouette': 0.6461748933526948, 'num_points': 295}, {'avg_silhouette': 0.6298272490450129, 'num_points': 363}, {'avg_silhouette': 0.5232371657662086, 'num_points': 1699}]",,3,-0.0031711450672406564,294.0,2,0.5765322074056107
HDBSCAN,,,"[{'avg_silhouette': 0.5563108990746684, 'num_points': 76}, {'avg_silhouette': 0.4004943585422827, 'num_points': 49}, {'avg_silhouette': 0.5149749747579059, 'num_points': 54}, {'avg_silhouette': 0.46748748425446324, 'num_points': 133}, {'avg_silhouette': 0.270074781484745, 'num_points': 172}, {'avg_silhouette': 0.4877718692671458, 'num_points': 140}, {'avg_silhouette': 0.6113464029712913, 'num_points': 284}, {'avg_silhouette': 0.5219397562330461, 'num_points': 62}, {'avg_silhouette': 0.582082064324296, 'num_points': 326}, {'avg_silhouette': 0.4595160680682145, 'num_points': 430}, {'avg_silhouette': 0.6255386514882407, 'num_points': 66}, {'avg_silhouette': 0.5820068577946348, 'num_points': 88}, {'avg_silhouette': 0.6290484804524812, 'num_points': 99}, {'avg_silhouette': 0.42123635215680444, 'num_points': 177}, {'avg_silhouette': 0.6315619271299179, 'num_points': 120}, {'avg_silhouette': 0.4044226378338777, 'num_points': 381}, {'avg_silhouette': 0.5773801237776629, 'num_points': 277}, {'avg_silhouette': 0.5826448802967834, 'num_points': 45}]",,18,-0.008754545517132489,42.0,2,0.4319693529510461
HDBSCAN,,,"[{'avg_silhouette': 0.5557186681271498, 'num_points': 76}, {'avg_silhouette': 0.47533775768112735, 'num_points': 130}, {'avg_silhouette': 0.32685770171823963, 'num_points': 152}, {'avg_silhouette': 0.5411980799481034, 'num_points': 128}, {'avg_silhouette': 0.6611487532619791, 'num_points': 266}, {'avg_silhouette': 0.5918487206958386, 'num_points': 322}, {'avg_silhouette': 0.4916452227203925, 'num_points': 422}, {'avg_silhouette': 0.6413487990139759, 'num_points': 64}, {'avg_silhouette': 0.25380090346796486, 'num_points': 278}, {'avg_silhouette': 0.4486171574881264, 'num_points': 174}, {'avg_silhouette': 0.7052136441000783, 'num_points': 99}, {'avg_silhouette': 0.4532072576922486, 'num_points': 369}, {'avg_silhouette': 0.5462955777046754, 'num_points': 335}]",,13,-0.0217118034776112,63.0,2,0.47242624020632057
HDBSCAN,,,"[{'avg_silhouette': 0.6310234353214215, 'num_points': 362}, {'avg_silhouette': 0.5257325928001032, 'num_points': 1692}]",,2,-0.04348342652752071,308.0,2,0.5783780140607624
HDBSCAN,,,"[{'avg_silhouette': 0.5292519809146707, 'num_points': 1683}, {'avg_silhouette': 0.6324386276570139, 'num_points': 361}]",,2,-0.04424086279680191,322.0,2,0.5808453042858424
HDBSCAN,,,"[{'avg_silhouette': 0.5310038091701139, 'num_points': 1679}, {'avg_silhouette': 0.6351867209418769, 'num_points': 358}]",,2,-0.04502006210414606,335.0,2,0.5830952650559954
HDBSCAN,,,"[{'avg_silhouette': 0.5029050689764282, 'num_points': 124}, {'avg_silhouette': 0.38710978732230783, 'num_points': 133}, {'avg_silhouette': 0.5555214535886503, 'num_points': 123}, {'avg_silhouette': 0.6474988311979181, 'num_points': 271}, {'avg_silhouette': 0.5913734303060453, 'num_points': 321}, {'avg_silhouette': 0.52497275118782, 'num_points': 407}, {'avg_silhouette': 0.25867437378626, 'num_points': 274}, {'avg_silhouette': 0.45793872886580783, 'num_points': 171}, {'avg_silhouette': 0.7501484436616844, 'num_points': 88}, {'avg_silhouette': 0.6029658679908217, 'num_points': 306}, {'avg_silhouette': 0.5025074446245082, 'num_points': 342}]",,11,-0.05353810985534802,84.0,2,0.5137400979061642
HDBSCAN,,,"[{'avg_silhouette': 0.5375674230595531, 'num_points': 77}, {'avg_silhouette': 0.5506218949892784, 'num_points': 26}, {'avg_silhouette': 0.34979057793059404, 'num_points': 52}, {'avg_silhouette': 0.3566184137598056, 'num_points': 47}, {'avg_silhouette': 0.42062069786666006, 'num_points': 63}, {'avg_silhouette': 0.46712542678144103, 'num_points': 24}, {'avg_silhouette': 0.522905319801623, 'num_points': 22}, {'avg_silhouette': 0.42419205757818085, 'num_points': 25}, {'avg_silhouette': 0.5806590467811695, 'num_points': 62}, {'avg_silhouette': 0.4066801512765569, 'num_points': 41}, {'avg_silhouette': 0.33228772877210955, 'num_points': 60}, {'avg_silhouette': 0.2813055666729789, 'num_points': 81}, {'avg_silhouette': 0.23093875524569876, 'num_points': 190}, {'avg_silhouette': 0.47235915323557964, 'num_points': 35}, {'avg_silhouette': 0.5500918170623114, 'num_points': 41}, {'avg_silhouette': 0.6236278016132959, 'num_points': 252}, {'avg_silhouette': 0.360719608302729, 'num_points': 28}, {'avg_silhouette': 0.4371833105937957, 'num_points': 75}, {'avg_silhouette': 0.47429124133786155, 'num_points': 71}, {'avg_silhouette': 0.5501569689032396, 'num_points': 29}, {'avg_silhouette': 0.37947729932571617, 'num_points': 446}, {'avg_silhouette': 0.53279818549429, 'num_points': 28}, {'avg_silhouette': 0.5712973745073279, 'num_points': 65}, {'avg_silhouette': 0.5466249628020804, 'num_points': 49}, {'avg_silhouette': 0.5687339024269558, 'num_points': 71}, {'avg_silhouette': 0.5701170853300176, 'num_points': 108}, {'avg_silhouette': 0.44835403850080274, 'num_points': 69}, {'avg_silhouette': 0.5070534460490719, 'num_points': 25}, {'avg_silhouette': 0.46966041833699795, 'num_points': 57}, {'avg_silhouette': 0.5460707605761823, 'num_points': 37}, {'avg_silhouette': 0.41526483761725475, 'num_points': 37}, {'avg_silhouette': 0.6974099270929608, 'num_points': 20}, {'avg_silhouette': 0.7675847639767607, 'num_points': 28}, {'avg_silhouette': 0.22941552788690245, 'num_points': 75}, {'avg_silhouette': 0.372447733141632, 'num_points': 56}, {'avg_silhouette': 0.7814520863319082, 'num_points': 24}, {'avg_silhouette': 0.7435741589143385, 'num_points': 41}, {'avg_silhouette': 0.6426085489518112, 'num_points': 43}, {'avg_silhouette': 0.6431768407012822, 'num_points': 36}, {'avg_silhouette': 0.6453235016743601, 'num_points': 40}, {'avg_silhouette': 0.9999984397210667, 'num_points': 20}, {'avg_silhouette': 0.8797387932014933, 'num_points': 149}, {'avg_silhouette': 0.9999983035893475, 'num_points': 24}, {'avg_silhouette': 1.0, 'num_points': 129}, {'avg_silhouette': 0.9999983035893474, 'num_points': 20}]",,45,-0.06400298017169767,20.0,1,
HDBSCAN,,,"[{'avg_silhouette': 0.5139586385376236, 'num_points': 121}, {'avg_silhouette': 0.40826290006670707, 'num_points': 123}, {'avg_silhouette': 0.5763598707690428, 'num_points': 119}, {'avg_silhouette': 0.6205404326638883, 'num_points': 280}, {'avg_silhouette': 0.5934827048554956, 'num_points': 320}, {'avg_silhouette': 0.535157326060888, 'num_points': 402}, {'avg_silhouette': 0.2803017839240774, 'num_points': 266}, {'avg_silhouette': 0.5051671038057275, 'num_points': 161}, {'avg_silhouette': 0.6039686490689841, 'num_points': 300}, {'avg_silhouette': 0.5883776756901451, 'num_points': 301}]",,10,-0.08038510981907365,104.0,1,
HDBSCAN,,,"[{'avg_silhouette': 0.6293709438024869, 'num_points': 279}, {'avg_silhouette': 0.6020038368504746, 'num_points': 316}, {'avg_silhouette': 0.549326984668051, 'num_points': 395}, {'avg_silhouette': 0.2939776882165666, 'num_points': 248}, {'avg_silhouette': 0.5393887613253333, 'num_points': 152}, {'avg_silhouette': 0.6069247727324912, 'num_points': 298}, {'avg_silhouette': 0.6007602278741694, 'num_points': 297}]",,7,-0.10664581409774943,124.0,1,
HDBSCAN,,,"[{'avg_silhouette': 0.6292662606526009, 'num_points': 279}, {'avg_silhouette': 0.6038091189085389, 'num_points': 315}, {'avg_silhouette': 0.5568327101365653, 'num_points': 391}, {'avg_silhouette': 0.5630228697790218, 'num_points': 144}, {'avg_silhouette': 0.606640075017607, 'num_points': 298}, {'avg_silhouette': 0.603083991318121, 'num_points': 296}]",,6,-0.1391924991357215,143.0,1,
